run_id,manifest,space,metric,variant,value,ci_lo,ci_hi,n,d,boot,null_gauss
in100.dino-ctrl.ep50.ext,in100.train500.v1,student.h.cls,uniformity,raw|full,-3.0625192550254363,-3.0690759990886276,-3.0498532153440805,50000,384,cheap,-3.068446427412457
in100.dino-ctrl.ep50.ext,in100.train500.v1,student.h.cls,uniformity,raw|pca64,-3.747779078803423,-3.750325121555346,-3.7439477703100597,50000,64,cheap,-3.793420704917527
in100.dino-ctrl.ep50.ext,in100.train500.v1,student.h.cls,variance_floor.hinge,raw|full,0.07919115767632108,0.07894443890196136,0.07946475944332754,50000,384,cheap,
in100.dino-ctrl.ep50.ext,in100.train500.v1,student.h.cls,variance_floor.frac_below_half_mean,raw|full,0.0,0.0,0.0,50000,384,cheap,
in100.dino-ctrl.ep50.ext,in100.train500.v1,student.h.cls,variance_floor.frac_below_tenth_mean,raw|full,0.0,0.0,0.0,50000,384,cheap,
in100.dino-ctrl.ep50.ext,in100.train500.v1,student.h.cls,variance_floor.min_over_mean_std,raw|full,0.5399808633671102,0.5368200690834433,0.5431611568414895,50000,384,cheap,
in100.dino-ctrl.ep50.ext,in100.train500.v1,student.h.cls,offdiag_redundancy.offdiag_msq,raw|full,0.01546313690706753,0.01549980685519086,0.01565028783690123,50000,384,spectral,
in100.dino-ctrl.ep50.ext,in100.train500.v1,student.h.cls,offdiag_redundancy.mean_abs_corr,raw|full,0.097553443791818,0.09763808691305614,0.09816791487107057,50000,384,spectral,
in100.dino-ctrl.ep50.ext,in100.train500.v1,student.h.cls,collapse_margin.trace_cov,raw|full,380.6741421311556,,,50000,384,none,
in100.dino-ctrl.ep50.ext,in100.train500.v1,student.h.cls,collapse_margin.min_std,raw|full,0.5277377709434846,,,50000,384,none,
in100.dino-ctrl.ep50.ext,in100.train500.v1,student.h.cls,collapse_margin.nn_dist_p5,raw|full,12.95649055603653,,,50000,384,none,
in100.dino-ctrl.ep50.ext,in100.train500.v1,student.h.cls,rankme,raw|full,199.31977828668659,198.0427831743564,198.5535613737334,50000,384,spectral,199.17424002206943
in100.dino-ctrl.ep50.ext,in100.train500.v1,student.h.cls,rankme,l2|full,199.31787075173747,198.04055614616743,198.55302216931608,50000,384,spectral,199.1689054986176
in100.dino-ctrl.ep50.ext,in100.train500.v1,student.h.cls,effective_rank,raw|full,80.43976760187343,79.66148069392658,80.211919178726,50000,384,spectral,80.41635209271197
in100.dino-ctrl.ep50.ext,in100.train500.v1,student.h.cls,effective_rank,l2|full,80.40083139627384,79.6247649661835,80.17231560835019,50000,384,spectral,80.37747485569072
in100.dino-ctrl.ep50.ext,in100.train500.v1,student.h.cls,participation_ratio,raw|full,48.198620874317626,47.54104485332851,48.21686989476955,50000,384,spectral,
in100.dino-ctrl.ep50.ext,in100.train500.v1,student.h.cls,participation_ratio,l2|full,48.11993952343737,47.46673976241724,48.136160913573256,50000,384,spectral,
in100.dino-ctrl.ep50.ext,in100.train500.v1,student.h.cls,alpha,raw|full,1.5615147440192183,1.5643985896764556,1.5693199022209856,50000,384,spectral,
in100.dino-ctrl.ep50.ext,in100.train500.v1,student.h.cls,alpha,l2|full,1.5612177865442134,1.5640945028078763,1.5690214353018341,50000,384,spectral,
in100.dino-ctrl.ep50.ext,in100.train500.v1,student.h.cls,epps_pulley,raw|full,212.58753967285156,36.655156993865965,47.5335991859436,50000,384,spectral,191.16668701171875
in100.dino-ctrl.ep50.ext,in100.train500.v1,student.h.cls,epps_pulley,l2|full,212.21954345703125,36.56096477508545,47.44796915054321,50000,384,spectral,192.2093963623047
in100.dino-ctrl.ep50.ext,in100.train500.v1,student.h.cls,epps_pulley,raw|pca64,11.728700637817383,2.5094720363616942,3.296322816610336,50000,64,spectral,0.5946459770202637
in100.dino-ctrl.ep50.ext,in100.train500.v1,student.h.cls,kurt_topeig.mean,raw|full,-0.3800142745495446,-0.4194400613514195,-0.3454713885968435,50000,384,spectral,0.0011484176004430413
in100.dino-ctrl.ep50.ext,in100.train500.v1,student.h.cls,kurt_topeig.worst,raw|full,0.8211551455814181,0.7831355990093607,0.8552397550780025,50000,384,spectral,0.05412707028370756
in100.dino-ctrl.ep50.ext,in100.train500.v1,student.h.cls,kurt_slices_mean_abs,raw|full,0.11854376258915737,0.11324433915254808,0.13139451895091886,50000,384,spectral,0.017597108624238095
in100.dino-ctrl.ep50.ext,in100.train500.v1,student.h.cls.L03,uniformity,raw|full,-0.5464328904848342,-0.5517840269501281,-0.5321275769104474,50000,384,cheap,-0.5415811092653158
in100.dino-ctrl.ep50.ext,in100.train500.v1,student.h.cls.L03,uniformity,raw|pca64,-3.3147247668826254,-3.325391945360114,-3.3106031099575706,50000,64,cheap,-3.4110916867729637
in100.dino-ctrl.ep50.ext,in100.train500.v1,student.h.cls.L03,variance_floor.hinge,raw|full,0.6051617255694913,0.6042588376336346,0.6058524867160122,50000,384,cheap,
in100.dino-ctrl.ep50.ext,in100.train500.v1,student.h.cls.L03,variance_floor.frac_below_half_mean,raw|full,0.0,0.0,0.0,50000,384,cheap,
in100.dino-ctrl.ep50.ext,in100.train500.v1,student.h.cls.L03,variance_floor.frac_below_tenth_mean,raw|full,0.0,0.0,0.0,50000,384,cheap,
in100.dino-ctrl.ep50.ext,in100.train500.v1,student.h.cls.L03,variance_floor.min_over_mean_std,raw|full,0.5473263259805268,0.5429739121039994,0.5515167434593099,50000,384,cheap,
in100.dino-ctrl.ep50.ext,in100.train500.v1,student.h.cls.L03,offdiag_redundancy.offdiag_msq,raw|full,0.056891076392046325,0.05669824048834116,0.057483934890125356,50000,384,spectral,
in100.dino-ctrl.ep50.ext,in100.train500.v1,student.h.cls.L03,offdiag_redundancy.mean_abs_corr,raw|full,0.19289033921020537,0.19256684446809685,0.19393134077629096,50000,384,spectral,
in100.dino-ctrl.ep50.ext,in100.train500.v1,student.h.cls.L03,collapse_margin.trace_cov,raw|full,68.37026404157027,,,50000,384,none,
in100.dino-ctrl.ep50.ext,in100.train500.v1,student.h.cls.L03,collapse_margin.min_std,raw|full,0.21779870880442898,,,50000,384,none,
in100.dino-ctrl.ep50.ext,in100.train500.v1,student.h.cls.L03,collapse_margin.nn_dist_p5,raw|full,4.005091018036154,,,50000,384,none,
in100.dino-ctrl.ep50.ext,in100.train500.v1,student.h.cls.L03,rankme,raw|full,74.09305605989823,73.40718489421282,73.86018195607514,50000,384,spectral,73.99397210627717
in100.dino-ctrl.ep50.ext,in100.train500.v1,student.h.cls.L03,rankme,l2|full,74.09504864367509,73.410543776166,73.86344282942994,50000,384,spectral,73.99273180799794
in100.dino-ctrl.ep50.ext,in100.train500.v1,student.h.cls.L03,effective_rank,raw|full,22.52521352831642,22.29367964378336,22.59598418974336,50000,384,spectral,22.54273762598656
in100.dino-ctrl.ep50.ext,in100.train500.v1,student.h.cls.L03,effective_rank,l2|full,22.532622041122774,22.301080848228104,22.60312228828654,50000,384,spectral,22.550099196197436
in100.dino-ctrl.ep50.ext,in100.train500.v1,student.h.cls.L03,participation_ratio,raw|full,11.66484370726094,11.522002355353264,11.76425714972647,50000,384,spectral,
in100.dino-ctrl.ep50.ext,in100.train500.v1,student.h.cls.L03,participation_ratio,l2|full,11.671450748202295,11.528739619420133,11.771686648332148,50000,384,spectral,
in100.dino-ctrl.ep50.ext,in100.train500.v1,student.h.cls.L03,alpha,raw|full,1.9472473054934127,1.9512423301606665,1.9562061942184852,50000,384,spectral,
in100.dino-ctrl.ep50.ext,in100.train500.v1,student.h.cls.L03,alpha,l2|full,1.9471301101695773,1.951113917231203,1.9560870324008943,50000,384,spectral,
in100.dino-ctrl.ep50.ext,in100.train500.v1,student.h.cls.L03,epps_pulley,raw|full,802.4691772460938,146.2186435699463,177.49176177978515,50000,384,spectral,637.1761474609375
in100.dino-ctrl.ep50.ext,in100.train500.v1,student.h.cls.L03,epps_pulley,l2|full,802.3487548828125,146.14144020080568,177.6558883666992,50000,384,spectral,636.3968505859375
in100.dino-ctrl.ep50.ext,in100.train500.v1,student.h.cls.L03,epps_pulley,raw|pca64,65.12002563476562,12.659705662727356,14.708109545707702,50000,64,spectral,0.5791102647781372
in100.dino-ctrl.ep50.ext,in100.train500.v1,student.h.cls.L03,kurt_topeig.mean,raw|full,0.5057818019979364,0.41862652523577665,0.5319464953571108,50000,384,spectral,0.00021844363326986027
in100.dino-ctrl.ep50.ext,in100.train500.v1,student.h.cls.L03,kurt_topeig.worst,raw|full,1.3064225494783734,1.044136993929771,1.9404896601320705,50000,384,spectral,0.03600719477746006
in100.dino-ctrl.ep50.ext,in100.train500.v1,student.h.cls.L03,kurt_slices_mean_abs,raw|full,0.5212154706685179,0.4714544153124789,0.5657041542329792,50000,384,spectral,0.016673343324442702
in100.dino-ctrl.ep50.ext,in100.train500.v1,student.h.cls.L06,uniformity,raw|full,-1.3099496386868958,-1.3195766758623648,-1.2993362703842286,50000,384,cheap,-1.3098340262303418
in100.dino-ctrl.ep50.ext,in100.train500.v1,student.h.cls.L06,uniformity,raw|pca64,-3.615307747308268,-3.6195372708641673,-3.609462320794141,50000,64,cheap,-3.6713037748770647
in100.dino-ctrl.ep50.ext,in100.train500.v1,student.h.cls.L06,variance_floor.hinge,raw|full,0.38704357098542125,0.38636567758449264,0.38773102615030336,50000,384,cheap,
in100.dino-ctrl.ep50.ext,in100.train500.v1,student.h.cls.L06,variance_floor.frac_below_half_mean,raw|full,0.0,0.0,0.0,50000,384,cheap,
in100.dino-ctrl.ep50.ext,in100.train500.v1,student.h.cls.L06,variance_floor.frac_below_tenth_mean,raw|full,0.0,0.0,0.0,50000,384,cheap,
in100.dino-ctrl.ep50.ext,in100.train500.v1,student.h.cls.L06,variance_floor.min_over_mean_std,raw|full,0.6550768850339674,0.6508573245034512,0.659676103564241,50000,384,cheap,
in100.dino-ctrl.ep50.ext,in100.train500.v1,student.h.cls.L06,offdiag_redundancy.offdiag_msq,raw|full,0.024968178219251205,0.024906133637891847,0.025210165428269826,50000,384,spectral,
in100.dino-ctrl.ep50.ext,in100.train500.v1,student.h.cls.L06,offdiag_redundancy.mean_abs_corr,raw|full,0.1251839961657177,0.12504817547999122,0.1258452061126485,50000,384,spectral,
in100.dino-ctrl.ep50.ext,in100.train500.v1,student.h.cls.L06,collapse_margin.trace_cov,raw|full,161.55137051258248,,,50000,384,none,
in100.dino-ctrl.ep50.ext,in100.train500.v1,student.h.cls.L06,collapse_margin.min_std,raw|full,0.4096092354943772,,,50000,384,none,
in100.dino-ctrl.ep50.ext,in100.train500.v1,student.h.cls.L06,collapse_margin.nn_dist_p5,raw|full,8.450615217028389,,,50000,384,none,
in100.dino-ctrl.ep50.ext,in100.train500.v1,student.h.cls.L06,rankme,raw|full,150.06875418017012,148.93174172974008,149.44545785986597,50000,384,spectral,149.93324488796193
in100.dino-ctrl.ep50.ext,in100.train500.v1,student.h.cls.L06,rankme,l2|full,150.00950987135187,148.87741891693977,149.387413456046,50000,384,spectral,149.8857691081936
in100.dino-ctrl.ep50.ext,in100.train500.v1,student.h.cls.L06,effective_rank,raw|full,50.55459613709329,50.07151541121956,50.60742211292443,50000,384,spectral,50.565437407048144
in100.dino-ctrl.ep50.ext,in100.train500.v1,student.h.cls.L06,effective_rank,l2|full,50.52576750827144,50.04569491095054,50.57642171873509,50000,384,spectral,50.536648709057786
in100.dino-ctrl.ep50.ext,in100.train500.v1,student.h.cls.L06,participation_ratio,raw|full,25.599233138087914,25.331910985298368,25.792959548874215,50000,384,spectral,
in100.dino-ctrl.ep50.ext,in100.train500.v1,student.h.cls.L06,participation_ratio,l2|full,25.583121078509855,25.317368188910763,25.774610075671983,50000,384,spectral,
in100.dino-ctrl.ep50.ext,in100.train500.v1,student.h.cls.L06,alpha,raw|full,1.6641439045131667,1.6666586797075416,1.6708276065953047,50000,384,spectral,
in100.dino-ctrl.ep50.ext,in100.train500.v1,student.h.cls.L06,alpha,l2|full,1.6643469743181705,1.666867226993929,1.6710075517498042,50000,384,spectral,
in100.dino-ctrl.ep50.ext,in100.train500.v1,student.h.cls.L06,epps_pulley,raw|full,321.9145812988281,57.954629039764406,76.78627681732178,50000,384,spectral,271.9471435546875
in100.dino-ctrl.ep50.ext,in100.train500.v1,student.h.cls.L06,epps_pulley,l2|full,320.67523193359375,57.73522109985352,76.58983039855957,50000,384,spectral,269.5909118652344
in100.dino-ctrl.ep50.ext,in100.train500.v1,student.h.cls.L06,epps_pulley,raw|pca64,19.173442840576172,3.534941864013672,4.785587918758392,50000,64,spectral,0.5763847827911377
in100.dino-ctrl.ep50.ext,in100.train500.v1,student.h.cls.L06,kurt_topeig.mean,raw|full,0.0064625124341622705,-0.04975036670584254,0.06922978752606486,50000,384,spectral,0.0008095220432996708
in100.dino-ctrl.ep50.ext,in100.train500.v1,student.h.cls.L06,kurt_topeig.worst,raw|full,0.7279077801972451,0.6908214026497128,0.7948884276803265,50000,384,spectral,0.03710267088805663
in100.dino-ctrl.ep50.ext,in100.train500.v1,student.h.cls.L06,kurt_slices_mean_abs,raw|full,0.14658821317016796,0.1341237727144813,0.16783972817491588,50000,384,spectral,0.01610300900729568
in100.dino-ctrl.ep50.ext,in100.train500.v1,student.h.cls.L09,uniformity,raw|full,-2.4214879619862284,-2.429655946608142,-2.40789459884094,50000,384,cheap,-2.4201283656967805
in100.dino-ctrl.ep50.ext,in100.train500.v1,student.h.cls.L09,uniformity,raw|pca64,-3.7194238537983346,-3.7217930777884143,-3.7145161325121814,50000,64,cheap,-3.7624892973751827
in100.dino-ctrl.ep50.ext,in100.train500.v1,student.h.cls.L09,variance_floor.hinge,raw|full,0.16956111578204705,0.16906940291971798,0.1701172878606355,50000,384,cheap,
in100.dino-ctrl.ep50.ext,in100.train500.v1,student.h.cls.L09,variance_floor.frac_below_half_mean,raw|full,0.0,0.0,0.0,50000,384,cheap,
in100.dino-ctrl.ep50.ext,in100.train500.v1,student.h.cls.L09,variance_floor.frac_below_tenth_mean,raw|full,0.0,0.0,0.0,50000,384,cheap,
in100.dino-ctrl.ep50.ext,in100.train500.v1,student.h.cls.L09,variance_floor.min_over_mean_std,raw|full,0.570516249291811,0.5672550379141188,0.5741150848256661,50000,384,cheap,
in100.dino-ctrl.ep50.ext,in100.train500.v1,student.h.cls.L09,offdiag_redundancy.offdiag_msq,raw|full,0.01607458759888667,0.016108416805920896,0.01623787675926343,50000,384,spectral,
in100.dino-ctrl.ep50.ext,in100.train500.v1,student.h.cls.L09,offdiag_redundancy.mean_abs_corr,raw|full,0.09961428838091557,0.09970281632007238,0.10018019454713475,50000,384,spectral,
in100.dino-ctrl.ep50.ext,in100.train500.v1,student.h.cls.L09,collapse_margin.trace_cov,raw|full,297.314063255835,,,50000,384,none,
in100.dino-ctrl.ep50.ext,in100.train500.v1,student.h.cls.L09,collapse_margin.min_std,raw|full,0.48966836873356356,,,50000,384,none,
in100.dino-ctrl.ep50.ext,in100.train500.v1,student.h.cls.L09,collapse_margin.nn_dist_p5,raw|full,12.50429735489928,,,50000,384,none,
in100.dino-ctrl.ep50.ext,in100.train500.v1,student.h.cls.L09,rankme,raw|full,196.5870648110495,195.3788739909972,195.77779290068068,50000,384,spectral,196.4340268041731
in100.dino-ctrl.ep50.ext,in100.train500.v1,student.h.cls.L09,rankme,l2|full,196.53804351529368,195.33205932521915,195.73185909915594,50000,384,spectral,196.38347301205997
in100.dino-ctrl.ep50.ext,in100.train500.v1,student.h.cls.L09,effective_rank,raw|full,75.89921104355554,75.19274391400133,75.74079235129936,50000,384,spectral,75.89149138705095
in100.dino-ctrl.ep50.ext,in100.train500.v1,student.h.cls.L09,effective_rank,l2|full,75.84168029618839,75.13801189527933,75.68451725510747,50000,384,spectral,75.83391039229528
in100.dino-ctrl.ep50.ext,in100.train500.v1,student.h.cls.L09,participation_ratio,raw|full,40.88592800961507,40.3859337546601,40.992084064250605,50000,384,spectral,
in100.dino-ctrl.ep50.ext,in100.train500.v1,student.h.cls.L09,participation_ratio,l2|full,40.83306951152767,40.33636515115981,40.939284528221215,50000,384,spectral,
in100.dino-ctrl.ep50.ext,in100.train500.v1,student.h.cls.L09,alpha,raw|full,1.4975766363989393,1.5008962057586324,1.5040888233669085,50000,384,spectral,
in100.dino-ctrl.ep50.ext,in100.train500.v1,student.h.cls.L09,alpha,l2|full,1.497733183501971,1.5010390829648572,1.5042330975402056,50000,384,spectral,
in100.dino-ctrl.ep50.ext,in100.train500.v1,student.h.cls.L09,epps_pulley,raw|full,230.10519409179688,37.26135807037353,52.53623170852661,50000,384,spectral,205.5044708251953
in100.dino-ctrl.ep50.ext,in100.train500.v1,student.h.cls.L09,epps_pulley,l2|full,229.29483032226562,37.10076847076416,52.389862823486325,50000,384,spectral,205.57073974609375
in100.dino-ctrl.ep50.ext,in100.train500.v1,student.h.cls.L09,epps_pulley,raw|pca64,10.293829917907715,2.1959956347942353,2.8221677422523497,50000,64,spectral,0.585519015789032
in100.dino-ctrl.ep50.ext,in100.train500.v1,student.h.cls.L09,kurt_topeig.mean,raw|full,-0.3173256583737166,-0.3506733238660981,-0.26375591417521904,50000,384,spectral,0.0030777597976297867
in100.dino-ctrl.ep50.ext,in100.train500.v1,student.h.cls.L09,kurt_topeig.worst,raw|full,0.8587882226958956,0.8346712103272075,0.8819842794417786,50000,384,spectral,0.041172264063702446
in100.dino-ctrl.ep50.ext,in100.train500.v1,student.h.cls.L09,kurt_slices_mean_abs,raw|full,0.10077579508554407,0.10042093262972612,0.11485627304738487,50000,384,spectral,0.018606180643682232
in100.dino-ctrl.ep50.ext,in100.train500.v1,student.h.cls.L12,uniformity,raw|full,-3.0625192550254363,-3.0690759990886276,-3.0498532153440805,50000,384,cheap,-3.068446427412457
in100.dino-ctrl.ep50.ext,in100.train500.v1,student.h.cls.L12,uniformity,raw|pca64,-3.747779078803423,-3.750325121555346,-3.7439477703100597,50000,64,cheap,-3.793420704917527
in100.dino-ctrl.ep50.ext,in100.train500.v1,student.h.cls.L12,variance_floor.hinge,raw|full,0.07919115767632108,0.07894443890196136,0.07946475944332754,50000,384,cheap,
in100.dino-ctrl.ep50.ext,in100.train500.v1,student.h.cls.L12,variance_floor.frac_below_half_mean,raw|full,0.0,0.0,0.0,50000,384,cheap,
in100.dino-ctrl.ep50.ext,in100.train500.v1,student.h.cls.L12,variance_floor.frac_below_tenth_mean,raw|full,0.0,0.0,0.0,50000,384,cheap,
in100.dino-ctrl.ep50.ext,in100.train500.v1,student.h.cls.L12,variance_floor.min_over_mean_std,raw|full,0.5399808633671102,0.5368200690834433,0.5431611568414895,50000,384,cheap,
in100.dino-ctrl.ep50.ext,in100.train500.v1,student.h.cls.L12,offdiag_redundancy.offdiag_msq,raw|full,0.01546313690706753,0.01549980685519086,0.01565028783690123,50000,384,spectral,
in100.dino-ctrl.ep50.ext,in100.train500.v1,student.h.cls.L12,offdiag_redundancy.mean_abs_corr,raw|full,0.097553443791818,0.09763808691305614,0.09816791487107057,50000,384,spectral,
in100.dino-ctrl.ep50.ext,in100.train500.v1,student.h.cls.L12,collapse_margin.trace_cov,raw|full,380.6741421311556,,,50000,384,none,
in100.dino-ctrl.ep50.ext,in100.train500.v1,student.h.cls.L12,collapse_margin.min_std,raw|full,0.5277377709434846,,,50000,384,none,
in100.dino-ctrl.ep50.ext,in100.train500.v1,student.h.cls.L12,collapse_margin.nn_dist_p5,raw|full,12.95649055603653,,,50000,384,none,
in100.dino-ctrl.ep50.ext,in100.train500.v1,student.h.cls.L12,rankme,raw|full,199.31977828668659,198.0427831743564,198.5535613737334,50000,384,spectral,199.17424002206943
in100.dino-ctrl.ep50.ext,in100.train500.v1,student.h.cls.L12,rankme,l2|full,199.31787075173747,198.04055614616743,198.55302216931608,50000,384,spectral,199.1689054986176
in100.dino-ctrl.ep50.ext,in100.train500.v1,student.h.cls.L12,effective_rank,raw|full,80.43976760187343,79.66148069392658,80.211919178726,50000,384,spectral,80.41635209271197
in100.dino-ctrl.ep50.ext,in100.train500.v1,student.h.cls.L12,effective_rank,l2|full,80.40083139627384,79.6247649661835,80.17231560835019,50000,384,spectral,80.37747485569072
in100.dino-ctrl.ep50.ext,in100.train500.v1,student.h.cls.L12,participation_ratio,raw|full,48.198620874317626,47.54104485332851,48.21686989476955,50000,384,spectral,
in100.dino-ctrl.ep50.ext,in100.train500.v1,student.h.cls.L12,participation_ratio,l2|full,48.11993952343737,47.46673976241724,48.136160913573256,50000,384,spectral,
in100.dino-ctrl.ep50.ext,in100.train500.v1,student.h.cls.L12,alpha,raw|full,1.5615147440192183,1.5643985896764556,1.5693199022209856,50000,384,spectral,
in100.dino-ctrl.ep50.ext,in100.train500.v1,student.h.cls.L12,alpha,l2|full,1.5612177865442134,1.5640945028078763,1.5690214353018341,50000,384,spectral,
in100.dino-ctrl.ep50.ext,in100.train500.v1,student.h.cls.L12,epps_pulley,raw|full,212.58753967285156,36.655156993865965,47.5335991859436,50000,384,spectral,191.16668701171875
in100.dino-ctrl.ep50.ext,in100.train500.v1,student.h.cls.L12,epps_pulley,l2|full,212.21954345703125,36.56096477508545,47.44796915054321,50000,384,spectral,192.2093963623047
in100.dino-ctrl.ep50.ext,in100.train500.v1,student.h.cls.L12,epps_pulley,raw|pca64,11.728700637817383,2.5094720363616942,3.296322816610336,50000,64,spectral,0.5946459770202637
in100.dino-ctrl.ep50.ext,in100.train500.v1,student.h.cls.L12,kurt_topeig.mean,raw|full,-0.3800142745495446,-0.4194400613514195,-0.3454713885968435,50000,384,spectral,0.0011484176004430413
in100.dino-ctrl.ep50.ext,in100.train500.v1,student.h.cls.L12,kurt_topeig.worst,raw|full,0.8211551455814181,0.7831355990093607,0.8552397550780025,50000,384,spectral,0.05412707028370756
in100.dino-ctrl.ep50.ext,in100.train500.v1,student.h.cls.L12,kurt_slices_mean_abs,raw|full,0.11854376258915737,0.11324433915254808,0.13139451895091886,50000,384,spectral,0.017597108624238095
in100.dino-ctrl.ep50.ext,in100.train500.v1,student.h.gap,uniformity,raw|full,-2.55599084198508,-2.560151491076283,-2.5425496226520545,50000,384,cheap,-2.6039203790780565
in100.dino-ctrl.ep50.ext,in100.train500.v1,student.h.gap,uniformity,raw|pca64,-3.5888640047203486,-3.594726178751827,-3.578523209311394,50000,64,cheap,-3.674524940780086
in100.dino-ctrl.ep50.ext,in100.train500.v1,student.h.gap,variance_floor.hinge,raw|full,0.572568025422603,0.5719561641334955,0.5732619626257939,50000,384,cheap,
in100.dino-ctrl.ep50.ext,in100.train500.v1,student.h.gap,variance_floor.frac_below_half_mean,raw|full,0.0,0.0,0.0,50000,384,cheap,
in100.dino-ctrl.ep50.ext,in100.train500.v1,student.h.gap,variance_floor.frac_below_tenth_mean,raw|full,0.0,0.0,0.0,50000,384,cheap,
in100.dino-ctrl.ep50.ext,in100.train500.v1,student.h.gap,variance_floor.min_over_mean_std,raw|full,0.6345945905463314,0.6301084135825175,0.6365914927829688,50000,384,cheap,
in100.dino-ctrl.ep50.ext,in100.train500.v1,student.h.gap,offdiag_redundancy.offdiag_msq,raw|full,0.022249787955504804,0.0221248101422411,0.022733832426521033,50000,384,spectral,
in100.dino-ctrl.ep50.ext,in100.train500.v1,student.h.gap,offdiag_redundancy.mean_abs_corr,raw|full,0.11896635470339463,0.11863610860356122,0.1203034336346463,50000,384,spectral,
in100.dino-ctrl.ep50.ext,in100.train500.v1,student.h.gap,collapse_margin.trace_cov,raw|full,78.8498082860451,,,50000,384,none,
in100.dino-ctrl.ep50.ext,in100.train500.v1,student.h.gap,collapse_margin.min_std,raw|full,0.27367801764562916,,,50000,384,none,
in100.dino-ctrl.ep50.ext,in100.train500.v1,student.h.gap,collapse_margin.nn_dist_p5,raw|full,5.558726007075414,,,50000,384,none,
in100.dino-ctrl.ep50.ext,in100.train500.v1,student.h.gap,rankme,raw|full,193.78750979113275,192.37279935926094,192.86332701721696,50000,384,spectral,193.64979061170493
in100.dino-ctrl.ep50.ext,in100.train500.v1,student.h.gap,rankme,l2|full,194.41729664869138,193.1689557451485,193.51407122495246,50000,384,spectral,194.28935196321257
in100.dino-ctrl.ep50.ext,in100.train500.v1,student.h.gap,effective_rank,raw|full,56.53056357752432,55.81310910856297,56.59128116050318,50000,384,spectral,56.572924287713256
in100.dino-ctrl.ep50.ext,in100.train500.v1,student.h.gap,effective_rank,l2|full,58.41243943701785,57.77310833055159,58.48247086261653,50000,384,spectral,58.44971284133806
in100.dino-ctrl.ep50.ext,in100.train500.v1,student.h.gap,participation_ratio,raw|full,25.49307267619831,25.05616494098524,25.814032246840664,50000,384,spectral,
in100.dino-ctrl.ep50.ext,in100.train500.v1,student.h.gap,participation_ratio,l2|full,26.684418925868115,26.335092573495597,27.012924880317776,50000,384,spectral,
in100.dino-ctrl.ep50.ext,in100.train500.v1,student.h.gap,alpha,raw|full,1.5866402199217855,1.5891205142245037,1.5927416347942178,50000,384,spectral,
in100.dino-ctrl.ep50.ext,in100.train500.v1,student.h.gap,alpha,l2|full,1.57848965126645,1.5806113377856243,1.5838943971408208,50000,384,spectral,
in100.dino-ctrl.ep50.ext,in100.train500.v1,student.h.gap,epps_pulley,raw|full,330.6591491699219,60.43205194473266,74.39224529266357,50000,384,spectral,256.13690185546875
in100.dino-ctrl.ep50.ext,in100.train500.v1,student.h.gap,epps_pulley,l2|full,279.0200500488281,51.41550750732422,63.35097560882568,50000,384,spectral,241.17135620117188
in100.dino-ctrl.ep50.ext,in100.train500.v1,student.h.gap,epps_pulley,raw|pca64,36.086822509765625,7.226973652839661,9.103487610816954,50000,64,spectral,0.5456504225730896
in100.dino-ctrl.ep50.ext,in100.train500.v1,student.h.gap,kurt_topeig.mean,raw|full,0.350553644615598,0.25481235848074046,0.5830379892983418,50000,384,spectral,0.0007362388155182753
in100.dino-ctrl.ep50.ext,in100.train500.v1,student.h.gap,kurt_topeig.worst,raw|full,2.177355434969326,1.1155505412579754,4.55328908438665,50000,384,spectral,0.03865411036200994
in100.dino-ctrl.ep50.ext,in100.train500.v1,student.h.gap,kurt_slices_mean_abs,raw|full,0.33718311089088937,0.29468776765960236,0.3553399694438055,50000,384,spectral,0.01740727395801854
in100.dino-ctrl.ep50.ext,in100.train500.v1,student.h.gap.L03,uniformity,raw|full,-1.3544540280471407,-1.3680155163459016,-1.3378373421599452,50000,384,cheap,-1.4444157669178685
in100.dino-ctrl.ep50.ext,in100.train500.v1,student.h.gap.L03,uniformity,raw|pca64,-3.2307221892468014,-3.248482557704709,-3.2219762125202513,50000,64,cheap,-3.3442552070572846
in100.dino-ctrl.ep50.ext,in100.train500.v1,student.h.gap.L03,variance_floor.hinge,raw|full,0.7335870121746219,0.7328707667352177,0.7342006074437945,50000,384,cheap,
in100.dino-ctrl.ep50.ext,in100.train500.v1,student.h.gap.L03,variance_floor.frac_below_half_mean,raw|full,0.0,0.0,0.0,50000,384,cheap,
in100.dino-ctrl.ep50.ext,in100.train500.v1,student.h.gap.L03,variance_floor.frac_below_tenth_mean,raw|full,0.0,0.0,0.0,50000,384,cheap,
in100.dino-ctrl.ep50.ext,in100.train500.v1,student.h.gap.L03,variance_floor.min_over_mean_std,raw|full,0.5105449524853543,0.5051912720823367,0.5129454919571628,50000,384,cheap,
in100.dino-ctrl.ep50.ext,in100.train500.v1,student.h.gap.L03,offdiag_redundancy.offdiag_msq,raw|full,0.044326643225378375,0.04373045275400052,0.04524359042026634,50000,384,spectral,
in100.dino-ctrl.ep50.ext,in100.train500.v1,student.h.gap.L03,offdiag_redundancy.mean_abs_corr,raw|full,0.16902426246966903,0.16787260584167138,0.1708239904241777,50000,384,spectral,
in100.dino-ctrl.ep50.ext,in100.train500.v1,student.h.gap.L03,collapse_margin.trace_cov,raw|full,36.91597893532001,,,50000,384,none,
in100.dino-ctrl.ep50.ext,in100.train500.v1,student.h.gap.L03,collapse_margin.min_std,raw|full,0.13760044210187936,,,50000,384,none,
in100.dino-ctrl.ep50.ext,in100.train500.v1,student.h.gap.L03,collapse_margin.nn_dist_p5,raw|full,2.8801665332457236,,,50000,384,none,
in100.dino-ctrl.ep50.ext,in100.train500.v1,student.h.gap.L03,rankme,raw|full,123.61984956610786,122.40778708077508,123.11932626637817,50000,384,spectral,123.5544137629581
in100.dino-ctrl.ep50.ext,in100.train500.v1,student.h.gap.L03,rankme,l2|full,124.15662224924576,123.10371537033284,123.68435883719441,50000,384,spectral,124.02665679692315
in100.dino-ctrl.ep50.ext,in100.train500.v1,student.h.gap.L03,effective_rank,raw|full,22.569749642602453,22.150738501251894,22.85066369495173,50000,384,spectral,22.616807524155167
in100.dino-ctrl.ep50.ext,in100.train500.v1,student.h.gap.L03,effective_rank,l2|full,24.331824065556358,23.995775775557842,24.62355148029671,50000,384,spectral,24.377322810133954
in100.dino-ctrl.ep50.ext,in100.train500.v1,student.h.gap.L03,participation_ratio,raw|full,9.51951493659955,9.240812706345059,9.71255779349299,50000,384,spectral,
in100.dino-ctrl.ep50.ext,in100.train500.v1,student.h.gap.L03,participation_ratio,l2|full,10.461585889980077,10.26086465066259,10.673959572964543,50000,384,spectral,
in100.dino-ctrl.ep50.ext,in100.train500.v1,student.h.gap.L03,alpha,raw|full,1.776195847037254,1.7803204638612606,1.7856360155291229,50000,384,spectral,
in100.dino-ctrl.ep50.ext,in100.train500.v1,student.h.gap.L03,alpha,l2|full,1.7613220586864382,1.7646761854858857,1.7692328295246795,50000,384,spectral,
in100.dino-ctrl.ep50.ext,in100.train500.v1,student.h.gap.L03,epps_pulley,raw|full,645.9158325195312,116.16564044952392,152.7114875793457,50000,384,spectral,476.89031982421875
in100.dino-ctrl.ep50.ext,in100.train500.v1,student.h.gap.L03,epps_pulley,l2|full,549.9219970703125,104.45978736877441,135.7861259460449,50000,384,spectral,433.0590515136719
in100.dino-ctrl.ep50.ext,in100.train500.v1,student.h.gap.L03,epps_pulley,raw|pca64,121.94557189941406,23.481901931762696,27.570857286453247,50000,64,spectral,0.543237566947937
in100.dino-ctrl.ep50.ext,in100.train500.v1,student.h.gap.L03,kurt_topeig.mean,raw|full,0.8557975863760712,0.7307663702891736,0.9855301762709818,50000,384,spectral,-8.087159899616836e-06
in100.dino-ctrl.ep50.ext,in100.train500.v1,student.h.gap.L03,kurt_topeig.worst,raw|full,1.3060213186317426,1.1029012449332587,1.9035922896290505,50000,384,spectral,0.037288437936869645
in100.dino-ctrl.ep50.ext,in100.train500.v1,student.h.gap.L03,kurt_slices_mean_abs,raw|full,0.743167808773879,0.7373245888460973,0.8767684035688431,50000,384,spectral,0.018703808573663293
in100.dino-ctrl.ep50.ext,in100.train500.v1,student.h.gap.L06,uniformity,raw|full,-1.786259250573721,-1.7987146156469929,-1.7746916622273081,50000,384,cheap,-1.8595274109396664
in100.dino-ctrl.ep50.ext,in100.train500.v1,student.h.gap.L06,uniformity,raw|pca64,-3.4795189068599277,-3.4886669766619742,-3.469273445927851,50000,64,cheap,-3.582382222600372
in100.dino-ctrl.ep50.ext,in100.train500.v1,student.h.gap.L06,variance_floor.hinge,raw|full,0.6683810338989303,0.6677365092844495,0.6690789019213506,50000,384,cheap,
in100.dino-ctrl.ep50.ext,in100.train500.v1,student.h.gap.L06,variance_floor.frac_below_half_mean,raw|full,0.0,0.0,0.0,50000,384,cheap,
in100.dino-ctrl.ep50.ext,in100.train500.v1,student.h.gap.L06,variance_floor.frac_below_tenth_mean,raw|full,0.0,0.0,0.0,50000,384,cheap,
in100.dino-ctrl.ep50.ext,in100.train500.v1,student.h.gap.L06,variance_floor.min_over_mean_std,raw|full,0.6363947875046129,0.632226625326212,0.6409192697255364,50000,384,cheap,
in100.dino-ctrl.ep50.ext,in100.train500.v1,student.h.gap.L06,offdiag_redundancy.offdiag_msq,raw|full,0.02812119745406015,0.027849590811114815,0.0285949968451835,50000,384,spectral,
in100.dino-ctrl.ep50.ext,in100.train500.v1,student.h.gap.L06,offdiag_redundancy.mean_abs_corr,raw|full,0.1334979754966738,0.13284161621790136,0.13462492977072432,50000,384,spectral,
in100.dino-ctrl.ep50.ext,in100.train500.v1,student.h.gap.L06,collapse_margin.trace_cov,raw|full,48.54556067168333,,,50000,384,none,
in100.dino-ctrl.ep50.ext,in100.train500.v1,student.h.gap.L06,collapse_margin.min_std,raw|full,0.21201675096171102,,,50000,384,none,
in100.dino-ctrl.ep50.ext,in100.train500.v1,student.h.gap.L06,collapse_margin.nn_dist_p5,raw|full,4.021688629441517,,,50000,384,none,
in100.dino-ctrl.ep50.ext,in100.train500.v1,student.h.gap.L06,rankme,raw|full,164.32032261968436,162.96722078965433,163.57795225853977,50000,384,spectral,164.1542346464145
in100.dino-ctrl.ep50.ext,in100.train500.v1,student.h.gap.L06,rankme,l2|full,164.42604504123125,163.26793616080678,163.74541884827894,50000,384,spectral,164.31861463667968
in100.dino-ctrl.ep50.ext,in100.train500.v1,student.h.gap.L06,effective_rank,raw|full,42.264904528409325,41.646695864623574,42.48774976486581,50000,384,spectral,42.310815034221385
in100.dino-ctrl.ep50.ext,in100.train500.v1,student.h.gap.L06,effective_rank,l2|full,43.79486442965143,43.24327593794347,44.007610367676115,50000,384,spectral,43.83901980761201
in100.dino-ctrl.ep50.ext,in100.train500.v1,student.h.gap.L06,participation_ratio,raw|full,18.20998120815386,17.81938001078338,18.504955094049322,50000,384,spectral,
in100.dino-ctrl.ep50.ext,in100.train500.v1,student.h.gap.L06,participation_ratio,l2|full,19.095715688425887,18.781685125769396,19.418858760080887,50000,384,spectral,
in100.dino-ctrl.ep50.ext,in100.train500.v1,student.h.gap.L06,alpha,raw|full,1.648746155592528,1.6518253636104374,1.6559200434817472,50000,384,spectral,
in100.dino-ctrl.ep50.ext,in100.train500.v1,student.h.gap.L06,alpha,l2|full,1.6385135569205356,1.6413242787002018,1.6446193076458133,50000,384,spectral,
in100.dino-ctrl.ep50.ext,in100.train500.v1,student.h.gap.L06,epps_pulley,raw|full,423.1249084472656,76.4033203125,100.77891101837157,50000,384,spectral,287.683349609375
in100.dino-ctrl.ep50.ext,in100.train500.v1,student.h.gap.L06,epps_pulley,l2|full,355.9846496582031,63.73486671447754,86.41971073150634,50000,384,spectral,288.77630615234375
in100.dino-ctrl.ep50.ext,in100.train500.v1,student.h.gap.L06,epps_pulley,raw|pca64,81.63813781738281,15.88796033859253,18.074936294555663,50000,64,spectral,0.5501942038536072
in100.dino-ctrl.ep50.ext,in100.train500.v1,student.h.gap.L06,kurt_topeig.mean,raw|full,0.6696070002576742,0.5740882405632839,0.7988876741690163,50000,384,spectral,0.0004534420105439807
in100.dino-ctrl.ep50.ext,in100.train500.v1,student.h.gap.L06,kurt_topeig.worst,raw|full,1.7519002080747494,1.3381769682187923,2.4828245990385978,50000,384,spectral,0.03704951829226166
in100.dino-ctrl.ep50.ext,in100.train500.v1,student.h.gap.L06,kurt_slices_mean_abs,raw|full,0.6099405829632722,0.5369759397623093,0.6807817951295131,50000,384,spectral,0.017303835202833864
in100.dino-ctrl.ep50.ext,in100.train500.v1,student.h.gap.L09,uniformity,raw|full,-2.32497460347541,-2.3341564976566436,-2.3124728956062026,50000,384,cheap,-2.389716857393871
in100.dino-ctrl.ep50.ext,in100.train500.v1,student.h.gap.L09,uniformity,raw|pca64,-3.574339898205389,-3.5805962422826294,-3.563972604338864,50000,64,cheap,-3.6682116772791646
in100.dino-ctrl.ep50.ext,in100.train500.v1,student.h.gap.L09,variance_floor.hinge,raw|full,0.6004340868688592,0.5998112407873977,0.6011611089792065,50000,384,cheap,
in100.dino-ctrl.ep50.ext,in100.train500.v1,student.h.gap.L09,variance_floor.frac_below_half_mean,raw|full,0.0,0.0,0.0,50000,384,cheap,
in100.dino-ctrl.ep50.ext,in100.train500.v1,student.h.gap.L09,variance_floor.frac_below_tenth_mean,raw|full,0.0,0.0,0.0,50000,384,cheap,
in100.dino-ctrl.ep50.ext,in100.train500.v1,student.h.gap.L09,variance_floor.min_over_mean_std,raw|full,0.6285714742116585,0.6235076631118005,0.6320687734795913,50000,384,cheap,
in100.dino-ctrl.ep50.ext,in100.train500.v1,student.h.gap.L09,offdiag_redundancy.offdiag_msq,raw|full,0.022414976665359812,0.022306079604990956,0.022910140652074796,50000,384,spectral,
in100.dino-ctrl.ep50.ext,in100.train500.v1,student.h.gap.L09,offdiag_redundancy.mean_abs_corr,raw|full,0.1193711978133739,0.11907132107378769,0.12076101265969795,50000,384,spectral,
in100.dino-ctrl.ep50.ext,in100.train500.v1,student.h.gap.L09,collapse_margin.trace_cov,raw|full,67.3196700958042,,,50000,384,none,
in100.dino-ctrl.ep50.ext,in100.train500.v1,student.h.gap.L09,collapse_margin.min_std,raw|full,0.25238317046438835,,,50000,384,none,
in100.dino-ctrl.ep50.ext,in100.train500.v1,student.h.gap.L09,collapse_margin.nn_dist_p5,raw|full,5.107682730914459,,,50000,384,none,
in100.dino-ctrl.ep50.ext,in100.train500.v1,student.h.gap.L09,rankme,raw|full,196.66995876207872,195.16156491833485,195.72369576389593,50000,384,spectral,196.51463664154886
in100.dino-ctrl.ep50.ext,in100.train500.v1,student.h.gap.L09,rankme,l2|full,197.10087032785717,195.8181744163803,196.22420279710303,50000,384,spectral,196.94076149357278
in100.dino-ctrl.ep50.ext,in100.train500.v1,student.h.gap.L09,effective_rank,raw|full,58.91236741975847,58.05397150486111,58.97401613269634,50000,384,spectral,58.9553191408075
in100.dino-ctrl.ep50.ext,in100.train500.v1,student.h.gap.L09,effective_rank,l2|full,60.66464813057451,59.89816072336679,60.71489105965401,50000,384,spectral,60.70281014936877
in100.dino-ctrl.ep50.ext,in100.train500.v1,student.h.gap.L09,participation_ratio,raw|full,25.68561423972816,25.161022536010947,26.01101502238687,50000,384,spectral,
in100.dino-ctrl.ep50.ext,in100.train500.v1,student.h.gap.L09,participation_ratio,l2|full,26.778368232687576,26.361232879318347,27.1027823168852,50000,384,spectral,
in100.dino-ctrl.ep50.ext,in100.train500.v1,student.h.gap.L09,alpha,raw|full,1.488487291429623,1.4918508541033817,1.4960437080266114,50000,384,spectral,
in100.dino-ctrl.ep50.ext,in100.train500.v1,student.h.gap.L09,alpha,l2|full,1.4787588100211622,1.4819625382907613,1.4856160928965885,50000,384,spectral,
in100.dino-ctrl.ep50.ext,in100.train500.v1,student.h.gap.L09,epps_pulley,raw|full,335.4857177734375,63.149520778656004,76.25390701293945,50000,384,spectral,228.5265350341797
in100.dino-ctrl.ep50.ext,in100.train500.v1,student.h.gap.L09,epps_pulley,l2|full,262.3273620605469,51.205291175842284,67.8769760131836,50000,384,spectral,212.17352294921875
in100.dino-ctrl.ep50.ext,in100.train500.v1,student.h.gap.L09,epps_pulley,raw|pca64,46.41510772705078,9.19999339580536,11.78785901069641,50000,64,spectral,0.52925705909729
in100.dino-ctrl.ep50.ext,in100.train500.v1,student.h.gap.L09,kurt_topeig.mean,raw|full,0.3949134683047025,0.2982968308348215,0.4985239834041002,50000,384,spectral,0.0009114417591331581
in100.dino-ctrl.ep50.ext,in100.train500.v1,student.h.gap.L09,kurt_topeig.worst,raw|full,1.346384012699624,0.9735926790957145,2.107591506976852,50000,384,spectral,0.03736353875021026
in100.dino-ctrl.ep50.ext,in100.train500.v1,student.h.gap.L09,kurt_slices_mean_abs,raw|full,0.41207589278696405,0.39244603129744754,0.469210757531686,50000,384,spectral,0.017478860284373884
in100.dino-ctrl.ep50.ext,in100.train500.v1,student.h.gap.L12,uniformity,raw|full,-2.55599084198508,-2.560151491076283,-2.5425496226520545,50000,384,cheap,-2.6039203790780565
in100.dino-ctrl.ep50.ext,in100.train500.v1,student.h.gap.L12,uniformity,raw|pca64,-3.5888640047203486,-3.594726178751827,-3.578523209311394,50000,64,cheap,-3.674524940780086
in100.dino-ctrl.ep50.ext,in100.train500.v1,student.h.gap.L12,variance_floor.hinge,raw|full,0.572568025422603,0.5719561641334955,0.5732619626257939,50000,384,cheap,
in100.dino-ctrl.ep50.ext,in100.train500.v1,student.h.gap.L12,variance_floor.frac_below_half_mean,raw|full,0.0,0.0,0.0,50000,384,cheap,
in100.dino-ctrl.ep50.ext,in100.train500.v1,student.h.gap.L12,variance_floor.frac_below_tenth_mean,raw|full,0.0,0.0,0.0,50000,384,cheap,
in100.dino-ctrl.ep50.ext,in100.train500.v1,student.h.gap.L12,variance_floor.min_over_mean_std,raw|full,0.6345945905463314,0.6301084135825175,0.6365914927829688,50000,384,cheap,
in100.dino-ctrl.ep50.ext,in100.train500.v1,student.h.gap.L12,offdiag_redundancy.offdiag_msq,raw|full,0.022249787955504804,0.0221248101422411,0.022733832426521033,50000,384,spectral,
in100.dino-ctrl.ep50.ext,in100.train500.v1,student.h.gap.L12,offdiag_redundancy.mean_abs_corr,raw|full,0.11896635470339463,0.11863610860356122,0.1203034336346463,50000,384,spectral,
in100.dino-ctrl.ep50.ext,in100.train500.v1,student.h.gap.L12,collapse_margin.trace_cov,raw|full,78.8498082860451,,,50000,384,none,
in100.dino-ctrl.ep50.ext,in100.train500.v1,student.h.gap.L12,collapse_margin.min_std,raw|full,0.27367801764562916,,,50000,384,none,
in100.dino-ctrl.ep50.ext,in100.train500.v1,student.h.gap.L12,collapse_margin.nn_dist_p5,raw|full,5.558726007075414,,,50000,384,none,
in100.dino-ctrl.ep50.ext,in100.train500.v1,student.h.gap.L12,rankme,raw|full,193.78750979113275,192.37279935926094,192.86332701721696,50000,384,spectral,193.64979061170493
in100.dino-ctrl.ep50.ext,in100.train500.v1,student.h.gap.L12,rankme,l2|full,194.41729664869138,193.1689557451485,193.51407122495246,50000,384,spectral,194.28935196321257
in100.dino-ctrl.ep50.ext,in100.train500.v1,student.h.gap.L12,effective_rank,raw|full,56.53056357752432,55.81310910856297,56.59128116050318,50000,384,spectral,56.572924287713256
in100.dino-ctrl.ep50.ext,in100.train500.v1,student.h.gap.L12,effective_rank,l2|full,58.41243943701785,57.77310833055159,58.48247086261653,50000,384,spectral,58.44971284133806
in100.dino-ctrl.ep50.ext,in100.train500.v1,student.h.gap.L12,participation_ratio,raw|full,25.49307267619831,25.05616494098524,25.814032246840664,50000,384,spectral,
in100.dino-ctrl.ep50.ext,in100.train500.v1,student.h.gap.L12,participation_ratio,l2|full,26.684418925868115,26.335092573495597,27.012924880317776,50000,384,spectral,
in100.dino-ctrl.ep50.ext,in100.train500.v1,student.h.gap.L12,alpha,raw|full,1.5866402199217855,1.5891205142245037,1.5927416347942178,50000,384,spectral,
in100.dino-ctrl.ep50.ext,in100.train500.v1,student.h.gap.L12,alpha,l2|full,1.57848965126645,1.5806113377856243,1.5838943971408208,50000,384,spectral,
in100.dino-ctrl.ep50.ext,in100.train500.v1,student.h.gap.L12,epps_pulley,raw|full,330.6591491699219,60.43205194473266,74.39224529266357,50000,384,spectral,256.13690185546875
in100.dino-ctrl.ep50.ext,in100.train500.v1,student.h.gap.L12,epps_pulley,l2|full,279.0200500488281,51.41550750732422,63.35097560882568,50000,384,spectral,241.17135620117188
in100.dino-ctrl.ep50.ext,in100.train500.v1,student.h.gap.L12,epps_pulley,raw|pca64,36.086822509765625,7.226973652839661,9.103487610816954,50000,64,spectral,0.5456504225730896
in100.dino-ctrl.ep50.ext,in100.train500.v1,student.h.gap.L12,kurt_topeig.mean,raw|full,0.350553644615598,0.25481235848074046,0.5830379892983418,50000,384,spectral,0.0007362388155182753
in100.dino-ctrl.ep50.ext,in100.train500.v1,student.h.gap.L12,kurt_topeig.worst,raw|full,2.177355434969326,1.1155505412579754,4.55328908438665,50000,384,spectral,0.03865411036200994
in100.dino-ctrl.ep50.ext,in100.train500.v1,student.h.gap.L12,kurt_slices_mean_abs,raw|full,0.33718311089088937,0.29468776765960236,0.3553399694438055,50000,384,spectral,0.01740727395801854
in100.dino-ctrl.ep50.ext,in100.train500.v1,student.z.dino.bottleneck,uniformity,raw|full,-3.6010507098355142,-3.6054735870749757,-3.5945339375576,50000,256,cheap,-3.663676591962194
in100.dino-ctrl.ep50.ext,in100.train500.v1,student.z.dino.bottleneck,uniformity,raw|pca64,-3.7545392178822476,-3.7560818773434543,-3.7506454863870617,50000,64,cheap,-3.839129712300749
in100.dino-ctrl.ep50.ext,in100.train500.v1,student.z.dino.bottleneck,variance_floor.hinge,raw|full,0.416689077959142,0.41512357314838105,0.4181191784959828,50000,256,cheap,
in100.dino-ctrl.ep50.ext,in100.train500.v1,student.z.dino.bottleneck,variance_floor.frac_below_half_mean,raw|full,0.0,0.0,0.0,50000,256,cheap,
in100.dino-ctrl.ep50.ext,in100.train500.v1,student.z.dino.bottleneck,variance_floor.frac_below_tenth_mean,raw|full,0.0,0.0,0.0,50000,256,cheap,
in100.dino-ctrl.ep50.ext,in100.train500.v1,student.z.dino.bottleneck,variance_floor.min_over_mean_std,raw|full,0.630046226154005,0.6252029440117494,0.6341450452899229,50000,256,cheap,
in100.dino-ctrl.ep50.ext,in100.train500.v1,student.z.dino.bottleneck,offdiag_redundancy.offdiag_msq,raw|full,0.01290432386055558,0.012884026860563018,0.013416936722083436,50000,256,spectral,
in100.dino-ctrl.ep50.ext,in100.train500.v1,student.z.dino.bottleneck,offdiag_redundancy.mean_abs_corr,raw|full,0.09019207186050793,0.09011808730553128,0.09196464393140812,50000,256,spectral,
in100.dino-ctrl.ep50.ext,in100.train500.v1,student.z.dino.bottleneck,collapse_margin.trace_cov,raw|full,87.75646844331867,,,50000,256,none,
in100.dino-ctrl.ep50.ext,in100.train500.v1,student.z.dino.bottleneck,collapse_margin.min_std,raw|full,0.3675128451068856,,,50000,256,none,
in100.dino-ctrl.ep50.ext,in100.train500.v1,student.z.dino.bottleneck,collapse_margin.nn_dist_p5,raw|full,3.2961831628239033,,,50000,256,none,
in100.dino-ctrl.ep50.ext,in100.train500.v1,student.z.dino.bottleneck,rankme,raw|full,137.50388420065508,136.56777969896862,137.25755861488787,50000,256,spectral,137.43898431058446
in100.dino-ctrl.ep50.ext,in100.train500.v1,student.z.dino.bottleneck,rankme,l2|full,140.7709938547734,140.16853101698842,140.47705191332614,50000,256,spectral,140.70288889749145
in100.dino-ctrl.ep50.ext,in100.train500.v1,student.z.dino.bottleneck,effective_rank,raw|full,78.06963204619275,76.69998830937867,77.97244286991881,50000,256,spectral,78.03936698625161
in100.dino-ctrl.ep50.ext,in100.train500.v1,student.z.dino.bottleneck,effective_rank,l2|full,80.05406032262492,79.38765133280889,79.9270513538553,50000,256,spectral,80.01482978199599
in100.dino-ctrl.ep50.ext,in100.train500.v1,student.z.dino.bottleneck,participation_ratio,raw|full,59.29604042925795,57.4218839359386,59.41643913347571,50000,256,spectral,
in100.dino-ctrl.ep50.ext,in100.train500.v1,student.z.dino.bottleneck,participation_ratio,l2|full,61.21066390959052,60.424653856976036,61.146421796408475,50000,256,spectral,
in100.dino-ctrl.ep50.ext,in100.train500.v1,student.z.dino.bottleneck,alpha,raw|full,2.071366853016117,2.075300847052848,2.087899818488951,50000,256,spectral,
in100.dino-ctrl.ep50.ext,in100.train500.v1,student.z.dino.bottleneck,alpha,l2|full,2.0059276787278324,2.0102910289209177,2.0159864656226083,50000,256,spectral,
in100.dino-ctrl.ep50.ext,in100.train500.v1,student.z.dino.bottleneck,epps_pulley,raw|full,330.79656982421875,65.66105117797852,79.91197776794434,50000,256,spectral,152.96725463867188
in100.dino-ctrl.ep50.ext,in100.train500.v1,student.z.dino.bottleneck,epps_pulley,l2|full,196.32931518554688,33.82994737625122,45.726894760131835,50000,256,spectral,151.64077758789062
in100.dino-ctrl.ep50.ext,in100.train500.v1,student.z.dino.bottleneck,epps_pulley,raw|pca64,172.8807830810547,33.677490901947024,40.195871067047115,50000,64,spectral,0.561621367931366
in100.dino-ctrl.ep50.ext,in100.train500.v1,student.z.dino.bottleneck,kurt_topeig.mean,raw|full,3.3489662961988413,2.6186869954992655,4.242627404238736,50000,256,spectral,0.014404765038637279
in100.dino-ctrl.ep50.ext,in100.train500.v1,student.z.dino.bottleneck,kurt_topeig.worst,raw|full,8.9575819596636,5.490540848624027,13.3634802759725,50000,256,spectral,0.06926357911127834
in100.dino-ctrl.ep50.ext,in100.train500.v1,student.z.dino.bottleneck,kurt_slices_mean_abs,raw|full,1.1798333283952114,1.076079174226649,1.247993843006578,50000,256,spectral,0.017529251194640764
in100.dino-ctrl.ep50.ext,in100.train500.v1,student.z.dino.tap1,uniformity,raw|full,-3.4712755991141275,-3.4736790012559378,-3.464389750673305,50000,2048,cheap,-3.505257340253485
in100.dino-ctrl.ep50.ext,in100.train500.v1,student.z.dino.tap1,uniformity,raw|pca64,-3.665330368849616,-3.6685592461743486,-3.659886758791662,50000,64,cheap,-3.7742682030475505
in100.dino-ctrl.ep50.ext,in100.train500.v1,student.z.dino.tap1,variance_floor.hinge,raw|full,0.6062083623050603,0.6057540572083926,0.6066918345731931,50000,2048,cheap,
in100.dino-ctrl.ep50.ext,in100.train500.v1,student.z.dino.tap1,variance_floor.frac_below_half_mean,raw|full,0.05517578125,0.05296630859375,0.056640625,50000,2048,cheap,
in100.dino-ctrl.ep50.ext,in100.train500.v1,student.z.dino.tap1,variance_floor.frac_below_tenth_mean,raw|full,0.00048828125,0.00048828125,0.00048828125,50000,2048,cheap,
in100.dino-ctrl.ep50.ext,in100.train500.v1,student.z.dino.tap1,variance_floor.min_over_mean_std,raw|full,0.0922075192050489,0.0913430794845644,0.0929378458612708,50000,2048,cheap,
in100.dino-ctrl.ep50.ext,in100.train500.v1,student.z.dino.tap1,offdiag_redundancy.offdiag_msq,raw|full,0.004816124237744762,0.004871398898796859,0.004954114652477302,50000,2048,spectral,
in100.dino-ctrl.ep50.ext,in100.train500.v1,student.z.dino.tap1,offdiag_redundancy.mean_abs_corr,raw|full,0.04800951751302127,0.04841656593144032,0.04883780307684317,50000,2048,spectral,
in100.dino-ctrl.ep50.ext,in100.train500.v1,student.z.dino.tap1,collapse_margin.trace_cov,raw|full,365.14197534996,,,50000,2048,none,
in100.dino-ctrl.ep50.ext,in100.train500.v1,student.z.dino.tap1,collapse_margin.min_std,raw|full,0.03635080088334934,,,50000,2048,none,
in100.dino-ctrl.ep50.ext,in100.train500.v1,student.z.dino.tap1,collapse_margin.nn_dist_p5,raw|full,13.386509673163456,,,50000,2048,none,
in100.dino-ctrl.ep50.ext,in100.train500.v1,student.z.dino.tap1,rankme,raw|full,1405.1584976976249,1357.232666649113,1361.6494863941423,50000,2048,spectral,1396.43449942814
in100.dino-ctrl.ep50.ext,in100.train500.v1,student.z.dino.tap1,rankme,l2|full,1423.75770758874,1374.9967622217653,1378.4606132420295,50000,2048,spectral,1414.9532681809847
in100.dino-ctrl.ep50.ext,in100.train500.v1,student.z.dino.tap1,effective_rank,raw|full,317.55930189371924,302.9993641909816,308.20125903895075,50000,2048,spectral,314.41062572001795
in100.dino-ctrl.ep50.ext,in100.train500.v1,student.z.dino.tap1,effective_rank,l2|full,332.71852579602825,317.4699812550114,322.23779520010396,50000,2048,spectral,329.33498797364626
in100.dino-ctrl.ep50.ext,in100.train500.v1,student.z.dino.tap1,participation_ratio,raw|full,93.98053730772017,91.88275663138347,94.02739689435975,50000,2048,spectral,
in100.dino-ctrl.ep50.ext,in100.train500.v1,student.z.dino.tap1,participation_ratio,l2|full,96.00406612482402,93.9820512402452,96.00298534430601,50000,2048,spectral,
in100.dino-ctrl.ep50.ext,in100.train500.v1,student.z.dino.tap1,alpha,raw|full,1.0012096928606053,0.9920473419562139,0.9975995285202204,50000,2048,spectral,
in100.dino-ctrl.ep50.ext,in100.train500.v1,student.z.dino.tap1,alpha,l2|full,0.9833841479057349,0.9735475232336482,0.9792877709716433,50000,2048,spectral,
in100.dino-ctrl.ep50.ext,in100.train500.v1,student.z.dino.tap1,epps_pulley,raw|full,81.63609313964844,15.288673257827758,19.285272121429443,50000,2048,spectral,55.87267303466797
in100.dino-ctrl.ep50.ext,in100.train500.v1,student.z.dino.tap1,epps_pulley,l2|full,65.54623413085938,12.047940468788147,15.363846063613892,50000,2048,spectral,50.84815216064453
in100.dino-ctrl.ep50.ext,in100.train500.v1,student.z.dino.tap1,epps_pulley,raw|pca64,65.740234375,12.767707085609436,15.901310086250305,50000,64,spectral,0.5266242027282715
in100.dino-ctrl.ep50.ext,in100.train500.v1,student.z.dino.tap1,kurt_topeig.mean,raw|full,-0.07279332628854891,-0.1333681925489683,0.03302788971252987,50000,2048,spectral,-0.00043816349104530694
in100.dino-ctrl.ep50.ext,in100.train500.v1,student.z.dino.tap1,kurt_topeig.worst,raw|full,0.8384585935830744,0.8167491522161345,0.9696331136608496,50000,2048,spectral,0.031207585660994575
in100.dino-ctrl.ep50.ext,in100.train500.v1,student.z.dino.tap1,kurt_slices_mean_abs,raw|full,0.18081262637343773,0.15787116373739102,0.19615132512417605,50000,2048,spectral,0.016640480192214806
in100.dino-ctrl.ep50.ext,in100.train500.v1,student.z.dino.tap2,uniformity,raw|full,-3.729987566734041,-3.734265115041952,-3.7244281767198646,50000,2048,cheap,-3.7881468489942214
in100.dino-ctrl.ep50.ext,in100.train500.v1,student.z.dino.tap2,uniformity,raw|pca64,-3.6649174517563843,-3.669187513364848,-3.6616588634959837,50000,64,cheap,-3.828860357322575
in100.dino-ctrl.ep50.ext,in100.train500.v1,student.z.dino.tap2,variance_floor.hinge,raw|full,0.777569881138613,0.777154759775817,0.7779945648847689,50000,2048,cheap,
in100.dino-ctrl.ep50.ext,in100.train500.v1,student.z.dino.tap2,variance_floor.frac_below_half_mean,raw|full,0.037109375,0.0361328125,0.0390625,50000,2048,cheap,
in100.dino-ctrl.ep50.ext,in100.train500.v1,student.z.dino.tap2,variance_floor.frac_below_tenth_mean,raw|full,0.0,0.0,0.0,50000,2048,cheap,
in100.dino-ctrl.ep50.ext,in100.train500.v1,student.z.dino.tap2,variance_floor.min_over_mean_std,raw|full,0.22832598393466902,0.22717739575067686,0.22970855618308614,50000,2048,cheap,
in100.dino-ctrl.ep50.ext,in100.train500.v1,student.z.dino.tap2,offdiag_redundancy.offdiag_msq,raw|full,0.0025535008242153277,0.0026213596860491634,0.0026889337728955415,50000,2048,spectral,
in100.dino-ctrl.ep50.ext,in100.train500.v1,student.z.dino.tap2,offdiag_redundancy.mean_abs_corr,raw|full,0.02993751026078729,0.03057853098580884,0.030883582086796636,50000,2048,spectral,
in100.dino-ctrl.ep50.ext,in100.train500.v1,student.z.dino.tap2,collapse_margin.trace_cov,raw|full,115.36182793299479,,,50000,2048,none,
in100.dino-ctrl.ep50.ext,in100.train500.v1,student.z.dino.tap2,collapse_margin.min_std,raw|full,0.05078657574595989,,,50000,2048,none,
in100.dino-ctrl.ep50.ext,in100.train500.v1,student.z.dino.tap2,collapse_margin.nn_dist_p5,raw|full,6.684958527906777,,,50000,2048,none,
in100.dino-ctrl.ep50.ext,in100.train500.v1,student.z.dino.tap2,rankme,raw|full,1515.381688270915,1462.5054471201427,1469.1460716967197,50000,2048,spectral,1506.345656089487
in100.dino-ctrl.ep50.ext,in100.train500.v1,student.z.dino.tap2,rankme,l2|full,1560.5028352704055,1506.812922275336,1511.4696478703393,50000,2048,spectral,1551.200154361261
in100.dino-ctrl.ep50.ext,in100.train500.v1,student.z.dino.tap2,effective_rank,raw|full,484.7774675640266,454.3105474825911,466.2992504885752,50000,2048,spectral,479.69415784523477
in100.dino-ctrl.ep50.ext,in100.train500.v1,student.z.dino.tap2,effective_rank,l2|full,547.6075631542852,516.3764397162776,523.9003543707785,50000,2048,spectral,541.4846619535352
in100.dino-ctrl.ep50.ext,in100.train500.v1,student.z.dino.tap2,participation_ratio,raw|full,179.59333426233542,169.98331232281714,178.76593023517114,50000,2048,spectral,
in100.dino-ctrl.ep50.ext,in100.train500.v1,student.z.dino.tap2,participation_ratio,l2|full,199.03709785529324,192.43616648683755,197.16929036534015,50000,2048,spectral,
in100.dino-ctrl.ep50.ext,in100.train500.v1,student.z.dino.tap2,alpha,raw|full,0.8230830378042147,0.8152157703008032,0.8284516791659321,50000,2048,spectral,
in100.dino-ctrl.ep50.ext,in100.train500.v1,student.z.dino.tap2,alpha,l2|full,0.7849676816384606,0.7770895769317075,0.7841666998540417,50000,2048,spectral,
in100.dino-ctrl.ep50.ext,in100.train500.v1,student.z.dino.tap2,epps_pulley,raw|full,85.70223999023438,15.003640818595887,17.98786277770996,50000,2048,spectral,33.08456802368164
in100.dino-ctrl.ep50.ext,in100.train500.v1,student.z.dino.tap2,epps_pulley,l2|full,43.0487060546875,7.69483197927475,9.909384751319886,50000,2048,spectral,31.012948989868164
in100.dino-ctrl.ep50.ext,in100.train500.v1,student.z.dino.tap2,epps_pulley,raw|pca64,357.0859680175781,66.91586418151856,78.1414321899414,50000,64,spectral,0.6231994032859802
in100.dino-ctrl.ep50.ext,in100.train500.v1,student.z.dino.tap2,kurt_topeig.mean,raw|full,4.696350933256142,3.738226526109307,5.949663965880181,50000,2048,spectral,0.003277152367540559
in100.dino-ctrl.ep50.ext,in100.train500.v1,student.z.dino.tap2,kurt_topeig.worst,raw|full,9.405194431810237,8.173686744087242,22.557204837886147,50000,2048,spectral,0.030959733847328863
in100.dino-ctrl.ep50.ext,in100.train500.v1,student.z.dino.tap2,kurt_slices_mean_abs,raw|full,0.6276294335127658,0.5763486986634769,0.6795374147418134,50000,2048,spectral,0.01687375716113019
in100.dino-ctrl.ep50.ext,in100.train500.v1,teacher.h.cls,uniformity,raw|full,-3.1269553207664593,-3.131393664538328,-3.115466789784243,50000,384,cheap,-3.131841654029252
in100.dino-ctrl.ep50.ext,in100.train500.v1,teacher.h.cls,uniformity,raw|pca64,-3.746742981009979,-3.7490834508216957,-3.741979069932762,50000,64,cheap,-3.7936683814175582
in100.dino-ctrl.ep50.ext,in100.train500.v1,teacher.h.cls,variance_floor.hinge,raw|full,0.07742886289381841,0.07720771755101287,0.07769389331832091,50000,384,cheap,
in100.dino-ctrl.ep50.ext,in100.train500.v1,teacher.h.cls,variance_floor.frac_below_half_mean,raw|full,0.0,0.0,0.0,50000,384,cheap,
in100.dino-ctrl.ep50.ext,in100.train500.v1,teacher.h.cls,variance_floor.frac_below_tenth_mean,raw|full,0.0,0.0,0.0,50000,384,cheap,
in100.dino-ctrl.ep50.ext,in100.train500.v1,teacher.h.cls,variance_floor.min_over_mean_std,raw|full,0.5358905121168551,0.532346925835635,0.538446807348192,50000,384,cheap,
in100.dino-ctrl.ep50.ext,in100.train500.v1,teacher.h.cls,offdiag_redundancy.offdiag_msq,raw|full,0.015208906551636819,0.015253306752987354,0.015378830353664191,50000,384,spectral,
in100.dino-ctrl.ep50.ext,in100.train500.v1,teacher.h.cls,offdiag_redundancy.mean_abs_corr,raw|full,0.09662547148609497,0.09677460356597788,0.09721189430462043,50000,384,spectral,
in100.dino-ctrl.ep50.ext,in100.train500.v1,teacher.h.cls,collapse_margin.trace_cov,raw|full,386.8859453452303,,,50000,384,none,
in100.dino-ctrl.ep50.ext,in100.train500.v1,teacher.h.cls,collapse_margin.min_std,raw|full,0.5273670563452665,,,50000,384,none,
in100.dino-ctrl.ep50.ext,in100.train500.v1,teacher.h.cls,collapse_margin.nn_dist_p5,raw|full,13.006209959386885,,,50000,384,none,
in100.dino-ctrl.ep50.ext,in100.train500.v1,teacher.h.cls,rankme,raw|full,200.0914850368611,198.8412647233033,199.3088625651068,50000,384,spectral,199.95378138622223
in100.dino-ctrl.ep50.ext,in100.train500.v1,teacher.h.cls,rankme,l2|full,200.09293893100028,198.843395157649,199.30812731141825,50000,384,spectral,199.95974516697993
in100.dino-ctrl.ep50.ext,in100.train500.v1,teacher.h.cls,effective_rank,raw|full,80.45591215848606,79.70327750550848,80.22236740639573,50000,384,spectral,80.43578064822674
in100.dino-ctrl.ep50.ext,in100.train500.v1,teacher.h.cls,effective_rank,l2|full,80.41753401105737,79.66418788527551,80.18228906739827,50000,384,spectral,80.39740008327666
in100.dino-ctrl.ep50.ext,in100.train500.v1,teacher.h.cls,participation_ratio,raw|full,48.09038076470126,47.42259575566749,48.12086218394355,50000,384,spectral,
in100.dino-ctrl.ep50.ext,in100.train500.v1,teacher.h.cls,participation_ratio,l2|full,48.011087628462235,47.34665446380544,48.04455112278375,50000,384,spectral,
in100.dino-ctrl.ep50.ext,in100.train500.v1,teacher.h.cls,alpha,raw|full,1.5632075732286381,1.565915064011768,1.5710906627593775,50000,384,spectral,
in100.dino-ctrl.ep50.ext,in100.train500.v1,teacher.h.cls,alpha,l2|full,1.5628877209046979,1.5655987698643172,1.5707712690837063,50000,384,spectral,
in100.dino-ctrl.ep50.ext,in100.train500.v1,teacher.h.cls,epps_pulley,raw|full,217.98878479003906,36.41672134399414,47.159301090240476,50000,384,spectral,196.72677612304688
in100.dino-ctrl.ep50.ext,in100.train500.v1,teacher.h.cls,epps_pulley,l2|full,217.71974182128906,36.32756567001343,47.09529008865356,50000,384,spectral,196.71693420410156
in100.dino-ctrl.ep50.ext,in100.train500.v1,teacher.h.cls,epps_pulley,raw|pca64,10.514378547668457,2.5792488276958467,3.2366157829761506,50000,64,spectral,0.5923047065734863
in100.dino-ctrl.ep50.ext,in100.train500.v1,teacher.h.cls,kurt_topeig.mean,raw|full,-0.3874034621982804,-0.42266606109811405,-0.3413401481821352,50000,384,spectral,0.0015150001971917515
in100.dino-ctrl.ep50.ext,in100.train500.v1,teacher.h.cls,kurt_topeig.worst,raw|full,0.8351272550558924,0.8004183618131937,0.8702142493969937,50000,384,spectral,0.04142572389193999
in100.dino-ctrl.ep50.ext,in100.train500.v1,teacher.h.cls,kurt_slices_mean_abs,raw|full,0.1198783521759457,0.11707744161111482,0.13440640670827428,50000,384,spectral,0.01874113849323729
in100.dino-ctrl.ep50.ext,in100.train500.v1,teacher.h.cls.L03,uniformity,raw|full,-0.5476666624704862,-0.5528067511276141,-0.5339916046082543,50000,384,cheap,-0.5429099834914123
in100.dino-ctrl.ep50.ext,in100.train500.v1,teacher.h.cls.L03,uniformity,raw|pca64,-3.3267450651348116,-3.337094258572854,-3.3221644512377386,50000,64,cheap,-3.4246971315844403
in100.dino-ctrl.ep50.ext,in100.train500.v1,teacher.h.cls.L03,variance_floor.hinge,raw|full,0.6074125619728199,0.6065163401362903,0.608120625431592,50000,384,cheap,
in100.dino-ctrl.ep50.ext,in100.train500.v1,teacher.h.cls.L03,variance_floor.frac_below_half_mean,raw|full,0.0,0.0,0.0,50000,384,cheap,
in100.dino-ctrl.ep50.ext,in100.train500.v1,teacher.h.cls.L03,variance_floor.frac_below_tenth_mean,raw|full,0.0,0.0,0.0,50000,384,cheap,
in100.dino-ctrl.ep50.ext,in100.train500.v1,teacher.h.cls.L03,variance_floor.min_over_mean_std,raw|full,0.5580635179545771,0.5541803504047421,0.5618202720409212,50000,384,cheap,
in100.dino-ctrl.ep50.ext,in100.train500.v1,teacher.h.cls.L03,offdiag_redundancy.offdiag_msq,raw|full,0.05439535332129523,0.054189894104796466,0.05505111859994023,50000,384,spectral,
in100.dino-ctrl.ep50.ext,in100.train500.v1,teacher.h.cls.L03,offdiag_redundancy.mean_abs_corr,raw|full,0.18806947339268354,0.1877298639019026,0.1892812898961415,50000,384,spectral,
in100.dino-ctrl.ep50.ext,in100.train500.v1,teacher.h.cls.L03,collapse_margin.trace_cov,raw|full,68.11256775498023,,,50000,384,none,
in100.dino-ctrl.ep50.ext,in100.train500.v1,teacher.h.cls.L03,collapse_margin.min_std,raw|full,0.22107083504285266,,,50000,384,none,
in100.dino-ctrl.ep50.ext,in100.train500.v1,teacher.h.cls.L03,collapse_margin.nn_dist_p5,raw|full,4.0908479298717495,,,50000,384,none,
in100.dino-ctrl.ep50.ext,in100.train500.v1,teacher.h.cls.L03,rankme,raw|full,74.79178887462173,74.08894401086638,74.56447062827515,50000,384,spectral,74.7245159919607
in100.dino-ctrl.ep50.ext,in100.train500.v1,teacher.h.cls.L03,rankme,l2|full,74.78013200412218,74.0789585492858,74.55285503526777,50000,384,spectral,74.69763747467178
in100.dino-ctrl.ep50.ext,in100.train500.v1,teacher.h.cls.L03,effective_rank,raw|full,23.166368839379544,22.93750046844748,23.257993829454865,50000,384,spectral,23.183979012077344
in100.dino-ctrl.ep50.ext,in100.train500.v1,teacher.h.cls.L03,effective_rank,l2|full,23.166892176967046,22.938944395642498,23.259158949609603,50000,384,spectral,23.18444369104449
in100.dino-ctrl.ep50.ext,in100.train500.v1,teacher.h.cls.L03,participation_ratio,raw|full,12.005466370519857,11.851442453813286,12.130522940250598,50000,384,spectral,
in100.dino-ctrl.ep50.ext,in100.train500.v1,teacher.h.cls.L03,participation_ratio,l2|full,12.009119091129275,11.855305443682683,12.134741894758482,50000,384,spectral,
in100.dino-ctrl.ep50.ext,in100.train500.v1,teacher.h.cls.L03,alpha,raw|full,1.9407265958454845,1.944732245851959,1.9500906193199579,50000,384,spectral,
in100.dino-ctrl.ep50.ext,in100.train500.v1,teacher.h.cls.L03,alpha,l2|full,1.940669215143634,1.944672765499742,1.950021894446927,50000,384,spectral,
in100.dino-ctrl.ep50.ext,in100.train500.v1,teacher.h.cls.L03,epps_pulley,raw|full,794.4578247070312,139.8724338531494,170.3292751312256,50000,384,spectral,628.2451171875
in100.dino-ctrl.ep50.ext,in100.train500.v1,teacher.h.cls.L03,epps_pulley,l2|full,794.3131103515625,139.72689208984374,170.31500434875488,50000,384,spectral,630.6539306640625
in100.dino-ctrl.ep50.ext,in100.train500.v1,teacher.h.cls.L03,epps_pulley,raw|pca64,64.34522247314453,11.64540467262268,14.291835808753966,50000,64,spectral,0.5118810534477234
in100.dino-ctrl.ep50.ext,in100.train500.v1,teacher.h.cls.L03,kurt_topeig.mean,raw|full,0.4812149440565374,0.4291094022183298,0.561398712324419,50000,384,spectral,0.00013524823968555922
in100.dino-ctrl.ep50.ext,in100.train500.v1,teacher.h.cls.L03,kurt_topeig.worst,raw|full,1.37430228395701,1.0880921918900548,2.643031453853937,50000,384,spectral,0.036422349517917674
in100.dino-ctrl.ep50.ext,in100.train500.v1,teacher.h.cls.L03,kurt_slices_mean_abs,raw|full,0.48813099438678986,0.429965897113395,0.5218503518424182,50000,384,spectral,0.01674634948614622
in100.dino-ctrl.ep50.ext,in100.train500.v1,teacher.h.cls.L06,uniformity,raw|full,-1.386395756031784,-1.3967370547248763,-1.3771677511944822,50000,384,cheap,-1.3798978454139648
in100.dino-ctrl.ep50.ext,in100.train500.v1,teacher.h.cls.L06,uniformity,raw|pca64,-3.603648782394637,-3.608439594121903,-3.596511635895586,50000,64,cheap,-3.6615807506858546
in100.dino-ctrl.ep50.ext,in100.train500.v1,teacher.h.cls.L06,variance_floor.hinge,raw|full,0.37547807119500337,0.374823426187268,0.3761704676730349,50000,384,cheap,
in100.dino-ctrl.ep50.ext,in100.train500.v1,teacher.h.cls.L06,variance_floor.frac_below_half_mean,raw|full,0.0,0.0,0.0,50000,384,cheap,
in100.dino-ctrl.ep50.ext,in100.train500.v1,teacher.h.cls.L06,variance_floor.frac_below_tenth_mean,raw|full,0.0,0.0,0.0,50000,384,cheap,
in100.dino-ctrl.ep50.ext,in100.train500.v1,teacher.h.cls.L06,variance_floor.min_over_mean_std,raw|full,0.667058722577166,0.6621907710452706,0.6712018105935267,50000,384,cheap,
in100.dino-ctrl.ep50.ext,in100.train500.v1,teacher.h.cls.L06,offdiag_redundancy.offdiag_msq,raw|full,0.025154296267341416,0.0251064339742802,0.025453647450329724,50000,384,spectral,
in100.dino-ctrl.ep50.ext,in100.train500.v1,teacher.h.cls.L06,offdiag_redundancy.mean_abs_corr,raw|full,0.12555956350790254,0.12548606020925976,0.12632909008646048,50000,384,spectral,
in100.dino-ctrl.ep50.ext,in100.train500.v1,teacher.h.cls.L06,collapse_margin.trace_cov,raw|full,169.87201080773121,,,50000,384,none,
in100.dino-ctrl.ep50.ext,in100.train500.v1,teacher.h.cls.L06,collapse_margin.min_std,raw|full,0.42631441153242616,,,50000,384,none,
in100.dino-ctrl.ep50.ext,in100.train500.v1,teacher.h.cls.L06,collapse_margin.nn_dist_p5,raw|full,8.660424132069837,,,50000,384,none,
in100.dino-ctrl.ep50.ext,in100.train500.v1,teacher.h.cls.L06,rankme,raw|full,151.9573637568485,150.8137566719744,151.35475008385657,50000,384,spectral,151.81755313093845
in100.dino-ctrl.ep50.ext,in100.train500.v1,teacher.h.cls.L06,rankme,l2|full,151.89789740912033,150.7590801566406,151.2967295853939,50000,384,spectral,151.7571468456543
in100.dino-ctrl.ep50.ext,in100.train500.v1,teacher.h.cls.L06,effective_rank,raw|full,49.5754035513135,49.020513735839295,49.65236794496289,50000,384,spectral,49.59387760149391
in100.dino-ctrl.ep50.ext,in100.train500.v1,teacher.h.cls.L06,effective_rank,l2|full,49.54785209242944,48.99661772565509,49.6231409540848,50000,384,spectral,49.56645458863509
in100.dino-ctrl.ep50.ext,in100.train500.v1,teacher.h.cls.L06,participation_ratio,raw|full,24.487909248438996,24.200309861923444,24.72233803893228,50000,384,spectral,
in100.dino-ctrl.ep50.ext,in100.train500.v1,teacher.h.cls.L06,participation_ratio,l2|full,24.47445698584502,24.188336233182966,24.70690138960812,50000,384,spectral,
in100.dino-ctrl.ep50.ext,in100.train500.v1,teacher.h.cls.L06,alpha,raw|full,1.6643056300103163,1.6670777947146795,1.6709766398295396,50000,384,spectral,
in100.dino-ctrl.ep50.ext,in100.train500.v1,teacher.h.cls.L06,alpha,l2|full,1.6645073661212473,1.6672756296394806,1.6711769990421537,50000,384,spectral,
in100.dino-ctrl.ep50.ext,in100.train500.v1,teacher.h.cls.L06,epps_pulley,raw|full,338.7579345703125,59.410790634155276,78.2276517868042,50000,384,spectral,290.53839111328125
in100.dino-ctrl.ep50.ext,in100.train500.v1,teacher.h.cls.L06,epps_pulley,l2|full,337.4987487792969,59.342341327667235,77.92391262054443,50000,384,spectral,290.1798400878906
in100.dino-ctrl.ep50.ext,in100.train500.v1,teacher.h.cls.L06,epps_pulley,raw|pca64,16.480934143066406,3.142391085624695,4.1819873213768,50000,64,spectral,0.5490148663520813
in100.dino-ctrl.ep50.ext,in100.train500.v1,teacher.h.cls.L06,kurt_topeig.mean,raw|full,-0.033220023137885676,-0.054490525861160335,0.03326081598443355,50000,384,spectral,0.003637612947690538
in100.dino-ctrl.ep50.ext,in100.train500.v1,teacher.h.cls.L06,kurt_topeig.worst,raw|full,0.8052517216551753,0.7815006916285376,0.8351816583064501,50000,384,spectral,0.036285888533802435
in100.dino-ctrl.ep50.ext,in100.train500.v1,teacher.h.cls.L06,kurt_slices_mean_abs,raw|full,0.13163169391840707,0.12544108996755868,0.1456888583144842,50000,384,spectral,0.01784407983140255
in100.dino-ctrl.ep50.ext,in100.train500.v1,teacher.h.cls.L09,uniformity,raw|full,-2.515765709747192,-2.524172517691425,-2.503467850691374,50000,384,cheap,-2.5189763322277834
in100.dino-ctrl.ep50.ext,in100.train500.v1,teacher.h.cls.L09,uniformity,raw|pca64,-3.717760444376725,-3.7203429635728,-3.7125438918511007,50000,64,cheap,-3.7618170264166246
in100.dino-ctrl.ep50.ext,in100.train500.v1,teacher.h.cls.L09,variance_floor.hinge,raw|full,0.16093530609577408,0.16049603196293324,0.16144618704015026,50000,384,cheap,
in100.dino-ctrl.ep50.ext,in100.train500.v1,teacher.h.cls.L09,variance_floor.frac_below_half_mean,raw|full,0.0,0.0,0.0,50000,384,cheap,
in100.dino-ctrl.ep50.ext,in100.train500.v1,teacher.h.cls.L09,variance_floor.frac_below_tenth_mean,raw|full,0.0,0.0,0.0,50000,384,cheap,
in100.dino-ctrl.ep50.ext,in100.train500.v1,teacher.h.cls.L09,variance_floor.min_over_mean_std,raw|full,0.5713576002426274,0.5676964839965245,0.5742394097856529,50000,384,cheap,
in100.dino-ctrl.ep50.ext,in100.train500.v1,teacher.h.cls.L09,offdiag_redundancy.offdiag_msq,raw|full,0.015726676783294525,0.01575141925805781,0.015881929824980788,50000,384,spectral,
in100.dino-ctrl.ep50.ext,in100.train500.v1,teacher.h.cls.L09,offdiag_redundancy.mean_abs_corr,raw|full,0.09835521196849119,0.098442822015751,0.09889499812769138,50000,384,spectral,
in100.dino-ctrl.ep50.ext,in100.train500.v1,teacher.h.cls.L09,collapse_margin.trace_cov,raw|full,306.90575973837394,,,50000,384,none,
in100.dino-ctrl.ep50.ext,in100.train500.v1,teacher.h.cls.L09,collapse_margin.min_std,raw|full,0.49745082117769185,,,50000,384,none,
in100.dino-ctrl.ep50.ext,in100.train500.v1,teacher.h.cls.L09,collapse_margin.nn_dist_p5,raw|full,12.874023447765115,,,50000,384,none,
in100.dino-ctrl.ep50.ext,in100.train500.v1,teacher.h.cls.L09,rankme,raw|full,198.5809057857864,197.38464620137302,197.74267904501698,50000,384,spectral,198.42542294581835
in100.dino-ctrl.ep50.ext,in100.train500.v1,teacher.h.cls.L09,rankme,l2|full,198.53855237091622,197.34418722362028,197.70260924736488,50000,384,spectral,198.40046157817025
in100.dino-ctrl.ep50.ext,in100.train500.v1,teacher.h.cls.L09,effective_rank,raw|full,76.15282007104034,75.45085739564624,76.02635619975443,50000,384,spectral,76.14895079724414
in100.dino-ctrl.ep50.ext,in100.train500.v1,teacher.h.cls.L09,effective_rank,l2|full,76.10068582298122,75.39883673863015,75.97562813928292,50000,384,spectral,76.09661204654947
in100.dino-ctrl.ep50.ext,in100.train500.v1,teacher.h.cls.L09,participation_ratio,raw|full,40.66541822333213,40.17155406372132,40.78914806064594,50000,384,spectral,
in100.dino-ctrl.ep50.ext,in100.train500.v1,teacher.h.cls.L09,participation_ratio,l2|full,40.6189237304683,40.12726714123117,40.74052291346241,50000,384,spectral,
in100.dino-ctrl.ep50.ext,in100.train500.v1,teacher.h.cls.L09,alpha,raw|full,1.4938042956235102,1.4969334035001896,1.5003603327579913,50000,384,spectral,
in100.dino-ctrl.ep50.ext,in100.train500.v1,teacher.h.cls.L09,alpha,l2|full,1.4939102287741357,1.4970378591464335,1.5004491319432882,50000,384,spectral,
in100.dino-ctrl.ep50.ext,in100.train500.v1,teacher.h.cls.L09,epps_pulley,raw|full,235.42462158203125,36.50351428985596,51.477203369140625,50000,384,spectral,212.553955078125
in100.dino-ctrl.ep50.ext,in100.train500.v1,teacher.h.cls.L09,epps_pulley,l2|full,234.68482971191406,36.38360233306885,51.32413578033447,50000,384,spectral,214.0953369140625
in100.dino-ctrl.ep50.ext,in100.train500.v1,teacher.h.cls.L09,epps_pulley,raw|pca64,9.133746147155762,2.2696012914180757,2.9733372032642365,50000,64,spectral,0.5916533470153809
in100.dino-ctrl.ep50.ext,in100.train500.v1,teacher.h.cls.L09,kurt_topeig.mean,raw|full,-0.3433179246396328,-0.3705403610636162,-0.3006056287820094,50000,384,spectral,0.0031643832065709086
in100.dino-ctrl.ep50.ext,in100.train500.v1,teacher.h.cls.L09,kurt_topeig.worst,raw|full,0.8977069530493971,0.8739161878826468,0.925781545926184,50000,384,spectral,0.041569045004496985
in100.dino-ctrl.ep50.ext,in100.train500.v1,teacher.h.cls.L09,kurt_slices_mean_abs,raw|full,0.10352950363259962,0.10414205766354517,0.1186173249223885,50000,384,spectral,0.018340295891296557
in100.dino-ctrl.ep50.ext,in100.train500.v1,teacher.h.cls.L12,uniformity,raw|full,-3.1269553207664593,-3.131393664538328,-3.115466789784243,50000,384,cheap,-3.131841654029252
in100.dino-ctrl.ep50.ext,in100.train500.v1,teacher.h.cls.L12,uniformity,raw|pca64,-3.746742981009979,-3.7490834508216957,-3.741979069932762,50000,64,cheap,-3.7936683814175582
in100.dino-ctrl.ep50.ext,in100.train500.v1,teacher.h.cls.L12,variance_floor.hinge,raw|full,0.07742886289381841,0.07720771755101287,0.07769389331832091,50000,384,cheap,
in100.dino-ctrl.ep50.ext,in100.train500.v1,teacher.h.cls.L12,variance_floor.frac_below_half_mean,raw|full,0.0,0.0,0.0,50000,384,cheap,
in100.dino-ctrl.ep50.ext,in100.train500.v1,teacher.h.cls.L12,variance_floor.frac_below_tenth_mean,raw|full,0.0,0.0,0.0,50000,384,cheap,
in100.dino-ctrl.ep50.ext,in100.train500.v1,teacher.h.cls.L12,variance_floor.min_over_mean_std,raw|full,0.5358905121168551,0.532346925835635,0.538446807348192,50000,384,cheap,
in100.dino-ctrl.ep50.ext,in100.train500.v1,teacher.h.cls.L12,offdiag_redundancy.offdiag_msq,raw|full,0.015208906551636819,0.015253306752987354,0.015378830353664191,50000,384,spectral,
in100.dino-ctrl.ep50.ext,in100.train500.v1,teacher.h.cls.L12,offdiag_redundancy.mean_abs_corr,raw|full,0.09662547148609497,0.09677460356597788,0.09721189430462043,50000,384,spectral,
in100.dino-ctrl.ep50.ext,in100.train500.v1,teacher.h.cls.L12,collapse_margin.trace_cov,raw|full,386.8859453452303,,,50000,384,none,
in100.dino-ctrl.ep50.ext,in100.train500.v1,teacher.h.cls.L12,collapse_margin.min_std,raw|full,0.5273670563452665,,,50000,384,none,
in100.dino-ctrl.ep50.ext,in100.train500.v1,teacher.h.cls.L12,collapse_margin.nn_dist_p5,raw|full,13.006209959386885,,,50000,384,none,
in100.dino-ctrl.ep50.ext,in100.train500.v1,teacher.h.cls.L12,rankme,raw|full,200.0914850368611,198.8412647233033,199.3088625651068,50000,384,spectral,199.95378138622223
in100.dino-ctrl.ep50.ext,in100.train500.v1,teacher.h.cls.L12,rankme,l2|full,200.09293893100028,198.843395157649,199.30812731141825,50000,384,spectral,199.95974516697993
in100.dino-ctrl.ep50.ext,in100.train500.v1,teacher.h.cls.L12,effective_rank,raw|full,80.45591215848606,79.70327750550848,80.22236740639573,50000,384,spectral,80.43578064822674
in100.dino-ctrl.ep50.ext,in100.train500.v1,teacher.h.cls.L12,effective_rank,l2|full,80.41753401105737,79.66418788527551,80.18228906739827,50000,384,spectral,80.39740008327666
in100.dino-ctrl.ep50.ext,in100.train500.v1,teacher.h.cls.L12,participation_ratio,raw|full,48.09038076470126,47.42259575566749,48.12086218394355,50000,384,spectral,
in100.dino-ctrl.ep50.ext,in100.train500.v1,teacher.h.cls.L12,participation_ratio,l2|full,48.011087628462235,47.34665446380544,48.04455112278375,50000,384,spectral,
in100.dino-ctrl.ep50.ext,in100.train500.v1,teacher.h.cls.L12,alpha,raw|full,1.5632075732286381,1.565915064011768,1.5710906627593775,50000,384,spectral,
in100.dino-ctrl.ep50.ext,in100.train500.v1,teacher.h.cls.L12,alpha,l2|full,1.5628877209046979,1.5655987698643172,1.5707712690837063,50000,384,spectral,
in100.dino-ctrl.ep50.ext,in100.train500.v1,teacher.h.cls.L12,epps_pulley,raw|full,217.98878479003906,36.41672134399414,47.159301090240476,50000,384,spectral,196.72677612304688
in100.dino-ctrl.ep50.ext,in100.train500.v1,teacher.h.cls.L12,epps_pulley,l2|full,217.71974182128906,36.32756567001343,47.09529008865356,50000,384,spectral,196.71693420410156
in100.dino-ctrl.ep50.ext,in100.train500.v1,teacher.h.cls.L12,epps_pulley,raw|pca64,10.514378547668457,2.5792488276958467,3.2366157829761506,50000,64,spectral,0.5923047065734863
in100.dino-ctrl.ep50.ext,in100.train500.v1,teacher.h.cls.L12,kurt_topeig.mean,raw|full,-0.3874034621982804,-0.42266606109811405,-0.3413401481821352,50000,384,spectral,0.0015150001971917515
in100.dino-ctrl.ep50.ext,in100.train500.v1,teacher.h.cls.L12,kurt_topeig.worst,raw|full,0.8351272550558924,0.8004183618131937,0.8702142493969937,50000,384,spectral,0.04142572389193999
in100.dino-ctrl.ep50.ext,in100.train500.v1,teacher.h.cls.L12,kurt_slices_mean_abs,raw|full,0.1198783521759457,0.11707744161111482,0.13440640670827428,50000,384,spectral,0.01874113849323729
in100.dino-ctrl.ep50.ext,in100.train500.v1,teacher.h.gap,uniformity,raw|full,-2.5804285259473896,-2.585989741539154,-2.566534808516822,50000,384,cheap,-2.6274877891527253
in100.dino-ctrl.ep50.ext,in100.train500.v1,teacher.h.gap,uniformity,raw|pca64,-3.5855346942282225,-3.591215156074845,-3.574395995311965,50000,64,cheap,-3.6737516409545146
in100.dino-ctrl.ep50.ext,in100.train500.v1,teacher.h.gap,variance_floor.hinge,raw|full,0.573337404454487,0.5727388427187003,0.5740514929743462,50000,384,cheap,
in100.dino-ctrl.ep50.ext,in100.train500.v1,teacher.h.gap,variance_floor.frac_below_half_mean,raw|full,0.0,0.0,0.0,50000,384,cheap,
in100.dino-ctrl.ep50.ext,in100.train500.v1,teacher.h.gap,variance_floor.frac_below_tenth_mean,raw|full,0.0,0.0,0.0,50000,384,cheap,
in100.dino-ctrl.ep50.ext,in100.train500.v1,teacher.h.gap,variance_floor.min_over_mean_std,raw|full,0.5970649169876772,0.5933060015738875,0.6013060584354264,50000,384,cheap,
in100.dino-ctrl.ep50.ext,in100.train500.v1,teacher.h.gap,offdiag_redundancy.offdiag_msq,raw|full,0.02213146407448277,0.021952085054207326,0.02261422610329393,50000,384,spectral,
in100.dino-ctrl.ep50.ext,in100.train500.v1,teacher.h.gap,offdiag_redundancy.mean_abs_corr,raw|full,0.11891944016909071,0.11845957159014649,0.1202423055907853,50000,384,spectral,
in100.dino-ctrl.ep50.ext,in100.train500.v1,teacher.h.gap,collapse_margin.trace_cov,raw|full,79.27386852400367,,,50000,384,none,
in100.dino-ctrl.ep50.ext,in100.train500.v1,teacher.h.gap,collapse_margin.min_std,raw|full,0.25734080407309184,,,50000,384,none,
in100.dino-ctrl.ep50.ext,in100.train500.v1,teacher.h.gap,collapse_margin.nn_dist_p5,raw|full,5.456348117994163,,,50000,384,none,
in100.dino-ctrl.ep50.ext,in100.train500.v1,teacher.h.gap,rankme,raw|full,192.73896963635585,191.32400693295648,191.86933713781616,50000,384,spectral,192.5978116660813
in100.dino-ctrl.ep50.ext,in100.train500.v1,teacher.h.gap,rankme,l2|full,193.63009416639025,192.37658346794097,192.76671321460262,50000,384,spectral,193.4820395147387
in100.dino-ctrl.ep50.ext,in100.train500.v1,teacher.h.gap,effective_rank,raw|full,55.69432389326711,54.99094340578363,55.82496956630252,50000,384,spectral,55.73862614242864
in100.dino-ctrl.ep50.ext,in100.train500.v1,teacher.h.gap,effective_rank,l2|full,57.70506186647596,57.165069638308445,57.80580073049904,50000,384,spectral,57.74555578115137
in100.dino-ctrl.ep50.ext,in100.train500.v1,teacher.h.gap,participation_ratio,raw|full,25.260949617316722,24.892646632565896,25.604878283131892,50000,384,spectral,
in100.dino-ctrl.ep50.ext,in100.train500.v1,teacher.h.gap,participation_ratio,l2|full,26.421939162940944,26.11085586799568,26.757712031445138,50000,384,spectral,
in100.dino-ctrl.ep50.ext,in100.train500.v1,teacher.h.gap,alpha,raw|full,1.5968209554582196,1.5991073652152523,1.6029084782504222,50000,384,spectral,
in100.dino-ctrl.ep50.ext,in100.train500.v1,teacher.h.gap,alpha,l2|full,1.5872738377831912,1.5894003587982986,1.5925063921668037,50000,384,spectral,
in100.dino-ctrl.ep50.ext,in100.train500.v1,teacher.h.gap,epps_pulley,raw|full,304.8790283203125,59.76113328933716,75.07151927947997,50000,384,spectral,237.92715454101562
in100.dino-ctrl.ep50.ext,in100.train500.v1,teacher.h.gap,epps_pulley,l2|full,252.58226013183594,50.05416078567505,64.51237850189209,50000,384,spectral,223.5351104736328
in100.dino-ctrl.ep50.ext,in100.train500.v1,teacher.h.gap,epps_pulley,raw|pca64,36.53996276855469,7.263891816139221,9.309285926818847,50000,64,spectral,0.5225086808204651
in100.dino-ctrl.ep50.ext,in100.train500.v1,teacher.h.gap,kurt_topeig.mean,raw|full,0.44768084974863936,0.33717463079716065,0.6491969416155752,50000,384,spectral,0.0016809615806791189
in100.dino-ctrl.ep50.ext,in100.train500.v1,teacher.h.gap,kurt_topeig.worst,raw|full,2.620524592791587,1.3085603252568758,4.793869898785929,50000,384,spectral,0.050687052883654715
in100.dino-ctrl.ep50.ext,in100.train500.v1,teacher.h.gap,kurt_slices_mean_abs,raw|full,0.34763569264970345,0.2951026706248769,0.35188872665935716,50000,384,spectral,0.017289592355229623
in100.dino-ctrl.ep50.ext,in100.train500.v1,teacher.h.gap.L03,uniformity,raw|full,-1.3356435035203356,-1.3495056226052267,-1.3210532844471172,50000,384,cheap,-1.4188987741328773
in100.dino-ctrl.ep50.ext,in100.train500.v1,teacher.h.gap.L03,uniformity,raw|pca64,-3.226976267639158,-3.2438671143400426,-3.2163395930620786,50000,64,cheap,-3.3449934950202156
in100.dino-ctrl.ep50.ext,in100.train500.v1,teacher.h.gap.L03,variance_floor.hinge,raw|full,0.7449356449642627,0.7443567774613107,0.7454705264314232,50000,384,cheap,
in100.dino-ctrl.ep50.ext,in100.train500.v1,teacher.h.gap.L03,variance_floor.frac_below_half_mean,raw|full,0.0,0.0,0.0,50000,384,cheap,
in100.dino-ctrl.ep50.ext,in100.train500.v1,teacher.h.gap.L03,variance_floor.frac_below_tenth_mean,raw|full,0.0,0.0,0.0,50000,384,cheap,
in100.dino-ctrl.ep50.ext,in100.train500.v1,teacher.h.gap.L03,variance_floor.min_over_mean_std,raw|full,0.5477219268572833,0.5435405187073764,0.5520681749302241,50000,384,cheap,
in100.dino-ctrl.ep50.ext,in100.train500.v1,teacher.h.gap.L03,offdiag_redundancy.offdiag_msq,raw|full,0.04001978357428709,0.03956425427472161,0.04063485776486476,50000,384,spectral,
in100.dino-ctrl.ep50.ext,in100.train500.v1,teacher.h.gap.L03,offdiag_redundancy.mean_abs_corr,raw|full,0.15978664059831538,0.15892267728079892,0.16099422641347796,50000,384,spectral,
in100.dino-ctrl.ep50.ext,in100.train500.v1,teacher.h.gap.L03,collapse_margin.trace_cov,raw|full,35.34789158482633,,,50000,384,none,
in100.dino-ctrl.ep50.ext,in100.train500.v1,teacher.h.gap.L03,collapse_margin.min_std,raw|full,0.14168949909540476,,,50000,384,none,
in100.dino-ctrl.ep50.ext,in100.train500.v1,teacher.h.gap.L03,collapse_margin.nn_dist_p5,raw|full,2.8588780604679385,,,50000,384,none,
in100.dino-ctrl.ep50.ext,in100.train500.v1,teacher.h.gap.L03,rankme,raw|full,124.01860972495933,122.84600610116824,123.48803811593348,50000,384,spectral,123.95289905355513
in100.dino-ctrl.ep50.ext,in100.train500.v1,teacher.h.gap.L03,rankme,l2|full,124.6430839833532,123.59631663782825,124.14840956063068,50000,384,spectral,124.52789377758587
in100.dino-ctrl.ep50.ext,in100.train500.v1,teacher.h.gap.L03,effective_rank,raw|full,22.755436160796304,22.36864356621999,23.01742398983585,50000,384,spectral,22.81088357093808
in100.dino-ctrl.ep50.ext,in100.train500.v1,teacher.h.gap.L03,effective_rank,l2|full,24.603749434848126,24.258853404426524,24.894418376459583,50000,384,spectral,24.658300730118384
in100.dino-ctrl.ep50.ext,in100.train500.v1,teacher.h.gap.L03,participation_ratio,raw|full,9.31705999815335,9.0837150470121,9.495801580033202,50000,384,spectral,
in100.dino-ctrl.ep50.ext,in100.train500.v1,teacher.h.gap.L03,participation_ratio,l2|full,10.292788145803536,10.101658169307441,10.513926896146003,50000,384,spectral,
in100.dino-ctrl.ep50.ext,in100.train500.v1,teacher.h.gap.L03,alpha,raw|full,1.7708229480354614,1.7748003649785937,1.7805448994723907,50000,384,spectral,
in100.dino-ctrl.ep50.ext,in100.train500.v1,teacher.h.gap.L03,alpha,l2|full,1.7567558929902143,1.7600821192938154,1.7648480324485598,50000,384,spectral,
in100.dino-ctrl.ep50.ext,in100.train500.v1,teacher.h.gap.L03,epps_pulley,raw|full,596.2828369140625,107.8383996963501,139.4125717163086,50000,384,spectral,449.05340576171875
in100.dino-ctrl.ep50.ext,in100.train500.v1,teacher.h.gap.L03,epps_pulley,l2|full,518.2930297851562,95.07150115966797,124.58212547302246,50000,384,spectral,409.39654541015625
in100.dino-ctrl.ep50.ext,in100.train500.v1,teacher.h.gap.L03,epps_pulley,raw|pca64,118.40950012207031,21.91560878753662,25.91743640899658,50000,64,spectral,0.5772998929023743
in100.dino-ctrl.ep50.ext,in100.train500.v1,teacher.h.gap.L03,kurt_topeig.mean,raw|full,0.6940719957120928,0.6203556008957641,0.8065356283026486,50000,384,spectral,0.00042924869099807416
in100.dino-ctrl.ep50.ext,in100.train500.v1,teacher.h.gap.L03,kurt_topeig.worst,raw|full,1.6972444477909399,1.498111684568444,2.121304119137791,50000,384,spectral,0.034272720292442216
in100.dino-ctrl.ep50.ext,in100.train500.v1,teacher.h.gap.L03,kurt_slices_mean_abs,raw|full,0.7051356142304037,0.7054390066537161,0.8215416965662778,50000,384,spectral,0.01677081043452945
in100.dino-ctrl.ep50.ext,in100.train500.v1,teacher.h.gap.L06,uniformity,raw|full,-1.7829373016576735,-1.7953883968430604,-1.7719458328832576,50000,384,cheap,-1.8605856016969669
in100.dino-ctrl.ep50.ext,in100.train500.v1,teacher.h.gap.L06,uniformity,raw|pca64,-3.46224643378979,-3.4734478648142,-3.4504726149952143,50000,64,cheap,-3.569691248276081
in100.dino-ctrl.ep50.ext,in100.train500.v1,teacher.h.gap.L06,variance_floor.hinge,raw|full,0.6718912256066288,0.6712696277655945,0.6725265895285292,50000,384,cheap,
in100.dino-ctrl.ep50.ext,in100.train500.v1,teacher.h.gap.L06,variance_floor.frac_below_half_mean,raw|full,0.0,0.0,0.0,50000,384,cheap,
in100.dino-ctrl.ep50.ext,in100.train500.v1,teacher.h.gap.L06,variance_floor.frac_below_tenth_mean,raw|full,0.0,0.0,0.0,50000,384,cheap,
in100.dino-ctrl.ep50.ext,in100.train500.v1,teacher.h.gap.L06,variance_floor.min_over_mean_std,raw|full,0.6068726000554019,0.602447482200257,0.6108254323602952,50000,384,cheap,
in100.dino-ctrl.ep50.ext,in100.train500.v1,teacher.h.gap.L06,offdiag_redundancy.offdiag_msq,raw|full,0.0277333937376864,0.027499250215036047,0.028117906813369828,50000,384,spectral,
in100.dino-ctrl.ep50.ext,in100.train500.v1,teacher.h.gap.L06,offdiag_redundancy.mean_abs_corr,raw|full,0.13231223146720736,0.13173370397461456,0.13323818465145018,50000,384,spectral,
in100.dino-ctrl.ep50.ext,in100.train500.v1,teacher.h.gap.L06,collapse_margin.trace_cov,raw|full,48.290080608964765,,,50000,384,none,
in100.dino-ctrl.ep50.ext,in100.train500.v1,teacher.h.gap.L06,collapse_margin.min_std,raw|full,0.200318870822218,,,50000,384,none,
in100.dino-ctrl.ep50.ext,in100.train500.v1,teacher.h.gap.L06,collapse_margin.nn_dist_p5,raw|full,3.9875586873465627,,,50000,384,none,
in100.dino-ctrl.ep50.ext,in100.train500.v1,teacher.h.gap.L06,rankme,raw|full,162.95638003081464,161.66634207296778,162.24436213712306,50000,384,spectral,162.84027278110494
in100.dino-ctrl.ep50.ext,in100.train500.v1,teacher.h.gap.L06,rankme,l2|full,163.17195599079918,162.05714509697108,162.52423493752383,50000,384,spectral,163.0191025098771
in100.dino-ctrl.ep50.ext,in100.train500.v1,teacher.h.gap.L06,effective_rank,raw|full,41.14153692999725,40.579903533966224,41.35281402350951,50000,384,spectral,41.19582995057206
in100.dino-ctrl.ep50.ext,in100.train500.v1,teacher.h.gap.L06,effective_rank,l2|full,42.73067188672048,42.23562591352774,42.951800792596316,50000,384,spectral,42.7821992299981
in100.dino-ctrl.ep50.ext,in100.train500.v1,teacher.h.gap.L06,participation_ratio,raw|full,17.26262623607994,16.914730093116532,17.55443061032863,50000,384,spectral,
in100.dino-ctrl.ep50.ext,in100.train500.v1,teacher.h.gap.L06,participation_ratio,l2|full,18.132567460813295,17.845472226078552,18.44368733514261,50000,384,spectral,
in100.dino-ctrl.ep50.ext,in100.train500.v1,teacher.h.gap.L06,alpha,raw|full,1.6589608362893218,1.661781808818376,1.66554483913385,50000,384,spectral,
in100.dino-ctrl.ep50.ext,in100.train500.v1,teacher.h.gap.L06,alpha,l2|full,1.647550501708799,1.6499998734329533,1.6534722221647542,50000,384,spectral,
in100.dino-ctrl.ep50.ext,in100.train500.v1,teacher.h.gap.L06,epps_pulley,raw|full,424.69915771484375,74.1970796585083,99.95560321807861,50000,384,spectral,297.67333984375
in100.dino-ctrl.ep50.ext,in100.train500.v1,teacher.h.gap.L06,epps_pulley,l2|full,361.9721374511719,63.193109130859376,87.82897472381592,50000,384,spectral,297.3569030761719
in100.dino-ctrl.ep50.ext,in100.train500.v1,teacher.h.gap.L06,epps_pulley,raw|pca64,80.30937194824219,14.411215615272521,18.44160828590393,50000,64,spectral,0.6123957633972168
in100.dino-ctrl.ep50.ext,in100.train500.v1,teacher.h.gap.L06,kurt_topeig.mean,raw|full,0.6122354121356623,0.5543955245656969,0.7507293271456777,50000,384,spectral,0.003146652945038175
in100.dino-ctrl.ep50.ext,in100.train500.v1,teacher.h.gap.L06,kurt_topeig.worst,raw|full,1.9064617954359813,1.4700865366691322,2.4318240795049686,50000,384,spectral,0.058656249611264144
in100.dino-ctrl.ep50.ext,in100.train500.v1,teacher.h.gap.L06,kurt_slices_mean_abs,raw|full,0.6038169854902719,0.5304309937415792,0.6685843507433584,50000,384,spectral,0.017288826697807638
in100.dino-ctrl.ep50.ext,in100.train500.v1,teacher.h.gap.L09,uniformity,raw|full,-2.3470261762560436,-2.3563789170581266,-2.3366184273881556,50000,384,cheap,-2.4162145808854003
in100.dino-ctrl.ep50.ext,in100.train500.v1,teacher.h.gap.L09,uniformity,raw|pca64,-3.5661227455892592,-3.5727727356144867,-3.554638805683631,50000,64,cheap,-3.6641656104962737
in100.dino-ctrl.ep50.ext,in100.train500.v1,teacher.h.gap.L09,variance_floor.hinge,raw|full,0.5998651915577305,0.5992614556466053,0.6006190125161583,50000,384,cheap,
in100.dino-ctrl.ep50.ext,in100.train500.v1,teacher.h.gap.L09,variance_floor.frac_below_half_mean,raw|full,0.0,0.0,0.0,50000,384,cheap,
in100.dino-ctrl.ep50.ext,in100.train500.v1,teacher.h.gap.L09,variance_floor.frac_below_tenth_mean,raw|full,0.0,0.0,0.0,50000,384,cheap,
in100.dino-ctrl.ep50.ext,in100.train500.v1,teacher.h.gap.L09,variance_floor.min_over_mean_std,raw|full,0.5830543984409052,0.5789853780294386,0.586757076309083,50000,384,cheap,
in100.dino-ctrl.ep50.ext,in100.train500.v1,teacher.h.gap.L09,offdiag_redundancy.offdiag_msq,raw|full,0.022488637835256457,0.022330412033789198,0.022993098428861065,50000,384,spectral,
in100.dino-ctrl.ep50.ext,in100.train500.v1,teacher.h.gap.L09,offdiag_redundancy.mean_abs_corr,raw|full,0.11950104876314022,0.11905268522761955,0.12087613853261046,50000,384,spectral,
in100.dino-ctrl.ep50.ext,in100.train500.v1,teacher.h.gap.L09,collapse_margin.trace_cov,raw|full,67.83389378334536,,,50000,384,none,
in100.dino-ctrl.ep50.ext,in100.train500.v1,teacher.h.gap.L09,collapse_margin.min_std,raw|full,0.2345181301924939,,,50000,384,none,
in100.dino-ctrl.ep50.ext,in100.train500.v1,teacher.h.gap.L09,collapse_margin.nn_dist_p5,raw|full,5.071946689885279,,,50000,384,none,
in100.dino-ctrl.ep50.ext,in100.train500.v1,teacher.h.gap.L09,rankme,raw|full,195.67459422579572,194.19722682419078,194.77444831183726,50000,384,spectral,195.52085923705295
in100.dino-ctrl.ep50.ext,in100.train500.v1,teacher.h.gap.L09,rankme,l2|full,196.29765769505704,195.04150267512114,195.47297976499266,50000,384,spectral,196.18111216771445
in100.dino-ctrl.ep50.ext,in100.train500.v1,teacher.h.gap.L09,effective_rank,raw|full,57.953948317474165,57.17196966223029,58.08974659721422,50000,384,spectral,58.00483025026202
in100.dino-ctrl.ep50.ext,in100.train500.v1,teacher.h.gap.L09,effective_rank,l2|full,59.811477766742655,59.148340340711584,59.89051444321988,50000,384,spectral,59.85743496692581
in100.dino-ctrl.ep50.ext,in100.train500.v1,teacher.h.gap.L09,participation_ratio,raw|full,25.10952872090889,24.68434538433646,25.446296294786755,50000,384,spectral,
in100.dino-ctrl.ep50.ext,in100.train500.v1,teacher.h.gap.L09,participation_ratio,l2|full,26.164581863543102,25.812150955947605,26.477288921814274,50000,384,spectral,
in100.dino-ctrl.ep50.ext,in100.train500.v1,teacher.h.gap.L09,alpha,raw|full,1.4957502114994388,1.4990119987621786,1.5030325283590404,50000,384,spectral,
in100.dino-ctrl.ep50.ext,in100.train500.v1,teacher.h.gap.L09,alpha,l2|full,1.4848940671512787,1.488012803119971,1.4913528878370539,50000,384,spectral,
in100.dino-ctrl.ep50.ext,in100.train500.v1,teacher.h.gap.L09,epps_pulley,raw|full,336.5178527832031,62.446622943878175,77.49644622802734,50000,384,spectral,229.1685028076172
in100.dino-ctrl.ep50.ext,in100.train500.v1,teacher.h.gap.L09,epps_pulley,l2|full,267.8520812988281,52.486420249938966,67.96889209747314,50000,384,spectral,222.4178924560547
in100.dino-ctrl.ep50.ext,in100.train500.v1,teacher.h.gap.L09,epps_pulley,raw|pca64,51.70736312866211,9.445710754394531,12.180836963653563,50000,64,spectral,0.592628538608551
in100.dino-ctrl.ep50.ext,in100.train500.v1,teacher.h.gap.L09,kurt_topeig.mean,raw|full,0.42935478123502807,0.29239399669068217,0.5723268155996158,50000,384,spectral,0.0005671584015819686
in100.dino-ctrl.ep50.ext,in100.train500.v1,teacher.h.gap.L09,kurt_topeig.worst,raw|full,2.326247662498405,1.239694743392531,2.883681247465998,50000,384,spectral,0.038390691411604116
in100.dino-ctrl.ep50.ext,in100.train500.v1,teacher.h.gap.L09,kurt_slices_mean_abs,raw|full,0.4173718422861354,0.38904820260000844,0.466817932680863,50000,384,spectral,0.01783718403848803
in100.dino-ctrl.ep50.ext,in100.train500.v1,teacher.h.gap.L12,uniformity,raw|full,-2.5804285259473896,-2.585989741539154,-2.566534808516822,50000,384,cheap,-2.6274877891527253
in100.dino-ctrl.ep50.ext,in100.train500.v1,teacher.h.gap.L12,uniformity,raw|pca64,-3.5855346942282225,-3.591215156074845,-3.574395995311965,50000,64,cheap,-3.6737516409545146
in100.dino-ctrl.ep50.ext,in100.train500.v1,teacher.h.gap.L12,variance_floor.hinge,raw|full,0.573337404454487,0.5727388427187003,0.5740514929743462,50000,384,cheap,
in100.dino-ctrl.ep50.ext,in100.train500.v1,teacher.h.gap.L12,variance_floor.frac_below_half_mean,raw|full,0.0,0.0,0.0,50000,384,cheap,
in100.dino-ctrl.ep50.ext,in100.train500.v1,teacher.h.gap.L12,variance_floor.frac_below_tenth_mean,raw|full,0.0,0.0,0.0,50000,384,cheap,
in100.dino-ctrl.ep50.ext,in100.train500.v1,teacher.h.gap.L12,variance_floor.min_over_mean_std,raw|full,0.5970649169876772,0.5933060015738875,0.6013060584354264,50000,384,cheap,
in100.dino-ctrl.ep50.ext,in100.train500.v1,teacher.h.gap.L12,offdiag_redundancy.offdiag_msq,raw|full,0.02213146407448277,0.021952085054207326,0.02261422610329393,50000,384,spectral,
in100.dino-ctrl.ep50.ext,in100.train500.v1,teacher.h.gap.L12,offdiag_redundancy.mean_abs_corr,raw|full,0.11891944016909071,0.11845957159014649,0.1202423055907853,50000,384,spectral,
in100.dino-ctrl.ep50.ext,in100.train500.v1,teacher.h.gap.L12,collapse_margin.trace_cov,raw|full,79.27386852400367,,,50000,384,none,
in100.dino-ctrl.ep50.ext,in100.train500.v1,teacher.h.gap.L12,collapse_margin.min_std,raw|full,0.25734080407309184,,,50000,384,none,
in100.dino-ctrl.ep50.ext,in100.train500.v1,teacher.h.gap.L12,collapse_margin.nn_dist_p5,raw|full,5.456348117994163,,,50000,384,none,
in100.dino-ctrl.ep50.ext,in100.train500.v1,teacher.h.gap.L12,rankme,raw|full,192.73896963635585,191.32400693295648,191.86933713781616,50000,384,spectral,192.5978116660813
in100.dino-ctrl.ep50.ext,in100.train500.v1,teacher.h.gap.L12,rankme,l2|full,193.63009416639025,192.37658346794097,192.76671321460262,50000,384,spectral,193.4820395147387
in100.dino-ctrl.ep50.ext,in100.train500.v1,teacher.h.gap.L12,effective_rank,raw|full,55.69432389326711,54.99094340578363,55.82496956630252,50000,384,spectral,55.73862614242864
in100.dino-ctrl.ep50.ext,in100.train500.v1,teacher.h.gap.L12,effective_rank,l2|full,57.70506186647596,57.165069638308445,57.80580073049904,50000,384,spectral,57.74555578115137
in100.dino-ctrl.ep50.ext,in100.train500.v1,teacher.h.gap.L12,participation_ratio,raw|full,25.260949617316722,24.892646632565896,25.604878283131892,50000,384,spectral,
in100.dino-ctrl.ep50.ext,in100.train500.v1,teacher.h.gap.L12,participation_ratio,l2|full,26.421939162940944,26.11085586799568,26.757712031445138,50000,384,spectral,
in100.dino-ctrl.ep50.ext,in100.train500.v1,teacher.h.gap.L12,alpha,raw|full,1.5968209554582196,1.5991073652152523,1.6029084782504222,50000,384,spectral,
in100.dino-ctrl.ep50.ext,in100.train500.v1,teacher.h.gap.L12,alpha,l2|full,1.5872738377831912,1.5894003587982986,1.5925063921668037,50000,384,spectral,
in100.dino-ctrl.ep50.ext,in100.train500.v1,teacher.h.gap.L12,epps_pulley,raw|full,304.8790283203125,59.76113328933716,75.07151927947997,50000,384,spectral,237.92715454101562
in100.dino-ctrl.ep50.ext,in100.train500.v1,teacher.h.gap.L12,epps_pulley,l2|full,252.58226013183594,50.05416078567505,64.51237850189209,50000,384,spectral,223.5351104736328
in100.dino-ctrl.ep50.ext,in100.train500.v1,teacher.h.gap.L12,epps_pulley,raw|pca64,36.53996276855469,7.263891816139221,9.309285926818847,50000,64,spectral,0.5225086808204651
in100.dino-ctrl.ep50.ext,in100.train500.v1,teacher.h.gap.L12,kurt_topeig.mean,raw|full,0.44768084974863936,0.33717463079716065,0.6491969416155752,50000,384,spectral,0.0016809615806791189
in100.dino-ctrl.ep50.ext,in100.train500.v1,teacher.h.gap.L12,kurt_topeig.worst,raw|full,2.620524592791587,1.3085603252568758,4.793869898785929,50000,384,spectral,0.050687052883654715
in100.dino-ctrl.ep50.ext,in100.train500.v1,teacher.h.gap.L12,kurt_slices_mean_abs,raw|full,0.34763569264970345,0.2951026706248769,0.35188872665935716,50000,384,spectral,0.017289592355229623
in100.dino-ctrl.ep50.ext,in100.train500.v1,teacher.z.dino.bottleneck,uniformity,raw|full,-3.60820136844748,-3.6130587343852962,-3.6008373584869027,50000,256,cheap,-3.666188151123905
in100.dino-ctrl.ep50.ext,in100.train500.v1,teacher.z.dino.bottleneck,uniformity,raw|pca64,-3.75687668480703,-3.7576848799372216,-3.7524217699678974,50000,64,cheap,-3.8404218820126244
in100.dino-ctrl.ep50.ext,in100.train500.v1,teacher.z.dino.bottleneck,variance_floor.hinge,raw|full,0.3994264373590964,0.3978454091427849,0.40090825767412086,50000,256,cheap,
in100.dino-ctrl.ep50.ext,in100.train500.v1,teacher.z.dino.bottleneck,variance_floor.frac_below_half_mean,raw|full,0.0,0.0,0.0,50000,256,cheap,
in100.dino-ctrl.ep50.ext,in100.train500.v1,teacher.z.dino.bottleneck,variance_floor.frac_below_tenth_mean,raw|full,0.0,0.0,0.0,50000,256,cheap,
in100.dino-ctrl.ep50.ext,in100.train500.v1,teacher.z.dino.bottleneck,variance_floor.min_over_mean_std,raw|full,0.6288025252339151,0.623755990822668,0.6332626859771106,50000,256,cheap,
in100.dino-ctrl.ep50.ext,in100.train500.v1,teacher.z.dino.bottleneck,offdiag_redundancy.offdiag_msq,raw|full,0.012761244003568347,0.01271919415196562,0.01329352161887593,50000,256,spectral,
in100.dino-ctrl.ep50.ext,in100.train500.v1,teacher.z.dino.bottleneck,offdiag_redundancy.mean_abs_corr,raw|full,0.08970999521745408,0.08956072566332623,0.09157990646049576,50000,256,spectral,
in100.dino-ctrl.ep50.ext,in100.train500.v1,teacher.z.dino.bottleneck,collapse_margin.trace_cov,raw|full,93.02997153424913,,,50000,256,none,
in100.dino-ctrl.ep50.ext,in100.train500.v1,teacher.z.dino.bottleneck,collapse_margin.min_std,raw|full,0.3776421727779579,,,50000,256,none,
in100.dino-ctrl.ep50.ext,in100.train500.v1,teacher.z.dino.bottleneck,collapse_margin.nn_dist_p5,raw|full,3.370120139754759,,,50000,256,none,
in100.dino-ctrl.ep50.ext,in100.train500.v1,teacher.z.dino.bottleneck,rankme,raw|full,138.0131827837507,137.0624595320534,137.8077416195526,50000,256,spectral,137.93298865230966
in100.dino-ctrl.ep50.ext,in100.train500.v1,teacher.z.dino.bottleneck,rankme,l2|full,141.4925258752164,140.89448686954353,141.2084135924837,50000,256,spectral,141.41986111268398
in100.dino-ctrl.ep50.ext,in100.train500.v1,teacher.z.dino.bottleneck,effective_rank,raw|full,78.6445577069995,77.21982993536294,78.57396940438429,50000,256,spectral,78.61385813058533
in100.dino-ctrl.ep50.ext,in100.train500.v1,teacher.z.dino.bottleneck,effective_rank,l2|full,80.92118961561569,80.26361118482028,80.80288552281849,50000,256,spectral,80.87911731316001
in100.dino-ctrl.ep50.ext,in100.train500.v1,teacher.z.dino.bottleneck,participation_ratio,raw|full,59.93745022306255,57.96374584385405,60.11061954259954,50000,256,spectral,
in100.dino-ctrl.ep50.ext,in100.train500.v1,teacher.z.dino.bottleneck,participation_ratio,l2|full,62.33161193640913,61.56913727706752,62.28998955093654,50000,256,spectral,
in100.dino-ctrl.ep50.ext,in100.train500.v1,teacher.z.dino.bottleneck,alpha,raw|full,2.062104739684048,2.0657311258239734,2.078879044977901,50000,256,spectral,
in100.dino-ctrl.ep50.ext,in100.train500.v1,teacher.z.dino.bottleneck,alpha,l2|full,1.9942295201437603,1.9991646223685777,2.0042931036634624,50000,256,spectral,
in100.dino-ctrl.ep50.ext,in100.train500.v1,teacher.z.dino.bottleneck,epps_pulley,raw|full,333.5732727050781,65.58587989807128,79.69571990966797,50000,256,spectral,156.6782989501953
in100.dino-ctrl.ep50.ext,in100.train500.v1,teacher.z.dino.bottleneck,epps_pulley,l2|full,197.3206329345703,33.20458908081055,44.55447292327881,50000,256,spectral,152.71310424804688
in100.dino-ctrl.ep50.ext,in100.train500.v1,teacher.z.dino.bottleneck,epps_pulley,raw|pca64,178.76220703125,31.8347948551178,38.8820839881897,50000,64,spectral,0.5459577441215515
in100.dino-ctrl.ep50.ext,in100.train500.v1,teacher.z.dino.bottleneck,kurt_topeig.mean,raw|full,3.9013936540442544,2.827543331701245,4.649030089661023,50000,256,spectral,0.01235459167954298
in100.dino-ctrl.ep50.ext,in100.train500.v1,teacher.z.dino.bottleneck,kurt_topeig.worst,raw|full,13.801851150477585,6.635244081553257,19.25040608781956,50000,256,spectral,0.06828897508884468
in100.dino-ctrl.ep50.ext,in100.train500.v1,teacher.z.dino.bottleneck,kurt_slices_mean_abs,raw|full,1.2044271767600825,1.0720757696151106,1.2407763290973945,50000,256,spectral,0.01708653912134846
in100.dino-ctrl.ep50.ext,in100.train500.v1,teacher.z.dino.tap1,uniformity,raw|full,-3.4857894073844387,-3.4871699275144574,-3.4786801523305217,50000,2048,cheap,-3.5150865355480545
in100.dino-ctrl.ep50.ext,in100.train500.v1,teacher.z.dino.tap1,uniformity,raw|pca64,-3.6629760827869253,-3.66588495354887,-3.6566894515274013,50000,64,cheap,-3.774045217337419
in100.dino-ctrl.ep50.ext,in100.train500.v1,teacher.z.dino.tap1,variance_floor.hinge,raw|full,0.5965373163749068,0.596141607342372,0.5970208818561448,50000,2048,cheap,
in100.dino-ctrl.ep50.ext,in100.train500.v1,teacher.z.dino.tap1,variance_floor.frac_below_half_mean,raw|full,0.0458984375,0.044921875,0.047619628906249996,50000,2048,cheap,
in100.dino-ctrl.ep50.ext,in100.train500.v1,teacher.z.dino.tap1,variance_floor.frac_below_tenth_mean,raw|full,0.00048828125,0.00048828125,0.00048828125,50000,2048,cheap,
in100.dino-ctrl.ep50.ext,in100.train500.v1,teacher.z.dino.tap1,variance_floor.min_over_mean_std,raw|full,0.08155840997703676,0.08071106330598148,0.08228205451551422,50000,2048,cheap,
in100.dino-ctrl.ep50.ext,in100.train500.v1,teacher.z.dino.tap1,offdiag_redundancy.offdiag_msq,raw|full,0.004954992041541627,0.00500876348610204,0.005085550999183619,50000,2048,spectral,
in100.dino-ctrl.ep50.ext,in100.train500.v1,teacher.z.dino.tap1,offdiag_redundancy.mean_abs_corr,raw|full,0.049010713538274575,0.0494371886417958,0.049774418164313085,50000,2048,spectral,
in100.dino-ctrl.ep50.ext,in100.train500.v1,teacher.z.dino.tap1,collapse_margin.trace_cov,raw|full,380.03953926909185,,,50000,2048,none,
in100.dino-ctrl.ep50.ext,in100.train500.v1,teacher.z.dino.tap1,collapse_margin.min_std,raw|full,0.03294396363317519,,,50000,2048,none,
in100.dino-ctrl.ep50.ext,in100.train500.v1,teacher.z.dino.tap1,collapse_margin.nn_dist_p5,raw|full,13.346369061427954,,,50000,2048,none,
in100.dino-ctrl.ep50.ext,in100.train500.v1,teacher.z.dino.tap1,rankme,raw|full,1406.586059219531,1358.861110051381,1363.4961529242576,50000,2048,spectral,1397.8331783972849
in100.dino-ctrl.ep50.ext,in100.train500.v1,teacher.z.dino.tap1,rankme,l2|full,1425.8519861115187,1376.864528302251,1380.7156213586545,50000,2048,spectral,1417.020707811122
in100.dino-ctrl.ep50.ext,in100.train500.v1,teacher.z.dino.tap1,effective_rank,raw|full,318.1144097756426,303.59183221963434,308.9011576766625,50000,2048,spectral,314.92301265045353
in100.dino-ctrl.ep50.ext,in100.train500.v1,teacher.z.dino.tap1,effective_rank,l2|full,334.6250344415957,319.3401933228581,324.1368851642569,50000,2048,spectral,331.18656012676416
in100.dino-ctrl.ep50.ext,in100.train500.v1,teacher.z.dino.tap1,participation_ratio,raw|full,93.53161975696462,91.5267574476171,93.6590763208234,50000,2048,spectral,
in100.dino-ctrl.ep50.ext,in100.train500.v1,teacher.z.dino.tap1,participation_ratio,l2|full,96.25369103491296,94.27518560202968,96.17162168193028,50000,2048,spectral,
in100.dino-ctrl.ep50.ext,in100.train500.v1,teacher.z.dino.tap1,alpha,raw|full,1.0013642466541819,0.9920271164577196,0.9977347092569965,50000,2048,spectral,
in100.dino-ctrl.ep50.ext,in100.train500.v1,teacher.z.dino.tap1,alpha,l2|full,0.9823914407290297,0.9727296815663616,0.9777701381231381,50000,2048,spectral,
in100.dino-ctrl.ep50.ext,in100.train500.v1,teacher.z.dino.tap1,epps_pulley,raw|full,80.02704620361328,14.758948802947998,18.8490168094635,50000,2048,spectral,56.566497802734375
in100.dino-ctrl.ep50.ext,in100.train500.v1,teacher.z.dino.tap1,epps_pulley,l2|full,67.29835510253906,12.123197650909423,15.680268812179566,50000,2048,spectral,53.69692611694336
in100.dino-ctrl.ep50.ext,in100.train500.v1,teacher.z.dino.tap1,epps_pulley,raw|pca64,56.663299560546875,12.779536581039428,15.745850706100462,50000,64,spectral,0.5086115598678589
in100.dino-ctrl.ep50.ext,in100.train500.v1,teacher.z.dino.tap1,kurt_topeig.mean,raw|full,-0.03765589784914418,-0.13038740959017484,0.09344991105840095,50000,2048,spectral,0.0003278424087657772
in100.dino-ctrl.ep50.ext,in100.train500.v1,teacher.z.dino.tap1,kurt_topeig.worst,raw|full,0.7784446645708081,0.7373718558127048,1.3537472396437946,50000,2048,spectral,0.03140170700923761
in100.dino-ctrl.ep50.ext,in100.train500.v1,teacher.z.dino.tap1,kurt_slices_mean_abs,raw|full,0.17270866922891726,0.15011774757018903,0.18763614358165645,50000,2048,spectral,0.016732830573300397
in100.dino-ctrl.ep50.ext,in100.train500.v1,teacher.z.dino.tap2,uniformity,raw|full,-3.757454385000112,-3.7611768505512435,-3.752917896964835,50000,2048,cheap,-3.808590686844373
in100.dino-ctrl.ep50.ext,in100.train500.v1,teacher.z.dino.tap2,uniformity,raw|pca64,-3.664034009329589,-3.6682452116079456,-3.6603414221303514,50000,64,cheap,-3.827760791760165
in100.dino-ctrl.ep50.ext,in100.train500.v1,teacher.z.dino.tap2,variance_floor.hinge,raw|full,0.7715668573477972,0.7711716996321355,0.7720340023655698,50000,2048,cheap,
in100.dino-ctrl.ep50.ext,in100.train500.v1,teacher.z.dino.tap2,variance_floor.frac_below_half_mean,raw|full,0.0390625,0.03759765625,0.040783691406249996,50000,2048,cheap,
in100.dino-ctrl.ep50.ext,in100.train500.v1,teacher.z.dino.tap2,variance_floor.frac_below_tenth_mean,raw|full,0.0,0.0,0.0,50000,2048,cheap,
in100.dino-ctrl.ep50.ext,in100.train500.v1,teacher.z.dino.tap2,variance_floor.min_over_mean_std,raw|full,0.2193431531800729,0.21818009193543597,0.2208582267579526,50000,2048,cheap,
in100.dino-ctrl.ep50.ext,in100.train500.v1,teacher.z.dino.tap2,offdiag_redundancy.offdiag_msq,raw|full,0.0025196436595978956,0.0025860118946721133,0.002656794534269586,50000,2048,spectral,
in100.dino-ctrl.ep50.ext,in100.train500.v1,teacher.z.dino.tap2,offdiag_redundancy.mean_abs_corr,raw|full,0.0293940850397717,0.03003173361087327,0.030282495625056402,50000,2048,spectral,
in100.dino-ctrl.ep50.ext,in100.train500.v1,teacher.z.dino.tap2,collapse_margin.trace_cov,raw|full,121.51657840163557,,,50000,2048,none,
in100.dino-ctrl.ep50.ext,in100.train500.v1,teacher.z.dino.tap2,collapse_margin.min_std,raw|full,0.05010524580038691,,,50000,2048,none,
in100.dino-ctrl.ep50.ext,in100.train500.v1,teacher.z.dino.tap2,collapse_margin.nn_dist_p5,raw|full,6.8323701124310725,,,50000,2048,none,
in100.dino-ctrl.ep50.ext,in100.train500.v1,teacher.z.dino.tap2,rankme,raw|full,1516.338819618856,1464.2616327969035,1470.5076420982653,50000,2048,spectral,1507.2723703281458
in100.dino-ctrl.ep50.ext,in100.train500.v1,teacher.z.dino.tap2,rankme,l2|full,1565.6152042523654,1511.7417271684535,1516.2159605419008,50000,2048,spectral,1556.3736252973356
in100.dino-ctrl.ep50.ext,in100.train500.v1,teacher.z.dino.tap2,effective_rank,raw|full,484.02413010765724,452.8706564845126,467.09206301588944,50000,2048,spectral,478.94884777850285
in100.dino-ctrl.ep50.ext,in100.train500.v1,teacher.z.dino.tap2,effective_rank,l2|full,555.7271979745341,523.7462193599353,532.1229879227433,50000,2048,spectral,549.4817214134019
in100.dino-ctrl.ep50.ext,in100.train500.v1,teacher.z.dino.tap2,participation_ratio,raw|full,178.7267578835218,168.5632577215998,177.98184498272107,50000,2048,spectral,
in100.dino-ctrl.ep50.ext,in100.train500.v1,teacher.z.dino.tap2,participation_ratio,l2|full,203.7013377126647,196.5833829019289,202.10890401474168,50000,2048,spectral,
in100.dino-ctrl.ep50.ext,in100.train500.v1,teacher.z.dino.tap2,alpha,raw|full,0.8207230267497405,0.81224230066711,0.8265242781705053,50000,2048,spectral,
in100.dino-ctrl.ep50.ext,in100.train500.v1,teacher.z.dino.tap2,alpha,l2|full,0.7763407948373755,0.767345472565531,0.7758673567691283,50000,2048,spectral,
in100.dino-ctrl.ep50.ext,in100.train500.v1,teacher.z.dino.tap2,epps_pulley,raw|full,82.29560852050781,14.59021978378296,17.43759641647339,50000,2048,spectral,31.238147735595703
in100.dino-ctrl.ep50.ext,in100.train500.v1,teacher.z.dino.tap2,epps_pulley,l2|full,42.04450607299805,7.522173035144806,9.679409098625182,50000,2048,spectral,30.238073348999023
in100.dino-ctrl.ep50.ext,in100.train500.v1,teacher.z.dino.tap2,epps_pulley,raw|pca64,361.3882141113281,66.02766342163086,78.99991779327392,50000,64,spectral,0.5795265436172485
in100.dino-ctrl.ep50.ext,in100.train500.v1,teacher.z.dino.tap2,kurt_topeig.mean,raw|full,5.835604332199631,4.506582580559852,9.013676182649526,50000,2048,spectral,-0.0008568187874991473
in100.dino-ctrl.ep50.ext,in100.train500.v1,teacher.z.dino.tap2,kurt_topeig.worst,raw|full,24.563355983690354,9.178251393533397,42.940844766000566,50000,2048,spectral,0.031491735186001346
in100.dino-ctrl.ep50.ext,in100.train500.v1,teacher.z.dino.tap2,kurt_slices_mean_abs,raw|full,0.634723610095547,0.5776071433658115,0.6754117175254596,50000,2048,spectral,0.01680003233188708
