run_id,manifest,space,metric,variant,value,ci_lo,ci_hi,n,d,boot,null_gauss
toy.dino.s0.null.ext,imagenette.train.v1,student.h.cls,uniformity,raw|full,-1.8018800033614746,-1.8233922006080667,-1.7973451864061136,9469,384,cheap,-1.9582658695004855
toy.dino.s0.null.ext,imagenette.train.v1,student.h.cls,uniformity,raw|pca64,-2.238163521636818,-2.2698984286660164,-2.2255700771009046,9469,64,cheap,-2.705579324302983
toy.dino.s0.null.ext,imagenette.train.v1,student.h.cls,variance_floor.hinge,raw|full,0.2539057916338934,0.25264329949725195,0.2552226432968753,9469,384,cheap,
toy.dino.s0.null.ext,imagenette.train.v1,student.h.cls,variance_floor.frac_below_half_mean,raw|full,0.028645833333333332,0.0234375,0.03125,9469,384,cheap,
toy.dino.s0.null.ext,imagenette.train.v1,student.h.cls,variance_floor.frac_below_tenth_mean,raw|full,0.0,0.0,0.0,9469,384,cheap,
toy.dino.s0.null.ext,imagenette.train.v1,student.h.cls,variance_floor.min_over_mean_std,raw|full,0.38146116545416153,0.37636546725244663,0.3859788955655533,9469,384,cheap,
toy.dino.s0.null.ext,imagenette.train.v1,student.h.cls,offdiag_redundancy.offdiag_msq,raw|full,0.19108102332685065,0.18921148105460134,0.19288486804763358,9469,384,spectral,
toy.dino.s0.null.ext,imagenette.train.v1,student.h.cls,offdiag_redundancy.mean_abs_corr,raw|full,0.37158724449422903,0.36947866693973613,0.37363556894514516,9469,384,spectral,
toy.dino.s0.null.ext,imagenette.train.v1,student.h.cls,collapse_margin.trace_cov,raw|full,266.19646856002464,,,9469,384,none,
toy.dino.s0.null.ext,imagenette.train.v1,student.h.cls,collapse_margin.min_std,raw|full,0.3006869808769026,,,9469,384,none,
toy.dino.s0.null.ext,imagenette.train.v1,student.h.cls,collapse_margin.nn_dist_p5,raw|full,1.4963044774163978,,,9469,384,none,
toy.dino.s0.null.ext,imagenette.train.v1,student.h.cls,rankme,raw|full,77.83645906951178,76.82765063982083,77.57127131130528,9469,384,spectral,77.35198784435963
toy.dino.s0.null.ext,imagenette.train.v1,student.h.cls,rankme,l2|full,77.83645895249714,76.82765341897017,77.57126948393929,9469,384,spectral,77.3519879586827
toy.dino.s0.null.ext,imagenette.train.v1,student.h.cls,effective_rank,raw|full,7.007688443554109,6.9137132936336005,7.0880454271413,9469,384,spectral,6.9427292081455505
toy.dino.s0.null.ext,imagenette.train.v1,student.h.cls,effective_rank,l2|full,7.007687529018199,6.913710503731899,7.088042027136883,9469,384,spectral,6.942728296404326
toy.dino.s0.null.ext,imagenette.train.v1,student.h.cls,participation_ratio,raw|full,3.498830654081258,3.454190642821491,3.5639544267029297,9469,384,spectral,
toy.dino.s0.null.ext,imagenette.train.v1,student.h.cls,participation_ratio,l2|full,3.4988300823715277,3.454189040111351,3.563953705136623,9469,384,spectral,
toy.dino.s0.null.ext,imagenette.train.v1,student.h.cls,alpha,raw|full,2.1276052008884108,2.133155798360292,2.1388900791942875,9469,384,spectral,
toy.dino.s0.null.ext,imagenette.train.v1,student.h.cls,alpha,l2|full,2.127605206526228,2.133155878827221,2.138890017300965,9469,384,spectral,
toy.dino.s0.null.ext,imagenette.train.v1,student.h.cls,epps_pulley,raw|full,580.8338012695312,490.8380744934082,663.7655456542968,9469,384,spectral,333.8985595703125
toy.dino.s0.null.ext,imagenette.train.v1,student.h.cls,epps_pulley,l2|full,580.8277587890625,490.83361740112304,663.7494995117187,9469,384,spectral,333.9122314453125
toy.dino.s0.null.ext,imagenette.train.v1,student.h.cls,epps_pulley,raw|pca64,41.182289123535156,37.03882389068603,43.20958938598632,9469,64,spectral,0.5998799800872803
toy.dino.s0.null.ext,imagenette.train.v1,student.h.cls,kurt_topeig.mean,raw|full,-0.19070417134065898,-0.23289059597869158,-0.13223297866463424,9469,384,spectral,-0.014090124065031073
toy.dino.s0.null.ext,imagenette.train.v1,student.h.cls,kurt_topeig.worst,raw|full,1.499597621680073,1.4801387353089852,1.5135468833045993,9469,384,spectral,0.06599420969206715
toy.dino.s0.null.ext,imagenette.train.v1,student.h.cls,kurt_slices_mean_abs,raw|full,0.6267221257085374,0.63757680135227,0.7268378829395363,9469,384,spectral,0.03745303776208331
toy.dino.s0.null.ext,imagenette.train.v1,student.h.cls.L03,uniformity,raw|full,-1.7245035050626043,-1.7453919707857928,-1.7187667994567373,9469,384,cheap,-1.8859632451719328
toy.dino.s0.null.ext,imagenette.train.v1,student.h.cls.L03,uniformity,raw|pca64,-2.107103453645901,-2.138678277429524,-2.0949846764989517,9469,64,cheap,-2.546061718385627
toy.dino.s0.null.ext,imagenette.train.v1,student.h.cls.L03,variance_floor.hinge,raw|full,0.2584016343837527,0.2571045824155187,0.2598409255888431,9469,384,cheap,
toy.dino.s0.null.ext,imagenette.train.v1,student.h.cls.L03,variance_floor.frac_below_half_mean,raw|full,0.041666666666666664,0.036458333333333336,0.049479166666666664,9469,384,cheap,
toy.dino.s0.null.ext,imagenette.train.v1,student.h.cls.L03,variance_floor.frac_below_tenth_mean,raw|full,0.0,0.0,0.0,9469,384,cheap,
toy.dino.s0.null.ext,imagenette.train.v1,student.h.cls.L03,variance_floor.min_over_mean_std,raw|full,0.3900125350077162,0.382275783581987,0.3961478083663748,9469,384,cheap,
toy.dino.s0.null.ext,imagenette.train.v1,student.h.cls.L03,offdiag_redundancy.offdiag_msq,raw|full,0.22651842723547644,0.22455214040950536,0.22854026196912824,9469,384,spectral,
toy.dino.s0.null.ext,imagenette.train.v1,student.h.cls.L03,offdiag_redundancy.mean_abs_corr,raw|full,0.40826860915272895,0.40618526541556554,0.41037000815189656,9469,384,spectral,
toy.dino.s0.null.ext,imagenette.train.v1,student.h.cls.L03,collapse_margin.trace_cov,raw|full,271.40118960111386,,,9469,384,none,
toy.dino.s0.null.ext,imagenette.train.v1,student.h.cls.L03,collapse_margin.min_std,raw|full,0.3075583533412123,,,9469,384,none,
toy.dino.s0.null.ext,imagenette.train.v1,student.h.cls.L03,collapse_margin.nn_dist_p5,raw|full,1.295457767023114,,,9469,384,none,
toy.dino.s0.null.ext,imagenette.train.v1,student.h.cls.L03,rankme,raw|full,61.275672350679685,60.45888191796584,61.05448406418477,9469,384,spectral,60.907528239739484
toy.dino.s0.null.ext,imagenette.train.v1,student.h.cls.L03,rankme,l2|full,61.27568580245531,60.45889847089879,61.05449747548432,9469,384,spectral,60.9075417437412
toy.dino.s0.null.ext,imagenette.train.v1,student.h.cls.L03,effective_rank,raw|full,5.400509662463397,5.333499304773215,5.462258842050721,9469,384,spectral,5.354330052861333
toy.dino.s0.null.ext,imagenette.train.v1,student.h.cls.L03,effective_rank,l2|full,5.400512817204401,5.333503097386623,5.462260428052388,9469,384,spectral,5.354333186171825
toy.dino.s0.null.ext,imagenette.train.v1,student.h.cls.L03,participation_ratio,raw|full,2.971020157992591,2.934676982306445,3.019894983608333,9469,384,spectral,
toy.dino.s0.null.ext,imagenette.train.v1,student.h.cls.L03,participation_ratio,l2|full,2.9710217430126935,2.9346783552425664,3.0198954335743933,9469,384,spectral,
toy.dino.s0.null.ext,imagenette.train.v1,student.h.cls.L03,alpha,raw|full,2.2332157614454906,2.2386653869474054,2.244526785116501,9469,384,spectral,
toy.dino.s0.null.ext,imagenette.train.v1,student.h.cls.L03,alpha,l2|full,2.2332156804501735,2.238665395992843,2.2445266492928244,9469,384,spectral,
toy.dino.s0.null.ext,imagenette.train.v1,student.h.cls.L03,epps_pulley,raw|full,683.1143798828125,594.7939392089844,749.6390792846679,9469,384,spectral,400.94158935546875
toy.dino.s0.null.ext,imagenette.train.v1,student.h.cls.L03,epps_pulley,l2|full,683.1048583984375,594.7878189086914,749.6245056152344,9469,384,spectral,400.9545593261719
toy.dino.s0.null.ext,imagenette.train.v1,student.h.cls.L03,epps_pulley,raw|pca64,42.100833892822266,40.527335453033444,47.23907175064086,9469,64,spectral,0.6220352053642273
toy.dino.s0.null.ext,imagenette.train.v1,student.h.cls.L03,kurt_topeig.mean,raw|full,-0.05588006789192364,-0.07650026866170258,0.050753725970572955,9469,384,spectral,-0.013804730026242362
toy.dino.s0.null.ext,imagenette.train.v1,student.h.cls.L03,kurt_topeig.worst,raw|full,1.5070643284012826,1.4930185680608268,1.6042294057646596,9469,384,spectral,0.06659663516209191
toy.dino.s0.null.ext,imagenette.train.v1,student.h.cls.L03,kurt_slices_mean_abs,raw|full,0.7297903397119725,0.693018280488488,0.7972288769171033,9469,384,spectral,0.03813206847131653
toy.dino.s0.null.ext,imagenette.train.v1,student.h.cls.L06,uniformity,raw|full,-1.804015997652846,-1.824814060824215,-1.7980276389869856,9469,384,cheap,-1.981997217288347
toy.dino.s0.null.ext,imagenette.train.v1,student.h.cls.L06,uniformity,raw|pca64,-2.2135338392706765,-2.2427741301739754,-2.1997164465658083,9469,64,cheap,-2.6636395197514715
toy.dino.s0.null.ext,imagenette.train.v1,student.h.cls.L06,variance_floor.hinge,raw|full,0.2554273986316635,0.25416417425536003,0.25689594621371664,9469,384,cheap,
toy.dino.s0.null.ext,imagenette.train.v1,student.h.cls.L06,variance_floor.frac_below_half_mean,raw|full,0.020833333333333332,0.018229166666666668,0.0234375,9469,384,cheap,
toy.dino.s0.null.ext,imagenette.train.v1,student.h.cls.L06,variance_floor.frac_below_tenth_mean,raw|full,0.0,0.0,0.0,9469,384,cheap,
toy.dino.s0.null.ext,imagenette.train.v1,student.h.cls.L06,variance_floor.min_over_mean_std,raw|full,0.31036111505273645,0.30648268426827346,0.31531107935590075,9469,384,cheap,
toy.dino.s0.null.ext,imagenette.train.v1,student.h.cls.L06,offdiag_redundancy.offdiag_msq,raw|full,0.19514962159310767,0.19349898316349448,0.19690356805490927,9469,384,spectral,
toy.dino.s0.null.ext,imagenette.train.v1,student.h.cls.L06,offdiag_redundancy.mean_abs_corr,raw|full,0.37472946392192263,0.3728579946538215,0.37665509289255333,9469,384,spectral,
toy.dino.s0.null.ext,imagenette.train.v1,student.h.cls.L06,collapse_margin.trace_cov,raw|full,271.63049124803945,,,9469,384,none,
toy.dino.s0.null.ext,imagenette.train.v1,student.h.cls.L06,collapse_margin.min_std,raw|full,0.24565841263696578,,,9469,384,none,
toy.dino.s0.null.ext,imagenette.train.v1,student.h.cls.L06,collapse_margin.nn_dist_p5,raw|full,1.4405546861424487,,,9469,384,none,
toy.dino.s0.null.ext,imagenette.train.v1,student.h.cls.L06,rankme,raw|full,71.19563017088402,70.25631707170933,70.94916815196761,9469,384,spectral,70.81843077233096
toy.dino.s0.null.ext,imagenette.train.v1,student.h.cls.L06,rankme,l2|full,71.19564555165032,70.25632899796916,70.94918779625479,9469,384,spectral,70.81844626998652
toy.dino.s0.null.ext,imagenette.train.v1,student.h.cls.L06,effective_rank,raw|full,6.483442263109002,6.40065374688088,6.543737476958165,9469,384,spectral,6.425996879940044
toy.dino.s0.null.ext,imagenette.train.v1,student.h.cls.L06,effective_rank,l2|full,6.483447094313628,6.400657478722233,6.543738749138825,9469,384,spectral,6.42600167980424
toy.dino.s0.null.ext,imagenette.train.v1,student.h.cls.L06,participation_ratio,raw|full,3.438668456767763,3.3964249038804124,3.4966835324337913,9469,384,spectral,
toy.dino.s0.null.ext,imagenette.train.v1,student.h.cls.L06,participation_ratio,l2|full,3.438671604664065,3.39642856923122,3.496686823354686,9469,384,spectral,
toy.dino.s0.null.ext,imagenette.train.v1,student.h.cls.L06,alpha,raw|full,2.18168137199966,2.1870152074881766,2.1925003423581124,9469,384,spectral,
toy.dino.s0.null.ext,imagenette.train.v1,student.h.cls.L06,alpha,l2|full,2.181681209770434,2.187015137309608,2.1925002618944065,9469,384,spectral,
toy.dino.s0.null.ext,imagenette.train.v1,student.h.cls.L06,epps_pulley,raw|full,567.3173217773438,517.9847030639648,658.7730102539062,9469,384,spectral,335.1597595214844
toy.dino.s0.null.ext,imagenette.train.v1,student.h.cls.L06,epps_pulley,l2|full,567.3068237304688,517.9829376220703,658.7559234619141,9469,384,spectral,335.1688232421875
toy.dino.s0.null.ext,imagenette.train.v1,student.h.cls.L06,epps_pulley,raw|pca64,40.618553161621094,36.742864513397215,42.86301374435424,9469,64,spectral,0.5243788957595825
toy.dino.s0.null.ext,imagenette.train.v1,student.h.cls.L06,kurt_topeig.mean,raw|full,-0.0737641725794738,-0.09866398279633544,-0.036384134166135035,9469,384,spectral,-0.015672375011045236
toy.dino.s0.null.ext,imagenette.train.v1,student.h.cls.L06,kurt_topeig.worst,raw|full,2.1163020355233018,1.8851089753484984,2.276223741255294,9469,384,spectral,0.06590155848774204
toy.dino.s0.null.ext,imagenette.train.v1,student.h.cls.L06,kurt_slices_mean_abs,raw|full,0.688412146813772,0.6517710873952363,0.7395804934079687,9469,384,spectral,0.03904137711247148
toy.dino.s0.null.ext,imagenette.train.v1,student.h.cls.L09,uniformity,raw|full,-1.8097103572157431,-1.8317513611628382,-1.8048401315557379,9469,384,cheap,-1.9858312480990097
toy.dino.s0.null.ext,imagenette.train.v1,student.h.cls.L09,uniformity,raw|pca64,-2.2176337772098162,-2.2490387672179604,-2.204948211140421,9469,64,cheap,-2.681315305200006
toy.dino.s0.null.ext,imagenette.train.v1,student.h.cls.L09,variance_floor.hinge,raw|full,0.24703189066879216,0.24562679031016463,0.24844829331674984,9469,384,cheap,
toy.dino.s0.null.ext,imagenette.train.v1,student.h.cls.L09,variance_floor.frac_below_half_mean,raw|full,0.044270833333333336,0.033854166666666664,0.046875,9469,384,cheap,
toy.dino.s0.null.ext,imagenette.train.v1,student.h.cls.L09,variance_floor.frac_below_tenth_mean,raw|full,0.0,0.0,0.0,9469,384,cheap,
toy.dino.s0.null.ext,imagenette.train.v1,student.h.cls.L09,variance_floor.min_over_mean_std,raw|full,0.4091991833487984,0.4022993496839199,0.41224565139899033,9469,384,cheap,
toy.dino.s0.null.ext,imagenette.train.v1,student.h.cls.L09,offdiag_redundancy.offdiag_msq,raw|full,0.19669641337748284,0.1950427697371459,0.1984766163508164,9469,384,spectral,
toy.dino.s0.null.ext,imagenette.train.v1,student.h.cls.L09,offdiag_redundancy.mean_abs_corr,raw|full,0.37679572403707073,0.3749572874993369,0.3787902905933608,9469,384,spectral,
toy.dino.s0.null.ext,imagenette.train.v1,student.h.cls.L09,collapse_margin.trace_cov,raw|full,271.58131622973485,,,9469,384,none,
toy.dino.s0.null.ext,imagenette.train.v1,student.h.cls.L09,collapse_margin.min_std,raw|full,0.3257451053701081,,,9469,384,none,
toy.dino.s0.null.ext,imagenette.train.v1,student.h.cls.L09,collapse_margin.nn_dist_p5,raw|full,1.458424735805136,,,9469,384,none,
toy.dino.s0.null.ext,imagenette.train.v1,student.h.cls.L09,rankme,raw|full,75.52248592184267,74.55248576348508,75.27513940174181,9469,384,spectral,75.06192825961503
toy.dino.s0.null.ext,imagenette.train.v1,student.h.cls.L09,rankme,l2|full,75.52249495669359,74.55249970680505,75.275162859468,9469,384,spectral,75.0619364335676
toy.dino.s0.null.ext,imagenette.train.v1,student.h.cls.L09,effective_rank,raw|full,6.722849020472573,6.633489723412096,6.798390987309972,9469,384,spectral,6.661319964220316
toy.dino.s0.null.ext,imagenette.train.v1,student.h.cls.L09,effective_rank,l2|full,6.722851002878691,6.633493274557909,6.798394122780901,9469,384,spectral,6.661321929340317
toy.dino.s0.null.ext,imagenette.train.v1,student.h.cls.L09,participation_ratio,raw|full,3.4275812954358087,3.384075671722107,3.4916598443755884,9469,384,spectral,
toy.dino.s0.null.ext,imagenette.train.v1,student.h.cls.L09,participation_ratio,l2|full,3.427582125917015,3.384077475312579,3.4916613467879767,9469,384,spectral,
toy.dino.s0.null.ext,imagenette.train.v1,student.h.cls.L09,alpha,raw|full,2.146345326891275,2.151813485388782,2.1574510674180205,9469,384,spectral,
toy.dino.s0.null.ext,imagenette.train.v1,student.h.cls.L09,alpha,l2|full,2.1463453000957533,2.151813524935169,2.1574510165975305,9469,384,spectral,
toy.dino.s0.null.ext,imagenette.train.v1,student.h.cls.L09,epps_pulley,raw|full,597.5322875976562,486.6958061218262,688.1595977783203,9469,384,spectral,353.2923889160156
toy.dino.s0.null.ext,imagenette.train.v1,student.h.cls.L09,epps_pulley,l2|full,597.5258178710938,486.695970916748,688.1435165405273,9469,384,spectral,353.3055419921875
toy.dino.s0.null.ext,imagenette.train.v1,student.h.cls.L09,epps_pulley,raw|pca64,38.60935592651367,36.74129571914673,42.06953678131103,9469,64,spectral,0.5578500032424927
toy.dino.s0.null.ext,imagenette.train.v1,student.h.cls.L09,kurt_topeig.mean,raw|full,-0.10407188656212343,-0.1858537413386881,0.046517192658511786,9469,384,spectral,-0.01779991864507342
toy.dino.s0.null.ext,imagenette.train.v1,student.h.cls.L09,kurt_topeig.worst,raw|full,2.134380631047298,1.832823133455522,2.322662995526214,9469,384,spectral,0.06580672606681803
toy.dino.s0.null.ext,imagenette.train.v1,student.h.cls.L09,kurt_slices_mean_abs,raw|full,0.6755010028925156,0.6557355690347293,0.7449244675585869,9469,384,spectral,0.04151755020624463
toy.dino.s0.null.ext,imagenette.train.v1,student.h.cls.L12,uniformity,raw|full,-1.8018800033614746,-1.8233922006080667,-1.7973451864061136,9469,384,cheap,-1.9582658695004855
toy.dino.s0.null.ext,imagenette.train.v1,student.h.cls.L12,uniformity,raw|pca64,-2.238163521636818,-2.2698984286660164,-2.2255700771009046,9469,64,cheap,-2.705579324302983
toy.dino.s0.null.ext,imagenette.train.v1,student.h.cls.L12,variance_floor.hinge,raw|full,0.2539057916338934,0.25264329949725195,0.2552226432968753,9469,384,cheap,
toy.dino.s0.null.ext,imagenette.train.v1,student.h.cls.L12,variance_floor.frac_below_half_mean,raw|full,0.028645833333333332,0.0234375,0.03125,9469,384,cheap,
toy.dino.s0.null.ext,imagenette.train.v1,student.h.cls.L12,variance_floor.frac_below_tenth_mean,raw|full,0.0,0.0,0.0,9469,384,cheap,
toy.dino.s0.null.ext,imagenette.train.v1,student.h.cls.L12,variance_floor.min_over_mean_std,raw|full,0.38146116545416153,0.37636546725244663,0.3859788955655533,9469,384,cheap,
toy.dino.s0.null.ext,imagenette.train.v1,student.h.cls.L12,offdiag_redundancy.offdiag_msq,raw|full,0.19108102332685065,0.18921148105460134,0.19288486804763358,9469,384,spectral,
toy.dino.s0.null.ext,imagenette.train.v1,student.h.cls.L12,offdiag_redundancy.mean_abs_corr,raw|full,0.37158724449422903,0.36947866693973613,0.37363556894514516,9469,384,spectral,
toy.dino.s0.null.ext,imagenette.train.v1,student.h.cls.L12,collapse_margin.trace_cov,raw|full,266.19646856002464,,,9469,384,none,
toy.dino.s0.null.ext,imagenette.train.v1,student.h.cls.L12,collapse_margin.min_std,raw|full,0.3006869808769026,,,9469,384,none,
toy.dino.s0.null.ext,imagenette.train.v1,student.h.cls.L12,collapse_margin.nn_dist_p5,raw|full,1.4963044774163978,,,9469,384,none,
toy.dino.s0.null.ext,imagenette.train.v1,student.h.cls.L12,rankme,raw|full,77.83645906951178,76.82765063982083,77.57127131130528,9469,384,spectral,77.35198784435963
toy.dino.s0.null.ext,imagenette.train.v1,student.h.cls.L12,rankme,l2|full,77.83645895249714,76.82765341897017,77.57126948393929,9469,384,spectral,77.3519879586827
toy.dino.s0.null.ext,imagenette.train.v1,student.h.cls.L12,effective_rank,raw|full,7.007688443554109,6.9137132936336005,7.0880454271413,9469,384,spectral,6.9427292081455505
toy.dino.s0.null.ext,imagenette.train.v1,student.h.cls.L12,effective_rank,l2|full,7.007687529018199,6.913710503731899,7.088042027136883,9469,384,spectral,6.942728296404326
toy.dino.s0.null.ext,imagenette.train.v1,student.h.cls.L12,participation_ratio,raw|full,3.498830654081258,3.454190642821491,3.5639544267029297,9469,384,spectral,
toy.dino.s0.null.ext,imagenette.train.v1,student.h.cls.L12,participation_ratio,l2|full,3.4988300823715277,3.454189040111351,3.563953705136623,9469,384,spectral,
toy.dino.s0.null.ext,imagenette.train.v1,student.h.cls.L12,alpha,raw|full,2.1276052008884108,2.133155798360292,2.1388900791942875,9469,384,spectral,
toy.dino.s0.null.ext,imagenette.train.v1,student.h.cls.L12,alpha,l2|full,2.127605206526228,2.133155878827221,2.138890017300965,9469,384,spectral,
toy.dino.s0.null.ext,imagenette.train.v1,student.h.cls.L12,epps_pulley,raw|full,580.8338012695312,490.8380744934082,663.7655456542968,9469,384,spectral,333.8985595703125
toy.dino.s0.null.ext,imagenette.train.v1,student.h.cls.L12,epps_pulley,l2|full,580.8277587890625,490.83361740112304,663.7494995117187,9469,384,spectral,333.9122314453125
toy.dino.s0.null.ext,imagenette.train.v1,student.h.cls.L12,epps_pulley,raw|pca64,41.182289123535156,37.03882389068603,43.20958938598632,9469,64,spectral,0.5998799800872803
toy.dino.s0.null.ext,imagenette.train.v1,student.h.cls.L12,kurt_topeig.mean,raw|full,-0.19070417134065898,-0.23289059597869158,-0.13223297866463424,9469,384,spectral,-0.014090124065031073
toy.dino.s0.null.ext,imagenette.train.v1,student.h.cls.L12,kurt_topeig.worst,raw|full,1.499597621680073,1.4801387353089852,1.5135468833045993,9469,384,spectral,0.06599420969206715
toy.dino.s0.null.ext,imagenette.train.v1,student.h.cls.L12,kurt_slices_mean_abs,raw|full,0.6267221257085374,0.63757680135227,0.7268378829395363,9469,384,spectral,0.03745303776208331
toy.dino.s0.null.ext,imagenette.train.v1,student.h.gap,uniformity,raw|full,-1.6430725895876863,-1.6647980381104233,-1.6348985383092476,9469,384,cheap,-1.7807647147482086
toy.dino.s0.null.ext,imagenette.train.v1,student.h.gap,uniformity,raw|pca64,-1.9751519298027722,-2.012477275389833,-1.9605546397860012,9469,64,cheap,-2.1978097764866935
toy.dino.s0.null.ext,imagenette.train.v1,student.h.gap,variance_floor.hinge,raw|full,0.5242603867107839,0.5209193326186684,0.5274399631590437,9469,384,cheap,
toy.dino.s0.null.ext,imagenette.train.v1,student.h.gap,variance_floor.frac_below_half_mean,raw|full,0.1171875,0.1171875,0.12239583333333333,9469,384,cheap,
toy.dino.s0.null.ext,imagenette.train.v1,student.h.gap,variance_floor.frac_below_tenth_mean,raw|full,0.0,0.0,0.0,9469,384,cheap,
toy.dino.s0.null.ext,imagenette.train.v1,student.h.gap,variance_floor.min_over_mean_std,raw|full,0.324941615645225,0.3188135489067596,0.3312265923640416,9469,384,cheap,
toy.dino.s0.null.ext,imagenette.train.v1,student.h.gap,offdiag_redundancy.offdiag_msq,raw|full,0.3082891621739774,0.3053571701008945,0.31143044693815036,9469,384,spectral,
toy.dino.s0.null.ext,imagenette.train.v1,student.h.gap,offdiag_redundancy.mean_abs_corr,raw|full,0.4866010163671776,0.4838551379996759,0.4894724379524531,9469,384,spectral,
toy.dino.s0.null.ext,imagenette.train.v1,student.h.gap,collapse_margin.trace_cov,raw|full,106.97280917116015,,,9469,384,none,
toy.dino.s0.null.ext,imagenette.train.v1,student.h.gap,collapse_margin.min_std,raw|full,0.15589710028790751,,,9469,384,none,
toy.dino.s0.null.ext,imagenette.train.v1,student.h.gap,collapse_margin.nn_dist_p5,raw|full,1.246666847256035,,,9469,384,none,
toy.dino.s0.null.ext,imagenette.train.v1,student.h.gap,rankme,raw|full,44.27916760031985,43.53626906063231,44.17910745045098,9469,384,spectral,43.94185382557533
toy.dino.s0.null.ext,imagenette.train.v1,student.h.gap,rankme,l2|full,49.93990682841499,49.210418155701156,49.794113574744024,9469,384,spectral,49.60527934865878
toy.dino.s0.null.ext,imagenette.train.v1,student.h.gap,effective_rank,raw|full,3.386201483701309,3.335429556371016,3.4342464418636323,9469,384,spectral,3.363145646050702
toy.dino.s0.null.ext,imagenette.train.v1,student.h.gap,effective_rank,l2|full,4.447011182838292,4.387249759681338,4.491249154265773,9469,384,spectral,4.411275974309371
toy.dino.s0.null.ext,imagenette.train.v1,student.h.gap,participation_ratio,raw|full,2.087892605638301,2.0572972871796686,2.1233101758722346,9469,384,spectral,
toy.dino.s0.null.ext,imagenette.train.v1,student.h.gap,participation_ratio,l2|full,2.611354884135273,2.5765603416364526,2.6523822224188622,9469,384,spectral,
toy.dino.s0.null.ext,imagenette.train.v1,student.h.gap,alpha,raw|full,2.3404704429808962,2.3445180560406196,2.3524304818809636,9469,384,spectral,
toy.dino.s0.null.ext,imagenette.train.v1,student.h.gap,alpha,l2|full,2.2996506022931813,2.3048683769055294,2.3103788558400886,9469,384,spectral,
toy.dino.s0.null.ext,imagenette.train.v1,student.h.gap,epps_pulley,raw|full,620.2408447265625,592.4947555541992,733.0168441772461,9469,384,spectral,511.73748779296875
toy.dino.s0.null.ext,imagenette.train.v1,student.h.gap,epps_pulley,l2|full,713.7132568359375,614.2190322875977,821.4924972534179,9469,384,spectral,437.4826354980469
toy.dino.s0.null.ext,imagenette.train.v1,student.h.gap,epps_pulley,raw|pca64,53.24205017089844,47.52539510726929,61.31159400939941,9469,64,spectral,0.5537447929382324
toy.dino.s0.null.ext,imagenette.train.v1,student.h.gap,kurt_topeig.mean,raw|full,2.7696819745310655,2.5531989335505076,3.3391746539031963,9469,384,spectral,-0.013059960633484958
toy.dino.s0.null.ext,imagenette.train.v1,student.h.gap,kurt_topeig.worst,raw|full,5.489267559059352,4.401026292844514,9.41247307753628,9469,384,spectral,0.06519471583817937
toy.dino.s0.null.ext,imagenette.train.v1,student.h.gap,kurt_slices_mean_abs,raw|full,0.883793854121237,0.7153868327367543,0.9005879358894986,9469,384,spectral,0.03793439401030888
toy.dino.s0.null.ext,imagenette.train.v1,student.h.gap.L03,uniformity,raw|full,-1.7051431844518259,-1.7280412939321703,-1.694610909600845,9469,384,cheap,-1.847199343093369
toy.dino.s0.null.ext,imagenette.train.v1,student.h.gap.L03,uniformity,raw|pca64,-1.8892723214867666,-1.9271508632592318,-1.8754874221638924,9469,64,cheap,-2.0589079416254834
toy.dino.s0.null.ext,imagenette.train.v1,student.h.gap.L03,variance_floor.hinge,raw|full,0.5548228076548317,0.5510833106040229,0.5580038966861423,9469,384,cheap,
toy.dino.s0.null.ext,imagenette.train.v1,student.h.gap.L03,variance_floor.frac_below_half_mean,raw|full,0.13541666666666666,0.1328125,0.140625,9469,384,cheap,
toy.dino.s0.null.ext,imagenette.train.v1,student.h.gap.L03,variance_floor.frac_below_tenth_mean,raw|full,0.0,0.0,0.0,9469,384,cheap,
toy.dino.s0.null.ext,imagenette.train.v1,student.h.gap.L03,variance_floor.min_over_mean_std,raw|full,0.2074368408224319,0.20354250858573616,0.21133529985444643,9469,384,cheap,
toy.dino.s0.null.ext,imagenette.train.v1,student.h.gap.L03,offdiag_redundancy.offdiag_msq,raw|full,0.34386209588658473,0.34080962343696397,0.3471401324277083,9469,384,spectral,
toy.dino.s0.null.ext,imagenette.train.v1,student.h.gap.L03,offdiag_redundancy.mean_abs_corr,raw|full,0.5173337900431009,0.5146049567580275,0.5202401438544598,9469,384,spectral,
toy.dino.s0.null.ext,imagenette.train.v1,student.h.gap.L03,collapse_margin.trace_cov,raw|full,95.33529633346372,,,9469,384,none,
toy.dino.s0.null.ext,imagenette.train.v1,student.h.gap.L03,collapse_margin.min_std,raw|full,0.09296607779692484,,,9469,384,none,
toy.dino.s0.null.ext,imagenette.train.v1,student.h.gap.L03,collapse_margin.nn_dist_p5,raw|full,1.1028526527344271,,,9469,384,none,
toy.dino.s0.null.ext,imagenette.train.v1,student.h.gap.L03,rankme,raw|full,34.25993581507415,33.62907756463956,34.19203833919922,9469,384,spectral,34.01693242654544
toy.dino.s0.null.ext,imagenette.train.v1,student.h.gap.L03,rankme,l2|full,43.1826981155148,42.47746674011799,42.99641376291587,9469,384,spectral,42.88643128505352
toy.dino.s0.null.ext,imagenette.train.v1,student.h.gap.L03,effective_rank,raw|full,2.8337780064289237,2.795266813117522,2.870462239792841,9469,384,spectral,2.8188655429267655
toy.dino.s0.null.ext,imagenette.train.v1,student.h.gap.L03,effective_rank,l2|full,3.941957535275636,3.8916669891774083,3.978824450793953,9469,384,spectral,3.9142133293583474
toy.dino.s0.null.ext,imagenette.train.v1,student.h.gap.L03,participation_ratio,raw|full,1.9161440284222648,1.8894188695441692,1.947914561364538,9469,384,spectral,
toy.dino.s0.null.ext,imagenette.train.v1,student.h.gap.L03,participation_ratio,l2|full,2.4812340769314156,2.4498917302783982,2.51714694856393,9469,384,spectral,
toy.dino.s0.null.ext,imagenette.train.v1,student.h.gap.L03,alpha,raw|full,2.430844073838825,2.434462332833001,2.443413658694582,9469,384,spectral,
toy.dino.s0.null.ext,imagenette.train.v1,student.h.gap.L03,alpha,l2|full,2.37820665716838,2.384322007603836,2.3897949609791733,9469,384,spectral,
toy.dino.s0.null.ext,imagenette.train.v1,student.h.gap.L03,epps_pulley,raw|full,686.4150390625,605.842253112793,756.7477737426757,9469,384,spectral,609.0153198242188
toy.dino.s0.null.ext,imagenette.train.v1,student.h.gap.L03,epps_pulley,l2|full,808.4343872070312,675.8374862670898,915.1163177490234,9469,384,spectral,476.25164794921875
toy.dino.s0.null.ext,imagenette.train.v1,student.h.gap.L03,epps_pulley,raw|pca64,45.9026985168457,38.95146026611328,55.0372332572937,9469,64,spectral,0.5645108222961426
toy.dino.s0.null.ext,imagenette.train.v1,student.h.gap.L03,kurt_topeig.mean,raw|full,3.2684740602679305,2.6898183323373015,3.9902177492841537,9469,384,spectral,-0.01433845567866432
toy.dino.s0.null.ext,imagenette.train.v1,student.h.gap.L03,kurt_topeig.worst,raw|full,10.992975662931624,6.49388832282658,17.363842765203067,9469,384,spectral,0.0657996904973337
toy.dino.s0.null.ext,imagenette.train.v1,student.h.gap.L03,kurt_slices_mean_abs,raw|full,0.8346346876854172,0.71322667569169,0.9110072999915793,9469,384,spectral,0.03767639610794066
toy.dino.s0.null.ext,imagenette.train.v1,student.h.gap.L06,uniformity,raw|full,-1.6834775748441086,-1.705099827476158,-1.6745608165444352,9469,384,cheap,-1.8275407863045026
toy.dino.s0.null.ext,imagenette.train.v1,student.h.gap.L06,uniformity,raw|pca64,-1.9375517906643647,-1.9754396987025789,-1.9235254612756874,9469,64,cheap,-2.126302929269587
toy.dino.s0.null.ext,imagenette.train.v1,student.h.gap.L06,variance_floor.hinge,raw|full,0.5427221336173527,0.5391458161992388,0.545929122894948,9469,384,cheap,
toy.dino.s0.null.ext,imagenette.train.v1,student.h.gap.L06,variance_floor.frac_below_half_mean,raw|full,0.1015625,0.09895833333333333,0.10416666666666667,9469,384,cheap,
toy.dino.s0.null.ext,imagenette.train.v1,student.h.gap.L06,variance_floor.frac_below_tenth_mean,raw|full,0.0,0.0,0.0,9469,384,cheap,
toy.dino.s0.null.ext,imagenette.train.v1,student.h.gap.L06,variance_floor.min_over_mean_std,raw|full,0.2595918239512488,0.2544798536439296,0.2648706488687277,9469,384,cheap,
toy.dino.s0.null.ext,imagenette.train.v1,student.h.gap.L06,offdiag_redundancy.offdiag_msq,raw|full,0.3390390547021238,0.3358693706411009,0.34249792558650405,9469,384,spectral,
toy.dino.s0.null.ext,imagenette.train.v1,student.h.gap.L06,offdiag_redundancy.mean_abs_corr,raw|full,0.5143094903483341,0.5115351289345857,0.5173977880966693,9469,384,spectral,
toy.dino.s0.null.ext,imagenette.train.v1,student.h.gap.L06,collapse_margin.trace_cov,raw|full,99.26830145739096,,,9469,384,none,
toy.dino.s0.null.ext,imagenette.train.v1,student.h.gap.L06,collapse_margin.min_std,raw|full,0.11975157604612405,,,9469,384,none,
toy.dino.s0.null.ext,imagenette.train.v1,student.h.gap.L06,collapse_margin.nn_dist_p5,raw|full,1.1941062173291708,,,9469,384,none,
toy.dino.s0.null.ext,imagenette.train.v1,student.h.gap.L06,rankme,raw|full,39.82841525920523,39.14354240986987,39.74267394525934,9469,384,spectral,39.54416772297785
toy.dino.s0.null.ext,imagenette.train.v1,student.h.gap.L06,rankme,l2|full,47.285192731482006,46.56766628090107,47.117020869350846,9469,384,spectral,46.93826174655883
toy.dino.s0.null.ext,imagenette.train.v1,student.h.gap.L06,effective_rank,raw|full,3.0906354732893706,3.0454288313565523,3.1324156983141935,9469,384,spectral,3.071894189774236
toy.dino.s0.null.ext,imagenette.train.v1,student.h.gap.L06,effective_rank,l2|full,4.178556569626545,4.124174689762924,4.2192720710522,9469,384,spectral,4.147627488757686
toy.dino.s0.null.ext,imagenette.train.v1,student.h.gap.L06,participation_ratio,raw|full,2.0038348028344064,1.974938237265902,2.0376723698550108,9469,384,spectral,
toy.dino.s0.null.ext,imagenette.train.v1,student.h.gap.L06,participation_ratio,l2|full,2.548680414428256,2.5160999416340393,2.586803839385025,9469,384,spectral,
toy.dino.s0.null.ext,imagenette.train.v1,student.h.gap.L06,alpha,raw|full,2.371325537260001,2.3753947039697922,2.3837430681458587,9469,384,spectral,
toy.dino.s0.null.ext,imagenette.train.v1,student.h.gap.L06,alpha,l2|full,2.3217786034435752,2.327498905015486,2.3328888230232074,9469,384,spectral,
toy.dino.s0.null.ext,imagenette.train.v1,student.h.gap.L06,epps_pulley,raw|full,621.3114624023438,622.5003784179687,768.3500122070312,9469,384,spectral,519.8463745117188
toy.dino.s0.null.ext,imagenette.train.v1,student.h.gap.L06,epps_pulley,l2|full,725.8018798828125,684.6858428955078,915.9905624389647,9469,384,spectral,422.40594482421875
toy.dino.s0.null.ext,imagenette.train.v1,student.h.gap.L06,epps_pulley,raw|pca64,52.624916076660156,46.72189025878906,59.063403320312496,9469,64,spectral,0.5373122096061707
toy.dino.s0.null.ext,imagenette.train.v1,student.h.gap.L06,kurt_topeig.mean,raw|full,3.906817673440507,3.422930459348599,4.500110541079941,9469,384,spectral,-0.013507534159692325
toy.dino.s0.null.ext,imagenette.train.v1,student.h.gap.L06,kurt_topeig.worst,raw|full,11.449226365303968,9.172693085451296,13.96146331013387,9469,384,spectral,0.06555211768192892
toy.dino.s0.null.ext,imagenette.train.v1,student.h.gap.L06,kurt_slices_mean_abs,raw|full,0.7996695571023146,0.7069241297115855,0.9491454889586994,9469,384,spectral,0.03731755218793076
toy.dino.s0.null.ext,imagenette.train.v1,student.h.gap.L09,uniformity,raw|full,-1.6833482357024472,-1.7051482778421945,-1.6754498271898366,9469,384,cheap,-1.8265350222061723
toy.dino.s0.null.ext,imagenette.train.v1,student.h.gap.L09,uniformity,raw|pca64,-1.9418240561616205,-1.9791220152832254,-1.9274564179781826,9469,64,cheap,-2.153317092931244
toy.dino.s0.null.ext,imagenette.train.v1,student.h.gap.L09,variance_floor.hinge,raw|full,0.5339063641821449,0.5305271969154873,0.5370861324496404,9469,384,cheap,
toy.dino.s0.null.ext,imagenette.train.v1,student.h.gap.L09,variance_floor.frac_below_half_mean,raw|full,0.11197916666666667,0.1080078125,0.11855468749999998,9469,384,cheap,
toy.dino.s0.null.ext,imagenette.train.v1,student.h.gap.L09,variance_floor.frac_below_tenth_mean,raw|full,0.0,0.0,0.0,9469,384,cheap,
toy.dino.s0.null.ext,imagenette.train.v1,student.h.gap.L09,variance_floor.min_over_mean_std,raw|full,0.24599753816115907,0.24279926328936632,0.2506649308473742,9469,384,cheap,
toy.dino.s0.null.ext,imagenette.train.v1,student.h.gap.L09,offdiag_redundancy.offdiag_msq,raw|full,0.3096776015825142,0.3068193456445457,0.3129398170465984,9469,384,spectral,
toy.dino.s0.null.ext,imagenette.train.v1,student.h.gap.L09,offdiag_redundancy.mean_abs_corr,raw|full,0.48621122340744216,0.4835818521044034,0.48926993282147807,9469,384,spectral,
toy.dino.s0.null.ext,imagenette.train.v1,student.h.gap.L09,collapse_margin.trace_cov,raw|full,105.40125421863434,,,9469,384,none,
toy.dino.s0.null.ext,imagenette.train.v1,student.h.gap.L09,collapse_margin.min_std,raw|full,0.11598927869066013,,,9469,384,none,
toy.dino.s0.null.ext,imagenette.train.v1,student.h.gap.L09,collapse_margin.nn_dist_p5,raw|full,1.2226264195787917,,,9469,384,none,
toy.dino.s0.null.ext,imagenette.train.v1,student.h.gap.L09,rankme,raw|full,42.73050610328645,42.00143166460837,42.63259989038622,9469,384,spectral,42.42427844539082
toy.dino.s0.null.ext,imagenette.train.v1,student.h.gap.L09,rankme,l2|full,49.65203169647479,48.92074233831308,49.47865620585277,9469,384,spectral,49.29191059426283
toy.dino.s0.null.ext,imagenette.train.v1,student.h.gap.L09,effective_rank,raw|full,3.201310348226926,3.153800952064916,3.2452466806312597,9469,384,spectral,3.181056794445301
toy.dino.s0.null.ext,imagenette.train.v1,student.h.gap.L09,effective_rank,l2|full,4.296178706477633,4.238251289040364,4.339090116624521,9469,384,spectral,4.262956778594477
toy.dino.s0.null.ext,imagenette.train.v1,student.h.gap.L09,participation_ratio,raw|full,2.0229935099334555,1.9940026235680626,2.0565450346848437,9469,384,spectral,
toy.dino.s0.null.ext,imagenette.train.v1,student.h.gap.L09,participation_ratio,l2|full,2.5599531639729234,2.5262488208528775,2.60014063278684,9469,384,spectral,
toy.dino.s0.null.ext,imagenette.train.v1,student.h.gap.L09,alpha,raw|full,2.3504085827531678,2.3546359369179277,2.3627067550675256,9469,384,spectral,
toy.dino.s0.null.ext,imagenette.train.v1,student.h.gap.L09,alpha,l2|full,2.305220996630777,2.3111461846890244,2.316436981906132,9469,384,spectral,
toy.dino.s0.null.ext,imagenette.train.v1,student.h.gap.L09,epps_pulley,raw|full,662.9693603515625,578.0685546875,744.7629913330078,9469,384,spectral,542.9957885742188
toy.dino.s0.null.ext,imagenette.train.v1,student.h.gap.L09,epps_pulley,l2|full,749.755126953125,605.7739074707031,858.8815795898437,9469,384,spectral,453.6446533203125
toy.dino.s0.null.ext,imagenette.train.v1,student.h.gap.L09,epps_pulley,raw|pca64,52.14348602294922,47.18495512008667,59.64122333526611,9469,64,spectral,0.5722673535346985
toy.dino.s0.null.ext,imagenette.train.v1,student.h.gap.L09,kurt_topeig.mean,raw|full,3.341851690905745,3.1698017143817623,4.427843860983125,9469,384,spectral,-0.011334232356297847
toy.dino.s0.null.ext,imagenette.train.v1,student.h.gap.L09,kurt_topeig.worst,raw|full,6.557013945772393,5.744494367375384,16.895928778818057,9469,384,spectral,0.06514398746616923
toy.dino.s0.null.ext,imagenette.train.v1,student.h.gap.L09,kurt_slices_mean_abs,raw|full,0.7475193906830806,0.7172214411349975,0.9381136086425103,9469,384,spectral,0.03877456184423998
toy.dino.s0.null.ext,imagenette.train.v1,student.h.gap.L12,uniformity,raw|full,-1.6430725895876863,-1.6647980381104233,-1.6348985383092476,9469,384,cheap,-1.7807647147482086
toy.dino.s0.null.ext,imagenette.train.v1,student.h.gap.L12,uniformity,raw|pca64,-1.9751519298027722,-2.012477275389833,-1.9605546397860012,9469,64,cheap,-2.1978097764866935
toy.dino.s0.null.ext,imagenette.train.v1,student.h.gap.L12,variance_floor.hinge,raw|full,0.5242603867107839,0.5209193326186684,0.5274399631590437,9469,384,cheap,
toy.dino.s0.null.ext,imagenette.train.v1,student.h.gap.L12,variance_floor.frac_below_half_mean,raw|full,0.1171875,0.1171875,0.12239583333333333,9469,384,cheap,
toy.dino.s0.null.ext,imagenette.train.v1,student.h.gap.L12,variance_floor.frac_below_tenth_mean,raw|full,0.0,0.0,0.0,9469,384,cheap,
toy.dino.s0.null.ext,imagenette.train.v1,student.h.gap.L12,variance_floor.min_over_mean_std,raw|full,0.324941615645225,0.3188135489067596,0.3312265923640416,9469,384,cheap,
toy.dino.s0.null.ext,imagenette.train.v1,student.h.gap.L12,offdiag_redundancy.offdiag_msq,raw|full,0.3082891621739774,0.3053571701008945,0.31143044693815036,9469,384,spectral,
toy.dino.s0.null.ext,imagenette.train.v1,student.h.gap.L12,offdiag_redundancy.mean_abs_corr,raw|full,0.4866010163671776,0.4838551379996759,0.4894724379524531,9469,384,spectral,
toy.dino.s0.null.ext,imagenette.train.v1,student.h.gap.L12,collapse_margin.trace_cov,raw|full,106.97280917116015,,,9469,384,none,
toy.dino.s0.null.ext,imagenette.train.v1,student.h.gap.L12,collapse_margin.min_std,raw|full,0.15589710028790751,,,9469,384,none,
toy.dino.s0.null.ext,imagenette.train.v1,student.h.gap.L12,collapse_margin.nn_dist_p5,raw|full,1.246666847256035,,,9469,384,none,
toy.dino.s0.null.ext,imagenette.train.v1,student.h.gap.L12,rankme,raw|full,44.27916760031985,43.53626906063231,44.17910745045098,9469,384,spectral,43.94185382557533
toy.dino.s0.null.ext,imagenette.train.v1,student.h.gap.L12,rankme,l2|full,49.93990682841499,49.210418155701156,49.794113574744024,9469,384,spectral,49.60527934865878
toy.dino.s0.null.ext,imagenette.train.v1,student.h.gap.L12,effective_rank,raw|full,3.386201483701309,3.335429556371016,3.4342464418636323,9469,384,spectral,3.363145646050702
toy.dino.s0.null.ext,imagenette.train.v1,student.h.gap.L12,effective_rank,l2|full,4.447011182838292,4.387249759681338,4.491249154265773,9469,384,spectral,4.411275974309371
toy.dino.s0.null.ext,imagenette.train.v1,student.h.gap.L12,participation_ratio,raw|full,2.087892605638301,2.0572972871796686,2.1233101758722346,9469,384,spectral,
toy.dino.s0.null.ext,imagenette.train.v1,student.h.gap.L12,participation_ratio,l2|full,2.611354884135273,2.5765603416364526,2.6523822224188622,9469,384,spectral,
toy.dino.s0.null.ext,imagenette.train.v1,student.h.gap.L12,alpha,raw|full,2.3404704429808962,2.3445180560406196,2.3524304818809636,9469,384,spectral,
toy.dino.s0.null.ext,imagenette.train.v1,student.h.gap.L12,alpha,l2|full,2.2996506022931813,2.3048683769055294,2.3103788558400886,9469,384,spectral,
toy.dino.s0.null.ext,imagenette.train.v1,student.h.gap.L12,epps_pulley,raw|full,620.2408447265625,592.4947555541992,733.0168441772461,9469,384,spectral,511.73748779296875
toy.dino.s0.null.ext,imagenette.train.v1,student.h.gap.L12,epps_pulley,l2|full,713.7132568359375,614.2190322875977,821.4924972534179,9469,384,spectral,437.4826354980469
toy.dino.s0.null.ext,imagenette.train.v1,student.h.gap.L12,epps_pulley,raw|pca64,53.24205017089844,47.52539510726929,61.31159400939941,9469,64,spectral,0.5537447929382324
toy.dino.s0.null.ext,imagenette.train.v1,student.h.gap.L12,kurt_topeig.mean,raw|full,2.7696819745310655,2.5531989335505076,3.3391746539031963,9469,384,spectral,-0.013059960633484958
toy.dino.s0.null.ext,imagenette.train.v1,student.h.gap.L12,kurt_topeig.worst,raw|full,5.489267559059352,4.401026292844514,9.41247307753628,9469,384,spectral,0.06519471583817937
toy.dino.s0.null.ext,imagenette.train.v1,student.h.gap.L12,kurt_slices_mean_abs,raw|full,0.883793854121237,0.7153868327367543,0.9005879358894986,9469,384,spectral,0.03793439401030888
toy.dino.s0.null.ext,imagenette.train.v1,student.z.dino.bottleneck,uniformity,raw|full,-1.6908606890215112,-1.7082837505814852,-1.6870050874391314,9469,256,cheap,-1.770984770542098
toy.dino.s0.null.ext,imagenette.train.v1,student.z.dino.bottleneck,uniformity,raw|pca64,-2.400729475161495,-2.4308021672394715,-2.385818877080019,9469,64,cheap,-2.926645268966576
toy.dino.s0.null.ext,imagenette.train.v1,student.z.dino.bottleneck,variance_floor.hinge,raw|full,0.9568685594171544,0.9567821548130687,0.9569759781221561,9469,256,cheap,
toy.dino.s0.null.ext,imagenette.train.v1,student.z.dino.bottleneck,variance_floor.frac_below_half_mean,raw|full,0.00390625,0.00390625,0.00390625,9469,256,cheap,
toy.dino.s0.null.ext,imagenette.train.v1,student.z.dino.bottleneck,variance_floor.frac_below_tenth_mean,raw|full,0.0,0.0,0.0,9469,256,cheap,
toy.dino.s0.null.ext,imagenette.train.v1,student.z.dino.bottleneck,variance_floor.min_over_mean_std,raw|full,0.44656893748652376,0.4414785175811674,0.4521276607771942,9469,256,cheap,
toy.dino.s0.null.ext,imagenette.train.v1,student.z.dino.bottleneck,offdiag_redundancy.offdiag_msq,raw|full,0.1432356106297151,0.14172363570589908,0.14465676245087442,9469,256,spectral,
toy.dino.s0.null.ext,imagenette.train.v1,student.z.dino.bottleneck,offdiag_redundancy.mean_abs_corr,raw|full,0.31450813541791106,0.31270720454075,0.3162209886162655,9469,256,spectral,
toy.dino.s0.null.ext,imagenette.train.v1,student.z.dino.bottleneck,collapse_margin.trace_cov,raw|full,0.5184560471018094,,,9469,256,none,
toy.dino.s0.null.ext,imagenette.train.v1,student.z.dino.bottleneck,collapse_margin.min_std,raw|full,0.019261161593791033,,,9469,256,none,
toy.dino.s0.null.ext,imagenette.train.v1,student.z.dino.bottleneck,collapse_margin.nn_dist_p5,raw|full,0.07467306602261148,,,9469,256,none,
toy.dino.s0.null.ext,imagenette.train.v1,student.z.dino.bottleneck,rankme,raw|full,75.01145544848211,74.24616714947119,74.89805934635315,9469,256,spectral,74.88697046887543
toy.dino.s0.null.ext,imagenette.train.v1,student.z.dino.bottleneck,rankme,l2|full,74.81847673528613,74.04262363672836,74.69855792763276,9469,256,spectral,74.69494563009152
toy.dino.s0.null.ext,imagenette.train.v1,student.z.dino.bottleneck,effective_rank,raw|full,10.020912808535824,9.88670555284016,10.138041322289677,9469,256,spectral,10.076609368606936
toy.dino.s0.null.ext,imagenette.train.v1,student.z.dino.bottleneck,effective_rank,l2|full,9.963412733038266,9.824939518896775,10.081798738784011,9469,256,spectral,10.018440102847924
toy.dino.s0.null.ext,imagenette.train.v1,student.z.dino.bottleneck,participation_ratio,raw|full,4.587008190028125,4.521960730069182,4.680883402775252,9469,256,spectral,
toy.dino.s0.null.ext,imagenette.train.v1,student.z.dino.bottleneck,participation_ratio,l2|full,4.551695025022256,4.487925900824759,4.649690804144117,9469,256,spectral,
toy.dino.s0.null.ext,imagenette.train.v1,student.z.dino.bottleneck,alpha,raw|full,2.03002123148945,2.036488631965937,2.044016619488241,9469,256,spectral,
toy.dino.s0.null.ext,imagenette.train.v1,student.z.dino.bottleneck,alpha,l2|full,2.030966460344941,2.037474849845159,2.0448115788983174,9469,256,spectral,
toy.dino.s0.null.ext,imagenette.train.v1,student.z.dino.bottleneck,epps_pulley,raw|full,477.1300964355469,367.2966926574707,505.48926162719727,9469,256,spectral,271.4714050292969
toy.dino.s0.null.ext,imagenette.train.v1,student.z.dino.bottleneck,epps_pulley,l2|full,483.153076171875,367.2617790222168,505.90727920532225,9469,256,spectral,274.8309631347656
toy.dino.s0.null.ext,imagenette.train.v1,student.z.dino.bottleneck,epps_pulley,raw|pca64,38.2458381652832,33.146900749206544,42.08489532470703,9469,64,spectral,0.5510077476501465
toy.dino.s0.null.ext,imagenette.train.v1,student.z.dino.bottleneck,kurt_topeig.mean,raw|full,0.02088249749454323,-0.09969823442793838,0.09847935075582516,9469,256,spectral,0.0021246333388205583
toy.dino.s0.null.ext,imagenette.train.v1,student.z.dino.bottleneck,kurt_topeig.worst,raw|full,1.6960110360928669,1.5174460522108713,2.193438181102677,9469,256,spectral,0.08177032649943428
toy.dino.s0.null.ext,imagenette.train.v1,student.z.dino.bottleneck,kurt_slices_mean_abs,raw|full,0.659230174673525,0.5728645716546614,0.6392614309353601,9469,256,spectral,0.040929387866053345
toy.dino.s0.null.ext,imagenette.train.v1,student.z.dino.tap1,uniformity,raw|full,-1.7756938932726438,-1.7956532187143162,-1.7717612639501348,9469,2048,cheap,-1.9067847999917982
toy.dino.s0.null.ext,imagenette.train.v1,student.z.dino.tap1,uniformity,raw|pca64,-2.3487556073232065,-2.380994730453217,-2.336609771207789,9469,64,cheap,-2.8648971050149497
toy.dino.s0.null.ext,imagenette.train.v1,student.z.dino.tap1,variance_floor.hinge,raw|full,0.7604666323565945,0.7599196024291385,0.7611176219850234,9469,2048,cheap,
toy.dino.s0.null.ext,imagenette.train.v1,student.z.dino.tap1,variance_floor.frac_below_half_mean,raw|full,0.15673828125,0.15380859375,0.15869140625,9469,2048,cheap,
toy.dino.s0.null.ext,imagenette.train.v1,student.z.dino.tap1,variance_floor.frac_below_tenth_mean,raw|full,0.00048828125,0.00048828125,0.00048828125,9469,2048,cheap,
toy.dino.s0.null.ext,imagenette.train.v1,student.z.dino.tap1,variance_floor.min_over_mean_std,raw|full,0.07096472029598715,0.06823637070940744,0.07398990522275098,9469,2048,cheap,
toy.dino.s0.null.ext,imagenette.train.v1,student.z.dino.tap1,offdiag_redundancy.offdiag_msq,raw|full,0.1481521990005242,0.14649922075355845,0.1498161019068712,9469,2048,spectral,
toy.dino.s0.null.ext,imagenette.train.v1,student.z.dino.tap1,offdiag_redundancy.mean_abs_corr,raw|full,0.32310272279287666,0.32116181800094495,0.32509563610245107,9469,2048,spectral,
toy.dino.s0.null.ext,imagenette.train.v1,student.z.dino.tap1,collapse_margin.trace_cov,raw|full,148.19564120328266,,,9469,2048,none,
toy.dino.s0.null.ext,imagenette.train.v1,student.z.dino.tap1,collapse_margin.min_std,raw|full,0.016998418436441093,,,9469,2048,none,
toy.dino.s0.null.ext,imagenette.train.v1,student.z.dino.tap1,collapse_margin.nn_dist_p5,raw|full,1.222482212838793,,,9469,2048,none,
toy.dino.s0.null.ext,imagenette.train.v1,student.z.dino.tap1,rankme,raw|full,234.5456152244848,222.58053203539598,225.5362372980927,9469,2048,spectral,227.75225207316723
toy.dino.s0.null.ext,imagenette.train.v1,student.z.dino.tap1,rankme,l2|full,233.8194562649046,222.00445502514327,224.90056760075868,9469,2048,spectral,227.02333950015625
toy.dino.s0.null.ext,imagenette.train.v1,student.z.dino.tap1,effective_rank,raw|full,9.571313132113206,9.423885615000666,9.68035850527846,9469,2048,spectral,9.490395624929258
toy.dino.s0.null.ext,imagenette.train.v1,student.z.dino.tap1,effective_rank,l2|full,9.497443911029519,9.350577231032462,9.608656090348155,9469,2048,spectral,9.415989396675954
toy.dino.s0.null.ext,imagenette.train.v1,student.z.dino.tap1,participation_ratio,raw|full,4.25990769342447,4.199855633092267,4.343910306453111,9469,2048,spectral,
toy.dino.s0.null.ext,imagenette.train.v1,student.z.dino.tap1,participation_ratio,l2|full,4.222018767730784,4.161477291807509,4.306157793326608,9469,2048,spectral,
toy.dino.s0.null.ext,imagenette.train.v1,student.z.dino.tap1,alpha,raw|full,1.9373054087718098,1.9379592073653005,1.9442012239221294,9469,2048,spectral,
toy.dino.s0.null.ext,imagenette.train.v1,student.z.dino.tap1,alpha,l2|full,1.938022595705455,1.9386655705670939,1.9449846667070678,9469,2048,spectral,
toy.dino.s0.null.ext,imagenette.train.v1,student.z.dino.tap1,epps_pulley,raw|full,451.5181884765625,378.2773666381836,550.9884887695313,9469,2048,spectral,270.5696716308594
toy.dino.s0.null.ext,imagenette.train.v1,student.z.dino.tap1,epps_pulley,l2|full,452.2613830566406,376.87278213500974,553.2478881835938,9469,2048,spectral,272.38897705078125
toy.dino.s0.null.ext,imagenette.train.v1,student.z.dino.tap1,epps_pulley,raw|pca64,37.40614318847656,33.68745965957642,41.336816978454586,9469,64,spectral,0.6049959659576416
toy.dino.s0.null.ext,imagenette.train.v1,student.z.dino.tap1,kurt_topeig.mean,raw|full,-0.15613113624191363,-0.20719433898433842,-0.066987104114479,9469,2048,spectral,0.02448677850611225
toy.dino.s0.null.ext,imagenette.train.v1,student.z.dino.tap1,kurt_topeig.worst,raw|full,1.5148505755435633,1.495188367523112,1.5278970726391374,9469,2048,spectral,0.1825664494324033
toy.dino.s0.null.ext,imagenette.train.v1,student.z.dino.tap1,kurt_slices_mean_abs,raw|full,0.6102690408738876,0.5883503341259871,0.6841968200847528,9469,2048,spectral,0.03660873153163818
toy.dino.s0.null.ext,imagenette.train.v1,student.z.dino.tap2,uniformity,raw|full,-1.7670853644123805,-1.785672067170131,-1.7636425751142035,9469,2048,cheap,-1.8835535273284907
toy.dino.s0.null.ext,imagenette.train.v1,student.z.dino.tap2,uniformity,raw|pca64,-2.3855565966065875,-2.417404996759301,-2.373641032917363,9469,64,cheap,-2.9099280803322767
toy.dino.s0.null.ext,imagenette.train.v1,student.z.dino.tap2,variance_floor.hinge,raw|full,0.9263968198821144,0.9262627538497915,0.9265710644902746,9469,2048,cheap,
toy.dino.s0.null.ext,imagenette.train.v1,student.z.dino.tap2,variance_floor.frac_below_half_mean,raw|full,0.0361328125,0.03515625,0.0380859375,9469,2048,cheap,
toy.dino.s0.null.ext,imagenette.train.v1,student.z.dino.tap2,variance_floor.frac_below_tenth_mean,raw|full,0.0,0.0,0.0,9469,2048,cheap,
toy.dino.s0.null.ext,imagenette.train.v1,student.z.dino.tap2,variance_floor.min_over_mean_std,raw|full,0.3044073727921693,0.29923586732313395,0.30868130926951043,9469,2048,cheap,
toy.dino.s0.null.ext,imagenette.train.v1,student.z.dino.tap2,offdiag_redundancy.offdiag_msq,raw|full,0.14809502242533942,0.14647601903696172,0.14973482583803793,9469,2048,spectral,
toy.dino.s0.null.ext,imagenette.train.v1,student.z.dino.tap2,offdiag_redundancy.mean_abs_corr,raw|full,0.32194885604708523,0.32011202192790356,0.3238964531059799,9469,2048,spectral,
toy.dino.s0.null.ext,imagenette.train.v1,student.z.dino.tap2,collapse_margin.trace_cov,raw|full,12.556286167517849,,,9469,2048,none,
toy.dino.s0.null.ext,imagenette.train.v1,student.z.dino.tap2,collapse_margin.min_std,raw|full,0.022405350689138806,,,9469,2048,none,
toy.dino.s0.null.ext,imagenette.train.v1,student.z.dino.tap2,collapse_margin.nn_dist_p5,raw|full,0.3626514450596876,,,9469,2048,none,
toy.dino.s0.null.ext,imagenette.train.v1,student.z.dino.tap2,rankme,raw|full,237.2172145852753,225.5475972556468,228.45800553045498,9469,2048,spectral,230.49138677056914
toy.dino.s0.null.ext,imagenette.train.v1,student.z.dino.tap2,rankme,l2|full,235.39879725351543,223.98748659817315,226.84575697685554,9469,2048,spectral,228.66410384022757
toy.dino.s0.null.ext,imagenette.train.v1,student.z.dino.tap2,effective_rank,raw|full,10.383801218652117,10.222268668745697,10.497100413980059,9469,2048,spectral,10.299385803354646
toy.dino.s0.null.ext,imagenette.train.v1,student.z.dino.tap2,effective_rank,l2|full,10.159780177285375,10.001703466339356,10.277419400872631,9469,2048,spectral,10.07391079608017
toy.dino.s0.null.ext,imagenette.train.v1,student.z.dino.tap2,participation_ratio,raw|full,4.5777476796378895,4.511653707773711,4.669385173942533,9469,2048,spectral,
toy.dino.s0.null.ext,imagenette.train.v1,student.z.dino.tap2,participation_ratio,l2|full,4.445438424868304,4.381344526867551,4.534467375737584,9469,2048,spectral,
toy.dino.s0.null.ext,imagenette.train.v1,student.z.dino.tap2,alpha,raw|full,1.910960130486672,1.911426963932268,1.9185373499649663,9469,2048,spectral,
toy.dino.s0.null.ext,imagenette.train.v1,student.z.dino.tap2,alpha,l2|full,1.9131635694476548,1.9136476825320985,1.9208320672921033,9469,2048,spectral,
toy.dino.s0.null.ext,imagenette.train.v1,student.z.dino.tap2,epps_pulley,raw|full,468.13909912109375,396.0802062988281,537.5338668823242,9469,2048,spectral,266.33673095703125
toy.dino.s0.null.ext,imagenette.train.v1,student.z.dino.tap2,epps_pulley,l2|full,467.413818359375,397.49585189819334,542.1184616088867,9469,2048,spectral,268.7135009765625
toy.dino.s0.null.ext,imagenette.train.v1,student.z.dino.tap2,epps_pulley,raw|pca64,35.747901916503906,33.62902641296387,39.119682693481444,9469,64,spectral,0.5419673919677734
toy.dino.s0.null.ext,imagenette.train.v1,student.z.dino.tap2,kurt_topeig.mean,raw|full,-0.030287062572603052,-0.1036767138380873,0.12218861502525781,9469,2048,spectral,0.02146314135128291
toy.dino.s0.null.ext,imagenette.train.v1,student.z.dino.tap2,kurt_topeig.worst,raw|full,1.529072378234171,1.5178154128532548,3.043883119389708,9469,2048,spectral,0.1748413571639218
toy.dino.s0.null.ext,imagenette.train.v1,student.z.dino.tap2,kurt_slices_mean_abs,raw|full,0.6460816565043999,0.5764777447614744,0.7018416911739626,9469,2048,spectral,0.037420324825855965
toy.dino.s0.null.ext,imagenette.train.v1,teacher.h.cls,uniformity,raw|full,-1.8018800033614746,-1.8233922006080667,-1.7973451864061136,9469,384,cheap,-1.9582658695004855
toy.dino.s0.null.ext,imagenette.train.v1,teacher.h.cls,uniformity,raw|pca64,-2.238163521636818,-2.2698984286660164,-2.2255700771009046,9469,64,cheap,-2.705579324302983
toy.dino.s0.null.ext,imagenette.train.v1,teacher.h.cls,variance_floor.hinge,raw|full,0.2539057916338934,0.25264329949725195,0.2552226432968753,9469,384,cheap,
toy.dino.s0.null.ext,imagenette.train.v1,teacher.h.cls,variance_floor.frac_below_half_mean,raw|full,0.028645833333333332,0.0234375,0.03125,9469,384,cheap,
toy.dino.s0.null.ext,imagenette.train.v1,teacher.h.cls,variance_floor.frac_below_tenth_mean,raw|full,0.0,0.0,0.0,9469,384,cheap,
toy.dino.s0.null.ext,imagenette.train.v1,teacher.h.cls,variance_floor.min_over_mean_std,raw|full,0.38146116545416153,0.37636546725244663,0.3859788955655533,9469,384,cheap,
toy.dino.s0.null.ext,imagenette.train.v1,teacher.h.cls,offdiag_redundancy.offdiag_msq,raw|full,0.19108102332685065,0.18921148105460134,0.19288486804763358,9469,384,spectral,
toy.dino.s0.null.ext,imagenette.train.v1,teacher.h.cls,offdiag_redundancy.mean_abs_corr,raw|full,0.37158724449422903,0.36947866693973613,0.37363556894514516,9469,384,spectral,
toy.dino.s0.null.ext,imagenette.train.v1,teacher.h.cls,collapse_margin.trace_cov,raw|full,266.19646856002464,,,9469,384,none,
toy.dino.s0.null.ext,imagenette.train.v1,teacher.h.cls,collapse_margin.min_std,raw|full,0.3006869808769026,,,9469,384,none,
toy.dino.s0.null.ext,imagenette.train.v1,teacher.h.cls,collapse_margin.nn_dist_p5,raw|full,1.4963044774163978,,,9469,384,none,
toy.dino.s0.null.ext,imagenette.train.v1,teacher.h.cls,rankme,raw|full,77.83645906951178,76.82765063982083,77.57127131130528,9469,384,spectral,77.35198784435963
toy.dino.s0.null.ext,imagenette.train.v1,teacher.h.cls,rankme,l2|full,77.83645895249714,76.82765341897017,77.57126948393929,9469,384,spectral,77.3519879586827
toy.dino.s0.null.ext,imagenette.train.v1,teacher.h.cls,effective_rank,raw|full,7.007688443554109,6.9137132936336005,7.0880454271413,9469,384,spectral,6.9427292081455505
toy.dino.s0.null.ext,imagenette.train.v1,teacher.h.cls,effective_rank,l2|full,7.007687529018199,6.913710503731899,7.088042027136883,9469,384,spectral,6.942728296404326
toy.dino.s0.null.ext,imagenette.train.v1,teacher.h.cls,participation_ratio,raw|full,3.498830654081258,3.454190642821491,3.5639544267029297,9469,384,spectral,
toy.dino.s0.null.ext,imagenette.train.v1,teacher.h.cls,participation_ratio,l2|full,3.4988300823715277,3.454189040111351,3.563953705136623,9469,384,spectral,
toy.dino.s0.null.ext,imagenette.train.v1,teacher.h.cls,alpha,raw|full,2.1276052008884108,2.133155798360292,2.1388900791942875,9469,384,spectral,
toy.dino.s0.null.ext,imagenette.train.v1,teacher.h.cls,alpha,l2|full,2.127605206526228,2.133155878827221,2.138890017300965,9469,384,spectral,
toy.dino.s0.null.ext,imagenette.train.v1,teacher.h.cls,epps_pulley,raw|full,580.8338012695312,490.8380744934082,663.7655456542968,9469,384,spectral,333.8985595703125
toy.dino.s0.null.ext,imagenette.train.v1,teacher.h.cls,epps_pulley,l2|full,580.8277587890625,490.83361740112304,663.7494995117187,9469,384,spectral,333.9122314453125
toy.dino.s0.null.ext,imagenette.train.v1,teacher.h.cls,epps_pulley,raw|pca64,41.182289123535156,37.03882389068603,43.20958938598632,9469,64,spectral,0.5998799800872803
toy.dino.s0.null.ext,imagenette.train.v1,teacher.h.cls,kurt_topeig.mean,raw|full,-0.19070417134065898,-0.23289059597869158,-0.13223297866463424,9469,384,spectral,-0.014090124065031073
toy.dino.s0.null.ext,imagenette.train.v1,teacher.h.cls,kurt_topeig.worst,raw|full,1.499597621680073,1.4801387353089852,1.5135468833045993,9469,384,spectral,0.06599420969206715
toy.dino.s0.null.ext,imagenette.train.v1,teacher.h.cls,kurt_slices_mean_abs,raw|full,0.6267221257085374,0.63757680135227,0.7268378829395363,9469,384,spectral,0.03745303776208331
toy.dino.s0.null.ext,imagenette.train.v1,teacher.h.cls.L03,uniformity,raw|full,-1.7245035050626043,-1.7453919707857928,-1.7187667994567373,9469,384,cheap,-1.8859632451719328
toy.dino.s0.null.ext,imagenette.train.v1,teacher.h.cls.L03,uniformity,raw|pca64,-2.107103453645901,-2.138678277429524,-2.0949846764989517,9469,64,cheap,-2.546061718385627
toy.dino.s0.null.ext,imagenette.train.v1,teacher.h.cls.L03,variance_floor.hinge,raw|full,0.2584016343837527,0.2571045824155187,0.2598409255888431,9469,384,cheap,
toy.dino.s0.null.ext,imagenette.train.v1,teacher.h.cls.L03,variance_floor.frac_below_half_mean,raw|full,0.041666666666666664,0.036458333333333336,0.049479166666666664,9469,384,cheap,
toy.dino.s0.null.ext,imagenette.train.v1,teacher.h.cls.L03,variance_floor.frac_below_tenth_mean,raw|full,0.0,0.0,0.0,9469,384,cheap,
toy.dino.s0.null.ext,imagenette.train.v1,teacher.h.cls.L03,variance_floor.min_over_mean_std,raw|full,0.3900125350077162,0.382275783581987,0.3961478083663748,9469,384,cheap,
toy.dino.s0.null.ext,imagenette.train.v1,teacher.h.cls.L03,offdiag_redundancy.offdiag_msq,raw|full,0.22651842723547644,0.22455214040950536,0.22854026196912824,9469,384,spectral,
toy.dino.s0.null.ext,imagenette.train.v1,teacher.h.cls.L03,offdiag_redundancy.mean_abs_corr,raw|full,0.40826860915272895,0.40618526541556554,0.41037000815189656,9469,384,spectral,
toy.dino.s0.null.ext,imagenette.train.v1,teacher.h.cls.L03,collapse_margin.trace_cov,raw|full,271.40118960111386,,,9469,384,none,
toy.dino.s0.null.ext,imagenette.train.v1,teacher.h.cls.L03,collapse_margin.min_std,raw|full,0.3075583533412123,,,9469,384,none,
toy.dino.s0.null.ext,imagenette.train.v1,teacher.h.cls.L03,collapse_margin.nn_dist_p5,raw|full,1.295457767023114,,,9469,384,none,
toy.dino.s0.null.ext,imagenette.train.v1,teacher.h.cls.L03,rankme,raw|full,61.275672350679685,60.45888191796584,61.05448406418477,9469,384,spectral,60.907528239739484
toy.dino.s0.null.ext,imagenette.train.v1,teacher.h.cls.L03,rankme,l2|full,61.27568580245531,60.45889847089879,61.05449747548432,9469,384,spectral,60.9075417437412
toy.dino.s0.null.ext,imagenette.train.v1,teacher.h.cls.L03,effective_rank,raw|full,5.400509662463397,5.333499304773215,5.462258842050721,9469,384,spectral,5.354330052861333
toy.dino.s0.null.ext,imagenette.train.v1,teacher.h.cls.L03,effective_rank,l2|full,5.400512817204401,5.333503097386623,5.462260428052388,9469,384,spectral,5.354333186171825
toy.dino.s0.null.ext,imagenette.train.v1,teacher.h.cls.L03,participation_ratio,raw|full,2.971020157992591,2.934676982306445,3.019894983608333,9469,384,spectral,
toy.dino.s0.null.ext,imagenette.train.v1,teacher.h.cls.L03,participation_ratio,l2|full,2.9710217430126935,2.9346783552425664,3.0198954335743933,9469,384,spectral,
toy.dino.s0.null.ext,imagenette.train.v1,teacher.h.cls.L03,alpha,raw|full,2.2332157614454906,2.2386653869474054,2.244526785116501,9469,384,spectral,
toy.dino.s0.null.ext,imagenette.train.v1,teacher.h.cls.L03,alpha,l2|full,2.2332156804501735,2.238665395992843,2.2445266492928244,9469,384,spectral,
toy.dino.s0.null.ext,imagenette.train.v1,teacher.h.cls.L03,epps_pulley,raw|full,683.1143798828125,594.7939392089844,749.6390792846679,9469,384,spectral,400.94158935546875
toy.dino.s0.null.ext,imagenette.train.v1,teacher.h.cls.L03,epps_pulley,l2|full,683.1048583984375,594.7878189086914,749.6245056152344,9469,384,spectral,400.9545593261719
toy.dino.s0.null.ext,imagenette.train.v1,teacher.h.cls.L03,epps_pulley,raw|pca64,42.100833892822266,40.527335453033444,47.23907175064086,9469,64,spectral,0.6220352053642273
toy.dino.s0.null.ext,imagenette.train.v1,teacher.h.cls.L03,kurt_topeig.mean,raw|full,-0.05588006789192364,-0.07650026866170258,0.050753725970572955,9469,384,spectral,-0.013804730026242362
toy.dino.s0.null.ext,imagenette.train.v1,teacher.h.cls.L03,kurt_topeig.worst,raw|full,1.5070643284012826,1.4930185680608268,1.6042294057646596,9469,384,spectral,0.06659663516209191
toy.dino.s0.null.ext,imagenette.train.v1,teacher.h.cls.L03,kurt_slices_mean_abs,raw|full,0.7297903397119725,0.693018280488488,0.7972288769171033,9469,384,spectral,0.03813206847131653
toy.dino.s0.null.ext,imagenette.train.v1,teacher.h.cls.L06,uniformity,raw|full,-1.804015997652846,-1.824814060824215,-1.7980276389869856,9469,384,cheap,-1.981997217288347
toy.dino.s0.null.ext,imagenette.train.v1,teacher.h.cls.L06,uniformity,raw|pca64,-2.2135338392706765,-2.2427741301739754,-2.1997164465658083,9469,64,cheap,-2.6636395197514715
toy.dino.s0.null.ext,imagenette.train.v1,teacher.h.cls.L06,variance_floor.hinge,raw|full,0.2554273986316635,0.25416417425536003,0.25689594621371664,9469,384,cheap,
toy.dino.s0.null.ext,imagenette.train.v1,teacher.h.cls.L06,variance_floor.frac_below_half_mean,raw|full,0.020833333333333332,0.018229166666666668,0.0234375,9469,384,cheap,
toy.dino.s0.null.ext,imagenette.train.v1,teacher.h.cls.L06,variance_floor.frac_below_tenth_mean,raw|full,0.0,0.0,0.0,9469,384,cheap,
toy.dino.s0.null.ext,imagenette.train.v1,teacher.h.cls.L06,variance_floor.min_over_mean_std,raw|full,0.31036111505273645,0.30648268426827346,0.31531107935590075,9469,384,cheap,
toy.dino.s0.null.ext,imagenette.train.v1,teacher.h.cls.L06,offdiag_redundancy.offdiag_msq,raw|full,0.19514962159310767,0.19349898316349448,0.19690356805490927,9469,384,spectral,
toy.dino.s0.null.ext,imagenette.train.v1,teacher.h.cls.L06,offdiag_redundancy.mean_abs_corr,raw|full,0.37472946392192263,0.3728579946538215,0.37665509289255333,9469,384,spectral,
toy.dino.s0.null.ext,imagenette.train.v1,teacher.h.cls.L06,collapse_margin.trace_cov,raw|full,271.63049124803945,,,9469,384,none,
toy.dino.s0.null.ext,imagenette.train.v1,teacher.h.cls.L06,collapse_margin.min_std,raw|full,0.24565841263696578,,,9469,384,none,
toy.dino.s0.null.ext,imagenette.train.v1,teacher.h.cls.L06,collapse_margin.nn_dist_p5,raw|full,1.4405546861424487,,,9469,384,none,
toy.dino.s0.null.ext,imagenette.train.v1,teacher.h.cls.L06,rankme,raw|full,71.19563017088402,70.25631707170933,70.94916815196761,9469,384,spectral,70.81843077233096
toy.dino.s0.null.ext,imagenette.train.v1,teacher.h.cls.L06,rankme,l2|full,71.19564555165032,70.25632899796916,70.94918779625479,9469,384,spectral,70.81844626998652
toy.dino.s0.null.ext,imagenette.train.v1,teacher.h.cls.L06,effective_rank,raw|full,6.483442263109002,6.40065374688088,6.543737476958165,9469,384,spectral,6.425996879940044
toy.dino.s0.null.ext,imagenette.train.v1,teacher.h.cls.L06,effective_rank,l2|full,6.483447094313628,6.400657478722233,6.543738749138825,9469,384,spectral,6.42600167980424
toy.dino.s0.null.ext,imagenette.train.v1,teacher.h.cls.L06,participation_ratio,raw|full,3.438668456767763,3.3964249038804124,3.4966835324337913,9469,384,spectral,
toy.dino.s0.null.ext,imagenette.train.v1,teacher.h.cls.L06,participation_ratio,l2|full,3.438671604664065,3.39642856923122,3.496686823354686,9469,384,spectral,
toy.dino.s0.null.ext,imagenette.train.v1,teacher.h.cls.L06,alpha,raw|full,2.18168137199966,2.1870152074881766,2.1925003423581124,9469,384,spectral,
toy.dino.s0.null.ext,imagenette.train.v1,teacher.h.cls.L06,alpha,l2|full,2.181681209770434,2.187015137309608,2.1925002618944065,9469,384,spectral,
toy.dino.s0.null.ext,imagenette.train.v1,teacher.h.cls.L06,epps_pulley,raw|full,567.3173217773438,517.9847030639648,658.7730102539062,9469,384,spectral,335.1597595214844
toy.dino.s0.null.ext,imagenette.train.v1,teacher.h.cls.L06,epps_pulley,l2|full,567.3068237304688,517.9829376220703,658.7559234619141,9469,384,spectral,335.1688232421875
toy.dino.s0.null.ext,imagenette.train.v1,teacher.h.cls.L06,epps_pulley,raw|pca64,40.618553161621094,36.742864513397215,42.86301374435424,9469,64,spectral,0.5243788957595825
toy.dino.s0.null.ext,imagenette.train.v1,teacher.h.cls.L06,kurt_topeig.mean,raw|full,-0.0737641725794738,-0.09866398279633544,-0.036384134166135035,9469,384,spectral,-0.015672375011045236
toy.dino.s0.null.ext,imagenette.train.v1,teacher.h.cls.L06,kurt_topeig.worst,raw|full,2.1163020355233018,1.8851089753484984,2.276223741255294,9469,384,spectral,0.06590155848774204
toy.dino.s0.null.ext,imagenette.train.v1,teacher.h.cls.L06,kurt_slices_mean_abs,raw|full,0.688412146813772,0.6517710873952363,0.7395804934079687,9469,384,spectral,0.03904137711247148
toy.dino.s0.null.ext,imagenette.train.v1,teacher.h.cls.L09,uniformity,raw|full,-1.8097103572157431,-1.8317513611628382,-1.8048401315557379,9469,384,cheap,-1.9858312480990097
toy.dino.s0.null.ext,imagenette.train.v1,teacher.h.cls.L09,uniformity,raw|pca64,-2.2176337772098162,-2.2490387672179604,-2.204948211140421,9469,64,cheap,-2.681315305200006
toy.dino.s0.null.ext,imagenette.train.v1,teacher.h.cls.L09,variance_floor.hinge,raw|full,0.24703189066879216,0.24562679031016463,0.24844829331674984,9469,384,cheap,
toy.dino.s0.null.ext,imagenette.train.v1,teacher.h.cls.L09,variance_floor.frac_below_half_mean,raw|full,0.044270833333333336,0.033854166666666664,0.046875,9469,384,cheap,
toy.dino.s0.null.ext,imagenette.train.v1,teacher.h.cls.L09,variance_floor.frac_below_tenth_mean,raw|full,0.0,0.0,0.0,9469,384,cheap,
toy.dino.s0.null.ext,imagenette.train.v1,teacher.h.cls.L09,variance_floor.min_over_mean_std,raw|full,0.4091991833487984,0.4022993496839199,0.41224565139899033,9469,384,cheap,
toy.dino.s0.null.ext,imagenette.train.v1,teacher.h.cls.L09,offdiag_redundancy.offdiag_msq,raw|full,0.19669641337748284,0.1950427697371459,0.1984766163508164,9469,384,spectral,
toy.dino.s0.null.ext,imagenette.train.v1,teacher.h.cls.L09,offdiag_redundancy.mean_abs_corr,raw|full,0.37679572403707073,0.3749572874993369,0.3787902905933608,9469,384,spectral,
toy.dino.s0.null.ext,imagenette.train.v1,teacher.h.cls.L09,collapse_margin.trace_cov,raw|full,271.58131622973485,,,9469,384,none,
toy.dino.s0.null.ext,imagenette.train.v1,teacher.h.cls.L09,collapse_margin.min_std,raw|full,0.3257451053701081,,,9469,384,none,
toy.dino.s0.null.ext,imagenette.train.v1,teacher.h.cls.L09,collapse_margin.nn_dist_p5,raw|full,1.458424735805136,,,9469,384,none,
toy.dino.s0.null.ext,imagenette.train.v1,teacher.h.cls.L09,rankme,raw|full,75.52248592184267,74.55248576348508,75.27513940174181,9469,384,spectral,75.06192825961503
toy.dino.s0.null.ext,imagenette.train.v1,teacher.h.cls.L09,rankme,l2|full,75.52249495669359,74.55249970680505,75.275162859468,9469,384,spectral,75.0619364335676
toy.dino.s0.null.ext,imagenette.train.v1,teacher.h.cls.L09,effective_rank,raw|full,6.722849020472573,6.633489723412096,6.798390987309972,9469,384,spectral,6.661319964220316
toy.dino.s0.null.ext,imagenette.train.v1,teacher.h.cls.L09,effective_rank,l2|full,6.722851002878691,6.633493274557909,6.798394122780901,9469,384,spectral,6.661321929340317
toy.dino.s0.null.ext,imagenette.train.v1,teacher.h.cls.L09,participation_ratio,raw|full,3.4275812954358087,3.384075671722107,3.4916598443755884,9469,384,spectral,
toy.dino.s0.null.ext,imagenette.train.v1,teacher.h.cls.L09,participation_ratio,l2|full,3.427582125917015,3.384077475312579,3.4916613467879767,9469,384,spectral,
toy.dino.s0.null.ext,imagenette.train.v1,teacher.h.cls.L09,alpha,raw|full,2.146345326891275,2.151813485388782,2.1574510674180205,9469,384,spectral,
toy.dino.s0.null.ext,imagenette.train.v1,teacher.h.cls.L09,alpha,l2|full,2.1463453000957533,2.151813524935169,2.1574510165975305,9469,384,spectral,
toy.dino.s0.null.ext,imagenette.train.v1,teacher.h.cls.L09,epps_pulley,raw|full,597.5322875976562,486.6958061218262,688.1595977783203,9469,384,spectral,353.2923889160156
toy.dino.s0.null.ext,imagenette.train.v1,teacher.h.cls.L09,epps_pulley,l2|full,597.5258178710938,486.695970916748,688.1435165405273,9469,384,spectral,353.3055419921875
toy.dino.s0.null.ext,imagenette.train.v1,teacher.h.cls.L09,epps_pulley,raw|pca64,38.60935592651367,36.74129571914673,42.06953678131103,9469,64,spectral,0.5578500032424927
toy.dino.s0.null.ext,imagenette.train.v1,teacher.h.cls.L09,kurt_topeig.mean,raw|full,-0.10407188656212343,-0.1858537413386881,0.046517192658511786,9469,384,spectral,-0.01779991864507342
toy.dino.s0.null.ext,imagenette.train.v1,teacher.h.cls.L09,kurt_topeig.worst,raw|full,2.134380631047298,1.832823133455522,2.322662995526214,9469,384,spectral,0.06580672606681803
toy.dino.s0.null.ext,imagenette.train.v1,teacher.h.cls.L09,kurt_slices_mean_abs,raw|full,0.6755010028925156,0.6557355690347293,0.7449244675585869,9469,384,spectral,0.04151755020624463
toy.dino.s0.null.ext,imagenette.train.v1,teacher.h.cls.L12,uniformity,raw|full,-1.8018800033614746,-1.8233922006080667,-1.7973451864061136,9469,384,cheap,-1.9582658695004855
toy.dino.s0.null.ext,imagenette.train.v1,teacher.h.cls.L12,uniformity,raw|pca64,-2.238163521636818,-2.2698984286660164,-2.2255700771009046,9469,64,cheap,-2.705579324302983
toy.dino.s0.null.ext,imagenette.train.v1,teacher.h.cls.L12,variance_floor.hinge,raw|full,0.2539057916338934,0.25264329949725195,0.2552226432968753,9469,384,cheap,
toy.dino.s0.null.ext,imagenette.train.v1,teacher.h.cls.L12,variance_floor.frac_below_half_mean,raw|full,0.028645833333333332,0.0234375,0.03125,9469,384,cheap,
toy.dino.s0.null.ext,imagenette.train.v1,teacher.h.cls.L12,variance_floor.frac_below_tenth_mean,raw|full,0.0,0.0,0.0,9469,384,cheap,
toy.dino.s0.null.ext,imagenette.train.v1,teacher.h.cls.L12,variance_floor.min_over_mean_std,raw|full,0.38146116545416153,0.37636546725244663,0.3859788955655533,9469,384,cheap,
toy.dino.s0.null.ext,imagenette.train.v1,teacher.h.cls.L12,offdiag_redundancy.offdiag_msq,raw|full,0.19108102332685065,0.18921148105460134,0.19288486804763358,9469,384,spectral,
toy.dino.s0.null.ext,imagenette.train.v1,teacher.h.cls.L12,offdiag_redundancy.mean_abs_corr,raw|full,0.37158724449422903,0.36947866693973613,0.37363556894514516,9469,384,spectral,
toy.dino.s0.null.ext,imagenette.train.v1,teacher.h.cls.L12,collapse_margin.trace_cov,raw|full,266.19646856002464,,,9469,384,none,
toy.dino.s0.null.ext,imagenette.train.v1,teacher.h.cls.L12,collapse_margin.min_std,raw|full,0.3006869808769026,,,9469,384,none,
toy.dino.s0.null.ext,imagenette.train.v1,teacher.h.cls.L12,collapse_margin.nn_dist_p5,raw|full,1.4963044774163978,,,9469,384,none,
toy.dino.s0.null.ext,imagenette.train.v1,teacher.h.cls.L12,rankme,raw|full,77.83645906951178,76.82765063982083,77.57127131130528,9469,384,spectral,77.35198784435963
toy.dino.s0.null.ext,imagenette.train.v1,teacher.h.cls.L12,rankme,l2|full,77.83645895249714,76.82765341897017,77.57126948393929,9469,384,spectral,77.3519879586827
toy.dino.s0.null.ext,imagenette.train.v1,teacher.h.cls.L12,effective_rank,raw|full,7.007688443554109,6.9137132936336005,7.0880454271413,9469,384,spectral,6.9427292081455505
toy.dino.s0.null.ext,imagenette.train.v1,teacher.h.cls.L12,effective_rank,l2|full,7.007687529018199,6.913710503731899,7.088042027136883,9469,384,spectral,6.942728296404326
toy.dino.s0.null.ext,imagenette.train.v1,teacher.h.cls.L12,participation_ratio,raw|full,3.498830654081258,3.454190642821491,3.5639544267029297,9469,384,spectral,
toy.dino.s0.null.ext,imagenette.train.v1,teacher.h.cls.L12,participation_ratio,l2|full,3.4988300823715277,3.454189040111351,3.563953705136623,9469,384,spectral,
toy.dino.s0.null.ext,imagenette.train.v1,teacher.h.cls.L12,alpha,raw|full,2.1276052008884108,2.133155798360292,2.1388900791942875,9469,384,spectral,
toy.dino.s0.null.ext,imagenette.train.v1,teacher.h.cls.L12,alpha,l2|full,2.127605206526228,2.133155878827221,2.138890017300965,9469,384,spectral,
toy.dino.s0.null.ext,imagenette.train.v1,teacher.h.cls.L12,epps_pulley,raw|full,580.8338012695312,490.8380744934082,663.7655456542968,9469,384,spectral,333.8985595703125
toy.dino.s0.null.ext,imagenette.train.v1,teacher.h.cls.L12,epps_pulley,l2|full,580.8277587890625,490.83361740112304,663.7494995117187,9469,384,spectral,333.9122314453125
toy.dino.s0.null.ext,imagenette.train.v1,teacher.h.cls.L12,epps_pulley,raw|pca64,41.182289123535156,37.03882389068603,43.20958938598632,9469,64,spectral,0.5998799800872803
toy.dino.s0.null.ext,imagenette.train.v1,teacher.h.cls.L12,kurt_topeig.mean,raw|full,-0.19070417134065898,-0.23289059597869158,-0.13223297866463424,9469,384,spectral,-0.014090124065031073
toy.dino.s0.null.ext,imagenette.train.v1,teacher.h.cls.L12,kurt_topeig.worst,raw|full,1.499597621680073,1.4801387353089852,1.5135468833045993,9469,384,spectral,0.06599420969206715
toy.dino.s0.null.ext,imagenette.train.v1,teacher.h.cls.L12,kurt_slices_mean_abs,raw|full,0.6267221257085374,0.63757680135227,0.7268378829395363,9469,384,spectral,0.03745303776208331
toy.dino.s0.null.ext,imagenette.train.v1,teacher.h.gap,uniformity,raw|full,-1.6430725895876863,-1.6647980381104233,-1.6348985383092476,9469,384,cheap,-1.7807647147482086
toy.dino.s0.null.ext,imagenette.train.v1,teacher.h.gap,uniformity,raw|pca64,-1.9751519298027722,-2.012477275389833,-1.9605546397860012,9469,64,cheap,-2.1978097764866935
toy.dino.s0.null.ext,imagenette.train.v1,teacher.h.gap,variance_floor.hinge,raw|full,0.5242603867107839,0.5209193326186684,0.5274399631590437,9469,384,cheap,
toy.dino.s0.null.ext,imagenette.train.v1,teacher.h.gap,variance_floor.frac_below_half_mean,raw|full,0.1171875,0.1171875,0.12239583333333333,9469,384,cheap,
toy.dino.s0.null.ext,imagenette.train.v1,teacher.h.gap,variance_floor.frac_below_tenth_mean,raw|full,0.0,0.0,0.0,9469,384,cheap,
toy.dino.s0.null.ext,imagenette.train.v1,teacher.h.gap,variance_floor.min_over_mean_std,raw|full,0.324941615645225,0.3188135489067596,0.3312265923640416,9469,384,cheap,
toy.dino.s0.null.ext,imagenette.train.v1,teacher.h.gap,offdiag_redundancy.offdiag_msq,raw|full,0.3082891621739774,0.3053571701008945,0.31143044693815036,9469,384,spectral,
toy.dino.s0.null.ext,imagenette.train.v1,teacher.h.gap,offdiag_redundancy.mean_abs_corr,raw|full,0.4866010163671776,0.4838551379996759,0.4894724379524531,9469,384,spectral,
toy.dino.s0.null.ext,imagenette.train.v1,teacher.h.gap,collapse_margin.trace_cov,raw|full,106.97280917116015,,,9469,384,none,
toy.dino.s0.null.ext,imagenette.train.v1,teacher.h.gap,collapse_margin.min_std,raw|full,0.15589710028790751,,,9469,384,none,
toy.dino.s0.null.ext,imagenette.train.v1,teacher.h.gap,collapse_margin.nn_dist_p5,raw|full,1.246666847256035,,,9469,384,none,
toy.dino.s0.null.ext,imagenette.train.v1,teacher.h.gap,rankme,raw|full,44.27916760031985,43.53626906063231,44.17910745045098,9469,384,spectral,43.94185382557533
toy.dino.s0.null.ext,imagenette.train.v1,teacher.h.gap,rankme,l2|full,49.93990682841499,49.210418155701156,49.794113574744024,9469,384,spectral,49.60527934865878
toy.dino.s0.null.ext,imagenette.train.v1,teacher.h.gap,effective_rank,raw|full,3.386201483701309,3.335429556371016,3.4342464418636323,9469,384,spectral,3.363145646050702
toy.dino.s0.null.ext,imagenette.train.v1,teacher.h.gap,effective_rank,l2|full,4.447011182838292,4.387249759681338,4.491249154265773,9469,384,spectral,4.411275974309371
toy.dino.s0.null.ext,imagenette.train.v1,teacher.h.gap,participation_ratio,raw|full,2.087892605638301,2.0572972871796686,2.1233101758722346,9469,384,spectral,
toy.dino.s0.null.ext,imagenette.train.v1,teacher.h.gap,participation_ratio,l2|full,2.611354884135273,2.5765603416364526,2.6523822224188622,9469,384,spectral,
toy.dino.s0.null.ext,imagenette.train.v1,teacher.h.gap,alpha,raw|full,2.3404704429808962,2.3445180560406196,2.3524304818809636,9469,384,spectral,
toy.dino.s0.null.ext,imagenette.train.v1,teacher.h.gap,alpha,l2|full,2.2996506022931813,2.3048683769055294,2.3103788558400886,9469,384,spectral,
toy.dino.s0.null.ext,imagenette.train.v1,teacher.h.gap,epps_pulley,raw|full,620.2408447265625,592.4947555541992,733.0168441772461,9469,384,spectral,511.73748779296875
toy.dino.s0.null.ext,imagenette.train.v1,teacher.h.gap,epps_pulley,l2|full,713.7132568359375,614.2190322875977,821.4924972534179,9469,384,spectral,437.4826354980469
toy.dino.s0.null.ext,imagenette.train.v1,teacher.h.gap,epps_pulley,raw|pca64,53.24205017089844,47.52539510726929,61.31159400939941,9469,64,spectral,0.5537447929382324
toy.dino.s0.null.ext,imagenette.train.v1,teacher.h.gap,kurt_topeig.mean,raw|full,2.7696819745310655,2.5531989335505076,3.3391746539031963,9469,384,spectral,-0.013059960633484958
toy.dino.s0.null.ext,imagenette.train.v1,teacher.h.gap,kurt_topeig.worst,raw|full,5.489267559059352,4.401026292844514,9.41247307753628,9469,384,spectral,0.06519471583817937
toy.dino.s0.null.ext,imagenette.train.v1,teacher.h.gap,kurt_slices_mean_abs,raw|full,0.883793854121237,0.7153868327367543,0.9005879358894986,9469,384,spectral,0.03793439401030888
toy.dino.s0.null.ext,imagenette.train.v1,teacher.h.gap.L03,uniformity,raw|full,-1.7051431844518259,-1.7280412939321703,-1.694610909600845,9469,384,cheap,-1.847199343093369
toy.dino.s0.null.ext,imagenette.train.v1,teacher.h.gap.L03,uniformity,raw|pca64,-1.8892723214867666,-1.9271508632592318,-1.8754874221638924,9469,64,cheap,-2.0589079416254834
toy.dino.s0.null.ext,imagenette.train.v1,teacher.h.gap.L03,variance_floor.hinge,raw|full,0.5548228076548317,0.5510833106040229,0.5580038966861423,9469,384,cheap,
toy.dino.s0.null.ext,imagenette.train.v1,teacher.h.gap.L03,variance_floor.frac_below_half_mean,raw|full,0.13541666666666666,0.1328125,0.140625,9469,384,cheap,
toy.dino.s0.null.ext,imagenette.train.v1,teacher.h.gap.L03,variance_floor.frac_below_tenth_mean,raw|full,0.0,0.0,0.0,9469,384,cheap,
toy.dino.s0.null.ext,imagenette.train.v1,teacher.h.gap.L03,variance_floor.min_over_mean_std,raw|full,0.2074368408224319,0.20354250858573616,0.21133529985444643,9469,384,cheap,
toy.dino.s0.null.ext,imagenette.train.v1,teacher.h.gap.L03,offdiag_redundancy.offdiag_msq,raw|full,0.34386209588658473,0.34080962343696397,0.3471401324277083,9469,384,spectral,
toy.dino.s0.null.ext,imagenette.train.v1,teacher.h.gap.L03,offdiag_redundancy.mean_abs_corr,raw|full,0.5173337900431009,0.5146049567580275,0.5202401438544598,9469,384,spectral,
toy.dino.s0.null.ext,imagenette.train.v1,teacher.h.gap.L03,collapse_margin.trace_cov,raw|full,95.33529633346372,,,9469,384,none,
toy.dino.s0.null.ext,imagenette.train.v1,teacher.h.gap.L03,collapse_margin.min_std,raw|full,0.09296607779692484,,,9469,384,none,
toy.dino.s0.null.ext,imagenette.train.v1,teacher.h.gap.L03,collapse_margin.nn_dist_p5,raw|full,1.1028526527344271,,,9469,384,none,
toy.dino.s0.null.ext,imagenette.train.v1,teacher.h.gap.L03,rankme,raw|full,34.25993581507415,33.62907756463956,34.19203833919922,9469,384,spectral,34.01693242654544
toy.dino.s0.null.ext,imagenette.train.v1,teacher.h.gap.L03,rankme,l2|full,43.1826981155148,42.47746674011799,42.99641376291587,9469,384,spectral,42.88643128505352
toy.dino.s0.null.ext,imagenette.train.v1,teacher.h.gap.L03,effective_rank,raw|full,2.8337780064289237,2.795266813117522,2.870462239792841,9469,384,spectral,2.8188655429267655
toy.dino.s0.null.ext,imagenette.train.v1,teacher.h.gap.L03,effective_rank,l2|full,3.941957535275636,3.8916669891774083,3.978824450793953,9469,384,spectral,3.9142133293583474
toy.dino.s0.null.ext,imagenette.train.v1,teacher.h.gap.L03,participation_ratio,raw|full,1.9161440284222648,1.8894188695441692,1.947914561364538,9469,384,spectral,
toy.dino.s0.null.ext,imagenette.train.v1,teacher.h.gap.L03,participation_ratio,l2|full,2.4812340769314156,2.4498917302783982,2.51714694856393,9469,384,spectral,
toy.dino.s0.null.ext,imagenette.train.v1,teacher.h.gap.L03,alpha,raw|full,2.430844073838825,2.434462332833001,2.443413658694582,9469,384,spectral,
toy.dino.s0.null.ext,imagenette.train.v1,teacher.h.gap.L03,alpha,l2|full,2.37820665716838,2.384322007603836,2.3897949609791733,9469,384,spectral,
toy.dino.s0.null.ext,imagenette.train.v1,teacher.h.gap.L03,epps_pulley,raw|full,686.4150390625,605.842253112793,756.7477737426757,9469,384,spectral,609.0153198242188
toy.dino.s0.null.ext,imagenette.train.v1,teacher.h.gap.L03,epps_pulley,l2|full,808.4343872070312,675.8374862670898,915.1163177490234,9469,384,spectral,476.25164794921875
toy.dino.s0.null.ext,imagenette.train.v1,teacher.h.gap.L03,epps_pulley,raw|pca64,45.9026985168457,38.95146026611328,55.0372332572937,9469,64,spectral,0.5645108222961426
toy.dino.s0.null.ext,imagenette.train.v1,teacher.h.gap.L03,kurt_topeig.mean,raw|full,3.2684740602679305,2.6898183323373015,3.9902177492841537,9469,384,spectral,-0.01433845567866432
toy.dino.s0.null.ext,imagenette.train.v1,teacher.h.gap.L03,kurt_topeig.worst,raw|full,10.992975662931624,6.49388832282658,17.363842765203067,9469,384,spectral,0.0657996904973337
toy.dino.s0.null.ext,imagenette.train.v1,teacher.h.gap.L03,kurt_slices_mean_abs,raw|full,0.8346346876854172,0.71322667569169,0.9110072999915793,9469,384,spectral,0.03767639610794066
toy.dino.s0.null.ext,imagenette.train.v1,teacher.h.gap.L06,uniformity,raw|full,-1.6834775748441086,-1.705099827476158,-1.6745608165444352,9469,384,cheap,-1.8275407863045026
toy.dino.s0.null.ext,imagenette.train.v1,teacher.h.gap.L06,uniformity,raw|pca64,-1.9375517906643647,-1.9754396987025789,-1.9235254612756874,9469,64,cheap,-2.126302929269587
toy.dino.s0.null.ext,imagenette.train.v1,teacher.h.gap.L06,variance_floor.hinge,raw|full,0.5427221336173527,0.5391458161992388,0.545929122894948,9469,384,cheap,
toy.dino.s0.null.ext,imagenette.train.v1,teacher.h.gap.L06,variance_floor.frac_below_half_mean,raw|full,0.1015625,0.09895833333333333,0.10416666666666667,9469,384,cheap,
toy.dino.s0.null.ext,imagenette.train.v1,teacher.h.gap.L06,variance_floor.frac_below_tenth_mean,raw|full,0.0,0.0,0.0,9469,384,cheap,
toy.dino.s0.null.ext,imagenette.train.v1,teacher.h.gap.L06,variance_floor.min_over_mean_std,raw|full,0.2595918239512488,0.2544798536439296,0.2648706488687277,9469,384,cheap,
toy.dino.s0.null.ext,imagenette.train.v1,teacher.h.gap.L06,offdiag_redundancy.offdiag_msq,raw|full,0.3390390547021238,0.3358693706411009,0.34249792558650405,9469,384,spectral,
toy.dino.s0.null.ext,imagenette.train.v1,teacher.h.gap.L06,offdiag_redundancy.mean_abs_corr,raw|full,0.5143094903483341,0.5115351289345857,0.5173977880966693,9469,384,spectral,
toy.dino.s0.null.ext,imagenette.train.v1,teacher.h.gap.L06,collapse_margin.trace_cov,raw|full,99.26830145739096,,,9469,384,none,
toy.dino.s0.null.ext,imagenette.train.v1,teacher.h.gap.L06,collapse_margin.min_std,raw|full,0.11975157604612405,,,9469,384,none,
toy.dino.s0.null.ext,imagenette.train.v1,teacher.h.gap.L06,collapse_margin.nn_dist_p5,raw|full,1.1941062173291708,,,9469,384,none,
toy.dino.s0.null.ext,imagenette.train.v1,teacher.h.gap.L06,rankme,raw|full,39.82841525920523,39.14354240986987,39.74267394525934,9469,384,spectral,39.54416772297785
toy.dino.s0.null.ext,imagenette.train.v1,teacher.h.gap.L06,rankme,l2|full,47.285192731482006,46.56766628090107,47.117020869350846,9469,384,spectral,46.93826174655883
toy.dino.s0.null.ext,imagenette.train.v1,teacher.h.gap.L06,effective_rank,raw|full,3.0906354732893706,3.0454288313565523,3.1324156983141935,9469,384,spectral,3.071894189774236
toy.dino.s0.null.ext,imagenette.train.v1,teacher.h.gap.L06,effective_rank,l2|full,4.178556569626545,4.124174689762924,4.2192720710522,9469,384,spectral,4.147627488757686
toy.dino.s0.null.ext,imagenette.train.v1,teacher.h.gap.L06,participation_ratio,raw|full,2.0038348028344064,1.974938237265902,2.0376723698550108,9469,384,spectral,
toy.dino.s0.null.ext,imagenette.train.v1,teacher.h.gap.L06,participation_ratio,l2|full,2.548680414428256,2.5160999416340393,2.586803839385025,9469,384,spectral,
toy.dino.s0.null.ext,imagenette.train.v1,teacher.h.gap.L06,alpha,raw|full,2.371325537260001,2.3753947039697922,2.3837430681458587,9469,384,spectral,
toy.dino.s0.null.ext,imagenette.train.v1,teacher.h.gap.L06,alpha,l2|full,2.3217786034435752,2.327498905015486,2.3328888230232074,9469,384,spectral,
toy.dino.s0.null.ext,imagenette.train.v1,teacher.h.gap.L06,epps_pulley,raw|full,621.3114624023438,622.5003784179687,768.3500122070312,9469,384,spectral,519.8463745117188
toy.dino.s0.null.ext,imagenette.train.v1,teacher.h.gap.L06,epps_pulley,l2|full,725.8018798828125,684.6858428955078,915.9905624389647,9469,384,spectral,422.40594482421875
toy.dino.s0.null.ext,imagenette.train.v1,teacher.h.gap.L06,epps_pulley,raw|pca64,52.624916076660156,46.72189025878906,59.063403320312496,9469,64,spectral,0.5373122096061707
toy.dino.s0.null.ext,imagenette.train.v1,teacher.h.gap.L06,kurt_topeig.mean,raw|full,3.906817673440507,3.422930459348599,4.500110541079941,9469,384,spectral,-0.013507534159692325
toy.dino.s0.null.ext,imagenette.train.v1,teacher.h.gap.L06,kurt_topeig.worst,raw|full,11.449226365303968,9.172693085451296,13.96146331013387,9469,384,spectral,0.06555211768192892
toy.dino.s0.null.ext,imagenette.train.v1,teacher.h.gap.L06,kurt_slices_mean_abs,raw|full,0.7996695571023146,0.7069241297115855,0.9491454889586994,9469,384,spectral,0.03731755218793076
toy.dino.s0.null.ext,imagenette.train.v1,teacher.h.gap.L09,uniformity,raw|full,-1.6833482357024472,-1.7051482778421945,-1.6754498271898366,9469,384,cheap,-1.8265350222061723
toy.dino.s0.null.ext,imagenette.train.v1,teacher.h.gap.L09,uniformity,raw|pca64,-1.9418240561616205,-1.9791220152832254,-1.9274564179781826,9469,64,cheap,-2.153317092931244
toy.dino.s0.null.ext,imagenette.train.v1,teacher.h.gap.L09,variance_floor.hinge,raw|full,0.5339063641821449,0.5305271969154873,0.5370861324496404,9469,384,cheap,
toy.dino.s0.null.ext,imagenette.train.v1,teacher.h.gap.L09,variance_floor.frac_below_half_mean,raw|full,0.11197916666666667,0.1080078125,0.11855468749999998,9469,384,cheap,
toy.dino.s0.null.ext,imagenette.train.v1,teacher.h.gap.L09,variance_floor.frac_below_tenth_mean,raw|full,0.0,0.0,0.0,9469,384,cheap,
toy.dino.s0.null.ext,imagenette.train.v1,teacher.h.gap.L09,variance_floor.min_over_mean_std,raw|full,0.24599753816115907,0.24279926328936632,0.2506649308473742,9469,384,cheap,
toy.dino.s0.null.ext,imagenette.train.v1,teacher.h.gap.L09,offdiag_redundancy.offdiag_msq,raw|full,0.3096776015825142,0.3068193456445457,0.3129398170465984,9469,384,spectral,
toy.dino.s0.null.ext,imagenette.train.v1,teacher.h.gap.L09,offdiag_redundancy.mean_abs_corr,raw|full,0.48621122340744216,0.4835818521044034,0.48926993282147807,9469,384,spectral,
toy.dino.s0.null.ext,imagenette.train.v1,teacher.h.gap.L09,collapse_margin.trace_cov,raw|full,105.40125421863434,,,9469,384,none,
toy.dino.s0.null.ext,imagenette.train.v1,teacher.h.gap.L09,collapse_margin.min_std,raw|full,0.11598927869066013,,,9469,384,none,
toy.dino.s0.null.ext,imagenette.train.v1,teacher.h.gap.L09,collapse_margin.nn_dist_p5,raw|full,1.2226264195787917,,,9469,384,none,
toy.dino.s0.null.ext,imagenette.train.v1,teacher.h.gap.L09,rankme,raw|full,42.73050610328645,42.00143166460837,42.63259989038622,9469,384,spectral,42.42427844539082
toy.dino.s0.null.ext,imagenette.train.v1,teacher.h.gap.L09,rankme,l2|full,49.65203169647479,48.92074233831308,49.47865620585277,9469,384,spectral,49.29191059426283
toy.dino.s0.null.ext,imagenette.train.v1,teacher.h.gap.L09,effective_rank,raw|full,3.201310348226926,3.153800952064916,3.2452466806312597,9469,384,spectral,3.181056794445301
toy.dino.s0.null.ext,imagenette.train.v1,teacher.h.gap.L09,effective_rank,l2|full,4.296178706477633,4.238251289040364,4.339090116624521,9469,384,spectral,4.262956778594477
toy.dino.s0.null.ext,imagenette.train.v1,teacher.h.gap.L09,participation_ratio,raw|full,2.0229935099334555,1.9940026235680626,2.0565450346848437,9469,384,spectral,
toy.dino.s0.null.ext,imagenette.train.v1,teacher.h.gap.L09,participation_ratio,l2|full,2.5599531639729234,2.5262488208528775,2.60014063278684,9469,384,spectral,
toy.dino.s0.null.ext,imagenette.train.v1,teacher.h.gap.L09,alpha,raw|full,2.3504085827531678,2.3546359369179277,2.3627067550675256,9469,384,spectral,
toy.dino.s0.null.ext,imagenette.train.v1,teacher.h.gap.L09,alpha,l2|full,2.305220996630777,2.3111461846890244,2.316436981906132,9469,384,spectral,
toy.dino.s0.null.ext,imagenette.train.v1,teacher.h.gap.L09,epps_pulley,raw|full,662.9693603515625,578.0685546875,744.7629913330078,9469,384,spectral,542.9957885742188
toy.dino.s0.null.ext,imagenette.train.v1,teacher.h.gap.L09,epps_pulley,l2|full,749.755126953125,605.7739074707031,858.8815795898437,9469,384,spectral,453.6446533203125
toy.dino.s0.null.ext,imagenette.train.v1,teacher.h.gap.L09,epps_pulley,raw|pca64,52.14348602294922,47.18495512008667,59.64122333526611,9469,64,spectral,0.5722673535346985
toy.dino.s0.null.ext,imagenette.train.v1,teacher.h.gap.L09,kurt_topeig.mean,raw|full,3.341851690905745,3.1698017143817623,4.427843860983125,9469,384,spectral,-0.011334232356297847
toy.dino.s0.null.ext,imagenette.train.v1,teacher.h.gap.L09,kurt_topeig.worst,raw|full,6.557013945772393,5.744494367375384,16.895928778818057,9469,384,spectral,0.06514398746616923
toy.dino.s0.null.ext,imagenette.train.v1,teacher.h.gap.L09,kurt_slices_mean_abs,raw|full,0.7475193906830806,0.7172214411349975,0.9381136086425103,9469,384,spectral,0.03877456184423998
toy.dino.s0.null.ext,imagenette.train.v1,teacher.h.gap.L12,uniformity,raw|full,-1.6430725895876863,-1.6647980381104233,-1.6348985383092476,9469,384,cheap,-1.7807647147482086
toy.dino.s0.null.ext,imagenette.train.v1,teacher.h.gap.L12,uniformity,raw|pca64,-1.9751519298027722,-2.012477275389833,-1.9605546397860012,9469,64,cheap,-2.1978097764866935
toy.dino.s0.null.ext,imagenette.train.v1,teacher.h.gap.L12,variance_floor.hinge,raw|full,0.5242603867107839,0.5209193326186684,0.5274399631590437,9469,384,cheap,
toy.dino.s0.null.ext,imagenette.train.v1,teacher.h.gap.L12,variance_floor.frac_below_half_mean,raw|full,0.1171875,0.1171875,0.12239583333333333,9469,384,cheap,
toy.dino.s0.null.ext,imagenette.train.v1,teacher.h.gap.L12,variance_floor.frac_below_tenth_mean,raw|full,0.0,0.0,0.0,9469,384,cheap,
toy.dino.s0.null.ext,imagenette.train.v1,teacher.h.gap.L12,variance_floor.min_over_mean_std,raw|full,0.324941615645225,0.3188135489067596,0.3312265923640416,9469,384,cheap,
toy.dino.s0.null.ext,imagenette.train.v1,teacher.h.gap.L12,offdiag_redundancy.offdiag_msq,raw|full,0.3082891621739774,0.3053571701008945,0.31143044693815036,9469,384,spectral,
toy.dino.s0.null.ext,imagenette.train.v1,teacher.h.gap.L12,offdiag_redundancy.mean_abs_corr,raw|full,0.4866010163671776,0.4838551379996759,0.4894724379524531,9469,384,spectral,
toy.dino.s0.null.ext,imagenette.train.v1,teacher.h.gap.L12,collapse_margin.trace_cov,raw|full,106.97280917116015,,,9469,384,none,
toy.dino.s0.null.ext,imagenette.train.v1,teacher.h.gap.L12,collapse_margin.min_std,raw|full,0.15589710028790751,,,9469,384,none,
toy.dino.s0.null.ext,imagenette.train.v1,teacher.h.gap.L12,collapse_margin.nn_dist_p5,raw|full,1.246666847256035,,,9469,384,none,
toy.dino.s0.null.ext,imagenette.train.v1,teacher.h.gap.L12,rankme,raw|full,44.27916760031985,43.53626906063231,44.17910745045098,9469,384,spectral,43.94185382557533
toy.dino.s0.null.ext,imagenette.train.v1,teacher.h.gap.L12,rankme,l2|full,49.93990682841499,49.210418155701156,49.794113574744024,9469,384,spectral,49.60527934865878
toy.dino.s0.null.ext,imagenette.train.v1,teacher.h.gap.L12,effective_rank,raw|full,3.386201483701309,3.335429556371016,3.4342464418636323,9469,384,spectral,3.363145646050702
toy.dino.s0.null.ext,imagenette.train.v1,teacher.h.gap.L12,effective_rank,l2|full,4.447011182838292,4.387249759681338,4.491249154265773,9469,384,spectral,4.411275974309371
toy.dino.s0.null.ext,imagenette.train.v1,teacher.h.gap.L12,participation_ratio,raw|full,2.087892605638301,2.0572972871796686,2.1233101758722346,9469,384,spectral,
toy.dino.s0.null.ext,imagenette.train.v1,teacher.h.gap.L12,participation_ratio,l2|full,2.611354884135273,2.5765603416364526,2.6523822224188622,9469,384,spectral,
toy.dino.s0.null.ext,imagenette.train.v1,teacher.h.gap.L12,alpha,raw|full,2.3404704429808962,2.3445180560406196,2.3524304818809636,9469,384,spectral,
toy.dino.s0.null.ext,imagenette.train.v1,teacher.h.gap.L12,alpha,l2|full,2.2996506022931813,2.3048683769055294,2.3103788558400886,9469,384,spectral,
toy.dino.s0.null.ext,imagenette.train.v1,teacher.h.gap.L12,epps_pulley,raw|full,620.2408447265625,592.4947555541992,733.0168441772461,9469,384,spectral,511.73748779296875
toy.dino.s0.null.ext,imagenette.train.v1,teacher.h.gap.L12,epps_pulley,l2|full,713.7132568359375,614.2190322875977,821.4924972534179,9469,384,spectral,437.4826354980469
toy.dino.s0.null.ext,imagenette.train.v1,teacher.h.gap.L12,epps_pulley,raw|pca64,53.24205017089844,47.52539510726929,61.31159400939941,9469,64,spectral,0.5537447929382324
toy.dino.s0.null.ext,imagenette.train.v1,teacher.h.gap.L12,kurt_topeig.mean,raw|full,2.7696819745310655,2.5531989335505076,3.3391746539031963,9469,384,spectral,-0.013059960633484958
toy.dino.s0.null.ext,imagenette.train.v1,teacher.h.gap.L12,kurt_topeig.worst,raw|full,5.489267559059352,4.401026292844514,9.41247307753628,9469,384,spectral,0.06519471583817937
toy.dino.s0.null.ext,imagenette.train.v1,teacher.h.gap.L12,kurt_slices_mean_abs,raw|full,0.883793854121237,0.7153868327367543,0.9005879358894986,9469,384,spectral,0.03793439401030888
toy.dino.s0.null.ext,imagenette.train.v1,teacher.z.dino.bottleneck,uniformity,raw|full,-1.6908606890215112,-1.7082837505814852,-1.6870050874391314,9469,256,cheap,-1.770984770542098
toy.dino.s0.null.ext,imagenette.train.v1,teacher.z.dino.bottleneck,uniformity,raw|pca64,-2.400729475161495,-2.4308021672394715,-2.385818877080019,9469,64,cheap,-2.926645268966576
toy.dino.s0.null.ext,imagenette.train.v1,teacher.z.dino.bottleneck,variance_floor.hinge,raw|full,0.9568685594171544,0.9567821548130687,0.9569759781221561,9469,256,cheap,
toy.dino.s0.null.ext,imagenette.train.v1,teacher.z.dino.bottleneck,variance_floor.frac_below_half_mean,raw|full,0.00390625,0.00390625,0.00390625,9469,256,cheap,
toy.dino.s0.null.ext,imagenette.train.v1,teacher.z.dino.bottleneck,variance_floor.frac_below_tenth_mean,raw|full,0.0,0.0,0.0,9469,256,cheap,
toy.dino.s0.null.ext,imagenette.train.v1,teacher.z.dino.bottleneck,variance_floor.min_over_mean_std,raw|full,0.44656893748652376,0.4414785175811674,0.4521276607771942,9469,256,cheap,
toy.dino.s0.null.ext,imagenette.train.v1,teacher.z.dino.bottleneck,offdiag_redundancy.offdiag_msq,raw|full,0.1432356106297151,0.14172363570589908,0.14465676245087442,9469,256,spectral,
toy.dino.s0.null.ext,imagenette.train.v1,teacher.z.dino.bottleneck,offdiag_redundancy.mean_abs_corr,raw|full,0.31450813541791106,0.31270720454075,0.3162209886162655,9469,256,spectral,
toy.dino.s0.null.ext,imagenette.train.v1,teacher.z.dino.bottleneck,collapse_margin.trace_cov,raw|full,0.5184560471018094,,,9469,256,none,
toy.dino.s0.null.ext,imagenette.train.v1,teacher.z.dino.bottleneck,collapse_margin.min_std,raw|full,0.019261161593791033,,,9469,256,none,
toy.dino.s0.null.ext,imagenette.train.v1,teacher.z.dino.bottleneck,collapse_margin.nn_dist_p5,raw|full,0.07467306602261148,,,9469,256,none,
toy.dino.s0.null.ext,imagenette.train.v1,teacher.z.dino.bottleneck,rankme,raw|full,75.01145544848211,74.24616714947119,74.89805934635315,9469,256,spectral,74.88697046887543
toy.dino.s0.null.ext,imagenette.train.v1,teacher.z.dino.bottleneck,rankme,l2|full,74.81847673528613,74.04262363672836,74.69855792763276,9469,256,spectral,74.69494563009152
toy.dino.s0.null.ext,imagenette.train.v1,teacher.z.dino.bottleneck,effective_rank,raw|full,10.020912808535824,9.88670555284016,10.138041322289677,9469,256,spectral,10.076609368606936
toy.dino.s0.null.ext,imagenette.train.v1,teacher.z.dino.bottleneck,effective_rank,l2|full,9.963412733038266,9.824939518896775,10.081798738784011,9469,256,spectral,10.018440102847924
toy.dino.s0.null.ext,imagenette.train.v1,teacher.z.dino.bottleneck,participation_ratio,raw|full,4.587008190028125,4.521960730069182,4.680883402775252,9469,256,spectral,
toy.dino.s0.null.ext,imagenette.train.v1,teacher.z.dino.bottleneck,participation_ratio,l2|full,4.551695025022256,4.487925900824759,4.649690804144117,9469,256,spectral,
toy.dino.s0.null.ext,imagenette.train.v1,teacher.z.dino.bottleneck,alpha,raw|full,2.03002123148945,2.036488631965937,2.044016619488241,9469,256,spectral,
toy.dino.s0.null.ext,imagenette.train.v1,teacher.z.dino.bottleneck,alpha,l2|full,2.030966460344941,2.037474849845159,2.0448115788983174,9469,256,spectral,
toy.dino.s0.null.ext,imagenette.train.v1,teacher.z.dino.bottleneck,epps_pulley,raw|full,477.1300964355469,367.2966926574707,505.48926162719727,9469,256,spectral,271.4714050292969
toy.dino.s0.null.ext,imagenette.train.v1,teacher.z.dino.bottleneck,epps_pulley,l2|full,483.153076171875,367.2617790222168,505.90727920532225,9469,256,spectral,274.8309631347656
toy.dino.s0.null.ext,imagenette.train.v1,teacher.z.dino.bottleneck,epps_pulley,raw|pca64,38.2458381652832,33.146900749206544,42.08489532470703,9469,64,spectral,0.5510077476501465
toy.dino.s0.null.ext,imagenette.train.v1,teacher.z.dino.bottleneck,kurt_topeig.mean,raw|full,0.02088249749454323,-0.09969823442793838,0.09847935075582516,9469,256,spectral,0.0021246333388205583
toy.dino.s0.null.ext,imagenette.train.v1,teacher.z.dino.bottleneck,kurt_topeig.worst,raw|full,1.6960110360928669,1.5174460522108713,2.193438181102677,9469,256,spectral,0.08177032649943428
toy.dino.s0.null.ext,imagenette.train.v1,teacher.z.dino.bottleneck,kurt_slices_mean_abs,raw|full,0.659230174673525,0.5728645716546614,0.6392614309353601,9469,256,spectral,0.040929387866053345
toy.dino.s0.null.ext,imagenette.train.v1,teacher.z.dino.tap1,uniformity,raw|full,-1.7756938932726438,-1.7956532187143162,-1.7717612639501348,9469,2048,cheap,-1.9067847999917982
toy.dino.s0.null.ext,imagenette.train.v1,teacher.z.dino.tap1,uniformity,raw|pca64,-2.3487556073232065,-2.380994730453217,-2.336609771207789,9469,64,cheap,-2.8648971050149497
toy.dino.s0.null.ext,imagenette.train.v1,teacher.z.dino.tap1,variance_floor.hinge,raw|full,0.7604666323565945,0.7599196024291385,0.7611176219850234,9469,2048,cheap,
toy.dino.s0.null.ext,imagenette.train.v1,teacher.z.dino.tap1,variance_floor.frac_below_half_mean,raw|full,0.15673828125,0.15380859375,0.15869140625,9469,2048,cheap,
toy.dino.s0.null.ext,imagenette.train.v1,teacher.z.dino.tap1,variance_floor.frac_below_tenth_mean,raw|full,0.00048828125,0.00048828125,0.00048828125,9469,2048,cheap,
toy.dino.s0.null.ext,imagenette.train.v1,teacher.z.dino.tap1,variance_floor.min_over_mean_std,raw|full,0.07096472029598715,0.06823637070940744,0.07398990522275098,9469,2048,cheap,
toy.dino.s0.null.ext,imagenette.train.v1,teacher.z.dino.tap1,offdiag_redundancy.offdiag_msq,raw|full,0.1481521990005242,0.14649922075355845,0.1498161019068712,9469,2048,spectral,
toy.dino.s0.null.ext,imagenette.train.v1,teacher.z.dino.tap1,offdiag_redundancy.mean_abs_corr,raw|full,0.32310272279287666,0.32116181800094495,0.32509563610245107,9469,2048,spectral,
toy.dino.s0.null.ext,imagenette.train.v1,teacher.z.dino.tap1,collapse_margin.trace_cov,raw|full,148.19564120328266,,,9469,2048,none,
toy.dino.s0.null.ext,imagenette.train.v1,teacher.z.dino.tap1,collapse_margin.min_std,raw|full,0.016998418436441093,,,9469,2048,none,
toy.dino.s0.null.ext,imagenette.train.v1,teacher.z.dino.tap1,collapse_margin.nn_dist_p5,raw|full,1.222482212838793,,,9469,2048,none,
toy.dino.s0.null.ext,imagenette.train.v1,teacher.z.dino.tap1,rankme,raw|full,234.5456152244848,222.58053203539598,225.5362372980927,9469,2048,spectral,227.75225207316723
toy.dino.s0.null.ext,imagenette.train.v1,teacher.z.dino.tap1,rankme,l2|full,233.8194562649046,222.00445502514327,224.90056760075868,9469,2048,spectral,227.02333950015625
toy.dino.s0.null.ext,imagenette.train.v1,teacher.z.dino.tap1,effective_rank,raw|full,9.571313132113206,9.423885615000666,9.68035850527846,9469,2048,spectral,9.490395624929258
toy.dino.s0.null.ext,imagenette.train.v1,teacher.z.dino.tap1,effective_rank,l2|full,9.497443911029519,9.350577231032462,9.608656090348155,9469,2048,spectral,9.415989396675954
toy.dino.s0.null.ext,imagenette.train.v1,teacher.z.dino.tap1,participation_ratio,raw|full,4.25990769342447,4.199855633092267,4.343910306453111,9469,2048,spectral,
toy.dino.s0.null.ext,imagenette.train.v1,teacher.z.dino.tap1,participation_ratio,l2|full,4.222018767730784,4.161477291807509,4.306157793326608,9469,2048,spectral,
toy.dino.s0.null.ext,imagenette.train.v1,teacher.z.dino.tap1,alpha,raw|full,1.9373054087718098,1.9379592073653005,1.9442012239221294,9469,2048,spectral,
toy.dino.s0.null.ext,imagenette.train.v1,teacher.z.dino.tap1,alpha,l2|full,1.938022595705455,1.9386655705670939,1.9449846667070678,9469,2048,spectral,
toy.dino.s0.null.ext,imagenette.train.v1,teacher.z.dino.tap1,epps_pulley,raw|full,451.5181884765625,378.2773666381836,550.9884887695313,9469,2048,spectral,270.5696716308594
toy.dino.s0.null.ext,imagenette.train.v1,teacher.z.dino.tap1,epps_pulley,l2|full,452.2613830566406,376.87278213500974,553.2478881835938,9469,2048,spectral,272.38897705078125
toy.dino.s0.null.ext,imagenette.train.v1,teacher.z.dino.tap1,epps_pulley,raw|pca64,37.40614318847656,33.68745965957642,41.336816978454586,9469,64,spectral,0.6049959659576416
toy.dino.s0.null.ext,imagenette.train.v1,teacher.z.dino.tap1,kurt_topeig.mean,raw|full,-0.15613113624191363,-0.20719433898433842,-0.066987104114479,9469,2048,spectral,0.02448677850611225
toy.dino.s0.null.ext,imagenette.train.v1,teacher.z.dino.tap1,kurt_topeig.worst,raw|full,1.5148505755435633,1.495188367523112,1.5278970726391374,9469,2048,spectral,0.1825664494324033
toy.dino.s0.null.ext,imagenette.train.v1,teacher.z.dino.tap1,kurt_slices_mean_abs,raw|full,0.6102690408738876,0.5883503341259871,0.6841968200847528,9469,2048,spectral,0.03660873153163818
toy.dino.s0.null.ext,imagenette.train.v1,teacher.z.dino.tap2,uniformity,raw|full,-1.7670853644123805,-1.785672067170131,-1.7636425751142035,9469,2048,cheap,-1.8835535273284907
toy.dino.s0.null.ext,imagenette.train.v1,teacher.z.dino.tap2,uniformity,raw|pca64,-2.3855565966065875,-2.417404996759301,-2.373641032917363,9469,64,cheap,-2.9099280803322767
toy.dino.s0.null.ext,imagenette.train.v1,teacher.z.dino.tap2,variance_floor.hinge,raw|full,0.9263968198821144,0.9262627538497915,0.9265710644902746,9469,2048,cheap,
toy.dino.s0.null.ext,imagenette.train.v1,teacher.z.dino.tap2,variance_floor.frac_below_half_mean,raw|full,0.0361328125,0.03515625,0.0380859375,9469,2048,cheap,
toy.dino.s0.null.ext,imagenette.train.v1,teacher.z.dino.tap2,variance_floor.frac_below_tenth_mean,raw|full,0.0,0.0,0.0,9469,2048,cheap,
toy.dino.s0.null.ext,imagenette.train.v1,teacher.z.dino.tap2,variance_floor.min_over_mean_std,raw|full,0.3044073727921693,0.29923586732313395,0.30868130926951043,9469,2048,cheap,
toy.dino.s0.null.ext,imagenette.train.v1,teacher.z.dino.tap2,offdiag_redundancy.offdiag_msq,raw|full,0.14809502242533942,0.14647601903696172,0.14973482583803793,9469,2048,spectral,
toy.dino.s0.null.ext,imagenette.train.v1,teacher.z.dino.tap2,offdiag_redundancy.mean_abs_corr,raw|full,0.32194885604708523,0.32011202192790356,0.3238964531059799,9469,2048,spectral,
toy.dino.s0.null.ext,imagenette.train.v1,teacher.z.dino.tap2,collapse_margin.trace_cov,raw|full,12.556286167517849,,,9469,2048,none,
toy.dino.s0.null.ext,imagenette.train.v1,teacher.z.dino.tap2,collapse_margin.min_std,raw|full,0.022405350689138806,,,9469,2048,none,
toy.dino.s0.null.ext,imagenette.train.v1,teacher.z.dino.tap2,collapse_margin.nn_dist_p5,raw|full,0.3626514450596876,,,9469,2048,none,
toy.dino.s0.null.ext,imagenette.train.v1,teacher.z.dino.tap2,rankme,raw|full,237.2172145852753,225.5475972556468,228.45800553045498,9469,2048,spectral,230.49138677056914
toy.dino.s0.null.ext,imagenette.train.v1,teacher.z.dino.tap2,rankme,l2|full,235.39879725351543,223.98748659817315,226.84575697685554,9469,2048,spectral,228.66410384022757
toy.dino.s0.null.ext,imagenette.train.v1,teacher.z.dino.tap2,effective_rank,raw|full,10.383801218652117,10.222268668745697,10.497100413980059,9469,2048,spectral,10.299385803354646
toy.dino.s0.null.ext,imagenette.train.v1,teacher.z.dino.tap2,effective_rank,l2|full,10.159780177285375,10.001703466339356,10.277419400872631,9469,2048,spectral,10.07391079608017
toy.dino.s0.null.ext,imagenette.train.v1,teacher.z.dino.tap2,participation_ratio,raw|full,4.5777476796378895,4.511653707773711,4.669385173942533,9469,2048,spectral,
toy.dino.s0.null.ext,imagenette.train.v1,teacher.z.dino.tap2,participation_ratio,l2|full,4.445438424868304,4.381344526867551,4.534467375737584,9469,2048,spectral,
toy.dino.s0.null.ext,imagenette.train.v1,teacher.z.dino.tap2,alpha,raw|full,1.910960130486672,1.911426963932268,1.9185373499649663,9469,2048,spectral,
toy.dino.s0.null.ext,imagenette.train.v1,teacher.z.dino.tap2,alpha,l2|full,1.9131635694476548,1.9136476825320985,1.9208320672921033,9469,2048,spectral,
toy.dino.s0.null.ext,imagenette.train.v1,teacher.z.dino.tap2,epps_pulley,raw|full,468.13909912109375,396.0802062988281,537.5338668823242,9469,2048,spectral,266.33673095703125
toy.dino.s0.null.ext,imagenette.train.v1,teacher.z.dino.tap2,epps_pulley,l2|full,467.413818359375,397.49585189819334,542.1184616088867,9469,2048,spectral,268.7135009765625
toy.dino.s0.null.ext,imagenette.train.v1,teacher.z.dino.tap2,epps_pulley,raw|pca64,35.747901916503906,33.62902641296387,39.119682693481444,9469,64,spectral,0.5419673919677734
toy.dino.s0.null.ext,imagenette.train.v1,teacher.z.dino.tap2,kurt_topeig.mean,raw|full,-0.030287062572603052,-0.1036767138380873,0.12218861502525781,9469,2048,spectral,0.02146314135128291
toy.dino.s0.null.ext,imagenette.train.v1,teacher.z.dino.tap2,kurt_topeig.worst,raw|full,1.529072378234171,1.5178154128532548,3.043883119389708,9469,2048,spectral,0.1748413571639218
toy.dino.s0.null.ext,imagenette.train.v1,teacher.z.dino.tap2,kurt_slices_mean_abs,raw|full,0.6460816565043999,0.5764777447614744,0.7018416911739626,9469,2048,spectral,0.037420324825855965
