run_id,manifest,space,metric,variant,value,ci_lo,ci_hi,n,d,boot,null_gauss
toy.dino.s0.ext,imagenette.train.v1,student.h.cls,uniformity,raw|full,-1.9110157873388125,-1.9236297752485596,-1.8940184220564604,9469,384,cheap,-1.975549368350251
toy.dino.s0.ext,imagenette.train.v1,student.h.cls,uniformity,raw|pca64,-3.5506535194763464,-3.552839646163084,-3.5381748974710074,9469,64,cheap,-3.630085700167615
toy.dino.s0.ext,imagenette.train.v1,student.h.cls,variance_floor.hinge,raw|full,0.4208242279406795,0.4191380227868856,0.42211072376470865,9469,384,cheap,
toy.dino.s0.ext,imagenette.train.v1,student.h.cls,variance_floor.frac_below_half_mean,raw|full,0.0,0.0,0.0,9469,384,cheap,
toy.dino.s0.ext,imagenette.train.v1,student.h.cls,variance_floor.frac_below_tenth_mean,raw|full,0.0,0.0,0.0,9469,384,cheap,
toy.dino.s0.ext,imagenette.train.v1,student.h.cls,variance_floor.min_over_mean_std,raw|full,0.5881429671290946,0.580508626965997,0.5934016829499891,9469,384,cheap,
toy.dino.s0.ext,imagenette.train.v1,student.h.cls,offdiag_redundancy.offdiag_msq,raw|full,0.03437087119537333,0.03428307990003204,0.034634330317947624,9469,384,spectral,
toy.dino.s0.ext,imagenette.train.v1,student.h.cls,offdiag_redundancy.mean_abs_corr,raw|full,0.14532818228455385,0.14514968521375116,0.14593684734970389,9469,384,spectral,
toy.dino.s0.ext,imagenette.train.v1,student.h.cls,collapse_margin.trace_cov,raw|full,146.6052327754179,,,9469,384,none,
toy.dino.s0.ext,imagenette.train.v1,student.h.cls,collapse_margin.min_std,raw|full,0.3464333595018392,,,9469,384,none,
toy.dino.s0.ext,imagenette.train.v1,student.h.cls,collapse_margin.nn_dist_p5,raw|full,6.35516876921878,,,9469,384,none,
toy.dino.s0.ext,imagenette.train.v1,student.h.cls,rankme,raw|full,108.97528142263629,108.2159283303862,108.67233496017606,9469,384,spectral,108.60455758262222
toy.dino.s0.ext,imagenette.train.v1,student.h.cls,rankme,l2|full,108.76653623657621,108.01794281324658,108.47115676318515,9469,384,spectral,108.39745746256168
toy.dino.s0.ext,imagenette.train.v1,student.h.cls,effective_rank,raw|full,34.02200042927059,33.75753835668755,34.089844969674374,9469,384,spectral,33.94429273113498
toy.dino.s0.ext,imagenette.train.v1,student.h.cls,effective_rank,l2|full,33.97731791142551,33.718829423700555,34.04082942844208,9469,384,spectral,33.89906456905311
toy.dino.s0.ext,imagenette.train.v1,student.h.cls,participation_ratio,raw|full,20.201320321647152,19.94581626042378,20.310592707046112,9469,384,spectral,
toy.dino.s0.ext,imagenette.train.v1,student.h.cls,participation_ratio,l2|full,20.168696044420578,19.92105747618751,20.267300183966213,9469,384,spectral,
toy.dino.s0.ext,imagenette.train.v1,student.h.cls,alpha,raw|full,2.245971166552821,2.2486852918144686,2.2537637924259957,9469,384,spectral,
toy.dino.s0.ext,imagenette.train.v1,student.h.cls,alpha,l2|full,2.247211928028227,2.249838216081048,2.2549191587015747,9469,384,spectral,
toy.dino.s0.ext,imagenette.train.v1,student.h.cls,epps_pulley,raw|full,87.97867584228516,82.70658340454102,109.47371559143066,9469,384,spectral,70.05894470214844
toy.dino.s0.ext,imagenette.train.v1,student.h.cls,epps_pulley,l2|full,86.64149475097656,81.55942802429199,108.22982120513916,9469,384,spectral,69.84634399414062
toy.dino.s0.ext,imagenette.train.v1,student.h.cls,epps_pulley,raw|pca64,5.987252235412598,5.9655052661895756,7.702245306968688,9469,64,spectral,0.5278986096382141
toy.dino.s0.ext,imagenette.train.v1,student.h.cls,kurt_topeig.mean,raw|full,-0.15877678560955272,-0.20681869347784013,-0.14349996499552875,9469,384,spectral,-0.01584596091055377
toy.dino.s0.ext,imagenette.train.v1,student.h.cls,kurt_topeig.worst,raw|full,0.35515968733422865,0.32928317228846243,0.5933174719617283,9469,384,spectral,0.06712372365908381
toy.dino.s0.ext,imagenette.train.v1,student.h.cls,kurt_slices_mean_abs,raw|full,0.249005609849947,0.19274695897725372,0.2509847546442982,9469,384,spectral,0.03944002376613456
toy.dino.s0.ext,imagenette.train.v1,student.h.cls.L03,uniformity,raw|full,-0.8963058515362938,-0.9103046993716635,-0.8854061202688777,9469,384,cheap,-0.9320533801407415
toy.dino.s0.ext,imagenette.train.v1,student.h.cls.L03,uniformity,raw|pca64,-3.1990243731866888,-3.2072766069243244,-3.1858812511480408,9469,64,cheap,-3.316464802360125
toy.dino.s0.ext,imagenette.train.v1,student.h.cls.L03,variance_floor.hinge,raw|full,0.6206911631124735,0.6185053248860028,0.6222753525596126,9469,384,cheap,
toy.dino.s0.ext,imagenette.train.v1,student.h.cls.L03,variance_floor.frac_below_half_mean,raw|full,0.005208333333333333,0.0026041666666666665,0.005208333333333333,9469,384,cheap,
toy.dino.s0.ext,imagenette.train.v1,student.h.cls.L03,variance_floor.frac_below_tenth_mean,raw|full,0.0,0.0,0.0,9469,384,cheap,
toy.dino.s0.ext,imagenette.train.v1,student.h.cls.L03,variance_floor.min_over_mean_std,raw|full,0.48497654680043395,0.4782669623189742,0.49246805944169064,9469,384,cheap,
toy.dino.s0.ext,imagenette.train.v1,student.h.cls.L03,offdiag_redundancy.offdiag_msq,raw|full,0.05932395033910049,0.05886617870983676,0.06002764572532795,9469,384,spectral,
toy.dino.s0.ext,imagenette.train.v1,student.h.cls.L03,offdiag_redundancy.mean_abs_corr,raw|full,0.19588038917046197,0.19504930394006728,0.1971379633419557,9469,384,spectral,
toy.dino.s0.ext,imagenette.train.v1,student.h.cls.L03,collapse_margin.trace_cov,raw|full,68.65030401269428,,,9469,384,none,
toy.dino.s0.ext,imagenette.train.v1,student.h.cls.L03,collapse_margin.min_std,raw|full,0.1860257914352578,,,9469,384,none,
toy.dino.s0.ext,imagenette.train.v1,student.h.cls.L03,collapse_margin.nn_dist_p5,raw|full,3.1658920519126683,,,9469,384,none,
toy.dino.s0.ext,imagenette.train.v1,student.h.cls.L03,rankme,raw|full,59.37747620108472,58.84934456600397,59.326131079952866,9469,384,spectral,59.12883623404337
toy.dino.s0.ext,imagenette.train.v1,student.h.cls.L03,rankme,l2|full,59.24467994576502,58.72391831965894,59.198350489445225,9469,384,spectral,59.0066585898746
toy.dino.s0.ext,imagenette.train.v1,student.h.cls.L03,effective_rank,raw|full,17.176574441581643,16.974219604530752,17.301715107141206,9469,384,spectral,17.08275763157378
toy.dino.s0.ext,imagenette.train.v1,student.h.cls.L03,effective_rank,l2|full,17.22252452844521,17.025894940860496,17.343209645617712,9469,384,spectral,17.12926459402947
toy.dino.s0.ext,imagenette.train.v1,student.h.cls.L03,participation_ratio,raw|full,9.321807609552158,9.174328029328592,9.420700052202175,9469,384,spectral,
toy.dino.s0.ext,imagenette.train.v1,student.h.cls.L03,participation_ratio,l2|full,9.379032298674792,9.234369620547474,9.475728923105851,9469,384,spectral,
toy.dino.s0.ext,imagenette.train.v1,student.h.cls.L03,alpha,raw|full,2.591416609386788,2.594783417691982,2.5991615709466656,9469,384,spectral,
toy.dino.s0.ext,imagenette.train.v1,student.h.cls.L03,alpha,l2|full,2.5918881784505974,2.595181288064535,2.5995444621778194,9469,384,spectral,
toy.dino.s0.ext,imagenette.train.v1,student.h.cls.L03,epps_pulley,raw|full,180.5461883544922,161.26966438293456,207.2862209320068,9469,384,spectral,124.37566375732422
toy.dino.s0.ext,imagenette.train.v1,student.h.cls.L03,epps_pulley,l2|full,177.03689575195312,157.77547302246094,203.5898830413818,9469,384,spectral,123.76612854003906
toy.dino.s0.ext,imagenette.train.v1,student.h.cls.L03,epps_pulley,raw|pca64,16.343822479248047,15.141480374336243,18.09285454750061,9469,64,spectral,0.5361271500587463
toy.dino.s0.ext,imagenette.train.v1,student.h.cls.L03,kurt_topeig.mean,raw|full,0.2572548909950648,0.19940525133839643,0.3125193649562969,9469,384,spectral,-0.014586288964473938
toy.dino.s0.ext,imagenette.train.v1,student.h.cls.L03,kurt_topeig.worst,raw|full,1.5657438061715006,1.1398547883912853,1.897977021153367,9469,384,spectral,0.065672148866605
toy.dino.s0.ext,imagenette.train.v1,student.h.cls.L03,kurt_slices_mean_abs,raw|full,0.5553408411745875,0.45296637989941796,0.5851202268961818,9469,384,spectral,0.04312599952496041
toy.dino.s0.ext,imagenette.train.v1,student.h.cls.L06,uniformity,raw|full,-1.3124011331997645,-1.3260441596537023,-1.2975015877376588,9469,384,cheap,-1.3674304794718342
toy.dino.s0.ext,imagenette.train.v1,student.h.cls.L06,uniformity,raw|pca64,-3.3899132611313396,-3.394399772085047,-3.3745184587725428,9469,64,cheap,-3.4844737962671326
toy.dino.s0.ext,imagenette.train.v1,student.h.cls.L06,variance_floor.hinge,raw|full,0.5383551631185745,0.5364139132470289,0.5399717463609971,9469,384,cheap,
toy.dino.s0.ext,imagenette.train.v1,student.h.cls.L06,variance_floor.frac_below_half_mean,raw|full,0.0,0.0,0.0026041666666666665,9469,384,cheap,
toy.dino.s0.ext,imagenette.train.v1,student.h.cls.L06,variance_floor.frac_below_tenth_mean,raw|full,0.0,0.0,0.0,9469,384,cheap,
toy.dino.s0.ext,imagenette.train.v1,student.h.cls.L06,variance_floor.min_over_mean_std,raw|full,0.5008118048998218,0.4934037233197858,0.5077069489067929,9469,384,cheap,
toy.dino.s0.ext,imagenette.train.v1,student.h.cls.L06,offdiag_redundancy.offdiag_msq,raw|full,0.03930101618172092,0.039104578223833626,0.039710238964019366,9469,384,spectral,
toy.dino.s0.ext,imagenette.train.v1,student.h.cls.L06,offdiag_redundancy.mean_abs_corr,raw|full,0.15679390472244278,0.15639862339505936,0.15764699631948048,9469,384,spectral,
toy.dino.s0.ext,imagenette.train.v1,student.h.cls.L06,collapse_margin.trace_cov,raw|full,100.84673901045632,,,9469,384,none,
toy.dino.s0.ext,imagenette.train.v1,student.h.cls.L06,collapse_margin.min_std,raw|full,0.23584946247688188,,,9469,384,none,
toy.dino.s0.ext,imagenette.train.v1,student.h.cls.L06,collapse_margin.nn_dist_p5,raw|full,4.666795716059192,,,9469,384,none,
toy.dino.s0.ext,imagenette.train.v1,student.h.cls.L06,rankme,raw|full,89.46315533006293,88.75809606500805,89.25802836345157,9469,384,spectral,89.10250273813136
toy.dino.s0.ext,imagenette.train.v1,student.h.cls.L06,rankme,l2|full,89.23318495995358,88.54504253410215,89.03631752968258,9469,384,spectral,88.87848245936927
toy.dino.s0.ext,imagenette.train.v1,student.h.cls.L06,effective_rank,raw|full,25.330586817744585,25.048513116892913,25.456787574683766,9469,384,spectral,25.22745465467868
toy.dino.s0.ext,imagenette.train.v1,student.h.cls.L06,effective_rank,l2|full,25.336434185383023,25.063127721836683,25.459680898746573,9469,384,spectral,25.234808798631672
toy.dino.s0.ext,imagenette.train.v1,student.h.cls.L06,participation_ratio,raw|full,13.40571025889151,13.188988854046078,13.528655642306267,9469,384,spectral,
toy.dino.s0.ext,imagenette.train.v1,student.h.cls.L06,participation_ratio,l2|full,13.444204652922684,13.233367407986718,13.563786718719658,9469,384,spectral,
toy.dino.s0.ext,imagenette.train.v1,student.h.cls.L06,alpha,raw|full,2.312653553837118,2.316427474328316,2.3205876792351368,9469,384,spectral,
toy.dino.s0.ext,imagenette.train.v1,student.h.cls.L06,alpha,l2|full,2.3138526210533334,2.3175025434590495,2.321615427129124,9469,384,spectral,
toy.dino.s0.ext,imagenette.train.v1,student.h.cls.L06,epps_pulley,raw|full,117.66828918457031,101.82875576019288,131.47572326660153,9469,384,spectral,89.43553924560547
toy.dino.s0.ext,imagenette.train.v1,student.h.cls.L06,epps_pulley,l2|full,114.63317108154297,99.52229690551758,128.64741897583005,9469,384,spectral,88.56427001953125
toy.dino.s0.ext,imagenette.train.v1,student.h.cls.L06,epps_pulley,raw|pca64,11.171960830688477,11.131488060951233,13.266985607147216,9469,64,spectral,0.5799850821495056
toy.dino.s0.ext,imagenette.train.v1,student.h.cls.L06,kurt_topeig.mean,raw|full,0.24303188036306791,0.1692029608081815,0.2884015873148107,9469,384,spectral,-0.014460538879068974
toy.dino.s0.ext,imagenette.train.v1,student.h.cls.L06,kurt_topeig.worst,raw|full,0.6106230299160185,0.4308607300298364,0.9818938014412917,9469,384,spectral,0.06782995096255506
toy.dino.s0.ext,imagenette.train.v1,student.h.cls.L06,kurt_slices_mean_abs,raw|full,0.44250115024684367,0.3430749751732051,0.4380418047121614,9469,384,spectral,0.04052698006739269
toy.dino.s0.ext,imagenette.train.v1,student.h.cls.L09,uniformity,raw|full,-1.6677170469715843,-1.680927213697305,-1.6507860757854116,9469,384,cheap,-1.7198430828319726
toy.dino.s0.ext,imagenette.train.v1,student.h.cls.L09,uniformity,raw|pca64,-3.483632180157895,-3.4867148530332237,-3.4700209909444224,9469,64,cheap,-3.572950254385024
toy.dino.s0.ext,imagenette.train.v1,student.h.cls.L09,variance_floor.hinge,raw|full,0.46987671552780275,0.4680466334808279,0.47127477627193837,9469,384,cheap,
toy.dino.s0.ext,imagenette.train.v1,student.h.cls.L09,variance_floor.frac_below_half_mean,raw|full,0.0,0.0,0.0,9469,384,cheap,
toy.dino.s0.ext,imagenette.train.v1,student.h.cls.L09,variance_floor.frac_below_tenth_mean,raw|full,0.0,0.0,0.0,9469,384,cheap,
toy.dino.s0.ext,imagenette.train.v1,student.h.cls.L09,variance_floor.min_over_mean_std,raw|full,0.5439315850750172,0.5362098865010438,0.552140684976306,9469,384,cheap,
toy.dino.s0.ext,imagenette.train.v1,student.h.cls.L09,offdiag_redundancy.offdiag_msq,raw|full,0.03527476741279945,0.03514397475886003,0.03556811917799966,9469,384,spectral,
toy.dino.s0.ext,imagenette.train.v1,student.h.cls.L09,offdiag_redundancy.mean_abs_corr,raw|full,0.1475057744670968,0.14723745544080172,0.14819091535243759,9469,384,spectral,
toy.dino.s0.ext,imagenette.train.v1,student.h.cls.L09,collapse_margin.trace_cov,raw|full,128.06430339887464,,,9469,384,none,
toy.dino.s0.ext,imagenette.train.v1,student.h.cls.L09,collapse_margin.min_std,raw|full,0.29439732398095175,,,9469,384,none,
toy.dino.s0.ext,imagenette.train.v1,student.h.cls.L09,collapse_margin.nn_dist_p5,raw|full,5.687460581304452,,,9469,384,none,
toy.dino.s0.ext,imagenette.train.v1,student.h.cls.L09,rankme,raw|full,102.66244625599437,101.90639792798342,102.40660175514367,9469,384,spectral,102.18782981626697
toy.dino.s0.ext,imagenette.train.v1,student.h.cls.L09,rankme,l2|full,102.42517244238903,101.68184335426162,102.17523991990846,9469,384,spectral,101.94162576205805
toy.dino.s0.ext,imagenette.train.v1,student.h.cls.L09,effective_rank,raw|full,30.26754809246807,30.023399438654426,30.35941689920725,9469,384,spectral,30.179801021147146
toy.dino.s0.ext,imagenette.train.v1,student.h.cls.L09,effective_rank,l2|full,30.22870631180884,29.99145660566159,30.309760310812287,9469,384,spectral,30.14120422247188
toy.dino.s0.ext,imagenette.train.v1,student.h.cls.L09,participation_ratio,raw|full,17.032066722654484,16.80786120548703,17.13966894942217,9469,384,spectral,
toy.dino.s0.ext,imagenette.train.v1,student.h.cls.L09,participation_ratio,l2|full,17.020611925833826,16.80383803716171,17.117733714628088,9469,384,spectral,
toy.dino.s0.ext,imagenette.train.v1,student.h.cls.L09,alpha,raw|full,2.2452856915760404,2.2490753045495553,2.2530512877082183,9469,384,spectral,
toy.dino.s0.ext,imagenette.train.v1,student.h.cls.L09,alpha,l2|full,2.246517912049033,2.2502181099106715,2.254198028829676,9469,384,spectral,
toy.dino.s0.ext,imagenette.train.v1,student.h.cls.L09,epps_pulley,raw|full,96.00116729736328,88.78183002471924,115.65879917144774,9469,384,spectral,73.60206604003906
toy.dino.s0.ext,imagenette.train.v1,student.h.cls.L09,epps_pulley,l2|full,94.00975036621094,87.17130966186524,113.75140819549559,9469,384,spectral,73.1858901977539
toy.dino.s0.ext,imagenette.train.v1,student.h.cls.L09,epps_pulley,raw|pca64,8.523247718811035,8.189306902885438,9.907688355445861,9469,64,spectral,0.568437933921814
toy.dino.s0.ext,imagenette.train.v1,student.h.cls.L09,kurt_topeig.mean,raw|full,-0.042189959052756534,-0.07765588299411653,-0.001982585758534837,9469,384,spectral,-0.01779543789401745
toy.dino.s0.ext,imagenette.train.v1,student.h.cls.L09,kurt_topeig.worst,raw|full,0.40708425239964763,0.3125279669243477,0.5514305592578058,9469,384,spectral,0.07284097003499213
toy.dino.s0.ext,imagenette.train.v1,student.h.cls.L09,kurt_slices_mean_abs,raw|full,0.3044082772195839,0.23348730713420704,0.3099249907224386,9469,384,spectral,0.04201353536312094
toy.dino.s0.ext,imagenette.train.v1,student.h.cls.L12,uniformity,raw|full,-1.9110157873388125,-1.9236297752485596,-1.8940184220564604,9469,384,cheap,-1.975549368350251
toy.dino.s0.ext,imagenette.train.v1,student.h.cls.L12,uniformity,raw|pca64,-3.5506535194763464,-3.552839646163084,-3.5381748974710074,9469,64,cheap,-3.630085700167615
toy.dino.s0.ext,imagenette.train.v1,student.h.cls.L12,variance_floor.hinge,raw|full,0.4208242279406795,0.4191380227868856,0.42211072376470865,9469,384,cheap,
toy.dino.s0.ext,imagenette.train.v1,student.h.cls.L12,variance_floor.frac_below_half_mean,raw|full,0.0,0.0,0.0,9469,384,cheap,
toy.dino.s0.ext,imagenette.train.v1,student.h.cls.L12,variance_floor.frac_below_tenth_mean,raw|full,0.0,0.0,0.0,9469,384,cheap,
toy.dino.s0.ext,imagenette.train.v1,student.h.cls.L12,variance_floor.min_over_mean_std,raw|full,0.5881429671290946,0.580508626965997,0.5934016829499891,9469,384,cheap,
toy.dino.s0.ext,imagenette.train.v1,student.h.cls.L12,offdiag_redundancy.offdiag_msq,raw|full,0.03437087119537333,0.03428307990003204,0.034634330317947624,9469,384,spectral,
toy.dino.s0.ext,imagenette.train.v1,student.h.cls.L12,offdiag_redundancy.mean_abs_corr,raw|full,0.14532818228455385,0.14514968521375116,0.14593684734970389,9469,384,spectral,
toy.dino.s0.ext,imagenette.train.v1,student.h.cls.L12,collapse_margin.trace_cov,raw|full,146.6052327754179,,,9469,384,none,
toy.dino.s0.ext,imagenette.train.v1,student.h.cls.L12,collapse_margin.min_std,raw|full,0.3464333595018392,,,9469,384,none,
toy.dino.s0.ext,imagenette.train.v1,student.h.cls.L12,collapse_margin.nn_dist_p5,raw|full,6.35516876921878,,,9469,384,none,
toy.dino.s0.ext,imagenette.train.v1,student.h.cls.L12,rankme,raw|full,108.97528142263629,108.2159283303862,108.67233496017606,9469,384,spectral,108.60455758262222
toy.dino.s0.ext,imagenette.train.v1,student.h.cls.L12,rankme,l2|full,108.76653623657621,108.01794281324658,108.47115676318515,9469,384,spectral,108.39745746256168
toy.dino.s0.ext,imagenette.train.v1,student.h.cls.L12,effective_rank,raw|full,34.02200042927059,33.75753835668755,34.089844969674374,9469,384,spectral,33.94429273113498
toy.dino.s0.ext,imagenette.train.v1,student.h.cls.L12,effective_rank,l2|full,33.97731791142551,33.718829423700555,34.04082942844208,9469,384,spectral,33.89906456905311
toy.dino.s0.ext,imagenette.train.v1,student.h.cls.L12,participation_ratio,raw|full,20.201320321647152,19.94581626042378,20.310592707046112,9469,384,spectral,
toy.dino.s0.ext,imagenette.train.v1,student.h.cls.L12,participation_ratio,l2|full,20.168696044420578,19.92105747618751,20.267300183966213,9469,384,spectral,
toy.dino.s0.ext,imagenette.train.v1,student.h.cls.L12,alpha,raw|full,2.245971166552821,2.2486852918144686,2.2537637924259957,9469,384,spectral,
toy.dino.s0.ext,imagenette.train.v1,student.h.cls.L12,alpha,l2|full,2.247211928028227,2.249838216081048,2.2549191587015747,9469,384,spectral,
toy.dino.s0.ext,imagenette.train.v1,student.h.cls.L12,epps_pulley,raw|full,87.97867584228516,82.70658340454102,109.47371559143066,9469,384,spectral,70.05894470214844
toy.dino.s0.ext,imagenette.train.v1,student.h.cls.L12,epps_pulley,l2|full,86.64149475097656,81.55942802429199,108.22982120513916,9469,384,spectral,69.84634399414062
toy.dino.s0.ext,imagenette.train.v1,student.h.cls.L12,epps_pulley,raw|pca64,5.987252235412598,5.9655052661895756,7.702245306968688,9469,64,spectral,0.5278986096382141
toy.dino.s0.ext,imagenette.train.v1,student.h.cls.L12,kurt_topeig.mean,raw|full,-0.15877678560955272,-0.20681869347784013,-0.14349996499552875,9469,384,spectral,-0.01584596091055377
toy.dino.s0.ext,imagenette.train.v1,student.h.cls.L12,kurt_topeig.worst,raw|full,0.35515968733422865,0.32928317228846243,0.5933174719617283,9469,384,spectral,0.06712372365908381
toy.dino.s0.ext,imagenette.train.v1,student.h.cls.L12,kurt_slices_mean_abs,raw|full,0.249005609849947,0.19274695897725372,0.2509847546442982,9469,384,spectral,0.03944002376613456
toy.dino.s0.ext,imagenette.train.v1,student.h.gap,uniformity,raw|full,-1.3722694098391648,-1.3872809529755021,-1.3611186093721352,9469,384,cheap,-1.4402897850383711
toy.dino.s0.ext,imagenette.train.v1,student.h.gap,uniformity,raw|pca64,-3.520618693723529,-3.5236288787483505,-3.5059309746581966,9469,64,cheap,-3.588766808928711
toy.dino.s0.ext,imagenette.train.v1,student.h.gap,variance_floor.hinge,raw|full,0.6213996658404635,0.6195614881898895,0.6228624448775785,9469,384,cheap,
toy.dino.s0.ext,imagenette.train.v1,student.h.gap,variance_floor.frac_below_half_mean,raw|full,0.0,0.0,0.0,9469,384,cheap,
toy.dino.s0.ext,imagenette.train.v1,student.h.gap,variance_floor.frac_below_tenth_mean,raw|full,0.0,0.0,0.0,9469,384,cheap,
toy.dino.s0.ext,imagenette.train.v1,student.h.gap,variance_floor.min_over_mean_std,raw|full,0.5282778041408226,0.5202178804431337,0.5364142615888081,9469,384,cheap,
toy.dino.s0.ext,imagenette.train.v1,student.h.gap,offdiag_redundancy.offdiag_msq,raw|full,0.0365411617767617,0.036389841692485325,0.03688767364695898,9469,384,spectral,
toy.dino.s0.ext,imagenette.train.v1,student.h.gap,offdiag_redundancy.mean_abs_corr,raw|full,0.15249393362830024,0.15216932450409162,0.15323253498424927,9469,384,spectral,
toy.dino.s0.ext,imagenette.train.v1,student.h.gap,collapse_margin.trace_cov,raw|full,61.92889809803037,,,9469,384,none,
toy.dino.s0.ext,imagenette.train.v1,student.h.gap,collapse_margin.min_std,raw|full,0.2007020610758482,,,9469,384,none,
toy.dino.s0.ext,imagenette.train.v1,student.h.gap,collapse_margin.nn_dist_p5,raw|full,4.1314804714574285,,,9469,384,none,
toy.dino.s0.ext,imagenette.train.v1,student.h.gap,rankme,raw|full,109.2452194137888,108.36937194777052,108.89808393683818,9469,384,spectral,108.76547759187683
toy.dino.s0.ext,imagenette.train.v1,student.h.gap,rankme,l2|full,108.67972115415343,107.8570487934543,108.3831107044372,9469,384,spectral,108.13874279816558
toy.dino.s0.ext,imagenette.train.v1,student.h.gap,effective_rank,raw|full,32.653173145760306,32.32693374190855,32.74399714933943,9469,384,spectral,32.55987011569758
toy.dino.s0.ext,imagenette.train.v1,student.h.gap,effective_rank,l2|full,33.093828409449664,32.81594565150464,33.1610068081655,9469,384,spectral,33.00344061714105
toy.dino.s0.ext,imagenette.train.v1,student.h.gap,participation_ratio,raw|full,17.860797158085944,17.568157149906845,18.016566132025904,9469,384,spectral,
toy.dino.s0.ext,imagenette.train.v1,student.h.gap,participation_ratio,l2|full,18.350413065396623,18.07873741271106,18.51150518432349,9469,384,spectral,
toy.dino.s0.ext,imagenette.train.v1,student.h.gap,alpha,raw|full,2.0499893774918734,2.0546944590539162,2.0584203024486856,9469,384,spectral,
toy.dino.s0.ext,imagenette.train.v1,student.h.gap,alpha,l2|full,2.0508275264742855,2.055036769593533,2.058876317801633,9469,384,spectral,
toy.dino.s0.ext,imagenette.train.v1,student.h.gap,epps_pulley,raw|full,107.53488159179688,89.74907836914062,119.72351741790771,9469,384,spectral,85.3779296875
toy.dino.s0.ext,imagenette.train.v1,student.h.gap,epps_pulley,l2|full,104.09876251220703,84.26751098632812,112.93300189971923,9469,384,spectral,84.9453125
toy.dino.s0.ext,imagenette.train.v1,student.h.gap,epps_pulley,raw|pca64,15.76995849609375,15.082548379898071,17.686237239837645,9469,64,spectral,0.5457600355148315
toy.dino.s0.ext,imagenette.train.v1,student.h.gap,kurt_topeig.mean,raw|full,0.27438042529411333,0.20222802166063442,0.38854169379953896,9469,384,spectral,-0.018089020772123952
toy.dino.s0.ext,imagenette.train.v1,student.h.gap,kurt_topeig.worst,raw|full,1.2810235393942602,0.6353269581566229,2.5931497534711414,9469,384,spectral,0.06586497046785356
toy.dino.s0.ext,imagenette.train.v1,student.h.gap,kurt_slices_mean_abs,raw|full,0.48446501949622967,0.4782475568335078,0.5951429432218291,9469,384,spectral,0.0382110291552704
toy.dino.s0.ext,imagenette.train.v1,student.h.gap.L03,uniformity,raw|full,-0.7473965186331585,-0.7571007489336504,-0.7354557459903219,9469,384,cheap,-0.8045871029038292
toy.dino.s0.ext,imagenette.train.v1,student.h.gap.L03,uniformity,raw|pca64,-3.270838082773613,-3.278192233363962,-3.2523782851792093,9469,64,cheap,-3.362001211985185
toy.dino.s0.ext,imagenette.train.v1,student.h.gap.L03,variance_floor.hinge,raw|full,0.7409838128960367,0.738893481390406,0.7424452268347267,9469,384,cheap,
toy.dino.s0.ext,imagenette.train.v1,student.h.gap.L03,variance_floor.frac_below_half_mean,raw|full,0.0,0.0,0.0,9469,384,cheap,
toy.dino.s0.ext,imagenette.train.v1,student.h.gap.L03,variance_floor.frac_below_tenth_mean,raw|full,0.0,0.0,0.0,9469,384,cheap,
toy.dino.s0.ext,imagenette.train.v1,student.h.gap.L03,variance_floor.min_over_mean_std,raw|full,0.5314487119436282,0.5231301079132541,0.5404697462363345,9469,384,cheap,
toy.dino.s0.ext,imagenette.train.v1,student.h.gap.L03,offdiag_redundancy.offdiag_msq,raw|full,0.051540706755555554,0.05107724826335156,0.052243642452661374,9469,384,spectral,
toy.dino.s0.ext,imagenette.train.v1,student.h.gap.L03,offdiag_redundancy.mean_abs_corr,raw|full,0.18209104653667682,0.18128625587867409,0.18334433923456617,9469,384,spectral,
toy.dino.s0.ext,imagenette.train.v1,student.h.gap.L03,collapse_margin.trace_cov,raw|full,31.548536468753902,,,9469,384,none,
toy.dino.s0.ext,imagenette.train.v1,student.h.gap.L03,collapse_margin.min_std,raw|full,0.13814523417081465,,,9469,384,none,
toy.dino.s0.ext,imagenette.train.v1,student.h.gap.L03,collapse_margin.nn_dist_p5,raw|full,2.2989070612416604,,,9469,384,none,
toy.dino.s0.ext,imagenette.train.v1,student.h.gap.L03,rankme,raw|full,63.89506622550348,63.306627126271316,63.86384455350523,9469,384,spectral,63.63392364940346
toy.dino.s0.ext,imagenette.train.v1,student.h.gap.L03,rankme,l2|full,63.48463126598689,62.953445123812955,63.48159898401483,9469,384,spectral,63.20870885337252
toy.dino.s0.ext,imagenette.train.v1,student.h.gap.L03,effective_rank,raw|full,19.856911533218458,19.56737106383179,19.96081424721758,9469,384,spectral,19.739208197894893
toy.dino.s0.ext,imagenette.train.v1,student.h.gap.L03,effective_rank,l2|full,20.641814186773715,20.391664050659426,20.741297484255853,9469,384,spectral,20.523566028572365
toy.dino.s0.ext,imagenette.train.v1,student.h.gap.L03,participation_ratio,raw|full,9.702644956545424,9.487364556363017,9.853476001676036,9469,384,spectral,
toy.dino.s0.ext,imagenette.train.v1,student.h.gap.L03,participation_ratio,l2|full,10.263927724584098,10.062016443074766,10.371068381784891,9469,384,spectral,
toy.dino.s0.ext,imagenette.train.v1,student.h.gap.L03,alpha,raw|full,2.487546891830334,2.4922822787934784,2.4960110231105226,9469,384,spectral,
toy.dino.s0.ext,imagenette.train.v1,student.h.gap.L03,alpha,l2|full,2.4871785568170934,2.491459859231777,2.4951134495999456,9469,384,spectral,
toy.dino.s0.ext,imagenette.train.v1,student.h.gap.L03,epps_pulley,raw|full,171.92391967773438,142.8126537322998,176.437255859375,9469,384,spectral,115.16852569580078
toy.dino.s0.ext,imagenette.train.v1,student.h.gap.L03,epps_pulley,l2|full,162.23895263671875,134.82985191345216,168.59357757568358,9469,384,spectral,112.9649658203125
toy.dino.s0.ext,imagenette.train.v1,student.h.gap.L03,epps_pulley,raw|pca64,32.24256896972656,29.554630327224732,34.6739800453186,9469,64,spectral,0.5237997770309448
toy.dino.s0.ext,imagenette.train.v1,student.h.gap.L03,kurt_topeig.mean,raw|full,0.9929776402198935,0.8626405626624016,1.1328267514614998,9469,384,spectral,-0.009050832933832886
toy.dino.s0.ext,imagenette.train.v1,student.h.gap.L03,kurt_topeig.worst,raw|full,1.7155615729159823,1.5048530545703112,1.9809963429154327,9469,384,spectral,0.06478546126981222
toy.dino.s0.ext,imagenette.train.v1,student.h.gap.L03,kurt_slices_mean_abs,raw|full,1.0845475257585329,0.970381720697073,1.2302556880626208,9469,384,spectral,0.037200955209006535
toy.dino.s0.ext,imagenette.train.v1,student.h.gap.L06,uniformity,raw|full,-1.0144834736726696,-1.027778510175428,-1.0016838578806118,9469,384,cheap,-1.0995212586845153
toy.dino.s0.ext,imagenette.train.v1,student.h.gap.L06,uniformity,raw|pca64,-3.4156486980740777,-3.4228207675568934,-3.3994609079652864,9469,64,cheap,-3.505941169943753
toy.dino.s0.ext,imagenette.train.v1,student.h.gap.L06,variance_floor.hinge,raw|full,0.6911646166615979,0.6891495638141675,0.6929715426558309,9469,384,cheap,
toy.dino.s0.ext,imagenette.train.v1,student.h.gap.L06,variance_floor.frac_below_half_mean,raw|full,0.0,0.0,0.0,9469,384,cheap,
toy.dino.s0.ext,imagenette.train.v1,student.h.gap.L06,variance_floor.frac_below_tenth_mean,raw|full,0.0,0.0,0.0,9469,384,cheap,
toy.dino.s0.ext,imagenette.train.v1,student.h.gap.L06,variance_floor.min_over_mean_std,raw|full,0.5399647022637944,0.5303293115965458,0.5476751766650239,9469,384,cheap,
toy.dino.s0.ext,imagenette.train.v1,student.h.gap.L06,offdiag_redundancy.offdiag_msq,raw|full,0.03806791556843345,0.03792111798442159,0.038535691832347174,9469,384,spectral,
toy.dino.s0.ext,imagenette.train.v1,student.h.gap.L06,offdiag_redundancy.mean_abs_corr,raw|full,0.15540530268847771,0.15512127324484543,0.15641275638748867,9469,384,spectral,
toy.dino.s0.ext,imagenette.train.v1,student.h.gap.L06,collapse_margin.trace_cov,raw|full,43.170003318542015,,,9469,384,none,
toy.dino.s0.ext,imagenette.train.v1,student.h.gap.L06,collapse_margin.min_std,raw|full,0.1673963230634876,,,9469,384,none,
toy.dino.s0.ext,imagenette.train.v1,student.h.gap.L06,collapse_margin.nn_dist_p5,raw|full,3.0696783142375628,,,9469,384,none,
toy.dino.s0.ext,imagenette.train.v1,student.h.gap.L06,rankme,raw|full,92.77160303062686,91.95260998326603,92.57474029115991,9469,384,spectral,92.40674637710235
toy.dino.s0.ext,imagenette.train.v1,student.h.gap.L06,rankme,l2|full,92.20779727732872,91.47632720817492,92.04529671647809,9469,384,spectral,91.86045897085869
toy.dino.s0.ext,imagenette.train.v1,student.h.gap.L06,effective_rank,raw|full,28.15777153034315,27.774442854796344,28.27883261684139,9469,384,spectral,28.04321824004237
toy.dino.s0.ext,imagenette.train.v1,student.h.gap.L06,effective_rank,l2|full,28.770213423737477,28.441090562737603,28.890165344249386,9469,384,spectral,28.66076580519211
toy.dino.s0.ext,imagenette.train.v1,student.h.gap.L06,participation_ratio,raw|full,13.807024522730444,13.52282427721716,13.996513820947296,9469,384,spectral,
toy.dino.s0.ext,imagenette.train.v1,student.h.gap.L06,participation_ratio,l2|full,14.403307028774343,14.151308826654514,14.594599654322314,9469,384,spectral,
toy.dino.s0.ext,imagenette.train.v1,student.h.gap.L06,alpha,raw|full,2.162583229745043,2.167726861779198,2.1718476177612414,9469,384,spectral,
toy.dino.s0.ext,imagenette.train.v1,student.h.gap.L06,alpha,l2|full,2.1620843956684777,2.166493598171685,2.170676918928608,9469,384,spectral,
toy.dino.s0.ext,imagenette.train.v1,student.h.gap.L06,epps_pulley,raw|full,125.78404235839844,107.89754085540771,135.06101570129394,9469,384,spectral,91.439697265625
toy.dino.s0.ext,imagenette.train.v1,student.h.gap.L06,epps_pulley,l2|full,119.88937377929688,100.42013931274414,127.0022397994995,9469,384,spectral,88.48483276367188
toy.dino.s0.ext,imagenette.train.v1,student.h.gap.L06,epps_pulley,raw|pca64,27.319429397583008,25.706235790252684,30.0583598613739,9469,64,spectral,0.5579220652580261
toy.dino.s0.ext,imagenette.train.v1,student.h.gap.L06,kurt_topeig.mean,raw|full,0.5322401563360066,0.4502317005450457,0.6078069255302988,9469,384,spectral,-0.011234834709750263
toy.dino.s0.ext,imagenette.train.v1,student.h.gap.L06,kurt_topeig.worst,raw|full,1.627581471348826,1.267093230295341,2.3537867574378493,9469,384,spectral,0.06554421966620749
toy.dino.s0.ext,imagenette.train.v1,student.h.gap.L06,kurt_slices_mean_abs,raw|full,0.9874269800364466,0.8643289368374227,1.098129603700722,9469,384,spectral,0.03818126224042948
toy.dino.s0.ext,imagenette.train.v1,student.h.gap.L09,uniformity,raw|full,-1.1634965966157136,-1.1793782258365788,-1.1520220248901785,9469,384,cheap,-1.254162905646868
toy.dino.s0.ext,imagenette.train.v1,student.h.gap.L09,uniformity,raw|pca64,-3.4619295092325584,-3.467051861420404,-3.4466679755542637,9469,64,cheap,-3.5407929632120703
toy.dino.s0.ext,imagenette.train.v1,student.h.gap.L09,variance_floor.hinge,raw|full,0.6628915040146197,0.6609986943170131,0.6645856621484588,9469,384,cheap,
toy.dino.s0.ext,imagenette.train.v1,student.h.gap.L09,variance_floor.frac_below_half_mean,raw|full,0.0,0.0,0.0,9469,384,cheap,
toy.dino.s0.ext,imagenette.train.v1,student.h.gap.L09,variance_floor.frac_below_tenth_mean,raw|full,0.0,0.0,0.0,9469,384,cheap,
toy.dino.s0.ext,imagenette.train.v1,student.h.gap.L09,variance_floor.min_over_mean_std,raw|full,0.5264515594985925,0.5202061706073696,0.5348798435109942,9469,384,cheap,
toy.dino.s0.ext,imagenette.train.v1,student.h.gap.L09,offdiag_redundancy.offdiag_msq,raw|full,0.035146948301274634,0.0350333220925258,0.0355937294319567,9469,384,spectral,
toy.dino.s0.ext,imagenette.train.v1,student.h.gap.L09,offdiag_redundancy.mean_abs_corr,raw|full,0.14909552363906797,0.14887096248735054,0.15017076469053675,9469,384,spectral,
toy.dino.s0.ext,imagenette.train.v1,student.h.gap.L09,collapse_margin.trace_cov,raw|full,51.07612425435224,,,9469,384,none,
toy.dino.s0.ext,imagenette.train.v1,student.h.gap.L09,collapse_margin.min_std,raw|full,0.17830166513535514,,,9469,384,none,
toy.dino.s0.ext,imagenette.train.v1,student.h.gap.L09,collapse_margin.nn_dist_p5,raw|full,3.5427006970776174,,,9469,384,none,
toy.dino.s0.ext,imagenette.train.v1,student.h.gap.L09,rankme,raw|full,104.81313452648105,103.94651629923436,104.52661102035627,9469,384,spectral,104.36958981543438
toy.dino.s0.ext,imagenette.train.v1,student.h.gap.L09,rankme,l2|full,104.24990372013518,103.43458522749899,104.00677608837208,9469,384,spectral,103.76722067271436
toy.dino.s0.ext,imagenette.train.v1,student.h.gap.L09,effective_rank,raw|full,30.734686526323483,30.381512566262373,30.848959044575953,9469,384,spectral,30.61932450261123
toy.dino.s0.ext,imagenette.train.v1,student.h.gap.L09,effective_rank,l2|full,31.28976630074743,30.97310791360134,31.396816313752137,9469,384,spectral,31.179206296615934
toy.dino.s0.ext,imagenette.train.v1,student.h.gap.L09,participation_ratio,raw|full,15.419016168865642,15.120287659673972,15.573735449815656,9469,384,spectral,
toy.dino.s0.ext,imagenette.train.v1,student.h.gap.L09,participation_ratio,l2|full,15.968760047878698,15.687622992359556,16.129889771581873,9469,384,spectral,
toy.dino.s0.ext,imagenette.train.v1,student.h.gap.L09,alpha,raw|full,2.040003115206759,2.045009264946847,2.048735156021253,9469,384,spectral,
toy.dino.s0.ext,imagenette.train.v1,student.h.gap.L09,alpha,l2|full,2.0397958223399635,2.0443862760227933,2.0482636786878707,9469,384,spectral,
toy.dino.s0.ext,imagenette.train.v1,student.h.gap.L09,epps_pulley,raw|full,110.52253723144531,93.40232582092285,118.17005233764648,9469,384,spectral,81.87164306640625
toy.dino.s0.ext,imagenette.train.v1,student.h.gap.L09,epps_pulley,l2|full,105.02703094482422,86.54663619995117,111.23348960876464,9469,384,spectral,80.62442016601562
toy.dino.s0.ext,imagenette.train.v1,student.h.gap.L09,epps_pulley,raw|pca64,19.955795288085938,18.999609613418578,23.12102875709534,9469,64,spectral,0.5897241830825806
toy.dino.s0.ext,imagenette.train.v1,student.h.gap.L09,kurt_topeig.mean,raw|full,0.4274949094892643,0.35719783909388475,0.5467829712997737,9469,384,spectral,-0.012375540362092829
toy.dino.s0.ext,imagenette.train.v1,student.h.gap.L09,kurt_topeig.worst,raw|full,1.8667220661824597,1.2119922780357668,2.9873563063728255,9469,384,spectral,0.06779011905174093
toy.dino.s0.ext,imagenette.train.v1,student.h.gap.L09,kurt_slices_mean_abs,raw|full,0.7741856968635322,0.7108586484038274,0.9133697927013538,9469,384,spectral,0.04244862675687392
toy.dino.s0.ext,imagenette.train.v1,student.h.gap.L12,uniformity,raw|full,-1.3722694098391648,-1.3872809529755021,-1.3611186093721352,9469,384,cheap,-1.4402897850383711
toy.dino.s0.ext,imagenette.train.v1,student.h.gap.L12,uniformity,raw|pca64,-3.520618693723529,-3.5236288787483505,-3.5059309746581966,9469,64,cheap,-3.588766808928711
toy.dino.s0.ext,imagenette.train.v1,student.h.gap.L12,variance_floor.hinge,raw|full,0.6213996658404635,0.6195614881898895,0.6228624448775785,9469,384,cheap,
toy.dino.s0.ext,imagenette.train.v1,student.h.gap.L12,variance_floor.frac_below_half_mean,raw|full,0.0,0.0,0.0,9469,384,cheap,
toy.dino.s0.ext,imagenette.train.v1,student.h.gap.L12,variance_floor.frac_below_tenth_mean,raw|full,0.0,0.0,0.0,9469,384,cheap,
toy.dino.s0.ext,imagenette.train.v1,student.h.gap.L12,variance_floor.min_over_mean_std,raw|full,0.5282778041408226,0.5202178804431337,0.5364142615888081,9469,384,cheap,
toy.dino.s0.ext,imagenette.train.v1,student.h.gap.L12,offdiag_redundancy.offdiag_msq,raw|full,0.0365411617767617,0.036389841692485325,0.03688767364695898,9469,384,spectral,
toy.dino.s0.ext,imagenette.train.v1,student.h.gap.L12,offdiag_redundancy.mean_abs_corr,raw|full,0.15249393362830024,0.15216932450409162,0.15323253498424927,9469,384,spectral,
toy.dino.s0.ext,imagenette.train.v1,student.h.gap.L12,collapse_margin.trace_cov,raw|full,61.92889809803037,,,9469,384,none,
toy.dino.s0.ext,imagenette.train.v1,student.h.gap.L12,collapse_margin.min_std,raw|full,0.2007020610758482,,,9469,384,none,
toy.dino.s0.ext,imagenette.train.v1,student.h.gap.L12,collapse_margin.nn_dist_p5,raw|full,4.1314804714574285,,,9469,384,none,
toy.dino.s0.ext,imagenette.train.v1,student.h.gap.L12,rankme,raw|full,109.2452194137888,108.36937194777052,108.89808393683818,9469,384,spectral,108.76547759187683
toy.dino.s0.ext,imagenette.train.v1,student.h.gap.L12,rankme,l2|full,108.67972115415343,107.8570487934543,108.3831107044372,9469,384,spectral,108.13874279816558
toy.dino.s0.ext,imagenette.train.v1,student.h.gap.L12,effective_rank,raw|full,32.653173145760306,32.32693374190855,32.74399714933943,9469,384,spectral,32.55987011569758
toy.dino.s0.ext,imagenette.train.v1,student.h.gap.L12,effective_rank,l2|full,33.093828409449664,32.81594565150464,33.1610068081655,9469,384,spectral,33.00344061714105
toy.dino.s0.ext,imagenette.train.v1,student.h.gap.L12,participation_ratio,raw|full,17.860797158085944,17.568157149906845,18.016566132025904,9469,384,spectral,
toy.dino.s0.ext,imagenette.train.v1,student.h.gap.L12,participation_ratio,l2|full,18.350413065396623,18.07873741271106,18.51150518432349,9469,384,spectral,
toy.dino.s0.ext,imagenette.train.v1,student.h.gap.L12,alpha,raw|full,2.0499893774918734,2.0546944590539162,2.0584203024486856,9469,384,spectral,
toy.dino.s0.ext,imagenette.train.v1,student.h.gap.L12,alpha,l2|full,2.0508275264742855,2.055036769593533,2.058876317801633,9469,384,spectral,
toy.dino.s0.ext,imagenette.train.v1,student.h.gap.L12,epps_pulley,raw|full,107.53488159179688,89.74907836914062,119.72351741790771,9469,384,spectral,85.3779296875
toy.dino.s0.ext,imagenette.train.v1,student.h.gap.L12,epps_pulley,l2|full,104.09876251220703,84.26751098632812,112.93300189971923,9469,384,spectral,84.9453125
toy.dino.s0.ext,imagenette.train.v1,student.h.gap.L12,epps_pulley,raw|pca64,15.76995849609375,15.082548379898071,17.686237239837645,9469,64,spectral,0.5457600355148315
toy.dino.s0.ext,imagenette.train.v1,student.h.gap.L12,kurt_topeig.mean,raw|full,0.27438042529411333,0.20222802166063442,0.38854169379953896,9469,384,spectral,-0.018089020772123952
toy.dino.s0.ext,imagenette.train.v1,student.h.gap.L12,kurt_topeig.worst,raw|full,1.2810235393942602,0.6353269581566229,2.5931497534711414,9469,384,spectral,0.06586497046785356
toy.dino.s0.ext,imagenette.train.v1,student.h.gap.L12,kurt_slices_mean_abs,raw|full,0.48446501949622967,0.4782475568335078,0.5951429432218291,9469,384,spectral,0.0382110291552704
toy.dino.s0.ext,imagenette.train.v1,student.z.dino.bottleneck,uniformity,raw|full,-3.255721723399785,-3.267328242800435,-3.2397496826944545,9469,256,cheap,-2.9926437128281704
toy.dino.s0.ext,imagenette.train.v1,student.z.dino.bottleneck,uniformity,raw|pca64,-3.3174012352250823,-3.3227808083756565,-3.2990685101405295,9469,64,cheap,-3.299785801934289
toy.dino.s0.ext,imagenette.train.v1,student.z.dino.bottleneck,variance_floor.hinge,raw|full,0.0,0.0,0.0,9469,256,cheap,
toy.dino.s0.ext,imagenette.train.v1,student.z.dino.bottleneck,variance_floor.frac_below_half_mean,raw|full,0.0,0.0,0.00390625,9469,256,cheap,
toy.dino.s0.ext,imagenette.train.v1,student.z.dino.bottleneck,variance_floor.frac_below_tenth_mean,raw|full,0.0,0.0,0.0,9469,256,cheap,
toy.dino.s0.ext,imagenette.train.v1,student.z.dino.bottleneck,variance_floor.min_over_mean_std,raw|full,0.5079704720822558,0.4980447633035441,0.5173474117225951,9469,256,cheap,
toy.dino.s0.ext,imagenette.train.v1,student.z.dino.bottleneck,offdiag_redundancy.offdiag_msq,raw|full,0.08055055411051484,0.07674303451280277,0.08993880689283112,9469,256,spectral,
toy.dino.s0.ext,imagenette.train.v1,student.z.dino.bottleneck,offdiag_redundancy.mean_abs_corr,raw|full,0.22687281720914684,0.22136673296246873,0.2403871676455426,9469,256,spectral,
toy.dino.s0.ext,imagenette.train.v1,student.z.dino.bottleneck,collapse_margin.trace_cov,raw|full,3682.7126609535626,,,9469,256,none,
toy.dino.s0.ext,imagenette.train.v1,student.z.dino.bottleneck,collapse_margin.min_std,raw|full,1.8662268213749231,,,9469,256,none,
toy.dino.s0.ext,imagenette.train.v1,student.z.dino.bottleneck,collapse_margin.nn_dist_p5,raw|full,13.610049289570101,,,9469,256,none,
toy.dino.s0.ext,imagenette.train.v1,student.z.dino.bottleneck,rankme,raw|full,78.7010538993762,77.38225294316358,79.02616684722653,9469,256,spectral,78.66681603613655
toy.dino.s0.ext,imagenette.train.v1,student.z.dino.bottleneck,rankme,l2|full,93.58497036838628,93.0970246774595,93.41236330148713,9469,256,spectral,93.44731781419735
toy.dino.s0.ext,imagenette.train.v1,student.z.dino.bottleneck,effective_rank,raw|full,18.15930684412123,16.399983678151553,18.93187413753359,9469,256,spectral,18.28265844358036
toy.dino.s0.ext,imagenette.train.v1,student.z.dino.bottleneck,effective_rank,l2|full,34.96976309908382,34.7185359921561,34.981048503790966,9469,256,spectral,35.01133500830032
toy.dino.s0.ext,imagenette.train.v1,student.z.dino.bottleneck,participation_ratio,raw|full,7.2744908870982075,6.229703951664497,7.825901538824439,9469,256,spectral,
toy.dino.s0.ext,imagenette.train.v1,student.z.dino.bottleneck,participation_ratio,l2|full,24.767945893176275,24.510942291355217,24.841717255583422,9469,256,spectral,
toy.dino.s0.ext,imagenette.train.v1,student.z.dino.bottleneck,alpha,raw|full,2.679413462092817,2.679621991118863,2.688995582135112,9469,256,spectral,
toy.dino.s0.ext,imagenette.train.v1,student.z.dino.bottleneck,alpha,l2|full,2.517811675755309,2.5202522662452282,2.5261935371652413,9469,256,spectral,
toy.dino.s0.ext,imagenette.train.v1,student.z.dino.bottleneck,epps_pulley,raw|full,381.9730529785156,353.30871200561523,406.45377960205076,9469,256,spectral,139.58615112304688
toy.dino.s0.ext,imagenette.train.v1,student.z.dino.bottleneck,epps_pulley,l2|full,98.90221405029297,87.04742240905762,107.71859951019286,9469,256,spectral,74.79647827148438
toy.dino.s0.ext,imagenette.train.v1,student.z.dino.bottleneck,epps_pulley,raw|pca64,48.30703353881836,44.29740180969238,53.819228363037105,9469,64,spectral,0.538594126701355
toy.dino.s0.ext,imagenette.train.v1,student.z.dino.bottleneck,kurt_topeig.mean,raw|full,6.19855622782324,5.630083795144632,6.913641684115276,9469,256,spectral,0.00220242991380899
toy.dino.s0.ext,imagenette.train.v1,student.z.dino.bottleneck,kurt_topeig.worst,raw|full,24.903709432598948,22.221869234736374,26.955137103414977,9469,256,spectral,0.07507471704125113
toy.dino.s0.ext,imagenette.train.v1,student.z.dino.bottleneck,kurt_slices_mean_abs,raw|full,5.196363706228008,4.332407125559647,5.469863111303187,9469,256,spectral,0.04019921260466626
toy.dino.s0.ext,imagenette.train.v1,student.z.dino.tap1,uniformity,raw|full,-3.2079796769647566,-3.2113748227952703,-3.195371000028853,9469,2048,cheap,-3.3036457764952116
toy.dino.s0.ext,imagenette.train.v1,student.z.dino.tap1,uniformity,raw|pca64,-3.543807668441127,-3.544305509282186,-3.527223783612839,9469,64,cheap,-3.674794830708759
toy.dino.s0.ext,imagenette.train.v1,student.z.dino.tap1,variance_floor.hinge,raw|full,0.5535687241542935,0.5497018352806534,0.5567393609707066,9469,2048,cheap,
toy.dino.s0.ext,imagenette.train.v1,student.z.dino.tap1,variance_floor.frac_below_half_mean,raw|full,0.1044921875,0.1015625,0.10888671875,9469,2048,cheap,
toy.dino.s0.ext,imagenette.train.v1,student.z.dino.tap1,variance_floor.frac_below_tenth_mean,raw|full,0.00146484375,0.00146484375,0.001953125,9469,2048,cheap,
toy.dino.s0.ext,imagenette.train.v1,student.z.dino.tap1,variance_floor.min_over_mean_std,raw|full,0.06918770381951679,0.06609127803379093,0.0718141952124879,9469,2048,cheap,
toy.dino.s0.ext,imagenette.train.v1,student.z.dino.tap1,offdiag_redundancy.offdiag_msq,raw|full,0.014795631600317391,0.014669946142316027,0.015355099173112194,9469,2048,spectral,
toy.dino.s0.ext,imagenette.train.v1,student.z.dino.tap1,offdiag_redundancy.mean_abs_corr,raw|full,0.08001224683095544,0.07987510097679684,0.08145549185676516,9469,2048,spectral,
toy.dino.s0.ext,imagenette.train.v1,student.z.dino.tap1,collapse_margin.trace_cov,raw|full,490.232334064724,,,9469,2048,none,
toy.dino.s0.ext,imagenette.train.v1,student.z.dino.tap1,collapse_margin.min_std,raw|full,0.03100320282310087,,,9469,2048,none,
toy.dino.s0.ext,imagenette.train.v1,student.z.dino.tap1,collapse_margin.nn_dist_p5,raw|full,10.909984119741818,,,9469,2048,none,
toy.dino.s0.ext,imagenette.train.v1,student.z.dino.tap1,rankme,raw|full,1045.7073728307419,1002.9891093746983,1008.297900529759,9469,2048,spectral,1011.006624569896
toy.dino.s0.ext,imagenette.train.v1,student.z.dino.tap1,rankme,l2|full,1078.9393443119002,1038.7396108060366,1042.1595420889148,9469,2048,spectral,1043.3239675056172
toy.dino.s0.ext,imagenette.train.v1,student.z.dino.tap1,effective_rank,raw|full,129.45213807345831,122.91710163718045,128.74724423793504,9469,2048,spectral,126.71882534185073
toy.dino.s0.ext,imagenette.train.v1,student.z.dino.tap1,effective_rank,l2|full,153.06481068915807,148.95101750470084,150.71765921984368,9469,2048,spectral,149.65800202361459
toy.dino.s0.ext,imagenette.train.v1,student.z.dino.tap1,participation_ratio,raw|full,38.94355028025605,36.253716570598115,40.03802907602528,9469,2048,spectral,
toy.dino.s0.ext,imagenette.train.v1,student.z.dino.tap1,participation_ratio,l2|full,48.722981956287505,48.08589470217255,48.897448821928634,9469,2048,spectral,
toy.dino.s0.ext,imagenette.train.v1,student.z.dino.tap1,alpha,raw|full,1.1621003634199658,1.158305475510529,1.1647977019046223,9469,2048,spectral,
toy.dino.s0.ext,imagenette.train.v1,student.z.dino.tap1,alpha,l2|full,1.1235518821678703,1.1201820304958863,1.1242021794195713,9469,2048,spectral,
toy.dino.s0.ext,imagenette.train.v1,student.z.dino.tap1,epps_pulley,raw|full,100.830322265625,91.32370109558106,106.62532119750976,9469,2048,spectral,34.361228942871094
toy.dino.s0.ext,imagenette.train.v1,student.z.dino.tap1,epps_pulley,l2|full,36.426265716552734,33.652654600143435,42.62131061553955,9469,2048,spectral,24.225584030151367
toy.dino.s0.ext,imagenette.train.v1,student.z.dino.tap1,epps_pulley,raw|pca64,30.05746078491211,27.80401391983032,33.63517684936523,9469,64,spectral,0.5150148868560791
toy.dino.s0.ext,imagenette.train.v1,student.z.dino.tap1,kurt_topeig.mean,raw|full,2.134173852640912,1.9227191122755238,2.348846879588176,9469,2048,spectral,0.021392098281708495
toy.dino.s0.ext,imagenette.train.v1,student.z.dino.tap1,kurt_topeig.worst,raw|full,17.180289788428386,14.580267774416866,18.73371150261441,9469,2048,spectral,0.16263161722912756
toy.dino.s0.ext,imagenette.train.v1,student.z.dino.tap1,kurt_slices_mean_abs,raw|full,1.0456131639714765,0.979482723606455,1.2046655922714187,9469,2048,spectral,0.03848086997758286
toy.dino.s0.ext,imagenette.train.v1,student.z.dino.tap2,uniformity,raw|full,-3.514628670105063,-3.513603617212428,-3.5013791998559856,9469,2048,cheap,-3.4644717242740777
toy.dino.s0.ext,imagenette.train.v1,student.z.dino.tap2,uniformity,raw|pca64,-3.46207772367034,-3.4646184800381015,-3.4453161667798327,9469,64,cheap,-3.5343495062282337
toy.dino.s0.ext,imagenette.train.v1,student.z.dino.tap2,variance_floor.hinge,raw|full,0.3717663988555793,0.3681343558985028,0.3750931589564207,9469,2048,cheap,
toy.dino.s0.ext,imagenette.train.v1,student.z.dino.tap2,variance_floor.frac_below_half_mean,raw|full,0.09033203125,0.08763427734375,0.09326171875,9469,2048,cheap,
toy.dino.s0.ext,imagenette.train.v1,student.z.dino.tap2,variance_floor.frac_below_tenth_mean,raw|full,0.0107421875,0.009765625,0.01171875,9469,2048,cheap,
toy.dino.s0.ext,imagenette.train.v1,student.z.dino.tap2,variance_floor.min_over_mean_std,raw|full,0.035453606029016684,0.03360807153845098,0.03741784047952844,9469,2048,cheap,
toy.dino.s0.ext,imagenette.train.v1,student.z.dino.tap2,offdiag_redundancy.offdiag_msq,raw|full,0.013194026063096595,0.013106455649710455,0.013535591696023934,9469,2048,spectral,
toy.dino.s0.ext,imagenette.train.v1,student.z.dino.tap2,offdiag_redundancy.mean_abs_corr,raw|full,0.07242767337732123,0.07241244531125238,0.07305745605380969,9469,2048,spectral,
toy.dino.s0.ext,imagenette.train.v1,student.z.dino.tap2,collapse_margin.trace_cov,raw|full,1075.3428116824005,,,9469,2048,none,
toy.dino.s0.ext,imagenette.train.v1,student.z.dino.tap2,collapse_margin.min_std,raw|full,0.023329963869871417,,,9469,2048,none,
toy.dino.s0.ext,imagenette.train.v1,student.z.dino.tap2,collapse_margin.nn_dist_p5,raw|full,12.871720328432733,,,9469,2048,none,
toy.dino.s0.ext,imagenette.train.v1,student.z.dino.tap2,rankme,raw|full,1125.7193624229242,1075.4146690914456,1085.3253850132755,9469,2048,spectral,1087.9846948252107
toy.dino.s0.ext,imagenette.train.v1,student.z.dino.tap2,rankme,l2|full,1219.4376311976341,1171.6204499933576,1176.7269902923358,9469,2048,spectral,1179.5913575819989
toy.dino.s0.ext,imagenette.train.v1,student.z.dino.tap2,effective_rank,raw|full,111.9745785227144,99.75584488402448,114.25217752389477,9469,2048,spectral,109.05301318953478
toy.dino.s0.ext,imagenette.train.v1,student.z.dino.tap2,effective_rank,l2|full,216.2547558441539,208.64150986647732,211.90867064135426,9469,2048,spectral,210.20806671889997
toy.dino.s0.ext,imagenette.train.v1,student.z.dino.tap2,participation_ratio,raw|full,22.066354386114064,18.244742780601012,23.918424728962755,9469,2048,spectral,
toy.dino.s0.ext,imagenette.train.v1,student.z.dino.tap2,participation_ratio,l2|full,69.44916671848992,68.1474937212067,69.84353567831795,9469,2048,spectral,
toy.dino.s0.ext,imagenette.train.v1,student.z.dino.tap2,alpha,raw|full,1.1829578514052144,1.1726153063419633,1.1822440460284518,9469,2048,spectral,
toy.dino.s0.ext,imagenette.train.v1,student.z.dino.tap2,alpha,l2|full,1.0751297435433147,1.0672828549703617,1.072401303647373,9469,2048,spectral,
toy.dino.s0.ext,imagenette.train.v1,student.z.dino.tap2,epps_pulley,raw|full,79.8743896484375,76.4182228088379,87.88174343109131,9469,2048,spectral,31.84957504272461
toy.dino.s0.ext,imagenette.train.v1,student.z.dino.tap2,epps_pulley,l2|full,31.848661422729492,26.730820846557616,35.690907859802245,9469,2048,spectral,22.41867446899414
toy.dino.s0.ext,imagenette.train.v1,student.z.dino.tap2,epps_pulley,raw|pca64,65.45109558105469,61.56726016998291,72.51877040863037,9469,64,spectral,0.5767702460289001
toy.dino.s0.ext,imagenette.train.v1,student.z.dino.tap2,kurt_topeig.mean,raw|full,6.976488613931915,6.499363088037557,7.447302023288191,9469,2048,spectral,0.024925784871501388
toy.dino.s0.ext,imagenette.train.v1,student.z.dino.tap2,kurt_topeig.worst,raw|full,30.607507631678317,27.131206884309897,33.32610225777046,9469,2048,spectral,0.19166644785679532
toy.dino.s0.ext,imagenette.train.v1,student.z.dino.tap2,kurt_slices_mean_abs,raw|full,3.113690040579521,2.6639449746789885,3.4623634236007215,9469,2048,spectral,0.04041461935280152
toy.dino.s0.ext,imagenette.train.v1,teacher.h.cls,uniformity,raw|full,-1.7559278075176066,-1.769762792381396,-1.737763059384967,9469,384,cheap,-1.8255515876428623
toy.dino.s0.ext,imagenette.train.v1,teacher.h.cls,uniformity,raw|pca64,-3.482614794036739,-3.485314680973719,-3.4690249671196884,9469,64,cheap,-3.572796644660823
toy.dino.s0.ext,imagenette.train.v1,teacher.h.cls,variance_floor.hinge,raw|full,0.44999492711376043,0.4480423286479912,0.4513964086023053,9469,384,cheap,
toy.dino.s0.ext,imagenette.train.v1,teacher.h.cls,variance_floor.frac_below_half_mean,raw|full,0.0,0.0,0.0,9469,384,cheap,
toy.dino.s0.ext,imagenette.train.v1,teacher.h.cls,variance_floor.frac_below_tenth_mean,raw|full,0.0,0.0,0.0,9469,384,cheap,
toy.dino.s0.ext,imagenette.train.v1,teacher.h.cls,variance_floor.min_over_mean_std,raw|full,0.5514038744771478,0.5445690812668624,0.558079367834107,9469,384,cheap,
toy.dino.s0.ext,imagenette.train.v1,teacher.h.cls,offdiag_redundancy.offdiag_msq,raw|full,0.03896570047479471,0.03880985502195515,0.039252932247936904,9469,384,spectral,
toy.dino.s0.ext,imagenette.train.v1,teacher.h.cls,offdiag_redundancy.mean_abs_corr,raw|full,0.15498383783307246,0.15466478472885964,0.15562380570535322,9469,384,spectral,
toy.dino.s0.ext,imagenette.train.v1,teacher.h.cls,collapse_margin.trace_cov,raw|full,136.55808990297768,,,9469,384,none,
toy.dino.s0.ext,imagenette.train.v1,teacher.h.cls,collapse_margin.min_std,raw|full,0.30949872168764714,,,9469,384,none,
toy.dino.s0.ext,imagenette.train.v1,teacher.h.cls,collapse_margin.nn_dist_p5,raw|full,5.7804643870648205,,,9469,384,none,
toy.dino.s0.ext,imagenette.train.v1,teacher.h.cls,rankme,raw|full,97.27436234992747,96.57470510197336,97.04470032983366,9469,384,spectral,96.90622457537216
toy.dino.s0.ext,imagenette.train.v1,teacher.h.cls,rankme,l2|full,97.056513488682,96.36810107920257,96.83438415136158,9469,384,spectral,96.68291256757516
toy.dino.s0.ext,imagenette.train.v1,teacher.h.cls,effective_rank,raw|full,28.79494625493128,28.576329604612532,28.898468088994257,9469,384,spectral,28.72039004213777
toy.dino.s0.ext,imagenette.train.v1,teacher.h.cls,effective_rank,l2|full,28.777242033077812,28.564790220664218,28.871538988133707,9469,384,spectral,28.70265869885789
toy.dino.s0.ext,imagenette.train.v1,teacher.h.cls,participation_ratio,raw|full,16.936517196944763,16.718913781778262,17.057814632538484,9469,384,spectral,
toy.dino.s0.ext,imagenette.train.v1,teacher.h.cls,participation_ratio,l2|full,16.93437726429701,16.72326516233991,17.046224842004023,9469,384,spectral,
toy.dino.s0.ext,imagenette.train.v1,teacher.h.cls,alpha,raw|full,2.3290152013165595,2.3319871605118743,2.336698554818535,9469,384,spectral,
toy.dino.s0.ext,imagenette.train.v1,teacher.h.cls,alpha,l2|full,2.3302551269687055,2.3331337128070766,2.3378323189094217,9469,384,spectral,
toy.dino.s0.ext,imagenette.train.v1,teacher.h.cls,epps_pulley,raw|full,101.01483154296875,96.04305992126464,121.67621536254883,9469,384,spectral,78.35627746582031
toy.dino.s0.ext,imagenette.train.v1,teacher.h.cls,epps_pulley,l2|full,98.91844177246094,94.24039363861084,119.9244592666626,9469,384,spectral,77.6324462890625
toy.dino.s0.ext,imagenette.train.v1,teacher.h.cls,epps_pulley,raw|pca64,8.629093170166016,8.041969060897827,9.455776619911193,9469,64,spectral,0.5414501428604126
toy.dino.s0.ext,imagenette.train.v1,teacher.h.cls,kurt_topeig.mean,raw|full,-0.04523524622147055,-0.11437882271697848,-0.0077089298154256495,9469,384,spectral,-0.017514720989026865
toy.dino.s0.ext,imagenette.train.v1,teacher.h.cls,kurt_topeig.worst,raw|full,0.7040926117189188,0.38432451780581045,1.0835736422129592,9469,384,spectral,0.06730753873446282
toy.dino.s0.ext,imagenette.train.v1,teacher.h.cls,kurt_slices_mean_abs,raw|full,0.32186014634924337,0.24379687162230684,0.32534174846854946,9469,384,spectral,0.04222670495681273
toy.dino.s0.ext,imagenette.train.v1,teacher.h.cls.L03,uniformity,raw|full,-0.884788394089894,-0.8992270930078675,-0.8735389837926454,9469,384,cheap,-0.9209460477173261
toy.dino.s0.ext,imagenette.train.v1,teacher.h.cls.L03,uniformity,raw|pca64,-3.133788770135737,-3.1428830271198995,-3.1192560775068054,9469,64,cheap,-3.2565377645387192
toy.dino.s0.ext,imagenette.train.v1,teacher.h.cls.L03,variance_floor.hinge,raw|full,0.6272988581628738,0.6251148138064693,0.6289225124154408,9469,384,cheap,
toy.dino.s0.ext,imagenette.train.v1,teacher.h.cls.L03,variance_floor.frac_below_half_mean,raw|full,0.005208333333333333,0.005208333333333333,0.005208333333333333,9469,384,cheap,
toy.dino.s0.ext,imagenette.train.v1,teacher.h.cls.L03,variance_floor.frac_below_tenth_mean,raw|full,0.0,0.0,0.0,9469,384,cheap,
toy.dino.s0.ext,imagenette.train.v1,teacher.h.cls.L03,variance_floor.min_over_mean_std,raw|full,0.4760119671227467,0.46955441626653893,0.4839012509677274,9469,384,cheap,
toy.dino.s0.ext,imagenette.train.v1,teacher.h.cls.L03,offdiag_redundancy.offdiag_msq,raw|full,0.06380015065593128,0.06323635420663205,0.06455620083680143,9469,384,spectral,
toy.dino.s0.ext,imagenette.train.v1,teacher.h.cls.L03,offdiag_redundancy.mean_abs_corr,raw|full,0.20344763714957992,0.2024448037587346,0.20475122547089486,9469,384,spectral,
toy.dino.s0.ext,imagenette.train.v1,teacher.h.cls.L03,collapse_margin.trace_cov,raw|full,68.49626974393657,,,9469,384,none,
toy.dino.s0.ext,imagenette.train.v1,teacher.h.cls.L03,collapse_margin.min_std,raw|full,0.1799028434423453,,,9469,384,none,
toy.dino.s0.ext,imagenette.train.v1,teacher.h.cls.L03,collapse_margin.nn_dist_p5,raw|full,2.9808929475932713,,,9469,384,none,
toy.dino.s0.ext,imagenette.train.v1,teacher.h.cls.L03,rankme,raw|full,54.44726357827281,53.97850956864899,54.40900884432324,9469,384,spectral,54.245285561088764
toy.dino.s0.ext,imagenette.train.v1,teacher.h.cls.L03,rankme,l2|full,54.32218050533691,53.862680135532,54.28822210476904,9469,384,spectral,54.11797215988686
toy.dino.s0.ext,imagenette.train.v1,teacher.h.cls.L03,effective_rank,raw|full,15.30598448212644,15.136350658156504,15.426810050937497,9469,384,spectral,15.213274530796022
toy.dino.s0.ext,imagenette.train.v1,teacher.h.cls.L03,effective_rank,l2|full,15.362835203284847,15.197850833322486,15.480927698164624,9469,384,spectral,15.270704723392514
toy.dino.s0.ext,imagenette.train.v1,teacher.h.cls.L03,participation_ratio,raw|full,8.335401807004965,8.20565041783151,8.420965817404642,9469,384,spectral,
toy.dino.s0.ext,imagenette.train.v1,teacher.h.cls.L03,participation_ratio,l2|full,8.40100783411947,8.274607447956747,8.484918522033155,9469,384,spectral,
toy.dino.s0.ext,imagenette.train.v1,teacher.h.cls.L03,alpha,raw|full,2.6628828524972747,2.6664022606375917,2.67069954430453,9469,384,spectral,
toy.dino.s0.ext,imagenette.train.v1,teacher.h.cls.L03,alpha,l2|full,2.663308763853524,2.6667446630448715,2.671005893990294,9469,384,spectral,
toy.dino.s0.ext,imagenette.train.v1,teacher.h.cls.L03,epps_pulley,raw|full,194.7916259765625,173.49674301147462,220.28294296264644,9469,384,spectral,133.0852508544922
toy.dino.s0.ext,imagenette.train.v1,teacher.h.cls.L03,epps_pulley,l2|full,190.52684020996094,169.36119499206544,216.1973163604736,9469,384,spectral,131.96705627441406
toy.dino.s0.ext,imagenette.train.v1,teacher.h.cls.L03,epps_pulley,raw|pca64,17.671167373657227,15.790987586975097,18.87793936729431,9469,64,spectral,0.564900815486908
toy.dino.s0.ext,imagenette.train.v1,teacher.h.cls.L03,kurt_topeig.mean,raw|full,0.30114860923204334,0.24663795279550807,0.3662780554239004,9469,384,spectral,-0.014672045152526625
toy.dino.s0.ext,imagenette.train.v1,teacher.h.cls.L03,kurt_topeig.worst,raw|full,1.620901764676539,1.255800538064513,2.038049731125056,9469,384,spectral,0.0657925218201374
toy.dino.s0.ext,imagenette.train.v1,teacher.h.cls.L03,kurt_slices_mean_abs,raw|full,0.5876296527809866,0.46469684997422306,0.6174613936995267,9469,384,spectral,0.04434204464218759
toy.dino.s0.ext,imagenette.train.v1,teacher.h.cls.L06,uniformity,raw|full,-1.2433908022269777,-1.2579916208930737,-1.2293767938688747,9469,384,cheap,-1.2956674329075542
toy.dino.s0.ext,imagenette.train.v1,teacher.h.cls.L06,uniformity,raw|pca64,-3.321409506399216,-3.326617379729953,-3.304624500848802,9469,64,cheap,-3.4229593996312158
toy.dino.s0.ext,imagenette.train.v1,teacher.h.cls.L06,variance_floor.hinge,raw|full,0.5552543980498938,0.5533222019089876,0.5569262713830286,9469,384,cheap,
toy.dino.s0.ext,imagenette.train.v1,teacher.h.cls.L06,variance_floor.frac_below_half_mean,raw|full,0.0026041666666666665,0.0026041666666666665,0.0026041666666666665,9469,384,cheap,
toy.dino.s0.ext,imagenette.train.v1,teacher.h.cls.L06,variance_floor.frac_below_tenth_mean,raw|full,0.0,0.0,0.0,9469,384,cheap,
toy.dino.s0.ext,imagenette.train.v1,teacher.h.cls.L06,variance_floor.min_over_mean_std,raw|full,0.4539372365951704,0.4483014854471102,0.4603616582116461,9469,384,cheap,
toy.dino.s0.ext,imagenette.train.v1,teacher.h.cls.L06,offdiag_redundancy.offdiag_msq,raw|full,0.043564911226588336,0.04329036781861568,0.04401688874933817,9469,384,spectral,
toy.dino.s0.ext,imagenette.train.v1,teacher.h.cls.L06,offdiag_redundancy.mean_abs_corr,raw|full,0.16505486210826395,0.16453602781517135,0.16600235140458125,9469,384,spectral,
toy.dino.s0.ext,imagenette.train.v1,teacher.h.cls.L06,collapse_margin.trace_cov,raw|full,96.72340115501532,,,9469,384,none,
toy.dino.s0.ext,imagenette.train.v1,teacher.h.cls.L06,collapse_margin.min_std,raw|full,0.20646442971589954,,,9469,384,none,
toy.dino.s0.ext,imagenette.train.v1,teacher.h.cls.L06,collapse_margin.nn_dist_p5,raw|full,4.335957625239274,,,9469,384,none,
toy.dino.s0.ext,imagenette.train.v1,teacher.h.cls.L06,rankme,raw|full,79.93049597737075,79.29497261448621,79.75897091354804,9469,384,spectral,79.60121808291537
toy.dino.s0.ext,imagenette.train.v1,teacher.h.cls.L06,rankme,l2|full,79.71258692608785,79.09294256578424,79.5541000429171,9469,384,spectral,79.37693426957175
toy.dino.s0.ext,imagenette.train.v1,teacher.h.cls.L06,effective_rank,raw|full,21.83728815131584,21.606489845606795,21.96836906717539,9469,384,spectral,21.735516776242267
toy.dino.s0.ext,imagenette.train.v1,teacher.h.cls.L06,effective_rank,l2|full,21.869615460188705,21.645855907152455,21.997480769225472,9469,384,spectral,21.76942028325549
toy.dino.s0.ext,imagenette.train.v1,teacher.h.cls.L06,participation_ratio,raw|full,11.576167590956304,11.391446546114942,11.694106863650637,9469,384,spectral,
toy.dino.s0.ext,imagenette.train.v1,teacher.h.cls.L06,participation_ratio,l2|full,11.63540607143609,11.456574612784875,11.750411118941031,9469,384,spectral,
toy.dino.s0.ext,imagenette.train.v1,teacher.h.cls.L06,alpha,raw|full,2.4038526984426456,2.407552058415274,2.411945835697885,9469,384,spectral,
toy.dino.s0.ext,imagenette.train.v1,teacher.h.cls.L06,alpha,l2|full,2.4050056635198955,2.4086088393974965,2.4129754313190594,9469,384,spectral,
toy.dino.s0.ext,imagenette.train.v1,teacher.h.cls.L06,epps_pulley,raw|full,130.37986755371094,112.55351448059082,144.83690681457517,9469,384,spectral,98.68365478515625
toy.dino.s0.ext,imagenette.train.v1,teacher.h.cls.L06,epps_pulley,l2|full,126.4773941040039,109.73710346221924,140.93772125244138,9469,384,spectral,94.98881530761719
toy.dino.s0.ext,imagenette.train.v1,teacher.h.cls.L06,epps_pulley,raw|pca64,13.671163558959961,12.626351475715637,15.625705862045288,9469,64,spectral,0.5719068646430969
toy.dino.s0.ext,imagenette.train.v1,teacher.h.cls.L06,kurt_topeig.mean,raw|full,0.2151207126467911,0.17028776245218863,0.284029401804759,9469,384,spectral,-0.014017431276509252
toy.dino.s0.ext,imagenette.train.v1,teacher.h.cls.L06,kurt_topeig.worst,raw|full,0.6149603534207988,0.4806831839968278,0.9083615275005832,9469,384,spectral,0.06791273694125444
toy.dino.s0.ext,imagenette.train.v1,teacher.h.cls.L06,kurt_slices_mean_abs,raw|full,0.5123737309011862,0.3852203594499896,0.5079515822336348,9469,384,spectral,0.038818221487577256
toy.dino.s0.ext,imagenette.train.v1,teacher.h.cls.L09,uniformity,raw|full,-1.5495355690810748,-1.563163648678244,-1.5329430146754608,9469,384,cheap,-1.6179627299153365
toy.dino.s0.ext,imagenette.train.v1,teacher.h.cls.L09,uniformity,raw|pca64,-3.4150305272210213,-3.4189328418298772,-3.4008710576865115,9469,64,cheap,-3.5142568276328037
toy.dino.s0.ext,imagenette.train.v1,teacher.h.cls.L09,variance_floor.hinge,raw|full,0.4938293119784902,0.4917821893029988,0.4953296699901018,9469,384,cheap,
toy.dino.s0.ext,imagenette.train.v1,teacher.h.cls.L09,variance_floor.frac_below_half_mean,raw|full,0.0026041666666666665,0.0026041666666666665,0.0026041666666666665,9469,384,cheap,
toy.dino.s0.ext,imagenette.train.v1,teacher.h.cls.L09,variance_floor.frac_below_tenth_mean,raw|full,0.0,0.0,0.0,9469,384,cheap,
toy.dino.s0.ext,imagenette.train.v1,teacher.h.cls.L09,variance_floor.min_over_mean_std,raw|full,0.4897257433739823,0.48347792011770213,0.49697580681419745,9469,384,cheap,
toy.dino.s0.ext,imagenette.train.v1,teacher.h.cls.L09,offdiag_redundancy.offdiag_msq,raw|full,0.03976816893861618,0.039583658706129426,0.040108132379137844,9469,384,spectral,
toy.dino.s0.ext,imagenette.train.v1,teacher.h.cls.L09,offdiag_redundancy.mean_abs_corr,raw|full,0.15686325910479032,0.1565046140615653,0.15759617291621683,9469,384,spectral,
toy.dino.s0.ext,imagenette.train.v1,teacher.h.cls.L09,collapse_margin.trace_cov,raw|full,120.55918759942986,,,9469,384,none,
toy.dino.s0.ext,imagenette.train.v1,teacher.h.cls.L09,collapse_margin.min_std,raw|full,0.25379635883250484,,,9469,384,none,
toy.dino.s0.ext,imagenette.train.v1,teacher.h.cls.L09,collapse_margin.nn_dist_p5,raw|full,5.140360268604546,,,9469,384,none,
toy.dino.s0.ext,imagenette.train.v1,teacher.h.cls.L09,rankme,raw|full,91.39003084851193,90.69741706007696,91.19799603350629,9469,384,spectral,91.06204806874118
toy.dino.s0.ext,imagenette.train.v1,teacher.h.cls.L09,rankme,l2|full,91.15526219655044,90.47496227173936,90.96839785565454,9469,384,spectral,90.82998357460286
toy.dino.s0.ext,imagenette.train.v1,teacher.h.cls.L09,effective_rank,raw|full,25.791236827743603,25.575329462898175,25.90457116732573,9469,384,spectral,25.70656601605992
toy.dino.s0.ext,imagenette.train.v1,teacher.h.cls.L09,effective_rank,l2|full,25.78072958123775,25.571040317461996,25.884483156424647,9469,384,spectral,25.696619397483005
toy.dino.s0.ext,imagenette.train.v1,teacher.h.cls.L09,participation_ratio,raw|full,14.49408572508953,14.322514554879216,14.606886915429932,9469,384,spectral,
toy.dino.s0.ext,imagenette.train.v1,teacher.h.cls.L09,participation_ratio,l2|full,14.509490135660695,14.343204590145405,14.613431874143386,9469,384,spectral,
toy.dino.s0.ext,imagenette.train.v1,teacher.h.cls.L09,alpha,raw|full,2.3350506614700777,2.3386304652351257,2.342717710479073,9469,384,spectral,
toy.dino.s0.ext,imagenette.train.v1,teacher.h.cls.L09,alpha,l2|full,2.336182624163146,2.339678405974693,2.34376696604863,9469,384,spectral,
toy.dino.s0.ext,imagenette.train.v1,teacher.h.cls.L09,epps_pulley,raw|full,108.05155181884766,99.754368019104,127.7484411239624,9469,384,spectral,81.59231567382812
toy.dino.s0.ext,imagenette.train.v1,teacher.h.cls.L09,epps_pulley,l2|full,105.26240539550781,97.08290023803711,125.26187419891356,9469,384,spectral,80.8390884399414
toy.dino.s0.ext,imagenette.train.v1,teacher.h.cls.L09,epps_pulley,raw|pca64,11.02279281616211,10.318732190132142,12.317501878738403,9469,64,spectral,0.5525930523872375
toy.dino.s0.ext,imagenette.train.v1,teacher.h.cls.L09,kurt_topeig.mean,raw|full,0.035646422578425964,-0.023299242248578562,0.10636159839755412,9469,384,spectral,-0.01695229097823976
toy.dino.s0.ext,imagenette.train.v1,teacher.h.cls.L09,kurt_topeig.worst,raw|full,0.37125924752476314,0.2662311696285331,0.7280227982537594,9469,384,spectral,0.0715492817584078
toy.dino.s0.ext,imagenette.train.v1,teacher.h.cls.L09,kurt_slices_mean_abs,raw|full,0.387966354690674,0.2810446654860233,0.3827754802451056,9469,384,spectral,0.03695025353109127
toy.dino.s0.ext,imagenette.train.v1,teacher.h.cls.L12,uniformity,raw|full,-1.7559278075176066,-1.769762792381396,-1.737763059384967,9469,384,cheap,-1.8255515876428623
toy.dino.s0.ext,imagenette.train.v1,teacher.h.cls.L12,uniformity,raw|pca64,-3.482614794036739,-3.485314680973719,-3.4690249671196884,9469,64,cheap,-3.572796644660823
toy.dino.s0.ext,imagenette.train.v1,teacher.h.cls.L12,variance_floor.hinge,raw|full,0.44999492711376043,0.4480423286479912,0.4513964086023053,9469,384,cheap,
toy.dino.s0.ext,imagenette.train.v1,teacher.h.cls.L12,variance_floor.frac_below_half_mean,raw|full,0.0,0.0,0.0,9469,384,cheap,
toy.dino.s0.ext,imagenette.train.v1,teacher.h.cls.L12,variance_floor.frac_below_tenth_mean,raw|full,0.0,0.0,0.0,9469,384,cheap,
toy.dino.s0.ext,imagenette.train.v1,teacher.h.cls.L12,variance_floor.min_over_mean_std,raw|full,0.5514038744771478,0.5445690812668624,0.558079367834107,9469,384,cheap,
toy.dino.s0.ext,imagenette.train.v1,teacher.h.cls.L12,offdiag_redundancy.offdiag_msq,raw|full,0.03896570047479471,0.03880985502195515,0.039252932247936904,9469,384,spectral,
toy.dino.s0.ext,imagenette.train.v1,teacher.h.cls.L12,offdiag_redundancy.mean_abs_corr,raw|full,0.15498383783307246,0.15466478472885964,0.15562380570535322,9469,384,spectral,
toy.dino.s0.ext,imagenette.train.v1,teacher.h.cls.L12,collapse_margin.trace_cov,raw|full,136.55808990297768,,,9469,384,none,
toy.dino.s0.ext,imagenette.train.v1,teacher.h.cls.L12,collapse_margin.min_std,raw|full,0.30949872168764714,,,9469,384,none,
toy.dino.s0.ext,imagenette.train.v1,teacher.h.cls.L12,collapse_margin.nn_dist_p5,raw|full,5.7804643870648205,,,9469,384,none,
toy.dino.s0.ext,imagenette.train.v1,teacher.h.cls.L12,rankme,raw|full,97.27436234992747,96.57470510197336,97.04470032983366,9469,384,spectral,96.90622457537216
toy.dino.s0.ext,imagenette.train.v1,teacher.h.cls.L12,rankme,l2|full,97.056513488682,96.36810107920257,96.83438415136158,9469,384,spectral,96.68291256757516
toy.dino.s0.ext,imagenette.train.v1,teacher.h.cls.L12,effective_rank,raw|full,28.79494625493128,28.576329604612532,28.898468088994257,9469,384,spectral,28.72039004213777
toy.dino.s0.ext,imagenette.train.v1,teacher.h.cls.L12,effective_rank,l2|full,28.777242033077812,28.564790220664218,28.871538988133707,9469,384,spectral,28.70265869885789
toy.dino.s0.ext,imagenette.train.v1,teacher.h.cls.L12,participation_ratio,raw|full,16.936517196944763,16.718913781778262,17.057814632538484,9469,384,spectral,
toy.dino.s0.ext,imagenette.train.v1,teacher.h.cls.L12,participation_ratio,l2|full,16.93437726429701,16.72326516233991,17.046224842004023,9469,384,spectral,
toy.dino.s0.ext,imagenette.train.v1,teacher.h.cls.L12,alpha,raw|full,2.3290152013165595,2.3319871605118743,2.336698554818535,9469,384,spectral,
toy.dino.s0.ext,imagenette.train.v1,teacher.h.cls.L12,alpha,l2|full,2.3302551269687055,2.3331337128070766,2.3378323189094217,9469,384,spectral,
toy.dino.s0.ext,imagenette.train.v1,teacher.h.cls.L12,epps_pulley,raw|full,101.01483154296875,96.04305992126464,121.67621536254883,9469,384,spectral,78.35627746582031
toy.dino.s0.ext,imagenette.train.v1,teacher.h.cls.L12,epps_pulley,l2|full,98.91844177246094,94.24039363861084,119.9244592666626,9469,384,spectral,77.6324462890625
toy.dino.s0.ext,imagenette.train.v1,teacher.h.cls.L12,epps_pulley,raw|pca64,8.629093170166016,8.041969060897827,9.455776619911193,9469,64,spectral,0.5414501428604126
toy.dino.s0.ext,imagenette.train.v1,teacher.h.cls.L12,kurt_topeig.mean,raw|full,-0.04523524622147055,-0.11437882271697848,-0.0077089298154256495,9469,384,spectral,-0.017514720989026865
toy.dino.s0.ext,imagenette.train.v1,teacher.h.cls.L12,kurt_topeig.worst,raw|full,0.7040926117189188,0.38432451780581045,1.0835736422129592,9469,384,spectral,0.06730753873446282
toy.dino.s0.ext,imagenette.train.v1,teacher.h.cls.L12,kurt_slices_mean_abs,raw|full,0.32186014634924337,0.24379687162230684,0.32534174846854946,9469,384,spectral,0.04222670495681273
toy.dino.s0.ext,imagenette.train.v1,teacher.h.gap,uniformity,raw|full,-1.2845380360133674,-1.299163970715573,-1.2716708552722014,9469,384,cheap,-1.3671828423325787
toy.dino.s0.ext,imagenette.train.v1,teacher.h.gap,uniformity,raw|pca64,-3.458426448014775,-3.4627298891715133,-3.4428732472637513,9469,64,cheap,-3.531362117071805
toy.dino.s0.ext,imagenette.train.v1,teacher.h.gap,variance_floor.hinge,raw|full,0.6337060051801977,0.6318355565662399,0.6352219559340773,9469,384,cheap,
toy.dino.s0.ext,imagenette.train.v1,teacher.h.gap,variance_floor.frac_below_half_mean,raw|full,0.0,0.0,0.0,9469,384,cheap,
toy.dino.s0.ext,imagenette.train.v1,teacher.h.gap,variance_floor.frac_below_tenth_mean,raw|full,0.0,0.0,0.0,9469,384,cheap,
toy.dino.s0.ext,imagenette.train.v1,teacher.h.gap,variance_floor.min_over_mean_std,raw|full,0.5416891022247715,0.5334647003948865,0.5464352597119069,9469,384,cheap,
toy.dino.s0.ext,imagenette.train.v1,teacher.h.gap,offdiag_redundancy.offdiag_msq,raw|full,0.0394654576363133,0.03924933865389175,0.03986610069310249,9469,384,spectral,
toy.dino.s0.ext,imagenette.train.v1,teacher.h.gap,offdiag_redundancy.mean_abs_corr,raw|full,0.15827589486112137,0.15784761090599103,0.15917901413121108,9469,384,spectral,
toy.dino.s0.ext,imagenette.train.v1,teacher.h.gap,collapse_margin.trace_cov,raw|full,59.97331099308813,,,9469,384,none,
toy.dino.s0.ext,imagenette.train.v1,teacher.h.gap,collapse_margin.min_std,raw|full,0.19945794633358524,,,9469,384,none,
toy.dino.s0.ext,imagenette.train.v1,teacher.h.gap,collapse_margin.nn_dist_p5,raw|full,3.8772936890571956,,,9469,384,none,
toy.dino.s0.ext,imagenette.train.v1,teacher.h.gap,rankme,raw|full,101.97804146157513,101.13156167419979,101.67345845168137,9469,384,spectral,101.54623758260975
toy.dino.s0.ext,imagenette.train.v1,teacher.h.gap,rankme,l2|full,101.51342695824069,100.72663935015217,101.25029700101484,9469,384,spectral,101.09120556145534
toy.dino.s0.ext,imagenette.train.v1,teacher.h.gap,effective_rank,raw|full,28.63769158185707,28.336408905364777,28.76074680097756,9469,384,spectral,28.536467628854034
toy.dino.s0.ext,imagenette.train.v1,teacher.h.gap,effective_rank,l2|full,29.16657863271524,28.879351520194504,29.265118797204252,9469,384,spectral,29.0695524229035
toy.dino.s0.ext,imagenette.train.v1,teacher.h.gap,participation_ratio,raw|full,15.01809615523569,14.731116105966542,15.162316370764474,9469,384,spectral,
toy.dino.s0.ext,imagenette.train.v1,teacher.h.gap,participation_ratio,l2|full,15.540654995418677,15.27457645414719,15.702462361775417,9469,384,spectral,
toy.dino.s0.ext,imagenette.train.v1,teacher.h.gap,alpha,raw|full,2.087881913910161,2.092432866135171,2.0966216799111645,9469,384,spectral,
toy.dino.s0.ext,imagenette.train.v1,teacher.h.gap,alpha,l2|full,2.0887159018307484,2.0928270777863585,2.0970534627197575,9469,384,spectral,
toy.dino.s0.ext,imagenette.train.v1,teacher.h.gap,epps_pulley,raw|full,114.49177551269531,100.27674713134766,125.68145828247069,9469,384,spectral,87.30530548095703
toy.dino.s0.ext,imagenette.train.v1,teacher.h.gap,epps_pulley,l2|full,110.0001220703125,94.34820213317872,118.31299571990965,9469,384,spectral,86.56716918945312
toy.dino.s0.ext,imagenette.train.v1,teacher.h.gap,epps_pulley,raw|pca64,16.911352157592773,16.609567165374756,19.576690912246704,9469,64,spectral,0.5435401201248169
toy.dino.s0.ext,imagenette.train.v1,teacher.h.gap,kurt_topeig.mean,raw|full,0.28826506372124994,0.229954408885679,0.41337968562962324,9469,384,spectral,-0.015446226061788203
toy.dino.s0.ext,imagenette.train.v1,teacher.h.gap,kurt_topeig.worst,raw|full,1.3699728612159028,0.7746620350175316,2.9643358933962918,9469,384,spectral,0.06621249770087756
toy.dino.s0.ext,imagenette.train.v1,teacher.h.gap,kurt_slices_mean_abs,raw|full,0.5558272586590012,0.5310176528582329,0.6764382846320964,9469,384,spectral,0.041733853691862194
toy.dino.s0.ext,imagenette.train.v1,teacher.h.gap.L03,uniformity,raw|full,-0.7493414268329435,-0.7591332120310226,-0.7371152265321358,9469,384,cheap,-0.8072062328707382
toy.dino.s0.ext,imagenette.train.v1,teacher.h.gap.L03,uniformity,raw|pca64,-3.2368633829893856,-3.2449646431265418,-3.2175785701211104,9469,64,cheap,-3.32649813330087
toy.dino.s0.ext,imagenette.train.v1,teacher.h.gap.L03,variance_floor.hinge,raw|full,0.7426277129251945,0.7405619686243513,0.7440430778333271,9469,384,cheap,
toy.dino.s0.ext,imagenette.train.v1,teacher.h.gap.L03,variance_floor.frac_below_half_mean,raw|full,0.0,0.0,0.0,9469,384,cheap,
toy.dino.s0.ext,imagenette.train.v1,teacher.h.gap.L03,variance_floor.frac_below_tenth_mean,raw|full,0.0,0.0,0.0,9469,384,cheap,
toy.dino.s0.ext,imagenette.train.v1,teacher.h.gap.L03,variance_floor.min_over_mean_std,raw|full,0.507124203695474,0.5001022047390163,0.5153060296050743,9469,384,cheap,
toy.dino.s0.ext,imagenette.train.v1,teacher.h.gap.L03,offdiag_redundancy.offdiag_msq,raw|full,0.05338446417361545,0.05288270566899143,0.05409337605355418,9469,384,spectral,
toy.dino.s0.ext,imagenette.train.v1,teacher.h.gap.L03,offdiag_redundancy.mean_abs_corr,raw|full,0.1851750831437996,0.18431226814677754,0.18639595213816598,9469,384,spectral,
toy.dino.s0.ext,imagenette.train.v1,teacher.h.gap.L03,collapse_margin.trace_cov,raw|full,31.884028802668457,,,9469,384,none,
toy.dino.s0.ext,imagenette.train.v1,teacher.h.gap.L03,collapse_margin.min_std,raw|full,0.1310900430157208,,,9469,384,none,
toy.dino.s0.ext,imagenette.train.v1,teacher.h.gap.L03,collapse_margin.nn_dist_p5,raw|full,2.2558151989698736,,,9469,384,none,
toy.dino.s0.ext,imagenette.train.v1,teacher.h.gap.L03,rankme,raw|full,60.12046354797844,59.58887060128671,60.09804415592556,9469,384,spectral,59.88959764479248
toy.dino.s0.ext,imagenette.train.v1,teacher.h.gap.L03,rankme,l2|full,59.76203844445664,59.28186997914449,59.76109741819995,9469,384,spectral,59.51206436287257
toy.dino.s0.ext,imagenette.train.v1,teacher.h.gap.L03,effective_rank,raw|full,18.38737762629151,18.1229927458022,18.511263452285625,9469,384,spectral,18.271894226979253
toy.dino.s0.ext,imagenette.train.v1,teacher.h.gap.L03,effective_rank,l2|full,19.159017944532767,18.930051965471062,19.27422193491721,9469,384,spectral,19.04200679976573
toy.dino.s0.ext,imagenette.train.v1,teacher.h.gap.L03,participation_ratio,raw|full,9.003589011886183,8.807162658227732,9.12931206155199,9469,384,spectral,
toy.dino.s0.ext,imagenette.train.v1,teacher.h.gap.L03,participation_ratio,l2|full,9.51972028573681,9.332652397582166,9.631113262713939,9469,384,spectral,
toy.dino.s0.ext,imagenette.train.v1,teacher.h.gap.L03,alpha,raw|full,2.5583146131880246,2.5632485743794273,2.566852075147892,9469,384,spectral,
toy.dino.s0.ext,imagenette.train.v1,teacher.h.gap.L03,alpha,l2|full,2.559009685323562,2.563401918343905,2.5668808037389375,9469,384,spectral,
toy.dino.s0.ext,imagenette.train.v1,teacher.h.gap.L03,epps_pulley,raw|full,177.939208984375,147.40613288879393,180.28378028869628,9469,384,spectral,119.18913269042969
toy.dino.s0.ext,imagenette.train.v1,teacher.h.gap.L03,epps_pulley,l2|full,167.9664306640625,139.80179824829102,172.48768272399903,9469,384,spectral,116.59954833984375
toy.dino.s0.ext,imagenette.train.v1,teacher.h.gap.L03,epps_pulley,raw|pca64,29.947065353393555,28.282563495635987,33.879725742340085,9469,64,spectral,0.5079516768455505
toy.dino.s0.ext,imagenette.train.v1,teacher.h.gap.L03,kurt_topeig.mean,raw|full,0.9957277417523034,0.8503621572581265,1.1236606756023488,9469,384,spectral,-0.00687553987927485
toy.dino.s0.ext,imagenette.train.v1,teacher.h.gap.L03,kurt_topeig.worst,raw|full,1.9026882836371417,1.5496310527287793,2.2007590542127495,9469,384,spectral,0.06524717809463443
toy.dino.s0.ext,imagenette.train.v1,teacher.h.gap.L03,kurt_slices_mean_abs,raw|full,1.062203112353942,0.9547064371564941,1.2254705679339775,9469,384,spectral,0.04278492456237622
toy.dino.s0.ext,imagenette.train.v1,teacher.h.gap.L06,uniformity,raw|full,-0.9797505274126882,-0.9923841790586662,-0.9665685328666946,9469,384,cheap,-1.0628920701996836
toy.dino.s0.ext,imagenette.train.v1,teacher.h.gap.L06,uniformity,raw|pca64,-3.3703598027036326,-3.377773503836973,-3.353124766044059,9469,64,cheap,-3.4614133847457165
toy.dino.s0.ext,imagenette.train.v1,teacher.h.gap.L06,variance_floor.hinge,raw|full,0.696158921653821,0.6941745652844798,0.6978738667379288,9469,384,cheap,
toy.dino.s0.ext,imagenette.train.v1,teacher.h.gap.L06,variance_floor.frac_below_half_mean,raw|full,0.0,0.0,0.0,9469,384,cheap,
toy.dino.s0.ext,imagenette.train.v1,teacher.h.gap.L06,variance_floor.frac_below_tenth_mean,raw|full,0.0,0.0,0.0,9469,384,cheap,
toy.dino.s0.ext,imagenette.train.v1,teacher.h.gap.L06,variance_floor.min_over_mean_std,raw|full,0.5379481327734417,0.528499661373569,0.5452704928028436,9469,384,cheap,
toy.dino.s0.ext,imagenette.train.v1,teacher.h.gap.L06,offdiag_redundancy.offdiag_msq,raw|full,0.04088577797353018,0.04070662717210294,0.0413862666711918,9469,384,spectral,
toy.dino.s0.ext,imagenette.train.v1,teacher.h.gap.L06,offdiag_redundancy.mean_abs_corr,raw|full,0.1609556767396179,0.16065818175805296,0.1619976633927066,9469,384,spectral,
toy.dino.s0.ext,imagenette.train.v1,teacher.h.gap.L06,collapse_margin.trace_cov,raw|full,42.90906780496714,,,9469,384,none,
toy.dino.s0.ext,imagenette.train.v1,teacher.h.gap.L06,collapse_margin.min_std,raw|full,0.1643484938565525,,,9469,384,none,
toy.dino.s0.ext,imagenette.train.v1,teacher.h.gap.L06,collapse_margin.nn_dist_p5,raw|full,2.9472566953657986,,,9469,384,none,
toy.dino.s0.ext,imagenette.train.v1,teacher.h.gap.L06,rankme,raw|full,85.7262548701499,84.98475726462758,85.55648192762521,9469,384,spectral,85.40338000262712
toy.dino.s0.ext,imagenette.train.v1,teacher.h.gap.L06,rankme,l2|full,85.25427350978757,84.58232525085809,85.11476504875506,9469,384,spectral,84.91161023266174
toy.dino.s0.ext,imagenette.train.v1,teacher.h.gap.L06,effective_rank,raw|full,25.241829855296867,24.893710975284662,25.401857125569414,9469,384,spectral,25.128547928420897
toy.dino.s0.ext,imagenette.train.v1,teacher.h.gap.L06,effective_rank,l2|full,25.88790726394174,25.582682675896304,26.048261613348707,9469,384,spectral,25.779757639241776
toy.dino.s0.ext,imagenette.train.v1,teacher.h.gap.L06,participation_ratio,raw|full,12.242056434139625,11.988218744906373,12.422456437509462,9469,384,spectral,
toy.dino.s0.ext,imagenette.train.v1,teacher.h.gap.L06,participation_ratio,l2|full,12.819282603980232,12.595639643021215,13.001351718743727,9469,384,spectral,
toy.dino.s0.ext,imagenette.train.v1,teacher.h.gap.L06,alpha,raw|full,2.233057873578121,2.2380258027406117,2.242138442238351,9469,384,spectral,
toy.dino.s0.ext,imagenette.train.v1,teacher.h.gap.L06,alpha,l2|full,2.233125454501205,2.237478912258698,2.241568613248567,9469,384,spectral,
toy.dino.s0.ext,imagenette.train.v1,teacher.h.gap.L06,epps_pulley,raw|full,136.10292053222656,113.85099449157715,143.6252861022949,9469,384,spectral,96.1673583984375
toy.dino.s0.ext,imagenette.train.v1,teacher.h.gap.L06,epps_pulley,l2|full,130.52923583984375,106.34831466674805,135.07712821960448,9469,384,spectral,95.11737060546875
toy.dino.s0.ext,imagenette.train.v1,teacher.h.gap.L06,epps_pulley,raw|pca64,26.494022369384766,25.028938007354736,30.36607995033264,9469,64,spectral,0.5464736819267273
toy.dino.s0.ext,imagenette.train.v1,teacher.h.gap.L06,kurt_topeig.mean,raw|full,0.5314250752833758,0.4595678384701369,0.6163252991039421,9469,384,spectral,-0.012898240412351391
toy.dino.s0.ext,imagenette.train.v1,teacher.h.gap.L06,kurt_topeig.worst,raw|full,1.482002473296828,1.151006719706226,2.184374929579343,9469,384,spectral,0.06619456893354947
toy.dino.s0.ext,imagenette.train.v1,teacher.h.gap.L06,kurt_slices_mean_abs,raw|full,1.0100975964559926,0.8900038322692252,1.1027338955101083,9469,384,spectral,0.03898898531527482
toy.dino.s0.ext,imagenette.train.v1,teacher.h.gap.L09,uniformity,raw|full,-1.0975402263446394,-1.1119574298058594,-1.0846121316081974,9469,384,cheap,-1.1791848888777228
toy.dino.s0.ext,imagenette.train.v1,teacher.h.gap.L09,uniformity,raw|pca64,-3.4081035048157204,-3.414249679270615,-3.392112433026834,9469,64,cheap,-3.488596287578868
toy.dino.s0.ext,imagenette.train.v1,teacher.h.gap.L09,variance_floor.hinge,raw|full,0.6726834765987567,0.6708556134252904,0.6742901073291134,9469,384,cheap,
toy.dino.s0.ext,imagenette.train.v1,teacher.h.gap.L09,variance_floor.frac_below_half_mean,raw|full,0.0,0.0,0.0,9469,384,cheap,
toy.dino.s0.ext,imagenette.train.v1,teacher.h.gap.L09,variance_floor.frac_below_tenth_mean,raw|full,0.0,0.0,0.0,9469,384,cheap,
toy.dino.s0.ext,imagenette.train.v1,teacher.h.gap.L09,variance_floor.min_over_mean_std,raw|full,0.5507388168156576,0.5425028298901785,0.55505794987112,9469,384,cheap,
toy.dino.s0.ext,imagenette.train.v1,teacher.h.gap.L09,offdiag_redundancy.offdiag_msq,raw|full,0.037304319469819956,0.037143506343451205,0.037795351903479636,9469,384,spectral,
toy.dino.s0.ext,imagenette.train.v1,teacher.h.gap.L09,offdiag_redundancy.mean_abs_corr,raw|full,0.1534808330485894,0.15314897093044297,0.15459083395268441,9469,384,spectral,
toy.dino.s0.ext,imagenette.train.v1,teacher.h.gap.L09,collapse_margin.trace_cov,raw|full,49.86455857776917,,,9469,384,none,
toy.dino.s0.ext,imagenette.train.v1,teacher.h.gap.L09,collapse_margin.min_std,raw|full,0.18139687883957167,,,9469,384,none,
toy.dino.s0.ext,imagenette.train.v1,teacher.h.gap.L09,collapse_margin.nn_dist_p5,raw|full,3.3651195742980895,,,9469,384,none,
toy.dino.s0.ext,imagenette.train.v1,teacher.h.gap.L09,rankme,raw|full,97.27978945895673,96.45082440005429,97.03343965732253,9469,384,spectral,96.85358791805237
toy.dino.s0.ext,imagenette.train.v1,teacher.h.gap.L09,rankme,l2|full,96.82532898067157,96.05335386788006,96.6125144494312,9469,384,spectral,96.44473058814127
toy.dino.s0.ext,imagenette.train.v1,teacher.h.gap.L09,effective_rank,raw|full,27.20614901870541,26.857228161546505,27.349018206226795,9469,384,spectral,27.088311662448884
toy.dino.s0.ext,imagenette.train.v1,teacher.h.gap.L09,effective_rank,l2|full,27.834344453421405,27.516872237920808,27.97151371425098,9469,384,spectral,27.72125266467108
toy.dino.s0.ext,imagenette.train.v1,teacher.h.gap.L09,participation_ratio,raw|full,13.317141662301223,13.024169685547772,13.471774291162154,9469,384,spectral,
toy.dino.s0.ext,imagenette.train.v1,teacher.h.gap.L09,participation_ratio,l2|full,13.874720398802541,13.602950926554586,14.015549579990457,9469,384,spectral,
toy.dino.s0.ext,imagenette.train.v1,teacher.h.gap.L09,alpha,raw|full,2.0907970496372514,2.0957218550128673,2.0995909826414336,9469,384,spectral,
toy.dino.s0.ext,imagenette.train.v1,teacher.h.gap.L09,alpha,l2|full,2.0911092323980967,2.095633054362134,2.099612681537265,9469,384,spectral,
toy.dino.s0.ext,imagenette.train.v1,teacher.h.gap.L09,epps_pulley,raw|full,119.61373138427734,101.03484745025635,125.38046379089356,9469,384,spectral,86.50221252441406
toy.dino.s0.ext,imagenette.train.v1,teacher.h.gap.L09,epps_pulley,l2|full,113.80641174316406,94.40415134429932,117.9359634399414,9469,384,spectral,84.82366180419922
toy.dino.s0.ext,imagenette.train.v1,teacher.h.gap.L09,epps_pulley,raw|pca64,21.370914459228516,20.191886234283448,23.485605001449585,9469,64,spectral,0.5789481401443481
toy.dino.s0.ext,imagenette.train.v1,teacher.h.gap.L09,kurt_topeig.mean,raw|full,0.5297285367616447,0.4235401437731808,0.6580844832572678,9469,384,spectral,-0.01297209585256951
toy.dino.s0.ext,imagenette.train.v1,teacher.h.gap.L09,kurt_topeig.worst,raw|full,2.764750936730481,1.9819587887881027,3.8144361102684865,9469,384,spectral,0.06855738054016092
toy.dino.s0.ext,imagenette.train.v1,teacher.h.gap.L09,kurt_slices_mean_abs,raw|full,0.838874492330671,0.7601267702873139,0.9826590370342153,9469,384,spectral,0.039373447592731016
toy.dino.s0.ext,imagenette.train.v1,teacher.h.gap.L12,uniformity,raw|full,-1.2845380360133674,-1.299163970715573,-1.2716708552722014,9469,384,cheap,-1.3671828423325787
toy.dino.s0.ext,imagenette.train.v1,teacher.h.gap.L12,uniformity,raw|pca64,-3.458426448014775,-3.4627298891715133,-3.4428732472637513,9469,64,cheap,-3.531362117071805
toy.dino.s0.ext,imagenette.train.v1,teacher.h.gap.L12,variance_floor.hinge,raw|full,0.6337060051801977,0.6318355565662399,0.6352219559340773,9469,384,cheap,
toy.dino.s0.ext,imagenette.train.v1,teacher.h.gap.L12,variance_floor.frac_below_half_mean,raw|full,0.0,0.0,0.0,9469,384,cheap,
toy.dino.s0.ext,imagenette.train.v1,teacher.h.gap.L12,variance_floor.frac_below_tenth_mean,raw|full,0.0,0.0,0.0,9469,384,cheap,
toy.dino.s0.ext,imagenette.train.v1,teacher.h.gap.L12,variance_floor.min_over_mean_std,raw|full,0.5416891022247715,0.5334647003948865,0.5464352597119069,9469,384,cheap,
toy.dino.s0.ext,imagenette.train.v1,teacher.h.gap.L12,offdiag_redundancy.offdiag_msq,raw|full,0.0394654576363133,0.03924933865389175,0.03986610069310249,9469,384,spectral,
toy.dino.s0.ext,imagenette.train.v1,teacher.h.gap.L12,offdiag_redundancy.mean_abs_corr,raw|full,0.15827589486112137,0.15784761090599103,0.15917901413121108,9469,384,spectral,
toy.dino.s0.ext,imagenette.train.v1,teacher.h.gap.L12,collapse_margin.trace_cov,raw|full,59.97331099308813,,,9469,384,none,
toy.dino.s0.ext,imagenette.train.v1,teacher.h.gap.L12,collapse_margin.min_std,raw|full,0.19945794633358524,,,9469,384,none,
toy.dino.s0.ext,imagenette.train.v1,teacher.h.gap.L12,collapse_margin.nn_dist_p5,raw|full,3.8772936890571956,,,9469,384,none,
toy.dino.s0.ext,imagenette.train.v1,teacher.h.gap.L12,rankme,raw|full,101.97804146157513,101.13156167419979,101.67345845168137,9469,384,spectral,101.54623758260975
toy.dino.s0.ext,imagenette.train.v1,teacher.h.gap.L12,rankme,l2|full,101.51342695824069,100.72663935015217,101.25029700101484,9469,384,spectral,101.09120556145534
toy.dino.s0.ext,imagenette.train.v1,teacher.h.gap.L12,effective_rank,raw|full,28.63769158185707,28.336408905364777,28.76074680097756,9469,384,spectral,28.536467628854034
toy.dino.s0.ext,imagenette.train.v1,teacher.h.gap.L12,effective_rank,l2|full,29.16657863271524,28.879351520194504,29.265118797204252,9469,384,spectral,29.0695524229035
toy.dino.s0.ext,imagenette.train.v1,teacher.h.gap.L12,participation_ratio,raw|full,15.01809615523569,14.731116105966542,15.162316370764474,9469,384,spectral,
toy.dino.s0.ext,imagenette.train.v1,teacher.h.gap.L12,participation_ratio,l2|full,15.540654995418677,15.27457645414719,15.702462361775417,9469,384,spectral,
toy.dino.s0.ext,imagenette.train.v1,teacher.h.gap.L12,alpha,raw|full,2.087881913910161,2.092432866135171,2.0966216799111645,9469,384,spectral,
toy.dino.s0.ext,imagenette.train.v1,teacher.h.gap.L12,alpha,l2|full,2.0887159018307484,2.0928270777863585,2.0970534627197575,9469,384,spectral,
toy.dino.s0.ext,imagenette.train.v1,teacher.h.gap.L12,epps_pulley,raw|full,114.49177551269531,100.27674713134766,125.68145828247069,9469,384,spectral,87.30530548095703
toy.dino.s0.ext,imagenette.train.v1,teacher.h.gap.L12,epps_pulley,l2|full,110.0001220703125,94.34820213317872,118.31299571990965,9469,384,spectral,86.56716918945312
toy.dino.s0.ext,imagenette.train.v1,teacher.h.gap.L12,epps_pulley,raw|pca64,16.911352157592773,16.609567165374756,19.576690912246704,9469,64,spectral,0.5435401201248169
toy.dino.s0.ext,imagenette.train.v1,teacher.h.gap.L12,kurt_topeig.mean,raw|full,0.28826506372124994,0.229954408885679,0.41337968562962324,9469,384,spectral,-0.015446226061788203
toy.dino.s0.ext,imagenette.train.v1,teacher.h.gap.L12,kurt_topeig.worst,raw|full,1.3699728612159028,0.7746620350175316,2.9643358933962918,9469,384,spectral,0.06621249770087756
toy.dino.s0.ext,imagenette.train.v1,teacher.h.gap.L12,kurt_slices_mean_abs,raw|full,0.5558272586590012,0.5310176528582329,0.6764382846320964,9469,384,spectral,0.041733853691862194
toy.dino.s0.ext,imagenette.train.v1,teacher.z.dino.bottleneck,uniformity,raw|full,-3.1985095089788853,-3.208892014066444,-3.182334817276609,9469,256,cheap,-2.9882908176770435
toy.dino.s0.ext,imagenette.train.v1,teacher.z.dino.bottleneck,uniformity,raw|pca64,-3.275368035194356,-3.2810254430731884,-3.257926138281425,9469,64,cheap,-3.3216031096551526
toy.dino.s0.ext,imagenette.train.v1,teacher.z.dino.bottleneck,variance_floor.hinge,raw|full,0.0,0.0,0.0,9469,256,cheap,
toy.dino.s0.ext,imagenette.train.v1,teacher.z.dino.bottleneck,variance_floor.frac_below_half_mean,raw|full,0.00390625,0.00390625,0.0078125,9469,256,cheap,
toy.dino.s0.ext,imagenette.train.v1,teacher.z.dino.bottleneck,variance_floor.frac_below_tenth_mean,raw|full,0.0,0.0,0.0,9469,256,cheap,
toy.dino.s0.ext,imagenette.train.v1,teacher.z.dino.bottleneck,variance_floor.min_over_mean_std,raw|full,0.48208013799275157,0.47217498076943004,0.4895963738287962,9469,256,cheap,
toy.dino.s0.ext,imagenette.train.v1,teacher.z.dino.bottleneck,offdiag_redundancy.offdiag_msq,raw|full,0.07822182772972747,0.0749122102406731,0.08562562314052448,9469,256,spectral,
toy.dino.s0.ext,imagenette.train.v1,teacher.z.dino.bottleneck,offdiag_redundancy.mean_abs_corr,raw|full,0.22377283743272314,0.21895555744131723,0.23448851006515414,9469,256,spectral,
toy.dino.s0.ext,imagenette.train.v1,teacher.z.dino.bottleneck,collapse_margin.trace_cov,raw|full,7524.220529651729,,,9469,256,none,
toy.dino.s0.ext,imagenette.train.v1,teacher.z.dino.bottleneck,collapse_margin.min_std,raw|full,2.533651318193762,,,9469,256,none,
toy.dino.s0.ext,imagenette.train.v1,teacher.z.dino.bottleneck,collapse_margin.nn_dist_p5,raw|full,19.111489175109156,,,9469,256,none,
toy.dino.s0.ext,imagenette.train.v1,teacher.z.dino.bottleneck,rankme,raw|full,70.27102470234865,69.24797905648262,70.46785662318996,9469,256,spectral,70.29882428781812
toy.dino.s0.ext,imagenette.train.v1,teacher.z.dino.bottleneck,rankme,l2|full,81.49512053983668,81.11788348866308,81.35798548314428,9469,256,spectral,81.4134771355703
toy.dino.s0.ext,imagenette.train.v1,teacher.z.dino.bottleneck,effective_rank,raw|full,17.834038608362558,16.45593882887377,18.485341700234827,9469,256,spectral,17.943950291702762
toy.dino.s0.ext,imagenette.train.v1,teacher.z.dino.bottleneck,effective_rank,l2|full,30.58932564499636,30.391477510235568,30.624889430369763,9469,256,spectral,30.631098275820065
toy.dino.s0.ext,imagenette.train.v1,teacher.z.dino.bottleneck,participation_ratio,raw|full,7.8043824759827745,6.8468534368453415,8.33985102759777,9469,256,spectral,
toy.dino.s0.ext,imagenette.train.v1,teacher.z.dino.bottleneck,participation_ratio,l2|full,21.73694363989428,21.54046863522542,21.8049873499276,9469,256,spectral,
toy.dino.s0.ext,imagenette.train.v1,teacher.z.dino.bottleneck,alpha,raw|full,2.859982305304551,2.8608769944838235,2.868762041646248,9469,256,spectral,
toy.dino.s0.ext,imagenette.train.v1,teacher.z.dino.bottleneck,alpha,l2|full,2.728117042448063,2.7300989419308985,2.7359250815497904,9469,256,spectral,
toy.dino.s0.ext,imagenette.train.v1,teacher.z.dino.bottleneck,epps_pulley,raw|full,367.6834716796875,340.2300048828125,395.9073211669922,9469,256,spectral,140.4937744140625
toy.dino.s0.ext,imagenette.train.v1,teacher.z.dino.bottleneck,epps_pulley,l2|full,113.99503326416016,101.00336875915528,122.90258865356445,9469,256,spectral,85.27460479736328
toy.dino.s0.ext,imagenette.train.v1,teacher.z.dino.bottleneck,epps_pulley,raw|pca64,46.24934768676758,44.34604816436767,51.53004169464111,9469,64,spectral,0.572848916053772
toy.dino.s0.ext,imagenette.train.v1,teacher.z.dino.bottleneck,kurt_topeig.mean,raw|full,5.533852926087772,4.505617249834562,5.653760658117521,9469,256,spectral,0.005049909588356405
toy.dino.s0.ext,imagenette.train.v1,teacher.z.dino.bottleneck,kurt_topeig.worst,raw|full,20.304427413319036,18.467016534556755,21.8571868877819,9469,256,spectral,0.07244151854967562
toy.dino.s0.ext,imagenette.train.v1,teacher.z.dino.bottleneck,kurt_slices_mean_abs,raw|full,4.31115415161699,3.587471149251962,4.513060278669582,9469,256,spectral,0.039751661803322444
toy.dino.s0.ext,imagenette.train.v1,teacher.z.dino.tap1,uniformity,raw|full,-3.124243156364788,-3.128448490774787,-3.111086104481328,9469,2048,cheap,-3.2484818887254194
toy.dino.s0.ext,imagenette.train.v1,teacher.z.dino.tap1,uniformity,raw|pca64,-3.48820510699724,-3.4894027570240937,-3.4701669314718027,9469,64,cheap,-3.637957625815622
toy.dino.s0.ext,imagenette.train.v1,teacher.z.dino.tap1,variance_floor.hinge,raw|full,0.5346885072574773,0.5304246627425927,0.5381220782411597,9469,2048,cheap,
toy.dino.s0.ext,imagenette.train.v1,teacher.z.dino.tap1,variance_floor.frac_below_half_mean,raw|full,0.11181640625,0.10791015625,0.11525878906249999,9469,2048,cheap,
toy.dino.s0.ext,imagenette.train.v1,teacher.z.dino.tap1,variance_floor.frac_below_tenth_mean,raw|full,0.0,0.0,0.0,9469,2048,cheap,
toy.dino.s0.ext,imagenette.train.v1,teacher.z.dino.tap1,variance_floor.min_over_mean_std,raw|full,0.11886989787423712,0.10397027558927442,0.12553405477616345,9469,2048,cheap,
toy.dino.s0.ext,imagenette.train.v1,teacher.z.dino.tap1,offdiag_redundancy.offdiag_msq,raw|full,0.019593505826530726,0.019408882647111936,0.020286878541460013,9469,2048,spectral,
toy.dino.s0.ext,imagenette.train.v1,teacher.z.dino.tap1,offdiag_redundancy.mean_abs_corr,raw|full,0.09255080478066124,0.09228865151985294,0.0940603213606468,9469,2048,spectral,
toy.dino.s0.ext,imagenette.train.v1,teacher.z.dino.tap1,collapse_margin.trace_cov,raw|full,537.5950439103609,,,9469,2048,none,
toy.dino.s0.ext,imagenette.train.v1,teacher.z.dino.tap1,collapse_margin.min_std,raw|full,0.05559508475097632,,,9469,2048,none,
toy.dino.s0.ext,imagenette.train.v1,teacher.z.dino.tap1,collapse_margin.nn_dist_p5,raw|full,10.05540206606245,,,9469,2048,none,
toy.dino.s0.ext,imagenette.train.v1,teacher.z.dino.tap1,rankme,raw|full,945.5839190606277,905.1733998981529,910.620867633632,9469,2048,spectral,913.8061986694219
toy.dino.s0.ext,imagenette.train.v1,teacher.z.dino.tap1,rankme,l2|full,983.5106593247992,945.9469198700633,949.5801009763396,9469,2048,spectral,950.884382660477
toy.dino.s0.ext,imagenette.train.v1,teacher.z.dino.tap1,effective_rank,raw|full,96.79521031187024,92.12821481175963,96.73731026120191,9469,2048,spectral,95.11392652168789
toy.dino.s0.ext,imagenette.train.v1,teacher.z.dino.tap1,effective_rank,l2|full,118.92968577523216,116.12883885301794,117.5813154181748,9469,2048,spectral,116.75802817214385
toy.dino.s0.ext,imagenette.train.v1,teacher.z.dino.tap1,participation_ratio,raw|full,30.26361862667465,28.198055302719226,31.146261937883093,9469,2048,spectral,
toy.dino.s0.ext,imagenette.train.v1,teacher.z.dino.tap1,participation_ratio,l2|full,39.56328574663067,39.10818995282394,39.70511691885782,9469,2048,spectral,
toy.dino.s0.ext,imagenette.train.v1,teacher.z.dino.tap1,alpha,raw|full,1.251938993470813,1.2485694941509144,1.2551872664503687,9469,2048,spectral,
toy.dino.s0.ext,imagenette.train.v1,teacher.z.dino.tap1,alpha,l2|full,1.2036844710242214,1.2001698956460294,1.2049357765426314,9469,2048,spectral,
toy.dino.s0.ext,imagenette.train.v1,teacher.z.dino.tap1,epps_pulley,raw|full,139.94192504882812,127.21770153045654,148.36115150451658,9469,2048,spectral,41.91486740112305
toy.dino.s0.ext,imagenette.train.v1,teacher.z.dino.tap1,epps_pulley,l2|full,47.42609405517578,44.15360069274902,55.88595285415649,9469,2048,spectral,29.461326599121094
toy.dino.s0.ext,imagenette.train.v1,teacher.z.dino.tap1,epps_pulley,raw|pca64,32.587982177734375,34.736369895935056,40.20726623535156,9469,64,spectral,0.5469142198562622
toy.dino.s0.ext,imagenette.train.v1,teacher.z.dino.tap1,kurt_topeig.mean,raw|full,2.1921383197474236,2.026426564510629,2.41510096532926,9469,2048,spectral,0.021883259032212797
toy.dino.s0.ext,imagenette.train.v1,teacher.z.dino.tap1,kurt_topeig.worst,raw|full,16.153073739881798,13.92007405560762,17.43404637822336,9469,2048,spectral,0.1596748304134894
toy.dino.s0.ext,imagenette.train.v1,teacher.z.dino.tap1,kurt_slices_mean_abs,raw|full,1.3452748002586623,1.2222728419211177,1.5109929394630885,9469,2048,spectral,0.03980299121517986
toy.dino.s0.ext,imagenette.train.v1,teacher.z.dino.tap2,uniformity,raw|full,-3.35201762211126,-3.352013498779389,-3.3400309545886815,9469,2048,cheap,-3.3499155974759165
toy.dino.s0.ext,imagenette.train.v1,teacher.z.dino.tap2,uniformity,raw|pca64,-3.4246431770871215,-3.42855533164067,-3.407646834672575,9469,64,cheap,-3.527613485713292
toy.dino.s0.ext,imagenette.train.v1,teacher.z.dino.tap2,variance_floor.hinge,raw|full,0.24017758718377488,0.23717521420233473,0.24377833952174938,9469,2048,cheap,
toy.dino.s0.ext,imagenette.train.v1,teacher.z.dino.tap2,variance_floor.frac_below_half_mean,raw|full,0.0908203125,0.09033203125,0.095703125,9469,2048,cheap,
toy.dino.s0.ext,imagenette.train.v1,teacher.z.dino.tap2,variance_floor.frac_below_tenth_mean,raw|full,0.0126953125,0.01123046875,0.01318359375,9469,2048,cheap,
toy.dino.s0.ext,imagenette.train.v1,teacher.z.dino.tap2,variance_floor.min_over_mean_std,raw|full,0.031215118685108935,0.02993817384845623,0.03271313386891574,9469,2048,cheap,
toy.dino.s0.ext,imagenette.train.v1,teacher.z.dino.tap2,offdiag_redundancy.offdiag_msq,raw|full,0.017031973350901387,0.01695811381626258,0.017384193000679074,9469,2048,spectral,
toy.dino.s0.ext,imagenette.train.v1,teacher.z.dino.tap2,offdiag_redundancy.mean_abs_corr,raw|full,0.08534558693108192,0.0852864568977235,0.08593407884624078,9469,2048,spectral,
toy.dino.s0.ext,imagenette.train.v1,teacher.z.dino.tap2,collapse_margin.trace_cov,raw|full,1824.6087929038708,,,9469,2048,none,
toy.dino.s0.ext,imagenette.train.v1,teacher.z.dino.tap2,collapse_margin.min_std,raw|full,0.026640221798934285,,,9469,2048,none,
toy.dino.s0.ext,imagenette.train.v1,teacher.z.dino.tap2,collapse_margin.nn_dist_p5,raw|full,14.731586280984997,,,9469,2048,none,
toy.dino.s0.ext,imagenette.train.v1,teacher.z.dino.tap2,rankme,raw|full,992.0303950942588,946.0484543900163,954.965876670415,9469,2048,spectral,958.4276164917827
toy.dino.s0.ext,imagenette.train.v1,teacher.z.dino.tap2,rankme,l2|full,1077.2127625692747,1033.9851432377015,1038.5913852883432,9469,2048,spectral,1041.4668819834058
toy.dino.s0.ext,imagenette.train.v1,teacher.z.dino.tap2,effective_rank,raw|full,82.95525124164652,75.31071191380143,84.55658815154216,9469,2048,spectral,81.2193730305536
toy.dino.s0.ext,imagenette.train.v1,teacher.z.dino.tap2,effective_rank,l2|full,150.15695078221188,145.83495673521776,148.14146184671455,9469,2048,spectral,146.95338181372912
toy.dino.s0.ext,imagenette.train.v1,teacher.z.dino.tap2,participation_ratio,raw|full,19.321278477727354,16.49807839316443,20.787731482649072,9469,2048,spectral,
toy.dino.s0.ext,imagenette.train.v1,teacher.z.dino.tap2,participation_ratio,l2|full,51.36739614067537,50.57135228428576,51.693125788197364,9469,2048,spectral,
toy.dino.s0.ext,imagenette.train.v1,teacher.z.dino.tap2,alpha,raw|full,1.2821246678225542,1.2745024779125131,1.283666896201549,9469,2048,spectral,
toy.dino.s0.ext,imagenette.train.v1,teacher.z.dino.tap2,alpha,l2|full,1.1875575011374795,1.1812890912273954,1.186363114747594,9469,2048,spectral,
toy.dino.s0.ext,imagenette.train.v1,teacher.z.dino.tap2,epps_pulley,raw|full,97.33467102050781,92.97008991241455,106.2005750656128,9469,2048,spectral,42.32340621948242
toy.dino.s0.ext,imagenette.train.v1,teacher.z.dino.tap2,epps_pulley,l2|full,42.863555908203125,36.60625505447388,48.65891065597534,9469,2048,spectral,31.825244903564453
toy.dino.s0.ext,imagenette.train.v1,teacher.z.dino.tap2,epps_pulley,raw|pca64,61.979698181152344,56.35326070785523,65.49319953918457,9469,64,spectral,0.548130989074707
toy.dino.s0.ext,imagenette.train.v1,teacher.z.dino.tap2,kurt_topeig.mean,raw|full,5.612386642743619,5.288779466658624,5.902357917684608,9469,2048,spectral,0.02530475688319833
toy.dino.s0.ext,imagenette.train.v1,teacher.z.dino.tap2,kurt_topeig.worst,raw|full,26.178300816652186,23.440415850562374,28.4904746315476,9469,2048,spectral,0.1785258062579156
toy.dino.s0.ext,imagenette.train.v1,teacher.z.dino.tap2,kurt_slices_mean_abs,raw|full,2.988205881496408,2.611693608225698,3.370979640584715,9469,2048,spectral,0.03707341207216491
