run_id,manifest,kind,space,split,j,value,lam,pred_resid,obs_resid,pred_resid_noiseless
in100.byol.s0.ext,in100.pairs100.v1@audit_v1.o8,theta,student.h.cls,,0,28.085696811040187,,,,
in100.byol.s0.ext,in100.pairs100.v1@audit_v1.o8,theta,student.h.cls,,1,19.842981656879832,,,,
in100.byol.s0.ext,in100.pairs100.v1@audit_v1.o8,theta,student.h.cls,,2,14.60044040825166,,,,
in100.byol.s0.ext,in100.pairs100.v1@audit_v1.o8,theta,student.h.cls,,3,13.10576784182171,,,,
in100.byol.s0.ext,in100.pairs100.v1@audit_v1.o8,theta,student.h.cls,,4,10.365822402375152,,,,
in100.byol.s0.ext,in100.pairs100.v1@audit_v1.o8,theta,student.h.cls,,5,7.451255193680163,,,,
in100.byol.s0.ext,in100.pairs100.v1@audit_v1.o8,theta,student.h.cls,,6,5.8209892708263204,,,,
in100.byol.s0.ext,in100.pairs100.v1@audit_v1.o8,theta,student.h.cls,,7,4.900153548216291,,,,
in100.byol.s0.ext,in100.pairs100.v1@audit_v1.o8,theta,student.h.cls,,8,4.8598956338875166,,,,
in100.byol.s0.ext,in100.pairs100.v1@audit_v1.o8,theta,student.h.cls,,9,3.966309152967374,,,,
in100.byol.s0.ext,in100.pairs100.v1@audit_v1.o8,theta,student.h.cls,,10,3.8725972586279096,,,,
in100.byol.s0.ext,in100.pairs100.v1@audit_v1.o8,theta,student.h.cls,,11,3.462363370032939,,,,
in100.byol.s0.ext,in100.pairs100.v1@audit_v1.o8,theta,student.h.cls,,12,3.3552079894417,,,,
in100.byol.s0.ext,in100.pairs100.v1@audit_v1.o8,theta,student.h.cls,,13,3.0930286924495802,,,,
in100.byol.s0.ext,in100.pairs100.v1@audit_v1.o8,theta,student.h.cls,,14,2.9171100633823777,,,,
in100.byol.s0.ext,in100.pairs100.v1@audit_v1.o8,theta,student.h.cls,,15,2.688353715558469,,,,
in100.byol.s0.ext,in100.pairs100.v1@audit_v1.o8,theta,student.h.cls,,16,2.6161534190914835,,,,
in100.byol.s0.ext,in100.pairs100.v1@audit_v1.o8,theta,student.h.cls,,17,2.560655902013843,,,,
in100.byol.s0.ext,in100.pairs100.v1@audit_v1.o8,theta,student.h.cls,,18,2.5178050450521656,,,,
in100.byol.s0.ext,in100.pairs100.v1@audit_v1.o8,theta,student.h.cls,,19,2.341020018393588,,,,
in100.byol.s0.ext,in100.pairs100.v1@audit_v1.o8,theta,student.h.cls,,20,2.2085338146419704,,,,
in100.byol.s0.ext,in100.pairs100.v1@audit_v1.o8,theta,student.h.cls,,21,2.194477055916095,,,,
in100.byol.s0.ext,in100.pairs100.v1@audit_v1.o8,theta,student.h.cls,,22,2.1333196994277714,,,,
in100.byol.s0.ext,in100.pairs100.v1@audit_v1.o8,theta,student.h.cls,,23,2.090334585431996,,,,
in100.byol.s0.ext,in100.pairs100.v1@audit_v1.o8,theta,student.h.cls,,24,2.0719032656325562,,,,
in100.byol.s0.ext,in100.pairs100.v1@audit_v1.o8,theta,student.h.cls,,25,1.9740331369527415,,,,
in100.byol.s0.ext,in100.pairs100.v1@audit_v1.o8,theta,student.h.cls,,26,1.919331225573576,,,,
in100.byol.s0.ext,in100.pairs100.v1@audit_v1.o8,theta,student.h.cls,,27,1.8770802431081286,,,,
in100.byol.s0.ext,in100.pairs100.v1@audit_v1.o8,theta,student.h.cls,,28,1.833190475159492,,,,
in100.byol.s0.ext,in100.pairs100.v1@audit_v1.o8,theta,student.h.cls,,29,1.7627030344732382,,,,
in100.byol.s0.ext,in100.pairs100.v1@audit_v1.o8,theta,student.h.cls,,30,1.751119797799863,,,,
in100.byol.s0.ext,in100.pairs100.v1@audit_v1.o8,theta,student.h.cls,,31,1.6952872842229987,,,,
in100.byol.s0.ext,in100.pairs100.v1@audit_v1.o8,theta,student.h.cls,,32,1.6899869932589635,,,,
in100.byol.s0.ext,in100.pairs100.v1@audit_v1.o8,theta,student.h.cls,,33,1.6383630703405916,,,,
in100.byol.s0.ext,in100.pairs100.v1@audit_v1.o8,theta,student.h.cls,,34,1.569474585570758,,,,
in100.byol.s0.ext,in100.pairs100.v1@audit_v1.o8,theta,student.h.cls,,35,1.5349637534080847,,,,
in100.byol.s0.ext,in100.pairs100.v1@audit_v1.o8,theta,student.h.cls,,36,1.4870021470928971,,,,
in100.byol.s0.ext,in100.pairs100.v1@audit_v1.o8,theta,student.h.cls,,37,1.4663441423241634,,,,
in100.byol.s0.ext,in100.pairs100.v1@audit_v1.o8,theta,student.h.cls,,38,1.3977707268029296,,,,
in100.byol.s0.ext,in100.pairs100.v1@audit_v1.o8,theta,student.h.cls,,39,1.381052230230299,,,,
in100.byol.s0.ext,in100.pairs100.v1@audit_v1.o8,theta,student.h.cls,,40,1.3620433351708492,,,,
in100.byol.s0.ext,in100.pairs100.v1@audit_v1.o8,theta,student.h.cls,,41,1.3284960954852285,,,,
in100.byol.s0.ext,in100.pairs100.v1@audit_v1.o8,theta,student.h.cls,,42,1.2934698007020569,,,,
in100.byol.s0.ext,in100.pairs100.v1@audit_v1.o8,theta,student.h.cls,,43,1.2713005042945131,,,,
in100.byol.s0.ext,in100.pairs100.v1@audit_v1.o8,theta,student.h.cls,,44,1.236151085666506,,,,
in100.byol.s0.ext,in100.pairs100.v1@audit_v1.o8,theta,student.h.cls,,45,1.2206973553293887,,,,
in100.byol.s0.ext,in100.pairs100.v1@audit_v1.o8,theta,student.h.cls,,46,1.2015124685801537,,,,
in100.byol.s0.ext,in100.pairs100.v1@audit_v1.o8,theta,student.h.cls,,47,1.1804415773928716,,,,
in100.byol.s0.ext,in100.pairs100.v1@audit_v1.o8,theta,student.h.cls,,48,1.1610954047152289,,,,
in100.byol.s0.ext,in100.pairs100.v1@audit_v1.o8,theta,student.h.cls,,49,1.089179513837997,,,,
in100.byol.s0.ext,in100.pairs100.v1@audit_v1.o8,theta,student.h.cls,,50,1.0721997037130877,,,,
in100.byol.s0.ext,in100.pairs100.v1@audit_v1.o8,theta,student.h.cls,,51,1.0462746896307338,,,,
in100.byol.s0.ext,in100.pairs100.v1@audit_v1.o8,theta,student.h.cls,,52,1.0380737721160487,,,,
in100.byol.s0.ext,in100.pairs100.v1@audit_v1.o8,theta,student.h.cls,,53,1.0013840953581017,,,,
in100.byol.s0.ext,in100.pairs100.v1@audit_v1.o8,theta,student.h.cls,,54,0.9609832152529556,,,,
in100.byol.s0.ext,in100.pairs100.v1@audit_v1.o8,theta,student.h.cls,,55,0.9496248482119565,,,,
in100.byol.s0.ext,in100.pairs100.v1@audit_v1.o8,theta,student.h.cls,,56,0.935017384509487,,,,
in100.byol.s0.ext,in100.pairs100.v1@audit_v1.o8,theta,student.h.cls,,57,0.9052776685348478,,,,
in100.byol.s0.ext,in100.pairs100.v1@audit_v1.o8,theta,student.h.cls,,58,0.8696649200581976,,,,
in100.byol.s0.ext,in100.pairs100.v1@audit_v1.o8,theta,student.h.cls,,59,0.8458830464050826,,,,
in100.byol.s0.ext,in100.pairs100.v1@audit_v1.o8,theta,student.h.cls,,60,0.8439335207607108,,,,
in100.byol.s0.ext,in100.pairs100.v1@audit_v1.o8,theta,student.h.cls,,61,0.8070341901441432,,,,
in100.byol.s0.ext,in100.pairs100.v1@audit_v1.o8,theta,student.h.cls,,62,0.7845025196618652,,,,
in100.byol.s0.ext,in100.pairs100.v1@audit_v1.o8,theta,student.h.cls,,63,0.7759862465972626,,,,
in100.byol.s0.ext,in100.pairs100.v1@audit_v1.o8,theta,student.h.cls,,64,0.725771688684489,,,,
in100.byol.s0.ext,in100.pairs100.v1@audit_v1.o8,theta,student.h.cls,,65,0.7067641802459081,,,,
in100.byol.s0.ext,in100.pairs100.v1@audit_v1.o8,theta,student.h.cls,,66,0.686922579774297,,,,
in100.byol.s0.ext,in100.pairs100.v1@audit_v1.o8,theta,student.h.cls,,67,0.6711153736950806,,,,
in100.byol.s0.ext,in100.pairs100.v1@audit_v1.o8,theta,student.h.cls,,68,0.6615750615277455,,,,
in100.byol.s0.ext,in100.pairs100.v1@audit_v1.o8,theta,student.h.cls,,69,0.6296649905873086,,,,
in100.byol.s0.ext,in100.pairs100.v1@audit_v1.o8,theta,student.h.cls,,70,0.6223789068037889,,,,
in100.byol.s0.ext,in100.pairs100.v1@audit_v1.o8,theta,student.h.cls,,71,0.59816175428954,,,,
in100.byol.s0.ext,in100.pairs100.v1@audit_v1.o8,theta,student.h.cls,,72,0.5670607754166711,,,,
in100.byol.s0.ext,in100.pairs100.v1@audit_v1.o8,theta,student.h.cls,,73,0.5563145114644678,,,,
in100.byol.s0.ext,in100.pairs100.v1@audit_v1.o8,theta,student.h.cls,,74,0.5510624226531295,,,,
in100.byol.s0.ext,in100.pairs100.v1@audit_v1.o8,theta,student.h.cls,,75,0.5443360832189748,,,,
in100.byol.s0.ext,in100.pairs100.v1@audit_v1.o8,theta,student.h.cls,,76,0.5196415402950227,,,,
in100.byol.s0.ext,in100.pairs100.v1@audit_v1.o8,theta,student.h.cls,,77,0.5086895808996413,,,,
in100.byol.s0.ext,in100.pairs100.v1@audit_v1.o8,theta,student.h.cls,,78,0.47393351718769955,,,,
in100.byol.s0.ext,in100.pairs100.v1@audit_v1.o8,theta,student.h.cls,,79,0.4702348973751302,,,,
in100.byol.s0.ext,in100.pairs100.v1@audit_v1.o8,theta,student.h.cls,,80,0.44936169114794267,,,,
in100.byol.s0.ext,in100.pairs100.v1@audit_v1.o8,theta,student.h.cls,,81,0.44579213143475216,,,,
in100.byol.s0.ext,in100.pairs100.v1@audit_v1.o8,theta,student.h.cls,,82,0.4148471900518851,,,,
in100.byol.s0.ext,in100.pairs100.v1@audit_v1.o8,theta,student.h.cls,,83,0.4107495185573035,,,,
in100.byol.s0.ext,in100.pairs100.v1@audit_v1.o8,theta,student.h.cls,,84,0.3902841518585613,,,,
in100.byol.s0.ext,in100.pairs100.v1@audit_v1.o8,theta,student.h.cls,,85,0.37167338406977846,,,,
in100.byol.s0.ext,in100.pairs100.v1@audit_v1.o8,theta,student.h.cls,,86,0.35769708461890143,,,,
in100.byol.s0.ext,in100.pairs100.v1@audit_v1.o8,theta,student.h.cls,,87,0.3377193672599792,,,,
in100.byol.s0.ext,in100.pairs100.v1@audit_v1.o8,theta,student.h.cls,,88,0.33051941441478244,,,,
in100.byol.s0.ext,in100.pairs100.v1@audit_v1.o8,theta,student.h.cls,,89,0.32867969502065747,,,,
in100.byol.s0.ext,in100.pairs100.v1@audit_v1.o8,theta,student.h.cls,,90,0.3061714552286178,,,,
in100.byol.s0.ext,in100.pairs100.v1@audit_v1.o8,theta,student.h.cls,,91,0.29535144303584976,,,,
in100.byol.s0.ext,in100.pairs100.v1@audit_v1.o8,theta,student.h.cls,,92,0.28658793316790215,,,,
in100.byol.s0.ext,in100.pairs100.v1@audit_v1.o8,theta,student.h.cls,,93,0.27412959390254815,,,,
in100.byol.s0.ext,in100.pairs100.v1@audit_v1.o8,theta,student.h.cls,,94,0.262272176935915,,,,
in100.byol.s0.ext,in100.pairs100.v1@audit_v1.o8,theta,student.h.cls,,95,0.25669907732595737,,,,
in100.byol.s0.ext,in100.pairs100.v1@audit_v1.o8,theta,student.h.cls,,96,0.2513300216896877,,,,
in100.byol.s0.ext,in100.pairs100.v1@audit_v1.o8,theta,student.h.cls,,97,0.24330359249119274,,,,
in100.byol.s0.ext,in100.pairs100.v1@audit_v1.o8,theta,student.h.cls,,98,0.2278946606540803,,,,
in100.byol.s0.ext,in100.pairs100.v1@audit_v1.o8,theta,student.h.cls,,99,0.22026194762810755,,,,
in100.byol.s0.ext,in100.pairs100.v1@audit_v1.o8,theta,student.h.cls,,100,0.20456783651002455,,,,
in100.byol.s0.ext,in100.pairs100.v1@audit_v1.o8,theta,student.h.cls,,101,0.195664953293736,,,,
in100.byol.s0.ext,in100.pairs100.v1@audit_v1.o8,theta,student.h.cls,,102,0.1789158935252742,,,,
in100.byol.s0.ext,in100.pairs100.v1@audit_v1.o8,theta,student.h.cls,,103,0.16906128421229338,,,,
in100.byol.s0.ext,in100.pairs100.v1@audit_v1.o8,theta,student.h.cls,,104,0.1630621220536942,,,,
in100.byol.s0.ext,in100.pairs100.v1@audit_v1.o8,theta,student.h.cls,,105,0.14996330465937505,,,,
in100.byol.s0.ext,in100.pairs100.v1@audit_v1.o8,theta,student.h.cls,,106,0.131182462740377,,,,
in100.byol.s0.ext,in100.pairs100.v1@audit_v1.o8,theta,student.h.cls,,107,0.12622191837960484,,,,
in100.byol.s0.ext,in100.pairs100.v1@audit_v1.o8,theta,student.h.cls,,108,0.11866724386933215,,,,
in100.byol.s0.ext,in100.pairs100.v1@audit_v1.o8,theta,student.h.cls,,109,0.09651641512056108,,,,
in100.byol.s0.ext,in100.pairs100.v1@audit_v1.o8,theta,student.h.cls,,110,0.05860602006884155,,,,
in100.byol.s0.ext,in100.pairs100.v1@audit_v1.o8,fidelity,student.h.cls,,0,,31.770183053679123,8.912030218286512,9.43033160272699,0.9694844548667321
in100.byol.s0.ext,in100.pairs100.v1@audit_v1.o8,fidelity,student.h.cls,,1,,20.403334334168807,6.054111891286824,6.443207567590368,0.9532783077446221
in100.byol.s0.ext,in100.pairs100.v1@audit_v1.o8,fidelity,student.h.cls,,2,,14.625003604981634,4.59225091601141,4.6016637208860995,0.9360000147660014
in100.byol.s0.ext,in100.pairs100.v1@audit_v1.o8,fidelity,student.h.cls,,3,,11.952305532804479,3.910870051288451,4.052767841974011,0.9227936680873311
in100.byol.s0.ext,in100.pairs100.v1@audit_v1.o8,fidelity,student.h.cls,,4,,11.043284122457083,3.6777872011511508,3.7364617574888475,0.9169661705368802
in100.byol.s0.ext,in100.pairs100.v1@audit_v1.o8,fidelity,student.h.cls,,5,,7.357383405976459,2.719691175930841,2.7888652391017223,0.8803453244367263
in100.byol.s0.ext,in100.pairs100.v1@audit_v1.o8,fidelity,student.h.cls,,6,,5.944666583118841,2.3421712518999223,2.418287922728276,0.8560046061202119
in100.byol.s0.ext,in100.pairs100.v1@audit_v1.o8,fidelity,student.h.cls,,7,,5.203068215274797,2.1395565100530285,2.2622608466615657,0.8387894562343291
in100.byol.s0.ext,in100.pairs100.v1@audit_v1.o8,fidelity,student.h.cls,,8,,4.588166550312639,1.9680920678048586,2.0692935704869515,0.8210504302266987
in100.byol.s0.ext,in100.pairs100.v1@audit_v1.o8,fidelity,student.h.cls,,9,,4.137469312871821,1.83971896360495,1.8995825789032668,0.8053516353869947
in100.byol.s0.ext,in100.pairs100.v1@audit_v1.o8,fidelity,student.h.cls,,10,,3.8709663951874136,1.7624435287900444,1.834953224583456,0.7947019299931909
in100.byol.s0.ext,in100.pairs100.v1@audit_v1.o8,fidelity,student.h.cls,,11,,3.406538546816388,1.624699143147034,1.5996367497101813,0.773064506442937
in100.byol.s0.ext,in100.pairs100.v1@audit_v1.o8,fidelity,student.h.cls,,12,,3.2354992494815025,1.5727751364886204,1.5895064718117011,0.7639003241182447
in100.byol.s0.ext,in100.pairs100.v1@audit_v1.o8,fidelity,student.h.cls,,13,,3.1188173717479195,1.5369162050459266,1.588836081453835,0.7572118621089466
in100.byol.s0.ext,in100.pairs100.v1@audit_v1.o8,fidelity,student.h.cls,,14,,2.8790479854405975,1.4619667837839336,1.5291767566555685,0.7422047874237844
in100.byol.s0.ext,in100.pairs100.v1@audit_v1.o8,fidelity,student.h.cls,,15,,2.73856608629084,1.4171592899045427,1.5022685791987014,0.7325177683318327
in100.byol.s0.ext,in100.pairs100.v1@audit_v1.o8,fidelity,student.h.cls,,16,,2.646373825910178,1.3873483988550206,1.4302730179086256,0.7257549423774761
in100.byol.s0.ext,in100.pairs100.v1@audit_v1.o8,fidelity,student.h.cls,,17,,2.564078313040262,1.3604421295712428,1.3727727376602736,0.7194225513111773
in100.byol.s0.ext,in100.pairs100.v1@audit_v1.o8,fidelity,student.h.cls,,18,,2.4851325675236455,1.334350010751685,1.3385715401310692,0.7130668688707735
in100.byol.s0.ext,in100.pairs100.v1@audit_v1.o8,fidelity,student.h.cls,,19,,2.374519554426309,1.2972914072697854,1.3504123597961806,0.7036615186632081
in100.byol.s0.ext,in100.pairs100.v1@audit_v1.o8,fidelity,student.h.cls,,20,,2.1671750436300505,1.2260549759574229,1.2515529435840549,0.6842612150499101
in100.byol.s0.ext,in100.pairs100.v1@audit_v1.o8,fidelity,student.h.cls,,21,,2.138085061003935,1.215855588393875,1.2267105600488997,0.6813343231428913
in100.byol.s0.ext,in100.pairs100.v1@audit_v1.o8,fidelity,student.h.cls,,22,,2.111608085129622,1.2065247871830982,1.224698517386069,0.6786227659006926
in100.byol.s0.ext,in100.pairs100.v1@audit_v1.o8,fidelity,student.h.cls,,23,,2.0335011214414322,1.1787231853168496,1.1961537950467105,0.6703479049564917
in100.byol.s0.ext,in100.pairs100.v1@audit_v1.o8,fidelity,student.h.cls,,24,,1.9994900573769143,1.166482511086638,1.225684767747585,0.6666099967424094
in100.byol.s0.ext,in100.pairs100.v1@audit_v1.o8,fidelity,student.h.cls,,25,,1.982316997863121,1.1602694883919185,1.1342098879633686,0.6646902389261382
in100.byol.s0.ext,in100.pairs100.v1@audit_v1.o8,fidelity,student.h.cls,,26,,1.9076375681200328,1.132987573518576,1.1648743608989176,0.6560781814885678
in100.byol.s0.ext,in100.pairs100.v1@audit_v1.o8,fidelity,student.h.cls,,27,,1.8808972327228597,1.1231102255812266,1.1013664830113268,0.6528859174005117
in100.byol.s0.ext,in100.pairs100.v1@audit_v1.o8,fidelity,student.h.cls,,28,,1.8197269100542612,1.1002874545400678,1.1485670498660845,0.6453557270265025
in100.byol.s0.ext,in100.pairs100.v1@audit_v1.o8,fidelity,student.h.cls,,29,,1.7748375287567564,1.0833279221445564,1.0837661533958707,0.6396185399553674
in100.byol.s0.ext,in100.pairs100.v1@audit_v1.o8,fidelity,student.h.cls,,30,,1.7026809192584882,1.0556672476370732,1.116620078067439,0.6299970178224511
in100.byol.s0.ext,in100.pairs100.v1@audit_v1.o8,fidelity,student.h.cls,,31,,1.6837965294461306,1.0483426441169206,1.0824058217703825,0.627393511755388
in100.byol.s0.ext,in100.pairs100.v1@audit_v1.o8,fidelity,student.h.cls,,32,,1.6666083834972125,1.04164389962446,1.0178210036069721,0.6249918037501567
in100.byol.s0.ext,in100.pairs100.v1@audit_v1.o8,fidelity,student.h.cls,,33,,1.5986121925053232,1.0148322569039594,1.079205212273283,0.6151792087776286
in100.byol.s0.ext,in100.pairs100.v1@audit_v1.o8,fidelity,student.h.cls,,34,,1.558777717025441,0.9988828345850997,1.010419219674746,0.6091884053287395
in100.byol.s0.ext,in100.pairs100.v1@audit_v1.o8,fidelity,student.h.cls,,35,,1.5483337434870486,0.9946701569769671,1.0109237891385507,0.6075867211052051
in100.byol.s0.ext,in100.pairs100.v1@audit_v1.o8,fidelity,student.h.cls,,36,,1.484807069940119,0.9687560355417048,1.009290682236582,0.597554268056675
in100.byol.s0.ext,in100.pairs100.v1@audit_v1.o8,fidelity,student.h.cls,,37,,1.4287486677836767,0.945452509809684,0.940552591247157,0.5882653428637648
in100.byol.s0.ext,in100.pairs100.v1@audit_v1.o8,fidelity,student.h.cls,,38,,1.3999207921052867,0.9332997795351896,0.9484056707753764,0.5833195815088679
in100.byol.s0.ext,in100.pairs100.v1@audit_v1.o8,fidelity,student.h.cls,,39,,1.384407080365015,0.9267102961123576,0.8961705356583233,0.5806085260211038
in100.byol.s0.ext,in100.pairs100.v1@audit_v1.o8,fidelity,student.h.cls,,40,,1.3346402731538152,0.9053285555072057,0.9235453723608705,0.5716684872187519
in100.byol.s0.ext,in100.pairs100.v1@audit_v1.o8,fidelity,student.h.cls,,41,,1.314407444073708,0.8965258224796604,0.9268087331576349,0.5679239614612334
in100.byol.s0.ext,in100.pairs100.v1@audit_v1.o8,fidelity,student.h.cls,,42,,1.2779167919337886,0.8804816000285757,0.8815008245830191,0.5610024020451285
in100.byol.s0.ext,in100.pairs100.v1@audit_v1.o8,fidelity,student.h.cls,,43,,1.2447482839496111,0.8657028235329354,0.874963927741359,0.5545157525455325
in100.byol.s0.ext,in100.pairs100.v1@audit_v1.o8,fidelity,student.h.cls,,44,,1.2333842110223356,0.8605950589656493,0.8790316818930743,0.5522490062100653
in100.byol.s0.ext,in100.pairs100.v1@audit_v1.o8,fidelity,student.h.cls,,45,,1.2170969190694985,0.8532339566070594,0.8374438730238148,0.5489597268396847
in100.byol.s0.ext,in100.pairs100.v1@audit_v1.o8,fidelity,student.h.cls,,46,,1.1614005975171424,0.8276871885432766,0.8159158085266488,0.537337039163991
in100.byol.s0.ext,in100.pairs100.v1@audit_v1.o8,fidelity,student.h.cls,,47,,1.1426475155886189,0.8189495556033792,0.8517133411726542,0.5332876767062246
in100.byol.s0.ext,in100.pairs100.v1@audit_v1.o8,fidelity,student.h.cls,,48,,1.1163566143507224,0.806578994751907,0.8048208346028147,0.5274898411642264
in100.byol.s0.ext,in100.pairs100.v1@audit_v1.o8,fidelity,student.h.cls,,49,,1.0744341401480897,0.7865493649499875,0.7999390123471138,0.5179408299129651
in100.byol.s0.ext,in100.pairs100.v1@audit_v1.o8,fidelity,student.h.cls,,50,,1.05498757668106,0.7771259474806185,0.7681160202141735,0.5133790533103535
in100.byol.s0.ext,in100.pairs100.v1@audit_v1.o8,fidelity,student.h.cls,,51,,1.0480661442764805,0.7737510555842261,0.7938441567383833,0.511734519515106
in100.byol.s0.ext,in100.pairs100.v1@audit_v1.o8,fidelity,student.h.cls,,52,,1.0178854440042502,0.758903090279202,0.7592734140835796,0.5044317292781395
in100.byol.s0.ext,in100.pairs100.v1@audit_v1.o8,fidelity,student.h.cls,,53,,1.010050634926434,0.7550127536923512,0.7780564612591178,0.5025000949607427
in100.byol.s0.ext,in100.pairs100.v1@audit_v1.o8,fidelity,student.h.cls,,54,,0.9606354010765553,0.7301201151473945,0.7509743557060796,0.4899612648782557
in100.byol.s0.ext,in100.pairs100.v1@audit_v1.o8,fidelity,student.h.cls,,55,,0.9296299605026975,0.714173413919952,0.711756010851008,0.48176592379427763
in100.byol.s0.ext,in100.pairs100.v1@audit_v1.o8,fidelity,student.h.cls,,56,,0.9024399679940237,0.6999692270736484,0.6963614222310552,0.4743592350751425
in100.byol.s0.ext,in100.pairs100.v1@audit_v1.o8,fidelity,student.h.cls,,57,,0.8789160875365225,0.687507276254651,0.6794280850125176,0.46777825437052045
in100.byol.s0.ext,in100.pairs100.v1@audit_v1.o8,fidelity,student.h.cls,,58,,0.8498296556730875,0.6718670968946563,0.6871839447169378,0.45940968297638446
in100.byol.s0.ext,in100.pairs100.v1@audit_v1.o8,fidelity,student.h.cls,,59,,0.831611714872834,0.6619356847439973,0.6627365883659371,0.4540327560257888
in100.byol.s0.ext,in100.pairs100.v1@audit_v1.o8,fidelity,student.h.cls,,60,,0.7906233946414,0.6391911245912972,0.6310094996544863,0.4415352759309472
in100.byol.s0.ext,in100.pairs100.v1@audit_v1.o8,fidelity,student.h.cls,,61,,0.7758050595622649,0.6308263911240168,0.6340425986865604,0.43687512623345065
in100.byol.s0.ext,in100.pairs100.v1@audit_v1.o8,fidelity,student.h.cls,,62,,0.7655775511398553,0.6250074854626042,0.6279609030034834,0.43361309767764045
in100.byol.s0.ext,in100.pairs100.v1@audit_v1.o8,fidelity,student.h.cls,,63,,0.7540241459204046,0.6183884572404715,0.6194264823780803,0.42988242076037037
in100.byol.s0.ext,in100.pairs100.v1@audit_v1.o8,fidelity,student.h.cls,,64,,0.7317041047385354,0.605460166247213,0.6113755340610341,0.4225341400625791
in100.byol.s0.ext,in100.pairs100.v1@audit_v1.o8,fidelity,student.h.cls,,65,,0.7142795641163207,0.5952344649222645,0.605810304642477,0.4166645738931844
in100.byol.s0.ext,in100.pairs100.v1@audit_v1.o8,fidelity,student.h.cls,,66,,0.6936072004604616,0.5829461149195649,0.5915135985163987,0.40954431480444947
in100.byol.s0.ext,in100.pairs100.v1@audit_v1.o8,fidelity,student.h.cls,,67,,0.6557852023976669,0.5600032296310655,0.5504693663023801,0.39605692903164874
in100.byol.s0.ext,in100.pairs100.v1@audit_v1.o8,fidelity,student.h.cls,,68,,0.638588976911116,0.5493660729940462,0.5642708125756692,0.3897188287662671
in100.byol.s0.ext,in100.pairs100.v1@audit_v1.o8,fidelity,student.h.cls,,69,,0.6084462978317176,0.5303935840294891,0.5247143878145096,0.3782820095715597
in100.byol.s0.ext,in100.pairs100.v1@audit_v1.o8,fidelity,student.h.cls,,70,,0.604569689171735,0.527922373485835,0.5408773457792926,0.37677995119290125
in100.byol.s0.ext,in100.pairs100.v1@audit_v1.o8,fidelity,student.h.cls,,71,,0.5783677024460279,0.511025996423853,0.53037180911809,0.36643407081234614
in100.byol.s0.ext,in100.pairs100.v1@audit_v1.o8,fidelity,student.h.cls,,72,,0.5653981616783382,0.5025344296826125,0.504948293450443,0.361184889263028
in100.byol.s0.ext,in100.pairs100.v1@audit_v1.o8,fidelity,student.h.cls,,73,,0.5605603273330855,0.4993446044107825,0.4947094207540653,0.3592045225775111
in100.byol.s0.ext,in100.pairs100.v1@audit_v1.o8,fidelity,student.h.cls,,74,,0.5373512088372401,0.48386834913206567,0.4803239394875642,0.34953054692275565
in100.byol.s0.ext,in100.pairs100.v1@audit_v1.o8,fidelity,student.h.cls,,75,,0.5354393984239622,0.4825804822623878,0.47910283563110445,0.3487206326563973
in100.byol.s0.ext,in100.pairs100.v1@audit_v1.o8,fidelity,student.h.cls,,76,,0.5135474609372739,0.4676873987103261,0.46741548845502434,0.33930053347600764
in100.byol.s0.ext,in100.pairs100.v1@audit_v1.o8,fidelity,student.h.cls,,77,,0.4931967489061716,0.4535950770799454,0.45189776702604834,0.3302958898534025
in100.byol.s0.ext,in100.pairs100.v1@audit_v1.o8,fidelity,student.h.cls,,78,,0.47304397714878715,0.43939463624702985,0.43699349647009655,0.32113364195983307
in100.byol.s0.ext,in100.pairs100.v1@audit_v1.o8,fidelity,student.h.cls,,79,,0.46114648786584383,0.4308925462837388,0.4345384590368394,0.31560592431727785
in100.byol.s0.ext,in100.pairs100.v1@audit_v1.o8,fidelity,student.h.cls,,80,,0.4483320794760675,0.42163363041563345,0.44266718115202147,0.3095506105466166
in100.byol.s0.ext,in100.pairs100.v1@audit_v1.o8,fidelity,student.h.cls,,81,,0.4207268400035942,0.40131663767111125,0.38407736135911874,0.2961349276702127
in100.byol.s0.ext,in100.pairs100.v1@audit_v1.o8,fidelity,student.h.cls,,82,,0.4089202569014254,0.3924666868435486,0.391441412199745,0.2902366226181922
in100.byol.s0.ext,in100.pairs100.v1@audit_v1.o8,fidelity,student.h.cls,,83,,0.3833493833517368,0.37295416676925536,0.364984783607759,0.2771168209313212
in100.byol.s0.ext,in100.pairs100.v1@audit_v1.o8,fidelity,student.h.cls,,84,,0.3659543152691735,0.35939967304525733,0.3597353602584379,0.26791109422796394
in100.byol.s0.ext,in100.pairs100.v1@audit_v1.o8,fidelity,student.h.cls,,85,,0.3597152148758072,0.3544806826274059,0.35312902142156477,0.2645518789084541
in100.byol.s0.ext,in100.pairs100.v1@audit_v1.o8,fidelity,student.h.cls,,86,,0.34590345031230246,0.34348051639038235,0.3468063091518721,0.25700465381230675
in100.byol.s0.ext,in100.pairs100.v1@audit_v1.o8,fidelity,student.h.cls,,87,,0.32961372477113837,0.3303052982014706,0.33437630533707835,0.247901867008686
in100.byol.s0.ext,in100.pairs100.v1@audit_v1.o8,fidelity,student.h.cls,,88,,0.3200683340059124,0.32248054221851663,0.32442162350196607,0.24246345871703856
in100.byol.s0.ext,in100.pairs100.v1@audit_v1.o8,fidelity,student.h.cls,,89,,0.3034807167029929,0.3086935058380813,0.3054841384898096,0.23282332666233305
in100.byol.s0.ext,in100.pairs100.v1@audit_v1.o8,fidelity,student.h.cls,,90,,0.2989233219667332,0.30486244558511755,0.3227912270211569,0.23013161509343427
in100.byol.s0.ext,in100.pairs100.v1@audit_v1.o8,fidelity,student.h.cls,,91,,0.29626910435387316,0.30262252234001635,0.29666653833080586,0.22855524625154808
in100.byol.s0.ext,in100.pairs100.v1@audit_v1.o8,fidelity,student.h.cls,,92,,0.2807244058189241,0.2893729935928547,0.2894527839574939,0.21919189213812365
in100.byol.s0.ext,in100.pairs100.v1@audit_v1.o8,fidelity,student.h.cls,,93,,0.2592121002139911,0.270655637309956,0.2720946246821662,0.2058526122564582
in100.byol.s0.ext,in100.pairs100.v1@audit_v1.o8,fidelity,student.h.cls,,94,,0.2539600077385478,0.26601640323235587,0.2793203734856816,0.2025264012977189
in100.byol.s0.ext,in100.pairs100.v1@audit_v1.o8,fidelity,student.h.cls,,95,,0.2489603727806989,0.2615741779319153,0.26248693059253053,0.19933408473674058
in100.byol.s0.ext,in100.pairs100.v1@audit_v1.o8,fidelity,student.h.cls,,96,,0.24095310567782444,0.25440605324790666,0.2581063732768323,0.19416777682845054
in100.byol.s0.ext,in100.pairs100.v1@audit_v1.o8,fidelity,student.h.cls,,97,,0.23028771290706349,0.2447539267878289,0.24614551402930668,0.18718199856106302
in100.byol.s0.ext,in100.pairs100.v1@audit_v1.o8,fidelity,student.h.cls,,98,,0.22069511459323035,0.2359684029200465,0.2312970072624248,0.18079462427173892
in100.byol.s0.ext,in100.pairs100.v1@audit_v1.o8,fidelity,student.h.cls,,99,,0.2079302509934665,0.22412019306473094,0.23794279791952927,0.1721376303163643
in100.byol.s0.ext,in100.pairs100.v1@audit_v1.o8,fidelity,student.h.cls,,100,,0.19274602254297343,0.20978505126076472,0.20420796069681824,0.16159854562502135
in100.byol.s0.ext,in100.pairs100.v1@audit_v1.o8,fidelity,student.h.cls,,101,,0.18155702812784483,0.19904838968975475,0.2059648657596839,0.15365913265779355
in100.byol.s0.ext,in100.pairs100.v1@audit_v1.o8,fidelity,student.h.cls,,102,,0.17605509789576668,0.19371347664841443,0.19653555977446205,0.14969970217447276
in100.byol.s0.ext,in100.pairs100.v1@audit_v1.o8,fidelity,student.h.cls,,103,,0.15840323413080934,0.17634355014777117,0.1822272860434441,0.13674274161506883
in100.byol.s0.ext,in100.pairs100.v1@audit_v1.o8,fidelity,student.h.cls,,104,,0.14837855526578186,0.16630164515194862,0.16570821531851573,0.12920700633550317
in100.byol.s0.ext,in100.pairs100.v1@audit_v1.o8,fidelity,student.h.cls,,105,,0.13170675030871798,0.1493055554003057,0.14090936286956668,0.1163788678231262
in100.byol.s0.ext,in100.pairs100.v1@audit_v1.o8,fidelity,student.h.cls,,106,,0.1219811567683796,0.13921472358947778,0.13276108850753843,0.1087194343973829
in100.byol.s0.ext,in100.pairs100.v1@audit_v1.o8,fidelity,student.h.cls,,107,,0.118731580306444,0.13581342933213003,0.13713244058414917,0.10613053425551904
in100.byol.s0.ext,in100.pairs100.v1@audit_v1.o8,fidelity,student.h.cls,,108,,0.09860494146941155,0.11440592128522706,0.11647752084308624,0.08975468591787417
in100.byol.s0.ext,in100.pairs100.v1@audit_v1.o8,fidelity,student.h.cls,,109,,0.05812570173923072,0.06946412543792647,0.0707262338799217,0.0549327000031188
in100.byol.s0.ext,in100.pairs100.v1@audit_v1.o8,theta,student.z.pred.out,,0,1.3908273289353021,,,,
in100.byol.s0.ext,in100.pairs100.v1@audit_v1.o8,theta,student.z.pred.out,,1,0.7003248088209507,,,,
in100.byol.s0.ext,in100.pairs100.v1@audit_v1.o8,theta,student.z.pred.out,,2,0.6492014317742464,,,,
in100.byol.s0.ext,in100.pairs100.v1@audit_v1.o8,theta,student.z.pred.out,,3,0.5828701600877432,,,,
in100.byol.s0.ext,in100.pairs100.v1@audit_v1.o8,theta,student.z.pred.out,,4,0.5529022905330315,,,,
in100.byol.s0.ext,in100.pairs100.v1@audit_v1.o8,theta,student.z.pred.out,,5,0.46336920131737697,,,,
in100.byol.s0.ext,in100.pairs100.v1@audit_v1.o8,theta,student.z.pred.out,,6,0.44475064510337464,,,,
in100.byol.s0.ext,in100.pairs100.v1@audit_v1.o8,theta,student.z.pred.out,,7,0.422953393664682,,,,
in100.byol.s0.ext,in100.pairs100.v1@audit_v1.o8,theta,student.z.pred.out,,8,0.418128569896111,,,,
in100.byol.s0.ext,in100.pairs100.v1@audit_v1.o8,theta,student.z.pred.out,,9,0.3931213226303892,,,,
in100.byol.s0.ext,in100.pairs100.v1@audit_v1.o8,theta,student.z.pred.out,,10,0.37944221364307673,,,,
in100.byol.s0.ext,in100.pairs100.v1@audit_v1.o8,theta,student.z.pred.out,,11,0.3542929984182116,,,,
in100.byol.s0.ext,in100.pairs100.v1@audit_v1.o8,theta,student.z.pred.out,,12,0.34747043783360043,,,,
in100.byol.s0.ext,in100.pairs100.v1@audit_v1.o8,theta,student.z.pred.out,,13,0.33659153526567726,,,,
in100.byol.s0.ext,in100.pairs100.v1@audit_v1.o8,theta,student.z.pred.out,,14,0.31270886202664333,,,,
in100.byol.s0.ext,in100.pairs100.v1@audit_v1.o8,theta,student.z.pred.out,,15,0.3062832997987822,,,,
in100.byol.s0.ext,in100.pairs100.v1@audit_v1.o8,theta,student.z.pred.out,,16,0.2983879600364669,,,,
in100.byol.s0.ext,in100.pairs100.v1@audit_v1.o8,theta,student.z.pred.out,,17,0.29148692164587847,,,,
in100.byol.s0.ext,in100.pairs100.v1@audit_v1.o8,theta,student.z.pred.out,,18,0.27684543147225943,,,,
in100.byol.s0.ext,in100.pairs100.v1@audit_v1.o8,theta,student.z.pred.out,,19,0.2601970519342351,,,,
in100.byol.s0.ext,in100.pairs100.v1@audit_v1.o8,theta,student.z.pred.out,,20,0.2562121497745716,,,,
in100.byol.s0.ext,in100.pairs100.v1@audit_v1.o8,theta,student.z.pred.out,,21,0.24917918457405516,,,,
in100.byol.s0.ext,in100.pairs100.v1@audit_v1.o8,theta,student.z.pred.out,,22,0.24388835121808006,,,,
in100.byol.s0.ext,in100.pairs100.v1@audit_v1.o8,theta,student.z.pred.out,,23,0.2349259596168894,,,,
in100.byol.s0.ext,in100.pairs100.v1@audit_v1.o8,theta,student.z.pred.out,,24,0.22148929444013538,,,,
in100.byol.s0.ext,in100.pairs100.v1@audit_v1.o8,theta,student.z.pred.out,,25,0.2167900752855796,,,,
in100.byol.s0.ext,in100.pairs100.v1@audit_v1.o8,theta,student.z.pred.out,,26,0.20921969082055375,,,,
in100.byol.s0.ext,in100.pairs100.v1@audit_v1.o8,theta,student.z.pred.out,,27,0.19885186121943396,,,,
in100.byol.s0.ext,in100.pairs100.v1@audit_v1.o8,theta,student.z.pred.out,,28,0.1870630669503813,,,,
in100.byol.s0.ext,in100.pairs100.v1@audit_v1.o8,theta,student.z.pred.out,,29,0.17234007011630223,,,,
in100.byol.s0.ext,in100.pairs100.v1@audit_v1.o8,theta,student.z.pred.out,,30,0.16377472312088218,,,,
in100.byol.s0.ext,in100.pairs100.v1@audit_v1.o8,theta,student.z.pred.out,,31,0.15529806920498626,,,,
in100.byol.s0.ext,in100.pairs100.v1@audit_v1.o8,theta,student.z.pred.out,,32,0.14868744789065974,,,,
in100.byol.s0.ext,in100.pairs100.v1@audit_v1.o8,theta,student.z.pred.out,,33,0.14471405711810661,,,,
in100.byol.s0.ext,in100.pairs100.v1@audit_v1.o8,theta,student.z.pred.out,,34,0.13396762290375677,,,,
in100.byol.s0.ext,in100.pairs100.v1@audit_v1.o8,theta,student.z.pred.out,,35,0.12150814734425178,,,,
in100.byol.s0.ext,in100.pairs100.v1@audit_v1.o8,theta,student.z.pred.out,,36,0.11953717743957737,,,,
in100.byol.s0.ext,in100.pairs100.v1@audit_v1.o8,theta,student.z.pred.out,,37,0.0964640384575089,,,,
in100.byol.s0.ext,in100.pairs100.v1@audit_v1.o8,theta,student.z.pred.out,,38,0.0649234105456946,,,,
in100.byol.s0.ext,in100.pairs100.v1@audit_v1.o8,fidelity,student.z.pred.out,,0,,1.3987698260194548,0.9328121084393676,0.9424185171646884,0.5831196519345039
in100.byol.s0.ext,in100.pairs100.v1@audit_v1.o8,fidelity,student.z.pred.out,,1,,0.71042892514141,0.5929585590715539,0.5934331282105643,0.41535132778620143
in100.byol.s0.ext,in100.pairs100.v1@audit_v1.o8,fidelity,student.z.pred.out,,2,,0.6473115837060767,0.5547781975626995,0.5601513650023436,0.39295030163618033
in100.byol.s0.ext,in100.pairs100.v1@audit_v1.o8,fidelity,student.z.pred.out,,3,,0.5841497826537515,0.5147840055216791,0.5174035850607965,0.3687465598582413
in100.byol.s0.ext,in100.pairs100.v1@audit_v1.o8,fidelity,student.z.pred.out,,4,,0.558674660984225,0.49809796096030745,0.49831820829026163,0.3584292957142512
in100.byol.s0.ext,in100.pairs100.v1@audit_v1.o8,fidelity,student.z.pred.out,,5,,0.48260482609554034,0.4461626426133565,0.4567521903332612,0.3255114360894714
in100.byol.s0.ext,in100.pairs100.v1@audit_v1.o8,fidelity,student.z.pred.out,,6,,0.4602354606957306,0.4302378024642591,0.4274999476139581,0.3151789372903264
in100.byol.s0.ext,in100.pairs100.v1@audit_v1.o8,fidelity,student.z.pred.out,,7,,0.4344985190645665,0.4115169041673045,0.4149039907412297,0.3028922744011629
in100.byol.s0.ext,in100.pairs100.v1@audit_v1.o8,fidelity,student.z.pred.out,,8,,0.4233478898029669,0.4032680452305458,0.40715784588809667,0.29743107277980413
in100.byol.s0.ext,in100.pairs100.v1@audit_v1.o8,fidelity,student.z.pred.out,,9,,0.40280482724270406,0.3878436655620055,0.37455436654165075,0.2871424587513295
in100.byol.s0.ext,in100.pairs100.v1@audit_v1.o8,fidelity,student.z.pred.out,,10,,0.3890708244009406,0.3773620091165941,0.3888710731234325,0.28009430301635896
in100.byol.s0.ext,in100.pairs100.v1@audit_v1.o8,fidelity,student.z.pred.out,,11,,0.3632986499594917,0.35730966925657554,0.3447656426868043,0.2664850067667026
in100.byol.s0.ext,in100.pairs100.v1@audit_v1.o8,fidelity,student.z.pred.out,,12,,0.35033442167743956,0.3470263153535702,0.3534962950103285,0.2594427099342103
in100.byol.s0.ext,in100.pairs100.v1@audit_v1.o8,fidelity,student.z.pred.out,,13,,0.3336630941393931,0.333601218123989,0.33740885896241857,0.2501854445891407
in100.byol.s0.ext,in100.pairs100.v1@audit_v1.o8,fidelity,student.z.pred.out,,14,,0.31729602328421536,0.32019319366931676,0.3234844135237149,0.24086918784826292
in100.byol.s0.ext,in100.pairs100.v1@audit_v1.o8,fidelity,student.z.pred.out,,15,,0.30972563169241213,0.3139127168306704,0.3088146939023997,0.23648130890756736
in100.byol.s0.ext,in100.pairs100.v1@audit_v1.o8,fidelity,student.z.pred.out,,16,,0.30360903071748463,0.3088010974107769,0.30405548175743813,0.23289883973140574
in100.byol.s0.ext,in100.pairs100.v1@audit_v1.o8,fidelity,student.z.pred.out,,17,,0.2896093682368408,0.29697373194667354,0.3051022943717348,0.2245713898874633
in100.byol.s0.ext,in100.pairs100.v1@audit_v1.o8,fidelity,student.z.pred.out,,18,,0.2757308540032123,0.28506831384156117,0.2878162476196645,0.21613560034075807
in100.byol.s0.ext,in100.pairs100.v1@audit_v1.o8,fidelity,student.z.pred.out,,19,,0.2639924674684784,0.27485416171143895,0.27266681945700616,0.20885604484431933
in100.byol.s0.ext,in100.pairs100.v1@audit_v1.o8,fidelity,student.z.pred.out,,20,,0.25575322410121465,0.26760350010375483,0.25297185097514513,0.20366519407845116
in100.byol.s0.ext,in100.pairs100.v1@audit_v1.o8,fidelity,student.z.pred.out,,21,,0.2500529695879572,0.2625471414967848,0.2552281198131973,0.20003389909979552
in100.byol.s0.ext,in100.pairs100.v1@audit_v1.o8,fidelity,student.z.pred.out,,22,,0.2427895497095667,0.25605592561779195,0.25190801823145315,0.19535853819040025
in100.byol.s0.ext,in100.pairs100.v1@audit_v1.o8,fidelity,student.z.pred.out,,23,,0.23569507568202105,0.24966263348378204,0.251270745906838,0.19073886456327677
in100.byol.s0.ext,in100.pairs100.v1@audit_v1.o8,fidelity,student.z.pred.out,,24,,0.22246954274681527,0.23760109568322418,0.23260779757744773,0.18198370999652036
in100.byol.s0.ext,in100.pairs100.v1@audit_v1.o8,fidelity,student.z.pred.out,,25,,0.2184836327347098,0.23392871902751702,0.24038128479899185,0.17930781084383957
in100.byol.s0.ext,in100.pairs100.v1@audit_v1.o8,fidelity,student.z.pred.out,,26,,0.20836663589780735,0.22452826034005682,0.2252731953176212,0.17243660136560499
in100.byol.s0.ext,in100.pairs100.v1@audit_v1.o8,fidelity,student.z.pred.out,,27,,0.19994501164356643,0.21661473146900606,0.2123901836046864,0.16662847855811447
in100.byol.s0.ext,in100.pairs100.v1@audit_v1.o8,fidelity,student.z.pred.out,,28,,0.18567354691652677,0.20301591511237937,0.20938606742799362,0.1565975283832477
in100.byol.s0.ext,in100.pairs100.v1@audit_v1.o8,fidelity,student.z.pred.out,,29,,0.17236148846897115,0.1901111418749258,0.19578035699405322,0.14702076975768302
in100.byol.s0.ext,in100.pairs100.v1@audit_v1.o8,fidelity,student.z.pred.out,,30,,0.16317320566917504,0.18107611129796092,0.17956972503354204,0.14028280988066716
in100.byol.s0.ext,in100.pairs100.v1@audit_v1.o8,fidelity,student.z.pred.out,,31,,0.1577788123475936,0.17572186644910417,0.1696395192291294,0.13627716336220577
in100.byol.s0.ext,in100.pairs100.v1@audit_v1.o8,fidelity,student.z.pred.out,,32,,0.14621438337474726,0.16411645449867493,0.16240271415774424,0.12756285865498812
in100.byol.s0.ext,in100.pairs100.v1@audit_v1.o8,fidelity,student.z.pred.out,,33,,0.14139253529940563,0.15922535478662692,0.16144064239486078,0.1238772209617755
in100.byol.s0.ext,in100.pairs100.v1@audit_v1.o8,fidelity,student.z.pred.out,,34,,0.14023070923173225,0.15804218219485833,0.1547579555201657,0.12298450488692528
in100.byol.s0.ext,in100.pairs100.v1@audit_v1.o8,fidelity,student.z.pred.out,,35,,0.12154484569294824,0.13875891373622531,0.1356932203309507,0.10837270231298826
in100.byol.s0.ext,in100.pairs100.v1@audit_v1.o8,fidelity,student.z.pred.out,,36,,0.117456670278593,0.1344748831818338,0.13151655195559514,0.10511071561218555
in100.byol.s0.ext,in100.pairs100.v1@audit_v1.o8,fidelity,student.z.pred.out,,37,,0.0983195128915233,0.11409801182380314,0.11588538376103713,0.08951813360092231
in100.byol.s0.ext,in100.pairs100.v1@audit_v1.o8,fidelity,student.z.pred.out,,38,,0.06403456697672205,0.07618955030118885,0.0778039886126983,0.06018090855700833
in100.byol.s0.ext,in100.pairs100.v1@audit_v1.o8,theta,student.z.proj.out,,0,8.19368802128663,,,,
in100.byol.s0.ext,in100.pairs100.v1@audit_v1.o8,theta,student.z.proj.out,,1,1.6086865650532463,,,,
in100.byol.s0.ext,in100.pairs100.v1@audit_v1.o8,theta,student.z.proj.out,,2,1.2432694185279476,,,,
in100.byol.s0.ext,in100.pairs100.v1@audit_v1.o8,theta,student.z.proj.out,,3,1.0366055571327573,,,,
in100.byol.s0.ext,in100.pairs100.v1@audit_v1.o8,theta,student.z.proj.out,,4,0.7998821536169416,,,,
in100.byol.s0.ext,in100.pairs100.v1@audit_v1.o8,theta,student.z.proj.out,,5,0.6953956540168201,,,,
in100.byol.s0.ext,in100.pairs100.v1@audit_v1.o8,theta,student.z.proj.out,,6,0.6524250643803197,,,,
in100.byol.s0.ext,in100.pairs100.v1@audit_v1.o8,theta,student.z.proj.out,,7,0.5566840224983814,,,,
in100.byol.s0.ext,in100.pairs100.v1@audit_v1.o8,theta,student.z.proj.out,,8,0.5311644329523492,,,,
in100.byol.s0.ext,in100.pairs100.v1@audit_v1.o8,theta,student.z.proj.out,,9,0.4941658048081661,,,,
in100.byol.s0.ext,in100.pairs100.v1@audit_v1.o8,theta,student.z.proj.out,,10,0.4811507790501607,,,,
in100.byol.s0.ext,in100.pairs100.v1@audit_v1.o8,theta,student.z.proj.out,,11,0.4524142215717385,,,,
in100.byol.s0.ext,in100.pairs100.v1@audit_v1.o8,theta,student.z.proj.out,,12,0.4404076645968574,,,,
in100.byol.s0.ext,in100.pairs100.v1@audit_v1.o8,theta,student.z.proj.out,,13,0.43758313651386715,,,,
in100.byol.s0.ext,in100.pairs100.v1@audit_v1.o8,theta,student.z.proj.out,,14,0.4202182978802423,,,,
in100.byol.s0.ext,in100.pairs100.v1@audit_v1.o8,theta,student.z.proj.out,,15,0.39677947287475507,,,,
in100.byol.s0.ext,in100.pairs100.v1@audit_v1.o8,theta,student.z.proj.out,,16,0.3796090590315161,,,,
in100.byol.s0.ext,in100.pairs100.v1@audit_v1.o8,theta,student.z.proj.out,,17,0.3597691035952174,,,,
in100.byol.s0.ext,in100.pairs100.v1@audit_v1.o8,theta,student.z.proj.out,,18,0.3370566984733554,,,,
in100.byol.s0.ext,in100.pairs100.v1@audit_v1.o8,theta,student.z.proj.out,,19,0.32058418242536285,,,,
in100.byol.s0.ext,in100.pairs100.v1@audit_v1.o8,theta,student.z.proj.out,,20,0.31031333938801325,,,,
in100.byol.s0.ext,in100.pairs100.v1@audit_v1.o8,theta,student.z.proj.out,,21,0.3016511817599847,,,,
in100.byol.s0.ext,in100.pairs100.v1@audit_v1.o8,theta,student.z.proj.out,,22,0.296223176783838,,,,
in100.byol.s0.ext,in100.pairs100.v1@audit_v1.o8,theta,student.z.proj.out,,23,0.2852218004959419,,,,
in100.byol.s0.ext,in100.pairs100.v1@audit_v1.o8,theta,student.z.proj.out,,24,0.2829417323644736,,,,
in100.byol.s0.ext,in100.pairs100.v1@audit_v1.o8,theta,student.z.proj.out,,25,0.26599132793105906,,,,
in100.byol.s0.ext,in100.pairs100.v1@audit_v1.o8,theta,student.z.proj.out,,26,0.2530914644504367,,,,
in100.byol.s0.ext,in100.pairs100.v1@audit_v1.o8,theta,student.z.proj.out,,27,0.2431088347770566,,,,
in100.byol.s0.ext,in100.pairs100.v1@audit_v1.o8,theta,student.z.proj.out,,28,0.2360623102479128,,,,
in100.byol.s0.ext,in100.pairs100.v1@audit_v1.o8,theta,student.z.proj.out,,29,0.22156914339790265,,,,
in100.byol.s0.ext,in100.pairs100.v1@audit_v1.o8,theta,student.z.proj.out,,30,0.21329596256938219,,,,
in100.byol.s0.ext,in100.pairs100.v1@audit_v1.o8,theta,student.z.proj.out,,31,0.1946151941393888,,,,
in100.byol.s0.ext,in100.pairs100.v1@audit_v1.o8,theta,student.z.proj.out,,32,0.1888075841197111,,,,
in100.byol.s0.ext,in100.pairs100.v1@audit_v1.o8,theta,student.z.proj.out,,33,0.16927117782797427,,,,
in100.byol.s0.ext,in100.pairs100.v1@audit_v1.o8,theta,student.z.proj.out,,34,0.164191214026583,,,,
in100.byol.s0.ext,in100.pairs100.v1@audit_v1.o8,theta,student.z.proj.out,,35,0.15983285723961996,,,,
in100.byol.s0.ext,in100.pairs100.v1@audit_v1.o8,theta,student.z.proj.out,,36,0.1472746281242311,,,,
in100.byol.s0.ext,in100.pairs100.v1@audit_v1.o8,theta,student.z.proj.out,,37,0.135138407018524,,,,
in100.byol.s0.ext,in100.pairs100.v1@audit_v1.o8,theta,student.z.proj.out,,38,0.12621693431363373,,,,
in100.byol.s0.ext,in100.pairs100.v1@audit_v1.o8,theta,student.z.proj.out,,39,0.11695633670961716,,,,
in100.byol.s0.ext,in100.pairs100.v1@audit_v1.o8,theta,student.z.proj.out,,40,0.09390020517325773,,,,
in100.byol.s0.ext,in100.pairs100.v1@audit_v1.o8,theta,student.z.proj.out,,41,0.060498131307760675,,,,
in100.byol.s0.ext,in100.pairs100.v1@audit_v1.o8,fidelity,student.z.proj.out,,0,,8.602900756369012,3.0465899881388574,2.9844884218108954,0.8958647990466045
in100.byol.s0.ext,in100.pairs100.v1@audit_v1.o8,fidelity,student.z.proj.out,,1,,1.639422726904003,1.0309849575305692,1.0507919499656653,0.6211292758045686
in100.byol.s0.ext,in100.pairs100.v1@audit_v1.o8,fidelity,student.z.proj.out,,2,,1.265931031379197,0.875163059163885,0.8753754713262977,0.5586803013190859
in100.byol.s0.ext,in100.pairs100.v1@audit_v1.o8,fidelity,student.z.proj.out,,3,,1.0648674581108857,0.7819242790293359,0.7866231099800528,0.5157074145016145
in100.byol.s0.ext,in100.pairs100.v1@audit_v1.o8,fidelity,student.z.proj.out,,4,,0.7854215300673622,0.6362635592921755,0.6357170895433285,0.43990817677533495
in100.byol.s0.ext,in100.pairs100.v1@audit_v1.o8,fidelity,student.z.proj.out,,5,,0.7079252163455567,0.5914755744270441,0.6008291333838498,0.4144942703406549
in100.byol.s0.ext,in100.pairs100.v1@audit_v1.o8,fidelity,student.z.proj.out,,6,,0.6678471273955247,0.5673864469309986,0.5728948083375865,0.40042466508211744
in100.byol.s0.ext,in100.pairs100.v1@audit_v1.o8,fidelity,student.z.proj.out,,7,,0.5672668026373355,0.5037632445935007,0.5045255183619795,0.3619465439341668
in100.byol.s0.ext,in100.pairs100.v1@audit_v1.o8,fidelity,student.z.proj.out,,8,,0.5497019906182835,0.4921401421127414,0.4918524491627745,0.35471464445817047
in100.byol.s0.ext,in100.pairs100.v1@audit_v1.o8,fidelity,student.z.proj.out,,9,,0.5153332238943604,0.46891244881054955,0.47335906447094533,0.34007914283695945
in100.byol.s0.ext,in100.pairs100.v1@audit_v1.o8,fidelity,student.z.proj.out,,10,,0.48569914833340827,0.44834100621038336,0.4451395846794833,0.3269162191270313
in100.byol.s0.ext,in100.pairs100.v1@audit_v1.o8,fidelity,student.z.proj.out,,11,,0.47639110631230946,0.44177047778543327,0.44221841585789207,0.3226727012073559
in100.byol.s0.ext,in100.pairs100.v1@audit_v1.o8,fidelity,student.z.proj.out,,12,,0.4504658758623097,0.42318280724258467,0.42491939822582275,0.31056633827700725
in100.byol.s0.ext,in100.pairs100.v1@audit_v1.o8,fidelity,student.z.proj.out,,13,,0.4458642032676242,0.41983816644158223,0.4329686038282877,0.3083721156246762
in100.byol.s0.ext,in100.pairs100.v1@audit_v1.o8,fidelity,student.z.proj.out,,14,,0.417920894498701,0.3992222618583772,0.396881866160615,0.294742038233702
in100.byol.s0.ext,in100.pairs100.v1@audit_v1.o8,fidelity,student.z.proj.out,,15,,0.40205894052898533,0.38727795806586407,0.3853953472043675,0.2867632229336177
in100.byol.s0.ext,in100.pairs100.v1@audit_v1.o8,fidelity,student.z.proj.out,,16,,0.37329538067281354,0.36514838191857557,0.36026260098651,0.2718245367503722
in100.byol.s0.ext,in100.pairs100.v1@audit_v1.o8,fidelity,student.z.proj.out,,17,,0.3546016742926359,0.3504260246588421,0.3406899158269635,0.2617756060856831
in100.byol.s0.ext,in100.pairs100.v1@audit_v1.o8,fidelity,student.z.proj.out,,18,,0.3474276495107059,0.34470203648275777,0.338375618874854,0.2578451241050813
in100.byol.s0.ext,in100.pairs100.v1@audit_v1.o8,fidelity,student.z.proj.out,,19,,0.33155958876592695,0.33189083681387765,0.3371762986047822,0.24900093962239592
in100.byol.s0.ext,in100.pairs100.v1@audit_v1.o8,fidelity,student.z.proj.out,,20,,0.3049397272579624,0.30991601369765526,0.3154604795949958,0.23368108188316464
in100.byol.s0.ext,in100.pairs100.v1@audit_v1.o8,fidelity,student.z.proj.out,,21,,0.30299888345408776,0.3082893548583535,0.29839659359353976,0.23253963399483157
in100.byol.s0.ext,in100.pairs100.v1@audit_v1.o8,fidelity,student.z.proj.out,,22,,0.29338614804141977,0.30018223374771036,0.2933065816330308,0.22683569673735543
in100.byol.s0.ext,in100.pairs100.v1@audit_v1.o8,fidelity,student.z.proj.out,,23,,0.28700999560993196,0.29475775650649555,0.2940742277808676,0.22300525760401257
in100.byol.s0.ext,in100.pairs100.v1@audit_v1.o8,fidelity,student.z.proj.out,,24,,0.2815313926364954,0.2900664191228446,0.27877728386799117,0.2196835709637207
in100.byol.s0.ext,in100.pairs100.v1@audit_v1.o8,fidelity,student.z.proj.out,,25,,0.26271288116277536,0.2737325492533119,0.2706694890029526,0.2080543289626181
in100.byol.s0.ext,in100.pairs100.v1@audit_v1.o8,fidelity,student.z.proj.out,,26,,0.25591016408531736,0.2677422460165289,0.2672680261576445,0.20376470499519955
in100.byol.s0.ext,in100.pairs100.v1@audit_v1.o8,fidelity,student.z.proj.out,,27,,0.24250959443425568,0.2558046395092075,0.2510510920677829,0.1951772409006436
in100.byol.s0.ext,in100.pairs100.v1@audit_v1.o8,fidelity,student.z.proj.out,,28,,0.2355553554691547,0.24953618981475928,0.25507897084874703,0.1906473509474706
in100.byol.s0.ext,in100.pairs100.v1@audit_v1.o8,fidelity,student.z.proj.out,,29,,0.22817853087264,0.24283075838062018,0.24676776896044214,0.18578612566246017
in100.byol.s0.ext,in100.pairs100.v1@audit_v1.o8,fidelity,student.z.proj.out,,30,,0.21052617013579106,0.22654448661526017,0.22259485204041893,0.1739129440813124
in100.byol.s0.ext,in100.pairs100.v1@audit_v1.o8,fidelity,student.z.proj.out,,31,,0.19699792447073536,0.21382614448812365,0.22081148638194778,0.1645766633704398
in100.byol.s0.ext,in100.pairs100.v1@audit_v1.o8,fidelity,student.z.proj.out,,32,,0.18775705531539855,0.2050162497538386,0.2090150967837564,0.15807698592498895
in100.byol.s0.ext,in100.pairs100.v1@audit_v1.o8,fidelity,student.z.proj.out,,33,,0.1716109729142969,0.1893771079124651,0.1887633733379682,0.14647436468389086
in100.byol.s0.ext,in100.pairs100.v1@audit_v1.o8,fidelity,student.z.proj.out,,34,,0.1677062372707393,0.1855467883769355,0.18368385554806657,0.14362022905925068
in100.byol.s0.ext,in100.pairs100.v1@audit_v1.o8,fidelity,student.z.proj.out,,35,,0.15534384077824467,0.17329276456338388,0.17165080103166025,0.1344568043688227
in100.byol.s0.ext,in100.pairs100.v1@audit_v1.o8,fidelity,student.z.proj.out,,36,,0.14383803108642876,0.16170985631510681,0.1611283616291173,0.12575034854349962
in100.byol.s0.ext,in100.pairs100.v1@audit_v1.o8,fidelity,student.z.proj.out,,37,,0.1420243847300122,0.159868050821141,0.15583712691553261,0.12436195463863794
in100.byol.s0.ext,in100.pairs100.v1@audit_v1.o8,fidelity,student.z.proj.out,,38,,0.12128883942247488,0.13849134091104354,0.13136754717574045,0.10816913105542482
in100.byol.s0.ext,in100.pairs100.v1@audit_v1.o8,fidelity,student.z.proj.out,,39,,0.1198463786194108,0.13698196897366058,0.13797154107067722,0.10702037431880788
in100.byol.s0.ext,in100.pairs100.v1@audit_v1.o8,fidelity,student.z.proj.out,,40,,0.09561181964429862,0.11117092512641968,0.11239811271938406,0.08726797021534503
in100.byol.s0.ext,in100.pairs100.v1@audit_v1.o8,fidelity,student.z.proj.out,,41,,0.0597773935346353,0.071349961391936,0.07259729749475556,0.05640561300827717
in100.byol.s0.ext,in100.pairs100.v1@audit_v1.o8,theta,teacher.z.proj.out,,0,8.635053067846025,,,,
in100.byol.s0.ext,in100.pairs100.v1@audit_v1.o8,theta,teacher.z.proj.out,,1,1.4515360272026927,,,,
in100.byol.s0.ext,in100.pairs100.v1@audit_v1.o8,theta,teacher.z.proj.out,,2,1.0874849236250363,,,,
in100.byol.s0.ext,in100.pairs100.v1@audit_v1.o8,theta,teacher.z.proj.out,,3,0.8766644448081621,,,,
in100.byol.s0.ext,in100.pairs100.v1@audit_v1.o8,theta,teacher.z.proj.out,,4,0.8288580401593348,,,,
in100.byol.s0.ext,in100.pairs100.v1@audit_v1.o8,theta,teacher.z.proj.out,,5,0.6864014884277692,,,,
in100.byol.s0.ext,in100.pairs100.v1@audit_v1.o8,theta,teacher.z.proj.out,,6,0.6716758873841511,,,,
in100.byol.s0.ext,in100.pairs100.v1@audit_v1.o8,theta,teacher.z.proj.out,,7,0.5452640624546303,,,,
in100.byol.s0.ext,in100.pairs100.v1@audit_v1.o8,theta,teacher.z.proj.out,,8,0.5132780252213244,,,,
in100.byol.s0.ext,in100.pairs100.v1@audit_v1.o8,theta,teacher.z.proj.out,,9,0.5009171277112257,,,,
in100.byol.s0.ext,in100.pairs100.v1@audit_v1.o8,theta,teacher.z.proj.out,,10,0.4949298793843018,,,,
in100.byol.s0.ext,in100.pairs100.v1@audit_v1.o8,theta,teacher.z.proj.out,,11,0.4590275354149634,,,,
in100.byol.s0.ext,in100.pairs100.v1@audit_v1.o8,theta,teacher.z.proj.out,,12,0.44886858118858064,,,,
in100.byol.s0.ext,in100.pairs100.v1@audit_v1.o8,theta,teacher.z.proj.out,,13,0.43360739427126155,,,,
in100.byol.s0.ext,in100.pairs100.v1@audit_v1.o8,theta,teacher.z.proj.out,,14,0.4115000893557189,,,,
in100.byol.s0.ext,in100.pairs100.v1@audit_v1.o8,theta,teacher.z.proj.out,,15,0.3873072632988119,,,,
in100.byol.s0.ext,in100.pairs100.v1@audit_v1.o8,theta,teacher.z.proj.out,,16,0.37037537422114697,,,,
in100.byol.s0.ext,in100.pairs100.v1@audit_v1.o8,theta,teacher.z.proj.out,,17,0.3443402140591927,,,,
in100.byol.s0.ext,in100.pairs100.v1@audit_v1.o8,theta,teacher.z.proj.out,,18,0.33044761019279445,,,,
in100.byol.s0.ext,in100.pairs100.v1@audit_v1.o8,theta,teacher.z.proj.out,,19,0.3199839855018479,,,,
in100.byol.s0.ext,in100.pairs100.v1@audit_v1.o8,theta,teacher.z.proj.out,,20,0.31892430378551245,,,,
in100.byol.s0.ext,in100.pairs100.v1@audit_v1.o8,theta,teacher.z.proj.out,,21,0.30846392016275836,,,,
in100.byol.s0.ext,in100.pairs100.v1@audit_v1.o8,theta,teacher.z.proj.out,,22,0.2928007087223502,,,,
in100.byol.s0.ext,in100.pairs100.v1@audit_v1.o8,theta,teacher.z.proj.out,,23,0.2897507799456833,,,,
in100.byol.s0.ext,in100.pairs100.v1@audit_v1.o8,theta,teacher.z.proj.out,,24,0.2709114376997835,,,,
in100.byol.s0.ext,in100.pairs100.v1@audit_v1.o8,theta,teacher.z.proj.out,,25,0.2602728386795336,,,,
in100.byol.s0.ext,in100.pairs100.v1@audit_v1.o8,theta,teacher.z.proj.out,,26,0.25040427252894093,,,,
in100.byol.s0.ext,in100.pairs100.v1@audit_v1.o8,theta,teacher.z.proj.out,,27,0.24475222963355225,,,,
in100.byol.s0.ext,in100.pairs100.v1@audit_v1.o8,theta,teacher.z.proj.out,,28,0.2282263553777399,,,,
in100.byol.s0.ext,in100.pairs100.v1@audit_v1.o8,theta,teacher.z.proj.out,,29,0.21775864698442718,,,,
in100.byol.s0.ext,in100.pairs100.v1@audit_v1.o8,theta,teacher.z.proj.out,,30,0.2075659885083658,,,,
in100.byol.s0.ext,in100.pairs100.v1@audit_v1.o8,theta,teacher.z.proj.out,,31,0.1928986302437681,,,,
in100.byol.s0.ext,in100.pairs100.v1@audit_v1.o8,theta,teacher.z.proj.out,,32,0.17331951420243846,,,,
in100.byol.s0.ext,in100.pairs100.v1@audit_v1.o8,theta,teacher.z.proj.out,,33,0.1696686702588399,,,,
in100.byol.s0.ext,in100.pairs100.v1@audit_v1.o8,theta,teacher.z.proj.out,,34,0.16845605877944184,,,,
in100.byol.s0.ext,in100.pairs100.v1@audit_v1.o8,theta,teacher.z.proj.out,,35,0.15185392818954235,,,,
in100.byol.s0.ext,in100.pairs100.v1@audit_v1.o8,theta,teacher.z.proj.out,,36,0.1395488002852554,,,,
in100.byol.s0.ext,in100.pairs100.v1@audit_v1.o8,theta,teacher.z.proj.out,,37,0.13005645403836913,,,,
in100.byol.s0.ext,in100.pairs100.v1@audit_v1.o8,theta,teacher.z.proj.out,,38,0.11905202835516039,,,,
in100.byol.s0.ext,in100.pairs100.v1@audit_v1.o8,theta,teacher.z.proj.out,,39,0.09610961109172561,,,,
in100.byol.s0.ext,in100.pairs100.v1@audit_v1.o8,theta,teacher.z.proj.out,,40,0.06132689048322389,,,,
in100.byol.s0.ext,in100.pairs100.v1@audit_v1.o8,fidelity,teacher.z.proj.out,,0,,9.06369272204599,3.166556076644211,3.1305421460167793,0.9006328961327135
in100.byol.s0.ext,in100.pairs100.v1@audit_v1.o8,fidelity,teacher.z.proj.out,,1,,1.4727511958002326,0.9637799467980022,0.9702608513960157,0.595592147847944
in100.byol.s0.ext,in100.pairs100.v1@audit_v1.o8,fidelity,teacher.z.proj.out,,2,,1.0905610158760524,0.7942997547413697,0.7940692927321048,0.5216595007723567
in100.byol.s0.ext,in100.pairs100.v1@audit_v1.o8,fidelity,teacher.z.proj.out,,3,,0.9016581580295165,0.6995576730786661,0.7034705344249154,0.47414313357128696
in100.byol.s0.ext,in100.pairs100.v1@audit_v1.o8,fidelity,teacher.z.proj.out,,4,,0.812633067293475,0.6514746315396179,0.6517476438622277,0.4483163647162492
in100.byol.s0.ext,in100.pairs100.v1@audit_v1.o8,fidelity,teacher.z.proj.out,,5,,0.7032831316633004,0.5887193307788137,0.6086888780945457,0.41289854786298863
in100.byol.s0.ext,in100.pairs100.v1@audit_v1.o8,fidelity,teacher.z.proj.out,,6,,0.684051900239955,0.5772070479044697,0.5672561251612521,0.40619407284448106
in100.byol.s0.ext,in100.pairs100.v1@audit_v1.o8,fidelity,teacher.z.proj.out,,7,,0.5754970761985847,0.509153954358339,0.5171458859422114,0.36527968530869287
in100.byol.s0.ext,in100.pairs100.v1@audit_v1.o8,fidelity,teacher.z.proj.out,,8,,0.5281600481537843,0.47765829252671704,0.4785683331394574,0.345618280488271
in100.byol.s0.ext,in100.pairs100.v1@audit_v1.o8,fidelity,teacher.z.proj.out,,9,,0.5111641685298121,0.46604957100368455,0.47044013154191905,0.33825852887123153
in100.byol.s0.ext,in100.pairs100.v1@audit_v1.o8,fidelity,teacher.z.proj.out,,10,,0.5055962823994672,0.4622103955280201,0.45952917618948835,0.33581132492815335
in100.byol.s0.ext,in100.pairs100.v1@audit_v1.o8,fidelity,teacher.z.proj.out,,11,,0.4640198210666529,0.432954093788967,0.4382980285279195,0.3169491385223038
in100.byol.s0.ext,in100.pairs100.v1@audit_v1.o8,fidelity,teacher.z.proj.out,,12,,0.4622484111405186,0.43168377378080947,0.43083813672656884,0.31612167099567984
in100.byol.s0.ext,in100.pairs100.v1@audit_v1.o8,fidelity,teacher.z.proj.out,,13,,0.4347624229952247,0.41171110309889025,0.41714457503199204,0.3030204973500841
in100.byol.s0.ext,in100.pairs100.v1@audit_v1.o8,fidelity,teacher.z.proj.out,,14,,0.4170418360487918,0.39856499218790875,0.39588521365322465,0.2943045331757108
in100.byol.s0.ext,in100.pairs100.v1@audit_v1.o8,fidelity,teacher.z.proj.out,,15,,0.37851944312574504,0.36921390456355757,0.3653480117873004,0.2745840437821213
in100.byol.s0.ext,in100.pairs100.v1@audit_v1.o8,fidelity,teacher.z.proj.out,,16,,0.366691288455922,0.3599786872008994,0.3508075475167645,0.2683058650869189
in100.byol.s0.ext,in100.pairs100.v1@audit_v1.o8,fidelity,teacher.z.proj.out,,17,,0.35094622053968805,0.34751463897269974,0.3384701581705756,0.25977808383777773
in100.byol.s0.ext,in100.pairs100.v1@audit_v1.o8,fidelity,teacher.z.proj.out,,18,,0.33944125255423935,0.3382803507153807,0.3464009095440806,0.25342003757682086
in100.byol.s0.ext,in100.pairs100.v1@audit_v1.o8,fidelity,teacher.z.proj.out,,19,,0.3226298376237281,0.32458801990453184,0.3317655052668068,0.24393056049859982
in100.byol.s0.ext,in100.pairs100.v1@audit_v1.o8,fidelity,teacher.z.proj.out,,20,,0.31351754894181894,0.31706485374817195,0.30997077268034134,0.23868546651271721
in100.byol.s0.ext,in100.pairs100.v1@audit_v1.o8,fidelity,teacher.z.proj.out,,21,,0.30469148112919936,0.3097081432078895,0.2989487058600998,0.23353527292558962
in100.byol.s0.ext,in100.pairs100.v1@audit_v1.o8,fidelity,teacher.z.proj.out,,22,,0.2962985997793928,0.30264744932133264,0.2999537331437993,0.22857279937648442
in100.byol.s0.ext,in100.pairs100.v1@audit_v1.o8,fidelity,teacher.z.proj.out,,23,,0.28827768206186394,0.2958392537399933,0.2854512987621241,0.22376983322452731
in100.byol.s0.ext,in100.pairs100.v1@audit_v1.o8,fidelity,teacher.z.proj.out,,24,,0.2671375012421642,0.27760403851227844,0.27684039715152936,0.21081966320173742
in100.byol.s0.ext,in100.pairs100.v1@audit_v1.o8,fidelity,teacher.z.proj.out,,25,,0.26239041908875416,0.2734496409736027,0.2714785568972288,0.20785203620141418
in100.byol.s0.ext,in100.pairs100.v1@audit_v1.o8,fidelity,teacher.z.proj.out,,26,,0.24956031410950144,0.26210858054090197,0.25715640195062056,0.19971850201352662
in100.byol.s0.ext,in100.pairs100.v1@audit_v1.o8,fidelity,teacher.z.proj.out,,27,,0.24432327978033985,0.2574311444551835,0.2605858230476442,0.19635032451009854
in100.byol.s0.ext,in100.pairs100.v1@audit_v1.o8,fidelity,teacher.z.proj.out,,28,,0.2346543893065124,0.24872033817563152,0.2527662965600031,0.19005674084900342
in100.byol.s0.ext,in100.pairs100.v1@audit_v1.o8,fidelity,teacher.z.proj.out,,29,,0.21513013357231814,0.23082540940164717,0.22860806447712848,0.17704287600856763
in100.byol.s0.ext,in100.pairs100.v1@audit_v1.o8,fidelity,teacher.z.proj.out,,30,,0.20684643304617267,0.22310577025452885,0.23346330552249484,0.17139416199298568
in100.byol.s0.ext,in100.pairs100.v1@audit_v1.o8,fidelity,teacher.z.proj.out,,31,,0.19333336431720344,0.21034453602131448,0.21222130744313536,0.16201119494201363
in100.byol.s0.ext,in100.pairs100.v1@audit_v1.o8,fidelity,teacher.z.proj.out,,32,,0.17708236348931428,0.19471236876489306,0.19704043232251034,0.1504417778925645
in100.byol.s0.ext,in100.pairs100.v1@audit_v1.o8,fidelity,teacher.z.proj.out,,33,,0.17090981278606904,0.18869071263782755,0.1861120826935218,0.14596325944131028
in100.byol.s0.ext,in100.pairs100.v1@audit_v1.o8,fidelity,teacher.z.proj.out,,34,,0.1654676066497962,0.1833421961328311,0.1802476940374441,0.14197529447038204
in100.byol.s0.ext,in100.pairs100.v1@audit_v1.o8,fidelity,teacher.z.proj.out,,35,,0.14824994464159208,0.16617195865235268,0.1646160016008537,0.12910947249195465
in100.byol.s0.ext,in100.pairs100.v1@audit_v1.o8,fidelity,teacher.z.proj.out,,36,,0.14577942938376773,0.16367652658805076,0.16147927897100559,0.12723166924210882
in100.byol.s0.ext,in100.pairs100.v1@audit_v1.o8,fidelity,teacher.z.proj.out,,37,,0.12576669738648105,0.14315815848001504,0.13673774866457789,0.11171648413339477
in100.byol.s0.ext,in100.pairs100.v1@audit_v1.o8,fidelity,teacher.z.proj.out,,38,,0.12194784062733158,0.13917992805732374,0.13992228392635536,0.10869296790049085
in100.byol.s0.ext,in100.pairs100.v1@audit_v1.o8,fidelity,teacher.z.proj.out,,39,,0.09800447187397185,0.11375801480672434,0.11439926145421943,0.08925689683823139
in100.byol.s0.ext,in100.pairs100.v1@audit_v1.o8,fidelity,teacher.z.proj.out,,40,,0.06061390596905086,0.07230330795111933,0.07362945208955621,0.05714983145885662
in100.byol.s0.ext,in100.pairs100.v1@audit_v1.o8,sigma_c,student.h.cls~student.z.pred.out,holdout,0,0.18475349624399492,,,,
in100.byol.s0.ext,in100.pairs100.v1@audit_v1.o8,sigma_c,student.h.cls~student.z.pred.out,holdout,1,0.14283865617620137,,,,
in100.byol.s0.ext,in100.pairs100.v1@audit_v1.o8,sigma_c,student.h.cls~student.z.pred.out,holdout,2,0.12566343748982647,,,,
in100.byol.s0.ext,in100.pairs100.v1@audit_v1.o8,sigma_c,student.h.cls~student.z.pred.out,holdout,3,0.09205811955663962,,,,
in100.byol.s0.ext,in100.pairs100.v1@audit_v1.o8,sigma_c,student.h.cls~student.z.pred.out,holdout,4,0.08537654337316967,,,,
in100.byol.s0.ext,in100.pairs100.v1@audit_v1.o8,sigma_c,student.h.cls~student.z.pred.out,holdout,5,0.07325501574232923,,,,
in100.byol.s0.ext,in100.pairs100.v1@audit_v1.o8,sigma_c,student.h.cls~student.z.pred.out,holdout,6,0.06892769508415016,,,,
in100.byol.s0.ext,in100.pairs100.v1@audit_v1.o8,sigma_c,student.h.cls~student.z.pred.out,holdout,7,0.0630481726041245,,,,
in100.byol.s0.ext,in100.pairs100.v1@audit_v1.o8,sigma_c,student.h.cls~student.z.pred.out,holdout,8,0.06144288061904946,,,,
in100.byol.s0.ext,in100.pairs100.v1@audit_v1.o8,sigma_c,student.h.cls~student.z.pred.out,holdout,9,0.05709642002306013,,,,
in100.byol.s0.ext,in100.pairs100.v1@audit_v1.o8,sigma_c,student.h.cls~student.z.pred.out,holdout,10,0.050162258374025104,,,,
in100.byol.s0.ext,in100.pairs100.v1@audit_v1.o8,sigma_c,student.h.cls~student.z.pred.out,holdout,11,0.04786757834011644,,,,
in100.byol.s0.ext,in100.pairs100.v1@audit_v1.o8,sigma_c,student.h.cls~student.z.pred.out,holdout,12,0.04569121172281826,,,,
in100.byol.s0.ext,in100.pairs100.v1@audit_v1.o8,sigma_c,student.h.cls~student.z.pred.out,holdout,13,0.04317631100812571,,,,
in100.byol.s0.ext,in100.pairs100.v1@audit_v1.o8,sigma_c,student.h.cls~student.z.pred.out,holdout,14,0.040674091358091365,,,,
in100.byol.s0.ext,in100.pairs100.v1@audit_v1.o8,sigma_c,student.h.cls~student.z.pred.out,holdout,15,0.040377773268346434,,,,
in100.byol.s0.ext,in100.pairs100.v1@audit_v1.o8,sigma_c,student.h.cls~student.z.pred.out,holdout,16,0.038398062136021524,,,,
in100.byol.s0.ext,in100.pairs100.v1@audit_v1.o8,sigma_c,student.h.cls~student.z.pred.out,holdout,17,0.0371923338449548,,,,
in100.byol.s0.ext,in100.pairs100.v1@audit_v1.o8,sigma_c,student.h.cls~student.z.pred.out,holdout,18,0.03318194736748571,,,,
in100.byol.s0.ext,in100.pairs100.v1@audit_v1.o8,sigma_c,student.h.cls~student.z.pred.out,holdout,19,0.0315058231648137,,,,
in100.byol.s0.ext,in100.pairs100.v1@audit_v1.o8,sigma_c,student.h.cls~student.z.pred.out,holdout,20,0.030128936834796304,,,,
in100.byol.s0.ext,in100.pairs100.v1@audit_v1.o8,sigma_c,student.h.cls~student.z.pred.out,holdout,21,0.029803333391506783,,,,
in100.byol.s0.ext,in100.pairs100.v1@audit_v1.o8,sigma_c,student.h.cls~student.z.pred.out,holdout,22,0.027818875336291855,,,,
in100.byol.s0.ext,in100.pairs100.v1@audit_v1.o8,sigma_c,student.h.cls~student.z.pred.out,holdout,23,0.0269758960223422,,,,
in100.byol.s0.ext,in100.pairs100.v1@audit_v1.o8,sigma_c,student.h.cls~student.z.pred.out,holdout,24,0.0263782610196753,,,,
in100.byol.s0.ext,in100.pairs100.v1@audit_v1.o8,sigma_c,student.h.cls~student.z.pred.out,holdout,25,0.021429363967976692,,,,
in100.byol.s0.ext,in100.pairs100.v1@audit_v1.o8,sigma_c,student.h.cls~student.z.pred.out,holdout,26,0.020549548403927486,,,,
in100.byol.s0.ext,in100.pairs100.v1@audit_v1.o8,sigma_c,student.h.cls~student.z.pred.out,holdout,27,0.01911202518407129,,,,
in100.byol.s0.ext,in100.pairs100.v1@audit_v1.o8,sigma_c,student.h.cls~student.z.pred.out,holdout,28,0.01829069948769314,,,,
in100.byol.s0.ext,in100.pairs100.v1@audit_v1.o8,sigma_c,student.h.cls~student.z.pred.out,holdout,29,0.017080062670166467,,,,
in100.byol.s0.ext,in100.pairs100.v1@audit_v1.o8,sigma_c,student.h.cls~student.z.pred.out,holdout,30,0.015547382695635308,,,,
in100.byol.s0.ext,in100.pairs100.v1@audit_v1.o8,sigma_c,student.h.cls~student.z.pred.out,holdout,31,0.01503226256575272,,,,
in100.byol.s0.ext,in100.pairs100.v1@audit_v1.o8,sigma_c,student.h.cls~student.z.pred.out,holdout,32,0.013899477686672707,,,,
in100.byol.s0.ext,in100.pairs100.v1@audit_v1.o8,sigma_c,student.h.cls~student.z.pred.out,holdout,33,0.012118405498014516,,,,
in100.byol.s0.ext,in100.pairs100.v1@audit_v1.o8,sigma_c,student.h.cls~student.z.pred.out,holdout,34,0.01062505289888675,,,,
in100.byol.s0.ext,in100.pairs100.v1@audit_v1.o8,sigma_c,student.h.cls~student.z.pred.out,holdout,35,0.008712771562083277,,,,
in100.byol.s0.ext,in100.pairs100.v1@audit_v1.o8,sigma_c,student.h.cls~student.z.pred.out,holdout,36,0.008219446794802217,,,,
in100.byol.s0.ext,in100.pairs100.v1@audit_v1.o8,sigma_c,student.h.cls~student.z.pred.out,holdout,37,0.007389194109218864,,,,
in100.byol.s0.ext,in100.pairs100.v1@audit_v1.o8,sigma_c,student.h.cls~student.z.pred.out,holdout,38,0.004034494685839138,,,,
in100.byol.s0.ext,in100.pairs100.v1@audit_v1.o8,sigma_c,student.h.cls~student.z.pred.out,insample,0,0.16292238084612432,,,,
in100.byol.s0.ext,in100.pairs100.v1@audit_v1.o8,sigma_c,student.h.cls~student.z.pred.out,insample,1,0.11639117368006956,,,,
in100.byol.s0.ext,in100.pairs100.v1@audit_v1.o8,sigma_c,student.h.cls~student.z.pred.out,insample,2,0.10683265762001419,,,,
in100.byol.s0.ext,in100.pairs100.v1@audit_v1.o8,sigma_c,student.h.cls~student.z.pred.out,insample,3,0.07391088738368633,,,,
in100.byol.s0.ext,in100.pairs100.v1@audit_v1.o8,sigma_c,student.h.cls~student.z.pred.out,insample,4,0.06844353850364711,,,,
in100.byol.s0.ext,in100.pairs100.v1@audit_v1.o8,sigma_c,student.h.cls~student.z.pred.out,insample,5,0.059088404043876074,,,,
in100.byol.s0.ext,in100.pairs100.v1@audit_v1.o8,sigma_c,student.h.cls~student.z.pred.out,insample,6,0.05676844021678389,,,,
in100.byol.s0.ext,in100.pairs100.v1@audit_v1.o8,sigma_c,student.h.cls~student.z.pred.out,insample,7,0.05255381550685936,,,,
in100.byol.s0.ext,in100.pairs100.v1@audit_v1.o8,sigma_c,student.h.cls~student.z.pred.out,insample,8,0.05236186169085481,,,,
in100.byol.s0.ext,in100.pairs100.v1@audit_v1.o8,sigma_c,student.h.cls~student.z.pred.out,insample,9,0.04753422020936256,,,,
in100.byol.s0.ext,in100.pairs100.v1@audit_v1.o8,sigma_c,student.h.cls~student.z.pred.out,insample,10,0.04221327626543506,,,,
in100.byol.s0.ext,in100.pairs100.v1@audit_v1.o8,sigma_c,student.h.cls~student.z.pred.out,insample,11,0.04099680314020252,,,,
in100.byol.s0.ext,in100.pairs100.v1@audit_v1.o8,sigma_c,student.h.cls~student.z.pred.out,insample,12,0.038046993822735624,,,,
in100.byol.s0.ext,in100.pairs100.v1@audit_v1.o8,sigma_c,student.h.cls~student.z.pred.out,insample,13,0.03677148361623406,,,,
in100.byol.s0.ext,in100.pairs100.v1@audit_v1.o8,sigma_c,student.h.cls~student.z.pred.out,insample,14,0.03443002607884875,,,,
in100.byol.s0.ext,in100.pairs100.v1@audit_v1.o8,sigma_c,student.h.cls~student.z.pred.out,insample,15,0.033192162379695064,,,,
in100.byol.s0.ext,in100.pairs100.v1@audit_v1.o8,sigma_c,student.h.cls~student.z.pred.out,insample,16,0.03190091291973521,,,,
in100.byol.s0.ext,in100.pairs100.v1@audit_v1.o8,sigma_c,student.h.cls~student.z.pred.out,insample,17,0.030047955374767274,,,,
in100.byol.s0.ext,in100.pairs100.v1@audit_v1.o8,sigma_c,student.h.cls~student.z.pred.out,insample,18,0.028796870022723575,,,,
in100.byol.s0.ext,in100.pairs100.v1@audit_v1.o8,sigma_c,student.h.cls~student.z.pred.out,insample,19,0.02548953527508683,,,,
in100.byol.s0.ext,in100.pairs100.v1@audit_v1.o8,sigma_c,student.h.cls~student.z.pred.out,insample,20,0.024435430008501288,,,,
in100.byol.s0.ext,in100.pairs100.v1@audit_v1.o8,sigma_c,student.h.cls~student.z.pred.out,insample,21,0.024208070844322204,,,,
in100.byol.s0.ext,in100.pairs100.v1@audit_v1.o8,sigma_c,student.h.cls~student.z.pred.out,insample,22,0.022940346988944833,,,,
in100.byol.s0.ext,in100.pairs100.v1@audit_v1.o8,sigma_c,student.h.cls~student.z.pred.out,insample,23,0.02230602889435507,,,,
in100.byol.s0.ext,in100.pairs100.v1@audit_v1.o8,sigma_c,student.h.cls~student.z.pred.out,insample,24,0.021907910076211477,,,,
in100.byol.s0.ext,in100.pairs100.v1@audit_v1.o8,sigma_c,student.h.cls~student.z.pred.out,insample,25,0.018828445708902363,,,,
in100.byol.s0.ext,in100.pairs100.v1@audit_v1.o8,sigma_c,student.h.cls~student.z.pred.out,insample,26,0.017688608437887117,,,,
in100.byol.s0.ext,in100.pairs100.v1@audit_v1.o8,sigma_c,student.h.cls~student.z.pred.out,insample,27,0.016320414817029835,,,,
in100.byol.s0.ext,in100.pairs100.v1@audit_v1.o8,sigma_c,student.h.cls~student.z.pred.out,insample,28,0.01527672834858243,,,,
in100.byol.s0.ext,in100.pairs100.v1@audit_v1.o8,sigma_c,student.h.cls~student.z.pred.out,insample,29,0.013902979429717958,,,,
in100.byol.s0.ext,in100.pairs100.v1@audit_v1.o8,sigma_c,student.h.cls~student.z.pred.out,insample,30,0.01316285183379492,,,,
in100.byol.s0.ext,in100.pairs100.v1@audit_v1.o8,sigma_c,student.h.cls~student.z.pred.out,insample,31,0.011774115868913592,,,,
in100.byol.s0.ext,in100.pairs100.v1@audit_v1.o8,sigma_c,student.h.cls~student.z.pred.out,insample,32,0.011679303915437589,,,,
in100.byol.s0.ext,in100.pairs100.v1@audit_v1.o8,sigma_c,student.h.cls~student.z.pred.out,insample,33,0.009928125969140444,,,,
in100.byol.s0.ext,in100.pairs100.v1@audit_v1.o8,sigma_c,student.h.cls~student.z.pred.out,insample,34,0.00891629359437386,,,,
in100.byol.s0.ext,in100.pairs100.v1@audit_v1.o8,sigma_c,student.h.cls~student.z.pred.out,insample,35,0.0071456152771763514,,,,
in100.byol.s0.ext,in100.pairs100.v1@audit_v1.o8,sigma_c,student.h.cls~student.z.pred.out,insample,36,0.006905317885067501,,,,
in100.byol.s0.ext,in100.pairs100.v1@audit_v1.o8,sigma_c,student.h.cls~student.z.pred.out,insample,37,0.0058462186027285045,,,,
in100.byol.s0.ext,in100.pairs100.v1@audit_v1.o8,sigma_c,student.h.cls~student.z.pred.out,insample,38,0.003428245994429596,,,,
in100.byol.s0.ext,in100.pairs100.v1@audit_v1.o8,sigma_c,student.h.cls~student.z.proj.out,holdout,0,0.2703348224828715,,,,
in100.byol.s0.ext,in100.pairs100.v1@audit_v1.o8,sigma_c,student.h.cls~student.z.proj.out,holdout,1,0.18315887699227223,,,,
in100.byol.s0.ext,in100.pairs100.v1@audit_v1.o8,sigma_c,student.h.cls~student.z.proj.out,holdout,2,0.1255578972691533,,,,
in100.byol.s0.ext,in100.pairs100.v1@audit_v1.o8,sigma_c,student.h.cls~student.z.proj.out,holdout,3,0.07096244304130972,,,,
in100.byol.s0.ext,in100.pairs100.v1@audit_v1.o8,sigma_c,student.h.cls~student.z.proj.out,holdout,4,0.06285336867463151,,,,
in100.byol.s0.ext,in100.pairs100.v1@audit_v1.o8,sigma_c,student.h.cls~student.z.proj.out,holdout,5,0.05219655629862683,,,,
in100.byol.s0.ext,in100.pairs100.v1@audit_v1.o8,sigma_c,student.h.cls~student.z.proj.out,holdout,6,0.04864557455504058,,,,
in100.byol.s0.ext,in100.pairs100.v1@audit_v1.o8,sigma_c,student.h.cls~student.z.proj.out,holdout,7,0.04415455397377383,,,,
in100.byol.s0.ext,in100.pairs100.v1@audit_v1.o8,sigma_c,student.h.cls~student.z.proj.out,holdout,8,0.04005016683322235,,,,
in100.byol.s0.ext,in100.pairs100.v1@audit_v1.o8,sigma_c,student.h.cls~student.z.proj.out,holdout,9,0.03688511269117855,,,,
in100.byol.s0.ext,in100.pairs100.v1@audit_v1.o8,sigma_c,student.h.cls~student.z.proj.out,holdout,10,0.03569792085783937,,,,
in100.byol.s0.ext,in100.pairs100.v1@audit_v1.o8,sigma_c,student.h.cls~student.z.proj.out,holdout,11,0.03225619302690524,,,,
in100.byol.s0.ext,in100.pairs100.v1@audit_v1.o8,sigma_c,student.h.cls~student.z.proj.out,holdout,12,0.02912884268749497,,,,
in100.byol.s0.ext,in100.pairs100.v1@audit_v1.o8,sigma_c,student.h.cls~student.z.proj.out,holdout,13,0.028659245716159083,,,,
in100.byol.s0.ext,in100.pairs100.v1@audit_v1.o8,sigma_c,student.h.cls~student.z.proj.out,holdout,14,0.02740245569231985,,,,
in100.byol.s0.ext,in100.pairs100.v1@audit_v1.o8,sigma_c,student.h.cls~student.z.proj.out,holdout,15,0.024669800537238416,,,,
in100.byol.s0.ext,in100.pairs100.v1@audit_v1.o8,sigma_c,student.h.cls~student.z.proj.out,holdout,16,0.023758327383279744,,,,
in100.byol.s0.ext,in100.pairs100.v1@audit_v1.o8,sigma_c,student.h.cls~student.z.proj.out,holdout,17,0.022289193825963987,,,,
in100.byol.s0.ext,in100.pairs100.v1@audit_v1.o8,sigma_c,student.h.cls~student.z.proj.out,holdout,18,0.02084432781187393,,,,
in100.byol.s0.ext,in100.pairs100.v1@audit_v1.o8,sigma_c,student.h.cls~student.z.proj.out,holdout,19,0.020181117810989715,,,,
in100.byol.s0.ext,in100.pairs100.v1@audit_v1.o8,sigma_c,student.h.cls~student.z.proj.out,holdout,20,0.01883340925008297,,,,
in100.byol.s0.ext,in100.pairs100.v1@audit_v1.o8,sigma_c,student.h.cls~student.z.proj.out,holdout,21,0.018024212100584597,,,,
in100.byol.s0.ext,in100.pairs100.v1@audit_v1.o8,sigma_c,student.h.cls~student.z.proj.out,holdout,22,0.016414672492816845,,,,
in100.byol.s0.ext,in100.pairs100.v1@audit_v1.o8,sigma_c,student.h.cls~student.z.proj.out,holdout,23,0.015777404807436626,,,,
in100.byol.s0.ext,in100.pairs100.v1@audit_v1.o8,sigma_c,student.h.cls~student.z.proj.out,holdout,24,0.015086064788309388,,,,
in100.byol.s0.ext,in100.pairs100.v1@audit_v1.o8,sigma_c,student.h.cls~student.z.proj.out,holdout,25,0.014668236469430725,,,,
in100.byol.s0.ext,in100.pairs100.v1@audit_v1.o8,sigma_c,student.h.cls~student.z.proj.out,holdout,26,0.013509430799323475,,,,
in100.byol.s0.ext,in100.pairs100.v1@audit_v1.o8,sigma_c,student.h.cls~student.z.proj.out,holdout,27,0.012373557586225784,,,,
in100.byol.s0.ext,in100.pairs100.v1@audit_v1.o8,sigma_c,student.h.cls~student.z.proj.out,holdout,28,0.011887655270553967,,,,
in100.byol.s0.ext,in100.pairs100.v1@audit_v1.o8,sigma_c,student.h.cls~student.z.proj.out,holdout,29,0.011388197710966264,,,,
in100.byol.s0.ext,in100.pairs100.v1@audit_v1.o8,sigma_c,student.h.cls~student.z.proj.out,holdout,30,0.010422963311643382,,,,
in100.byol.s0.ext,in100.pairs100.v1@audit_v1.o8,sigma_c,student.h.cls~student.z.proj.out,holdout,31,0.009688269567169115,,,,
in100.byol.s0.ext,in100.pairs100.v1@audit_v1.o8,sigma_c,student.h.cls~student.z.proj.out,holdout,32,0.008840955199421746,,,,
in100.byol.s0.ext,in100.pairs100.v1@audit_v1.o8,sigma_c,student.h.cls~student.z.proj.out,holdout,33,0.008190581953482202,,,,
in100.byol.s0.ext,in100.pairs100.v1@audit_v1.o8,sigma_c,student.h.cls~student.z.proj.out,holdout,34,0.007796579062301866,,,,
in100.byol.s0.ext,in100.pairs100.v1@audit_v1.o8,sigma_c,student.h.cls~student.z.proj.out,holdout,35,0.006932979005038554,,,,
in100.byol.s0.ext,in100.pairs100.v1@audit_v1.o8,sigma_c,student.h.cls~student.z.proj.out,holdout,36,0.005748903131445047,,,,
in100.byol.s0.ext,in100.pairs100.v1@audit_v1.o8,sigma_c,student.h.cls~student.z.proj.out,holdout,37,0.005578493781126946,,,,
in100.byol.s0.ext,in100.pairs100.v1@audit_v1.o8,sigma_c,student.h.cls~student.z.proj.out,holdout,38,0.004089859616283169,,,,
in100.byol.s0.ext,in100.pairs100.v1@audit_v1.o8,sigma_c,student.h.cls~student.z.proj.out,holdout,39,0.003374780312212519,,,,
in100.byol.s0.ext,in100.pairs100.v1@audit_v1.o8,sigma_c,student.h.cls~student.z.proj.out,holdout,40,0.0031104359587526597,,,,
in100.byol.s0.ext,in100.pairs100.v1@audit_v1.o8,sigma_c,student.h.cls~student.z.proj.out,holdout,41,0.0017868946625809188,,,,
in100.byol.s0.ext,in100.pairs100.v1@audit_v1.o8,sigma_c,student.h.cls~student.z.proj.out,insample,0,0.23707336102011928,,,,
in100.byol.s0.ext,in100.pairs100.v1@audit_v1.o8,sigma_c,student.h.cls~student.z.proj.out,insample,1,0.15847584489685965,,,,
in100.byol.s0.ext,in100.pairs100.v1@audit_v1.o8,sigma_c,student.h.cls~student.z.proj.out,insample,2,0.1035088496547438,,,,
in100.byol.s0.ext,in100.pairs100.v1@audit_v1.o8,sigma_c,student.h.cls~student.z.proj.out,insample,3,0.06374987101592355,,,,
in100.byol.s0.ext,in100.pairs100.v1@audit_v1.o8,sigma_c,student.h.cls~student.z.proj.out,insample,4,0.04992644946573293,,,,
in100.byol.s0.ext,in100.pairs100.v1@audit_v1.o8,sigma_c,student.h.cls~student.z.proj.out,insample,5,0.041597056112921665,,,,
in100.byol.s0.ext,in100.pairs100.v1@audit_v1.o8,sigma_c,student.h.cls~student.z.proj.out,insample,6,0.03890531480190886,,,,
in100.byol.s0.ext,in100.pairs100.v1@audit_v1.o8,sigma_c,student.h.cls~student.z.proj.out,insample,7,0.035961366041031624,,,,
in100.byol.s0.ext,in100.pairs100.v1@audit_v1.o8,sigma_c,student.h.cls~student.z.proj.out,insample,8,0.03405393690881247,,,,
in100.byol.s0.ext,in100.pairs100.v1@audit_v1.o8,sigma_c,student.h.cls~student.z.proj.out,insample,9,0.030886815008677918,,,,
in100.byol.s0.ext,in100.pairs100.v1@audit_v1.o8,sigma_c,student.h.cls~student.z.proj.out,insample,10,0.028947629459038945,,,,
in100.byol.s0.ext,in100.pairs100.v1@audit_v1.o8,sigma_c,student.h.cls~student.z.proj.out,insample,11,0.02642904346439476,,,,
in100.byol.s0.ext,in100.pairs100.v1@audit_v1.o8,sigma_c,student.h.cls~student.z.proj.out,insample,12,0.02405663351704566,,,,
in100.byol.s0.ext,in100.pairs100.v1@audit_v1.o8,sigma_c,student.h.cls~student.z.proj.out,insample,13,0.02378962799112807,,,,
in100.byol.s0.ext,in100.pairs100.v1@audit_v1.o8,sigma_c,student.h.cls~student.z.proj.out,insample,14,0.021866789646111866,,,,
in100.byol.s0.ext,in100.pairs100.v1@audit_v1.o8,sigma_c,student.h.cls~student.z.proj.out,insample,15,0.020226466220953258,,,,
in100.byol.s0.ext,in100.pairs100.v1@audit_v1.o8,sigma_c,student.h.cls~student.z.proj.out,insample,16,0.019804486824842295,,,,
in100.byol.s0.ext,in100.pairs100.v1@audit_v1.o8,sigma_c,student.h.cls~student.z.proj.out,insample,17,0.019478050929014314,,,,
in100.byol.s0.ext,in100.pairs100.v1@audit_v1.o8,sigma_c,student.h.cls~student.z.proj.out,insample,18,0.018034793690376368,,,,
in100.byol.s0.ext,in100.pairs100.v1@audit_v1.o8,sigma_c,student.h.cls~student.z.proj.out,insample,19,0.017142079972774633,,,,
in100.byol.s0.ext,in100.pairs100.v1@audit_v1.o8,sigma_c,student.h.cls~student.z.proj.out,insample,20,0.015825381928866813,,,,
in100.byol.s0.ext,in100.pairs100.v1@audit_v1.o8,sigma_c,student.h.cls~student.z.proj.out,insample,21,0.014892622667064273,,,,
in100.byol.s0.ext,in100.pairs100.v1@audit_v1.o8,sigma_c,student.h.cls~student.z.proj.out,insample,22,0.013780464222104586,,,,
in100.byol.s0.ext,in100.pairs100.v1@audit_v1.o8,sigma_c,student.h.cls~student.z.proj.out,insample,23,0.013367503595943455,,,,
in100.byol.s0.ext,in100.pairs100.v1@audit_v1.o8,sigma_c,student.h.cls~student.z.proj.out,insample,24,0.012725876066964573,,,,
in100.byol.s0.ext,in100.pairs100.v1@audit_v1.o8,sigma_c,student.h.cls~student.z.proj.out,insample,25,0.011892660827854559,,,,
in100.byol.s0.ext,in100.pairs100.v1@audit_v1.o8,sigma_c,student.h.cls~student.z.proj.out,insample,26,0.011525478561832798,,,,
in100.byol.s0.ext,in100.pairs100.v1@audit_v1.o8,sigma_c,student.h.cls~student.z.proj.out,insample,27,0.01027890639892137,,,,
in100.byol.s0.ext,in100.pairs100.v1@audit_v1.o8,sigma_c,student.h.cls~student.z.proj.out,insample,28,0.009808188852539302,,,,
in100.byol.s0.ext,in100.pairs100.v1@audit_v1.o8,sigma_c,student.h.cls~student.z.proj.out,insample,29,0.00942169454665133,,,,
in100.byol.s0.ext,in100.pairs100.v1@audit_v1.o8,sigma_c,student.h.cls~student.z.proj.out,insample,30,0.008690752531559794,,,,
in100.byol.s0.ext,in100.pairs100.v1@audit_v1.o8,sigma_c,student.h.cls~student.z.proj.out,insample,31,0.007695173727804557,,,,
in100.byol.s0.ext,in100.pairs100.v1@audit_v1.o8,sigma_c,student.h.cls~student.z.proj.out,insample,32,0.007524465624398312,,,,
in100.byol.s0.ext,in100.pairs100.v1@audit_v1.o8,sigma_c,student.h.cls~student.z.proj.out,insample,33,0.006823080106474036,,,,
in100.byol.s0.ext,in100.pairs100.v1@audit_v1.o8,sigma_c,student.h.cls~student.z.proj.out,insample,34,0.006540842074191339,,,,
in100.byol.s0.ext,in100.pairs100.v1@audit_v1.o8,sigma_c,student.h.cls~student.z.proj.out,insample,35,0.005413599660962906,,,,
in100.byol.s0.ext,in100.pairs100.v1@audit_v1.o8,sigma_c,student.h.cls~student.z.proj.out,insample,36,0.004826907404381802,,,,
in100.byol.s0.ext,in100.pairs100.v1@audit_v1.o8,sigma_c,student.h.cls~student.z.proj.out,insample,37,0.004378871189347968,,,,
in100.byol.s0.ext,in100.pairs100.v1@audit_v1.o8,sigma_c,student.h.cls~student.z.proj.out,insample,38,0.00360961063591701,,,,
in100.byol.s0.ext,in100.pairs100.v1@audit_v1.o8,sigma_c,student.h.cls~student.z.proj.out,insample,39,0.002778068797654309,,,,
in100.byol.s0.ext,in100.pairs100.v1@audit_v1.o8,sigma_c,student.h.cls~student.z.proj.out,insample,40,0.002539765845862352,,,,
in100.byol.s0.ext,in100.pairs100.v1@audit_v1.o8,sigma_c,student.h.cls~student.z.proj.out,insample,41,0.001566466291127731,,,,
in100.byol.s0.ext,in100.pairs100.v1@audit_v1.o8,sigma_c,student.h.cls~teacher.z.proj.out,holdout,0,0.2735644674023842,,,,
in100.byol.s0.ext,in100.pairs100.v1@audit_v1.o8,sigma_c,student.h.cls~teacher.z.proj.out,holdout,1,0.18567001014492604,,,,
in100.byol.s0.ext,in100.pairs100.v1@audit_v1.o8,sigma_c,student.h.cls~teacher.z.proj.out,holdout,2,0.15158913628329254,,,,
in100.byol.s0.ext,in100.pairs100.v1@audit_v1.o8,sigma_c,student.h.cls~teacher.z.proj.out,holdout,3,0.07723953952915127,,,,
in100.byol.s0.ext,in100.pairs100.v1@audit_v1.o8,sigma_c,student.h.cls~teacher.z.proj.out,holdout,4,0.07138646215622128,,,,
in100.byol.s0.ext,in100.pairs100.v1@audit_v1.o8,sigma_c,student.h.cls~teacher.z.proj.out,holdout,5,0.0541813466387874,,,,
in100.byol.s0.ext,in100.pairs100.v1@audit_v1.o8,sigma_c,student.h.cls~teacher.z.proj.out,holdout,6,0.05070452076054124,,,,
in100.byol.s0.ext,in100.pairs100.v1@audit_v1.o8,sigma_c,student.h.cls~teacher.z.proj.out,holdout,7,0.04587869794407362,,,,
in100.byol.s0.ext,in100.pairs100.v1@audit_v1.o8,sigma_c,student.h.cls~teacher.z.proj.out,holdout,8,0.040976900750573496,,,,
in100.byol.s0.ext,in100.pairs100.v1@audit_v1.o8,sigma_c,student.h.cls~teacher.z.proj.out,holdout,9,0.038346157465603936,,,,
in100.byol.s0.ext,in100.pairs100.v1@audit_v1.o8,sigma_c,student.h.cls~teacher.z.proj.out,holdout,10,0.035906726907030194,,,,
in100.byol.s0.ext,in100.pairs100.v1@audit_v1.o8,sigma_c,student.h.cls~teacher.z.proj.out,holdout,11,0.03343012610700529,,,,
in100.byol.s0.ext,in100.pairs100.v1@audit_v1.o8,sigma_c,student.h.cls~teacher.z.proj.out,holdout,12,0.03020237988173418,,,,
in100.byol.s0.ext,in100.pairs100.v1@audit_v1.o8,sigma_c,student.h.cls~teacher.z.proj.out,holdout,13,0.028247581927846082,,,,
in100.byol.s0.ext,in100.pairs100.v1@audit_v1.o8,sigma_c,student.h.cls~teacher.z.proj.out,holdout,14,0.027713970462274296,,,,
in100.byol.s0.ext,in100.pairs100.v1@audit_v1.o8,sigma_c,student.h.cls~teacher.z.proj.out,holdout,15,0.02430961893892037,,,,
in100.byol.s0.ext,in100.pairs100.v1@audit_v1.o8,sigma_c,student.h.cls~teacher.z.proj.out,holdout,16,0.022939810846271252,,,,
in100.byol.s0.ext,in100.pairs100.v1@audit_v1.o8,sigma_c,student.h.cls~teacher.z.proj.out,holdout,17,0.022864546834407685,,,,
in100.byol.s0.ext,in100.pairs100.v1@audit_v1.o8,sigma_c,student.h.cls~teacher.z.proj.out,holdout,18,0.021202223228525087,,,,
in100.byol.s0.ext,in100.pairs100.v1@audit_v1.o8,sigma_c,student.h.cls~teacher.z.proj.out,holdout,19,0.021045420682909776,,,,
in100.byol.s0.ext,in100.pairs100.v1@audit_v1.o8,sigma_c,student.h.cls~teacher.z.proj.out,holdout,20,0.020032594796495478,,,,
in100.byol.s0.ext,in100.pairs100.v1@audit_v1.o8,sigma_c,student.h.cls~teacher.z.proj.out,holdout,21,0.018031914921132833,,,,
in100.byol.s0.ext,in100.pairs100.v1@audit_v1.o8,sigma_c,student.h.cls~teacher.z.proj.out,holdout,22,0.017205677599509202,,,,
in100.byol.s0.ext,in100.pairs100.v1@audit_v1.o8,sigma_c,student.h.cls~teacher.z.proj.out,holdout,23,0.01640475752123743,,,,
in100.byol.s0.ext,in100.pairs100.v1@audit_v1.o8,sigma_c,student.h.cls~teacher.z.proj.out,holdout,24,0.015292189499039644,,,,
in100.byol.s0.ext,in100.pairs100.v1@audit_v1.o8,sigma_c,student.h.cls~teacher.z.proj.out,holdout,25,0.015075844410137203,,,,
in100.byol.s0.ext,in100.pairs100.v1@audit_v1.o8,sigma_c,student.h.cls~teacher.z.proj.out,holdout,26,0.014201221529531623,,,,
in100.byol.s0.ext,in100.pairs100.v1@audit_v1.o8,sigma_c,student.h.cls~teacher.z.proj.out,holdout,27,0.012985181021572565,,,,
in100.byol.s0.ext,in100.pairs100.v1@audit_v1.o8,sigma_c,student.h.cls~teacher.z.proj.out,holdout,28,0.012397255587692314,,,,
in100.byol.s0.ext,in100.pairs100.v1@audit_v1.o8,sigma_c,student.h.cls~teacher.z.proj.out,holdout,29,0.011614288618211618,,,,
in100.byol.s0.ext,in100.pairs100.v1@audit_v1.o8,sigma_c,student.h.cls~teacher.z.proj.out,holdout,30,0.010482879826858279,,,,
in100.byol.s0.ext,in100.pairs100.v1@audit_v1.o8,sigma_c,student.h.cls~teacher.z.proj.out,holdout,31,0.009612640577324022,,,,
in100.byol.s0.ext,in100.pairs100.v1@audit_v1.o8,sigma_c,student.h.cls~teacher.z.proj.out,holdout,32,0.009008191023261364,,,,
in100.byol.s0.ext,in100.pairs100.v1@audit_v1.o8,sigma_c,student.h.cls~teacher.z.proj.out,holdout,33,0.008644209953619064,,,,
in100.byol.s0.ext,in100.pairs100.v1@audit_v1.o8,sigma_c,student.h.cls~teacher.z.proj.out,holdout,34,0.008041004506527755,,,,
in100.byol.s0.ext,in100.pairs100.v1@audit_v1.o8,sigma_c,student.h.cls~teacher.z.proj.out,holdout,35,0.006990636240233724,,,,
in100.byol.s0.ext,in100.pairs100.v1@audit_v1.o8,sigma_c,student.h.cls~teacher.z.proj.out,holdout,36,0.006046014806083084,,,,
in100.byol.s0.ext,in100.pairs100.v1@audit_v1.o8,sigma_c,student.h.cls~teacher.z.proj.out,holdout,37,0.0054446449741899095,,,,
in100.byol.s0.ext,in100.pairs100.v1@audit_v1.o8,sigma_c,student.h.cls~teacher.z.proj.out,holdout,38,0.0041132233467543,,,,
in100.byol.s0.ext,in100.pairs100.v1@audit_v1.o8,sigma_c,student.h.cls~teacher.z.proj.out,holdout,39,0.003701580725978607,,,,
in100.byol.s0.ext,in100.pairs100.v1@audit_v1.o8,sigma_c,student.h.cls~teacher.z.proj.out,holdout,40,0.003019313977109349,,,,
in100.byol.s0.ext,in100.pairs100.v1@audit_v1.o8,sigma_c,student.h.cls~teacher.z.proj.out,holdout,41,0.0017508601333268722,,,,
in100.byol.s0.ext,in100.pairs100.v1@audit_v1.o8,sigma_c,student.h.cls~teacher.z.proj.out,insample,0,0.2424202465516387,,,,
in100.byol.s0.ext,in100.pairs100.v1@audit_v1.o8,sigma_c,student.h.cls~teacher.z.proj.out,insample,1,0.1614624239633095,,,,
in100.byol.s0.ext,in100.pairs100.v1@audit_v1.o8,sigma_c,student.h.cls~teacher.z.proj.out,insample,2,0.1241702567382529,,,,
in100.byol.s0.ext,in100.pairs100.v1@audit_v1.o8,sigma_c,student.h.cls~teacher.z.proj.out,insample,3,0.06852159807865768,,,,
in100.byol.s0.ext,in100.pairs100.v1@audit_v1.o8,sigma_c,student.h.cls~teacher.z.proj.out,insample,4,0.057537953583114636,,,,
in100.byol.s0.ext,in100.pairs100.v1@audit_v1.o8,sigma_c,student.h.cls~teacher.z.proj.out,insample,5,0.04350999823720825,,,,
in100.byol.s0.ext,in100.pairs100.v1@audit_v1.o8,sigma_c,student.h.cls~teacher.z.proj.out,insample,6,0.04065775443724613,,,,
in100.byol.s0.ext,in100.pairs100.v1@audit_v1.o8,sigma_c,student.h.cls~teacher.z.proj.out,insample,7,0.03701826769408086,,,,
in100.byol.s0.ext,in100.pairs100.v1@audit_v1.o8,sigma_c,student.h.cls~teacher.z.proj.out,insample,8,0.034726660941223716,,,,
in100.byol.s0.ext,in100.pairs100.v1@audit_v1.o8,sigma_c,student.h.cls~teacher.z.proj.out,insample,9,0.03178576771470718,,,,
in100.byol.s0.ext,in100.pairs100.v1@audit_v1.o8,sigma_c,student.h.cls~teacher.z.proj.out,insample,10,0.030349227669023787,,,,
in100.byol.s0.ext,in100.pairs100.v1@audit_v1.o8,sigma_c,student.h.cls~teacher.z.proj.out,insample,11,0.026296026513799198,,,,
in100.byol.s0.ext,in100.pairs100.v1@audit_v1.o8,sigma_c,student.h.cls~teacher.z.proj.out,insample,12,0.024543363966169043,,,,
in100.byol.s0.ext,in100.pairs100.v1@audit_v1.o8,sigma_c,student.h.cls~teacher.z.proj.out,insample,13,0.02354601720926985,,,,
in100.byol.s0.ext,in100.pairs100.v1@audit_v1.o8,sigma_c,student.h.cls~teacher.z.proj.out,insample,14,0.022464174854601282,,,,
in100.byol.s0.ext,in100.pairs100.v1@audit_v1.o8,sigma_c,student.h.cls~teacher.z.proj.out,insample,15,0.02025329873695635,,,,
in100.byol.s0.ext,in100.pairs100.v1@audit_v1.o8,sigma_c,student.h.cls~teacher.z.proj.out,insample,16,0.019880849610570142,,,,
in100.byol.s0.ext,in100.pairs100.v1@audit_v1.o8,sigma_c,student.h.cls~teacher.z.proj.out,insample,17,0.019200505148607074,,,,
in100.byol.s0.ext,in100.pairs100.v1@audit_v1.o8,sigma_c,student.h.cls~teacher.z.proj.out,insample,18,0.01819108102335778,,,,
in100.byol.s0.ext,in100.pairs100.v1@audit_v1.o8,sigma_c,student.h.cls~teacher.z.proj.out,insample,19,0.017420382304140072,,,,
in100.byol.s0.ext,in100.pairs100.v1@audit_v1.o8,sigma_c,student.h.cls~teacher.z.proj.out,insample,20,0.016881996321892995,,,,
in100.byol.s0.ext,in100.pairs100.v1@audit_v1.o8,sigma_c,student.h.cls~teacher.z.proj.out,insample,21,0.014846873519771684,,,,
in100.byol.s0.ext,in100.pairs100.v1@audit_v1.o8,sigma_c,student.h.cls~teacher.z.proj.out,insample,22,0.014329009244871443,,,,
in100.byol.s0.ext,in100.pairs100.v1@audit_v1.o8,sigma_c,student.h.cls~teacher.z.proj.out,insample,23,0.0140803182063943,,,,
in100.byol.s0.ext,in100.pairs100.v1@audit_v1.o8,sigma_c,student.h.cls~teacher.z.proj.out,insample,24,0.012966281443582509,,,,
in100.byol.s0.ext,in100.pairs100.v1@audit_v1.o8,sigma_c,student.h.cls~teacher.z.proj.out,insample,25,0.01260664369078537,,,,
in100.byol.s0.ext,in100.pairs100.v1@audit_v1.o8,sigma_c,student.h.cls~teacher.z.proj.out,insample,26,0.01176831111472113,,,,
in100.byol.s0.ext,in100.pairs100.v1@audit_v1.o8,sigma_c,student.h.cls~teacher.z.proj.out,insample,27,0.01069436424901092,,,,
in100.byol.s0.ext,in100.pairs100.v1@audit_v1.o8,sigma_c,student.h.cls~teacher.z.proj.out,insample,28,0.010350595003591471,,,,
in100.byol.s0.ext,in100.pairs100.v1@audit_v1.o8,sigma_c,student.h.cls~teacher.z.proj.out,insample,29,0.009716671320735426,,,,
in100.byol.s0.ext,in100.pairs100.v1@audit_v1.o8,sigma_c,student.h.cls~teacher.z.proj.out,insample,30,0.008720367279491865,,,,
in100.byol.s0.ext,in100.pairs100.v1@audit_v1.o8,sigma_c,student.h.cls~teacher.z.proj.out,insample,31,0.007960800834773069,,,,
in100.byol.s0.ext,in100.pairs100.v1@audit_v1.o8,sigma_c,student.h.cls~teacher.z.proj.out,insample,32,0.007615898567154673,,,,
in100.byol.s0.ext,in100.pairs100.v1@audit_v1.o8,sigma_c,student.h.cls~teacher.z.proj.out,insample,33,0.007388615699649182,,,,
in100.byol.s0.ext,in100.pairs100.v1@audit_v1.o8,sigma_c,student.h.cls~teacher.z.proj.out,insample,34,0.006682673823132959,,,,
in100.byol.s0.ext,in100.pairs100.v1@audit_v1.o8,sigma_c,student.h.cls~teacher.z.proj.out,insample,35,0.005507811964018337,,,,
in100.byol.s0.ext,in100.pairs100.v1@audit_v1.o8,sigma_c,student.h.cls~teacher.z.proj.out,insample,36,0.005133715151740331,,,,
in100.byol.s0.ext,in100.pairs100.v1@audit_v1.o8,sigma_c,student.h.cls~teacher.z.proj.out,insample,37,0.004279235418281694,,,,
in100.byol.s0.ext,in100.pairs100.v1@audit_v1.o8,sigma_c,student.h.cls~teacher.z.proj.out,insample,38,0.0037430495652143528,,,,
in100.byol.s0.ext,in100.pairs100.v1@audit_v1.o8,sigma_c,student.h.cls~teacher.z.proj.out,insample,39,0.003117824774791814,,,,
in100.byol.s0.ext,in100.pairs100.v1@audit_v1.o8,sigma_c,student.h.cls~teacher.z.proj.out,insample,40,0.0025262644449850127,,,,
in100.byol.s0.ext,in100.pairs100.v1@audit_v1.o8,sigma_c,student.h.cls~teacher.z.proj.out,insample,41,0.0015392330498368452,,,,
in100.byol.s0.ext,in100.pairs100.v1@own_byol.o8,theta,student.h.cls,,0,12.699692637664741,,,,
in100.byol.s0.ext,in100.pairs100.v1@own_byol.o8,theta,student.h.cls,,1,7.064849246635684,,,,
in100.byol.s0.ext,in100.pairs100.v1@own_byol.o8,theta,student.h.cls,,2,5.657014365789456,,,,
in100.byol.s0.ext,in100.pairs100.v1@own_byol.o8,theta,student.h.cls,,3,4.665992902377607,,,,
in100.byol.s0.ext,in100.pairs100.v1@own_byol.o8,theta,student.h.cls,,4,4.538658093206427,,,,
in100.byol.s0.ext,in100.pairs100.v1@own_byol.o8,theta,student.h.cls,,5,4.080538783316809,,,,
in100.byol.s0.ext,in100.pairs100.v1@own_byol.o8,theta,student.h.cls,,6,3.506083812305308,,,,
in100.byol.s0.ext,in100.pairs100.v1@own_byol.o8,theta,student.h.cls,,7,2.8000589775671396,,,,
in100.byol.s0.ext,in100.pairs100.v1@own_byol.o8,theta,student.h.cls,,8,2.379538135050484,,,,
in100.byol.s0.ext,in100.pairs100.v1@own_byol.o8,theta,student.h.cls,,9,2.040572605144701,,,,
in100.byol.s0.ext,in100.pairs100.v1@own_byol.o8,theta,student.h.cls,,10,2.0162951351612217,,,,
in100.byol.s0.ext,in100.pairs100.v1@own_byol.o8,theta,student.h.cls,,11,1.912900979909356,,,,
in100.byol.s0.ext,in100.pairs100.v1@own_byol.o8,theta,student.h.cls,,12,1.8337065993261807,,,,
in100.byol.s0.ext,in100.pairs100.v1@own_byol.o8,theta,student.h.cls,,13,1.7660677208456836,,,,
in100.byol.s0.ext,in100.pairs100.v1@own_byol.o8,theta,student.h.cls,,14,1.6837731678644723,,,,
in100.byol.s0.ext,in100.pairs100.v1@own_byol.o8,theta,student.h.cls,,15,1.6451688117122096,,,,
in100.byol.s0.ext,in100.pairs100.v1@own_byol.o8,theta,student.h.cls,,16,1.6093663103938347,,,,
in100.byol.s0.ext,in100.pairs100.v1@own_byol.o8,theta,student.h.cls,,17,1.5790387711256448,,,,
in100.byol.s0.ext,in100.pairs100.v1@own_byol.o8,theta,student.h.cls,,18,1.5439799886622394,,,,
in100.byol.s0.ext,in100.pairs100.v1@own_byol.o8,theta,student.h.cls,,19,1.483366843672342,,,,
in100.byol.s0.ext,in100.pairs100.v1@own_byol.o8,theta,student.h.cls,,20,1.465101340244764,,,,
in100.byol.s0.ext,in100.pairs100.v1@own_byol.o8,theta,student.h.cls,,21,1.442798109704479,,,,
in100.byol.s0.ext,in100.pairs100.v1@own_byol.o8,theta,student.h.cls,,22,1.3901280680098798,,,,
in100.byol.s0.ext,in100.pairs100.v1@own_byol.o8,theta,student.h.cls,,23,1.355049937864041,,,,
in100.byol.s0.ext,in100.pairs100.v1@own_byol.o8,theta,student.h.cls,,24,1.3321414891226975,,,,
in100.byol.s0.ext,in100.pairs100.v1@own_byol.o8,theta,student.h.cls,,25,1.312858702510133,,,,
in100.byol.s0.ext,in100.pairs100.v1@own_byol.o8,theta,student.h.cls,,26,1.293471371524144,,,,
in100.byol.s0.ext,in100.pairs100.v1@own_byol.o8,theta,student.h.cls,,27,1.2320976829470915,,,,
in100.byol.s0.ext,in100.pairs100.v1@own_byol.o8,theta,student.h.cls,,28,1.2032432101309487,,,,
in100.byol.s0.ext,in100.pairs100.v1@own_byol.o8,theta,student.h.cls,,29,1.177740905136685,,,,
in100.byol.s0.ext,in100.pairs100.v1@own_byol.o8,theta,student.h.cls,,30,1.161885665935516,,,,
in100.byol.s0.ext,in100.pairs100.v1@own_byol.o8,theta,student.h.cls,,31,1.1259539377093126,,,,
in100.byol.s0.ext,in100.pairs100.v1@own_byol.o8,theta,student.h.cls,,32,1.1091194290000006,,,,
in100.byol.s0.ext,in100.pairs100.v1@own_byol.o8,theta,student.h.cls,,33,1.0869388955519657,,,,
in100.byol.s0.ext,in100.pairs100.v1@own_byol.o8,theta,student.h.cls,,34,1.0659503016019611,,,,
in100.byol.s0.ext,in100.pairs100.v1@own_byol.o8,theta,student.h.cls,,35,1.0492708488533722,,,,
in100.byol.s0.ext,in100.pairs100.v1@own_byol.o8,theta,student.h.cls,,36,1.0386333600703601,,,,
in100.byol.s0.ext,in100.pairs100.v1@own_byol.o8,theta,student.h.cls,,37,1.014781728309053,,,,
in100.byol.s0.ext,in100.pairs100.v1@own_byol.o8,theta,student.h.cls,,38,0.9862917295784922,,,,
in100.byol.s0.ext,in100.pairs100.v1@own_byol.o8,theta,student.h.cls,,39,0.9571324624470917,,,,
in100.byol.s0.ext,in100.pairs100.v1@own_byol.o8,theta,student.h.cls,,40,0.9287709134422113,,,,
in100.byol.s0.ext,in100.pairs100.v1@own_byol.o8,theta,student.h.cls,,41,0.9181560976619707,,,,
in100.byol.s0.ext,in100.pairs100.v1@own_byol.o8,theta,student.h.cls,,42,0.8875028486317471,,,,
in100.byol.s0.ext,in100.pairs100.v1@own_byol.o8,theta,student.h.cls,,43,0.8611527207635732,,,,
in100.byol.s0.ext,in100.pairs100.v1@own_byol.o8,theta,student.h.cls,,44,0.8451162749892756,,,,
in100.byol.s0.ext,in100.pairs100.v1@own_byol.o8,theta,student.h.cls,,45,0.8313583213410931,,,,
in100.byol.s0.ext,in100.pairs100.v1@own_byol.o8,theta,student.h.cls,,46,0.8153558424839482,,,,
in100.byol.s0.ext,in100.pairs100.v1@own_byol.o8,theta,student.h.cls,,47,0.7970742377121778,,,,
in100.byol.s0.ext,in100.pairs100.v1@own_byol.o8,theta,student.h.cls,,48,0.7943998133116927,,,,
in100.byol.s0.ext,in100.pairs100.v1@own_byol.o8,theta,student.h.cls,,49,0.7728870809014801,,,,
in100.byol.s0.ext,in100.pairs100.v1@own_byol.o8,theta,student.h.cls,,50,0.7647680039977997,,,,
in100.byol.s0.ext,in100.pairs100.v1@own_byol.o8,theta,student.h.cls,,51,0.7538960256309438,,,,
in100.byol.s0.ext,in100.pairs100.v1@own_byol.o8,theta,student.h.cls,,52,0.7404854848353112,,,,
in100.byol.s0.ext,in100.pairs100.v1@own_byol.o8,theta,student.h.cls,,53,0.7194718192162253,,,,
in100.byol.s0.ext,in100.pairs100.v1@own_byol.o8,theta,student.h.cls,,54,0.7017356439625606,,,,
in100.byol.s0.ext,in100.pairs100.v1@own_byol.o8,theta,student.h.cls,,55,0.6788888959360575,,,,
in100.byol.s0.ext,in100.pairs100.v1@own_byol.o8,theta,student.h.cls,,56,0.6591286904143312,,,,
in100.byol.s0.ext,in100.pairs100.v1@own_byol.o8,theta,student.h.cls,,57,0.6493055782089622,,,,
in100.byol.s0.ext,in100.pairs100.v1@own_byol.o8,theta,student.h.cls,,58,0.6327792058503275,,,,
in100.byol.s0.ext,in100.pairs100.v1@own_byol.o8,theta,student.h.cls,,59,0.6269628811577752,,,,
in100.byol.s0.ext,in100.pairs100.v1@own_byol.o8,theta,student.h.cls,,60,0.6094179756543834,,,,
in100.byol.s0.ext,in100.pairs100.v1@own_byol.o8,theta,student.h.cls,,61,0.6028334376604985,,,,
in100.byol.s0.ext,in100.pairs100.v1@own_byol.o8,theta,student.h.cls,,62,0.5872913641313958,,,,
in100.byol.s0.ext,in100.pairs100.v1@own_byol.o8,theta,student.h.cls,,63,0.5756881028638117,,,,
in100.byol.s0.ext,in100.pairs100.v1@own_byol.o8,theta,student.h.cls,,64,0.5710572554706025,,,,
in100.byol.s0.ext,in100.pairs100.v1@own_byol.o8,theta,student.h.cls,,65,0.5509268535519017,,,,
in100.byol.s0.ext,in100.pairs100.v1@own_byol.o8,theta,student.h.cls,,66,0.5346551098722457,,,,
in100.byol.s0.ext,in100.pairs100.v1@own_byol.o8,theta,student.h.cls,,67,0.5186557074305909,,,,
in100.byol.s0.ext,in100.pairs100.v1@own_byol.o8,theta,student.h.cls,,68,0.49510295993750186,,,,
in100.byol.s0.ext,in100.pairs100.v1@own_byol.o8,theta,student.h.cls,,69,0.47847251805552865,,,,
in100.byol.s0.ext,in100.pairs100.v1@own_byol.o8,theta,student.h.cls,,70,0.4671875535478674,,,,
in100.byol.s0.ext,in100.pairs100.v1@own_byol.o8,theta,student.h.cls,,71,0.46444570179644,,,,
in100.byol.s0.ext,in100.pairs100.v1@own_byol.o8,theta,student.h.cls,,72,0.45038649640692024,,,,
in100.byol.s0.ext,in100.pairs100.v1@own_byol.o8,theta,student.h.cls,,73,0.43160325974890096,,,,
in100.byol.s0.ext,in100.pairs100.v1@own_byol.o8,theta,student.h.cls,,74,0.4252558365519682,,,,
in100.byol.s0.ext,in100.pairs100.v1@own_byol.o8,theta,student.h.cls,,75,0.4194412060818671,,,,
in100.byol.s0.ext,in100.pairs100.v1@own_byol.o8,theta,student.h.cls,,76,0.39746053620768335,,,,
in100.byol.s0.ext,in100.pairs100.v1@own_byol.o8,theta,student.h.cls,,77,0.3907484142314575,,,,
in100.byol.s0.ext,in100.pairs100.v1@own_byol.o8,theta,student.h.cls,,78,0.3892516007172678,,,,
in100.byol.s0.ext,in100.pairs100.v1@own_byol.o8,theta,student.h.cls,,79,0.36211370984619434,,,,
in100.byol.s0.ext,in100.pairs100.v1@own_byol.o8,theta,student.h.cls,,80,0.35701752338759013,,,,
in100.byol.s0.ext,in100.pairs100.v1@own_byol.o8,theta,student.h.cls,,81,0.35118618892838277,,,,
in100.byol.s0.ext,in100.pairs100.v1@own_byol.o8,theta,student.h.cls,,82,0.3405360163892414,,,,
in100.byol.s0.ext,in100.pairs100.v1@own_byol.o8,theta,student.h.cls,,83,0.32619011396766634,,,,
in100.byol.s0.ext,in100.pairs100.v1@own_byol.o8,theta,student.h.cls,,84,0.3116781396667063,,,,
in100.byol.s0.ext,in100.pairs100.v1@own_byol.o8,theta,student.h.cls,,85,0.29712428712484823,,,,
in100.byol.s0.ext,in100.pairs100.v1@own_byol.o8,theta,student.h.cls,,86,0.29429950199435634,,,,
in100.byol.s0.ext,in100.pairs100.v1@own_byol.o8,theta,student.h.cls,,87,0.2869437718010463,,,,
in100.byol.s0.ext,in100.pairs100.v1@own_byol.o8,theta,student.h.cls,,88,0.2745959688633579,,,,
in100.byol.s0.ext,in100.pairs100.v1@own_byol.o8,theta,student.h.cls,,89,0.26698991969247554,,,,
in100.byol.s0.ext,in100.pairs100.v1@own_byol.o8,theta,student.h.cls,,90,0.2505314872114344,,,,
in100.byol.s0.ext,in100.pairs100.v1@own_byol.o8,theta,student.h.cls,,91,0.24669593031928141,,,,
in100.byol.s0.ext,in100.pairs100.v1@own_byol.o8,theta,student.h.cls,,92,0.24241568698130483,,,,
in100.byol.s0.ext,in100.pairs100.v1@own_byol.o8,theta,student.h.cls,,93,0.2281094302062641,,,,
in100.byol.s0.ext,in100.pairs100.v1@own_byol.o8,theta,student.h.cls,,94,0.2230672271908524,,,,
in100.byol.s0.ext,in100.pairs100.v1@own_byol.o8,theta,student.h.cls,,95,0.22017053998567376,,,,
in100.byol.s0.ext,in100.pairs100.v1@own_byol.o8,theta,student.h.cls,,96,0.2115213347043904,,,,
in100.byol.s0.ext,in100.pairs100.v1@own_byol.o8,theta,student.h.cls,,97,0.2001014173320671,,,,
in100.byol.s0.ext,in100.pairs100.v1@own_byol.o8,theta,student.h.cls,,98,0.18906423422749097,,,,
in100.byol.s0.ext,in100.pairs100.v1@own_byol.o8,theta,student.h.cls,,99,0.17804841667741436,,,,
in100.byol.s0.ext,in100.pairs100.v1@own_byol.o8,theta,student.h.cls,,100,0.17214672042447285,,,,
in100.byol.s0.ext,in100.pairs100.v1@own_byol.o8,theta,student.h.cls,,101,0.16553387315771087,,,,
in100.byol.s0.ext,in100.pairs100.v1@own_byol.o8,theta,student.h.cls,,102,0.15889401240463005,,,,
in100.byol.s0.ext,in100.pairs100.v1@own_byol.o8,theta,student.h.cls,,103,0.15559138552588422,,,,
in100.byol.s0.ext,in100.pairs100.v1@own_byol.o8,theta,student.h.cls,,104,0.15129921503818958,,,,
in100.byol.s0.ext,in100.pairs100.v1@own_byol.o8,theta,student.h.cls,,105,0.1364704768589933,,,,
in100.byol.s0.ext,in100.pairs100.v1@own_byol.o8,theta,student.h.cls,,106,0.12642946444085776,,,,
in100.byol.s0.ext,in100.pairs100.v1@own_byol.o8,theta,student.h.cls,,107,0.12032996129445303,,,,
in100.byol.s0.ext,in100.pairs100.v1@own_byol.o8,theta,student.h.cls,,108,0.11571059851713408,,,,
in100.byol.s0.ext,in100.pairs100.v1@own_byol.o8,theta,student.h.cls,,109,0.10729453970391176,,,,
in100.byol.s0.ext,in100.pairs100.v1@own_byol.o8,theta,student.h.cls,,110,0.10092100270325302,,,,
in100.byol.s0.ext,in100.pairs100.v1@own_byol.o8,theta,student.h.cls,,111,0.08617318621247338,,,,
in100.byol.s0.ext,in100.pairs100.v1@own_byol.o8,theta,student.h.cls,,112,0.0843732662128459,,,,
in100.byol.s0.ext,in100.pairs100.v1@own_byol.o8,theta,student.h.cls,,113,0.07690385082114902,,,,
in100.byol.s0.ext,in100.pairs100.v1@own_byol.o8,theta,student.h.cls,,114,0.06681650578851887,,,,
in100.byol.s0.ext,in100.pairs100.v1@own_byol.o8,theta,student.h.cls,,115,0.04288356911805191,,,,
in100.byol.s0.ext,in100.pairs100.v1@own_byol.o8,fidelity,student.h.cls,,0,,13.467111984788305,4.297655699981255,4.609964624271398,0.9308777037841784
in100.byol.s0.ext,in100.pairs100.v1@own_byol.o8,fidelity,student.h.cls,,1,,7.689823179005907,2.807378654584121,3.270099412767021,0.8849228598326443
in100.byol.s0.ext,in100.pairs100.v1@own_byol.o8,fidelity,student.h.cls,,2,,5.772671256415721,2.2955155861809073,2.6849925669517076,0.8523477720769771
in100.byol.s0.ext,in100.pairs100.v1@own_byol.o8,fidelity,student.h.cls,,3,,4.961720275014666,2.072693248864454,2.297851112676053,0.8322631801107877
in100.byol.s0.ext,in100.pairs100.v1@own_byol.o8,fidelity,student.h.cls,,4,,4.506704744674786,1.9450793789371046,2.004357538292982,0.818403192768408
in100.byol.s0.ext,in100.pairs100.v1@own_byol.o8,fidelity,student.h.cls,,5,,4.101099418561117,1.8292386832295928,1.7509081957774915,0.8039638285893136
in100.byol.s0.ext,in100.pairs100.v1@own_byol.o8,fidelity,student.h.cls,,6,,3.5016210494040187,1.6532630631242633,1.693302733195385,0.7778578007732586
in100.byol.s0.ext,in100.pairs100.v1@own_byol.o8,fidelity,student.h.cls,,7,,2.840811074634239,1.449841094895361,1.642871586204913,0.7396383262368014
in100.byol.s0.ext,in100.pairs100.v1@own_byol.o8,fidelity,student.h.cls,,8,,2.36099457733273,1.2927176674181302,1.3805276841407863,0.7024690230849479
in100.byol.s0.ext,in100.pairs100.v1@own_byol.o8,fidelity,student.h.cls,,9,,2.327181061099627,1.2812405369219202,1.3496879479581603,0.6994452716470134
in100.byol.s0.ext,in100.pairs100.v1@own_byol.o8,fidelity,student.h.cls,,10,,2.092804448826982,1.1998699684031748,1.2389462005762988,0.6766688561964294
in100.byol.s0.ext,in100.pairs100.v1@own_byol.o8,fidelity,student.h.cls,,11,,1.9468746273212985,1.1473760900550976,1.1810715586554679,0.660657433224773
in100.byol.s0.ext,in100.pairs100.v1@own_byol.o8,fidelity,student.h.cls,,12,,1.836269983335675,1.1064917516785893,1.139026385756141,0.6474242558446704
in100.byol.s0.ext,in100.pairs100.v1@own_byol.o8,fidelity,student.h.cls,,13,,1.7467459949295319,1.0726193436892917,1.068055363344095,0.6359328449569087
in100.byol.s0.ext,in100.pairs100.v1@own_byol.o8,fidelity,student.h.cls,,14,,1.7399962152600508,1.0700350460435308,1.107701590828544,0.6350359922285181
in100.byol.s0.ext,in100.pairs100.v1@own_byol.o8,fidelity,student.h.cls,,15,,1.6629766498586451,1.040224534812995,1.0493998501929365,0.6244803723483338
in100.byol.s0.ext,in100.pairs100.v1@own_byol.o8,fidelity,student.h.cls,,16,,1.6354842106349154,1.02943413705714,1.062930276564034,0.6205630843984112
in100.byol.s0.ext,in100.pairs100.v1@own_byol.o8,fidelity,student.h.cls,,17,,1.5874524979060365,1.0103825994004831,0.996116368927117,0.6135194749239741
in100.byol.s0.ext,in100.pairs100.v1@own_byol.o8,fidelity,student.h.cls,,18,,1.5222658749339408,0.9840975595919418,1.0075731732853543,0.6035310908584566
in100.byol.s0.ext,in100.pairs100.v1@own_byol.o8,fidelity,student.h.cls,,19,,1.5014100814194746,0.9755780062006241,0.9734360436636758,0.6002254858457554
in100.byol.s0.ext,in100.pairs100.v1@own_byol.o8,fidelity,student.h.cls,,20,,1.4544669501623213,0.9561962994964393,0.949846849460761,0.5925795619558589
in100.byol.s0.ext,in100.pairs100.v1@own_byol.o8,fidelity,student.h.cls,,21,,1.4229084742158964,0.9430000136543056,0.9416283066535714,0.5872728951003315
in100.byol.s0.ext,in100.pairs100.v1@own_byol.o8,fidelity,student.h.cls,,22,,1.3929764049491367,0.9303544814600866,0.9364689909853683,0.5821103802228025
in100.byol.s0.ext,in100.pairs100.v1@own_byol.o8,fidelity,student.h.cls,,23,,1.3532582022343276,0.9133718056228419,0.9284635014901846,0.57505725506426
in100.byol.s0.ext,in100.pairs100.v1@own_byol.o8,fidelity,student.h.cls,,24,,1.3037016271664021,0.8918414142261138,0.8990604646066043,0.5659160074345133
in100.byol.s0.ext,in100.pairs100.v1@own_byol.o8,fidelity,student.h.cls,,25,,1.2719081760993427,0.8778184097454749,0.8657160933868837,0.5598413657206393
in100.byol.s0.ext,in100.pairs100.v1@own_byol.o8,fidelity,student.h.cls,,26,,1.2627749371248214,0.8737584876098581,0.8612283940630323,0.5580647533286528
in100.byol.s0.ext,in100.pairs100.v1@own_byol.o8,fidelity,student.h.cls,,27,,1.2336218001285322,0.860702083265899,0.8287707340356034,0.552296633233766
in100.byol.s0.ext,in100.pairs100.v1@own_byol.o8,fidelity,student.h.cls,,28,,1.2150320726629744,0.8522972865846556,0.8559319882481505,0.5485392684189121
in100.byol.s0.ext,in100.pairs100.v1@own_byol.o8,fidelity,student.h.cls,,29,,1.1774396075711797,0.8351049142812451,0.8348195672864327,0.5407450123884502
in100.byol.s0.ext,in100.pairs100.v1@own_byol.o8,fidelity,student.h.cls,,30,,1.1569207161003854,0.8256062764238201,0.8364690194465216,0.5363760973987237
in100.byol.s0.ext,in100.pairs100.v1@own_byol.o8,fidelity,student.h.cls,,31,,1.1342835527427424,0.8150295836739623,0.851391948511725,0.5314586954882767
in100.byol.s0.ext,in100.pairs100.v1@own_byol.o8,fidelity,student.h.cls,,32,,1.0922884258480652,0.7951265289565292,0.765198595264317,0.522054422494513
in100.byol.s0.ext,in100.pairs100.v1@own_byol.o8,fidelity,student.h.cls,,33,,1.0666338362303043,0.7827798045669117,0.764938486561264,0.5161213455093355
in100.byol.s0.ext,in100.pairs100.v1@own_byol.o8,fidelity,student.h.cls,,34,,1.0518578831342378,0.7756012824166888,0.7981878381736003,0.5126368116331294
in100.byol.s0.ext,in100.pairs100.v1@own_byol.o8,fidelity,student.h.cls,,35,,1.04648411115965,0.7729780940153886,0.744597854878266,0.5113570662254762
in100.byol.s0.ext,in100.pairs100.v1@own_byol.o8,fidelity,student.h.cls,,36,,1.0281138157409984,0.7639594790884721,0.7714568436410304,0.5069310251532225
in100.byol.s0.ext,in100.pairs100.v1@own_byol.o8,fidelity,student.h.cls,,37,,1.0092319966087084,0.754605393535775,0.7519469002120376,0.502297394383598
in100.byol.s0.ext,in100.pairs100.v1@own_byol.o8,fidelity,student.h.cls,,38,,0.9588548956681628,0.7292113879801558,0.7198143187107932,0.4894976640631151
in100.byol.s0.ext,in100.pairs100.v1@own_byol.o8,fidelity,student.h.cls,,39,,0.9535653885353121,0.726506766321434,0.7307900765387632,0.4881154191876059
in100.byol.s0.ext,in100.pairs100.v1@own_byol.o8,fidelity,student.h.cls,,40,,0.9517155645911238,0.7255591492947996,0.6946849342065812,0.4876302581470186
in100.byol.s0.ext,in100.pairs100.v1@own_byol.o8,fidelity,student.h.cls,,41,,0.9096148417764465,0.7037379019663477,0.6954826631553596,0.4763341915222361
in100.byol.s0.ext,in100.pairs100.v1@own_byol.o8,fidelity,student.h.cls,,42,,0.876188637138968,0.6860517129820094,0.6891969334107589,0.46700455369726734
in100.byol.s0.ext,in100.pairs100.v1@own_byol.o8,fidelity,student.h.cls,,43,,0.8729309055045223,0.6843102004244196,0.6754660415654198,0.466077474048289
in100.byol.s0.ext,in100.pairs100.v1@own_byol.o8,fidelity,student.h.cls,,44,,0.8415656831360042,0.6673752204076457,0.6546966670091722,0.4569837996236447
in100.byol.s0.ext,in100.pairs100.v1@own_byol.o8,fidelity,student.h.cls,,45,,0.8299460076901547,0.6610222916138161,0.6482434719455389,0.4535357896912774
in100.byol.s0.ext,in100.pairs100.v1@own_byol.o8,fidelity,student.h.cls,,46,,0.8019725602277743,0.6455457329368278,0.6471681433462477,0.44505259287988425
in100.byol.s0.ext,in100.pairs100.v1@own_byol.o8,fidelity,student.h.cls,,47,,0.8007013722064615,0.6448361760832104,0.6400911708395666,0.4446608330315951
in100.byol.s0.ext,in100.pairs100.v1@own_byol.o8,fidelity,student.h.cls,,48,,0.7780778494076185,0.6321143908680219,0.6070297693744875,0.4375949285161173
in100.byol.s0.ext,in100.pairs100.v1@own_byol.o8,fidelity,student.h.cls,,49,,0.774062497984514,0.6298376249126386,0.6214228931788592,0.4363220004165101
in100.byol.s0.ext,in100.pairs100.v1@own_byol.o8,fidelity,student.h.cls,,50,,0.7568990919255276,0.6200401199777656,0.6271440502243659,0.4308153469963837
in100.byol.s0.ext,in100.pairs100.v1@own_byol.o8,fidelity,student.h.cls,,51,,0.7212774217905711,0.5993554809783298,0.5875194595357356,0.41903612553068703
in100.byol.s0.ext,in100.pairs100.v1@own_byol.o8,fidelity,student.h.cls,,52,,0.7128894164810126,0.5944135043613377,0.5926077975519859,0.4161911502410845
in100.byol.s0.ext,in100.pairs100.v1@own_byol.o8,fidelity,student.h.cls,,53,,0.7013442845370254,0.5875655598458119,0.5722869492001847,0.4122294887115556
in100.byol.s0.ext,in100.pairs100.v1@own_byol.o8,fidelity,student.h.cls,,54,,0.6833153133072458,0.5767630629324014,0.5788033132825707,0.40593423460559
in100.byol.s0.ext,in100.pairs100.v1@own_byol.o8,fidelity,student.h.cls,,55,,0.6752991606649599,0.5719164746370422,0.5562982737866868,0.4030916844708023
in100.byol.s0.ext,in100.pairs100.v1@own_byol.o8,fidelity,student.h.cls,,56,,0.6587137034097084,0.5618016316568006,0.5557514790926127,0.3971232058043736
in100.byol.s0.ext,in100.pairs100.v1@own_byol.o8,fidelity,student.h.cls,,57,,0.6498315313761889,0.5563353903457611,0.5395581463190555,0.39387750750171385
in100.byol.s0.ext,in100.pairs100.v1@own_byol.o8,fidelity,student.h.cls,,58,,0.6201729668949083,0.5378251912852492,0.5366488323352553,0.38278194956152206
in100.byol.s0.ext,in100.pairs100.v1@own_byol.o8,fidelity,student.h.cls,,59,,0.6122166870544369,0.5327901538870625,0.522759076019645,0.37973598212345333
in100.byol.s0.ext,in100.pairs100.v1@own_byol.o8,fidelity,student.h.cls,,60,,0.6037572364588355,0.5274035411901052,0.5229223271174455,0.3764642320753964
in100.byol.s0.ext,in100.pairs100.v1@own_byol.o8,fidelity,student.h.cls,,61,,0.5938762451866754,0.5210677790328255,0.523359677801135,0.3725987177361567
in100.byol.s0.ext,in100.pairs100.v1@own_byol.o8,fidelity,student.h.cls,,62,,0.5785460924728643,0.5111421926273942,0.5052860371279783,0.36650566950917823
in100.byol.s0.ext,in100.pairs100.v1@own_byol.o8,fidelity,student.h.cls,,63,,0.5738680689104743,0.5080897452989366,0.5047261233941377,0.364622728071318
in100.byol.s0.ext,in100.pairs100.v1@own_byol.o8,fidelity,student.h.cls,,64,,0.5487183646521903,0.49148440033693563,0.4814156399732259,0.35430480917388807
in100.byol.s0.ext,in100.pairs100.v1@own_byol.o8,fidelity,student.h.cls,,65,,0.5416313983728915,0.4867443616443877,0.47755894434866764,0.35133651205116484
in100.byol.s0.ext,in100.pairs100.v1@own_byol.o8,fidelity,student.h.cls,,66,,0.5170815809539475,0.47011006229766006,0.45245462324858565,0.3408396670591732
in100.byol.s0.ext,in100.pairs100.v1@own_byol.o8,fidelity,student.h.cls,,67,,0.5032256092793506,0.4605702635612636,0.4633210500958846,0.334763861241426
in100.byol.s0.ext,in100.pairs100.v1@own_byol.o8,fidelity,student.h.cls,,68,,0.48051606857950185,0.4446888640640234,0.4452296975177882,0.32455984691914797
in100.byol.s0.ext,in100.pairs100.v1@own_byol.o8,fidelity,student.h.cls,,69,,0.47557866412919275,0.441194436075296,0.442533065527661,0.3222997700429978
in100.byol.s0.ext,in100.pairs100.v1@own_byol.o8,fidelity,student.h.cls,,70,,0.4638208741532859,0.4328115240760961,0.44141194494725616,0.3168563055377746
in100.byol.s0.ext,in100.pairs100.v1@own_byol.o8,fidelity,student.h.cls,,71,,0.45065028158709103,0.423316549034584,0.4420774427952434,0.31065397863781125
in100.byol.s0.ext,in100.pairs100.v1@own_byol.o8,fidelity,student.h.cls,,72,,0.44610730530234083,0.4200152100483078,0.42047693606408526,0.3084883837227226
in100.byol.s0.ext,in100.pairs100.v1@own_byol.o8,fidelity,student.h.cls,,73,,0.42661851453918836,0.405696390809733,0.4128656775747554,0.29904176217493594
in100.byol.s0.ext,in100.pairs100.v1@own_byol.o8,fidelity,student.h.cls,,74,,0.4168752411506608,0.3984403684342467,0.3870271550890415,0.29422155814658146
in100.byol.s0.ext,in100.pairs100.v1@own_byol.o8,fidelity,student.h.cls,,75,,0.3986797035941868,0.38470995512732553,0.3822769416463789,0.28504002922877886
in100.byol.s0.ext,in100.pairs100.v1@own_byol.o8,fidelity,student.h.cls,,76,,0.3957667530779224,0.38248960356778094,0.36965933424855657,0.28354791529830037
in100.byol.s0.ext,in100.pairs100.v1@own_byol.o8,fidelity,student.h.cls,,77,,0.38798810849606297,0.37652975951641543,0.3601275478627753,0.2795327323923997
in100.byol.s0.ext,in100.pairs100.v1@own_byol.o8,fidelity,student.h.cls,,78,,0.3674196342767249,0.3605505050537715,0.36983111793787266,0.2686955964845903
in100.byol.s0.ext,in100.pairs100.v1@own_byol.o8,fidelity,student.h.cls,,79,,0.3525396256606337,0.3487850337550058,0.3455688356042747,0.2606501273398474
in100.byol.s0.ext,in100.pairs100.v1@own_byol.o8,fidelity,student.h.cls,,80,,0.35051614795875896,0.34717139676713293,0.34618905450057214,0.2595423597774432
in100.byol.s0.ext,in100.pairs100.v1@own_byol.o8,fidelity,student.h.cls,,81,,0.3432932328880469,0.3413842121878383,0.3385900624773925,0.2555609039658266
in100.byol.s0.ext,in100.pairs100.v1@own_byol.o8,fidelity,student.h.cls,,82,,0.32839531842989417,0.3293108709883806,0.32932746870526125,0.24721204138090702
in100.byol.s0.ext,in100.pairs100.v1@own_byol.o8,fidelity,student.h.cls,,83,,0.31806818343009724,0.32083095315658916,0.3188369447362337,0.24131390729906482
in100.byol.s0.ext,in100.pairs100.v1@own_byol.o8,fidelity,student.h.cls,,84,,0.3038436062394859,0.3089977510604218,0.3079926665400522,0.23303684950055037
in100.byol.s0.ext,in100.pairs100.v1@own_byol.o8,fidelity,student.h.cls,,85,,0.2957253502124172,0.3021628452286598,0.29283247241316446,0.22823150767555553
in100.byol.s0.ext,in100.pairs100.v1@own_byol.o8,fidelity,student.h.cls,,86,,0.2912744207904392,0.2983898827670507,0.29708723312075663,0.2255712775694409
in100.byol.s0.ext,in100.pairs100.v1@own_byol.o8,fidelity,student.h.cls,,87,,0.2688947208612057,0.2791362340627202,0.2796585958239447,0.21191255384741878
in100.byol.s0.ext,in100.pairs100.v1@own_byol.o8,fidelity,student.h.cls,,88,,0.26324898729602036,0.2742026670368119,0.264162350487031,0.20839042021280682
in100.byol.s0.ext,in100.pairs100.v1@own_byol.o8,fidelity,student.h.cls,,89,,0.2569393493655133,0.2686515019125153,0.26671605534685,0.204416664571137
in100.byol.s0.ext,in100.pairs100.v1@own_byol.o8,fidelity,student.h.cls,,90,,0.24983770265599384,0.2623555418757842,0.25681016514874844,0.1998961162117857
in100.byol.s0.ext,in100.pairs100.v1@own_byol.o8,fidelity,student.h.cls,,91,,0.24337922269669304,0.256584945330715,0.2572684170215676,0.19574013965654175
in100.byol.s0.ext,in100.pairs100.v1@own_byol.o8,fidelity,student.h.cls,,92,,0.2331215872875261,0.2473303572562935,0.24871424805334236,0.18904996043441197
in100.byol.s0.ext,in100.pairs100.v1@own_byol.o8,fidelity,student.h.cls,,93,,0.22215200780394462,0.23730917802844007,0.2419133042855167,0.1817711760774539
in100.byol.s0.ext,in100.pairs100.v1@own_byol.o8,fidelity,student.h.cls,,94,,0.21461940339885419,0.23035168509942783,0.22732081753565733,0.17669683424971427
in100.byol.s0.ext,in100.pairs100.v1@own_byol.o8,fidelity,student.h.cls,,95,,0.21180257584658135,0.227733715122072,0.22716986189235078,0.17478307116042666
in100.byol.s0.ext,in100.pairs100.v1@own_byol.o8,fidelity,student.h.cls,,96,,0.2060367325558577,0.22234704155080603,0.22602300187686752,0.1708378584118416
in100.byol.s0.ext,in100.pairs100.v1@own_byol.o8,fidelity,student.h.cls,,97,,0.19679041620061777,0.21362941561609017,0.2137237119331473,0.16443181156593573
in100.byol.s0.ext,in100.pairs100.v1@own_byol.o8,fidelity,student.h.cls,,98,,0.1811195783002079,0.1986255689909004,0.20199675280205012,0.15334567441584843
in100.byol.s0.ext,in100.pairs100.v1@own_byol.o8,fidelity,student.h.cls,,99,,0.17412157777384019,0.19182983895582342,0.1937806910671851,0.14829944451236338
in100.byol.s0.ext,in100.pairs100.v1@own_byol.o8,fidelity,student.h.cls,,100,,0.16899618301710512,0.18681425945834218,0.18395059424732063,0.1445652137040659
in100.byol.s0.ext,in100.pairs100.v1@own_byol.o8,fidelity,student.h.cls,,101,,0.15942573234723978,0.17736048177174363,0.17537299235166773,0.13750404868493368
in100.byol.s0.ext,in100.pairs100.v1@own_byol.o8,fidelity,student.h.cls,,102,,0.1538601417414808,0.171808875104938,0.17651689047954655,0.1333438396695678
in100.byol.s0.ext,in100.pairs100.v1@own_byol.o8,fidelity,student.h.cls,,103,,0.15158473733722172,0.16952760703597047,0.16903892190503417,0.13163142270166503
in100.byol.s0.ext,in100.pairs100.v1@own_byol.o8,fidelity,student.h.cls,,104,,0.13621987471292987,0.1539436255698806,0.16029817612032626,0.11988865689164811
in100.byol.s0.ext,in100.pairs100.v1@own_byol.o8,fidelity,student.h.cls,,105,,0.1294074241929068,0.14693178656832528,0.14136024915139692,0.1145799305200986
in100.byol.s0.ext,in100.pairs100.v1@own_byol.o8,fidelity,student.h.cls,,106,,0.12060901426644538,0.1377803492993558,0.14013899024386875,0.10762809573274446
in100.byol.s0.ext,in100.pairs100.v1@own_byol.o8,fidelity,student.h.cls,,107,,0.11858993824319743,0.13566483210591404,0.1340299153882464,0.10601734754511467
in100.byol.s0.ext,in100.pairs100.v1@own_byol.o8,fidelity,student.h.cls,,108,,0.10614159236585688,0.12249200355536083,0.12395537414232043,0.09595660546389662
in100.byol.s0.ext,in100.pairs100.v1@own_byol.o8,fidelity,student.h.cls,,109,,0.10178191361109078,0.11782484346014645,0.11819843999680453,0.09237936505737375
in100.byol.s0.ext,in100.pairs100.v1@own_byol.o8,fidelity,student.h.cls,,110,,0.08527115029841868,0.09988907390703095,0.09927774639445901,0.07857128633242627
in100.byol.s0.ext,in100.pairs100.v1@own_byol.o8,fidelity,student.h.cls,,111,,0.07896375217165753,0.09292574338296886,0.08741154858799564,0.07318480534005448
in100.byol.s0.ext,in100.pairs100.v1@own_byol.o8,fidelity,student.h.cls,,112,,0.07299445885917333,0.08627735266073047,0.08596844175186183,0.06802873794593714
in100.byol.s0.ext,in100.pairs100.v1@own_byol.o8,fidelity,student.h.cls,,113,,0.06457499487507469,0.07680175326137247,0.07859445669559355,0.0606580045426038
in100.byol.s0.ext,in100.pairs100.v1@own_byol.o8,fidelity,student.h.cls,,114,,0.04228190338777469,0.05113714331986435,0.05194515927824016,0.04056666747292068
in100.byol.s0.ext,in100.pairs100.v1@own_byol.o8,theta,student.z.pred.out,,0,0.922173127756466,,,,
in100.byol.s0.ext,in100.pairs100.v1@own_byol.o8,theta,student.z.pred.out,,1,0.3492095220740176,,,,
in100.byol.s0.ext,in100.pairs100.v1@own_byol.o8,theta,student.z.pred.out,,2,0.3450833743369454,,,,
in100.byol.s0.ext,in100.pairs100.v1@own_byol.o8,theta,student.z.pred.out,,3,0.316014853188728,,,,
in100.byol.s0.ext,in100.pairs100.v1@own_byol.o8,theta,student.z.pred.out,,4,0.3031666665712836,,,,
in100.byol.s0.ext,in100.pairs100.v1@own_byol.o8,theta,student.z.pred.out,,5,0.2814663823184192,,,,
in100.byol.s0.ext,in100.pairs100.v1@own_byol.o8,theta,student.z.pred.out,,6,0.26802490876364266,,,,
in100.byol.s0.ext,in100.pairs100.v1@own_byol.o8,theta,student.z.pred.out,,7,0.2632294777351779,,,,
in100.byol.s0.ext,in100.pairs100.v1@own_byol.o8,theta,student.z.pred.out,,8,0.2550953175160899,,,,
in100.byol.s0.ext,in100.pairs100.v1@own_byol.o8,theta,student.z.pred.out,,9,0.2423624702864591,,,,
in100.byol.s0.ext,in100.pairs100.v1@own_byol.o8,theta,student.z.pred.out,,10,0.2332575228229067,,,,
in100.byol.s0.ext,in100.pairs100.v1@own_byol.o8,theta,student.z.pred.out,,11,0.22914434399517197,,,,
in100.byol.s0.ext,in100.pairs100.v1@own_byol.o8,theta,student.z.pred.out,,12,0.22277703815209052,,,,
in100.byol.s0.ext,in100.pairs100.v1@own_byol.o8,theta,student.z.pred.out,,13,0.2176179877833211,,,,
in100.byol.s0.ext,in100.pairs100.v1@own_byol.o8,theta,student.z.pred.out,,14,0.2152188042292305,,,,
in100.byol.s0.ext,in100.pairs100.v1@own_byol.o8,theta,student.z.pred.out,,15,0.19718756217647063,,,,
in100.byol.s0.ext,in100.pairs100.v1@own_byol.o8,theta,student.z.pred.out,,16,0.19494387343268585,,,,
in100.byol.s0.ext,in100.pairs100.v1@own_byol.o8,theta,student.z.pred.out,,17,0.18790545388840685,,,,
in100.byol.s0.ext,in100.pairs100.v1@own_byol.o8,theta,student.z.pred.out,,18,0.18146797645015852,,,,
in100.byol.s0.ext,in100.pairs100.v1@own_byol.o8,theta,student.z.pred.out,,19,0.17422933603810964,,,,
in100.byol.s0.ext,in100.pairs100.v1@own_byol.o8,theta,student.z.pred.out,,20,0.17079120498302094,,,,
in100.byol.s0.ext,in100.pairs100.v1@own_byol.o8,theta,student.z.pred.out,,21,0.16390931175789886,,,,
in100.byol.s0.ext,in100.pairs100.v1@own_byol.o8,theta,student.z.pred.out,,22,0.1546689210034637,,,,
in100.byol.s0.ext,in100.pairs100.v1@own_byol.o8,theta,student.z.pred.out,,23,0.14852102856743196,,,,
in100.byol.s0.ext,in100.pairs100.v1@own_byol.o8,theta,student.z.pred.out,,24,0.14595207626519385,,,,
in100.byol.s0.ext,in100.pairs100.v1@own_byol.o8,theta,student.z.pred.out,,25,0.13981693393492103,,,,
in100.byol.s0.ext,in100.pairs100.v1@own_byol.o8,theta,student.z.pred.out,,26,0.1383735201197779,,,,
in100.byol.s0.ext,in100.pairs100.v1@own_byol.o8,theta,student.z.pred.out,,27,0.13433113021872334,,,,
in100.byol.s0.ext,in100.pairs100.v1@own_byol.o8,theta,student.z.pred.out,,28,0.11887237509126551,,,,
in100.byol.s0.ext,in100.pairs100.v1@own_byol.o8,theta,student.z.pred.out,,29,0.11019974776234365,,,,
in100.byol.s0.ext,in100.pairs100.v1@own_byol.o8,theta,student.z.pred.out,,30,0.10712719699459126,,,,
in100.byol.s0.ext,in100.pairs100.v1@own_byol.o8,theta,student.z.pred.out,,31,0.10336598582292614,,,,
in100.byol.s0.ext,in100.pairs100.v1@own_byol.o8,theta,student.z.pred.out,,32,0.09489842330553289,,,,
in100.byol.s0.ext,in100.pairs100.v1@own_byol.o8,theta,student.z.pred.out,,33,0.09028461652141834,,,,
in100.byol.s0.ext,in100.pairs100.v1@own_byol.o8,theta,student.z.pred.out,,34,0.0861472446724922,,,,
in100.byol.s0.ext,in100.pairs100.v1@own_byol.o8,theta,student.z.pred.out,,35,0.08014010388201138,,,,
in100.byol.s0.ext,in100.pairs100.v1@own_byol.o8,theta,student.z.pred.out,,36,0.07384843916558473,,,,
in100.byol.s0.ext,in100.pairs100.v1@own_byol.o8,theta,student.z.pred.out,,37,0.06456625761870695,,,,
in100.byol.s0.ext,in100.pairs100.v1@own_byol.o8,theta,student.z.pred.out,,38,0.044101711116159306,,,,
in100.byol.s0.ext,in100.pairs100.v1@own_byol.o8,fidelity,student.z.pred.out,,0,,0.9167590788127075,0.707475793724815,0.7053438488252823,0.4782860240216381
in100.byol.s0.ext,in100.pairs100.v1@own_byol.o8,fidelity,student.z.pred.out,,1,,0.3619295796324212,0.35623004078132614,0.35764157917443773,0.26574764587322086
in100.byol.s0.ext,in100.pairs100.v1@own_byol.o8,fidelity,student.z.pred.out,,2,,0.34306496406821907,0.3412006192835059,0.34190027859345884,0.25543437826645116
in100.byol.s0.ext,in100.pairs100.v1@own_byol.o8,fidelity,student.z.pred.out,,3,,0.3196157973340859,0.3221076255700292,0.332845352733789,0.2422036762365077
in100.byol.s0.ext,in100.pairs100.v1@own_byol.o8,fidelity,student.z.pred.out,,4,,0.30612193051032816,0.31090517871029777,0.2952598663227369,0.23437469608271574
in100.byol.s0.ext,in100.pairs100.v1@own_byol.o8,fidelity,student.z.pred.out,,5,,0.2871929825781501,0.2949139605880142,0.2854070760056792,0.2231157149434767
in100.byol.s0.ext,in100.pairs100.v1@own_byol.o8,fidelity,student.z.pred.out,,6,,0.2770781170425503,0.2862320731684497,0.2832555553233821,0.2169625439078121
in100.byol.s0.ext,in100.pairs100.v1@own_byol.o8,fidelity,student.z.pred.out,,7,,0.27251537805212084,0.2822837244872657,0.2836092236668852,0.2141548799742355
in100.byol.s0.ext,in100.pairs100.v1@own_byol.o8,fidelity,student.z.pred.out,,8,,0.261961288374611,0.2730729878915978,0.2671412992854674,0.20758266579794504
in100.byol.s0.ext,in100.pairs100.v1@own_byol.o8,fidelity,student.z.pred.out,,9,,0.24743454216475666,0.2602133658305773,0.26912272661221365,0.19835473028938813
in100.byol.s0.ext,in100.pairs100.v1@own_byol.o8,fidelity,student.z.pred.out,,10,,0.2347426203156093,0.24880027204709879,0.2480204250151144,0.19011461696819645
in100.byol.s0.ext,in100.pairs100.v1@own_byol.o8,fidelity,student.z.pred.out,,11,,0.2283436771174106,0.24298151297286297,0.24605688916195634,0.18589559369351033
in100.byol.s0.ext,in100.pairs100.v1@own_byol.o8,fidelity,student.z.pred.out,,12,,0.22378075912428722,0.23880536098070743,0.23764687614412183,0.18286017119963563
in100.byol.s0.ext,in100.pairs100.v1@own_byol.o8,fidelity,student.z.pred.out,,13,,0.2197917043822372,0.235135825056186,0.2296626247123521,0.1801878989606267
in100.byol.s0.ext,in100.pairs100.v1@own_byol.o8,fidelity,student.z.pred.out,,14,,0.21446951306961545,0.23021260010013314,0.2302347264493263,0.17659522183272927
in100.byol.s0.ext,in100.pairs100.v1@own_byol.o8,fidelity,student.z.pred.out,,15,,0.20391651653474163,0.22035675103198685,0.2241130395917543,0.16937762189830144
in100.byol.s0.ext,in100.pairs100.v1@own_byol.o8,fidelity,student.z.pred.out,,16,,0.1948628385430902,0.21179956516908938,0.20875153939343774,0.16308385553331683
in100.byol.s0.ext,in100.pairs100.v1@own_byol.o8,fidelity,student.z.pred.out,,17,,0.19068566893380973,0.2078191992291472,0.21181630945914526,0.16014778199569477
in100.byol.s0.ext,in100.pairs100.v1@own_byol.o8,fidelity,student.z.pred.out,,18,,0.18772004882757143,0.20498076584439745,0.1972159181769512,0.1580507536375046
in100.byol.s0.ext,in100.pairs100.v1@own_byol.o8,fidelity,student.z.pred.out,,19,,0.18279715639678792,0.2002457854347578,0.19565424063402612,0.1545464963355608
in100.byol.s0.ext,in100.pairs100.v1@own_byol.o8,fidelity,student.z.pred.out,,20,,0.17242607925083478,0.19017428152695923,0.19112581763108644,0.14706776171425054
in100.byol.s0.ext,in100.pairs100.v1@own_byol.o8,fidelity,student.z.pred.out,,21,,0.16825197919620444,0.1860832765468015,0.1939614695806054,0.14402028174775042
in100.byol.s0.ext,in100.pairs100.v1@own_byol.o8,fidelity,student.z.pred.out,,22,,0.1569712464866456,0.17491709649547954,0.18039925285864244,0.13567428487381814
in100.byol.s0.ext,in100.pairs100.v1@own_byol.o8,fidelity,student.z.pred.out,,23,,0.14956597539098074,0.16749796758894267,0.16164329111909942,0.1301064737411975
in100.byol.s0.ext,in100.pairs100.v1@own_byol.o8,fidelity,student.z.pred.out,,24,,0.1460173248405209,0.16391717364760436,0.16101271054992158,0.12741284243747414
in100.byol.s0.ext,in100.pairs100.v1@own_byol.o8,fidelity,student.z.pred.out,,25,,0.1419002634718016,0.15974184118190995,0.16538001698662255,0.12426677531395956
in100.byol.s0.ext,in100.pairs100.v1@own_byol.o8,fidelity,student.z.pred.out,,26,,0.1399655931070728,0.15777194003468625,0.1535417353004367,0.12278054175791805
in100.byol.s0.ext,in100.pairs100.v1@own_byol.o8,fidelity,student.z.pred.out,,27,,0.1329024249204429,0.15053705512190374,0.15712349045023993,0.11731144889179301
in100.byol.s0.ext,in100.pairs100.v1@own_byol.o8,fidelity,student.z.pred.out,,28,,0.11826615639579857,0.13532504365476444,0.14092617064808774,0.10575850455581481
in100.byol.s0.ext,in100.pairs100.v1@own_byol.o8,fidelity,student.z.pred.out,,29,,0.11095518184832143,0.1276124750318743,0.12175790469330353,0.09987367956979396
in100.byol.s0.ext,in100.pairs100.v1@own_byol.o8,fidelity,student.z.pred.out,,30,,0.10597298312955838,0.12231202684310585,0.1268565727552983,0.09581878106071626
in100.byol.s0.ext,in100.pairs100.v1@own_byol.o8,fidelity,student.z.pred.out,,31,,0.10062189394590185,0.11657823592595101,0.11665176307071594,0.09142276243947556
in100.byol.s0.ext,in100.pairs100.v1@own_byol.o8,fidelity,student.z.pred.out,,32,,0.09431022498711762,0.10975990457330431,0.10890644791168651,0.08618234832652491
in100.byol.s0.ext,in100.pairs100.v1@own_byol.o8,fidelity,student.z.pred.out,,33,,0.09070200560065496,0.10583479251259267,0.10935144811080101,0.08315929111242894
in100.byol.s0.ext,in100.pairs100.v1@own_byol.o8,fidelity,student.z.pred.out,,34,,0.08328316469379392,0.09770111887367185,0.09728651292637279,0.07688032770022336
in100.byol.s0.ext,in100.pairs100.v1@own_byol.o8,fidelity,student.z.pred.out,,35,,0.07476312772014586,0.08825320530674649,0.08578359598727692,0.06956242337671002
in100.byol.s0.ext,in100.pairs100.v1@own_byol.o8,fidelity,student.z.pred.out,,36,,0.07023781102123855,0.08318768070421426,0.08280084602935077,0.06562822794890462
in100.byol.s0.ext,in100.pairs100.v1@own_byol.o8,fidelity,student.z.pred.out,,37,,0.06601890459525322,0.07843505806944592,0.08016452380231587,0.06193033192063261
in100.byol.s0.ext,in100.pairs100.v1@own_byol.o8,fidelity,student.z.pred.out,,38,,0.04362520472037402,0.052707902485863836,0.05352399404044077,0.04180160130577033
in100.byol.s0.ext,in100.pairs100.v1@own_byol.o8,theta,student.z.proj.out,,0,5.950169861559374,,,,
in100.byol.s0.ext,in100.pairs100.v1@own_byol.o8,theta,student.z.proj.out,,1,1.192121557852319,,,,
in100.byol.s0.ext,in100.pairs100.v1@own_byol.o8,theta,student.z.proj.out,,2,0.7334436909615599,,,,
in100.byol.s0.ext,in100.pairs100.v1@own_byol.o8,theta,student.z.proj.out,,3,0.3994623820584466,,,,
in100.byol.s0.ext,in100.pairs100.v1@own_byol.o8,theta,student.z.proj.out,,4,0.3883398977369506,,,,
in100.byol.s0.ext,in100.pairs100.v1@own_byol.o8,theta,student.z.proj.out,,5,0.3742841877082658,,,,
in100.byol.s0.ext,in100.pairs100.v1@own_byol.o8,theta,student.z.proj.out,,6,0.34813928784347453,,,,
in100.byol.s0.ext,in100.pairs100.v1@own_byol.o8,theta,student.z.proj.out,,7,0.3344718836769052,,,,
in100.byol.s0.ext,in100.pairs100.v1@own_byol.o8,theta,student.z.proj.out,,8,0.3219661181411539,,,,
in100.byol.s0.ext,in100.pairs100.v1@own_byol.o8,theta,student.z.proj.out,,9,0.3104059939172151,,,,
in100.byol.s0.ext,in100.pairs100.v1@own_byol.o8,theta,student.z.proj.out,,10,0.2933147074618599,,,,
in100.byol.s0.ext,in100.pairs100.v1@own_byol.o8,theta,student.z.proj.out,,11,0.28353329629661955,,,,
in100.byol.s0.ext,in100.pairs100.v1@own_byol.o8,theta,student.z.proj.out,,12,0.2818145606759078,,,,
in100.byol.s0.ext,in100.pairs100.v1@own_byol.o8,theta,student.z.proj.out,,13,0.2743895006977017,,,,
in100.byol.s0.ext,in100.pairs100.v1@own_byol.o8,theta,student.z.proj.out,,14,0.2586343600559208,,,,
in100.byol.s0.ext,in100.pairs100.v1@own_byol.o8,theta,student.z.proj.out,,15,0.2549307276188281,,,,
in100.byol.s0.ext,in100.pairs100.v1@own_byol.o8,theta,student.z.proj.out,,16,0.24549388233990344,,,,
in100.byol.s0.ext,in100.pairs100.v1@own_byol.o8,theta,student.z.proj.out,,17,0.23088440533598506,,,,
in100.byol.s0.ext,in100.pairs100.v1@own_byol.o8,theta,student.z.proj.out,,18,0.2199972016403036,,,,
in100.byol.s0.ext,in100.pairs100.v1@own_byol.o8,theta,student.z.proj.out,,19,0.2170862860969611,,,,
in100.byol.s0.ext,in100.pairs100.v1@own_byol.o8,theta,student.z.proj.out,,20,0.20434228895492182,,,,
in100.byol.s0.ext,in100.pairs100.v1@own_byol.o8,theta,student.z.proj.out,,21,0.1980889674786906,,,,
in100.byol.s0.ext,in100.pairs100.v1@own_byol.o8,theta,student.z.proj.out,,22,0.19702404917913208,,,,
in100.byol.s0.ext,in100.pairs100.v1@own_byol.o8,theta,student.z.proj.out,,23,0.19207158583168005,,,,
in100.byol.s0.ext,in100.pairs100.v1@own_byol.o8,theta,student.z.proj.out,,24,0.177631527392451,,,,
in100.byol.s0.ext,in100.pairs100.v1@own_byol.o8,theta,student.z.proj.out,,25,0.1688735412623704,,,,
in100.byol.s0.ext,in100.pairs100.v1@own_byol.o8,theta,student.z.proj.out,,26,0.16215047604321992,,,,
in100.byol.s0.ext,in100.pairs100.v1@own_byol.o8,theta,student.z.proj.out,,27,0.15932645545674098,,,,
in100.byol.s0.ext,in100.pairs100.v1@own_byol.o8,theta,student.z.proj.out,,28,0.1509977469354138,,,,
in100.byol.s0.ext,in100.pairs100.v1@own_byol.o8,theta,student.z.proj.out,,29,0.14727236961408927,,,,
in100.byol.s0.ext,in100.pairs100.v1@own_byol.o8,theta,student.z.proj.out,,30,0.14364643574333094,,,,
in100.byol.s0.ext,in100.pairs100.v1@own_byol.o8,theta,student.z.proj.out,,31,0.1348081128994401,,,,
in100.byol.s0.ext,in100.pairs100.v1@own_byol.o8,theta,student.z.proj.out,,32,0.11854416510947079,,,,
in100.byol.s0.ext,in100.pairs100.v1@own_byol.o8,theta,student.z.proj.out,,33,0.11439049873483835,,,,
in100.byol.s0.ext,in100.pairs100.v1@own_byol.o8,theta,student.z.proj.out,,34,0.11111381311344268,,,,
in100.byol.s0.ext,in100.pairs100.v1@own_byol.o8,theta,student.z.proj.out,,35,0.09899837042877009,,,,
in100.byol.s0.ext,in100.pairs100.v1@own_byol.o8,theta,student.z.proj.out,,36,0.0983533612223364,,,,
in100.byol.s0.ext,in100.pairs100.v1@own_byol.o8,theta,student.z.proj.out,,37,0.09401330187523686,,,,
in100.byol.s0.ext,in100.pairs100.v1@own_byol.o8,theta,student.z.proj.out,,38,0.08280297592265352,,,,
in100.byol.s0.ext,in100.pairs100.v1@own_byol.o8,theta,student.z.proj.out,,39,0.07515062695158423,,,,
in100.byol.s0.ext,in100.pairs100.v1@own_byol.o8,theta,student.z.proj.out,,40,0.0646618474281701,,,,
in100.byol.s0.ext,in100.pairs100.v1@own_byol.o8,theta,student.z.proj.out,,41,0.041503352596477826,,,,
in100.byol.s0.ext,in100.pairs100.v1@own_byol.o8,fidelity,student.z.proj.out,,0,,6.162869531895107,2.401108529909071,2.5458717422796626,0.8603911469352945
in100.byol.s0.ext,in100.pairs100.v1@own_byol.o8,fidelity,student.z.proj.out,,1,,1.2211156329241935,0.8550547122564078,0.8797359310707428,0.5497758040253594
in100.byol.s0.ext,in100.pairs100.v1@own_byol.o8,fidelity,student.z.proj.out,,2,,0.7328923139313257,0.6061531751999493,0.5696400391694985,0.42293009671711784
in100.byol.s0.ext,in100.pairs100.v1@own_byol.o8,fidelity,student.z.proj.out,,3,,0.41250238064926625,0.39516218660484337,0.39198118693012396,0.2920365914425268
in100.byol.s0.ext,in100.pairs100.v1@own_byol.o8,fidelity,student.z.proj.out,,4,,0.38754398610959995,0.37618812315489303,0.3789072940360491,0.27930212662749304
in100.byol.s0.ext,in100.pairs100.v1@own_byol.o8,fidelity,student.z.proj.out,,5,,0.37234058506022555,0.36440306042838727,0.35496264636160096,0.2713179141633309
in100.byol.s0.ext,in100.pairs100.v1@own_byol.o8,fidelity,student.z.proj.out,,6,,0.3490579198288953,0.3460064618234785,0.33371562484031864,0.2587419818662547
in100.byol.s0.ext,in100.pairs100.v1@own_byol.o8,fidelity,student.z.proj.out,,7,,0.3447611429739615,0.34256380216702154,0.347338674207178,0.2563735164235312
in100.byol.s0.ext,in100.pairs100.v1@own_byol.o8,fidelity,student.z.proj.out,,8,,0.32928478683757745,0.3300369534066175,0.32277790077069607,0.24771575669722312
in100.byol.s0.ext,in100.pairs100.v1@own_byol.o8,fidelity,student.z.proj.out,,9,,0.31657347372370365,0.3195959371951511,0.31986220347874145,0.2404525687642252
in100.byol.s0.ext,in100.pairs100.v1@own_byol.o8,fidelity,student.z.proj.out,,10,,0.3048711514922157,0.30985859688593864,0.293358621178766,0.2336408090128847
in100.byol.s0.ext,in100.pairs100.v1@own_byol.o8,fidelity,student.z.proj.out,,11,,0.29203539913640586,0.29903624758728997,0.3078057078313271,0.2260273978031885
in100.byol.s0.ext,in100.pairs100.v1@own_byol.o8,fidelity,student.z.proj.out,,12,,0.28911204690569337,0.2965502521415684,0.29064682736752656,0.224272240415145
in100.byol.s0.ext,in100.pairs100.v1@own_byol.o8,fidelity,student.z.proj.out,,13,,0.2793673957762835,0.2882055470487669,0.2829662565752714,0.21836369810469602
in100.byol.s0.ext,in100.pairs100.v1@own_byol.o8,fidelity,student.z.proj.out,,14,,0.26518134952008043,0.2758948146570692,0.2734264421797756,0.20959947727704908
in100.byol.s0.ext,in100.pairs100.v1@own_byol.o8,fidelity,student.z.proj.out,,15,,0.2546912514604854,0.2666639879163698,0.26823237682560075,0.20299117505124847
in100.byol.s0.ext,in100.pairs100.v1@own_byol.o8,fidelity,student.z.proj.out,,16,,0.24025243453818743,0.2537756367035978,0.2445880649879117,0.19371252806905098
in100.byol.s0.ext,in100.pairs100.v1@own_byol.o8,fidelity,student.z.proj.out,,17,,0.22908385604554396,0.24365682769248473,0.2440779873942507,0.18638586368109875
in100.byol.s0.ext,in100.pairs100.v1@own_byol.o8,fidelity,student.z.proj.out,,18,,0.2237979146911491,0.23882110478405513,0.23666771186937702,0.18287162611126787
in100.byol.s0.ext,in100.pairs100.v1@own_byol.o8,fidelity,student.z.proj.out,,19,,0.219087713661807,0.2344864076990853,0.23114509280511028,0.17971447928363354
in100.byol.s0.ext,in100.pairs100.v1@own_byol.o8,fidelity,student.z.proj.out,,20,,0.20848922452951524,0.22464285517631716,0.22044597546617678,0.17252054904393835
in100.byol.s0.ext,in100.pairs100.v1@own_byol.o8,fidelity,student.z.proj.out,,21,,0.20141014659155745,0.21799732237153677,0.2160515866809295,0.1676447857236474
in100.byol.s0.ext,in100.pairs100.v1@own_byol.o8,fidelity,student.z.proj.out,,22,,0.19791279360806516,0.21469289071026001,0.21351465029804628,0.16521469230824373
in100.byol.s0.ext,in100.pairs100.v1@own_byol.o8,fidelity,student.z.proj.out,,23,,0.19074438795468907,0.20787529450597134,0.20827063487093833,0.16018919751729907
in100.byol.s0.ext,in100.pairs100.v1@own_byol.o8,fidelity,student.z.proj.out,,24,,0.18161991882259876,0.19910915812164173,0.20255811643241356,0.15370417841599204
in100.byol.s0.ext,in100.pairs100.v1@own_byol.o8,fidelity,student.z.proj.out,,25,,0.17205754442803314,0.1898139568669897,0.18591035791410393,0.14679957075998143
in100.byol.s0.ext,in100.pairs100.v1@own_byol.o8,fidelity,student.z.proj.out,,26,,0.16571412764156773,0.18358527833057542,0.18915700224363077,0.14215674642018347
in100.byol.s0.ext,in100.pairs100.v1@own_byol.o8,fidelity,student.z.proj.out,,27,,0.16140271417683943,0.1793228991242486,0.17430970283141706,0.13897222058003875
in100.byol.s0.ext,in100.pairs100.v1@own_byol.o8,fidelity,student.z.proj.out,,28,,0.14889333234580546,0.16682050991208033,0.16528043679858714,0.12959717682562896
in100.byol.s0.ext,in100.pairs100.v1@own_byol.o8,fidelity,student.z.proj.out,,29,,0.14763888797128055,0.1655554915974618,0.16409218545558757,0.12864576960464166
in100.byol.s0.ext,in100.pairs100.v1@own_byol.o8,fidelity,student.z.proj.out,,30,,0.1447273503812183,0.16261137588931063,0.16544839906524408,0.12642953829400605
in100.byol.s0.ext,in100.pairs100.v1@own_byol.o8,fidelity,student.z.proj.out,,31,,0.12996634298380144,0.14750947436784587,0.14995913899079308,0.1150178886218955
in100.byol.s0.ext,in100.pairs100.v1@own_byol.o8,fidelity,student.z.proj.out,,32,,0.1211595326692581,0.13835615664473955,0.1353986545336548,0.10806627347742503
in100.byol.s0.ext,in100.pairs100.v1@own_byol.o8,fidelity,student.z.proj.out,,33,,0.11485309335844664,0.13173410544983766,0.13325727937871826,0.103020832110226
in100.byol.s0.ext,in100.pairs100.v1@own_byol.o8,fidelity,student.z.proj.out,,34,,0.11052442810010038,0.12715564273396668,0.12621505181407042,0.0995245357089416
in100.byol.s0.ext,in100.pairs100.v1@own_byol.o8,fidelity,student.z.proj.out,,35,,0.10157210140215812,0.1175995193901671,0.11701156108405006,0.09220649403962758
in100.byol.s0.ext,in100.pairs100.v1@own_byol.o8,fidelity,student.z.proj.out,,36,,0.09816188202438733,0.1139279129507686,0.11307224381231339,0.08938744244467176
in100.byol.s0.ext,in100.pairs100.v1@own_byol.o8,fidelity,student.z.proj.out,,37,,0.08919930914059988,0.10419421373218135,0.10097714204050097,0.08189438644703138
in100.byol.s0.ext,in100.pairs100.v1@own_byol.o8,fidelity,student.z.proj.out,,38,,0.08030772200618955,0.09441475144857697,0.09613732598171004,0.07433782094702959
in100.byol.s0.ext,in100.pairs100.v1@own_byol.o8,fidelity,student.z.proj.out,,39,,0.07328993740347979,0.08660779556955515,0.08334700177772902,0.06828531121868521
in100.byol.s0.ext,in100.pairs100.v1@own_byol.o8,fidelity,student.z.proj.out,,40,,0.06688173861669462,0.07940942462921309,0.07943779849602507,0.06268898997503944
in100.byol.s0.ext,in100.pairs100.v1@own_byol.o8,fidelity,student.z.proj.out,,41,,0.041177956472817356,0.049843882396098244,0.05048598560899085,0.039549393277893904
in100.byol.s0.ext,in100.pairs100.v1@own_byol.o8,theta,teacher.z.proj.out,,0,6.409998868760283,,,,
in100.byol.s0.ext,in100.pairs100.v1@own_byol.o8,theta,teacher.z.proj.out,,1,0.8930527770542918,,,,
in100.byol.s0.ext,in100.pairs100.v1@own_byol.o8,theta,teacher.z.proj.out,,2,0.6861933837278376,,,,
in100.byol.s0.ext,in100.pairs100.v1@own_byol.o8,theta,teacher.z.proj.out,,3,0.40973572933985425,,,,
in100.byol.s0.ext,in100.pairs100.v1@own_byol.o8,theta,teacher.z.proj.out,,4,0.3865648671864673,,,,
in100.byol.s0.ext,in100.pairs100.v1@own_byol.o8,theta,teacher.z.proj.out,,5,0.3704376978935266,,,,
in100.byol.s0.ext,in100.pairs100.v1@own_byol.o8,theta,teacher.z.proj.out,,6,0.35975966646386887,,,,
in100.byol.s0.ext,in100.pairs100.v1@own_byol.o8,theta,teacher.z.proj.out,,7,0.3280409545505267,,,,
in100.byol.s0.ext,in100.pairs100.v1@own_byol.o8,theta,teacher.z.proj.out,,8,0.3171524880634617,,,,
in100.byol.s0.ext,in100.pairs100.v1@own_byol.o8,theta,teacher.z.proj.out,,9,0.3160651319272231,,,,
in100.byol.s0.ext,in100.pairs100.v1@own_byol.o8,theta,teacher.z.proj.out,,10,0.2956188833463531,,,,
in100.byol.s0.ext,in100.pairs100.v1@own_byol.o8,theta,teacher.z.proj.out,,11,0.28821108103246634,,,,
in100.byol.s0.ext,in100.pairs100.v1@own_byol.o8,theta,teacher.z.proj.out,,12,0.28296557747121276,,,,
in100.byol.s0.ext,in100.pairs100.v1@own_byol.o8,theta,teacher.z.proj.out,,13,0.2631520950062941,,,,
in100.byol.s0.ext,in100.pairs100.v1@own_byol.o8,theta,teacher.z.proj.out,,14,0.25993016865152585,,,,
in100.byol.s0.ext,in100.pairs100.v1@own_byol.o8,theta,teacher.z.proj.out,,15,0.25662496784428107,,,,
in100.byol.s0.ext,in100.pairs100.v1@own_byol.o8,theta,teacher.z.proj.out,,16,0.2366463549191771,,,,
in100.byol.s0.ext,in100.pairs100.v1@own_byol.o8,theta,teacher.z.proj.out,,17,0.2235533864759631,,,,
in100.byol.s0.ext,in100.pairs100.v1@own_byol.o8,theta,teacher.z.proj.out,,18,0.22225823777849246,,,,
in100.byol.s0.ext,in100.pairs100.v1@own_byol.o8,theta,teacher.z.proj.out,,19,0.21437219597632481,,,,
in100.byol.s0.ext,in100.pairs100.v1@own_byol.o8,theta,teacher.z.proj.out,,20,0.20804977881592077,,,,
in100.byol.s0.ext,in100.pairs100.v1@own_byol.o8,theta,teacher.z.proj.out,,21,0.20102565763459965,,,,
in100.byol.s0.ext,in100.pairs100.v1@own_byol.o8,theta,teacher.z.proj.out,,22,0.19745437260148793,,,,
in100.byol.s0.ext,in100.pairs100.v1@own_byol.o8,theta,teacher.z.proj.out,,23,0.18274741968280006,,,,
in100.byol.s0.ext,in100.pairs100.v1@own_byol.o8,theta,teacher.z.proj.out,,24,0.17307840202978397,,,,
in100.byol.s0.ext,in100.pairs100.v1@own_byol.o8,theta,teacher.z.proj.out,,25,0.16640085933737264,,,,
in100.byol.s0.ext,in100.pairs100.v1@own_byol.o8,theta,teacher.z.proj.out,,26,0.16327462475188478,,,,
in100.byol.s0.ext,in100.pairs100.v1@own_byol.o8,theta,teacher.z.proj.out,,27,0.15520268458852401,,,,
in100.byol.s0.ext,in100.pairs100.v1@own_byol.o8,theta,teacher.z.proj.out,,28,0.1522268729030872,,,,
in100.byol.s0.ext,in100.pairs100.v1@own_byol.o8,theta,teacher.z.proj.out,,29,0.14705358977029329,,,,
in100.byol.s0.ext,in100.pairs100.v1@own_byol.o8,theta,teacher.z.proj.out,,30,0.13905537605241478,,,,
in100.byol.s0.ext,in100.pairs100.v1@own_byol.o8,theta,teacher.z.proj.out,,31,0.12312709696744299,,,,
in100.byol.s0.ext,in100.pairs100.v1@own_byol.o8,theta,teacher.z.proj.out,,32,0.11680196436658442,,,,
in100.byol.s0.ext,in100.pairs100.v1@own_byol.o8,theta,teacher.z.proj.out,,33,0.1143217240737068,,,,
in100.byol.s0.ext,in100.pairs100.v1@own_byol.o8,theta,teacher.z.proj.out,,34,0.1030217709558722,,,,
in100.byol.s0.ext,in100.pairs100.v1@own_byol.o8,theta,teacher.z.proj.out,,35,0.10174149464229555,,,,
in100.byol.s0.ext,in100.pairs100.v1@own_byol.o8,theta,teacher.z.proj.out,,36,0.09732182304285684,,,,
in100.byol.s0.ext,in100.pairs100.v1@own_byol.o8,theta,teacher.z.proj.out,,37,0.08522200911812224,,,,
in100.byol.s0.ext,in100.pairs100.v1@own_byol.o8,theta,teacher.z.proj.out,,38,0.07755641586790696,,,,
in100.byol.s0.ext,in100.pairs100.v1@own_byol.o8,theta,teacher.z.proj.out,,39,0.06641597605001265,,,,
in100.byol.s0.ext,in100.pairs100.v1@own_byol.o8,theta,teacher.z.proj.out,,40,0.0420285420292907,,,,
in100.byol.s0.ext,in100.pairs100.v1@own_byol.o8,fidelity,teacher.z.proj.out,,0,,6.631728662838798,2.5269002535206164,2.7335426053454084,0.8689680878109172
in100.byol.s0.ext,in100.pairs100.v1@own_byol.o8,fidelity,teacher.z.proj.out,,1,,0.8927939222000529,0.6948789481005064,0.6342241472716663,0.47168046755049325
in100.byol.s0.ext,in100.pairs100.v1@own_byol.o8,fidelity,teacher.z.proj.out,,2,,0.6778171197939273,0.573441765710445,0.5718735101971087,0.4039874857619632
in100.byol.s0.ext,in100.pairs100.v1@own_byol.o8,fidelity,teacher.z.proj.out,,3,,0.41205411274056586,0.3948253709627786,0.3953322705578154,0.2918118427776371
in100.byol.s0.ext,in100.pairs100.v1@own_byol.o8,fidelity,teacher.z.proj.out,,4,,0.3927188461232033,0.3801597014019671,0.38329064252711836,0.2819799898711663
in100.byol.s0.ext,in100.pairs100.v1@own_byol.o8,fidelity,teacher.z.proj.out,,5,,0.3763001226988397,0.3674893220001647,0.3555877353576593,0.2734142913254548
in100.byol.s0.ext,in100.pairs100.v1@own_byol.o8,fidelity,teacher.z.proj.out,,6,,0.35814205803884747,0.3532355125467386,0.3507534358928323,0.2636999980370267
in100.byol.s0.ext,in100.pairs100.v1@own_byol.o8,fidelity,teacher.z.proj.out,,7,,0.3410842111710399,0.339605723449425,0.33001490690499563,0.25433467065666504
in100.byol.s0.ext,in100.pairs100.v1@own_byol.o8,fidelity,teacher.z.proj.out,,8,,0.32580391372714446,0.32719162707056826,0.31165700001048796,0.24574064863878214
in100.byol.s0.ext,in100.pairs100.v1@own_byol.o8,fidelity,teacher.z.proj.out,,9,,0.32166005985757345,0.323790803964355,0.32666767541746483,0.24337578899996165
in100.byol.s0.ext,in100.pairs100.v1@own_byol.o8,fidelity,teacher.z.proj.out,,10,,0.30296698521925947,0.30826259192568606,0.31428169577591597,0.23252084562087122
in100.byol.s0.ext,in100.pairs100.v1@own_byol.o8,fidelity,teacher.z.proj.out,,11,,0.29524498061998045,0.30175652580658185,0.29421525639880897,0.22794528065158673
in100.byol.s0.ext,in100.pairs100.v1@own_byol.o8,fidelity,teacher.z.proj.out,,12,,0.29416328956789406,0.3008408021851816,0.2959403483994919,0.22729997979320812
in100.byol.s0.ext,in100.pairs100.v1@own_byol.o8,fidelity,teacher.z.proj.out,,13,,0.27117669398754546,0.28112147509875346,0.2856861616199723,0.2133273016018671
in100.byol.s0.ext,in100.pairs100.v1@own_byol.o8,fidelity,teacher.z.proj.out,,14,,0.2607308931609693,0.2719920388827646,0.2653169976624293,0.20680931559252222
in100.byol.s0.ext,in100.pairs100.v1@own_byol.o8,fidelity,teacher.z.proj.out,,15,,0.2505885263571343,0.2630236112033089,0.2563850439708317,0.20037647961402533
in100.byol.s0.ext,in100.pairs100.v1@own_byol.o8,fidelity,teacher.z.proj.out,,16,,0.23634669764347888,0.2502520636127531,0.24992595823968153,0.19116538920188336
in100.byol.s0.ext,in100.pairs100.v1@own_byol.o8,fidelity,teacher.z.proj.out,,17,,0.22807901895367766,0.24273990420241792,0.2417902615149743,0.1857201494639985
in100.byol.s0.ext,in100.pairs100.v1@own_byol.o8,fidelity,teacher.z.proj.out,,18,,0.222714938154237,0.23782661807586095,0.23175935036901446,0.18214788353730169
in100.byol.s0.ext,in100.pairs100.v1@own_byol.o8,fidelity,teacher.z.proj.out,,19,,0.21451586259268612,0.2302556110464034,0.2284808885227442,0.1766266453982319
in100.byol.s0.ext,in100.pairs100.v1@own_byol.o8,fidelity,teacher.z.proj.out,,20,,0.2098501250932133,0.22591387102255148,0.21668989757959564,0.17345133974924815
in100.byol.s0.ext,in100.pairs100.v1@own_byol.o8,fidelity,teacher.z.proj.out,,21,,0.20470583481834367,0.22109830095183547,0.21775969045027144,0.16992184224724954
in100.byol.s0.ext,in100.pairs100.v1@own_byol.o8,fidelity,teacher.z.proj.out,,22,,0.19554627271512132,0.21244884692774912,0.2109975575549458,0.16356227874896878
in100.byol.s0.ext,in100.pairs100.v1@own_byol.o8,fidelity,teacher.z.proj.out,,23,,0.18765209603209454,0.2049156046114123,0.20788739343947366,0.15800258060338868
in100.byol.s0.ext,in100.pairs100.v1@own_byol.o8,fidelity,teacher.z.proj.out,,24,,0.17595998271372149,0.19362092300613146,0.18914525669618248,0.14963092732770109
in100.byol.s0.ext,in100.pairs100.v1@own_byol.o8,fidelity,teacher.z.proj.out,,25,,0.16969760872084969,0.18750258944471962,0.19476138605815008,0.1450781872645072
in100.byol.s0.ext,in100.pairs100.v1@own_byol.o8,fidelity,teacher.z.proj.out,,26,,0.16509196034679552,0.1829716421807834,0.17758986724646064,0.14169865209408453
in100.byol.s0.ext,in100.pairs100.v1@own_byol.o8,fidelity,teacher.z.proj.out,,27,,0.15537630056116847,0.17332519655995593,0.17191596418756985,0.1344811214196638
in100.byol.s0.ext,in100.pairs100.v1@own_byol.o8,fidelity,teacher.z.proj.out,,28,,0.151019549004093,0.16895991251298426,0.16574761277802996,0.131205025261961
in100.byol.s0.ext,in100.pairs100.v1@own_byol.o8,fidelity,teacher.z.proj.out,,29,,0.14901156298840312,0.16693963001789355,0.17021133662195476,0.12968673927079277
in100.byol.s0.ext,in100.pairs100.v1@own_byol.o8,fidelity,teacher.z.proj.out,,30,,0.13429464354679033,0.15196851032975645,0.15416748834150215,0.11839484944305885
in100.byol.s0.ext,in100.pairs100.v1@own_byol.o8,fidelity,teacher.z.proj.out,,31,,0.1245064153339266,0.14184755094070997,0.1387876962703572,0.11072094710722832
in100.byol.s0.ext,in100.pairs100.v1@own_byol.o8,fidelity,teacher.z.proj.out,,32,,0.11929544107310887,0.13640469379578274,0.1377483713555979,0.10658083352750551
in100.byol.s0.ext,in100.pairs100.v1@own_byol.o8,fidelity,teacher.z.proj.out,,33,,0.11299637962527018,0.1297735757526204,0.13010209756266986,0.10152448084630286
in100.byol.s0.ext,in100.pairs100.v1@own_byol.o8,fidelity,teacher.z.proj.out,,34,,0.10439514999446596,0.12062577812782116,0.11929581189108443,0.09452699062920467
in100.byol.s0.ext,in100.pairs100.v1@own_byol.o8,fidelity,teacher.z.proj.out,,35,,0.1019393749004473,0.11799390295503255,0.11839745190811053,0.09250905922992073
in100.byol.s0.ext,in100.pairs100.v1@own_byol.o8,fidelity,teacher.z.proj.out,,36,,0.09236163665217144,0.10764266141463043,0.10266940555673673,0.08455225225158756
in100.byol.s0.ext,in100.pairs100.v1@own_byol.o8,fidelity,teacher.z.proj.out,,37,,0.08275153954501559,0.09711496582098866,0.09928296941224715,0.07642708093473477
in100.byol.s0.ext,in100.pairs100.v1@own_byol.o8,fidelity,teacher.z.proj.out,,38,,0.07526346849944651,0.08881124100702126,0.08613603047188977,0.06999537388215962
in100.byol.s0.ext,in100.pairs100.v1@own_byol.o8,fidelity,teacher.z.proj.out,,39,,0.06894786192476152,0.08173764355973867,0.08106049112698041,0.06450067807854828
in100.byol.s0.ext,in100.pairs100.v1@own_byol.o8,fidelity,teacher.z.proj.out,,40,,0.04180996547977482,0.05058453739094762,0.051074021155781024,0.04013204602100392
in100.byol.s0.ext,in100.pairs100.v1@own_byol.o8,sigma_c,student.h.cls~student.z.pred.out,holdout,0,0.19347529472430142,,,,
in100.byol.s0.ext,in100.pairs100.v1@own_byol.o8,sigma_c,student.h.cls~student.z.pred.out,holdout,1,0.13346758773358613,,,,
in100.byol.s0.ext,in100.pairs100.v1@own_byol.o8,sigma_c,student.h.cls~student.z.pred.out,holdout,2,0.12644292110583072,,,,
in100.byol.s0.ext,in100.pairs100.v1@own_byol.o8,sigma_c,student.h.cls~student.z.pred.out,holdout,3,0.08565444069227268,,,,
in100.byol.s0.ext,in100.pairs100.v1@own_byol.o8,sigma_c,student.h.cls~student.z.pred.out,holdout,4,0.08196014794156091,,,,
in100.byol.s0.ext,in100.pairs100.v1@own_byol.o8,sigma_c,student.h.cls~student.z.pred.out,holdout,5,0.0727117940185629,,,,
in100.byol.s0.ext,in100.pairs100.v1@own_byol.o8,sigma_c,student.h.cls~student.z.pred.out,holdout,6,0.06647118752598334,,,,
in100.byol.s0.ext,in100.pairs100.v1@own_byol.o8,sigma_c,student.h.cls~student.z.pred.out,holdout,7,0.058975342164803386,,,,
in100.byol.s0.ext,in100.pairs100.v1@own_byol.o8,sigma_c,student.h.cls~student.z.pred.out,holdout,8,0.057812728358107315,,,,
in100.byol.s0.ext,in100.pairs100.v1@own_byol.o8,sigma_c,student.h.cls~student.z.pred.out,holdout,9,0.055102096823115544,,,,
in100.byol.s0.ext,in100.pairs100.v1@own_byol.o8,sigma_c,student.h.cls~student.z.pred.out,holdout,10,0.04881425429771146,,,,
in100.byol.s0.ext,in100.pairs100.v1@own_byol.o8,sigma_c,student.h.cls~student.z.pred.out,holdout,11,0.0468793816006703,,,,
in100.byol.s0.ext,in100.pairs100.v1@own_byol.o8,sigma_c,student.h.cls~student.z.pred.out,holdout,12,0.043890621823460416,,,,
in100.byol.s0.ext,in100.pairs100.v1@own_byol.o8,sigma_c,student.h.cls~student.z.pred.out,holdout,13,0.04227832935325476,,,,
in100.byol.s0.ext,in100.pairs100.v1@own_byol.o8,sigma_c,student.h.cls~student.z.pred.out,holdout,14,0.040671336336913944,,,,
in100.byol.s0.ext,in100.pairs100.v1@own_byol.o8,sigma_c,student.h.cls~student.z.pred.out,holdout,15,0.03948627043616832,,,,
in100.byol.s0.ext,in100.pairs100.v1@own_byol.o8,sigma_c,student.h.cls~student.z.pred.out,holdout,16,0.0369091635573534,,,,
in100.byol.s0.ext,in100.pairs100.v1@own_byol.o8,sigma_c,student.h.cls~student.z.pred.out,holdout,17,0.034610827273345954,,,,
in100.byol.s0.ext,in100.pairs100.v1@own_byol.o8,sigma_c,student.h.cls~student.z.pred.out,holdout,18,0.033273847355198165,,,,
in100.byol.s0.ext,in100.pairs100.v1@own_byol.o8,sigma_c,student.h.cls~student.z.pred.out,holdout,19,0.03078577566646781,,,,
in100.byol.s0.ext,in100.pairs100.v1@own_byol.o8,sigma_c,student.h.cls~student.z.pred.out,holdout,20,0.02902636998925775,,,,
in100.byol.s0.ext,in100.pairs100.v1@own_byol.o8,sigma_c,student.h.cls~student.z.pred.out,holdout,21,0.02842195102099512,,,,
in100.byol.s0.ext,in100.pairs100.v1@own_byol.o8,sigma_c,student.h.cls~student.z.pred.out,holdout,22,0.027347185658935524,,,,
in100.byol.s0.ext,in100.pairs100.v1@own_byol.o8,sigma_c,student.h.cls~student.z.pred.out,holdout,23,0.02637073268580145,,,,
in100.byol.s0.ext,in100.pairs100.v1@own_byol.o8,sigma_c,student.h.cls~student.z.pred.out,holdout,24,0.025293169202136666,,,,
in100.byol.s0.ext,in100.pairs100.v1@own_byol.o8,sigma_c,student.h.cls~student.z.pred.out,holdout,25,0.02100052475002086,,,,
in100.byol.s0.ext,in100.pairs100.v1@own_byol.o8,sigma_c,student.h.cls~student.z.pred.out,holdout,26,0.019965872903878426,,,,
in100.byol.s0.ext,in100.pairs100.v1@own_byol.o8,sigma_c,student.h.cls~student.z.pred.out,holdout,27,0.018810910636103642,,,,
in100.byol.s0.ext,in100.pairs100.v1@own_byol.o8,sigma_c,student.h.cls~student.z.pred.out,holdout,28,0.017731359608680462,,,,
in100.byol.s0.ext,in100.pairs100.v1@own_byol.o8,sigma_c,student.h.cls~student.z.pred.out,holdout,29,0.01620381828706625,,,,
in100.byol.s0.ext,in100.pairs100.v1@own_byol.o8,sigma_c,student.h.cls~student.z.pred.out,holdout,30,0.015373890385407115,,,,
in100.byol.s0.ext,in100.pairs100.v1@own_byol.o8,sigma_c,student.h.cls~student.z.pred.out,holdout,31,0.014700396549894214,,,,
in100.byol.s0.ext,in100.pairs100.v1@own_byol.o8,sigma_c,student.h.cls~student.z.pred.out,holdout,32,0.013935085459637684,,,,
in100.byol.s0.ext,in100.pairs100.v1@own_byol.o8,sigma_c,student.h.cls~student.z.pred.out,holdout,33,0.01178705617734018,,,,
in100.byol.s0.ext,in100.pairs100.v1@own_byol.o8,sigma_c,student.h.cls~student.z.pred.out,holdout,34,0.01068659741577369,,,,
in100.byol.s0.ext,in100.pairs100.v1@own_byol.o8,sigma_c,student.h.cls~student.z.pred.out,holdout,35,0.008435248282587954,,,,
in100.byol.s0.ext,in100.pairs100.v1@own_byol.o8,sigma_c,student.h.cls~student.z.pred.out,holdout,36,0.00806051618095751,,,,
in100.byol.s0.ext,in100.pairs100.v1@own_byol.o8,sigma_c,student.h.cls~student.z.pred.out,holdout,37,0.007250931466185254,,,,
in100.byol.s0.ext,in100.pairs100.v1@own_byol.o8,sigma_c,student.h.cls~student.z.pred.out,holdout,38,0.004177830330152179,,,,
in100.byol.s0.ext,in100.pairs100.v1@own_byol.o8,sigma_c,student.h.cls~student.z.pred.out,insample,0,0.16421618887178632,,,,
in100.byol.s0.ext,in100.pairs100.v1@own_byol.o8,sigma_c,student.h.cls~student.z.pred.out,insample,1,0.11384954239101845,,,,
in100.byol.s0.ext,in100.pairs100.v1@own_byol.o8,sigma_c,student.h.cls~student.z.pred.out,insample,2,0.10491252268831322,,,,
in100.byol.s0.ext,in100.pairs100.v1@own_byol.o8,sigma_c,student.h.cls~student.z.pred.out,insample,3,0.0694930187295628,,,,
in100.byol.s0.ext,in100.pairs100.v1@own_byol.o8,sigma_c,student.h.cls~student.z.pred.out,insample,4,0.0659973904406782,,,,
in100.byol.s0.ext,in100.pairs100.v1@own_byol.o8,sigma_c,student.h.cls~student.z.pred.out,insample,5,0.06052068268832063,,,,
in100.byol.s0.ext,in100.pairs100.v1@own_byol.o8,sigma_c,student.h.cls~student.z.pred.out,insample,6,0.05555990556485326,,,,
in100.byol.s0.ext,in100.pairs100.v1@own_byol.o8,sigma_c,student.h.cls~student.z.pred.out,insample,7,0.05146765789754281,,,,
in100.byol.s0.ext,in100.pairs100.v1@own_byol.o8,sigma_c,student.h.cls~student.z.pred.out,insample,8,0.047799243235266936,,,,
in100.byol.s0.ext,in100.pairs100.v1@own_byol.o8,sigma_c,student.h.cls~student.z.pred.out,insample,9,0.04583996474532811,,,,
in100.byol.s0.ext,in100.pairs100.v1@own_byol.o8,sigma_c,student.h.cls~student.z.pred.out,insample,10,0.04095181699449026,,,,
in100.byol.s0.ext,in100.pairs100.v1@own_byol.o8,sigma_c,student.h.cls~student.z.pred.out,insample,11,0.038015708600493144,,,,
in100.byol.s0.ext,in100.pairs100.v1@own_byol.o8,sigma_c,student.h.cls~student.z.pred.out,insample,12,0.03609679690668295,,,,
in100.byol.s0.ext,in100.pairs100.v1@own_byol.o8,sigma_c,student.h.cls~student.z.pred.out,insample,13,0.03506493364724182,,,,
in100.byol.s0.ext,in100.pairs100.v1@own_byol.o8,sigma_c,student.h.cls~student.z.pred.out,insample,14,0.033624025022123236,,,,
in100.byol.s0.ext,in100.pairs100.v1@own_byol.o8,sigma_c,student.h.cls~student.z.pred.out,insample,15,0.031949483634177475,,,,
in100.byol.s0.ext,in100.pairs100.v1@own_byol.o8,sigma_c,student.h.cls~student.z.pred.out,insample,16,0.03038646958378256,,,,
in100.byol.s0.ext,in100.pairs100.v1@own_byol.o8,sigma_c,student.h.cls~student.z.pred.out,insample,17,0.029254986943076263,,,,
in100.byol.s0.ext,in100.pairs100.v1@own_byol.o8,sigma_c,student.h.cls~student.z.pred.out,insample,18,0.028491402412907894,,,,
in100.byol.s0.ext,in100.pairs100.v1@own_byol.o8,sigma_c,student.h.cls~student.z.pred.out,insample,19,0.025163477434162917,,,,
in100.byol.s0.ext,in100.pairs100.v1@own_byol.o8,sigma_c,student.h.cls~student.z.pred.out,insample,20,0.024088168198079914,,,,
in100.byol.s0.ext,in100.pairs100.v1@own_byol.o8,sigma_c,student.h.cls~student.z.pred.out,insample,21,0.023736147134938268,,,,
in100.byol.s0.ext,in100.pairs100.v1@own_byol.o8,sigma_c,student.h.cls~student.z.pred.out,insample,22,0.022660457107841824,,,,
in100.byol.s0.ext,in100.pairs100.v1@own_byol.o8,sigma_c,student.h.cls~student.z.pred.out,insample,23,0.022220069877736656,,,,
in100.byol.s0.ext,in100.pairs100.v1@own_byol.o8,sigma_c,student.h.cls~student.z.pred.out,insample,24,0.021196671600154624,,,,
in100.byol.s0.ext,in100.pairs100.v1@own_byol.o8,sigma_c,student.h.cls~student.z.pred.out,insample,25,0.017710636490253957,,,,
in100.byol.s0.ext,in100.pairs100.v1@own_byol.o8,sigma_c,student.h.cls~student.z.pred.out,insample,26,0.01699165502792392,,,,
in100.byol.s0.ext,in100.pairs100.v1@own_byol.o8,sigma_c,student.h.cls~student.z.pred.out,insample,27,0.015315532813223308,,,,
in100.byol.s0.ext,in100.pairs100.v1@own_byol.o8,sigma_c,student.h.cls~student.z.pred.out,insample,28,0.014636088912471807,,,,
in100.byol.s0.ext,in100.pairs100.v1@own_byol.o8,sigma_c,student.h.cls~student.z.pred.out,insample,29,0.013554039473908874,,,,
in100.byol.s0.ext,in100.pairs100.v1@own_byol.o8,sigma_c,student.h.cls~student.z.pred.out,insample,30,0.013152284294005027,,,,
in100.byol.s0.ext,in100.pairs100.v1@own_byol.o8,sigma_c,student.h.cls~student.z.pred.out,insample,31,0.011934282268368365,,,,
in100.byol.s0.ext,in100.pairs100.v1@own_byol.o8,sigma_c,student.h.cls~student.z.pred.out,insample,32,0.01161998083428009,,,,
in100.byol.s0.ext,in100.pairs100.v1@own_byol.o8,sigma_c,student.h.cls~student.z.pred.out,insample,33,0.009799628411550609,,,,
in100.byol.s0.ext,in100.pairs100.v1@own_byol.o8,sigma_c,student.h.cls~student.z.pred.out,insample,34,0.008738093392885352,,,,
in100.byol.s0.ext,in100.pairs100.v1@own_byol.o8,sigma_c,student.h.cls~student.z.pred.out,insample,35,0.007184839870525957,,,,
in100.byol.s0.ext,in100.pairs100.v1@own_byol.o8,sigma_c,student.h.cls~student.z.pred.out,insample,36,0.006952244028279935,,,,
in100.byol.s0.ext,in100.pairs100.v1@own_byol.o8,sigma_c,student.h.cls~student.z.pred.out,insample,37,0.006105383520412712,,,,
in100.byol.s0.ext,in100.pairs100.v1@own_byol.o8,sigma_c,student.h.cls~student.z.pred.out,insample,38,0.0036060323704930185,,,,
in100.byol.s0.ext,in100.pairs100.v1@own_byol.o8,sigma_c,student.h.cls~student.z.proj.out,holdout,0,0.3031240165732271,,,,
in100.byol.s0.ext,in100.pairs100.v1@own_byol.o8,sigma_c,student.h.cls~student.z.proj.out,holdout,1,0.19089194352091626,,,,
in100.byol.s0.ext,in100.pairs100.v1@own_byol.o8,sigma_c,student.h.cls~student.z.proj.out,holdout,2,0.17240526377477206,,,,
in100.byol.s0.ext,in100.pairs100.v1@own_byol.o8,sigma_c,student.h.cls~student.z.proj.out,holdout,3,0.11984943812166796,,,,
in100.byol.s0.ext,in100.pairs100.v1@own_byol.o8,sigma_c,student.h.cls~student.z.proj.out,holdout,4,0.07015664665193157,,,,
in100.byol.s0.ext,in100.pairs100.v1@own_byol.o8,sigma_c,student.h.cls~student.z.proj.out,holdout,5,0.059093094349261896,,,,
in100.byol.s0.ext,in100.pairs100.v1@own_byol.o8,sigma_c,student.h.cls~student.z.proj.out,holdout,6,0.051871918701578826,,,,
in100.byol.s0.ext,in100.pairs100.v1@own_byol.o8,sigma_c,student.h.cls~student.z.proj.out,holdout,7,0.04906216664734346,,,,
in100.byol.s0.ext,in100.pairs100.v1@own_byol.o8,sigma_c,student.h.cls~student.z.proj.out,holdout,8,0.0444327614960911,,,,
in100.byol.s0.ext,in100.pairs100.v1@own_byol.o8,sigma_c,student.h.cls~student.z.proj.out,holdout,9,0.03992162085048335,,,,
in100.byol.s0.ext,in100.pairs100.v1@own_byol.o8,sigma_c,student.h.cls~student.z.proj.out,holdout,10,0.03584857224746272,,,,
in100.byol.s0.ext,in100.pairs100.v1@own_byol.o8,sigma_c,student.h.cls~student.z.proj.out,holdout,11,0.03354862579265757,,,,
in100.byol.s0.ext,in100.pairs100.v1@own_byol.o8,sigma_c,student.h.cls~student.z.proj.out,holdout,12,0.031225754339186566,,,,
in100.byol.s0.ext,in100.pairs100.v1@own_byol.o8,sigma_c,student.h.cls~student.z.proj.out,holdout,13,0.028899462476769496,,,,
in100.byol.s0.ext,in100.pairs100.v1@own_byol.o8,sigma_c,student.h.cls~student.z.proj.out,holdout,14,0.027616651364529673,,,,
in100.byol.s0.ext,in100.pairs100.v1@own_byol.o8,sigma_c,student.h.cls~student.z.proj.out,holdout,15,0.027104964436802232,,,,
in100.byol.s0.ext,in100.pairs100.v1@own_byol.o8,sigma_c,student.h.cls~student.z.proj.out,holdout,16,0.02433634484066374,,,,
in100.byol.s0.ext,in100.pairs100.v1@own_byol.o8,sigma_c,student.h.cls~student.z.proj.out,holdout,17,0.023471682462835996,,,,
in100.byol.s0.ext,in100.pairs100.v1@own_byol.o8,sigma_c,student.h.cls~student.z.proj.out,holdout,18,0.021969561149826296,,,,
in100.byol.s0.ext,in100.pairs100.v1@own_byol.o8,sigma_c,student.h.cls~student.z.proj.out,holdout,19,0.0205405525641966,,,,
in100.byol.s0.ext,in100.pairs100.v1@own_byol.o8,sigma_c,student.h.cls~student.z.proj.out,holdout,20,0.019923053241812417,,,,
in100.byol.s0.ext,in100.pairs100.v1@own_byol.o8,sigma_c,student.h.cls~student.z.proj.out,holdout,21,0.019241774705740542,,,,
in100.byol.s0.ext,in100.pairs100.v1@own_byol.o8,sigma_c,student.h.cls~student.z.proj.out,holdout,22,0.018650373649765246,,,,
in100.byol.s0.ext,in100.pairs100.v1@own_byol.o8,sigma_c,student.h.cls~student.z.proj.out,holdout,23,0.016412405791662085,,,,
in100.byol.s0.ext,in100.pairs100.v1@own_byol.o8,sigma_c,student.h.cls~student.z.proj.out,holdout,24,0.01598733452537941,,,,
in100.byol.s0.ext,in100.pairs100.v1@own_byol.o8,sigma_c,student.h.cls~student.z.proj.out,holdout,25,0.014779173160668532,,,,
in100.byol.s0.ext,in100.pairs100.v1@own_byol.o8,sigma_c,student.h.cls~student.z.proj.out,holdout,26,0.014561550747783876,,,,
in100.byol.s0.ext,in100.pairs100.v1@own_byol.o8,sigma_c,student.h.cls~student.z.proj.out,holdout,27,0.01389286529963462,,,,
in100.byol.s0.ext,in100.pairs100.v1@own_byol.o8,sigma_c,student.h.cls~student.z.proj.out,holdout,28,0.012390326977884768,,,,
in100.byol.s0.ext,in100.pairs100.v1@own_byol.o8,sigma_c,student.h.cls~student.z.proj.out,holdout,29,0.011902026002072682,,,,
in100.byol.s0.ext,in100.pairs100.v1@own_byol.o8,sigma_c,student.h.cls~student.z.proj.out,holdout,30,0.011494096060336917,,,,
in100.byol.s0.ext,in100.pairs100.v1@own_byol.o8,sigma_c,student.h.cls~student.z.proj.out,holdout,31,0.010617280568345377,,,,
in100.byol.s0.ext,in100.pairs100.v1@own_byol.o8,sigma_c,student.h.cls~student.z.proj.out,holdout,32,0.01006095429044994,,,,
in100.byol.s0.ext,in100.pairs100.v1@own_byol.o8,sigma_c,student.h.cls~student.z.proj.out,holdout,33,0.008969112332191094,,,,
in100.byol.s0.ext,in100.pairs100.v1@own_byol.o8,sigma_c,student.h.cls~student.z.proj.out,holdout,34,0.008335719880319812,,,,
in100.byol.s0.ext,in100.pairs100.v1@own_byol.o8,sigma_c,student.h.cls~student.z.proj.out,holdout,35,0.007485452439906923,,,,
in100.byol.s0.ext,in100.pairs100.v1@own_byol.o8,sigma_c,student.h.cls~student.z.proj.out,holdout,36,0.00663128409376331,,,,
in100.byol.s0.ext,in100.pairs100.v1@own_byol.o8,sigma_c,student.h.cls~student.z.proj.out,holdout,37,0.005948020473141018,,,,
in100.byol.s0.ext,in100.pairs100.v1@own_byol.o8,sigma_c,student.h.cls~student.z.proj.out,holdout,38,0.005774231315347893,,,,
in100.byol.s0.ext,in100.pairs100.v1@own_byol.o8,sigma_c,student.h.cls~student.z.proj.out,holdout,39,0.004227873366189566,,,,
in100.byol.s0.ext,in100.pairs100.v1@own_byol.o8,sigma_c,student.h.cls~student.z.proj.out,holdout,40,0.003487520354384907,,,,
in100.byol.s0.ext,in100.pairs100.v1@own_byol.o8,sigma_c,student.h.cls~student.z.proj.out,holdout,41,0.0032841510799708836,,,,
in100.byol.s0.ext,in100.pairs100.v1@own_byol.o8,sigma_c,student.h.cls~student.z.proj.out,holdout,42,0.0019325734990252356,,,,
in100.byol.s0.ext,in100.pairs100.v1@own_byol.o8,sigma_c,student.h.cls~student.z.proj.out,insample,0,0.26281159634241136,,,,
in100.byol.s0.ext,in100.pairs100.v1@own_byol.o8,sigma_c,student.h.cls~student.z.proj.out,insample,1,0.16417865576694735,,,,
in100.byol.s0.ext,in100.pairs100.v1@own_byol.o8,sigma_c,student.h.cls~student.z.proj.out,insample,2,0.15390427134046708,,,,
in100.byol.s0.ext,in100.pairs100.v1@own_byol.o8,sigma_c,student.h.cls~student.z.proj.out,insample,3,0.1017235067767657,,,,
in100.byol.s0.ext,in100.pairs100.v1@own_byol.o8,sigma_c,student.h.cls~student.z.proj.out,insample,4,0.061167925126611344,,,,
in100.byol.s0.ext,in100.pairs100.v1@own_byol.o8,sigma_c,student.h.cls~student.z.proj.out,insample,5,0.048295450512420054,,,,
in100.byol.s0.ext,in100.pairs100.v1@own_byol.o8,sigma_c,student.h.cls~student.z.proj.out,insample,6,0.04176613448520341,,,,
in100.byol.s0.ext,in100.pairs100.v1@own_byol.o8,sigma_c,student.h.cls~student.z.proj.out,insample,7,0.0402685181357219,,,,
in100.byol.s0.ext,in100.pairs100.v1@own_byol.o8,sigma_c,student.h.cls~student.z.proj.out,insample,8,0.03552510477670114,,,,
in100.byol.s0.ext,in100.pairs100.v1@own_byol.o8,sigma_c,student.h.cls~student.z.proj.out,insample,9,0.03272143194547498,,,,
in100.byol.s0.ext,in100.pairs100.v1@own_byol.o8,sigma_c,student.h.cls~student.z.proj.out,insample,10,0.030692645348541697,,,,
in100.byol.s0.ext,in100.pairs100.v1@own_byol.o8,sigma_c,student.h.cls~student.z.proj.out,insample,11,0.02783142970452659,,,,
in100.byol.s0.ext,in100.pairs100.v1@own_byol.o8,sigma_c,student.h.cls~student.z.proj.out,insample,12,0.025641153566990246,,,,
in100.byol.s0.ext,in100.pairs100.v1@own_byol.o8,sigma_c,student.h.cls~student.z.proj.out,insample,13,0.024082680842481462,,,,
in100.byol.s0.ext,in100.pairs100.v1@own_byol.o8,sigma_c,student.h.cls~student.z.proj.out,insample,14,0.022968344999005477,,,,
in100.byol.s0.ext,in100.pairs100.v1@own_byol.o8,sigma_c,student.h.cls~student.z.proj.out,insample,15,0.02132573354243704,,,,
in100.byol.s0.ext,in100.pairs100.v1@own_byol.o8,sigma_c,student.h.cls~student.z.proj.out,insample,16,0.019950091787560232,,,,
in100.byol.s0.ext,in100.pairs100.v1@own_byol.o8,sigma_c,student.h.cls~student.z.proj.out,insample,17,0.019272901610692103,,,,
in100.byol.s0.ext,in100.pairs100.v1@own_byol.o8,sigma_c,student.h.cls~student.z.proj.out,insample,18,0.01879267338236647,,,,
in100.byol.s0.ext,in100.pairs100.v1@own_byol.o8,sigma_c,student.h.cls~student.z.proj.out,insample,19,0.017866812286650508,,,,
in100.byol.s0.ext,in100.pairs100.v1@own_byol.o8,sigma_c,student.h.cls~student.z.proj.out,insample,20,0.016190814235885396,,,,
in100.byol.s0.ext,in100.pairs100.v1@own_byol.o8,sigma_c,student.h.cls~student.z.proj.out,insample,21,0.01582723210750388,,,,
in100.byol.s0.ext,in100.pairs100.v1@own_byol.o8,sigma_c,student.h.cls~student.z.proj.out,insample,22,0.015163976135784732,,,,
in100.byol.s0.ext,in100.pairs100.v1@own_byol.o8,sigma_c,student.h.cls~student.z.proj.out,insample,23,0.013805054118180718,,,,
in100.byol.s0.ext,in100.pairs100.v1@own_byol.o8,sigma_c,student.h.cls~student.z.proj.out,insample,24,0.013187445633661258,,,,
in100.byol.s0.ext,in100.pairs100.v1@own_byol.o8,sigma_c,student.h.cls~student.z.proj.out,insample,25,0.01257141753248982,,,,
in100.byol.s0.ext,in100.pairs100.v1@own_byol.o8,sigma_c,student.h.cls~student.z.proj.out,insample,26,0.011993977219750906,,,,
in100.byol.s0.ext,in100.pairs100.v1@own_byol.o8,sigma_c,student.h.cls~student.z.proj.out,insample,27,0.011493231965696996,,,,
in100.byol.s0.ext,in100.pairs100.v1@own_byol.o8,sigma_c,student.h.cls~student.z.proj.out,insample,28,0.01047336318387874,,,,
in100.byol.s0.ext,in100.pairs100.v1@own_byol.o8,sigma_c,student.h.cls~student.z.proj.out,insample,29,0.010034609849584887,,,,
in100.byol.s0.ext,in100.pairs100.v1@own_byol.o8,sigma_c,student.h.cls~student.z.proj.out,insample,30,0.009144756561267375,,,,
in100.byol.s0.ext,in100.pairs100.v1@own_byol.o8,sigma_c,student.h.cls~student.z.proj.out,insample,31,0.008726984113124383,,,,
in100.byol.s0.ext,in100.pairs100.v1@own_byol.o8,sigma_c,student.h.cls~student.z.proj.out,insample,32,0.008058849147369871,,,,
in100.byol.s0.ext,in100.pairs100.v1@own_byol.o8,sigma_c,student.h.cls~student.z.proj.out,insample,33,0.00760093503678014,,,,
in100.byol.s0.ext,in100.pairs100.v1@own_byol.o8,sigma_c,student.h.cls~student.z.proj.out,insample,34,0.007038615588124197,,,,
in100.byol.s0.ext,in100.pairs100.v1@own_byol.o8,sigma_c,student.h.cls~student.z.proj.out,insample,35,0.006567992958977919,,,,
in100.byol.s0.ext,in100.pairs100.v1@own_byol.o8,sigma_c,student.h.cls~student.z.proj.out,insample,36,0.00548765411785036,,,,
in100.byol.s0.ext,in100.pairs100.v1@own_byol.o8,sigma_c,student.h.cls~student.z.proj.out,insample,37,0.0050807095761165886,,,,
in100.byol.s0.ext,in100.pairs100.v1@own_byol.o8,sigma_c,student.h.cls~student.z.proj.out,insample,38,0.004435107698817496,,,,
in100.byol.s0.ext,in100.pairs100.v1@own_byol.o8,sigma_c,student.h.cls~student.z.proj.out,insample,39,0.003799274753012243,,,,
in100.byol.s0.ext,in100.pairs100.v1@own_byol.o8,sigma_c,student.h.cls~student.z.proj.out,insample,40,0.0029579950703044065,,,,
in100.byol.s0.ext,in100.pairs100.v1@own_byol.o8,sigma_c,student.h.cls~student.z.proj.out,insample,41,0.0026578139888986194,,,,
in100.byol.s0.ext,in100.pairs100.v1@own_byol.o8,sigma_c,student.h.cls~student.z.proj.out,insample,42,0.001702336095172241,,,,
in100.byol.s0.ext,in100.pairs100.v1@own_byol.o8,sigma_c,student.h.cls~teacher.z.proj.out,holdout,0,0.2903225405220007,,,,
in100.byol.s0.ext,in100.pairs100.v1@own_byol.o8,sigma_c,student.h.cls~teacher.z.proj.out,holdout,1,0.18576212239920586,,,,
in100.byol.s0.ext,in100.pairs100.v1@own_byol.o8,sigma_c,student.h.cls~teacher.z.proj.out,holdout,2,0.14670353395216926,,,,
in100.byol.s0.ext,in100.pairs100.v1@own_byol.o8,sigma_c,student.h.cls~teacher.z.proj.out,holdout,3,0.07975385711884621,,,,
in100.byol.s0.ext,in100.pairs100.v1@own_byol.o8,sigma_c,student.h.cls~teacher.z.proj.out,holdout,4,0.06893708512491278,,,,
in100.byol.s0.ext,in100.pairs100.v1@own_byol.o8,sigma_c,student.h.cls~teacher.z.proj.out,holdout,5,0.056337996752364394,,,,
in100.byol.s0.ext,in100.pairs100.v1@own_byol.o8,sigma_c,student.h.cls~teacher.z.proj.out,holdout,6,0.05147635725803164,,,,
in100.byol.s0.ext,in100.pairs100.v1@own_byol.o8,sigma_c,student.h.cls~teacher.z.proj.out,holdout,7,0.0454304891322892,,,,
in100.byol.s0.ext,in100.pairs100.v1@own_byol.o8,sigma_c,student.h.cls~teacher.z.proj.out,holdout,8,0.04134438842202854,,,,
in100.byol.s0.ext,in100.pairs100.v1@own_byol.o8,sigma_c,student.h.cls~teacher.z.proj.out,holdout,9,0.036936654115649815,,,,
in100.byol.s0.ext,in100.pairs100.v1@own_byol.o8,sigma_c,student.h.cls~teacher.z.proj.out,holdout,10,0.03505126463454826,,,,
in100.byol.s0.ext,in100.pairs100.v1@own_byol.o8,sigma_c,student.h.cls~teacher.z.proj.out,holdout,11,0.032009659355317396,,,,
in100.byol.s0.ext,in100.pairs100.v1@own_byol.o8,sigma_c,student.h.cls~teacher.z.proj.out,holdout,12,0.02895492175266835,,,,
in100.byol.s0.ext,in100.pairs100.v1@own_byol.o8,sigma_c,student.h.cls~teacher.z.proj.out,holdout,13,0.028730057289074795,,,,
in100.byol.s0.ext,in100.pairs100.v1@own_byol.o8,sigma_c,student.h.cls~teacher.z.proj.out,holdout,14,0.026954248943623534,,,,
in100.byol.s0.ext,in100.pairs100.v1@own_byol.o8,sigma_c,student.h.cls~teacher.z.proj.out,holdout,15,0.024357643804549092,,,,
in100.byol.s0.ext,in100.pairs100.v1@own_byol.o8,sigma_c,student.h.cls~teacher.z.proj.out,holdout,16,0.023776407422072647,,,,
in100.byol.s0.ext,in100.pairs100.v1@own_byol.o8,sigma_c,student.h.cls~teacher.z.proj.out,holdout,17,0.02291766815219418,,,,
in100.byol.s0.ext,in100.pairs100.v1@own_byol.o8,sigma_c,student.h.cls~teacher.z.proj.out,holdout,18,0.021666165532848943,,,,
in100.byol.s0.ext,in100.pairs100.v1@own_byol.o8,sigma_c,student.h.cls~teacher.z.proj.out,holdout,19,0.020876108551171117,,,,
in100.byol.s0.ext,in100.pairs100.v1@own_byol.o8,sigma_c,student.h.cls~teacher.z.proj.out,holdout,20,0.019732669890911176,,,,
in100.byol.s0.ext,in100.pairs100.v1@own_byol.o8,sigma_c,student.h.cls~teacher.z.proj.out,holdout,21,0.01827114484290323,,,,
in100.byol.s0.ext,in100.pairs100.v1@own_byol.o8,sigma_c,student.h.cls~teacher.z.proj.out,holdout,22,0.016935911994484038,,,,
in100.byol.s0.ext,in100.pairs100.v1@own_byol.o8,sigma_c,student.h.cls~teacher.z.proj.out,holdout,23,0.016617050350441715,,,,
in100.byol.s0.ext,in100.pairs100.v1@own_byol.o8,sigma_c,student.h.cls~teacher.z.proj.out,holdout,24,0.015381541516468613,,,,
in100.byol.s0.ext,in100.pairs100.v1@own_byol.o8,sigma_c,student.h.cls~teacher.z.proj.out,holdout,25,0.015051391710033201,,,,
in100.byol.s0.ext,in100.pairs100.v1@own_byol.o8,sigma_c,student.h.cls~teacher.z.proj.out,holdout,26,0.01437000242445957,,,,
in100.byol.s0.ext,in100.pairs100.v1@own_byol.o8,sigma_c,student.h.cls~teacher.z.proj.out,holdout,27,0.012849078651867192,,,,
in100.byol.s0.ext,in100.pairs100.v1@own_byol.o8,sigma_c,student.h.cls~teacher.z.proj.out,holdout,28,0.012443124783035154,,,,
in100.byol.s0.ext,in100.pairs100.v1@own_byol.o8,sigma_c,student.h.cls~teacher.z.proj.out,holdout,29,0.011620305953287646,,,,
in100.byol.s0.ext,in100.pairs100.v1@own_byol.o8,sigma_c,student.h.cls~teacher.z.proj.out,holdout,30,0.010649920840235774,,,,
in100.byol.s0.ext,in100.pairs100.v1@own_byol.o8,sigma_c,student.h.cls~teacher.z.proj.out,holdout,31,0.009922389924613698,,,,
in100.byol.s0.ext,in100.pairs100.v1@own_byol.o8,sigma_c,student.h.cls~teacher.z.proj.out,holdout,32,0.009035154077694061,,,,
in100.byol.s0.ext,in100.pairs100.v1@own_byol.o8,sigma_c,student.h.cls~teacher.z.proj.out,holdout,33,0.00890695323897289,,,,
in100.byol.s0.ext,in100.pairs100.v1@own_byol.o8,sigma_c,student.h.cls~teacher.z.proj.out,holdout,34,0.008206996797089671,,,,
in100.byol.s0.ext,in100.pairs100.v1@own_byol.o8,sigma_c,student.h.cls~teacher.z.proj.out,holdout,35,0.006929475475594337,,,,
in100.byol.s0.ext,in100.pairs100.v1@own_byol.o8,sigma_c,student.h.cls~teacher.z.proj.out,holdout,36,0.006139337820602898,,,,
in100.byol.s0.ext,in100.pairs100.v1@own_byol.o8,sigma_c,student.h.cls~teacher.z.proj.out,holdout,37,0.0056695479923863775,,,,
in100.byol.s0.ext,in100.pairs100.v1@own_byol.o8,sigma_c,student.h.cls~teacher.z.proj.out,holdout,38,0.004226510482191858,,,,
in100.byol.s0.ext,in100.pairs100.v1@own_byol.o8,sigma_c,student.h.cls~teacher.z.proj.out,holdout,39,0.003745039069207834,,,,
in100.byol.s0.ext,in100.pairs100.v1@own_byol.o8,sigma_c,student.h.cls~teacher.z.proj.out,holdout,40,0.0031826463436206423,,,,
in100.byol.s0.ext,in100.pairs100.v1@own_byol.o8,sigma_c,student.h.cls~teacher.z.proj.out,holdout,41,0.001906397142690974,,,,
in100.byol.s0.ext,in100.pairs100.v1@own_byol.o8,sigma_c,student.h.cls~teacher.z.proj.out,insample,0,0.25905683493810067,,,,
in100.byol.s0.ext,in100.pairs100.v1@own_byol.o8,sigma_c,student.h.cls~teacher.z.proj.out,insample,1,0.15966185683752987,,,,
in100.byol.s0.ext,in100.pairs100.v1@own_byol.o8,sigma_c,student.h.cls~teacher.z.proj.out,insample,2,0.12293798014149361,,,,
in100.byol.s0.ext,in100.pairs100.v1@own_byol.o8,sigma_c,student.h.cls~teacher.z.proj.out,insample,3,0.07070985514538516,,,,
in100.byol.s0.ext,in100.pairs100.v1@own_byol.o8,sigma_c,student.h.cls~teacher.z.proj.out,insample,4,0.05554447126870344,,,,
in100.byol.s0.ext,in100.pairs100.v1@own_byol.o8,sigma_c,student.h.cls~teacher.z.proj.out,insample,5,0.04592423841647918,,,,
in100.byol.s0.ext,in100.pairs100.v1@own_byol.o8,sigma_c,student.h.cls~teacher.z.proj.out,insample,6,0.040907759471512095,,,,
in100.byol.s0.ext,in100.pairs100.v1@own_byol.o8,sigma_c,student.h.cls~teacher.z.proj.out,insample,7,0.037014569364014684,,,,
in100.byol.s0.ext,in100.pairs100.v1@own_byol.o8,sigma_c,student.h.cls~teacher.z.proj.out,insample,8,0.03432762291941091,,,,
in100.byol.s0.ext,in100.pairs100.v1@own_byol.o8,sigma_c,student.h.cls~teacher.z.proj.out,insample,9,0.031342055086251694,,,,
in100.byol.s0.ext,in100.pairs100.v1@own_byol.o8,sigma_c,student.h.cls~teacher.z.proj.out,insample,10,0.02886335763944643,,,,
in100.byol.s0.ext,in100.pairs100.v1@own_byol.o8,sigma_c,student.h.cls~teacher.z.proj.out,insample,11,0.026132127576889562,,,,
in100.byol.s0.ext,in100.pairs100.v1@own_byol.o8,sigma_c,student.h.cls~teacher.z.proj.out,insample,12,0.024652602338872766,,,,
in100.byol.s0.ext,in100.pairs100.v1@own_byol.o8,sigma_c,student.h.cls~teacher.z.proj.out,insample,13,0.02291650070416096,,,,
in100.byol.s0.ext,in100.pairs100.v1@own_byol.o8,sigma_c,student.h.cls~teacher.z.proj.out,insample,14,0.022087882458172517,,,,
in100.byol.s0.ext,in100.pairs100.v1@own_byol.o8,sigma_c,student.h.cls~teacher.z.proj.out,insample,15,0.020265067427332625,,,,
in100.byol.s0.ext,in100.pairs100.v1@own_byol.o8,sigma_c,student.h.cls~teacher.z.proj.out,insample,16,0.0195879495849536,,,,
in100.byol.s0.ext,in100.pairs100.v1@own_byol.o8,sigma_c,student.h.cls~teacher.z.proj.out,insample,17,0.01925470183590926,,,,
in100.byol.s0.ext,in100.pairs100.v1@own_byol.o8,sigma_c,student.h.cls~teacher.z.proj.out,insample,18,0.017837501525680966,,,,
in100.byol.s0.ext,in100.pairs100.v1@own_byol.o8,sigma_c,student.h.cls~teacher.z.proj.out,insample,19,0.016840108392851678,,,,
in100.byol.s0.ext,in100.pairs100.v1@own_byol.o8,sigma_c,student.h.cls~teacher.z.proj.out,insample,20,0.016403163582125267,,,,
in100.byol.s0.ext,in100.pairs100.v1@own_byol.o8,sigma_c,student.h.cls~teacher.z.proj.out,insample,21,0.015593249365447466,,,,
in100.byol.s0.ext,in100.pairs100.v1@own_byol.o8,sigma_c,student.h.cls~teacher.z.proj.out,insample,22,0.014179288457697859,,,,
in100.byol.s0.ext,in100.pairs100.v1@own_byol.o8,sigma_c,student.h.cls~teacher.z.proj.out,insample,23,0.013646491692919016,,,,
in100.byol.s0.ext,in100.pairs100.v1@own_byol.o8,sigma_c,student.h.cls~teacher.z.proj.out,insample,24,0.013261274819551723,,,,
in100.byol.s0.ext,in100.pairs100.v1@own_byol.o8,sigma_c,student.h.cls~teacher.z.proj.out,insample,25,0.012691407653140968,,,,
in100.byol.s0.ext,in100.pairs100.v1@own_byol.o8,sigma_c,student.h.cls~teacher.z.proj.out,insample,26,0.011763090759159125,,,,
in100.byol.s0.ext,in100.pairs100.v1@own_byol.o8,sigma_c,student.h.cls~teacher.z.proj.out,insample,27,0.011080871930090613,,,,
in100.byol.s0.ext,in100.pairs100.v1@own_byol.o8,sigma_c,student.h.cls~teacher.z.proj.out,insample,28,0.01015426170750454,,,,
in100.byol.s0.ext,in100.pairs100.v1@own_byol.o8,sigma_c,student.h.cls~teacher.z.proj.out,insample,29,0.009579208123572438,,,,
in100.byol.s0.ext,in100.pairs100.v1@own_byol.o8,sigma_c,student.h.cls~teacher.z.proj.out,insample,30,0.00878157177929165,,,,
in100.byol.s0.ext,in100.pairs100.v1@own_byol.o8,sigma_c,student.h.cls~teacher.z.proj.out,insample,31,0.008094906545628857,,,,
in100.byol.s0.ext,in100.pairs100.v1@own_byol.o8,sigma_c,student.h.cls~teacher.z.proj.out,insample,32,0.007832260365624476,,,,
in100.byol.s0.ext,in100.pairs100.v1@own_byol.o8,sigma_c,student.h.cls~teacher.z.proj.out,insample,33,0.007533650080377321,,,,
in100.byol.s0.ext,in100.pairs100.v1@own_byol.o8,sigma_c,student.h.cls~teacher.z.proj.out,insample,34,0.0071661761869773865,,,,
in100.byol.s0.ext,in100.pairs100.v1@own_byol.o8,sigma_c,student.h.cls~teacher.z.proj.out,insample,35,0.005771602176074152,,,,
in100.byol.s0.ext,in100.pairs100.v1@own_byol.o8,sigma_c,student.h.cls~teacher.z.proj.out,insample,36,0.005329614487581352,,,,
in100.byol.s0.ext,in100.pairs100.v1@own_byol.o8,sigma_c,student.h.cls~teacher.z.proj.out,insample,37,0.00438205730178764,,,,
in100.byol.s0.ext,in100.pairs100.v1@own_byol.o8,sigma_c,student.h.cls~teacher.z.proj.out,insample,38,0.0039054288995253334,,,,
in100.byol.s0.ext,in100.pairs100.v1@own_byol.o8,sigma_c,student.h.cls~teacher.z.proj.out,insample,39,0.0032083832824201736,,,,
in100.byol.s0.ext,in100.pairs100.v1@own_byol.o8,sigma_c,student.h.cls~teacher.z.proj.out,insample,40,0.00261470422053538,,,,
in100.byol.s0.ext,in100.pairs100.v1@own_byol.o8,sigma_c,student.h.cls~teacher.z.proj.out,insample,41,0.0016574889240712968,,,,
