run_id,manifest,kind,space,split,j,value,lam,pred_resid,obs_resid,pred_resid_noiseless
in100.byol.s0.null.extL,in100.pairs100.v1@audit_v1.o8,theta,student.h.cls,,0,44.4209269221727,,,,
in100.byol.s0.null.extL,in100.pairs100.v1@audit_v1.o8,theta,student.h.cls,,1,24.821984618450376,,,,
in100.byol.s0.null.extL,in100.pairs100.v1@audit_v1.o8,theta,student.h.cls,,2,19.58382531069492,,,,
in100.byol.s0.null.extL,in100.pairs100.v1@audit_v1.o8,theta,student.h.cls,,3,15.755343623548654,,,,
in100.byol.s0.null.extL,in100.pairs100.v1@audit_v1.o8,theta,student.h.cls,,4,12.720655781493067,,,,
in100.byol.s0.null.extL,in100.pairs100.v1@audit_v1.o8,theta,student.h.cls,,5,11.356315189252784,,,,
in100.byol.s0.null.extL,in100.pairs100.v1@audit_v1.o8,theta,student.h.cls,,6,9.985204756517104,,,,
in100.byol.s0.null.extL,in100.pairs100.v1@audit_v1.o8,theta,student.h.cls,,7,8.32404304240021,,,,
in100.byol.s0.null.extL,in100.pairs100.v1@audit_v1.o8,theta,student.h.cls,,8,7.550534272492707,,,,
in100.byol.s0.null.extL,in100.pairs100.v1@audit_v1.o8,theta,student.h.cls,,9,5.76336474143052,,,,
in100.byol.s0.null.extL,in100.pairs100.v1@audit_v1.o8,theta,student.h.cls,,10,5.128654780657782,,,,
in100.byol.s0.null.extL,in100.pairs100.v1@audit_v1.o8,theta,student.h.cls,,11,3.1094107267970843,,,,
in100.byol.s0.null.extL,in100.pairs100.v1@audit_v1.o8,theta,student.h.cls,,12,2.759827324328875,,,,
in100.byol.s0.null.extL,in100.pairs100.v1@audit_v1.o8,theta,student.h.cls,,13,1.7925977837634093,,,,
in100.byol.s0.null.extL,in100.pairs100.v1@audit_v1.o8,theta,student.h.cls,,14,1.604964019498797,,,,
in100.byol.s0.null.extL,in100.pairs100.v1@audit_v1.o8,fidelity,student.h.cls,,0,,45.04738710426239,12.240130017246345,12.252900650653213,0.978283241180748
in100.byol.s0.null.extL,in100.pairs100.v1@audit_v1.o8,fidelity,student.h.cls,,1,,25.916427362465107,7.441954807527573,7.522338793892418,0.962847966911296
in100.byol.s0.null.extL,in100.pairs100.v1@audit_v1.o8,fidelity,student.h.cls,,2,,21.605787035940107,6.357210298718895,6.323303320066413,0.9557635397338683
in100.byol.s0.null.extL,in100.pairs100.v1@audit_v1.o8,fidelity,student.h.cls,,3,,18.07271042830184,5.465746674211502,5.454084275765075,0.9475690671360423
in100.byol.s0.null.extL,in100.pairs100.v1@audit_v1.o8,fidelity,student.h.cls,,4,,14.02274322812322,4.439120068349473,4.488158212783372,0.933434261318668
in100.byol.s0.null.extL,in100.pairs100.v1@audit_v1.o8,fidelity,student.h.cls,,5,,10.78150285110454,3.6104968978542975,3.4701299869989644,0.9151211850781628
in100.byol.s0.null.extL,in100.pairs100.v1@audit_v1.o8,fidelity,student.h.cls,,6,,10.4864562244095,3.534555003208852,3.5592199814375842,0.9129409471064772
in100.byol.s0.null.extL,in100.pairs100.v1@audit_v1.o8,fidelity,student.h.cls,,7,,9.592820034453961,3.303801441220915,3.3132907414772337,0.9055964326074244
in100.byol.s0.null.extL,in100.pairs100.v1@audit_v1.o8,fidelity,student.h.cls,,8,,8.572448570529817,3.038645663378792,3.136556271078697,0.895533520746338
in100.byol.s0.null.extL,in100.pairs100.v1@audit_v1.o8,fidelity,student.h.cls,,9,,6.943740915444034,2.6100499550782468,2.570615133911951,0.8741147262172381
in100.byol.s0.null.extL,in100.pairs100.v1@audit_v1.o8,fidelity,student.h.cls,,10,,5.896208684747503,2.329044958424924,2.3388303866920457,0.8549927872380483
in100.byol.s0.null.extL,in100.pairs100.v1@audit_v1.o8,fidelity,student.h.cls,,11,,4.8572521653168526,2.04358452021117,2.0621639749874197,0.8292714788819572
in100.byol.s0.null.extL,in100.pairs100.v1@audit_v1.o8,fidelity,student.h.cls,,12,,3.062976900033225,1.5196192716540742,1.5763944082536536,0.7538750466457679
in100.byol.s0.null.extL,in100.pairs100.v1@audit_v1.o8,fidelity,student.h.cls,,13,,2.758794093115153,1.423655751254733,1.4848511982900903,0.7339572279759448
in100.byol.s0.null.extL,in100.pairs100.v1@audit_v1.o8,fidelity,student.h.cls,,14,,1.6886229446381407,1.0502181232658132,1.0239948121847775,0.6280623871062779
in100.byol.s0.null.extL,in100.pairs100.v1@audit_v1.o8,fidelity,student.h.cls,,15,,1.5421576331955522,0.9921727708638299,0.9299393789386456,0.6066333625649419
in100.byol.s0.null.extL,in100.pairs100.v1@audit_v1.o8,theta,student.z.pred.out,,0,54.452394815815765,,,,
in100.byol.s0.null.extL,in100.pairs100.v1@audit_v1.o8,theta,student.z.pred.out,,1,47.65955234779202,,,,
in100.byol.s0.null.extL,in100.pairs100.v1@audit_v1.o8,theta,student.z.pred.out,,2,35.67018351924551,,,,
in100.byol.s0.null.extL,in100.pairs100.v1@audit_v1.o8,theta,student.z.pred.out,,3,30.6445864880991,,,,
in100.byol.s0.null.extL,in100.pairs100.v1@audit_v1.o8,theta,student.z.pred.out,,4,27.38899210626408,,,,
in100.byol.s0.null.extL,in100.pairs100.v1@audit_v1.o8,theta,student.z.pred.out,,5,22.199426892174216,,,,
in100.byol.s0.null.extL,in100.pairs100.v1@audit_v1.o8,theta,student.z.pred.out,,6,20.51934237307492,,,,
in100.byol.s0.null.extL,in100.pairs100.v1@audit_v1.o8,theta,student.z.pred.out,,7,19.887894103780784,,,,
in100.byol.s0.null.extL,in100.pairs100.v1@audit_v1.o8,theta,student.z.pred.out,,8,17.942615771132516,,,,
in100.byol.s0.null.extL,in100.pairs100.v1@audit_v1.o8,theta,student.z.pred.out,,9,14.489654681620475,,,,
in100.byol.s0.null.extL,in100.pairs100.v1@audit_v1.o8,theta,student.z.pred.out,,10,13.164513234398102,,,,
in100.byol.s0.null.extL,in100.pairs100.v1@audit_v1.o8,theta,student.z.pred.out,,11,12.0044489719345,,,,
in100.byol.s0.null.extL,in100.pairs100.v1@audit_v1.o8,theta,student.z.pred.out,,12,10.671870338027754,,,,
in100.byol.s0.null.extL,in100.pairs100.v1@audit_v1.o8,theta,student.z.pred.out,,13,8.481239669068744,,,,
in100.byol.s0.null.extL,in100.pairs100.v1@audit_v1.o8,theta,student.z.pred.out,,14,7.443914064079056,,,,
in100.byol.s0.null.extL,in100.pairs100.v1@audit_v1.o8,theta,student.z.pred.out,,15,5.856230416383089,,,,
in100.byol.s0.null.extL,in100.pairs100.v1@audit_v1.o8,theta,student.z.pred.out,,16,5.355184008656715,,,,
in100.byol.s0.null.extL,in100.pairs100.v1@audit_v1.o8,theta,student.z.pred.out,,17,5.0837584764849355,,,,
in100.byol.s0.null.extL,in100.pairs100.v1@audit_v1.o8,theta,student.z.pred.out,,18,4.32903736979811,,,,
in100.byol.s0.null.extL,in100.pairs100.v1@audit_v1.o8,theta,student.z.pred.out,,19,3.2501705653562083,,,,
in100.byol.s0.null.extL,in100.pairs100.v1@audit_v1.o8,theta,student.z.pred.out,,20,2.4799109475539014,,,,
in100.byol.s0.null.extL,in100.pairs100.v1@audit_v1.o8,theta,student.z.pred.out,,21,1.7472557145408676,,,,
in100.byol.s0.null.extL,in100.pairs100.v1@audit_v1.o8,theta,student.z.pred.out,,22,1.5837171793165228,,,,
in100.byol.s0.null.extL,in100.pairs100.v1@audit_v1.o8,fidelity,student.z.pred.out,,0,,54.7727094160424,14.675247437919554,14.865264760761969,0.9820700839089528
in100.byol.s0.null.extL,in100.pairs100.v1@audit_v1.o8,fidelity,student.z.pred.out,,1,,48.16049888847279,13.019783187296335,13.291452470504147,0.9796584651781376
in100.byol.s0.null.extL,in100.pairs100.v1@audit_v1.o8,fidelity,student.z.pred.out,,2,,32.43786453926197,9.07955991880024,8.810974903539538,0.9700937839847451
in100.byol.s0.null.extL,in100.pairs100.v1@audit_v1.o8,fidelity,student.z.pred.out,,3,,28.050900058717755,7.978302673272501,7.968037635143276,0.9655776585930627
in100.byol.s0.null.extL,in100.pairs100.v1@audit_v1.o8,fidelity,student.z.pred.out,,4,,27.435494817727175,7.823706389552624,8.036934442300447,0.9648326851208306
in100.byol.s0.null.extL,in100.pairs100.v1@audit_v1.o8,fidelity,student.z.pred.out,,5,,21.30270673270693,6.280839076155092,6.373327560893397,0.9551623929783599
in100.byol.s0.null.extL,in100.pairs100.v1@audit_v1.o8,fidelity,student.z.pred.out,,6,,20.5983629806029,6.103290939887795,6.132273954144224,0.9537001947370696
in100.byol.s0.null.extL,in100.pairs100.v1@audit_v1.o8,fidelity,student.z.pred.out,,7,,19.262526448320664,5.7662794248023115,5.740996815483675,0.9506478127221456
in100.byol.s0.null.extL,in100.pairs100.v1@audit_v1.o8,fidelity,student.z.pred.out,,8,,16.5289970616312,5.0752009359178665,4.986685565765693,0.9429516705100672
in100.byol.s0.null.extL,in100.pairs100.v1@audit_v1.o8,fidelity,student.z.pred.out,,9,,14.007650938591103,4.435280054817212,4.484897959929274,0.9333673201694362
in100.byol.s0.null.extL,in100.pairs100.v1@audit_v1.o8,fidelity,student.z.pred.out,,10,,12.460654318222067,4.040872985921723,4.043583961463253,0.9257094063662068
in100.byol.s0.null.extL,in100.pairs100.v1@audit_v1.o8,fidelity,student.z.pred.out,,11,,11.521894400216915,3.8006134792099995,3.675223136512799,0.9201398791557708
in100.byol.s0.null.extL,in100.pairs100.v1@audit_v1.o8,fidelity,student.z.pred.out,,12,,10.537738305769652,3.5477624771541207,3.3609132606299283,0.9133279007117078
in100.byol.s0.null.extL,in100.pairs100.v1@audit_v1.o8,fidelity,student.z.pred.out,,13,,8.236788775397287,2.9509344605210943,2.9904376449030945,0.8917372666717727
in100.byol.s0.null.extL,in100.pairs100.v1@audit_v1.o8,fidelity,student.z.pred.out,,14,,7.724870431795436,2.8166027253764176,2.672399270735793,0.8853851174275585
in100.byol.s0.null.extL,in100.pairs100.v1@audit_v1.o8,fidelity,student.z.pred.out,,15,,5.761332336328873,2.29243323975317,2.245851012870273,0.8521001556709518
in100.byol.s0.null.extL,in100.pairs100.v1@audit_v1.o8,fidelity,student.z.pred.out,,16,,5.307037648847458,2.168206371041619,2.0231466495928556,0.8414469588297544
in100.byol.s0.null.extL,in100.pairs100.v1@audit_v1.o8,fidelity,student.z.pred.out,,17,,5.145013633178214,2.123519839307694,2.0771916482724992,0.8372664310131404
in100.byol.s0.null.extL,in100.pairs100.v1@audit_v1.o8,fidelity,student.z.pred.out,,18,,4.034382857527185,1.809961635826399,1.8934439863896688,0.8013659214446028
in100.byol.s0.null.extL,in100.pairs100.v1@audit_v1.o8,fidelity,student.z.pred.out,,19,,3.292629295929445,1.5901998680594223,1.7240310316152934,0.7670425440770611
in100.byol.s0.null.extL,in100.pairs100.v1@audit_v1.o8,fidelity,student.z.pred.out,,20,,2.5524687686228353,1.3566228103239824,1.3216255232060579,0.7185056181682734
in100.byol.s0.null.extL,in100.pairs100.v1@audit_v1.o8,fidelity,student.z.pred.out,,21,,1.7166384157776873,1.0610576165057541,1.0280222727642923,0.6318980125613324
in100.byol.s0.null.extL,in100.pairs100.v1@audit_v1.o8,fidelity,student.z.pred.out,,22,,1.5475336216400624,0.9943468785098462,0.9460349264473775,0.6074634730998306
in100.byol.s0.null.extL,in100.pairs100.v1@audit_v1.o8,theta,student.z.pred.tap1,,0,56.54319980938482,,,,
in100.byol.s0.null.extL,in100.pairs100.v1@audit_v1.o8,theta,student.z.pred.tap1,,1,40.30169914914037,,,,
in100.byol.s0.null.extL,in100.pairs100.v1@audit_v1.o8,theta,student.z.pred.tap1,,2,35.15908568839737,,,,
in100.byol.s0.null.extL,in100.pairs100.v1@audit_v1.o8,theta,student.z.pred.tap1,,3,32.07685401328416,,,,
in100.byol.s0.null.extL,in100.pairs100.v1@audit_v1.o8,theta,student.z.pred.tap1,,4,26.26985749233507,,,,
in100.byol.s0.null.extL,in100.pairs100.v1@audit_v1.o8,theta,student.z.pred.tap1,,5,23.25270808943311,,,,
in100.byol.s0.null.extL,in100.pairs100.v1@audit_v1.o8,theta,student.z.pred.tap1,,6,20.72317143496905,,,,
in100.byol.s0.null.extL,in100.pairs100.v1@audit_v1.o8,theta,student.z.pred.tap1,,7,19.44618094059515,,,,
in100.byol.s0.null.extL,in100.pairs100.v1@audit_v1.o8,theta,student.z.pred.tap1,,8,17.96626573881138,,,,
in100.byol.s0.null.extL,in100.pairs100.v1@audit_v1.o8,theta,student.z.pred.tap1,,9,14.285203424859466,,,,
in100.byol.s0.null.extL,in100.pairs100.v1@audit_v1.o8,theta,student.z.pred.tap1,,10,12.160021603360407,,,,
in100.byol.s0.null.extL,in100.pairs100.v1@audit_v1.o8,theta,student.z.pred.tap1,,11,11.13200894039652,,,,
in100.byol.s0.null.extL,in100.pairs100.v1@audit_v1.o8,theta,student.z.pred.tap1,,12,9.966190309585352,,,,
in100.byol.s0.null.extL,in100.pairs100.v1@audit_v1.o8,theta,student.z.pred.tap1,,13,7.18878912372624,,,,
in100.byol.s0.null.extL,in100.pairs100.v1@audit_v1.o8,theta,student.z.pred.tap1,,14,6.736021532387127,,,,
in100.byol.s0.null.extL,in100.pairs100.v1@audit_v1.o8,theta,student.z.pred.tap1,,15,5.532270965756826,,,,
in100.byol.s0.null.extL,in100.pairs100.v1@audit_v1.o8,theta,student.z.pred.tap1,,16,5.286976597740878,,,,
in100.byol.s0.null.extL,in100.pairs100.v1@audit_v1.o8,theta,student.z.pred.tap1,,17,4.7816773323942385,,,,
in100.byol.s0.null.extL,in100.pairs100.v1@audit_v1.o8,theta,student.z.pred.tap1,,18,3.5896627812667488,,,,
in100.byol.s0.null.extL,in100.pairs100.v1@audit_v1.o8,theta,student.z.pred.tap1,,19,2.912655642588946,,,,
in100.byol.s0.null.extL,in100.pairs100.v1@audit_v1.o8,theta,student.z.pred.tap1,,20,2.210895363311103,,,,
in100.byol.s0.null.extL,in100.pairs100.v1@audit_v1.o8,theta,student.z.pred.tap1,,21,1.6261071352167407,,,,
in100.byol.s0.null.extL,in100.pairs100.v1@audit_v1.o8,theta,student.z.pred.tap1,,22,1.527255416039283,,,,
in100.byol.s0.null.extL,in100.pairs100.v1@audit_v1.o8,fidelity,student.z.pred.tap1,,0,,56.91858206061629,15.2123798991044,15.143298948277543,0.9827343839503284
in100.byol.s0.null.extL,in100.pairs100.v1@audit_v1.o8,fidelity,student.z.pred.tap1,,1,,42.544433389898025,11.613143299541836,11.776416185511176,0.9770349520673292
in100.byol.s0.null.extL,in100.pairs100.v1@audit_v1.o8,fidelity,student.z.pred.tap1,,2,,32.2467571127905,9.031611156695202,8.831194274123668,0.9699218784975787
in100.byol.s0.null.extL,in100.pairs100.v1@audit_v1.o8,fidelity,student.z.pred.tap1,,3,,27.352454471168574,7.802843302799948,7.812250929570428,0.9647296850078044
in100.byol.s0.null.extL,in100.pairs100.v1@audit_v1.o8,fidelity,student.z.pred.tap1,,4,,24.33983957892052,7.045496345764656,7.158330055243723,0.9605364510345255
in100.byol.s0.null.extL,in100.pairs100.v1@audit_v1.o8,fidelity,student.z.pred.tap1,,5,,21.50463783110547,6.331724172591826,6.331231448341518,0.9555647148154582
in100.byol.s0.null.extL,in100.pairs100.v1@audit_v1.o8,fidelity,student.z.pred.tap1,,6,,20.11852446687482,5.982279323672342,5.856462468352052,0.9526482069536375
in100.byol.s0.null.extL,in100.pairs100.v1@audit_v1.o8,fidelity,student.z.pred.tap1,,7,,17.579436824260167,5.341036261405371,5.394724593488348,0.9461770553403295
in100.byol.s0.null.extL,in100.pairs100.v1@audit_v1.o8,fidelity,student.z.pred.tap1,,8,,14.099311497213836,4.458599688986233,4.496321864244848,0.9337718146827739
in100.byol.s0.null.extL,in100.pairs100.v1@audit_v1.o8,fidelity,student.z.pred.tap1,,9,,12.969191950125909,4.170711885517109,4.292789137421928,0.9284138979856321
in100.byol.s0.null.extL,in100.pairs100.v1@audit_v1.o8,fidelity,student.z.pred.tap1,,10,,11.957747206750442,3.9122628929792325,3.8702940704957127,0.9228260912916219
in100.byol.s0.null.extL,in100.pairs100.v1@audit_v1.o8,fidelity,student.z.pred.tap1,,11,,11.255730040548631,3.7323380235834023,3.762520474056084,0.9184055134462447
in100.byol.s0.null.extL,in100.pairs100.v1@audit_v1.o8,fidelity,student.z.pred.tap1,,12,,9.864392241713702,3.3740542555149293,3.1628439326667417,0.9079561950865036
in100.byol.s0.null.extL,in100.pairs100.v1@audit_v1.o8,fidelity,student.z.pred.tap1,,13,,7.070895085603833,2.6438217767159182,2.4977995683276744,0.8760980053149601
in100.byol.s0.null.extL,in100.pairs100.v1@audit_v1.o8,fidelity,student.z.pred.tap1,,14,,6.749232992696478,2.558263218692817,2.4753117082018607,0.8709549705186974
in100.byol.s0.null.extL,in100.pairs100.v1@audit_v1.o8,fidelity,student.z.pred.tap1,,15,,5.490377534946226,2.2185201415810445,2.201488162043257,0.845925757844488
in100.byol.s0.null.extL,in100.pairs100.v1@audit_v1.o8,fidelity,student.z.pred.tap1,,16,,5.199285038559863,2.1385123355011415,2.063130798009593,0.838691075861176
in100.byol.s0.null.extL,in100.pairs100.v1@audit_v1.o8,fidelity,student.z.pred.tap1,,17,,4.867873234226102,2.0465488124148563,1.962371761267648,0.8295805038583307
in100.byol.s0.null.extL,in100.pairs100.v1@audit_v1.o8,fidelity,student.z.pred.tap1,,18,,3.4448229404833275,1.6362248948511269,1.6290349916509839,0.7750191597302951
in100.byol.s0.null.extL,in100.pairs100.v1@audit_v1.o8,fidelity,student.z.pred.tap1,,19,,2.9873503586456187,1.4960444789351957,1.6103859767302695,0.749206889273791
in100.byol.s0.null.extL,in100.pairs100.v1@audit_v1.o8,fidelity,student.z.pred.tap1,,20,,2.319322531084862,1.2785643380272793,1.2405020095850945,0.6987337052560639
in100.byol.s0.null.extL,in100.pairs100.v1@audit_v1.o8,fidelity,student.z.pred.tap1,,21,,1.6096065735149085,1.0192021181517927,0.9864438473003105,0.6168004747730655
in100.byol.s0.null.extL,in100.pairs100.v1@audit_v1.o8,fidelity,student.z.pred.tap1,,22,,1.4908090126684121,0.9712262688929428,0.9180277697724387,0.5985240157258398
in100.byol.s0.null.extL,in100.pairs100.v1@audit_v1.o8,theta,student.z.proj.out,,0,53.266375067085235,,,,
in100.byol.s0.null.extL,in100.pairs100.v1@audit_v1.o8,theta,student.z.proj.out,,1,36.933534548829186,,,,
in100.byol.s0.null.extL,in100.pairs100.v1@audit_v1.o8,theta,student.z.proj.out,,2,28.79819526857946,,,,
in100.byol.s0.null.extL,in100.pairs100.v1@audit_v1.o8,theta,student.z.proj.out,,3,26.043409397553784,,,,
in100.byol.s0.null.extL,in100.pairs100.v1@audit_v1.o8,theta,student.z.proj.out,,4,22.765150236300663,,,,
in100.byol.s0.null.extL,in100.pairs100.v1@audit_v1.o8,theta,student.z.proj.out,,5,21.392018689498247,,,,
in100.byol.s0.null.extL,in100.pairs100.v1@audit_v1.o8,theta,student.z.proj.out,,6,19.35449262992388,,,,
in100.byol.s0.null.extL,in100.pairs100.v1@audit_v1.o8,theta,student.z.proj.out,,7,14.739434627475367,,,,
in100.byol.s0.null.extL,in100.pairs100.v1@audit_v1.o8,theta,student.z.proj.out,,8,13.041442621751276,,,,
in100.byol.s0.null.extL,in100.pairs100.v1@audit_v1.o8,theta,student.z.proj.out,,9,10.857630294627244,,,,
in100.byol.s0.null.extL,in100.pairs100.v1@audit_v1.o8,theta,student.z.proj.out,,10,8.395671112451208,,,,
in100.byol.s0.null.extL,in100.pairs100.v1@audit_v1.o8,theta,student.z.proj.out,,11,7.550909802112545,,,,
in100.byol.s0.null.extL,in100.pairs100.v1@audit_v1.o8,theta,student.z.proj.out,,12,6.703264096126135,,,,
in100.byol.s0.null.extL,in100.pairs100.v1@audit_v1.o8,theta,student.z.proj.out,,13,5.710976128232254,,,,
in100.byol.s0.null.extL,in100.pairs100.v1@audit_v1.o8,theta,student.z.proj.out,,14,5.197861189468165,,,,
in100.byol.s0.null.extL,in100.pairs100.v1@audit_v1.o8,theta,student.z.proj.out,,15,4.125772413323581,,,,
in100.byol.s0.null.extL,in100.pairs100.v1@audit_v1.o8,theta,student.z.proj.out,,16,3.060938817187638,,,,
in100.byol.s0.null.extL,in100.pairs100.v1@audit_v1.o8,theta,student.z.proj.out,,17,2.6024983824359573,,,,
in100.byol.s0.null.extL,in100.pairs100.v1@audit_v1.o8,theta,student.z.proj.out,,18,1.6723116951309303,,,,
in100.byol.s0.null.extL,in100.pairs100.v1@audit_v1.o8,theta,student.z.proj.out,,19,1.577631517494325,,,,
in100.byol.s0.null.extL,in100.pairs100.v1@audit_v1.o8,fidelity,student.z.proj.out,,0,,55.53797276555714,14.866805963653926,15.027011461922584,0.9823127722646399
in100.byol.s0.null.extL,in100.pairs100.v1@audit_v1.o8,fidelity,student.z.proj.out,,1,,34.206220788095244,9.523151125879142,9.287867102678641,0.9715959288553305
in100.byol.s0.null.extL,in100.pairs100.v1@audit_v1.o8,fidelity,student.z.proj.out,,2,,27.374711602933075,7.808435251786077,7.8939443797884135,0.9647573510528075
in100.byol.s0.null.extL,in100.pairs100.v1@audit_v1.o8,fidelity,student.z.proj.out,,3,,24.484081372335275,7.08178016073667,7.054670281185595,0.9607598176528518
in100.byol.s0.null.extL,in100.pairs100.v1@audit_v1.o8,fidelity,student.z.proj.out,,4,,22.65072754554246,6.620399889010508,6.864062134587352,0.9577180026248929
in100.byol.s0.null.extL,in100.pairs100.v1@audit_v1.o8,fidelity,student.z.proj.out,,5,,21.366036348965352,6.296798438273522,6.217514240973137,0.9552893510321842
in100.byol.s0.null.extL,in100.pairs100.v1@audit_v1.o8,fidelity,student.z.proj.out,,6,,17.985533476657167,5.4437116862100305,5.568390717659215,0.9473283170457387
in100.byol.s0.null.extL,in100.pairs100.v1@audit_v1.o8,fidelity,student.z.proj.out,,7,,13.997131186789339,4.432603377310721,4.450866028012672,0.9333205806133856
in100.byol.s0.null.extL,in100.pairs100.v1@audit_v1.o8,fidelity,student.z.proj.out,,8,,13.224063349935111,4.235712438560532,4.470420470431384,0.9296966010767548
in100.byol.s0.null.extL,in100.pairs100.v1@audit_v1.o8,fidelity,student.z.proj.out,,9,,10.900961882223143,3.6412136490352722,3.5121161394268965,0.9159731784794863
in100.byol.s0.null.extL,in100.pairs100.v1@audit_v1.o8,fidelity,student.z.proj.out,,10,,8.043170258157364,2.900211875306165,2.8713603424482357,0.8894193107668239
in100.byol.s0.null.extL,in100.pairs100.v1@audit_v1.o8,fidelity,student.z.proj.out,,11,,6.996688837850901,2.6241204511316174,2.556145225630432,0.874948241668892
in100.byol.s0.null.extL,in100.pairs100.v1@audit_v1.o8,fidelity,student.z.proj.out,,12,,6.156357420532774,2.399353461404516,2.2894615473501156,0.8602641062713225
in100.byol.s0.null.extL,in100.pairs100.v1@audit_v1.o8,fidelity,student.z.proj.out,,13,,5.558189999631233,2.23706640374313,2.216489245591722,0.8475189038353219
in100.byol.s0.null.extL,in100.pairs100.v1@audit_v1.o8,fidelity,student.z.proj.out,,14,,5.297550485774064,2.165595722552199,2.0894264771679074,0.8412081011086829
in100.byol.s0.null.extL,in100.pairs100.v1@audit_v1.o8,fidelity,student.z.proj.out,,15,,4.073268454440069,1.8212055258869566,1.8896287391155202,0.8028884122769393
in100.byol.s0.null.extL,in100.pairs100.v1@audit_v1.o8,fidelity,student.z.proj.out,,16,,3.1055212410714317,1.532805879329333,1.6217804539001437,0.7564255690614752
in100.byol.s0.null.extL,in100.pairs100.v1@audit_v1.o8,fidelity,student.z.proj.out,,17,,2.57057221828999,1.3625759003842768,1.3336771922559778,0.7199328458117793
in100.byol.s0.null.extL,in100.pairs100.v1@audit_v1.o8,fidelity,student.z.proj.out,,18,,1.6696297180546187,1.0428236461383675,1.0134809296895289,0.6254162166247129
in100.byol.s0.null.extL,in100.pairs100.v1@audit_v1.o8,fidelity,student.z.proj.out,,19,,1.5226407328397513,0.9842501883256112,0.9301939722914223,0.6035900051156733
in100.byol.s0.null.extL,in100.pairs100.v1@audit_v1.o8,theta,student.z.proj.tap1,,0,50.67859571611899,,,,
in100.byol.s0.null.extL,in100.pairs100.v1@audit_v1.o8,theta,student.z.proj.tap1,,1,35.58677932453101,,,,
in100.byol.s0.null.extL,in100.pairs100.v1@audit_v1.o8,theta,student.z.proj.tap1,,2,29.20816540251396,,,,
in100.byol.s0.null.extL,in100.pairs100.v1@audit_v1.o8,theta,student.z.proj.tap1,,3,25.508739546808982,,,,
in100.byol.s0.null.extL,in100.pairs100.v1@audit_v1.o8,theta,student.z.proj.tap1,,4,22.452771000030115,,,,
in100.byol.s0.null.extL,in100.pairs100.v1@audit_v1.o8,theta,student.z.proj.tap1,,5,22.002243560316398,,,,
in100.byol.s0.null.extL,in100.pairs100.v1@audit_v1.o8,theta,student.z.proj.tap1,,6,18.4196736493672,,,,
in100.byol.s0.null.extL,in100.pairs100.v1@audit_v1.o8,theta,student.z.proj.tap1,,7,13.983193796106184,,,,
in100.byol.s0.null.extL,in100.pairs100.v1@audit_v1.o8,theta,student.z.proj.tap1,,8,12.45256702367953,,,,
in100.byol.s0.null.extL,in100.pairs100.v1@audit_v1.o8,theta,student.z.proj.tap1,,9,10.602059317253923,,,,
in100.byol.s0.null.extL,in100.pairs100.v1@audit_v1.o8,theta,student.z.proj.tap1,,10,8.899204255974315,,,,
in100.byol.s0.null.extL,in100.pairs100.v1@audit_v1.o8,theta,student.z.proj.tap1,,11,6.564234063789801,,,,
in100.byol.s0.null.extL,in100.pairs100.v1@audit_v1.o8,theta,student.z.proj.tap1,,12,6.133001312251858,,,,
in100.byol.s0.null.extL,in100.pairs100.v1@audit_v1.o8,theta,student.z.proj.tap1,,13,5.247759050749142,,,,
in100.byol.s0.null.extL,in100.pairs100.v1@audit_v1.o8,theta,student.z.proj.tap1,,14,4.806887348852282,,,,
in100.byol.s0.null.extL,in100.pairs100.v1@audit_v1.o8,theta,student.z.proj.tap1,,15,3.649090632789417,,,,
in100.byol.s0.null.extL,in100.pairs100.v1@audit_v1.o8,theta,student.z.proj.tap1,,16,2.836276796807282,,,,
in100.byol.s0.null.extL,in100.pairs100.v1@audit_v1.o8,theta,student.z.proj.tap1,,17,2.416389654452838,,,,
in100.byol.s0.null.extL,in100.pairs100.v1@audit_v1.o8,theta,student.z.proj.tap1,,18,1.5837312187523542,,,,
in100.byol.s0.null.extL,in100.pairs100.v1@audit_v1.o8,theta,student.z.proj.tap1,,19,1.4873928860884558,,,,
in100.byol.s0.null.extL,in100.pairs100.v1@audit_v1.o8,fidelity,student.z.proj.tap1,,0,,51.225021460482424,13.787107455324978,13.873280981890307,0.980852090204373
in100.byol.s0.null.extL,in100.pairs100.v1@audit_v1.o8,fidelity,student.z.proj.tap1,,1,,33.51967492895071,9.350949745650803,9.223499132048921,0.9710310134131267
in100.byol.s0.null.extL,in100.pairs100.v1@audit_v1.o8,fidelity,student.z.proj.tap1,,2,,28.11043851688721,7.993257690503329,8.003005232812361,0.9656480612815265
in100.byol.s0.null.extL,in100.pairs100.v1@audit_v1.o8,fidelity,student.z.proj.tap1,,3,,23.89773645787844,6.934269820751915,7.146549761737133,0.9598357062823047
in100.byol.s0.null.extL,in100.pairs100.v1@audit_v1.o8,fidelity,student.z.proj.tap1,,4,,21.95831188370366,6.446020761447032,6.17667323899131,0.9564427905211174
in100.byol.s0.null.extL,in100.pairs100.v1@audit_v1.o8,fidelity,student.z.proj.tap1,,5,,19.637031184874456,5.860801213920433,5.919434931682149,0.9515434177018188
in100.byol.s0.null.extL,in100.pairs100.v1@audit_v1.o8,fidelity,student.z.proj.tap1,,6,,17.069407705249134,5.21200976920829,5.2829628296774,0.944657842896007
in100.byol.s0.null.extL,in100.pairs100.v1@audit_v1.o8,fidelity,student.z.proj.tap1,,7,,14.551361213093926,4.573537250550482,4.622513557002724,0.9356969472769997
in100.byol.s0.null.extL,in100.pairs100.v1@audit_v1.o8,fidelity,student.z.proj.tap1,,8,,12.403170397387933,4.026183385977967,4.093501781234645,0.9253907866309836
in100.byol.s0.null.extL,in100.pairs100.v1@audit_v1.o8,fidelity,student.z.proj.tap1,,9,,10.857519964382513,3.6300453238967716,3.552234101380173,0.9156653328011432
in100.byol.s0.null.extL,in100.pairs100.v1@audit_v1.o8,fidelity,student.z.proj.tap1,,10,,8.572428537143095,3.0386404364023907,3.0457060421900652,0.8955333021166172
in100.byol.s0.null.extL,in100.pairs100.v1@audit_v1.o8,fidelity,student.z.proj.tap1,,11,,6.345094602276738,2.450128365294025,2.3228394187531762,0.8638547147248407
in100.byol.s0.null.extL,in100.pairs100.v1@audit_v1.o8,fidelity,student.z.proj.tap1,,12,,5.847030929543892,2.3157090274377956,2.192726509950428,0.8539512950518227
in100.byol.s0.null.extL,in100.pairs100.v1@audit_v1.o8,fidelity,student.z.proj.tap1,,13,,5.062488582719146,2.100673381429664,2.096158660985083,0.8350512357498775
in100.byol.s0.null.extL,in100.pairs100.v1@audit_v1.o8,fidelity,student.z.proj.tap1,,14,,4.851628319592619,2.0420144760990095,2.0352294420022896,0.8291073962008547
in100.byol.s0.null.extL,in100.pairs100.v1@audit_v1.o8,fidelity,student.z.proj.tap1,,15,,3.3554568825238293,1.609267182484976,1.6755722245114768,0.7704029618540188
in100.byol.s0.null.extL,in100.pairs100.v1@audit_v1.o8,fidelity,student.z.proj.tap1,,16,,2.8658111000564843,1.4577748484115025,1.5571998800291251,0.7413220733973813
in100.byol.s0.null.extL,in100.pairs100.v1@audit_v1.o8,fidelity,student.z.proj.tap1,,17,,2.394228897375687,1.3039394981283536,1.2505587779182417,0.7053822737844319
in100.byol.s0.null.extL,in100.pairs100.v1@audit_v1.o8,fidelity,student.z.proj.tap1,,18,,1.5897999931334243,1.0113197941550867,0.992353718511112,0.6138697958717305
in100.byol.s0.null.extL,in100.pairs100.v1@audit_v1.o8,fidelity,student.z.proj.tap1,,19,,1.4698602375590337,0.9625838500026631,0.9019252053129463,0.5951187906129047
in100.byol.s0.null.extL,in100.pairs100.v1@audit_v1.o8,theta,teacher.z.proj.out,,0,53.266375067085235,,,,
in100.byol.s0.null.extL,in100.pairs100.v1@audit_v1.o8,theta,teacher.z.proj.out,,1,36.933534548829186,,,,
in100.byol.s0.null.extL,in100.pairs100.v1@audit_v1.o8,theta,teacher.z.proj.out,,2,28.79819526857946,,,,
in100.byol.s0.null.extL,in100.pairs100.v1@audit_v1.o8,theta,teacher.z.proj.out,,3,26.043409397553784,,,,
in100.byol.s0.null.extL,in100.pairs100.v1@audit_v1.o8,theta,teacher.z.proj.out,,4,22.765150236300663,,,,
in100.byol.s0.null.extL,in100.pairs100.v1@audit_v1.o8,theta,teacher.z.proj.out,,5,21.392018689498247,,,,
in100.byol.s0.null.extL,in100.pairs100.v1@audit_v1.o8,theta,teacher.z.proj.out,,6,19.35449262992388,,,,
in100.byol.s0.null.extL,in100.pairs100.v1@audit_v1.o8,theta,teacher.z.proj.out,,7,14.739434627475367,,,,
in100.byol.s0.null.extL,in100.pairs100.v1@audit_v1.o8,theta,teacher.z.proj.out,,8,13.041442621751276,,,,
in100.byol.s0.null.extL,in100.pairs100.v1@audit_v1.o8,theta,teacher.z.proj.out,,9,10.857630294627244,,,,
in100.byol.s0.null.extL,in100.pairs100.v1@audit_v1.o8,theta,teacher.z.proj.out,,10,8.395671112451208,,,,
in100.byol.s0.null.extL,in100.pairs100.v1@audit_v1.o8,theta,teacher.z.proj.out,,11,7.550909802112545,,,,
in100.byol.s0.null.extL,in100.pairs100.v1@audit_v1.o8,theta,teacher.z.proj.out,,12,6.703264096126135,,,,
in100.byol.s0.null.extL,in100.pairs100.v1@audit_v1.o8,theta,teacher.z.proj.out,,13,5.710976128232254,,,,
in100.byol.s0.null.extL,in100.pairs100.v1@audit_v1.o8,theta,teacher.z.proj.out,,14,5.197861189468165,,,,
in100.byol.s0.null.extL,in100.pairs100.v1@audit_v1.o8,theta,teacher.z.proj.out,,15,4.125772413323581,,,,
in100.byol.s0.null.extL,in100.pairs100.v1@audit_v1.o8,theta,teacher.z.proj.out,,16,3.060938817187638,,,,
in100.byol.s0.null.extL,in100.pairs100.v1@audit_v1.o8,theta,teacher.z.proj.out,,17,2.6024983824359573,,,,
in100.byol.s0.null.extL,in100.pairs100.v1@audit_v1.o8,theta,teacher.z.proj.out,,18,1.6723116951309303,,,,
in100.byol.s0.null.extL,in100.pairs100.v1@audit_v1.o8,theta,teacher.z.proj.out,,19,1.577631517494325,,,,
in100.byol.s0.null.extL,in100.pairs100.v1@audit_v1.o8,fidelity,teacher.z.proj.out,,0,,55.53797276555714,14.866805963653926,15.027011461922584,0.9823127722646399
in100.byol.s0.null.extL,in100.pairs100.v1@audit_v1.o8,fidelity,teacher.z.proj.out,,1,,34.206220788095244,9.523151125879142,9.287867102678641,0.9715959288553305
in100.byol.s0.null.extL,in100.pairs100.v1@audit_v1.o8,fidelity,teacher.z.proj.out,,2,,27.374711602933075,7.808435251786077,7.8939443797884135,0.9647573510528075
in100.byol.s0.null.extL,in100.pairs100.v1@audit_v1.o8,fidelity,teacher.z.proj.out,,3,,24.484081372335275,7.08178016073667,7.054670281185595,0.9607598176528518
in100.byol.s0.null.extL,in100.pairs100.v1@audit_v1.o8,fidelity,teacher.z.proj.out,,4,,22.65072754554246,6.620399889010508,6.864062134587352,0.9577180026248929
in100.byol.s0.null.extL,in100.pairs100.v1@audit_v1.o8,fidelity,teacher.z.proj.out,,5,,21.366036348965352,6.296798438273522,6.217514240973137,0.9552893510321842
in100.byol.s0.null.extL,in100.pairs100.v1@audit_v1.o8,fidelity,teacher.z.proj.out,,6,,17.985533476657167,5.4437116862100305,5.568390717659215,0.9473283170457387
in100.byol.s0.null.extL,in100.pairs100.v1@audit_v1.o8,fidelity,teacher.z.proj.out,,7,,13.997131186789339,4.432603377310721,4.450866028012672,0.9333205806133856
in100.byol.s0.null.extL,in100.pairs100.v1@audit_v1.o8,fidelity,teacher.z.proj.out,,8,,13.224063349935111,4.235712438560532,4.470420470431384,0.9296966010767548
in100.byol.s0.null.extL,in100.pairs100.v1@audit_v1.o8,fidelity,teacher.z.proj.out,,9,,10.900961882223143,3.6412136490352722,3.5121161394268965,0.9159731784794863
in100.byol.s0.null.extL,in100.pairs100.v1@audit_v1.o8,fidelity,teacher.z.proj.out,,10,,8.043170258157364,2.900211875306165,2.8713603424482357,0.8894193107668239
in100.byol.s0.null.extL,in100.pairs100.v1@audit_v1.o8,fidelity,teacher.z.proj.out,,11,,6.996688837850901,2.6241204511316174,2.556145225630432,0.874948241668892
in100.byol.s0.null.extL,in100.pairs100.v1@audit_v1.o8,fidelity,teacher.z.proj.out,,12,,6.156357420532774,2.399353461404516,2.2894615473501156,0.8602641062713225
in100.byol.s0.null.extL,in100.pairs100.v1@audit_v1.o8,fidelity,teacher.z.proj.out,,13,,5.558189999631233,2.23706640374313,2.216489245591722,0.8475189038353219
in100.byol.s0.null.extL,in100.pairs100.v1@audit_v1.o8,fidelity,teacher.z.proj.out,,14,,5.297550485774064,2.165595722552199,2.0894264771679074,0.8412081011086829
in100.byol.s0.null.extL,in100.pairs100.v1@audit_v1.o8,fidelity,teacher.z.proj.out,,15,,4.073268454440069,1.8212055258869566,1.8896287391155202,0.8028884122769393
in100.byol.s0.null.extL,in100.pairs100.v1@audit_v1.o8,fidelity,teacher.z.proj.out,,16,,3.1055212410714317,1.532805879329333,1.6217804539001437,0.7564255690614752
in100.byol.s0.null.extL,in100.pairs100.v1@audit_v1.o8,fidelity,teacher.z.proj.out,,17,,2.57057221828999,1.3625759003842768,1.3336771922559778,0.7199328458117793
in100.byol.s0.null.extL,in100.pairs100.v1@audit_v1.o8,fidelity,teacher.z.proj.out,,18,,1.6696297180546187,1.0428236461383675,1.0134809296895289,0.6254162166247129
in100.byol.s0.null.extL,in100.pairs100.v1@audit_v1.o8,fidelity,teacher.z.proj.out,,19,,1.5226407328397513,0.9842501883256112,0.9301939722914223,0.6035900051156733
in100.byol.s0.null.extL,in100.pairs100.v1@audit_v1.o8,theta,teacher.z.proj.tap1,,0,50.67859571611899,,,,
in100.byol.s0.null.extL,in100.pairs100.v1@audit_v1.o8,theta,teacher.z.proj.tap1,,1,35.58677932453101,,,,
in100.byol.s0.null.extL,in100.pairs100.v1@audit_v1.o8,theta,teacher.z.proj.tap1,,2,29.20816540251396,,,,
in100.byol.s0.null.extL,in100.pairs100.v1@audit_v1.o8,theta,teacher.z.proj.tap1,,3,25.508739546808982,,,,
in100.byol.s0.null.extL,in100.pairs100.v1@audit_v1.o8,theta,teacher.z.proj.tap1,,4,22.452771000030115,,,,
in100.byol.s0.null.extL,in100.pairs100.v1@audit_v1.o8,theta,teacher.z.proj.tap1,,5,22.002243560316398,,,,
in100.byol.s0.null.extL,in100.pairs100.v1@audit_v1.o8,theta,teacher.z.proj.tap1,,6,18.4196736493672,,,,
in100.byol.s0.null.extL,in100.pairs100.v1@audit_v1.o8,theta,teacher.z.proj.tap1,,7,13.983193796106184,,,,
in100.byol.s0.null.extL,in100.pairs100.v1@audit_v1.o8,theta,teacher.z.proj.tap1,,8,12.45256702367953,,,,
in100.byol.s0.null.extL,in100.pairs100.v1@audit_v1.o8,theta,teacher.z.proj.tap1,,9,10.602059317253923,,,,
in100.byol.s0.null.extL,in100.pairs100.v1@audit_v1.o8,theta,teacher.z.proj.tap1,,10,8.899204255974315,,,,
in100.byol.s0.null.extL,in100.pairs100.v1@audit_v1.o8,theta,teacher.z.proj.tap1,,11,6.564234063789801,,,,
in100.byol.s0.null.extL,in100.pairs100.v1@audit_v1.o8,theta,teacher.z.proj.tap1,,12,6.133001312251858,,,,
in100.byol.s0.null.extL,in100.pairs100.v1@audit_v1.o8,theta,teacher.z.proj.tap1,,13,5.247759050749142,,,,
in100.byol.s0.null.extL,in100.pairs100.v1@audit_v1.o8,theta,teacher.z.proj.tap1,,14,4.806887348852282,,,,
in100.byol.s0.null.extL,in100.pairs100.v1@audit_v1.o8,theta,teacher.z.proj.tap1,,15,3.649090632789417,,,,
in100.byol.s0.null.extL,in100.pairs100.v1@audit_v1.o8,theta,teacher.z.proj.tap1,,16,2.836276796807282,,,,
in100.byol.s0.null.extL,in100.pairs100.v1@audit_v1.o8,theta,teacher.z.proj.tap1,,17,2.416389654452838,,,,
in100.byol.s0.null.extL,in100.pairs100.v1@audit_v1.o8,theta,teacher.z.proj.tap1,,18,1.5837312187523542,,,,
in100.byol.s0.null.extL,in100.pairs100.v1@audit_v1.o8,theta,teacher.z.proj.tap1,,19,1.4873928860884558,,,,
in100.byol.s0.null.extL,in100.pairs100.v1@audit_v1.o8,fidelity,teacher.z.proj.tap1,,0,,51.225021460482424,13.787107455324978,13.873280981890307,0.980852090204373
in100.byol.s0.null.extL,in100.pairs100.v1@audit_v1.o8,fidelity,teacher.z.proj.tap1,,1,,33.51967492895071,9.350949745650803,9.223499132048921,0.9710310134131267
in100.byol.s0.null.extL,in100.pairs100.v1@audit_v1.o8,fidelity,teacher.z.proj.tap1,,2,,28.11043851688721,7.993257690503329,8.003005232812361,0.9656480612815265
in100.byol.s0.null.extL,in100.pairs100.v1@audit_v1.o8,fidelity,teacher.z.proj.tap1,,3,,23.89773645787844,6.934269820751915,7.146549761737133,0.9598357062823047
in100.byol.s0.null.extL,in100.pairs100.v1@audit_v1.o8,fidelity,teacher.z.proj.tap1,,4,,21.95831188370366,6.446020761447032,6.17667323899131,0.9564427905211174
in100.byol.s0.null.extL,in100.pairs100.v1@audit_v1.o8,fidelity,teacher.z.proj.tap1,,5,,19.637031184874456,5.860801213920433,5.919434931682149,0.9515434177018188
in100.byol.s0.null.extL,in100.pairs100.v1@audit_v1.o8,fidelity,teacher.z.proj.tap1,,6,,17.069407705249134,5.21200976920829,5.2829628296774,0.944657842896007
in100.byol.s0.null.extL,in100.pairs100.v1@audit_v1.o8,fidelity,teacher.z.proj.tap1,,7,,14.551361213093926,4.573537250550482,4.622513557002724,0.9356969472769997
in100.byol.s0.null.extL,in100.pairs100.v1@audit_v1.o8,fidelity,teacher.z.proj.tap1,,8,,12.403170397387933,4.026183385977967,4.093501781234645,0.9253907866309836
in100.byol.s0.null.extL,in100.pairs100.v1@audit_v1.o8,fidelity,teacher.z.proj.tap1,,9,,10.857519964382513,3.6300453238967716,3.552234101380173,0.9156653328011432
in100.byol.s0.null.extL,in100.pairs100.v1@audit_v1.o8,fidelity,teacher.z.proj.tap1,,10,,8.572428537143095,3.0386404364023907,3.0457060421900652,0.8955333021166172
in100.byol.s0.null.extL,in100.pairs100.v1@audit_v1.o8,fidelity,teacher.z.proj.tap1,,11,,6.345094602276738,2.450128365294025,2.3228394187531762,0.8638547147248407
in100.byol.s0.null.extL,in100.pairs100.v1@audit_v1.o8,fidelity,teacher.z.proj.tap1,,12,,5.847030929543892,2.3157090274377956,2.192726509950428,0.8539512950518227
in100.byol.s0.null.extL,in100.pairs100.v1@audit_v1.o8,fidelity,teacher.z.proj.tap1,,13,,5.062488582719146,2.100673381429664,2.096158660985083,0.8350512357498775
in100.byol.s0.null.extL,in100.pairs100.v1@audit_v1.o8,fidelity,teacher.z.proj.tap1,,14,,4.851628319592619,2.0420144760990095,2.0352294420022896,0.8291073962008547
in100.byol.s0.null.extL,in100.pairs100.v1@audit_v1.o8,fidelity,teacher.z.proj.tap1,,15,,3.3554568825238293,1.609267182484976,1.6755722245114768,0.7704029618540188
in100.byol.s0.null.extL,in100.pairs100.v1@audit_v1.o8,fidelity,teacher.z.proj.tap1,,16,,2.8658111000564843,1.4577748484115025,1.5571998800291251,0.7413220733973813
in100.byol.s0.null.extL,in100.pairs100.v1@audit_v1.o8,fidelity,teacher.z.proj.tap1,,17,,2.394228897375687,1.3039394981283536,1.2505587779182417,0.7053822737844319
in100.byol.s0.null.extL,in100.pairs100.v1@audit_v1.o8,fidelity,teacher.z.proj.tap1,,18,,1.5897999931334243,1.0113197941550867,0.992353718511112,0.6138697958717305
in100.byol.s0.null.extL,in100.pairs100.v1@audit_v1.o8,fidelity,teacher.z.proj.tap1,,19,,1.4698602375590337,0.9625838500026631,0.9019252053129463,0.5951187906129047
in100.byol.s0.null.extL,in100.pairs100.v1@audit_v1.o8,sigma_c,student.h.cls~student.z.pred.out,holdout,0,0.18552091991005074,,,,
in100.byol.s0.null.extL,in100.pairs100.v1@audit_v1.o8,sigma_c,student.h.cls~student.z.pred.out,holdout,1,0.16789677980957118,,,,
in100.byol.s0.null.extL,in100.pairs100.v1@audit_v1.o8,sigma_c,student.h.cls~student.z.pred.out,holdout,2,0.15720302944850356,,,,
in100.byol.s0.null.extL,in100.pairs100.v1@audit_v1.o8,sigma_c,student.h.cls~student.z.pred.out,holdout,3,0.1431858257395683,,,,
in100.byol.s0.null.extL,in100.pairs100.v1@audit_v1.o8,sigma_c,student.h.cls~student.z.pred.out,holdout,4,0.13054660748921323,,,,
in100.byol.s0.null.extL,in100.pairs100.v1@audit_v1.o8,sigma_c,student.h.cls~student.z.pred.out,holdout,5,0.12357676989205661,,,,
in100.byol.s0.null.extL,in100.pairs100.v1@audit_v1.o8,sigma_c,student.h.cls~student.z.pred.out,holdout,6,0.11495824678911738,,,,
in100.byol.s0.null.extL,in100.pairs100.v1@audit_v1.o8,sigma_c,student.h.cls~student.z.pred.out,holdout,7,0.10768731350851295,,,,
in100.byol.s0.null.extL,in100.pairs100.v1@audit_v1.o8,sigma_c,student.h.cls~student.z.pred.out,holdout,8,0.10380479264027215,,,,
in100.byol.s0.null.extL,in100.pairs100.v1@audit_v1.o8,sigma_c,student.h.cls~student.z.pred.out,holdout,9,0.0958999489379627,,,,
in100.byol.s0.null.extL,in100.pairs100.v1@audit_v1.o8,sigma_c,student.h.cls~student.z.pred.out,holdout,10,0.09106983959340843,,,,
in100.byol.s0.null.extL,in100.pairs100.v1@audit_v1.o8,sigma_c,student.h.cls~student.z.pred.out,holdout,11,0.07908234650047886,,,,
in100.byol.s0.null.extL,in100.pairs100.v1@audit_v1.o8,sigma_c,student.h.cls~student.z.pred.out,holdout,12,0.07242528054837108,,,,
in100.byol.s0.null.extL,in100.pairs100.v1@audit_v1.o8,sigma_c,student.h.cls~student.z.pred.out,holdout,13,0.0691118750143157,,,,
in100.byol.s0.null.extL,in100.pairs100.v1@audit_v1.o8,sigma_c,student.h.cls~student.z.pred.out,holdout,14,0.0647914854465134,,,,
in100.byol.s0.null.extL,in100.pairs100.v1@audit_v1.o8,sigma_c,student.h.cls~student.z.pred.out,holdout,15,0.06274221451513191,,,,
in100.byol.s0.null.extL,in100.pairs100.v1@audit_v1.o8,sigma_c,student.h.cls~student.z.pred.out,holdout,16,0.05497400843118433,,,,
in100.byol.s0.null.extL,in100.pairs100.v1@audit_v1.o8,sigma_c,student.h.cls~student.z.pred.out,holdout,17,0.05423835699213513,,,,
in100.byol.s0.null.extL,in100.pairs100.v1@audit_v1.o8,sigma_c,student.h.cls~student.z.pred.out,holdout,18,0.05006386814704987,,,,
in100.byol.s0.null.extL,in100.pairs100.v1@audit_v1.o8,sigma_c,student.h.cls~student.z.pred.out,holdout,19,0.048866082913259216,,,,
in100.byol.s0.null.extL,in100.pairs100.v1@audit_v1.o8,sigma_c,student.h.cls~student.z.pred.out,holdout,20,0.03950643129996675,,,,
in100.byol.s0.null.extL,in100.pairs100.v1@audit_v1.o8,sigma_c,student.h.cls~student.z.pred.out,holdout,21,0.03773418059103044,,,,
in100.byol.s0.null.extL,in100.pairs100.v1@audit_v1.o8,sigma_c,student.h.cls~student.z.pred.out,holdout,22,0.03660683898301912,,,,
in100.byol.s0.null.extL,in100.pairs100.v1@audit_v1.o8,sigma_c,student.h.cls~student.z.pred.out,holdout,23,0.028881454902487117,,,,
in100.byol.s0.null.extL,in100.pairs100.v1@audit_v1.o8,sigma_c,student.h.cls~student.z.pred.out,holdout,24,0.02813354705313761,,,,
in100.byol.s0.null.extL,in100.pairs100.v1@audit_v1.o8,sigma_c,student.h.cls~student.z.pred.out,holdout,25,0.02152626341163621,,,,
in100.byol.s0.null.extL,in100.pairs100.v1@audit_v1.o8,sigma_c,student.h.cls~student.z.pred.out,holdout,26,0.018849218060532254,,,,
in100.byol.s0.null.extL,in100.pairs100.v1@audit_v1.o8,sigma_c,student.h.cls~student.z.pred.out,holdout,27,0.01792149766816841,,,,
in100.byol.s0.null.extL,in100.pairs100.v1@audit_v1.o8,sigma_c,student.h.cls~student.z.pred.out,holdout,28,0.014771549225393418,,,,
in100.byol.s0.null.extL,in100.pairs100.v1@audit_v1.o8,sigma_c,student.h.cls~student.z.pred.out,holdout,29,0.013883800128074057,,,,
in100.byol.s0.null.extL,in100.pairs100.v1@audit_v1.o8,sigma_c,student.h.cls~student.z.pred.out,holdout,30,0.01129928753403417,,,,
in100.byol.s0.null.extL,in100.pairs100.v1@audit_v1.o8,sigma_c,student.h.cls~student.z.pred.out,holdout,31,0.01047607858063513,,,,
in100.byol.s0.null.extL,in100.pairs100.v1@audit_v1.o8,sigma_c,student.h.cls~student.z.pred.out,holdout,32,0.010054744946141256,,,,
in100.byol.s0.null.extL,in100.pairs100.v1@audit_v1.o8,sigma_c,student.h.cls~student.z.pred.out,holdout,33,0.006483370280739728,,,,
in100.byol.s0.null.extL,in100.pairs100.v1@audit_v1.o8,sigma_c,student.h.cls~student.z.pred.out,holdout,34,0.005826800888801319,,,,
in100.byol.s0.null.extL,in100.pairs100.v1@audit_v1.o8,sigma_c,student.h.cls~student.z.pred.out,holdout,35,0.00335412570222192,,,,
in100.byol.s0.null.extL,in100.pairs100.v1@audit_v1.o8,sigma_c,student.h.cls~student.z.pred.out,holdout,36,0.0030639740586004766,,,,
in100.byol.s0.null.extL,in100.pairs100.v1@audit_v1.o8,sigma_c,student.h.cls~student.z.pred.out,holdout,37,0.002694204126519869,,,,
in100.byol.s0.null.extL,in100.pairs100.v1@audit_v1.o8,sigma_c,student.h.cls~student.z.pred.out,holdout,38,0.0014760094639621679,,,,
in100.byol.s0.null.extL,in100.pairs100.v1@audit_v1.o8,sigma_c,student.h.cls~student.z.pred.out,holdout,39,0.0009977124966134745,,,,
in100.byol.s0.null.extL,in100.pairs100.v1@audit_v1.o8,sigma_c,student.h.cls~student.z.pred.out,holdout,40,0.00045197048846206306,,,,
in100.byol.s0.null.extL,in100.pairs100.v1@audit_v1.o8,sigma_c,student.h.cls~student.z.pred.out,holdout,41,0.00010520240930863562,,,,
in100.byol.s0.null.extL,in100.pairs100.v1@audit_v1.o8,sigma_c,student.h.cls~student.z.pred.out,insample,0,0.14880630896887007,,,,
in100.byol.s0.null.extL,in100.pairs100.v1@audit_v1.o8,sigma_c,student.h.cls~student.z.pred.out,insample,1,0.1399373221876043,,,,
in100.byol.s0.null.extL,in100.pairs100.v1@audit_v1.o8,sigma_c,student.h.cls~student.z.pred.out,insample,2,0.12469250520407558,,,,
in100.byol.s0.null.extL,in100.pairs100.v1@audit_v1.o8,sigma_c,student.h.cls~student.z.pred.out,insample,3,0.11686255149250967,,,,
in100.byol.s0.null.extL,in100.pairs100.v1@audit_v1.o8,sigma_c,student.h.cls~student.z.pred.out,insample,4,0.10738137244301756,,,,
in100.byol.s0.null.extL,in100.pairs100.v1@audit_v1.o8,sigma_c,student.h.cls~student.z.pred.out,insample,5,0.10321015377772812,,,,
in100.byol.s0.null.extL,in100.pairs100.v1@audit_v1.o8,sigma_c,student.h.cls~student.z.pred.out,insample,6,0.09562465717278014,,,,
in100.byol.s0.null.extL,in100.pairs100.v1@audit_v1.o8,sigma_c,student.h.cls~student.z.pred.out,insample,7,0.0920837535163998,,,,
in100.byol.s0.null.extL,in100.pairs100.v1@audit_v1.o8,sigma_c,student.h.cls~student.z.pred.out,insample,8,0.08342704540806789,,,,
in100.byol.s0.null.extL,in100.pairs100.v1@audit_v1.o8,sigma_c,student.h.cls~student.z.pred.out,insample,9,0.07654255321860923,,,,
in100.byol.s0.null.extL,in100.pairs100.v1@audit_v1.o8,sigma_c,student.h.cls~student.z.pred.out,insample,10,0.06908404742988429,,,,
in100.byol.s0.null.extL,in100.pairs100.v1@audit_v1.o8,sigma_c,student.h.cls~student.z.pred.out,insample,11,0.06483141770817132,,,,
in100.byol.s0.null.extL,in100.pairs100.v1@audit_v1.o8,sigma_c,student.h.cls~student.z.pred.out,insample,12,0.05905327686383689,,,,
in100.byol.s0.null.extL,in100.pairs100.v1@audit_v1.o8,sigma_c,student.h.cls~student.z.pred.out,insample,13,0.05521853247831859,,,,
in100.byol.s0.null.extL,in100.pairs100.v1@audit_v1.o8,sigma_c,student.h.cls~student.z.pred.out,insample,14,0.05233739200502773,,,,
in100.byol.s0.null.extL,in100.pairs100.v1@audit_v1.o8,sigma_c,student.h.cls~student.z.pred.out,insample,15,0.05056020900841162,,,,
in100.byol.s0.null.extL,in100.pairs100.v1@audit_v1.o8,sigma_c,student.h.cls~student.z.pred.out,insample,16,0.04574273585142184,,,,
in100.byol.s0.null.extL,in100.pairs100.v1@audit_v1.o8,sigma_c,student.h.cls~student.z.pred.out,insample,17,0.044940361791796155,,,,
in100.byol.s0.null.extL,in100.pairs100.v1@audit_v1.o8,sigma_c,student.h.cls~student.z.pred.out,insample,18,0.03984364345539842,,,,
in100.byol.s0.null.extL,in100.pairs100.v1@audit_v1.o8,sigma_c,student.h.cls~student.z.pred.out,insample,19,0.038739573537829745,,,,
in100.byol.s0.null.extL,in100.pairs100.v1@audit_v1.o8,sigma_c,student.h.cls~student.z.pred.out,insample,20,0.034535227355565294,,,,
in100.byol.s0.null.extL,in100.pairs100.v1@audit_v1.o8,sigma_c,student.h.cls~student.z.pred.out,insample,21,0.03090953472831958,,,,
in100.byol.s0.null.extL,in100.pairs100.v1@audit_v1.o8,sigma_c,student.h.cls~student.z.pred.out,insample,22,0.029517908031989747,,,,
in100.byol.s0.null.extL,in100.pairs100.v1@audit_v1.o8,sigma_c,student.h.cls~student.z.pred.out,insample,23,0.0235808004796163,,,,
in100.byol.s0.null.extL,in100.pairs100.v1@audit_v1.o8,sigma_c,student.h.cls~student.z.pred.out,insample,24,0.02137975805120894,,,,
in100.byol.s0.null.extL,in100.pairs100.v1@audit_v1.o8,sigma_c,student.h.cls~student.z.pred.out,insample,25,0.017456769721920905,,,,
in100.byol.s0.null.extL,in100.pairs100.v1@audit_v1.o8,sigma_c,student.h.cls~student.z.pred.out,insample,26,0.015382108639860581,,,,
in100.byol.s0.null.extL,in100.pairs100.v1@audit_v1.o8,sigma_c,student.h.cls~student.z.pred.out,insample,27,0.014583987316408193,,,,
in100.byol.s0.null.extL,in100.pairs100.v1@audit_v1.o8,sigma_c,student.h.cls~student.z.pred.out,insample,28,0.011810345998966541,,,,
in100.byol.s0.null.extL,in100.pairs100.v1@audit_v1.o8,sigma_c,student.h.cls~student.z.pred.out,insample,29,0.011072641551774827,,,,
in100.byol.s0.null.extL,in100.pairs100.v1@audit_v1.o8,sigma_c,student.h.cls~student.z.pred.out,insample,30,0.009423318171730996,,,,
in100.byol.s0.null.extL,in100.pairs100.v1@audit_v1.o8,sigma_c,student.h.cls~student.z.pred.out,insample,31,0.008793447681860952,,,,
in100.byol.s0.null.extL,in100.pairs100.v1@audit_v1.o8,sigma_c,student.h.cls~student.z.pred.out,insample,32,0.00825825068910957,,,,
in100.byol.s0.null.extL,in100.pairs100.v1@audit_v1.o8,sigma_c,student.h.cls~student.z.pred.out,insample,33,0.005456439147538185,,,,
in100.byol.s0.null.extL,in100.pairs100.v1@audit_v1.o8,sigma_c,student.h.cls~student.z.pred.out,insample,34,0.0047842690868835445,,,,
in100.byol.s0.null.extL,in100.pairs100.v1@audit_v1.o8,sigma_c,student.h.cls~student.z.pred.out,insample,35,0.002699851422312925,,,,
in100.byol.s0.null.extL,in100.pairs100.v1@audit_v1.o8,sigma_c,student.h.cls~student.z.pred.out,insample,36,0.0024789975954628177,,,,
in100.byol.s0.null.extL,in100.pairs100.v1@audit_v1.o8,sigma_c,student.h.cls~student.z.pred.out,insample,37,0.002101555374021458,,,,
in100.byol.s0.null.extL,in100.pairs100.v1@audit_v1.o8,sigma_c,student.h.cls~student.z.pred.out,insample,38,0.0011839606525787855,,,,
in100.byol.s0.null.extL,in100.pairs100.v1@audit_v1.o8,sigma_c,student.h.cls~student.z.pred.out,insample,39,0.0008045820790479961,,,,
in100.byol.s0.null.extL,in100.pairs100.v1@audit_v1.o8,sigma_c,student.h.cls~student.z.pred.out,insample,40,0.0003729277377251489,,,,
in100.byol.s0.null.extL,in100.pairs100.v1@audit_v1.o8,sigma_c,student.h.cls~student.z.pred.out,insample,41,8.995528802533538e-05,,,,
in100.byol.s0.null.extL,in100.pairs100.v1@audit_v1.o8,sigma_c,student.h.cls~student.z.pred.tap1,holdout,0,0.10234740667818201,,,,
in100.byol.s0.null.extL,in100.pairs100.v1@audit_v1.o8,sigma_c,student.h.cls~student.z.pred.tap1,holdout,1,0.0890408129052107,,,,
in100.byol.s0.null.extL,in100.pairs100.v1@audit_v1.o8,sigma_c,student.h.cls~student.z.pred.tap1,holdout,2,0.07893144937874746,,,,
in100.byol.s0.null.extL,in100.pairs100.v1@audit_v1.o8,sigma_c,student.h.cls~student.z.pred.tap1,holdout,3,0.07214736170711639,,,,
in100.byol.s0.null.extL,in100.pairs100.v1@audit_v1.o8,sigma_c,student.h.cls~student.z.pred.tap1,holdout,4,0.06891561840490905,,,,
in100.byol.s0.null.extL,in100.pairs100.v1@audit_v1.o8,sigma_c,student.h.cls~student.z.pred.tap1,holdout,5,0.06344432070644615,,,,
in100.byol.s0.null.extL,in100.pairs100.v1@audit_v1.o8,sigma_c,student.h.cls~student.z.pred.tap1,holdout,6,0.051302715304095824,,,,
in100.byol.s0.null.extL,in100.pairs100.v1@audit_v1.o8,sigma_c,student.h.cls~student.z.pred.tap1,holdout,7,0.0464534266067563,,,,
in100.byol.s0.null.extL,in100.pairs100.v1@audit_v1.o8,sigma_c,student.h.cls~student.z.pred.tap1,holdout,8,0.04409543278731525,,,,
in100.byol.s0.null.extL,in100.pairs100.v1@audit_v1.o8,sigma_c,student.h.cls~student.z.pred.tap1,holdout,9,0.03871859594828331,,,,
in100.byol.s0.null.extL,in100.pairs100.v1@audit_v1.o8,sigma_c,student.h.cls~student.z.pred.tap1,holdout,10,0.037364473344385224,,,,
in100.byol.s0.null.extL,in100.pairs100.v1@audit_v1.o8,sigma_c,student.h.cls~student.z.pred.tap1,holdout,11,0.034090444517662306,,,,
in100.byol.s0.null.extL,in100.pairs100.v1@audit_v1.o8,sigma_c,student.h.cls~student.z.pred.tap1,holdout,12,0.030164161825093544,,,,
in100.byol.s0.null.extL,in100.pairs100.v1@audit_v1.o8,sigma_c,student.h.cls~student.z.pred.tap1,holdout,13,0.02976034310128097,,,,
in100.byol.s0.null.extL,in100.pairs100.v1@audit_v1.o8,sigma_c,student.h.cls~student.z.pred.tap1,holdout,14,0.026842500737582188,,,,
in100.byol.s0.null.extL,in100.pairs100.v1@audit_v1.o8,sigma_c,student.h.cls~student.z.pred.tap1,holdout,15,0.025673482595918964,,,,
in100.byol.s0.null.extL,in100.pairs100.v1@audit_v1.o8,sigma_c,student.h.cls~student.z.pred.tap1,holdout,16,0.02270746928249076,,,,
in100.byol.s0.null.extL,in100.pairs100.v1@audit_v1.o8,sigma_c,student.h.cls~student.z.pred.tap1,holdout,17,0.020813942082437448,,,,
in100.byol.s0.null.extL,in100.pairs100.v1@audit_v1.o8,sigma_c,student.h.cls~student.z.pred.tap1,holdout,18,0.017979438364332585,,,,
in100.byol.s0.null.extL,in100.pairs100.v1@audit_v1.o8,sigma_c,student.h.cls~student.z.pred.tap1,holdout,19,0.01772004146124187,,,,
in100.byol.s0.null.extL,in100.pairs100.v1@audit_v1.o8,sigma_c,student.h.cls~student.z.pred.tap1,holdout,20,0.015231116926131421,,,,
in100.byol.s0.null.extL,in100.pairs100.v1@audit_v1.o8,sigma_c,student.h.cls~student.z.pred.tap1,holdout,21,0.012546886658771848,,,,
in100.byol.s0.null.extL,in100.pairs100.v1@audit_v1.o8,sigma_c,student.h.cls~student.z.pred.tap1,holdout,22,0.011283559383359969,,,,
in100.byol.s0.null.extL,in100.pairs100.v1@audit_v1.o8,sigma_c,student.h.cls~student.z.pred.tap1,holdout,23,0.009644561610946758,,,,
in100.byol.s0.null.extL,in100.pairs100.v1@audit_v1.o8,sigma_c,student.h.cls~student.z.pred.tap1,holdout,24,0.009356331698383917,,,,
in100.byol.s0.null.extL,in100.pairs100.v1@audit_v1.o8,sigma_c,student.h.cls~student.z.pred.tap1,holdout,25,0.007802898979147793,,,,
in100.byol.s0.null.extL,in100.pairs100.v1@audit_v1.o8,sigma_c,student.h.cls~student.z.pred.tap1,holdout,26,0.006656477517471274,,,,
in100.byol.s0.null.extL,in100.pairs100.v1@audit_v1.o8,sigma_c,student.h.cls~student.z.pred.tap1,holdout,27,0.005095430547890611,,,,
in100.byol.s0.null.extL,in100.pairs100.v1@audit_v1.o8,sigma_c,student.h.cls~student.z.pred.tap1,holdout,28,0.004977581099837372,,,,
in100.byol.s0.null.extL,in100.pairs100.v1@audit_v1.o8,sigma_c,student.h.cls~student.z.pred.tap1,holdout,29,0.004350608252751297,,,,
in100.byol.s0.null.extL,in100.pairs100.v1@audit_v1.o8,sigma_c,student.h.cls~student.z.pred.tap1,holdout,30,0.0030512997092825836,,,,
in100.byol.s0.null.extL,in100.pairs100.v1@audit_v1.o8,sigma_c,student.h.cls~student.z.pred.tap1,holdout,31,0.002989683955072901,,,,
in100.byol.s0.null.extL,in100.pairs100.v1@audit_v1.o8,sigma_c,student.h.cls~student.z.pred.tap1,holdout,32,0.002561855410151009,,,,
in100.byol.s0.null.extL,in100.pairs100.v1@audit_v1.o8,sigma_c,student.h.cls~student.z.pred.tap1,holdout,33,0.00211069009781242,,,,
in100.byol.s0.null.extL,in100.pairs100.v1@audit_v1.o8,sigma_c,student.h.cls~student.z.pred.tap1,holdout,34,0.0013554065281681335,,,,
in100.byol.s0.null.extL,in100.pairs100.v1@audit_v1.o8,sigma_c,student.h.cls~student.z.pred.tap1,holdout,35,0.001098276754655275,,,,
in100.byol.s0.null.extL,in100.pairs100.v1@audit_v1.o8,sigma_c,student.h.cls~student.z.pred.tap1,holdout,36,0.0010036345356148788,,,,
in100.byol.s0.null.extL,in100.pairs100.v1@audit_v1.o8,sigma_c,student.h.cls~student.z.pred.tap1,holdout,37,0.0005091601254791977,,,,
in100.byol.s0.null.extL,in100.pairs100.v1@audit_v1.o8,sigma_c,student.h.cls~student.z.pred.tap1,holdout,38,0.00039128255734483707,,,,
in100.byol.s0.null.extL,in100.pairs100.v1@audit_v1.o8,sigma_c,student.h.cls~student.z.pred.tap1,holdout,39,0.00015094816807148208,,,,
in100.byol.s0.null.extL,in100.pairs100.v1@audit_v1.o8,sigma_c,student.h.cls~student.z.pred.tap1,holdout,40,3.256210142671944e-05,,,,
in100.byol.s0.null.extL,in100.pairs100.v1@audit_v1.o8,sigma_c,student.h.cls~student.z.pred.tap1,insample,0,0.09060191387132352,,,,
in100.byol.s0.null.extL,in100.pairs100.v1@audit_v1.o8,sigma_c,student.h.cls~student.z.pred.tap1,insample,1,0.07075487167114695,,,,
in100.byol.s0.null.extL,in100.pairs100.v1@audit_v1.o8,sigma_c,student.h.cls~student.z.pred.tap1,insample,2,0.06361715512288381,,,,
in100.byol.s0.null.extL,in100.pairs100.v1@audit_v1.o8,sigma_c,student.h.cls~student.z.pred.tap1,insample,3,0.06187816243707002,,,,
in100.byol.s0.null.extL,in100.pairs100.v1@audit_v1.o8,sigma_c,student.h.cls~student.z.pred.tap1,insample,4,0.05911733772280936,,,,
in100.byol.s0.null.extL,in100.pairs100.v1@audit_v1.o8,sigma_c,student.h.cls~student.z.pred.tap1,insample,5,0.05083145767474485,,,,
in100.byol.s0.null.extL,in100.pairs100.v1@audit_v1.o8,sigma_c,student.h.cls~student.z.pred.tap1,insample,6,0.04411775874396499,,,,
in100.byol.s0.null.extL,in100.pairs100.v1@audit_v1.o8,sigma_c,student.h.cls~student.z.pred.tap1,insample,7,0.03572964785219669,,,,
in100.byol.s0.null.extL,in100.pairs100.v1@audit_v1.o8,sigma_c,student.h.cls~student.z.pred.tap1,insample,8,0.03444755988124135,,,,
in100.byol.s0.null.extL,in100.pairs100.v1@audit_v1.o8,sigma_c,student.h.cls~student.z.pred.tap1,insample,9,0.03265868517493361,,,,
in100.byol.s0.null.extL,in100.pairs100.v1@audit_v1.o8,sigma_c,student.h.cls~student.z.pred.tap1,insample,10,0.02821340350537915,,,,
in100.byol.s0.null.extL,in100.pairs100.v1@audit_v1.o8,sigma_c,student.h.cls~student.z.pred.tap1,insample,11,0.02636319432169638,,,,
in100.byol.s0.null.extL,in100.pairs100.v1@audit_v1.o8,sigma_c,student.h.cls~student.z.pred.tap1,insample,12,0.025028932178990385,,,,
in100.byol.s0.null.extL,in100.pairs100.v1@audit_v1.o8,sigma_c,student.h.cls~student.z.pred.tap1,insample,13,0.0241139545441946,,,,
in100.byol.s0.null.extL,in100.pairs100.v1@audit_v1.o8,sigma_c,student.h.cls~student.z.pred.tap1,insample,14,0.02201905821605272,,,,
in100.byol.s0.null.extL,in100.pairs100.v1@audit_v1.o8,sigma_c,student.h.cls~student.z.pred.tap1,insample,15,0.021484496052327037,,,,
in100.byol.s0.null.extL,in100.pairs100.v1@audit_v1.o8,sigma_c,student.h.cls~student.z.pred.tap1,insample,16,0.019440383157837783,,,,
in100.byol.s0.null.extL,in100.pairs100.v1@audit_v1.o8,sigma_c,student.h.cls~student.z.pred.tap1,insample,17,0.017671467456071184,,,,
in100.byol.s0.null.extL,in100.pairs100.v1@audit_v1.o8,sigma_c,student.h.cls~student.z.pred.tap1,insample,18,0.01444353314122273,,,,
in100.byol.s0.null.extL,in100.pairs100.v1@audit_v1.o8,sigma_c,student.h.cls~student.z.pred.tap1,insample,19,0.013169558609408855,,,,
in100.byol.s0.null.extL,in100.pairs100.v1@audit_v1.o8,sigma_c,student.h.cls~student.z.pred.tap1,insample,20,0.012081185607507533,,,,
in100.byol.s0.null.extL,in100.pairs100.v1@audit_v1.o8,sigma_c,student.h.cls~student.z.pred.tap1,insample,21,0.010580659893785883,,,,
in100.byol.s0.null.extL,in100.pairs100.v1@audit_v1.o8,sigma_c,student.h.cls~student.z.pred.tap1,insample,22,0.009201167285147872,,,,
in100.byol.s0.null.extL,in100.pairs100.v1@audit_v1.o8,sigma_c,student.h.cls~student.z.pred.tap1,insample,23,0.007933464768067578,,,,
in100.byol.s0.null.extL,in100.pairs100.v1@audit_v1.o8,sigma_c,student.h.cls~student.z.pred.tap1,insample,24,0.007780059781201516,,,,
in100.byol.s0.null.extL,in100.pairs100.v1@audit_v1.o8,sigma_c,student.h.cls~student.z.pred.tap1,insample,25,0.006511307152285185,,,,
in100.byol.s0.null.extL,in100.pairs100.v1@audit_v1.o8,sigma_c,student.h.cls~student.z.pred.tap1,insample,26,0.00548264869014272,,,,
in100.byol.s0.null.extL,in100.pairs100.v1@audit_v1.o8,sigma_c,student.h.cls~student.z.pred.tap1,insample,27,0.004229102876876245,,,,
in100.byol.s0.null.extL,in100.pairs100.v1@audit_v1.o8,sigma_c,student.h.cls~student.z.pred.tap1,insample,28,0.00395066855360103,,,,
in100.byol.s0.null.extL,in100.pairs100.v1@audit_v1.o8,sigma_c,student.h.cls~student.z.pred.tap1,insample,29,0.0034736466718392083,,,,
in100.byol.s0.null.extL,in100.pairs100.v1@audit_v1.o8,sigma_c,student.h.cls~student.z.pred.tap1,insample,30,0.0025899155400641786,,,,
in100.byol.s0.null.extL,in100.pairs100.v1@audit_v1.o8,sigma_c,student.h.cls~student.z.pred.tap1,insample,31,0.0023089649129083953,,,,
in100.byol.s0.null.extL,in100.pairs100.v1@audit_v1.o8,sigma_c,student.h.cls~student.z.pred.tap1,insample,32,0.002142065787063027,,,,
in100.byol.s0.null.extL,in100.pairs100.v1@audit_v1.o8,sigma_c,student.h.cls~student.z.pred.tap1,insample,33,0.0016727559887267085,,,,
in100.byol.s0.null.extL,in100.pairs100.v1@audit_v1.o8,sigma_c,student.h.cls~student.z.pred.tap1,insample,34,0.0011032803592102886,,,,
in100.byol.s0.null.extL,in100.pairs100.v1@audit_v1.o8,sigma_c,student.h.cls~student.z.pred.tap1,insample,35,0.0008534294892348442,,,,
in100.byol.s0.null.extL,in100.pairs100.v1@audit_v1.o8,sigma_c,student.h.cls~student.z.pred.tap1,insample,36,0.000792294368853319,,,,
in100.byol.s0.null.extL,in100.pairs100.v1@audit_v1.o8,sigma_c,student.h.cls~student.z.pred.tap1,insample,37,0.00041290361161574075,,,,
in100.byol.s0.null.extL,in100.pairs100.v1@audit_v1.o8,sigma_c,student.h.cls~student.z.pred.tap1,insample,38,0.00029808120913152406,,,,
in100.byol.s0.null.extL,in100.pairs100.v1@audit_v1.o8,sigma_c,student.h.cls~student.z.pred.tap1,insample,39,0.00012100559247620952,,,,
in100.byol.s0.null.extL,in100.pairs100.v1@audit_v1.o8,sigma_c,student.h.cls~student.z.pred.tap1,insample,40,2.6312069648017678e-05,,,,
in100.byol.s0.null.extL,in100.pairs100.v1@audit_v1.o8,sigma_c,student.h.cls~student.z.proj.out,holdout,0,0.05738292392387106,,,,
in100.byol.s0.null.extL,in100.pairs100.v1@audit_v1.o8,sigma_c,student.h.cls~student.z.proj.out,holdout,1,0.051130863559854196,,,,
in100.byol.s0.null.extL,in100.pairs100.v1@audit_v1.o8,sigma_c,student.h.cls~student.z.proj.out,holdout,2,0.04677790183838672,,,,
in100.byol.s0.null.extL,in100.pairs100.v1@audit_v1.o8,sigma_c,student.h.cls~student.z.proj.out,holdout,3,0.0403775346787349,,,,
in100.byol.s0.null.extL,in100.pairs100.v1@audit_v1.o8,sigma_c,student.h.cls~student.z.proj.out,holdout,4,0.039205074450921834,,,,
in100.byol.s0.null.extL,in100.pairs100.v1@audit_v1.o8,sigma_c,student.h.cls~student.z.proj.out,holdout,5,0.03592897950263024,,,,
in100.byol.s0.null.extL,in100.pairs100.v1@audit_v1.o8,sigma_c,student.h.cls~student.z.proj.out,holdout,6,0.032910631857888985,,,,
in100.byol.s0.null.extL,in100.pairs100.v1@audit_v1.o8,sigma_c,student.h.cls~student.z.proj.out,holdout,7,0.031595138971087434,,,,
in100.byol.s0.null.extL,in100.pairs100.v1@audit_v1.o8,sigma_c,student.h.cls~student.z.proj.out,holdout,8,0.030097603221669586,,,,
in100.byol.s0.null.extL,in100.pairs100.v1@audit_v1.o8,sigma_c,student.h.cls~student.z.proj.out,holdout,9,0.024497480126267415,,,,
in100.byol.s0.null.extL,in100.pairs100.v1@audit_v1.o8,sigma_c,student.h.cls~student.z.proj.out,holdout,10,0.02240621065095323,,,,
in100.byol.s0.null.extL,in100.pairs100.v1@audit_v1.o8,sigma_c,student.h.cls~student.z.proj.out,holdout,11,0.02085640295603924,,,,
in100.byol.s0.null.extL,in100.pairs100.v1@audit_v1.o8,sigma_c,student.h.cls~student.z.proj.out,holdout,12,0.018972760576708585,,,,
in100.byol.s0.null.extL,in100.pairs100.v1@audit_v1.o8,sigma_c,student.h.cls~student.z.proj.out,holdout,13,0.015867010655711934,,,,
in100.byol.s0.null.extL,in100.pairs100.v1@audit_v1.o8,sigma_c,student.h.cls~student.z.proj.out,holdout,14,0.014130143890139854,,,,
in100.byol.s0.null.extL,in100.pairs100.v1@audit_v1.o8,sigma_c,student.h.cls~student.z.proj.out,holdout,15,0.012338462012695032,,,,
in100.byol.s0.null.extL,in100.pairs100.v1@audit_v1.o8,sigma_c,student.h.cls~student.z.proj.out,holdout,16,0.0112802408856789,,,,
in100.byol.s0.null.extL,in100.pairs100.v1@audit_v1.o8,sigma_c,student.h.cls~student.z.proj.out,holdout,17,0.008913682249591236,,,,
in100.byol.s0.null.extL,in100.pairs100.v1@audit_v1.o8,sigma_c,student.h.cls~student.z.proj.out,holdout,18,0.007807004910783571,,,,
in100.byol.s0.null.extL,in100.pairs100.v1@audit_v1.o8,sigma_c,student.h.cls~student.z.proj.out,holdout,19,0.006139972952673102,,,,
in100.byol.s0.null.extL,in100.pairs100.v1@audit_v1.o8,sigma_c,student.h.cls~student.z.proj.out,holdout,20,0.005521058913237537,,,,
in100.byol.s0.null.extL,in100.pairs100.v1@audit_v1.o8,sigma_c,student.h.cls~student.z.proj.out,holdout,21,0.005119283497049813,,,,
in100.byol.s0.null.extL,in100.pairs100.v1@audit_v1.o8,sigma_c,student.h.cls~student.z.proj.out,holdout,22,0.003649318499180991,,,,
in100.byol.s0.null.extL,in100.pairs100.v1@audit_v1.o8,sigma_c,student.h.cls~student.z.proj.out,holdout,23,0.0033246557890724594,,,,
in100.byol.s0.null.extL,in100.pairs100.v1@audit_v1.o8,sigma_c,student.h.cls~student.z.proj.out,holdout,24,0.0030506146446130492,,,,
in100.byol.s0.null.extL,in100.pairs100.v1@audit_v1.o8,sigma_c,student.h.cls~student.z.proj.out,holdout,25,0.002490803331820785,,,,
in100.byol.s0.null.extL,in100.pairs100.v1@audit_v1.o8,sigma_c,student.h.cls~student.z.proj.out,holdout,26,0.0016399849185383417,,,,
in100.byol.s0.null.extL,in100.pairs100.v1@audit_v1.o8,sigma_c,student.h.cls~student.z.proj.out,holdout,27,0.0011747048689097863,,,,
in100.byol.s0.null.extL,in100.pairs100.v1@audit_v1.o8,sigma_c,student.h.cls~student.z.proj.out,holdout,28,0.0011302701602554101,,,,
in100.byol.s0.null.extL,in100.pairs100.v1@audit_v1.o8,sigma_c,student.h.cls~student.z.proj.out,holdout,29,0.0005510885032686395,,,,
in100.byol.s0.null.extL,in100.pairs100.v1@audit_v1.o8,sigma_c,student.h.cls~student.z.proj.out,holdout,30,0.000387859491625991,,,,
in100.byol.s0.null.extL,in100.pairs100.v1@audit_v1.o8,sigma_c,student.h.cls~student.z.proj.out,holdout,31,0.00015480619215957022,,,,
in100.byol.s0.null.extL,in100.pairs100.v1@audit_v1.o8,sigma_c,student.h.cls~student.z.proj.out,holdout,32,3.128484508659788e-05,,,,
in100.byol.s0.null.extL,in100.pairs100.v1@audit_v1.o8,sigma_c,student.h.cls~student.z.proj.out,insample,0,0.04570225182466139,,,,
in100.byol.s0.null.extL,in100.pairs100.v1@audit_v1.o8,sigma_c,student.h.cls~student.z.proj.out,insample,1,0.04248690104670423,,,,
in100.byol.s0.null.extL,in100.pairs100.v1@audit_v1.o8,sigma_c,student.h.cls~student.z.proj.out,insample,2,0.039795217072757745,,,,
in100.byol.s0.null.extL,in100.pairs100.v1@audit_v1.o8,sigma_c,student.h.cls~student.z.proj.out,insample,3,0.032615318813198055,,,,
in100.byol.s0.null.extL,in100.pairs100.v1@audit_v1.o8,sigma_c,student.h.cls~student.z.proj.out,insample,4,0.030017942059303523,,,,
in100.byol.s0.null.extL,in100.pairs100.v1@audit_v1.o8,sigma_c,student.h.cls~student.z.proj.out,insample,5,0.028524980528224955,,,,
in100.byol.s0.null.extL,in100.pairs100.v1@audit_v1.o8,sigma_c,student.h.cls~student.z.proj.out,insample,6,0.026373303698649472,,,,
in100.byol.s0.null.extL,in100.pairs100.v1@audit_v1.o8,sigma_c,student.h.cls~student.z.proj.out,insample,7,0.02578000525496962,,,,
in100.byol.s0.null.extL,in100.pairs100.v1@audit_v1.o8,sigma_c,student.h.cls~student.z.proj.out,insample,8,0.025226798089478635,,,,
in100.byol.s0.null.extL,in100.pairs100.v1@audit_v1.o8,sigma_c,student.h.cls~student.z.proj.out,insample,9,0.020158811081627107,,,,
in100.byol.s0.null.extL,in100.pairs100.v1@audit_v1.o8,sigma_c,student.h.cls~student.z.proj.out,insample,10,0.017023300965925463,,,,
in100.byol.s0.null.extL,in100.pairs100.v1@audit_v1.o8,sigma_c,student.h.cls~student.z.proj.out,insample,11,0.016807371719905158,,,,
in100.byol.s0.null.extL,in100.pairs100.v1@audit_v1.o8,sigma_c,student.h.cls~student.z.proj.out,insample,12,0.015107537289291366,,,,
in100.byol.s0.null.extL,in100.pairs100.v1@audit_v1.o8,sigma_c,student.h.cls~student.z.proj.out,insample,13,0.01359635259036092,,,,
in100.byol.s0.null.extL,in100.pairs100.v1@audit_v1.o8,sigma_c,student.h.cls~student.z.proj.out,insample,14,0.011288957101016945,,,,
in100.byol.s0.null.extL,in100.pairs100.v1@audit_v1.o8,sigma_c,student.h.cls~student.z.proj.out,insample,15,0.009711421016802472,,,,
in100.byol.s0.null.extL,in100.pairs100.v1@audit_v1.o8,sigma_c,student.h.cls~student.z.proj.out,insample,16,0.009047982875371029,,,,
in100.byol.s0.null.extL,in100.pairs100.v1@audit_v1.o8,sigma_c,student.h.cls~student.z.proj.out,insample,17,0.0074546228649825875,,,,
in100.byol.s0.null.extL,in100.pairs100.v1@audit_v1.o8,sigma_c,student.h.cls~student.z.proj.out,insample,18,0.006487407428969669,,,,
in100.byol.s0.null.extL,in100.pairs100.v1@audit_v1.o8,sigma_c,student.h.cls~student.z.proj.out,insample,19,0.004939568693842984,,,,
in100.byol.s0.null.extL,in100.pairs100.v1@audit_v1.o8,sigma_c,student.h.cls~student.z.proj.out,insample,20,0.004513198290653474,,,,
in100.byol.s0.null.extL,in100.pairs100.v1@audit_v1.o8,sigma_c,student.h.cls~student.z.proj.out,insample,21,0.004108254148320004,,,,
in100.byol.s0.null.extL,in100.pairs100.v1@audit_v1.o8,sigma_c,student.h.cls~student.z.proj.out,insample,22,0.0030010936441427767,,,,
in100.byol.s0.null.extL,in100.pairs100.v1@audit_v1.o8,sigma_c,student.h.cls~student.z.proj.out,insample,23,0.0028244900892246514,,,,
in100.byol.s0.null.extL,in100.pairs100.v1@audit_v1.o8,sigma_c,student.h.cls~student.z.proj.out,insample,24,0.00259984123452688,,,,
in100.byol.s0.null.extL,in100.pairs100.v1@audit_v1.o8,sigma_c,student.h.cls~student.z.proj.out,insample,25,0.0019161189253746533,,,,
in100.byol.s0.null.extL,in100.pairs100.v1@audit_v1.o8,sigma_c,student.h.cls~student.z.proj.out,insample,26,0.0013644594211091507,,,,
in100.byol.s0.null.extL,in100.pairs100.v1@audit_v1.o8,sigma_c,student.h.cls~student.z.proj.out,insample,27,0.0009333363923259779,,,,
in100.byol.s0.null.extL,in100.pairs100.v1@audit_v1.o8,sigma_c,student.h.cls~student.z.proj.out,insample,28,0.0008726891786462182,,,,
in100.byol.s0.null.extL,in100.pairs100.v1@audit_v1.o8,sigma_c,student.h.cls~student.z.proj.out,insample,29,0.0004276031966040433,,,,
in100.byol.s0.null.extL,in100.pairs100.v1@audit_v1.o8,sigma_c,student.h.cls~student.z.proj.out,insample,30,0.00030703822381520745,,,,
in100.byol.s0.null.extL,in100.pairs100.v1@audit_v1.o8,sigma_c,student.h.cls~student.z.proj.out,insample,31,0.00012456396236080433,,,,
in100.byol.s0.null.extL,in100.pairs100.v1@audit_v1.o8,sigma_c,student.h.cls~student.z.proj.out,insample,32,2.5608870112949044e-05,,,,
in100.byol.s0.null.extL,in100.pairs100.v1@audit_v1.o8,sigma_c,student.h.cls~student.z.proj.tap1,holdout,0,0.021542121866578192,,,,
in100.byol.s0.null.extL,in100.pairs100.v1@audit_v1.o8,sigma_c,student.h.cls~student.z.proj.tap1,holdout,1,0.01742519854898475,,,,
in100.byol.s0.null.extL,in100.pairs100.v1@audit_v1.o8,sigma_c,student.h.cls~student.z.proj.tap1,holdout,2,0.0128719903057926,,,,
in100.byol.s0.null.extL,in100.pairs100.v1@audit_v1.o8,sigma_c,student.h.cls~student.z.proj.tap1,holdout,3,0.011620902756355082,,,,
in100.byol.s0.null.extL,in100.pairs100.v1@audit_v1.o8,sigma_c,student.h.cls~student.z.proj.tap1,holdout,4,0.01054841076189235,,,,
in100.byol.s0.null.extL,in100.pairs100.v1@audit_v1.o8,sigma_c,student.h.cls~student.z.proj.tap1,holdout,5,0.009106333207026652,,,,
in100.byol.s0.null.extL,in100.pairs100.v1@audit_v1.o8,sigma_c,student.h.cls~student.z.proj.tap1,holdout,6,0.0075985903271947345,,,,
in100.byol.s0.null.extL,in100.pairs100.v1@audit_v1.o8,sigma_c,student.h.cls~student.z.proj.tap1,holdout,7,0.005944394225246272,,,,
in100.byol.s0.null.extL,in100.pairs100.v1@audit_v1.o8,sigma_c,student.h.cls~student.z.proj.tap1,holdout,8,0.00556038901599424,,,,
in100.byol.s0.null.extL,in100.pairs100.v1@audit_v1.o8,sigma_c,student.h.cls~student.z.proj.tap1,holdout,9,0.004948661189413076,,,,
in100.byol.s0.null.extL,in100.pairs100.v1@audit_v1.o8,sigma_c,student.h.cls~student.z.proj.tap1,holdout,10,0.004278995910042919,,,,
in100.byol.s0.null.extL,in100.pairs100.v1@audit_v1.o8,sigma_c,student.h.cls~student.z.proj.tap1,holdout,11,0.0032415137351282713,,,,
in100.byol.s0.null.extL,in100.pairs100.v1@audit_v1.o8,sigma_c,student.h.cls~student.z.proj.tap1,holdout,12,0.0028513722625084525,,,,
in100.byol.s0.null.extL,in100.pairs100.v1@audit_v1.o8,sigma_c,student.h.cls~student.z.proj.tap1,holdout,13,0.0024701804422509544,,,,
in100.byol.s0.null.extL,in100.pairs100.v1@audit_v1.o8,sigma_c,student.h.cls~student.z.proj.tap1,holdout,14,0.002154093120963432,,,,
in100.byol.s0.null.extL,in100.pairs100.v1@audit_v1.o8,sigma_c,student.h.cls~student.z.proj.tap1,holdout,15,0.001718939057854049,,,,
in100.byol.s0.null.extL,in100.pairs100.v1@audit_v1.o8,sigma_c,student.h.cls~student.z.proj.tap1,holdout,16,0.0013146497271778242,,,,
in100.byol.s0.null.extL,in100.pairs100.v1@audit_v1.o8,sigma_c,student.h.cls~student.z.proj.tap1,holdout,17,0.0012777976113453613,,,,
in100.byol.s0.null.extL,in100.pairs100.v1@audit_v1.o8,sigma_c,student.h.cls~student.z.proj.tap1,holdout,18,0.0011077448383134613,,,,
in100.byol.s0.null.extL,in100.pairs100.v1@audit_v1.o8,sigma_c,student.h.cls~student.z.proj.tap1,holdout,19,0.0009175007925475642,,,,
in100.byol.s0.null.extL,in100.pairs100.v1@audit_v1.o8,sigma_c,student.h.cls~student.z.proj.tap1,holdout,20,0.0008394897063424432,,,,
in100.byol.s0.null.extL,in100.pairs100.v1@audit_v1.o8,sigma_c,student.h.cls~student.z.proj.tap1,holdout,21,0.0006217152547267085,,,,
in100.byol.s0.null.extL,in100.pairs100.v1@audit_v1.o8,sigma_c,student.h.cls~student.z.proj.tap1,holdout,22,0.000490241193950185,,,,
in100.byol.s0.null.extL,in100.pairs100.v1@audit_v1.o8,sigma_c,student.h.cls~student.z.proj.tap1,holdout,23,0.0003812798193920589,,,,
in100.byol.s0.null.extL,in100.pairs100.v1@audit_v1.o8,sigma_c,student.h.cls~student.z.proj.tap1,holdout,24,0.0003402697384609617,,,,
in100.byol.s0.null.extL,in100.pairs100.v1@audit_v1.o8,sigma_c,student.h.cls~student.z.proj.tap1,holdout,25,0.00025510504068803415,,,,
in100.byol.s0.null.extL,in100.pairs100.v1@audit_v1.o8,sigma_c,student.h.cls~student.z.proj.tap1,holdout,26,0.00017047131883386656,,,,
in100.byol.s0.null.extL,in100.pairs100.v1@audit_v1.o8,sigma_c,student.h.cls~student.z.proj.tap1,holdout,27,0.00011208714567828424,,,,
in100.byol.s0.null.extL,in100.pairs100.v1@audit_v1.o8,sigma_c,student.h.cls~student.z.proj.tap1,holdout,28,6.515204143151508e-05,,,,
in100.byol.s0.null.extL,in100.pairs100.v1@audit_v1.o8,sigma_c,student.h.cls~student.z.proj.tap1,holdout,29,3.0781132643783593e-05,,,,
in100.byol.s0.null.extL,in100.pairs100.v1@audit_v1.o8,sigma_c,student.h.cls~student.z.proj.tap1,holdout,30,1.0507593996374687e-05,,,,
in100.byol.s0.null.extL,in100.pairs100.v1@audit_v1.o8,sigma_c,student.h.cls~student.z.proj.tap1,holdout,31,2.4271562839128793e-06,,,,
in100.byol.s0.null.extL,in100.pairs100.v1@audit_v1.o8,sigma_c,student.h.cls~student.z.proj.tap1,insample,0,0.017880801099683204,,,,
in100.byol.s0.null.extL,in100.pairs100.v1@audit_v1.o8,sigma_c,student.h.cls~student.z.proj.tap1,insample,1,0.01425018020058818,,,,
in100.byol.s0.null.extL,in100.pairs100.v1@audit_v1.o8,sigma_c,student.h.cls~student.z.proj.tap1,insample,2,0.010937011073054474,,,,
in100.byol.s0.null.extL,in100.pairs100.v1@audit_v1.o8,sigma_c,student.h.cls~student.z.proj.tap1,insample,3,0.009216720364877657,,,,
in100.byol.s0.null.extL,in100.pairs100.v1@audit_v1.o8,sigma_c,student.h.cls~student.z.proj.tap1,insample,4,0.00812583909245744,,,,
in100.byol.s0.null.extL,in100.pairs100.v1@audit_v1.o8,sigma_c,student.h.cls~student.z.proj.tap1,insample,5,0.007215281093461719,,,,
in100.byol.s0.null.extL,in100.pairs100.v1@audit_v1.o8,sigma_c,student.h.cls~student.z.proj.tap1,insample,6,0.006277439976338421,,,,
in100.byol.s0.null.extL,in100.pairs100.v1@audit_v1.o8,sigma_c,student.h.cls~student.z.proj.tap1,insample,7,0.004584097568184288,,,,
in100.byol.s0.null.extL,in100.pairs100.v1@audit_v1.o8,sigma_c,student.h.cls~student.z.proj.tap1,insample,8,0.004347322745521962,,,,
in100.byol.s0.null.extL,in100.pairs100.v1@audit_v1.o8,sigma_c,student.h.cls~student.z.proj.tap1,insample,9,0.0041838800464103175,,,,
in100.byol.s0.null.extL,in100.pairs100.v1@audit_v1.o8,sigma_c,student.h.cls~student.z.proj.tap1,insample,10,0.003319773697978901,,,,
in100.byol.s0.null.extL,in100.pairs100.v1@audit_v1.o8,sigma_c,student.h.cls~student.z.proj.tap1,insample,11,0.002776772829008781,,,,
in100.byol.s0.null.extL,in100.pairs100.v1@audit_v1.o8,sigma_c,student.h.cls~student.z.proj.tap1,insample,12,0.0023404057415236956,,,,
in100.byol.s0.null.extL,in100.pairs100.v1@audit_v1.o8,sigma_c,student.h.cls~student.z.proj.tap1,insample,13,0.001999073946745332,,,,
in100.byol.s0.null.extL,in100.pairs100.v1@audit_v1.o8,sigma_c,student.h.cls~student.z.proj.tap1,insample,14,0.001807123654729186,,,,
in100.byol.s0.null.extL,in100.pairs100.v1@audit_v1.o8,sigma_c,student.h.cls~student.z.proj.tap1,insample,15,0.001370871231964308,,,,
in100.byol.s0.null.extL,in100.pairs100.v1@audit_v1.o8,sigma_c,student.h.cls~student.z.proj.tap1,insample,16,0.001085249864857751,,,,
in100.byol.s0.null.extL,in100.pairs100.v1@audit_v1.o8,sigma_c,student.h.cls~student.z.proj.tap1,insample,17,0.0009833240222231142,,,,
in100.byol.s0.null.extL,in100.pairs100.v1@audit_v1.o8,sigma_c,student.h.cls~student.z.proj.tap1,insample,18,0.0008693744094552638,,,,
in100.byol.s0.null.extL,in100.pairs100.v1@audit_v1.o8,sigma_c,student.h.cls~student.z.proj.tap1,insample,19,0.000690018493694013,,,,
in100.byol.s0.null.extL,in100.pairs100.v1@audit_v1.o8,sigma_c,student.h.cls~student.z.proj.tap1,insample,20,0.0006653572747338107,,,,
in100.byol.s0.null.extL,in100.pairs100.v1@audit_v1.o8,sigma_c,student.h.cls~student.z.proj.tap1,insample,21,0.0005119795538232727,,,,
in100.byol.s0.null.extL,in100.pairs100.v1@audit_v1.o8,sigma_c,student.h.cls~student.z.proj.tap1,insample,22,0.0003923193244903132,,,,
in100.byol.s0.null.extL,in100.pairs100.v1@audit_v1.o8,sigma_c,student.h.cls~student.z.proj.tap1,insample,23,0.00030943755819300725,,,,
in100.byol.s0.null.extL,in100.pairs100.v1@audit_v1.o8,sigma_c,student.h.cls~student.z.proj.tap1,insample,24,0.00028222459240914857,,,,
in100.byol.s0.null.extL,in100.pairs100.v1@audit_v1.o8,sigma_c,student.h.cls~student.z.proj.tap1,insample,25,0.00021052707570237483,,,,
in100.byol.s0.null.extL,in100.pairs100.v1@audit_v1.o8,sigma_c,student.h.cls~student.z.proj.tap1,insample,26,0.00013442225288268165,,,,
in100.byol.s0.null.extL,in100.pairs100.v1@audit_v1.o8,sigma_c,student.h.cls~student.z.proj.tap1,insample,27,9.102152133198397e-05,,,,
in100.byol.s0.null.extL,in100.pairs100.v1@audit_v1.o8,sigma_c,student.h.cls~student.z.proj.tap1,insample,28,5.107088531823186e-05,,,,
in100.byol.s0.null.extL,in100.pairs100.v1@audit_v1.o8,sigma_c,student.h.cls~student.z.proj.tap1,insample,29,2.4028021426302787e-05,,,,
in100.byol.s0.null.extL,in100.pairs100.v1@audit_v1.o8,sigma_c,student.h.cls~student.z.proj.tap1,insample,30,8.433788496914663e-06,,,,
in100.byol.s0.null.extL,in100.pairs100.v1@audit_v1.o8,sigma_c,student.h.cls~student.z.proj.tap1,insample,31,2.041254238397698e-06,,,,
in100.byol.s0.null.extL,in100.pairs100.v1@audit_v1.o8,sigma_c,student.h.cls~teacher.z.proj.out,holdout,0,0.05738292392387106,,,,
in100.byol.s0.null.extL,in100.pairs100.v1@audit_v1.o8,sigma_c,student.h.cls~teacher.z.proj.out,holdout,1,0.051130863559854196,,,,
in100.byol.s0.null.extL,in100.pairs100.v1@audit_v1.o8,sigma_c,student.h.cls~teacher.z.proj.out,holdout,2,0.04677790183838672,,,,
in100.byol.s0.null.extL,in100.pairs100.v1@audit_v1.o8,sigma_c,student.h.cls~teacher.z.proj.out,holdout,3,0.0403775346787349,,,,
in100.byol.s0.null.extL,in100.pairs100.v1@audit_v1.o8,sigma_c,student.h.cls~teacher.z.proj.out,holdout,4,0.039205074450921834,,,,
in100.byol.s0.null.extL,in100.pairs100.v1@audit_v1.o8,sigma_c,student.h.cls~teacher.z.proj.out,holdout,5,0.03592897950263024,,,,
in100.byol.s0.null.extL,in100.pairs100.v1@audit_v1.o8,sigma_c,student.h.cls~teacher.z.proj.out,holdout,6,0.032910631857888985,,,,
in100.byol.s0.null.extL,in100.pairs100.v1@audit_v1.o8,sigma_c,student.h.cls~teacher.z.proj.out,holdout,7,0.031595138971087434,,,,
in100.byol.s0.null.extL,in100.pairs100.v1@audit_v1.o8,sigma_c,student.h.cls~teacher.z.proj.out,holdout,8,0.030097603221669586,,,,
in100.byol.s0.null.extL,in100.pairs100.v1@audit_v1.o8,sigma_c,student.h.cls~teacher.z.proj.out,holdout,9,0.024497480126267415,,,,
in100.byol.s0.null.extL,in100.pairs100.v1@audit_v1.o8,sigma_c,student.h.cls~teacher.z.proj.out,holdout,10,0.02240621065095323,,,,
in100.byol.s0.null.extL,in100.pairs100.v1@audit_v1.o8,sigma_c,student.h.cls~teacher.z.proj.out,holdout,11,0.02085640295603924,,,,
in100.byol.s0.null.extL,in100.pairs100.v1@audit_v1.o8,sigma_c,student.h.cls~teacher.z.proj.out,holdout,12,0.018972760576708585,,,,
in100.byol.s0.null.extL,in100.pairs100.v1@audit_v1.o8,sigma_c,student.h.cls~teacher.z.proj.out,holdout,13,0.015867010655711934,,,,
in100.byol.s0.null.extL,in100.pairs100.v1@audit_v1.o8,sigma_c,student.h.cls~teacher.z.proj.out,holdout,14,0.014130143890139854,,,,
in100.byol.s0.null.extL,in100.pairs100.v1@audit_v1.o8,sigma_c,student.h.cls~teacher.z.proj.out,holdout,15,0.012338462012695032,,,,
in100.byol.s0.null.extL,in100.pairs100.v1@audit_v1.o8,sigma_c,student.h.cls~teacher.z.proj.out,holdout,16,0.0112802408856789,,,,
in100.byol.s0.null.extL,in100.pairs100.v1@audit_v1.o8,sigma_c,student.h.cls~teacher.z.proj.out,holdout,17,0.008913682249591236,,,,
in100.byol.s0.null.extL,in100.pairs100.v1@audit_v1.o8,sigma_c,student.h.cls~teacher.z.proj.out,holdout,18,0.007807004910783571,,,,
in100.byol.s0.null.extL,in100.pairs100.v1@audit_v1.o8,sigma_c,student.h.cls~teacher.z.proj.out,holdout,19,0.006139972952673102,,,,
in100.byol.s0.null.extL,in100.pairs100.v1@audit_v1.o8,sigma_c,student.h.cls~teacher.z.proj.out,holdout,20,0.005521058913237537,,,,
in100.byol.s0.null.extL,in100.pairs100.v1@audit_v1.o8,sigma_c,student.h.cls~teacher.z.proj.out,holdout,21,0.005119283497049813,,,,
in100.byol.s0.null.extL,in100.pairs100.v1@audit_v1.o8,sigma_c,student.h.cls~teacher.z.proj.out,holdout,22,0.003649318499180991,,,,
in100.byol.s0.null.extL,in100.pairs100.v1@audit_v1.o8,sigma_c,student.h.cls~teacher.z.proj.out,holdout,23,0.0033246557890724594,,,,
in100.byol.s0.null.extL,in100.pairs100.v1@audit_v1.o8,sigma_c,student.h.cls~teacher.z.proj.out,holdout,24,0.0030506146446130492,,,,
in100.byol.s0.null.extL,in100.pairs100.v1@audit_v1.o8,sigma_c,student.h.cls~teacher.z.proj.out,holdout,25,0.002490803331820785,,,,
in100.byol.s0.null.extL,in100.pairs100.v1@audit_v1.o8,sigma_c,student.h.cls~teacher.z.proj.out,holdout,26,0.0016399849185383417,,,,
in100.byol.s0.null.extL,in100.pairs100.v1@audit_v1.o8,sigma_c,student.h.cls~teacher.z.proj.out,holdout,27,0.0011747048689097863,,,,
in100.byol.s0.null.extL,in100.pairs100.v1@audit_v1.o8,sigma_c,student.h.cls~teacher.z.proj.out,holdout,28,0.0011302701602554101,,,,
in100.byol.s0.null.extL,in100.pairs100.v1@audit_v1.o8,sigma_c,student.h.cls~teacher.z.proj.out,holdout,29,0.0005510885032686395,,,,
in100.byol.s0.null.extL,in100.pairs100.v1@audit_v1.o8,sigma_c,student.h.cls~teacher.z.proj.out,holdout,30,0.000387859491625991,,,,
in100.byol.s0.null.extL,in100.pairs100.v1@audit_v1.o8,sigma_c,student.h.cls~teacher.z.proj.out,holdout,31,0.00015480619215957022,,,,
in100.byol.s0.null.extL,in100.pairs100.v1@audit_v1.o8,sigma_c,student.h.cls~teacher.z.proj.out,holdout,32,3.128484508659788e-05,,,,
in100.byol.s0.null.extL,in100.pairs100.v1@audit_v1.o8,sigma_c,student.h.cls~teacher.z.proj.out,insample,0,0.04570225182466139,,,,
in100.byol.s0.null.extL,in100.pairs100.v1@audit_v1.o8,sigma_c,student.h.cls~teacher.z.proj.out,insample,1,0.04248690104670423,,,,
in100.byol.s0.null.extL,in100.pairs100.v1@audit_v1.o8,sigma_c,student.h.cls~teacher.z.proj.out,insample,2,0.039795217072757745,,,,
in100.byol.s0.null.extL,in100.pairs100.v1@audit_v1.o8,sigma_c,student.h.cls~teacher.z.proj.out,insample,3,0.032615318813198055,,,,
in100.byol.s0.null.extL,in100.pairs100.v1@audit_v1.o8,sigma_c,student.h.cls~teacher.z.proj.out,insample,4,0.030017942059303523,,,,
in100.byol.s0.null.extL,in100.pairs100.v1@audit_v1.o8,sigma_c,student.h.cls~teacher.z.proj.out,insample,5,0.028524980528224955,,,,
in100.byol.s0.null.extL,in100.pairs100.v1@audit_v1.o8,sigma_c,student.h.cls~teacher.z.proj.out,insample,6,0.026373303698649472,,,,
in100.byol.s0.null.extL,in100.pairs100.v1@audit_v1.o8,sigma_c,student.h.cls~teacher.z.proj.out,insample,7,0.02578000525496962,,,,
in100.byol.s0.null.extL,in100.pairs100.v1@audit_v1.o8,sigma_c,student.h.cls~teacher.z.proj.out,insample,8,0.025226798089478635,,,,
in100.byol.s0.null.extL,in100.pairs100.v1@audit_v1.o8,sigma_c,student.h.cls~teacher.z.proj.out,insample,9,0.020158811081627107,,,,
in100.byol.s0.null.extL,in100.pairs100.v1@audit_v1.o8,sigma_c,student.h.cls~teacher.z.proj.out,insample,10,0.017023300965925463,,,,
in100.byol.s0.null.extL,in100.pairs100.v1@audit_v1.o8,sigma_c,student.h.cls~teacher.z.proj.out,insample,11,0.016807371719905158,,,,
in100.byol.s0.null.extL,in100.pairs100.v1@audit_v1.o8,sigma_c,student.h.cls~teacher.z.proj.out,insample,12,0.015107537289291366,,,,
in100.byol.s0.null.extL,in100.pairs100.v1@audit_v1.o8,sigma_c,student.h.cls~teacher.z.proj.out,insample,13,0.01359635259036092,,,,
in100.byol.s0.null.extL,in100.pairs100.v1@audit_v1.o8,sigma_c,student.h.cls~teacher.z.proj.out,insample,14,0.011288957101016945,,,,
in100.byol.s0.null.extL,in100.pairs100.v1@audit_v1.o8,sigma_c,student.h.cls~teacher.z.proj.out,insample,15,0.009711421016802472,,,,
in100.byol.s0.null.extL,in100.pairs100.v1@audit_v1.o8,sigma_c,student.h.cls~teacher.z.proj.out,insample,16,0.009047982875371029,,,,
in100.byol.s0.null.extL,in100.pairs100.v1@audit_v1.o8,sigma_c,student.h.cls~teacher.z.proj.out,insample,17,0.0074546228649825875,,,,
in100.byol.s0.null.extL,in100.pairs100.v1@audit_v1.o8,sigma_c,student.h.cls~teacher.z.proj.out,insample,18,0.006487407428969669,,,,
in100.byol.s0.null.extL,in100.pairs100.v1@audit_v1.o8,sigma_c,student.h.cls~teacher.z.proj.out,insample,19,0.004939568693842984,,,,
in100.byol.s0.null.extL,in100.pairs100.v1@audit_v1.o8,sigma_c,student.h.cls~teacher.z.proj.out,insample,20,0.004513198290653474,,,,
in100.byol.s0.null.extL,in100.pairs100.v1@audit_v1.o8,sigma_c,student.h.cls~teacher.z.proj.out,insample,21,0.004108254148320004,,,,
in100.byol.s0.null.extL,in100.pairs100.v1@audit_v1.o8,sigma_c,student.h.cls~teacher.z.proj.out,insample,22,0.0030010936441427767,,,,
in100.byol.s0.null.extL,in100.pairs100.v1@audit_v1.o8,sigma_c,student.h.cls~teacher.z.proj.out,insample,23,0.0028244900892246514,,,,
in100.byol.s0.null.extL,in100.pairs100.v1@audit_v1.o8,sigma_c,student.h.cls~teacher.z.proj.out,insample,24,0.00259984123452688,,,,
in100.byol.s0.null.extL,in100.pairs100.v1@audit_v1.o8,sigma_c,student.h.cls~teacher.z.proj.out,insample,25,0.0019161189253746533,,,,
in100.byol.s0.null.extL,in100.pairs100.v1@audit_v1.o8,sigma_c,student.h.cls~teacher.z.proj.out,insample,26,0.0013644594211091507,,,,
in100.byol.s0.null.extL,in100.pairs100.v1@audit_v1.o8,sigma_c,student.h.cls~teacher.z.proj.out,insample,27,0.0009333363923259779,,,,
in100.byol.s0.null.extL,in100.pairs100.v1@audit_v1.o8,sigma_c,student.h.cls~teacher.z.proj.out,insample,28,0.0008726891786462182,,,,
in100.byol.s0.null.extL,in100.pairs100.v1@audit_v1.o8,sigma_c,student.h.cls~teacher.z.proj.out,insample,29,0.0004276031966040433,,,,
in100.byol.s0.null.extL,in100.pairs100.v1@audit_v1.o8,sigma_c,student.h.cls~teacher.z.proj.out,insample,30,0.00030703822381520745,,,,
in100.byol.s0.null.extL,in100.pairs100.v1@audit_v1.o8,sigma_c,student.h.cls~teacher.z.proj.out,insample,31,0.00012456396236080433,,,,
in100.byol.s0.null.extL,in100.pairs100.v1@audit_v1.o8,sigma_c,student.h.cls~teacher.z.proj.out,insample,32,2.5608870112949044e-05,,,,
in100.byol.s0.null.extL,in100.pairs100.v1@audit_v1.o8,sigma_c,student.h.cls~teacher.z.proj.tap1,holdout,0,0.021542121866578192,,,,
in100.byol.s0.null.extL,in100.pairs100.v1@audit_v1.o8,sigma_c,student.h.cls~teacher.z.proj.tap1,holdout,1,0.01742519854898475,,,,
in100.byol.s0.null.extL,in100.pairs100.v1@audit_v1.o8,sigma_c,student.h.cls~teacher.z.proj.tap1,holdout,2,0.0128719903057926,,,,
in100.byol.s0.null.extL,in100.pairs100.v1@audit_v1.o8,sigma_c,student.h.cls~teacher.z.proj.tap1,holdout,3,0.011620902756355082,,,,
in100.byol.s0.null.extL,in100.pairs100.v1@audit_v1.o8,sigma_c,student.h.cls~teacher.z.proj.tap1,holdout,4,0.01054841076189235,,,,
in100.byol.s0.null.extL,in100.pairs100.v1@audit_v1.o8,sigma_c,student.h.cls~teacher.z.proj.tap1,holdout,5,0.009106333207026652,,,,
in100.byol.s0.null.extL,in100.pairs100.v1@audit_v1.o8,sigma_c,student.h.cls~teacher.z.proj.tap1,holdout,6,0.0075985903271947345,,,,
in100.byol.s0.null.extL,in100.pairs100.v1@audit_v1.o8,sigma_c,student.h.cls~teacher.z.proj.tap1,holdout,7,0.005944394225246272,,,,
in100.byol.s0.null.extL,in100.pairs100.v1@audit_v1.o8,sigma_c,student.h.cls~teacher.z.proj.tap1,holdout,8,0.00556038901599424,,,,
in100.byol.s0.null.extL,in100.pairs100.v1@audit_v1.o8,sigma_c,student.h.cls~teacher.z.proj.tap1,holdout,9,0.004948661189413076,,,,
in100.byol.s0.null.extL,in100.pairs100.v1@audit_v1.o8,sigma_c,student.h.cls~teacher.z.proj.tap1,holdout,10,0.004278995910042919,,,,
in100.byol.s0.null.extL,in100.pairs100.v1@audit_v1.o8,sigma_c,student.h.cls~teacher.z.proj.tap1,holdout,11,0.0032415137351282713,,,,
in100.byol.s0.null.extL,in100.pairs100.v1@audit_v1.o8,sigma_c,student.h.cls~teacher.z.proj.tap1,holdout,12,0.0028513722625084525,,,,
in100.byol.s0.null.extL,in100.pairs100.v1@audit_v1.o8,sigma_c,student.h.cls~teacher.z.proj.tap1,holdout,13,0.0024701804422509544,,,,
in100.byol.s0.null.extL,in100.pairs100.v1@audit_v1.o8,sigma_c,student.h.cls~teacher.z.proj.tap1,holdout,14,0.002154093120963432,,,,
in100.byol.s0.null.extL,in100.pairs100.v1@audit_v1.o8,sigma_c,student.h.cls~teacher.z.proj.tap1,holdout,15,0.001718939057854049,,,,
in100.byol.s0.null.extL,in100.pairs100.v1@audit_v1.o8,sigma_c,student.h.cls~teacher.z.proj.tap1,holdout,16,0.0013146497271778242,,,,
in100.byol.s0.null.extL,in100.pairs100.v1@audit_v1.o8,sigma_c,student.h.cls~teacher.z.proj.tap1,holdout,17,0.0012777976113453613,,,,
in100.byol.s0.null.extL,in100.pairs100.v1@audit_v1.o8,sigma_c,student.h.cls~teacher.z.proj.tap1,holdout,18,0.0011077448383134613,,,,
in100.byol.s0.null.extL,in100.pairs100.v1@audit_v1.o8,sigma_c,student.h.cls~teacher.z.proj.tap1,holdout,19,0.0009175007925475642,,,,
in100.byol.s0.null.extL,in100.pairs100.v1@audit_v1.o8,sigma_c,student.h.cls~teacher.z.proj.tap1,holdout,20,0.0008394897063424432,,,,
in100.byol.s0.null.extL,in100.pairs100.v1@audit_v1.o8,sigma_c,student.h.cls~teacher.z.proj.tap1,holdout,21,0.0006217152547267085,,,,
in100.byol.s0.null.extL,in100.pairs100.v1@audit_v1.o8,sigma_c,student.h.cls~teacher.z.proj.tap1,holdout,22,0.000490241193950185,,,,
in100.byol.s0.null.extL,in100.pairs100.v1@audit_v1.o8,sigma_c,student.h.cls~teacher.z.proj.tap1,holdout,23,0.0003812798193920589,,,,
in100.byol.s0.null.extL,in100.pairs100.v1@audit_v1.o8,sigma_c,student.h.cls~teacher.z.proj.tap1,holdout,24,0.0003402697384609617,,,,
in100.byol.s0.null.extL,in100.pairs100.v1@audit_v1.o8,sigma_c,student.h.cls~teacher.z.proj.tap1,holdout,25,0.00025510504068803415,,,,
in100.byol.s0.null.extL,in100.pairs100.v1@audit_v1.o8,sigma_c,student.h.cls~teacher.z.proj.tap1,holdout,26,0.00017047131883386656,,,,
in100.byol.s0.null.extL,in100.pairs100.v1@audit_v1.o8,sigma_c,student.h.cls~teacher.z.proj.tap1,holdout,27,0.00011208714567828424,,,,
in100.byol.s0.null.extL,in100.pairs100.v1@audit_v1.o8,sigma_c,student.h.cls~teacher.z.proj.tap1,holdout,28,6.515204143151508e-05,,,,
in100.byol.s0.null.extL,in100.pairs100.v1@audit_v1.o8,sigma_c,student.h.cls~teacher.z.proj.tap1,holdout,29,3.0781132643783593e-05,,,,
in100.byol.s0.null.extL,in100.pairs100.v1@audit_v1.o8,sigma_c,student.h.cls~teacher.z.proj.tap1,holdout,30,1.0507593996374687e-05,,,,
in100.byol.s0.null.extL,in100.pairs100.v1@audit_v1.o8,sigma_c,student.h.cls~teacher.z.proj.tap1,holdout,31,2.4271562839128793e-06,,,,
in100.byol.s0.null.extL,in100.pairs100.v1@audit_v1.o8,sigma_c,student.h.cls~teacher.z.proj.tap1,insample,0,0.017880801099683204,,,,
in100.byol.s0.null.extL,in100.pairs100.v1@audit_v1.o8,sigma_c,student.h.cls~teacher.z.proj.tap1,insample,1,0.01425018020058818,,,,
in100.byol.s0.null.extL,in100.pairs100.v1@audit_v1.o8,sigma_c,student.h.cls~teacher.z.proj.tap1,insample,2,0.010937011073054474,,,,
in100.byol.s0.null.extL,in100.pairs100.v1@audit_v1.o8,sigma_c,student.h.cls~teacher.z.proj.tap1,insample,3,0.009216720364877657,,,,
in100.byol.s0.null.extL,in100.pairs100.v1@audit_v1.o8,sigma_c,student.h.cls~teacher.z.proj.tap1,insample,4,0.00812583909245744,,,,
in100.byol.s0.null.extL,in100.pairs100.v1@audit_v1.o8,sigma_c,student.h.cls~teacher.z.proj.tap1,insample,5,0.007215281093461719,,,,
in100.byol.s0.null.extL,in100.pairs100.v1@audit_v1.o8,sigma_c,student.h.cls~teacher.z.proj.tap1,insample,6,0.006277439976338421,,,,
in100.byol.s0.null.extL,in100.pairs100.v1@audit_v1.o8,sigma_c,student.h.cls~teacher.z.proj.tap1,insample,7,0.004584097568184288,,,,
in100.byol.s0.null.extL,in100.pairs100.v1@audit_v1.o8,sigma_c,student.h.cls~teacher.z.proj.tap1,insample,8,0.004347322745521962,,,,
in100.byol.s0.null.extL,in100.pairs100.v1@audit_v1.o8,sigma_c,student.h.cls~teacher.z.proj.tap1,insample,9,0.0041838800464103175,,,,
in100.byol.s0.null.extL,in100.pairs100.v1@audit_v1.o8,sigma_c,student.h.cls~teacher.z.proj.tap1,insample,10,0.003319773697978901,,,,
in100.byol.s0.null.extL,in100.pairs100.v1@audit_v1.o8,sigma_c,student.h.cls~teacher.z.proj.tap1,insample,11,0.002776772829008781,,,,
in100.byol.s0.null.extL,in100.pairs100.v1@audit_v1.o8,sigma_c,student.h.cls~teacher.z.proj.tap1,insample,12,0.0023404057415236956,,,,
in100.byol.s0.null.extL,in100.pairs100.v1@audit_v1.o8,sigma_c,student.h.cls~teacher.z.proj.tap1,insample,13,0.001999073946745332,,,,
in100.byol.s0.null.extL,in100.pairs100.v1@audit_v1.o8,sigma_c,student.h.cls~teacher.z.proj.tap1,insample,14,0.001807123654729186,,,,
in100.byol.s0.null.extL,in100.pairs100.v1@audit_v1.o8,sigma_c,student.h.cls~teacher.z.proj.tap1,insample,15,0.001370871231964308,,,,
in100.byol.s0.null.extL,in100.pairs100.v1@audit_v1.o8,sigma_c,student.h.cls~teacher.z.proj.tap1,insample,16,0.001085249864857751,,,,
in100.byol.s0.null.extL,in100.pairs100.v1@audit_v1.o8,sigma_c,student.h.cls~teacher.z.proj.tap1,insample,17,0.0009833240222231142,,,,
in100.byol.s0.null.extL,in100.pairs100.v1@audit_v1.o8,sigma_c,student.h.cls~teacher.z.proj.tap1,insample,18,0.0008693744094552638,,,,
in100.byol.s0.null.extL,in100.pairs100.v1@audit_v1.o8,sigma_c,student.h.cls~teacher.z.proj.tap1,insample,19,0.000690018493694013,,,,
in100.byol.s0.null.extL,in100.pairs100.v1@audit_v1.o8,sigma_c,student.h.cls~teacher.z.proj.tap1,insample,20,0.0006653572747338107,,,,
in100.byol.s0.null.extL,in100.pairs100.v1@audit_v1.o8,sigma_c,student.h.cls~teacher.z.proj.tap1,insample,21,0.0005119795538232727,,,,
in100.byol.s0.null.extL,in100.pairs100.v1@audit_v1.o8,sigma_c,student.h.cls~teacher.z.proj.tap1,insample,22,0.0003923193244903132,,,,
in100.byol.s0.null.extL,in100.pairs100.v1@audit_v1.o8,sigma_c,student.h.cls~teacher.z.proj.tap1,insample,23,0.00030943755819300725,,,,
in100.byol.s0.null.extL,in100.pairs100.v1@audit_v1.o8,sigma_c,student.h.cls~teacher.z.proj.tap1,insample,24,0.00028222459240914857,,,,
in100.byol.s0.null.extL,in100.pairs100.v1@audit_v1.o8,sigma_c,student.h.cls~teacher.z.proj.tap1,insample,25,0.00021052707570237483,,,,
in100.byol.s0.null.extL,in100.pairs100.v1@audit_v1.o8,sigma_c,student.h.cls~teacher.z.proj.tap1,insample,26,0.00013442225288268165,,,,
in100.byol.s0.null.extL,in100.pairs100.v1@audit_v1.o8,sigma_c,student.h.cls~teacher.z.proj.tap1,insample,27,9.102152133198397e-05,,,,
in100.byol.s0.null.extL,in100.pairs100.v1@audit_v1.o8,sigma_c,student.h.cls~teacher.z.proj.tap1,insample,28,5.107088531823186e-05,,,,
in100.byol.s0.null.extL,in100.pairs100.v1@audit_v1.o8,sigma_c,student.h.cls~teacher.z.proj.tap1,insample,29,2.4028021426302787e-05,,,,
in100.byol.s0.null.extL,in100.pairs100.v1@audit_v1.o8,sigma_c,student.h.cls~teacher.z.proj.tap1,insample,30,8.433788496914663e-06,,,,
in100.byol.s0.null.extL,in100.pairs100.v1@audit_v1.o8,sigma_c,student.h.cls~teacher.z.proj.tap1,insample,31,2.041254238397698e-06,,,,
in100.byol.s0.null.extL,in100.pairs100.v1@own_byol.o8,theta,student.h.cls,,0,14.190235720681862,,,,
in100.byol.s0.null.extL,in100.pairs100.v1@own_byol.o8,theta,student.h.cls,,1,8.641712720741253,,,,
in100.byol.s0.null.extL,in100.pairs100.v1@own_byol.o8,theta,student.h.cls,,2,7.953414124225442,,,,
in100.byol.s0.null.extL,in100.pairs100.v1@own_byol.o8,theta,student.h.cls,,3,7.174927970254144,,,,
in100.byol.s0.null.extL,in100.pairs100.v1@own_byol.o8,theta,student.h.cls,,4,6.512798065354355,,,,
in100.byol.s0.null.extL,in100.pairs100.v1@own_byol.o8,theta,student.h.cls,,5,4.973629777035331,,,,
in100.byol.s0.null.extL,in100.pairs100.v1@own_byol.o8,theta,student.h.cls,,6,4.378633231015269,,,,
in100.byol.s0.null.extL,in100.pairs100.v1@own_byol.o8,theta,student.h.cls,,7,3.2612739525957473,,,,
in100.byol.s0.null.extL,in100.pairs100.v1@own_byol.o8,theta,student.h.cls,,8,3.2367455366939764,,,,
in100.byol.s0.null.extL,in100.pairs100.v1@own_byol.o8,theta,student.h.cls,,9,3.1101270187165353,,,,
in100.byol.s0.null.extL,in100.pairs100.v1@own_byol.o8,theta,student.h.cls,,10,2.711038678029685,,,,
in100.byol.s0.null.extL,in100.pairs100.v1@own_byol.o8,theta,student.h.cls,,11,2.4154452642182522,,,,
in100.byol.s0.null.extL,in100.pairs100.v1@own_byol.o8,theta,student.h.cls,,12,1.945441256354943,,,,
in100.byol.s0.null.extL,in100.pairs100.v1@own_byol.o8,theta,student.h.cls,,13,1.773636283903292,,,,
in100.byol.s0.null.extL,in100.pairs100.v1@own_byol.o8,theta,student.h.cls,,14,1.5058361488823624,,,,
in100.byol.s0.null.extL,in100.pairs100.v1@own_byol.o8,theta,student.h.cls,,15,1.237616589360083,,,,
in100.byol.s0.null.extL,in100.pairs100.v1@own_byol.o8,theta,student.h.cls,,16,1.094409982612437,,,,
in100.byol.s0.null.extL,in100.pairs100.v1@own_byol.o8,theta,student.h.cls,,17,0.6863496297817764,,,,
in100.byol.s0.null.extL,in100.pairs100.v1@own_byol.o8,theta,student.h.cls,,18,0.5548318541689266,,,,
in100.byol.s0.null.extL,in100.pairs100.v1@own_byol.o8,fidelity,student.h.cls,,0,,14.059971402982487,4.448591662241243,4.47284718673747,0.9335988114956209
in100.byol.s0.null.extL,in100.pairs100.v1@own_byol.o8,fidelity,student.h.cls,,1,,8.331995198944968,2.975840579154104,2.9039511372592175,0.8928417794178618
in100.byol.s0.null.extL,in100.pairs100.v1@own_byol.o8,fidelity,student.h.cls,,2,,7.529185122854001,2.7650517860055013,2.7510233468570586,0.882755505292001
in100.byol.s0.null.extL,in100.pairs100.v1@own_byol.o8,fidelity,student.h.cls,,3,,7.060770777317697,2.641135079043562,2.449677671499384,0.8759423847141378
in100.byol.s0.null.extL,in100.pairs100.v1@own_byol.o8,fidelity,student.h.cls,,4,,6.7024163557174585,2.545774701135013,2.415766988803303,0.8701706122056482
in100.byol.s0.null.extL,in100.pairs100.v1@own_byol.o8,fidelity,student.h.cls,,5,,4.946661254429932,2.068503725581083,1.8745553178784973,0.8318384119736002
in100.byol.s0.null.extL,in100.pairs100.v1@own_byol.o8,fidelity,student.h.cls,,6,,4.338803311370809,1.8973929347292477,1.824000214105431,0.8126921068865456
in100.byol.s0.null.extL,in100.pairs100.v1@own_byol.o8,fidelity,student.h.cls,,7,,3.370162519553329,1.6137161878851525,1.601095913441214,0.7711755579968204
in100.byol.s0.null.extL,in100.pairs100.v1@own_byol.o8,fidelity,student.h.cls,,8,,3.2686187192765126,1.5828868602352113,1.4804067655565611,0.7657321804160833
in100.byol.s0.null.extL,in100.pairs100.v1@own_byol.o8,fidelity,student.h.cls,,9,,3.03335618722745,1.5104065673579288,1.3879911003362246,0.7520675205510662
in100.byol.s0.null.extL,in100.pairs100.v1@own_byol.o8,fidelity,student.h.cls,,10,,2.701355294124327,1.4051675158515844,1.2638813530476551,0.7298286923205026
in100.byol.s0.null.extL,in100.pairs100.v1@own_byol.o8,fidelity,student.h.cls,,11,,2.4010443196936655,1.3062337441990555,1.1418344510921905,0.7059726642756391
in100.byol.s0.null.extL,in100.pairs100.v1@own_byol.o8,fidelity,student.h.cls,,12,,1.911309984896566,1.1343395113692658,1.0571683824921116,0.6565120151451243
in100.byol.s0.null.extL,in100.pairs100.v1@own_byol.o8,fidelity,student.h.cls,,13,,1.796976277373243,1.0917151163487069,0.9704108937225425,0.6424710470053963
in100.byol.s0.null.extL,in100.pairs100.v1@own_byol.o8,fidelity,student.h.cls,,14,,1.5432888246116852,0.9926305283840064,1.0190421978913151,0.6068083222310852
in100.byol.s0.null.extL,in100.pairs100.v1@own_byol.o8,fidelity,student.h.cls,,15,,1.2623843756050825,0.8735845547557413,0.8178708377614594,0.5579884608544706
in100.byol.s0.null.extL,in100.pairs100.v1@own_byol.o8,fidelity,student.h.cls,,16,,1.0673243968443145,0.7831140775736138,0.6941942580258395,0.5162829783625352
in100.byol.s0.null.extL,in100.pairs100.v1@own_byol.o8,fidelity,student.h.cls,,17,,0.6775043347362996,0.5732524378055693,0.4795915611597304,0.4038763541214944
in100.byol.s0.null.extL,in100.pairs100.v1@own_byol.o8,fidelity,student.h.cls,,18,,0.5463704328084016,0.4899170259589277,0.4517994160919248,0.3533244177568273
in100.byol.s0.null.extL,in100.pairs100.v1@own_byol.o8,theta,student.z.pred.out,,0,19.70443008884515,,,,
in100.byol.s0.null.extL,in100.pairs100.v1@own_byol.o8,theta,student.z.pred.out,,1,17.173272501200692,,,,
in100.byol.s0.null.extL,in100.pairs100.v1@own_byol.o8,theta,student.z.pred.out,,2,14.443573449120583,,,,
in100.byol.s0.null.extL,in100.pairs100.v1@own_byol.o8,theta,student.z.pred.out,,3,13.370189794543158,,,,
in100.byol.s0.null.extL,in100.pairs100.v1@own_byol.o8,theta,student.z.pred.out,,4,12.257384571784634,,,,
in100.byol.s0.null.extL,in100.pairs100.v1@own_byol.o8,theta,student.z.pred.out,,5,11.53145442811017,,,,
in100.byol.s0.null.extL,in100.pairs100.v1@own_byol.o8,theta,student.z.pred.out,,6,10.919841210140934,,,,
in100.byol.s0.null.extL,in100.pairs100.v1@own_byol.o8,theta,student.z.pred.out,,7,9.78392486422096,,,,
in100.byol.s0.null.extL,in100.pairs100.v1@own_byol.o8,theta,student.z.pred.out,,8,7.8735802450431285,,,,
in100.byol.s0.null.extL,in100.pairs100.v1@own_byol.o8,theta,student.z.pred.out,,9,7.058186843681266,,,,
in100.byol.s0.null.extL,in100.pairs100.v1@own_byol.o8,theta,student.z.pred.out,,10,6.324117809011949,,,,
in100.byol.s0.null.extL,in100.pairs100.v1@own_byol.o8,theta,student.z.pred.out,,11,6.047670448154252,,,,
in100.byol.s0.null.extL,in100.pairs100.v1@own_byol.o8,theta,student.z.pred.out,,12,5.455687213503233,,,,
in100.byol.s0.null.extL,in100.pairs100.v1@own_byol.o8,theta,student.z.pred.out,,13,4.240579414920519,,,,
in100.byol.s0.null.extL,in100.pairs100.v1@own_byol.o8,theta,student.z.pred.out,,14,4.163878963560058,,,,
in100.byol.s0.null.extL,in100.pairs100.v1@own_byol.o8,theta,student.z.pred.out,,15,3.945401542987885,,,,
in100.byol.s0.null.extL,in100.pairs100.v1@own_byol.o8,theta,student.z.pred.out,,16,3.452517117531913,,,,
in100.byol.s0.null.extL,in100.pairs100.v1@own_byol.o8,theta,student.z.pred.out,,17,3.1292914184741014,,,,
in100.byol.s0.null.extL,in100.pairs100.v1@own_byol.o8,theta,student.z.pred.out,,18,2.7282399192091216,,,,
in100.byol.s0.null.extL,in100.pairs100.v1@own_byol.o8,theta,student.z.pred.out,,19,2.606075122709443,,,,
in100.byol.s0.null.extL,in100.pairs100.v1@own_byol.o8,theta,student.z.pred.out,,20,2.4470346546236765,,,,
in100.byol.s0.null.extL,in100.pairs100.v1@own_byol.o8,theta,student.z.pred.out,,21,2.23520534633763,,,,
in100.byol.s0.null.extL,in100.pairs100.v1@own_byol.o8,theta,student.z.pred.out,,22,1.9135739635712963,,,,
in100.byol.s0.null.extL,in100.pairs100.v1@own_byol.o8,theta,student.z.pred.out,,23,1.764682017404637,,,,
in100.byol.s0.null.extL,in100.pairs100.v1@own_byol.o8,theta,student.z.pred.out,,24,1.6481010309834552,,,,
in100.byol.s0.null.extL,in100.pairs100.v1@own_byol.o8,theta,student.z.pred.out,,25,1.2622656128852126,,,,
in100.byol.s0.null.extL,in100.pairs100.v1@own_byol.o8,theta,student.z.pred.out,,26,0.8634860223255975,,,,
in100.byol.s0.null.extL,in100.pairs100.v1@own_byol.o8,theta,student.z.pred.out,,27,0.719467686663717,,,,
in100.byol.s0.null.extL,in100.pairs100.v1@own_byol.o8,theta,student.z.pred.out,,28,0.5653545514162542,,,,
in100.byol.s0.null.extL,in100.pairs100.v1@own_byol.o8,fidelity,student.z.pred.out,,0,,19.007455751171186,5.701882570224786,5.59795440177091,0.9500186324319891
in100.byol.s0.null.extL,in100.pairs100.v1@own_byol.o8,fidelity,student.z.pred.out,,1,,16.85532713779168,5.157826089772998,5.11695672465874,0.9439943053250786
in100.byol.s0.null.extL,in100.pairs100.v1@own_byol.o8,fidelity,student.z.pred.out,,2,,14.897287260495997,4.661418001183054,4.5727245666546805,0.9370961860590548
in100.byol.s0.null.extL,in100.pairs100.v1@own_byol.o8,fidelity,student.z.pred.out,,3,,13.96113424452968,4.42344370904262,4.402877348006906,0.9331601479102004
in100.byol.s0.null.extL,in100.pairs100.v1@own_byol.o8,fidelity,student.z.pred.out,,4,,12.246080668967911,3.986026138103024,3.8960351633907027,0.9245059708610459
in100.byol.s0.null.extL,in100.pairs100.v1@own_byol.o8,fidelity,student.z.pred.out,,5,,11.154778794998428,3.706422530998476,3.5437366826675416,0.917727832248869
in100.byol.s0.null.extL,in100.pairs100.v1@own_byol.o8,fidelity,student.z.pred.out,,6,,10.850747724978445,3.62830407007778,3.4084462618503046,0.9156171388331685
in100.byol.s0.null.extL,in100.pairs100.v1@own_byol.o8,fidelity,student.z.pred.out,,7,,10.18321310859653,3.456383537912356,3.55745061968865,0.9105802607632237
in100.byol.s0.null.extL,in100.pairs100.v1@own_byol.o8,fidelity,student.z.pred.out,,8,,7.8435051395323026,2.8477989491183466,2.6267705825588425,0.8869226642352711
in100.byol.s0.null.extL,in100.pairs100.v1@own_byol.o8,fidelity,student.z.pred.out,,9,,7.131600661945017,2.6599231476058893,2.5109370725947535,0.877022982119635
in100.byol.s0.null.extL,in100.pairs100.v1@own_byol.o8,fidelity,student.z.pred.out,,10,,6.393538508489888,2.463131392307814,2.2740082427902686,0.8647467651853419
in100.byol.s0.null.extL,in100.pairs100.v1@own_byol.o8,fidelity,student.z.pred.out,,11,,5.774756750745499,2.2960824120054677,2.1882225981607726,0.8523932243190931
in100.byol.s0.null.extL,in100.pairs100.v1@own_byol.o8,fidelity,student.z.pred.out,,12,,5.304007421522767,2.1673726005061082,1.944025868179443,0.8413707451254167
in100.byol.s0.null.extL,in100.pairs100.v1@own_byol.o8,fidelity,student.z.pred.out,,13,,4.461955672952881,1.9324043126725048,1.8060677037847446,0.8169153944342845
in100.byol.s0.null.extL,in100.pairs100.v1@own_byol.o8,fidelity,student.z.pred.out,,14,,4.100335825717886,1.8290184356146246,1.6725333811525203,0.803934479185153
in100.byol.s0.null.extL,in100.pairs100.v1@own_byol.o8,fidelity,student.z.pred.out,,15,,3.8615270263859194,1.7596850702317832,1.5619254902942035,0.7943033136353035
in100.byol.s0.null.extL,in100.pairs100.v1@own_byol.o8,fidelity,student.z.pred.out,,16,,3.360657726023339,1.610841227799145,1.4491414370706401,0.7706767962933104
in100.byol.s0.null.extL,in100.pairs100.v1@own_byol.o8,fidelity,student.z.pred.out,,17,,3.237956576021736,1.5735263675914477,1.4703387921008981,0.7640372235860138
in100.byol.s0.null.extL,in100.pairs100.v1@own_byol.o8,fidelity,student.z.pred.out,,18,,2.7069270645773127,1.406966544822385,1.3262349922063454,0.7302347786780568
in100.byol.s0.null.extL,in100.pairs100.v1@own_byol.o8,fidelity,student.z.pred.out,,19,,2.5919716054289195,1.3695942641050323,1.2661914161827406,0.7216013627478023
in100.byol.s0.null.extL,in100.pairs100.v1@own_byol.o8,fidelity,student.z.pred.out,,20,,2.5221761451142855,1.3466286502218208,1.2782026737175063,0.7160846139432494
in100.byol.s0.null.extL,in100.pairs100.v1@own_byol.o8,fidelity,student.z.pred.out,,21,,2.2259011204081576,1.2464843775062788,1.1915919733699611,0.6900090974042394
in100.byol.s0.null.extL,in100.pairs100.v1@own_byol.o8,fidelity,student.z.pred.out,,22,,1.986314503451265,1.1617177132414878,1.0667310781082202,0.6651390873786716
in100.byol.s0.null.extL,in100.pairs100.v1@own_byol.o8,fidelity,student.z.pred.out,,23,,1.7336440205002945,1.0675989269975834,0.9326119761854845,0.6341879218725098
in100.byol.s0.null.extL,in100.pairs100.v1@own_byol.o8,fidelity,student.z.pred.out,,24,,1.6478052991446517,1.0342800510248178,0.9946834767529995,0.6223287262386549
in100.byol.s0.null.extL,in100.pairs100.v1@own_byol.o8,fidelity,student.z.pred.out,,25,,1.281618509688798,0.8821192629962267,0.8286352476739999,0.5617146355740271
in100.byol.s0.null.extL,in100.pairs100.v1@own_byol.o8,fidelity,student.z.pred.out,,26,,0.8570161298882916,0.6757557480979061,0.5992311095551285,0.4615017156258332
in100.byol.s0.null.extL,in100.pairs100.v1@own_byol.o8,fidelity,student.z.pred.out,,27,,0.709377362632048,0.5923360084660904,0.5162452801163953,0.4149916678080784
in100.byol.s0.null.extL,in100.pairs100.v1@own_byol.o8,fidelity,student.z.pred.out,,28,,0.5595806929525172,0.49869718680573005,0.4616474887181477,0.3588020135676008
in100.byol.s0.null.extL,in100.pairs100.v1@own_byol.o8,theta,student.z.pred.tap1,,0,17.7160079181122,,,,
in100.byol.s0.null.extL,in100.pairs100.v1@own_byol.o8,theta,student.z.pred.tap1,,1,14.614077169916754,,,,
in100.byol.s0.null.extL,in100.pairs100.v1@own_byol.o8,theta,student.z.pred.tap1,,2,13.026699507652724,,,,
in100.byol.s0.null.extL,in100.pairs100.v1@own_byol.o8,theta,student.z.pred.tap1,,3,11.748329691618439,,,,
in100.byol.s0.null.extL,in100.pairs100.v1@own_byol.o8,theta,student.z.pred.tap1,,4,10.705746929904665,,,,
in100.byol.s0.null.extL,in100.pairs100.v1@own_byol.o8,theta,student.z.pred.tap1,,5,9.891840606434057,,,,
in100.byol.s0.null.extL,in100.pairs100.v1@own_byol.o8,theta,student.z.pred.tap1,,6,9.080264470943817,,,,
in100.byol.s0.null.extL,in100.pairs100.v1@own_byol.o8,theta,student.z.pred.tap1,,7,7.578288030792083,,,,
in100.byol.s0.null.extL,in100.pairs100.v1@own_byol.o8,theta,student.z.pred.tap1,,8,6.822685077054288,,,,
in100.byol.s0.null.extL,in100.pairs100.v1@own_byol.o8,theta,student.z.pred.tap1,,9,6.3574840792951335,,,,
in100.byol.s0.null.extL,in100.pairs100.v1@own_byol.o8,theta,student.z.pred.tap1,,10,5.707105241087757,,,,
in100.byol.s0.null.extL,in100.pairs100.v1@own_byol.o8,theta,student.z.pred.tap1,,11,5.194129524856743,,,,
in100.byol.s0.null.extL,in100.pairs100.v1@own_byol.o8,theta,student.z.pred.tap1,,12,4.350573988523075,,,,
in100.byol.s0.null.extL,in100.pairs100.v1@own_byol.o8,theta,student.z.pred.tap1,,13,4.187934590777028,,,,
in100.byol.s0.null.extL,in100.pairs100.v1@own_byol.o8,theta,student.z.pred.tap1,,14,3.963598410082733,,,,
in100.byol.s0.null.extL,in100.pairs100.v1@own_byol.o8,theta,student.z.pred.tap1,,15,3.2455684530539926,,,,
in100.byol.s0.null.extL,in100.pairs100.v1@own_byol.o8,theta,student.z.pred.tap1,,16,2.9637088721946396,,,,
in100.byol.s0.null.extL,in100.pairs100.v1@own_byol.o8,theta,student.z.pred.tap1,,17,2.6899200626571615,,,,
in100.byol.s0.null.extL,in100.pairs100.v1@own_byol.o8,theta,student.z.pred.tap1,,18,2.4088113017586976,,,,
in100.byol.s0.null.extL,in100.pairs100.v1@own_byol.o8,theta,student.z.pred.tap1,,19,2.2841919261425256,,,,
in100.byol.s0.null.extL,in100.pairs100.v1@own_byol.o8,theta,student.z.pred.tap1,,20,1.8844566245301089,,,,
in100.byol.s0.null.extL,in100.pairs100.v1@own_byol.o8,theta,student.z.pred.tap1,,21,1.7459918483036938,,,,
in100.byol.s0.null.extL,in100.pairs100.v1@own_byol.o8,theta,student.z.pred.tap1,,22,1.7258537749116827,,,,
in100.byol.s0.null.extL,in100.pairs100.v1@own_byol.o8,theta,student.z.pred.tap1,,23,1.4360885777178733,,,,
in100.byol.s0.null.extL,in100.pairs100.v1@own_byol.o8,theta,student.z.pred.tap1,,24,1.2221897063031484,,,,
in100.byol.s0.null.extL,in100.pairs100.v1@own_byol.o8,theta,student.z.pred.tap1,,25,0.8241536549704563,,,,
in100.byol.s0.null.extL,in100.pairs100.v1@own_byol.o8,theta,student.z.pred.tap1,,26,0.6624831351592807,,,,
in100.byol.s0.null.extL,in100.pairs100.v1@own_byol.o8,theta,student.z.pred.tap1,,27,0.5471048102342512,,,,
in100.byol.s0.null.extL,in100.pairs100.v1@own_byol.o8,fidelity,student.z.pred.tap1,,0,,17.196911288685637,5.2442734409505825,5.1834822311864945,0.945045618779173
in100.byol.s0.null.extL,in100.pairs100.v1@own_byol.o8,fidelity,student.z.pred.tap1,,1,,15.129075259456867,4.720268980161128,4.675265868613052,0.9380001652969114
in100.byol.s0.null.extL,in100.pairs100.v1@own_byol.o8,fidelity,student.z.pred.tap1,,2,,13.086327865192947,4.200591143880211,4.091584180617579,0.9290091775819743
in100.byol.s0.null.extL,in100.pairs100.v1@own_byol.o8,fidelity,student.z.pred.tap1,,3,,11.600827925867693,3.8208471167117555,3.832585460671932,0.9206401352448323
in100.byol.s0.null.extL,in100.pairs100.v1@own_byol.o8,fidelity,student.z.pred.tap1,,4,,10.588068520291177,3.56072147189223,3.2523779664375976,0.9137043418194362
in100.byol.s0.null.extL,in100.pairs100.v1@own_byol.o8,fidelity,student.z.pred.tap1,,5,,10.439173274622208,3.522374413810523,3.4038370413853043,0.9125810951549708
in100.byol.s0.null.extL,in100.pairs100.v1@own_byol.o8,fidelity,student.z.pred.tap1,,6,,9.4488299932166,3.2665030030975863,2.9709610781353657,0.904295504793436
in100.byol.s0.null.extL,in100.pairs100.v1@own_byol.o8,fidelity,student.z.pred.tap1,,7,,8.176263949340557,2.935089174383735,2.8641316429462003,0.8910231870485957
in100.byol.s0.null.extL,in100.pairs100.v1@own_byol.o8,fidelity,student.z.pred.tap1,,8,,6.3816290680976975,2.459935816105568,2.3239236632943667,0.8645285490811437
in100.byol.s0.null.extL,in100.pairs100.v1@own_byol.o8,fidelity,student.z.pred.tap1,,9,,6.078896633989522,2.3784592055386846,2.2068260795068775,0.8587350470413042
in100.byol.s0.null.extL,in100.pairs100.v1@own_byol.o8,fidelity,student.z.pred.tap1,,10,,5.256757184148071,2.1543620931317222,1.9260367955943605,0.8401727970947044
in100.byol.s0.null.extL,in100.pairs100.v1@own_byol.o8,fidelity,student.z.pred.tap1,,11,,5.029539484532326,2.0915347257670356,1.9328273565989258,0.8341498546339541
in100.byol.s0.null.extL,in100.pairs100.v1@own_byol.o8,fidelity,student.z.pred.tap1,,12,,4.901783880105891,2.056005675309673,1.871716607745913,0.8305597052832003
in100.byol.s0.null.extL,in100.pairs100.v1@own_byol.o8,fidelity,student.z.pred.tap1,,13,,4.303254001540859,1.8872500260146774,1.7223469307045265,0.8114365256294626
in100.byol.s0.null.extL,in100.pairs100.v1@own_byol.o8,fidelity,student.z.pred.tap1,,14,,3.441132488206357,1.6351153292294773,1.4924511503416042,0.774832207177888
in100.byol.s0.null.extL,in100.pairs100.v1@own_byol.o8,fidelity,student.z.pred.tap1,,15,,3.188619954785404,1.5584128705775844,1.4265639814240496,0.7612578818812334
in100.byol.s0.null.extL,in100.pairs100.v1@own_byol.o8,fidelity,student.z.pred.tap1,,16,,3.0173632986400802,1.505421340495242,1.4146979609873442,0.751080515835222
in100.byol.s0.null.extL,in100.pairs100.v1@own_byol.o8,fidelity,student.z.pred.tap1,,17,,2.5759366151202223,1.3643371388492889,1.2364169291063554,0.7203529850692333
in100.byol.s0.null.extL,in100.pairs100.v1@own_byol.o8,fidelity,student.z.pred.tap1,,18,,2.410135764735238,1.3092904843275868,1.196992384138901,0.7067565431437772
in100.byol.s0.null.extL,in100.pairs100.v1@own_byol.o8,fidelity,student.z.pred.tap1,,19,,2.20824658845086,1.2403649079655965,1.1309779814548826,0.6883032608528816
in100.byol.s0.null.extL,in100.pairs100.v1@own_byol.o8,fidelity,student.z.pred.tap1,,20,,1.8315098121960969,1.104708978868669,1.0192148036649897,0.6468315258196448
in100.byol.s0.null.extL,in100.pairs100.v1@own_byol.o8,fidelity,student.z.pred.tap1,,21,,1.7889657675799169,1.0886855888169635,0.9793029774740665,0.6414441469219843
in100.byol.s0.null.extL,in100.pairs100.v1@own_byol.o8,fidelity,student.z.pred.tap1,,22,,1.6969187507793837,1.0534361664918028,0.9487614553148742,0.6292064787969569
in100.byol.s0.null.extL,in100.pairs100.v1@own_byol.o8,fidelity,student.z.pred.tap1,,23,,1.4510096643592976,0.9547572887995355,0.9269519861331682,0.5920048727097111
in100.byol.s0.null.extL,in100.pairs100.v1@own_byol.o8,fidelity,student.z.pred.tap1,,24,,1.2432334195430843,0.865023270155852,0.7945926091236801,0.5542149152700809
in100.byol.s0.null.extL,in100.pairs100.v1@own_byol.o8,fidelity,student.z.pred.tap1,,25,,0.8190656246263622,0.6550336277113924,0.5801439552636386,0.4502672215548018
in100.byol.s0.null.extL,in100.pairs100.v1@own_byol.o8,fidelity,student.z.pred.tap1,,26,,0.6494139626061303,0.5560775510323687,0.47597324122116536,0.3937240603808361
in100.byol.s0.null.extL,in100.pairs100.v1@own_byol.o8,fidelity,student.z.pred.tap1,,27,,0.5428042192019638,0.4875306728726638,0.454034847104862,0.35182961807217283
in100.byol.s0.null.extL,in100.pairs100.v1@own_byol.o8,theta,student.z.proj.out,,0,18.10505407691597,,,,
in100.byol.s0.null.extL,in100.pairs100.v1@own_byol.o8,theta,student.z.proj.out,,1,14.94973701781705,,,,
in100.byol.s0.null.extL,in100.pairs100.v1@own_byol.o8,theta,student.z.proj.out,,2,13.434616435164854,,,,
in100.byol.s0.null.extL,in100.pairs100.v1@own_byol.o8,theta,student.z.proj.out,,3,12.053917964260451,,,,
in100.byol.s0.null.extL,in100.pairs100.v1@own_byol.o8,theta,student.z.proj.out,,4,10.76274489812723,,,,
in100.byol.s0.null.extL,in100.pairs100.v1@own_byol.o8,theta,student.z.proj.out,,5,9.736063688532234,,,,
in100.byol.s0.null.extL,in100.pairs100.v1@own_byol.o8,theta,student.z.proj.out,,6,6.997290583900175,,,,
in100.byol.s0.null.extL,in100.pairs100.v1@own_byol.o8,theta,student.z.proj.out,,7,6.294936614263831,,,,
in100.byol.s0.null.extL,in100.pairs100.v1@own_byol.o8,theta,student.z.proj.out,,8,5.712139153338775,,,,
in100.byol.s0.null.extL,in100.pairs100.v1@own_byol.o8,theta,student.z.proj.out,,9,4.768665573791324,,,,
in100.byol.s0.null.extL,in100.pairs100.v1@own_byol.o8,theta,student.z.proj.out,,10,4.639903366277048,,,,
in100.byol.s0.null.extL,in100.pairs100.v1@own_byol.o8,theta,student.z.proj.out,,11,4.080890797108273,,,,
in100.byol.s0.null.extL,in100.pairs100.v1@own_byol.o8,theta,student.z.proj.out,,12,3.5056573015307766,,,,
in100.byol.s0.null.extL,in100.pairs100.v1@own_byol.o8,theta,student.z.proj.out,,13,2.9811796341766326,,,,
in100.byol.s0.null.extL,in100.pairs100.v1@own_byol.o8,theta,student.z.proj.out,,14,2.8604078190257423,,,,
in100.byol.s0.null.extL,in100.pairs100.v1@own_byol.o8,theta,student.z.proj.out,,15,2.473958183667721,,,,
in100.byol.s0.null.extL,in100.pairs100.v1@own_byol.o8,theta,student.z.proj.out,,16,2.390283352083651,,,,
in100.byol.s0.null.extL,in100.pairs100.v1@own_byol.o8,theta,student.z.proj.out,,17,2.0745357767224433,,,,
in100.byol.s0.null.extL,in100.pairs100.v1@own_byol.o8,theta,student.z.proj.out,,18,1.8709763129498485,,,,
in100.byol.s0.null.extL,in100.pairs100.v1@own_byol.o8,theta,student.z.proj.out,,19,1.7750459970167227,,,,
in100.byol.s0.null.extL,in100.pairs100.v1@own_byol.o8,theta,student.z.proj.out,,20,1.5717837307214053,,,,
in100.byol.s0.null.extL,in100.pairs100.v1@own_byol.o8,theta,student.z.proj.out,,21,1.283126331215703,,,,
in100.byol.s0.null.extL,in100.pairs100.v1@own_byol.o8,theta,student.z.proj.out,,22,0.8628921737678932,,,,
in100.byol.s0.null.extL,in100.pairs100.v1@own_byol.o8,theta,student.z.proj.out,,23,0.6798702180148154,,,,
in100.byol.s0.null.extL,in100.pairs100.v1@own_byol.o8,theta,student.z.proj.out,,24,0.5581559778545291,,,,
in100.byol.s0.null.extL,in100.pairs100.v1@own_byol.o8,fidelity,student.z.proj.out,,0,,18.03796556616379,5.456964770641008,5.409323774623414,0.9474733791000598
in100.byol.s0.null.extL,in100.pairs100.v1@own_byol.o8,fidelity,student.z.proj.out,,1,,14.674959446520573,4.604943843311131,4.446946590392459,0.9362039816809878
in100.byol.s0.null.extL,in100.pairs100.v1@own_byol.o8,fidelity,student.z.proj.out,,2,,13.447585101108324,4.292680555625546,4.190455348724742,0.9307842803484655
in100.byol.s0.null.extL,in100.pairs100.v1@own_byol.o8,fidelity,student.z.proj.out,,3,,12.108645372263798,3.9508758099996673,3.971843891039357,0.9237144669337176
in100.byol.s0.null.extL,in100.pairs100.v1@own_byol.o8,fidelity,student.z.proj.out,,4,,10.289970206695045,3.4839183586783724,3.3231523141636443,0.9114258070046108
in100.byol.s0.null.extL,in100.pairs100.v1@own_byol.o8,fidelity,student.z.proj.out,,5,,7.245535307551354,2.690106073206499,2.5064732706388395,0.8787222463186607
in100.byol.s0.null.extL,in100.pairs100.v1@own_byol.o8,fidelity,student.z.proj.out,,6,,6.782156035302734,2.5670399148132232,2.4965590259442534,0.8715009059875398
in100.byol.s0.null.extL,in100.pairs100.v1@own_byol.o8,fidelity,student.z.proj.out,,7,,5.895748053164954,2.328920114139735,2.2190109077125877,0.8549831008484964
in100.byol.s0.null.extL,in100.pairs100.v1@own_byol.o8,fidelity,student.z.proj.out,,8,,5.192428491887988,2.1366195900420664,1.9380294957385626,0.8385124670700697
in100.byol.s0.null.extL,in100.pairs100.v1@own_byol.o8,fidelity,student.z.proj.out,,9,,4.642933197602447,1.983520498011278,1.8363540324060372,0.8227871986106663
in100.byol.s0.null.extL,in100.pairs100.v1@own_byol.o8,fidelity,student.z.proj.out,,10,,4.059781312281606,1.8173083279153355,1.625906696511816,0.802362999844934
in100.byol.s0.null.extL,in100.pairs100.v1@own_byol.o8,fidelity,student.z.proj.out,,11,,3.549264874971618,1.667500484226844,1.5703547113822582,0.7801842654839396
in100.byol.s0.null.extL,in100.pairs100.v1@own_byol.o8,fidelity,student.z.proj.out,,12,,3.112461174148236,1.5349519036219874,1.4588661482839784,0.7568366100849285
in100.byol.s0.null.extL,in100.pairs100.v1@own_byol.o8,fidelity,student.z.proj.out,,13,,2.7972770781343286,1.4359726715836327,1.270357879620378,0.7366534020500505
in100.byol.s0.null.extL,in100.pairs100.v1@own_byol.o8,fidelity,student.z.proj.out,,14,,2.453115243321631,1.3236852324133501,1.2218662708489927,0.7104064215829423
in100.byol.s0.null.extL,in100.pairs100.v1@own_byol.o8,fidelity,student.z.proj.out,,15,,2.4181193045085374,1.311971284159044,1.2194791373376839,0.7074414580319098
in100.byol.s0.null.extL,in100.pairs100.v1@own_byol.o8,fidelity,student.z.proj.out,,16,,2.038682326630355,1.1805805707550945,1.0981524220540435,0.6709099890975058
in100.byol.s0.null.extL,in100.pairs100.v1@own_byol.o8,fidelity,student.z.proj.out,,17,,1.881653815712668,1.1233905067069068,1.0029712947199134,0.6529770527787399
in100.byol.s0.null.extL,in100.pairs100.v1@own_byol.o8,fidelity,student.z.proj.out,,18,,1.8103719719352893,1.0967682089388204,0.9924047689092926,0.6441752159549982
in100.byol.s0.null.extL,in100.pairs100.v1@own_byol.o8,fidelity,student.z.proj.out,,19,,1.6004841481251069,1.0155772586271752,0.9975069503231065,0.6154562215958984
in100.byol.s0.null.extL,in100.pairs100.v1@own_byol.o8,fidelity,student.z.proj.out,,20,,1.3123161407217914,0.8956122187321358,0.8218802357539676,0.567533183551688
in100.byol.s0.null.extL,in100.pairs100.v1@own_byol.o8,fidelity,student.z.proj.out,,21,,0.8575148797473104,0.6760250244143259,0.5946510401219248,0.46164630447749827
in100.byol.s0.null.extL,in100.pairs100.v1@own_byol.o8,fidelity,student.z.proj.out,,22,,0.6768076763362929,0.5728306034511857,0.49181775336558187,0.4036286843671125
in100.byol.s0.null.extL,in100.pairs100.v1@own_byol.o8,fidelity,student.z.proj.out,,23,,0.5547444027694987,0.4954935616366436,0.45955993431602843,0.35680746094426896
in100.byol.s0.null.extL,in100.pairs100.v1@own_byol.o8,theta,student.z.proj.tap1,,0,15.942252006718736,,,,
in100.byol.s0.null.extL,in100.pairs100.v1@own_byol.o8,theta,student.z.proj.tap1,,1,13.97360340900217,,,,
in100.byol.s0.null.extL,in100.pairs100.v1@own_byol.o8,theta,student.z.proj.tap1,,2,12.264411018521898,,,,
in100.byol.s0.null.extL,in100.pairs100.v1@own_byol.o8,theta,student.z.proj.tap1,,3,10.21765614067188,,,,
in100.byol.s0.null.extL,in100.pairs100.v1@own_byol.o8,theta,student.z.proj.tap1,,4,8.796511157855047,,,,
in100.byol.s0.null.extL,in100.pairs100.v1@own_byol.o8,theta,student.z.proj.tap1,,5,6.984495828525147,,,,
in100.byol.s0.null.extL,in100.pairs100.v1@own_byol.o8,theta,student.z.proj.tap1,,6,6.181621431936595,,,,
in100.byol.s0.null.extL,in100.pairs100.v1@own_byol.o8,theta,student.z.proj.tap1,,7,5.484909306495346,,,,
in100.byol.s0.null.extL,in100.pairs100.v1@own_byol.o8,theta,student.z.proj.tap1,,8,4.805177003498393,,,,
in100.byol.s0.null.extL,in100.pairs100.v1@own_byol.o8,theta,student.z.proj.tap1,,9,3.9663996213864983,,,,
in100.byol.s0.null.extL,in100.pairs100.v1@own_byol.o8,theta,student.z.proj.tap1,,10,3.598691346414559,,,,
in100.byol.s0.null.extL,in100.pairs100.v1@own_byol.o8,theta,student.z.proj.tap1,,11,2.958577233390088,,,,
in100.byol.s0.null.extL,in100.pairs100.v1@own_byol.o8,theta,student.z.proj.tap1,,12,2.7787261185657446,,,,
in100.byol.s0.null.extL,in100.pairs100.v1@own_byol.o8,theta,student.z.proj.tap1,,13,2.4323926668285667,,,,
in100.byol.s0.null.extL,in100.pairs100.v1@own_byol.o8,theta,student.z.proj.tap1,,14,2.3002196163766007,,,,
in100.byol.s0.null.extL,in100.pairs100.v1@own_byol.o8,theta,student.z.proj.tap1,,15,1.8664898218109007,,,,
in100.byol.s0.null.extL,in100.pairs100.v1@own_byol.o8,theta,student.z.proj.tap1,,16,1.720787717671042,,,,
in100.byol.s0.null.extL,in100.pairs100.v1@own_byol.o8,theta,student.z.proj.tap1,,17,1.7103219665130815,,,,
in100.byol.s0.null.extL,in100.pairs100.v1@own_byol.o8,theta,student.z.proj.tap1,,18,1.3688025964674477,,,,
in100.byol.s0.null.extL,in100.pairs100.v1@own_byol.o8,theta,student.z.proj.tap1,,19,1.1426850628470526,,,,
in100.byol.s0.null.extL,in100.pairs100.v1@own_byol.o8,theta,student.z.proj.tap1,,20,0.8365026566426356,,,,
in100.byol.s0.null.extL,in100.pairs100.v1@own_byol.o8,theta,student.z.proj.tap1,,21,0.6624350994791566,,,,
in100.byol.s0.null.extL,in100.pairs100.v1@own_byol.o8,theta,student.z.proj.tap1,,22,0.5377779886646515,,,,
in100.byol.s0.null.extL,in100.pairs100.v1@own_byol.o8,fidelity,student.z.proj.tap1,,0,,16.12463699503084,4.972763850344875,4.950028392351357,0.941604601587165
in100.byol.s0.null.extL,in100.pairs100.v1@own_byol.o8,fidelity,student.z.proj.tap1,,1,,14.260626744019412,4.499628577836432,4.454135911164323,0.9344718918315792
in100.byol.s0.null.extL,in100.pairs100.v1@own_byol.o8,fidelity,student.z.proj.tap1,,2,,11.860813413353645,3.8874477738226023,3.8037083554862487,0.9222444204841912
in100.byol.s0.null.extL,in100.pairs100.v1@own_byol.o8,fidelity,student.z.proj.tap1,,3,,9.996605559543006,3.4082142370902524,3.2880901399279385,0.9090628472045007
in100.byol.s0.null.extL,in100.pairs100.v1@own_byol.o8,fidelity,student.z.proj.tap1,,4,,8.717579402417034,3.076488565140692,3.1053223206325695,0.8970937145364336
in100.byol.s0.null.extL,in100.pairs100.v1@own_byol.o8,fidelity,student.z.proj.tap1,,5,,6.879156975976879,2.5928721127517598,2.4795432205292567,0.8730828687575403
in100.byol.s0.null.extL,in100.pairs100.v1@own_byol.o8,fidelity,student.z.proj.tap1,,6,,6.478301221788111,2.485855096760262,2.3986093383637406,0.8662797913132344
in100.byol.s0.null.extL,in100.pairs100.v1@own_byol.o8,fidelity,student.z.proj.tap1,,7,,5.133066765247982,2.120216126516853,1.9410819369802166,0.8369494352048577
in100.byol.s0.null.extL,in100.pairs100.v1@own_byol.o8,fidelity,student.z.proj.tap1,,8,,4.807117858332754,2.029577001262235,1.916252682029142,0.8277975366790465
in100.byol.s0.null.extL,in100.pairs100.v1@own_byol.o8,fidelity,student.z.proj.tap1,,9,,3.794279110218253,1.7399878454203541,1.6025836731793501,0.7914180678657908
in100.byol.s0.null.extL,in100.pairs100.v1@own_byol.o8,fidelity,student.z.proj.tap1,,10,,3.5358186557749365,1.6634872961121707,1.492905715665868,0.7795326321684367
in100.byol.s0.null.extL,in100.pairs100.v1@own_byol.o8,fidelity,student.z.proj.tap1,,11,,3.0604747876905223,1.5188420784760548,1.4160436186075769,0.7537233815534242
in100.byol.s0.null.extL,in100.pairs100.v1@own_byol.o8,fidelity,student.z.proj.tap1,,12,,2.6573684135023066,1.3909214667483802,1.246853400770217,0.7265793633728036
in100.byol.s0.null.extL,in100.pairs100.v1@own_byol.o8,fidelity,student.z.proj.tap1,,13,,2.4137366083692,1.3105000113772913,1.2311556398575287,0.7070658592849912
in100.byol.s0.null.extL,in100.pairs100.v1@own_byol.o8,fidelity,student.z.proj.tap1,,14,,2.2623602020679243,1.259063505910985,1.1327154708779932,0.693473455394004
in100.byol.s0.null.extL,in100.pairs100.v1@own_byol.o8,fidelity,student.z.proj.tap1,,15,,1.8252107340461032,1.1023467863640384,0.9827557759087959,0.6460441028525126
in100.byol.s0.null.extL,in100.pairs100.v1@own_byol.o8,fidelity,student.z.proj.tap1,,16,,1.7695024716199026,1.081299933644946,0.9810400969822675,0.6389243157399703
in100.byol.s0.null.extL,in100.pairs100.v1@own_byol.o8,fidelity,student.z.proj.tap1,,17,,1.7239377825052322,1.0638688652255361,0.9699107661833599,0.632884419599228
in100.byol.s0.null.extL,in100.pairs100.v1@own_byol.o8,fidelity,student.z.proj.tap1,,18,,1.4025673969265968,0.9344204348899678,0.9232792121804523,0.5837785856583186
in100.byol.s0.null.extL,in100.pairs100.v1@own_byol.o8,fidelity,student.z.proj.tap1,,19,,1.1546977657436805,0.8245722290985642,0.7724863802423643,0.5358977876626441
in100.byol.s0.null.extL,in100.pairs100.v1@own_byol.o8,fidelity,student.z.proj.tap1,,20,,0.8254585519987042,0.6585570753984356,0.5761742775566575,0.4521924373987595
in100.byol.s0.null.extL,in100.pairs100.v1@own_byol.o8,fidelity,student.z.proj.tap1,,21,,0.6531929849112246,0.558408188547275,0.4707310364619628,0.3951099423194689
in100.byol.s0.null.extL,in100.pairs100.v1@own_byol.o8,fidelity,student.z.proj.tap1,,22,,0.5337801787681712,0.48146113341009333,0.4442884746462278,0.3480160887180505
in100.byol.s0.null.extL,in100.pairs100.v1@own_byol.o8,theta,teacher.z.proj.out,,0,18.10505407691597,,,,
in100.byol.s0.null.extL,in100.pairs100.v1@own_byol.o8,theta,teacher.z.proj.out,,1,14.94973701781705,,,,
in100.byol.s0.null.extL,in100.pairs100.v1@own_byol.o8,theta,teacher.z.proj.out,,2,13.434616435164854,,,,
in100.byol.s0.null.extL,in100.pairs100.v1@own_byol.o8,theta,teacher.z.proj.out,,3,12.053917964260451,,,,
in100.byol.s0.null.extL,in100.pairs100.v1@own_byol.o8,theta,teacher.z.proj.out,,4,10.76274489812723,,,,
in100.byol.s0.null.extL,in100.pairs100.v1@own_byol.o8,theta,teacher.z.proj.out,,5,9.736063688532234,,,,
in100.byol.s0.null.extL,in100.pairs100.v1@own_byol.o8,theta,teacher.z.proj.out,,6,6.997290583900175,,,,
in100.byol.s0.null.extL,in100.pairs100.v1@own_byol.o8,theta,teacher.z.proj.out,,7,6.294936614263831,,,,
in100.byol.s0.null.extL,in100.pairs100.v1@own_byol.o8,theta,teacher.z.proj.out,,8,5.712139153338775,,,,
in100.byol.s0.null.extL,in100.pairs100.v1@own_byol.o8,theta,teacher.z.proj.out,,9,4.768665573791324,,,,
in100.byol.s0.null.extL,in100.pairs100.v1@own_byol.o8,theta,teacher.z.proj.out,,10,4.639903366277048,,,,
in100.byol.s0.null.extL,in100.pairs100.v1@own_byol.o8,theta,teacher.z.proj.out,,11,4.080890797108273,,,,
in100.byol.s0.null.extL,in100.pairs100.v1@own_byol.o8,theta,teacher.z.proj.out,,12,3.5056573015307766,,,,
in100.byol.s0.null.extL,in100.pairs100.v1@own_byol.o8,theta,teacher.z.proj.out,,13,2.9811796341766326,,,,
in100.byol.s0.null.extL,in100.pairs100.v1@own_byol.o8,theta,teacher.z.proj.out,,14,2.8604078190257423,,,,
in100.byol.s0.null.extL,in100.pairs100.v1@own_byol.o8,theta,teacher.z.proj.out,,15,2.473958183667721,,,,
in100.byol.s0.null.extL,in100.pairs100.v1@own_byol.o8,theta,teacher.z.proj.out,,16,2.390283352083651,,,,
in100.byol.s0.null.extL,in100.pairs100.v1@own_byol.o8,theta,teacher.z.proj.out,,17,2.0745357767224433,,,,
in100.byol.s0.null.extL,in100.pairs100.v1@own_byol.o8,theta,teacher.z.proj.out,,18,1.8709763129498485,,,,
in100.byol.s0.null.extL,in100.pairs100.v1@own_byol.o8,theta,teacher.z.proj.out,,19,1.7750459970167227,,,,
in100.byol.s0.null.extL,in100.pairs100.v1@own_byol.o8,theta,teacher.z.proj.out,,20,1.5717837307214053,,,,
in100.byol.s0.null.extL,in100.pairs100.v1@own_byol.o8,theta,teacher.z.proj.out,,21,1.283126331215703,,,,
in100.byol.s0.null.extL,in100.pairs100.v1@own_byol.o8,theta,teacher.z.proj.out,,22,0.8628921737678932,,,,
in100.byol.s0.null.extL,in100.pairs100.v1@own_byol.o8,theta,teacher.z.proj.out,,23,0.6798702180148154,,,,
in100.byol.s0.null.extL,in100.pairs100.v1@own_byol.o8,theta,teacher.z.proj.out,,24,0.5581559778545291,,,,
in100.byol.s0.null.extL,in100.pairs100.v1@own_byol.o8,fidelity,teacher.z.proj.out,,0,,18.03796556616379,5.456964770641008,5.409323774623414,0.9474733791000598
in100.byol.s0.null.extL,in100.pairs100.v1@own_byol.o8,fidelity,teacher.z.proj.out,,1,,14.674959446520573,4.604943843311131,4.446946590392459,0.9362039816809878
in100.byol.s0.null.extL,in100.pairs100.v1@own_byol.o8,fidelity,teacher.z.proj.out,,2,,13.447585101108324,4.292680555625546,4.190455348724742,0.9307842803484655
in100.byol.s0.null.extL,in100.pairs100.v1@own_byol.o8,fidelity,teacher.z.proj.out,,3,,12.108645372263798,3.9508758099996673,3.971843891039357,0.9237144669337176
in100.byol.s0.null.extL,in100.pairs100.v1@own_byol.o8,fidelity,teacher.z.proj.out,,4,,10.289970206695045,3.4839183586783724,3.3231523141636443,0.9114258070046108
in100.byol.s0.null.extL,in100.pairs100.v1@own_byol.o8,fidelity,teacher.z.proj.out,,5,,7.245535307551354,2.690106073206499,2.5064732706388395,0.8787222463186607
in100.byol.s0.null.extL,in100.pairs100.v1@own_byol.o8,fidelity,teacher.z.proj.out,,6,,6.782156035302734,2.5670399148132232,2.4965590259442534,0.8715009059875398
in100.byol.s0.null.extL,in100.pairs100.v1@own_byol.o8,fidelity,teacher.z.proj.out,,7,,5.895748053164954,2.328920114139735,2.2190109077125877,0.8549831008484964
in100.byol.s0.null.extL,in100.pairs100.v1@own_byol.o8,fidelity,teacher.z.proj.out,,8,,5.192428491887988,2.1366195900420664,1.9380294957385626,0.8385124670700697
in100.byol.s0.null.extL,in100.pairs100.v1@own_byol.o8,fidelity,teacher.z.proj.out,,9,,4.642933197602447,1.983520498011278,1.8363540324060372,0.8227871986106663
in100.byol.s0.null.extL,in100.pairs100.v1@own_byol.o8,fidelity,teacher.z.proj.out,,10,,4.059781312281606,1.8173083279153355,1.625906696511816,0.802362999844934
in100.byol.s0.null.extL,in100.pairs100.v1@own_byol.o8,fidelity,teacher.z.proj.out,,11,,3.549264874971618,1.667500484226844,1.5703547113822582,0.7801842654839396
in100.byol.s0.null.extL,in100.pairs100.v1@own_byol.o8,fidelity,teacher.z.proj.out,,12,,3.112461174148236,1.5349519036219874,1.4588661482839784,0.7568366100849285
in100.byol.s0.null.extL,in100.pairs100.v1@own_byol.o8,fidelity,teacher.z.proj.out,,13,,2.7972770781343286,1.4359726715836327,1.270357879620378,0.7366534020500505
in100.byol.s0.null.extL,in100.pairs100.v1@own_byol.o8,fidelity,teacher.z.proj.out,,14,,2.453115243321631,1.3236852324133501,1.2218662708489927,0.7104064215829423
in100.byol.s0.null.extL,in100.pairs100.v1@own_byol.o8,fidelity,teacher.z.proj.out,,15,,2.4181193045085374,1.311971284159044,1.2194791373376839,0.7074414580319098
in100.byol.s0.null.extL,in100.pairs100.v1@own_byol.o8,fidelity,teacher.z.proj.out,,16,,2.038682326630355,1.1805805707550945,1.0981524220540435,0.6709099890975058
in100.byol.s0.null.extL,in100.pairs100.v1@own_byol.o8,fidelity,teacher.z.proj.out,,17,,1.881653815712668,1.1233905067069068,1.0029712947199134,0.6529770527787399
in100.byol.s0.null.extL,in100.pairs100.v1@own_byol.o8,fidelity,teacher.z.proj.out,,18,,1.8103719719352893,1.0967682089388204,0.9924047689092926,0.6441752159549982
in100.byol.s0.null.extL,in100.pairs100.v1@own_byol.o8,fidelity,teacher.z.proj.out,,19,,1.6004841481251069,1.0155772586271752,0.9975069503231065,0.6154562215958984
in100.byol.s0.null.extL,in100.pairs100.v1@own_byol.o8,fidelity,teacher.z.proj.out,,20,,1.3123161407217914,0.8956122187321358,0.8218802357539676,0.567533183551688
in100.byol.s0.null.extL,in100.pairs100.v1@own_byol.o8,fidelity,teacher.z.proj.out,,21,,0.8575148797473104,0.6760250244143259,0.5946510401219248,0.46164630447749827
in100.byol.s0.null.extL,in100.pairs100.v1@own_byol.o8,fidelity,teacher.z.proj.out,,22,,0.6768076763362929,0.5728306034511857,0.49181775336558187,0.4036286843671125
in100.byol.s0.null.extL,in100.pairs100.v1@own_byol.o8,fidelity,teacher.z.proj.out,,23,,0.5547444027694987,0.4954935616366436,0.45955993431602843,0.35680746094426896
in100.byol.s0.null.extL,in100.pairs100.v1@own_byol.o8,theta,teacher.z.proj.tap1,,0,15.942252006718736,,,,
in100.byol.s0.null.extL,in100.pairs100.v1@own_byol.o8,theta,teacher.z.proj.tap1,,1,13.97360340900217,,,,
in100.byol.s0.null.extL,in100.pairs100.v1@own_byol.o8,theta,teacher.z.proj.tap1,,2,12.264411018521898,,,,
in100.byol.s0.null.extL,in100.pairs100.v1@own_byol.o8,theta,teacher.z.proj.tap1,,3,10.21765614067188,,,,
in100.byol.s0.null.extL,in100.pairs100.v1@own_byol.o8,theta,teacher.z.proj.tap1,,4,8.796511157855047,,,,
in100.byol.s0.null.extL,in100.pairs100.v1@own_byol.o8,theta,teacher.z.proj.tap1,,5,6.984495828525147,,,,
in100.byol.s0.null.extL,in100.pairs100.v1@own_byol.o8,theta,teacher.z.proj.tap1,,6,6.181621431936595,,,,
in100.byol.s0.null.extL,in100.pairs100.v1@own_byol.o8,theta,teacher.z.proj.tap1,,7,5.484909306495346,,,,
in100.byol.s0.null.extL,in100.pairs100.v1@own_byol.o8,theta,teacher.z.proj.tap1,,8,4.805177003498393,,,,
in100.byol.s0.null.extL,in100.pairs100.v1@own_byol.o8,theta,teacher.z.proj.tap1,,9,3.9663996213864983,,,,
in100.byol.s0.null.extL,in100.pairs100.v1@own_byol.o8,theta,teacher.z.proj.tap1,,10,3.598691346414559,,,,
in100.byol.s0.null.extL,in100.pairs100.v1@own_byol.o8,theta,teacher.z.proj.tap1,,11,2.958577233390088,,,,
in100.byol.s0.null.extL,in100.pairs100.v1@own_byol.o8,theta,teacher.z.proj.tap1,,12,2.7787261185657446,,,,
in100.byol.s0.null.extL,in100.pairs100.v1@own_byol.o8,theta,teacher.z.proj.tap1,,13,2.4323926668285667,,,,
in100.byol.s0.null.extL,in100.pairs100.v1@own_byol.o8,theta,teacher.z.proj.tap1,,14,2.3002196163766007,,,,
in100.byol.s0.null.extL,in100.pairs100.v1@own_byol.o8,theta,teacher.z.proj.tap1,,15,1.8664898218109007,,,,
in100.byol.s0.null.extL,in100.pairs100.v1@own_byol.o8,theta,teacher.z.proj.tap1,,16,1.720787717671042,,,,
in100.byol.s0.null.extL,in100.pairs100.v1@own_byol.o8,theta,teacher.z.proj.tap1,,17,1.7103219665130815,,,,
in100.byol.s0.null.extL,in100.pairs100.v1@own_byol.o8,theta,teacher.z.proj.tap1,,18,1.3688025964674477,,,,
in100.byol.s0.null.extL,in100.pairs100.v1@own_byol.o8,theta,teacher.z.proj.tap1,,19,1.1426850628470526,,,,
in100.byol.s0.null.extL,in100.pairs100.v1@own_byol.o8,theta,teacher.z.proj.tap1,,20,0.8365026566426356,,,,
in100.byol.s0.null.extL,in100.pairs100.v1@own_byol.o8,theta,teacher.z.proj.tap1,,21,0.6624350994791566,,,,
in100.byol.s0.null.extL,in100.pairs100.v1@own_byol.o8,theta,teacher.z.proj.tap1,,22,0.5377779886646515,,,,
in100.byol.s0.null.extL,in100.pairs100.v1@own_byol.o8,fidelity,teacher.z.proj.tap1,,0,,16.12463699503084,4.972763850344875,4.950028392351357,0.941604601587165
in100.byol.s0.null.extL,in100.pairs100.v1@own_byol.o8,fidelity,teacher.z.proj.tap1,,1,,14.260626744019412,4.499628577836432,4.454135911164323,0.9344718918315792
in100.byol.s0.null.extL,in100.pairs100.v1@own_byol.o8,fidelity,teacher.z.proj.tap1,,2,,11.860813413353645,3.8874477738226023,3.8037083554862487,0.9222444204841912
in100.byol.s0.null.extL,in100.pairs100.v1@own_byol.o8,fidelity,teacher.z.proj.tap1,,3,,9.996605559543006,3.4082142370902524,3.2880901399279385,0.9090628472045007
in100.byol.s0.null.extL,in100.pairs100.v1@own_byol.o8,fidelity,teacher.z.proj.tap1,,4,,8.717579402417034,3.076488565140692,3.1053223206325695,0.8970937145364336
in100.byol.s0.null.extL,in100.pairs100.v1@own_byol.o8,fidelity,teacher.z.proj.tap1,,5,,6.879156975976879,2.5928721127517598,2.4795432205292567,0.8730828687575403
in100.byol.s0.null.extL,in100.pairs100.v1@own_byol.o8,fidelity,teacher.z.proj.tap1,,6,,6.478301221788111,2.485855096760262,2.3986093383637406,0.8662797913132344
in100.byol.s0.null.extL,in100.pairs100.v1@own_byol.o8,fidelity,teacher.z.proj.tap1,,7,,5.133066765247982,2.120216126516853,1.9410819369802166,0.8369494352048577
in100.byol.s0.null.extL,in100.pairs100.v1@own_byol.o8,fidelity,teacher.z.proj.tap1,,8,,4.807117858332754,2.029577001262235,1.916252682029142,0.8277975366790465
in100.byol.s0.null.extL,in100.pairs100.v1@own_byol.o8,fidelity,teacher.z.proj.tap1,,9,,3.794279110218253,1.7399878454203541,1.6025836731793501,0.7914180678657908
in100.byol.s0.null.extL,in100.pairs100.v1@own_byol.o8,fidelity,teacher.z.proj.tap1,,10,,3.5358186557749365,1.6634872961121707,1.492905715665868,0.7795326321684367
in100.byol.s0.null.extL,in100.pairs100.v1@own_byol.o8,fidelity,teacher.z.proj.tap1,,11,,3.0604747876905223,1.5188420784760548,1.4160436186075769,0.7537233815534242
in100.byol.s0.null.extL,in100.pairs100.v1@own_byol.o8,fidelity,teacher.z.proj.tap1,,12,,2.6573684135023066,1.3909214667483802,1.246853400770217,0.7265793633728036
in100.byol.s0.null.extL,in100.pairs100.v1@own_byol.o8,fidelity,teacher.z.proj.tap1,,13,,2.4137366083692,1.3105000113772913,1.2311556398575287,0.7070658592849912
in100.byol.s0.null.extL,in100.pairs100.v1@own_byol.o8,fidelity,teacher.z.proj.tap1,,14,,2.2623602020679243,1.259063505910985,1.1327154708779932,0.693473455394004
in100.byol.s0.null.extL,in100.pairs100.v1@own_byol.o8,fidelity,teacher.z.proj.tap1,,15,,1.8252107340461032,1.1023467863640384,0.9827557759087959,0.6460441028525126
in100.byol.s0.null.extL,in100.pairs100.v1@own_byol.o8,fidelity,teacher.z.proj.tap1,,16,,1.7695024716199026,1.081299933644946,0.9810400969822675,0.6389243157399703
in100.byol.s0.null.extL,in100.pairs100.v1@own_byol.o8,fidelity,teacher.z.proj.tap1,,17,,1.7239377825052322,1.0638688652255361,0.9699107661833599,0.632884419599228
in100.byol.s0.null.extL,in100.pairs100.v1@own_byol.o8,fidelity,teacher.z.proj.tap1,,18,,1.4025673969265968,0.9344204348899678,0.9232792121804523,0.5837785856583186
in100.byol.s0.null.extL,in100.pairs100.v1@own_byol.o8,fidelity,teacher.z.proj.tap1,,19,,1.1546977657436805,0.8245722290985642,0.7724863802423643,0.5358977876626441
in100.byol.s0.null.extL,in100.pairs100.v1@own_byol.o8,fidelity,teacher.z.proj.tap1,,20,,0.8254585519987042,0.6585570753984356,0.5761742775566575,0.4521924373987595
in100.byol.s0.null.extL,in100.pairs100.v1@own_byol.o8,fidelity,teacher.z.proj.tap1,,21,,0.6531929849112246,0.558408188547275,0.4707310364619628,0.3951099423194689
in100.byol.s0.null.extL,in100.pairs100.v1@own_byol.o8,fidelity,teacher.z.proj.tap1,,22,,0.5337801787681712,0.48146113341009333,0.4442884746462278,0.3480160887180505
in100.byol.s0.null.extL,in100.pairs100.v1@own_byol.o8,sigma_c,student.h.cls~student.z.pred.out,holdout,0,0.16558349137906736,,,,
in100.byol.s0.null.extL,in100.pairs100.v1@own_byol.o8,sigma_c,student.h.cls~student.z.pred.out,holdout,1,0.14642501949073786,,,,
in100.byol.s0.null.extL,in100.pairs100.v1@own_byol.o8,sigma_c,student.h.cls~student.z.pred.out,holdout,2,0.1293209213088376,,,,
in100.byol.s0.null.extL,in100.pairs100.v1@own_byol.o8,sigma_c,student.h.cls~student.z.pred.out,holdout,3,0.12381916622756059,,,,
in100.byol.s0.null.extL,in100.pairs100.v1@own_byol.o8,sigma_c,student.h.cls~student.z.pred.out,holdout,4,0.11549344328913747,,,,
in100.byol.s0.null.extL,in100.pairs100.v1@own_byol.o8,sigma_c,student.h.cls~student.z.pred.out,holdout,5,0.10516331201166734,,,,
in100.byol.s0.null.extL,in100.pairs100.v1@own_byol.o8,sigma_c,student.h.cls~student.z.pred.out,holdout,6,0.09350617654904658,,,,
in100.byol.s0.null.extL,in100.pairs100.v1@own_byol.o8,sigma_c,student.h.cls~student.z.pred.out,holdout,7,0.09171310537717331,,,,
in100.byol.s0.null.extL,in100.pairs100.v1@own_byol.o8,sigma_c,student.h.cls~student.z.pred.out,holdout,8,0.08376660839634029,,,,
in100.byol.s0.null.extL,in100.pairs100.v1@own_byol.o8,sigma_c,student.h.cls~student.z.pred.out,holdout,9,0.07682791606069585,,,,
in100.byol.s0.null.extL,in100.pairs100.v1@own_byol.o8,sigma_c,student.h.cls~student.z.pred.out,holdout,10,0.07497575817791405,,,,
in100.byol.s0.null.extL,in100.pairs100.v1@own_byol.o8,sigma_c,student.h.cls~student.z.pred.out,holdout,11,0.0684157253220122,,,,
in100.byol.s0.null.extL,in100.pairs100.v1@own_byol.o8,sigma_c,student.h.cls~student.z.pred.out,holdout,12,0.06802652471993142,,,,
in100.byol.s0.null.extL,in100.pairs100.v1@own_byol.o8,sigma_c,student.h.cls~student.z.pred.out,holdout,13,0.060026242080732685,,,,
in100.byol.s0.null.extL,in100.pairs100.v1@own_byol.o8,sigma_c,student.h.cls~student.z.pred.out,holdout,14,0.05571900178458852,,,,
in100.byol.s0.null.extL,in100.pairs100.v1@own_byol.o8,sigma_c,student.h.cls~student.z.pred.out,holdout,15,0.05094157090031256,,,,
in100.byol.s0.null.extL,in100.pairs100.v1@own_byol.o8,sigma_c,student.h.cls~student.z.pred.out,holdout,16,0.04254022235009124,,,,
in100.byol.s0.null.extL,in100.pairs100.v1@own_byol.o8,sigma_c,student.h.cls~student.z.pred.out,holdout,17,0.04210217276632217,,,,
in100.byol.s0.null.extL,in100.pairs100.v1@own_byol.o8,sigma_c,student.h.cls~student.z.pred.out,holdout,18,0.039509118761618243,,,,
in100.byol.s0.null.extL,in100.pairs100.v1@own_byol.o8,sigma_c,student.h.cls~student.z.pred.out,holdout,19,0.03329853946709291,,,,
in100.byol.s0.null.extL,in100.pairs100.v1@own_byol.o8,sigma_c,student.h.cls~student.z.pred.out,holdout,20,0.02789078382414802,,,,
in100.byol.s0.null.extL,in100.pairs100.v1@own_byol.o8,sigma_c,student.h.cls~student.z.pred.out,holdout,21,0.026758637524739892,,,,
in100.byol.s0.null.extL,in100.pairs100.v1@own_byol.o8,sigma_c,student.h.cls~student.z.pred.out,holdout,22,0.02383520253838666,,,,
in100.byol.s0.null.extL,in100.pairs100.v1@own_byol.o8,sigma_c,student.h.cls~student.z.pred.out,holdout,23,0.023548917459488866,,,,
in100.byol.s0.null.extL,in100.pairs100.v1@own_byol.o8,sigma_c,student.h.cls~student.z.pred.out,holdout,24,0.018022447095515263,,,,
in100.byol.s0.null.extL,in100.pairs100.v1@own_byol.o8,sigma_c,student.h.cls~student.z.pred.out,holdout,25,0.0172231731737025,,,,
in100.byol.s0.null.extL,in100.pairs100.v1@own_byol.o8,sigma_c,student.h.cls~student.z.pred.out,holdout,26,0.013688403191000531,,,,
in100.byol.s0.null.extL,in100.pairs100.v1@own_byol.o8,sigma_c,student.h.cls~student.z.pred.out,holdout,27,0.012723537589781429,,,,
in100.byol.s0.null.extL,in100.pairs100.v1@own_byol.o8,sigma_c,student.h.cls~student.z.pred.out,holdout,28,0.012136970799953762,,,,
in100.byol.s0.null.extL,in100.pairs100.v1@own_byol.o8,sigma_c,student.h.cls~student.z.pred.out,holdout,29,0.009057690049797128,,,,
in100.byol.s0.null.extL,in100.pairs100.v1@own_byol.o8,sigma_c,student.h.cls~student.z.pred.out,holdout,30,0.008164228774093332,,,,
in100.byol.s0.null.extL,in100.pairs100.v1@own_byol.o8,sigma_c,student.h.cls~student.z.pred.out,holdout,31,0.006987879814342678,,,,
in100.byol.s0.null.extL,in100.pairs100.v1@own_byol.o8,sigma_c,student.h.cls~student.z.pred.out,holdout,32,0.005154305480927499,,,,
in100.byol.s0.null.extL,in100.pairs100.v1@own_byol.o8,sigma_c,student.h.cls~student.z.pred.out,holdout,33,0.004727783268392944,,,,
in100.byol.s0.null.extL,in100.pairs100.v1@own_byol.o8,sigma_c,student.h.cls~student.z.pred.out,holdout,34,0.00289884197135392,,,,
in100.byol.s0.null.extL,in100.pairs100.v1@own_byol.o8,sigma_c,student.h.cls~student.z.pred.out,holdout,35,0.0027901524810236547,,,,
in100.byol.s0.null.extL,in100.pairs100.v1@own_byol.o8,sigma_c,student.h.cls~student.z.pred.out,holdout,36,0.0018400335068151094,,,,
in100.byol.s0.null.extL,in100.pairs100.v1@own_byol.o8,sigma_c,student.h.cls~student.z.pred.out,holdout,37,0.0010719376887744845,,,,
in100.byol.s0.null.extL,in100.pairs100.v1@own_byol.o8,sigma_c,student.h.cls~student.z.pred.out,holdout,38,0.0007936058661165836,,,,
in100.byol.s0.null.extL,in100.pairs100.v1@own_byol.o8,sigma_c,student.h.cls~student.z.pred.out,holdout,39,0.000285427148820811,,,,
in100.byol.s0.null.extL,in100.pairs100.v1@own_byol.o8,sigma_c,student.h.cls~student.z.pred.out,holdout,40,0.00010176302835357755,,,,
in100.byol.s0.null.extL,in100.pairs100.v1@own_byol.o8,sigma_c,student.h.cls~student.z.pred.out,insample,0,0.14369002864677083,,,,
in100.byol.s0.null.extL,in100.pairs100.v1@own_byol.o8,sigma_c,student.h.cls~student.z.pred.out,insample,1,0.11929811341444868,,,,
in100.byol.s0.null.extL,in100.pairs100.v1@own_byol.o8,sigma_c,student.h.cls~student.z.pred.out,insample,2,0.10605574935321645,,,,
in100.byol.s0.null.extL,in100.pairs100.v1@own_byol.o8,sigma_c,student.h.cls~student.z.pred.out,insample,3,0.09990456182648379,,,,
in100.byol.s0.null.extL,in100.pairs100.v1@own_byol.o8,sigma_c,student.h.cls~student.z.pred.out,insample,4,0.09187526826342599,,,,
in100.byol.s0.null.extL,in100.pairs100.v1@own_byol.o8,sigma_c,student.h.cls~student.z.pred.out,insample,5,0.08339025766571977,,,,
in100.byol.s0.null.extL,in100.pairs100.v1@own_byol.o8,sigma_c,student.h.cls~student.z.pred.out,insample,6,0.07868806806073574,,,,
in100.byol.s0.null.extL,in100.pairs100.v1@own_byol.o8,sigma_c,student.h.cls~student.z.pred.out,insample,7,0.0726302208508286,,,,
in100.byol.s0.null.extL,in100.pairs100.v1@own_byol.o8,sigma_c,student.h.cls~student.z.pred.out,insample,8,0.0694351663145712,,,,
in100.byol.s0.null.extL,in100.pairs100.v1@own_byol.o8,sigma_c,student.h.cls~student.z.pred.out,insample,9,0.06366316932912121,,,,
in100.byol.s0.null.extL,in100.pairs100.v1@own_byol.o8,sigma_c,student.h.cls~student.z.pred.out,insample,10,0.05872052895250265,,,,
in100.byol.s0.null.extL,in100.pairs100.v1@own_byol.o8,sigma_c,student.h.cls~student.z.pred.out,insample,11,0.05611896461738868,,,,
in100.byol.s0.null.extL,in100.pairs100.v1@own_byol.o8,sigma_c,student.h.cls~student.z.pred.out,insample,12,0.05354417798786364,,,,
in100.byol.s0.null.extL,in100.pairs100.v1@own_byol.o8,sigma_c,student.h.cls~student.z.pred.out,insample,13,0.05011769506395314,,,,
in100.byol.s0.null.extL,in100.pairs100.v1@own_byol.o8,sigma_c,student.h.cls~student.z.pred.out,insample,14,0.0459710956142918,,,,
in100.byol.s0.null.extL,in100.pairs100.v1@own_byol.o8,sigma_c,student.h.cls~student.z.pred.out,insample,15,0.042042636860122516,,,,
in100.byol.s0.null.extL,in100.pairs100.v1@own_byol.o8,sigma_c,student.h.cls~student.z.pred.out,insample,16,0.03686246174191232,,,,
in100.byol.s0.null.extL,in100.pairs100.v1@own_byol.o8,sigma_c,student.h.cls~student.z.pred.out,insample,17,0.03406312645746492,,,,
in100.byol.s0.null.extL,in100.pairs100.v1@own_byol.o8,sigma_c,student.h.cls~student.z.pred.out,insample,18,0.0337686947929043,,,,
in100.byol.s0.null.extL,in100.pairs100.v1@own_byol.o8,sigma_c,student.h.cls~student.z.pred.out,insample,19,0.02771089027164365,,,,
in100.byol.s0.null.extL,in100.pairs100.v1@own_byol.o8,sigma_c,student.h.cls~student.z.pred.out,insample,20,0.02351064915972143,,,,
in100.byol.s0.null.extL,in100.pairs100.v1@own_byol.o8,sigma_c,student.h.cls~student.z.pred.out,insample,21,0.02309359623543828,,,,
in100.byol.s0.null.extL,in100.pairs100.v1@own_byol.o8,sigma_c,student.h.cls~student.z.pred.out,insample,22,0.01890826172137645,,,,
in100.byol.s0.null.extL,in100.pairs100.v1@own_byol.o8,sigma_c,student.h.cls~student.z.pred.out,insample,23,0.018602923615732462,,,,
in100.byol.s0.null.extL,in100.pairs100.v1@own_byol.o8,sigma_c,student.h.cls~student.z.pred.out,insample,24,0.014823489970839432,,,,
in100.byol.s0.null.extL,in100.pairs100.v1@own_byol.o8,sigma_c,student.h.cls~student.z.pred.out,insample,25,0.013557128961964893,,,,
in100.byol.s0.null.extL,in100.pairs100.v1@own_byol.o8,sigma_c,student.h.cls~student.z.pred.out,insample,26,0.011199502085019401,,,,
in100.byol.s0.null.extL,in100.pairs100.v1@own_byol.o8,sigma_c,student.h.cls~student.z.pred.out,insample,27,0.010189257639025572,,,,
in100.byol.s0.null.extL,in100.pairs100.v1@own_byol.o8,sigma_c,student.h.cls~student.z.pred.out,insample,28,0.009496238876068732,,,,
in100.byol.s0.null.extL,in100.pairs100.v1@own_byol.o8,sigma_c,student.h.cls~student.z.pred.out,insample,29,0.007331242939920469,,,,
in100.byol.s0.null.extL,in100.pairs100.v1@own_byol.o8,sigma_c,student.h.cls~student.z.pred.out,insample,30,0.006500022528468361,,,,
in100.byol.s0.null.extL,in100.pairs100.v1@own_byol.o8,sigma_c,student.h.cls~student.z.pred.out,insample,31,0.005903344987022553,,,,
in100.byol.s0.null.extL,in100.pairs100.v1@own_byol.o8,sigma_c,student.h.cls~student.z.pred.out,insample,32,0.0042913718623636,,,,
in100.byol.s0.null.extL,in100.pairs100.v1@own_byol.o8,sigma_c,student.h.cls~student.z.pred.out,insample,33,0.003877284313467726,,,,
in100.byol.s0.null.extL,in100.pairs100.v1@own_byol.o8,sigma_c,student.h.cls~student.z.pred.out,insample,34,0.002376336683304432,,,,
in100.byol.s0.null.extL,in100.pairs100.v1@own_byol.o8,sigma_c,student.h.cls~student.z.pred.out,insample,35,0.002229040413956567,,,,
in100.byol.s0.null.extL,in100.pairs100.v1@own_byol.o8,sigma_c,student.h.cls~student.z.pred.out,insample,36,0.0014507842320439742,,,,
in100.byol.s0.null.extL,in100.pairs100.v1@own_byol.o8,sigma_c,student.h.cls~student.z.pred.out,insample,37,0.0009027590755860853,,,,
in100.byol.s0.null.extL,in100.pairs100.v1@own_byol.o8,sigma_c,student.h.cls~student.z.pred.out,insample,38,0.0006652269425596797,,,,
in100.byol.s0.null.extL,in100.pairs100.v1@own_byol.o8,sigma_c,student.h.cls~student.z.pred.out,insample,39,0.00023519652884849382,,,,
in100.byol.s0.null.extL,in100.pairs100.v1@own_byol.o8,sigma_c,student.h.cls~student.z.pred.out,insample,40,8.156444493812009e-05,,,,
in100.byol.s0.null.extL,in100.pairs100.v1@own_byol.o8,sigma_c,student.h.cls~student.z.pred.tap1,holdout,0,0.09733018907347844,,,,
in100.byol.s0.null.extL,in100.pairs100.v1@own_byol.o8,sigma_c,student.h.cls~student.z.pred.tap1,holdout,1,0.08089167480774524,,,,
in100.byol.s0.null.extL,in100.pairs100.v1@own_byol.o8,sigma_c,student.h.cls~student.z.pred.tap1,holdout,2,0.0749817069422289,,,,
in100.byol.s0.null.extL,in100.pairs100.v1@own_byol.o8,sigma_c,student.h.cls~student.z.pred.tap1,holdout,3,0.05931977195743126,,,,
in100.byol.s0.null.extL,in100.pairs100.v1@own_byol.o8,sigma_c,student.h.cls~student.z.pred.tap1,holdout,4,0.057682246912277836,,,,
in100.byol.s0.null.extL,in100.pairs100.v1@own_byol.o8,sigma_c,student.h.cls~student.z.pred.tap1,holdout,5,0.051511708249135625,,,,
in100.byol.s0.null.extL,in100.pairs100.v1@own_byol.o8,sigma_c,student.h.cls~student.z.pred.tap1,holdout,6,0.04738342609624431,,,,
in100.byol.s0.null.extL,in100.pairs100.v1@own_byol.o8,sigma_c,student.h.cls~student.z.pred.tap1,holdout,7,0.04357703041692535,,,,
in100.byol.s0.null.extL,in100.pairs100.v1@own_byol.o8,sigma_c,student.h.cls~student.z.pred.tap1,holdout,8,0.04265211963106168,,,,
in100.byol.s0.null.extL,in100.pairs100.v1@own_byol.o8,sigma_c,student.h.cls~student.z.pred.tap1,holdout,9,0.040215818802669764,,,,
in100.byol.s0.null.extL,in100.pairs100.v1@own_byol.o8,sigma_c,student.h.cls~student.z.pred.tap1,holdout,10,0.034933550957483066,,,,
in100.byol.s0.null.extL,in100.pairs100.v1@own_byol.o8,sigma_c,student.h.cls~student.z.pred.tap1,holdout,11,0.028011996108299363,,,,
in100.byol.s0.null.extL,in100.pairs100.v1@own_byol.o8,sigma_c,student.h.cls~student.z.pred.tap1,holdout,12,0.026948366517574852,,,,
in100.byol.s0.null.extL,in100.pairs100.v1@own_byol.o8,sigma_c,student.h.cls~student.z.pred.tap1,holdout,13,0.026084730759904216,,,,
in100.byol.s0.null.extL,in100.pairs100.v1@own_byol.o8,sigma_c,student.h.cls~student.z.pred.tap1,holdout,14,0.024681335154706434,,,,
in100.byol.s0.null.extL,in100.pairs100.v1@own_byol.o8,sigma_c,student.h.cls~student.z.pred.tap1,holdout,15,0.023142138544523003,,,,
in100.byol.s0.null.extL,in100.pairs100.v1@own_byol.o8,sigma_c,student.h.cls~student.z.pred.tap1,holdout,16,0.019962769321853768,,,,
in100.byol.s0.null.extL,in100.pairs100.v1@own_byol.o8,sigma_c,student.h.cls~student.z.pred.tap1,holdout,17,0.019805644467616703,,,,
in100.byol.s0.null.extL,in100.pairs100.v1@own_byol.o8,sigma_c,student.h.cls~student.z.pred.tap1,holdout,18,0.015071493623353409,,,,
in100.byol.s0.null.extL,in100.pairs100.v1@own_byol.o8,sigma_c,student.h.cls~student.z.pred.tap1,holdout,19,0.012976633382593578,,,,
in100.byol.s0.null.extL,in100.pairs100.v1@own_byol.o8,sigma_c,student.h.cls~student.z.pred.tap1,holdout,20,0.010403430945825914,,,,
in100.byol.s0.null.extL,in100.pairs100.v1@own_byol.o8,sigma_c,student.h.cls~student.z.pred.tap1,holdout,21,0.010160638623538559,,,,
in100.byol.s0.null.extL,in100.pairs100.v1@own_byol.o8,sigma_c,student.h.cls~student.z.pred.tap1,holdout,22,0.008984382804295926,,,,
in100.byol.s0.null.extL,in100.pairs100.v1@own_byol.o8,sigma_c,student.h.cls~student.z.pred.tap1,holdout,23,0.0077158705745740425,,,,
in100.byol.s0.null.extL,in100.pairs100.v1@own_byol.o8,sigma_c,student.h.cls~student.z.pred.tap1,holdout,24,0.007275631121338088,,,,
in100.byol.s0.null.extL,in100.pairs100.v1@own_byol.o8,sigma_c,student.h.cls~student.z.pred.tap1,holdout,25,0.006914698233223502,,,,
in100.byol.s0.null.extL,in100.pairs100.v1@own_byol.o8,sigma_c,student.h.cls~student.z.pred.tap1,holdout,26,0.005959173078142004,,,,
in100.byol.s0.null.extL,in100.pairs100.v1@own_byol.o8,sigma_c,student.h.cls~student.z.pred.tap1,holdout,27,0.004857355391347227,,,,
in100.byol.s0.null.extL,in100.pairs100.v1@own_byol.o8,sigma_c,student.h.cls~student.z.pred.tap1,holdout,28,0.003381340446487833,,,,
in100.byol.s0.null.extL,in100.pairs100.v1@own_byol.o8,sigma_c,student.h.cls~student.z.pred.tap1,holdout,29,0.0028843232685776513,,,,
in100.byol.s0.null.extL,in100.pairs100.v1@own_byol.o8,sigma_c,student.h.cls~student.z.pred.tap1,holdout,30,0.0026607728298215804,,,,
in100.byol.s0.null.extL,in100.pairs100.v1@own_byol.o8,sigma_c,student.h.cls~student.z.pred.tap1,holdout,31,0.0024276497093688185,,,,
in100.byol.s0.null.extL,in100.pairs100.v1@own_byol.o8,sigma_c,student.h.cls~student.z.pred.tap1,holdout,32,0.0021739963887541136,,,,
in100.byol.s0.null.extL,in100.pairs100.v1@own_byol.o8,sigma_c,student.h.cls~student.z.pred.tap1,holdout,33,0.0017753201338706324,,,,
in100.byol.s0.null.extL,in100.pairs100.v1@own_byol.o8,sigma_c,student.h.cls~student.z.pred.tap1,holdout,34,0.0011728849832439484,,,,
in100.byol.s0.null.extL,in100.pairs100.v1@own_byol.o8,sigma_c,student.h.cls~student.z.pred.tap1,holdout,35,0.000930974601747933,,,,
in100.byol.s0.null.extL,in100.pairs100.v1@own_byol.o8,sigma_c,student.h.cls~student.z.pred.tap1,holdout,36,0.0007136803457292893,,,,
in100.byol.s0.null.extL,in100.pairs100.v1@own_byol.o8,sigma_c,student.h.cls~student.z.pred.tap1,holdout,37,0.00038412353968946233,,,,
in100.byol.s0.null.extL,in100.pairs100.v1@own_byol.o8,sigma_c,student.h.cls~student.z.pred.tap1,holdout,38,0.00030561685608599727,,,,
in100.byol.s0.null.extL,in100.pairs100.v1@own_byol.o8,sigma_c,student.h.cls~student.z.pred.tap1,holdout,39,9.712053621722483e-05,,,,
in100.byol.s0.null.extL,in100.pairs100.v1@own_byol.o8,sigma_c,student.h.cls~student.z.pred.tap1,holdout,40,3.1392646096520544e-05,,,,
in100.byol.s0.null.extL,in100.pairs100.v1@own_byol.o8,sigma_c,student.h.cls~student.z.pred.tap1,insample,0,0.07875202873589728,,,,
in100.byol.s0.null.extL,in100.pairs100.v1@own_byol.o8,sigma_c,student.h.cls~student.z.pred.tap1,insample,1,0.06661247799658415,,,,
in100.byol.s0.null.extL,in100.pairs100.v1@own_byol.o8,sigma_c,student.h.cls~student.z.pred.tap1,insample,2,0.06117284858947891,,,,
in100.byol.s0.null.extL,in100.pairs100.v1@own_byol.o8,sigma_c,student.h.cls~student.z.pred.tap1,insample,3,0.047694454567442,,,,
in100.byol.s0.null.extL,in100.pairs100.v1@own_byol.o8,sigma_c,student.h.cls~student.z.pred.tap1,insample,4,0.045270948763346336,,,,
in100.byol.s0.null.extL,in100.pairs100.v1@own_byol.o8,sigma_c,student.h.cls~student.z.pred.tap1,insample,5,0.04103274664024574,,,,
in100.byol.s0.null.extL,in100.pairs100.v1@own_byol.o8,sigma_c,student.h.cls~student.z.pred.tap1,insample,6,0.03846268886825972,,,,
in100.byol.s0.null.extL,in100.pairs100.v1@own_byol.o8,sigma_c,student.h.cls~student.z.pred.tap1,insample,7,0.03441784737962789,,,,
in100.byol.s0.null.extL,in100.pairs100.v1@own_byol.o8,sigma_c,student.h.cls~student.z.pred.tap1,insample,8,0.03314971944446878,,,,
in100.byol.s0.null.extL,in100.pairs100.v1@own_byol.o8,sigma_c,student.h.cls~student.z.pred.tap1,insample,9,0.032235526439349856,,,,
in100.byol.s0.null.extL,in100.pairs100.v1@own_byol.o8,sigma_c,student.h.cls~student.z.pred.tap1,insample,10,0.02671174349787092,,,,
in100.byol.s0.null.extL,in100.pairs100.v1@own_byol.o8,sigma_c,student.h.cls~student.z.pred.tap1,insample,11,0.02335459827350872,,,,
in100.byol.s0.null.extL,in100.pairs100.v1@own_byol.o8,sigma_c,student.h.cls~student.z.pred.tap1,insample,12,0.022701889158805496,,,,
in100.byol.s0.null.extL,in100.pairs100.v1@own_byol.o8,sigma_c,student.h.cls~student.z.pred.tap1,insample,13,0.02168745061635725,,,,
in100.byol.s0.null.extL,in100.pairs100.v1@own_byol.o8,sigma_c,student.h.cls~student.z.pred.tap1,insample,14,0.020130138767031725,,,,
in100.byol.s0.null.extL,in100.pairs100.v1@own_byol.o8,sigma_c,student.h.cls~student.z.pred.tap1,insample,15,0.018181822080810543,,,,
in100.byol.s0.null.extL,in100.pairs100.v1@own_byol.o8,sigma_c,student.h.cls~student.z.pred.tap1,insample,16,0.017659086998404624,,,,
in100.byol.s0.null.extL,in100.pairs100.v1@own_byol.o8,sigma_c,student.h.cls~student.z.pred.tap1,insample,17,0.015425620779365717,,,,
in100.byol.s0.null.extL,in100.pairs100.v1@own_byol.o8,sigma_c,student.h.cls~student.z.pred.tap1,insample,18,0.012215133081512362,,,,
in100.byol.s0.null.extL,in100.pairs100.v1@own_byol.o8,sigma_c,student.h.cls~student.z.pred.tap1,insample,19,0.01092329470749323,,,,
in100.byol.s0.null.extL,in100.pairs100.v1@own_byol.o8,sigma_c,student.h.cls~student.z.pred.tap1,insample,20,0.00869752345735774,,,,
in100.byol.s0.null.extL,in100.pairs100.v1@own_byol.o8,sigma_c,student.h.cls~student.z.pred.tap1,insample,21,0.008007591825717945,,,,
in100.byol.s0.null.extL,in100.pairs100.v1@own_byol.o8,sigma_c,student.h.cls~student.z.pred.tap1,insample,22,0.007221156060151068,,,,
in100.byol.s0.null.extL,in100.pairs100.v1@own_byol.o8,sigma_c,student.h.cls~student.z.pred.tap1,insample,23,0.006172257687270855,,,,
in100.byol.s0.null.extL,in100.pairs100.v1@own_byol.o8,sigma_c,student.h.cls~student.z.pred.tap1,insample,24,0.005886107219612679,,,,
in100.byol.s0.null.extL,in100.pairs100.v1@own_byol.o8,sigma_c,student.h.cls~student.z.pred.tap1,insample,25,0.005707186659916776,,,,
in100.byol.s0.null.extL,in100.pairs100.v1@own_byol.o8,sigma_c,student.h.cls~student.z.pred.tap1,insample,26,0.00468627061949302,,,,
in100.byol.s0.null.extL,in100.pairs100.v1@own_byol.o8,sigma_c,student.h.cls~student.z.pred.tap1,insample,27,0.003937344553882105,,,,
in100.byol.s0.null.extL,in100.pairs100.v1@own_byol.o8,sigma_c,student.h.cls~student.z.pred.tap1,insample,28,0.002765447718305814,,,,
in100.byol.s0.null.extL,in100.pairs100.v1@own_byol.o8,sigma_c,student.h.cls~student.z.pred.tap1,insample,29,0.002367956063747085,,,,
in100.byol.s0.null.extL,in100.pairs100.v1@own_byol.o8,sigma_c,student.h.cls~student.z.pred.tap1,insample,30,0.002076169208809475,,,,
in100.byol.s0.null.extL,in100.pairs100.v1@own_byol.o8,sigma_c,student.h.cls~student.z.pred.tap1,insample,31,0.0020242709494819695,,,,
in100.byol.s0.null.extL,in100.pairs100.v1@own_byol.o8,sigma_c,student.h.cls~student.z.pred.tap1,insample,32,0.0017490926608266018,,,,
in100.byol.s0.null.extL,in100.pairs100.v1@own_byol.o8,sigma_c,student.h.cls~student.z.pred.tap1,insample,33,0.0014186204871394113,,,,
in100.byol.s0.null.extL,in100.pairs100.v1@own_byol.o8,sigma_c,student.h.cls~student.z.pred.tap1,insample,34,0.0009381992172141766,,,,
in100.byol.s0.null.extL,in100.pairs100.v1@own_byol.o8,sigma_c,student.h.cls~student.z.pred.tap1,insample,35,0.0007967019197458215,,,,
in100.byol.s0.null.extL,in100.pairs100.v1@own_byol.o8,sigma_c,student.h.cls~student.z.pred.tap1,insample,36,0.0005554737629449097,,,,
in100.byol.s0.null.extL,in100.pairs100.v1@own_byol.o8,sigma_c,student.h.cls~student.z.pred.tap1,insample,37,0.00032159915062507534,,,,
in100.byol.s0.null.extL,in100.pairs100.v1@own_byol.o8,sigma_c,student.h.cls~student.z.pred.tap1,insample,38,0.00024199298646228554,,,,
in100.byol.s0.null.extL,in100.pairs100.v1@own_byol.o8,sigma_c,student.h.cls~student.z.pred.tap1,insample,39,7.81027343941727e-05,,,,
in100.byol.s0.null.extL,in100.pairs100.v1@own_byol.o8,sigma_c,student.h.cls~student.z.pred.tap1,insample,40,2.4478671231828758e-05,,,,
in100.byol.s0.null.extL,in100.pairs100.v1@own_byol.o8,sigma_c,student.h.cls~student.z.proj.out,holdout,0,0.06376245961098079,,,,
in100.byol.s0.null.extL,in100.pairs100.v1@own_byol.o8,sigma_c,student.h.cls~student.z.proj.out,holdout,1,0.0525791163209723,,,,
in100.byol.s0.null.extL,in100.pairs100.v1@own_byol.o8,sigma_c,student.h.cls~student.z.proj.out,holdout,2,0.051474323188038525,,,,
in100.byol.s0.null.extL,in100.pairs100.v1@own_byol.o8,sigma_c,student.h.cls~student.z.proj.out,holdout,3,0.046449626363409595,,,,
in100.byol.s0.null.extL,in100.pairs100.v1@own_byol.o8,sigma_c,student.h.cls~student.z.proj.out,holdout,4,0.03817832544679533,,,,
in100.byol.s0.null.extL,in100.pairs100.v1@own_byol.o8,sigma_c,student.h.cls~student.z.proj.out,holdout,5,0.03420726642646447,,,,
in100.byol.s0.null.extL,in100.pairs100.v1@own_byol.o8,sigma_c,student.h.cls~student.z.proj.out,holdout,6,0.03099829501438935,,,,
in100.byol.s0.null.extL,in100.pairs100.v1@own_byol.o8,sigma_c,student.h.cls~student.z.proj.out,holdout,7,0.028760222817000507,,,,
in100.byol.s0.null.extL,in100.pairs100.v1@own_byol.o8,sigma_c,student.h.cls~student.z.proj.out,holdout,8,0.026664504081604916,,,,
in100.byol.s0.null.extL,in100.pairs100.v1@own_byol.o8,sigma_c,student.h.cls~student.z.proj.out,holdout,9,0.024295156833350214,,,,
in100.byol.s0.null.extL,in100.pairs100.v1@own_byol.o8,sigma_c,student.h.cls~student.z.proj.out,holdout,10,0.021263223607091174,,,,
in100.byol.s0.null.extL,in100.pairs100.v1@own_byol.o8,sigma_c,student.h.cls~student.z.proj.out,holdout,11,0.01704665705257106,,,,
in100.byol.s0.null.extL,in100.pairs100.v1@own_byol.o8,sigma_c,student.h.cls~student.z.proj.out,holdout,12,0.01625203958949897,,,,
in100.byol.s0.null.extL,in100.pairs100.v1@own_byol.o8,sigma_c,student.h.cls~student.z.proj.out,holdout,13,0.013354488225910274,,,,
in100.byol.s0.null.extL,in100.pairs100.v1@own_byol.o8,sigma_c,student.h.cls~student.z.proj.out,holdout,14,0.012138526725313034,,,,
in100.byol.s0.null.extL,in100.pairs100.v1@own_byol.o8,sigma_c,student.h.cls~student.z.proj.out,holdout,15,0.010891550477575604,,,,
in100.byol.s0.null.extL,in100.pairs100.v1@own_byol.o8,sigma_c,student.h.cls~student.z.proj.out,holdout,16,0.01037707067122891,,,,
in100.byol.s0.null.extL,in100.pairs100.v1@own_byol.o8,sigma_c,student.h.cls~student.z.proj.out,holdout,17,0.00840846803838762,,,,
in100.byol.s0.null.extL,in100.pairs100.v1@own_byol.o8,sigma_c,student.h.cls~student.z.proj.out,holdout,18,0.008052276221218537,,,,
in100.byol.s0.null.extL,in100.pairs100.v1@own_byol.o8,sigma_c,student.h.cls~student.z.proj.out,holdout,19,0.006404605560613501,,,,
in100.byol.s0.null.extL,in100.pairs100.v1@own_byol.o8,sigma_c,student.h.cls~student.z.proj.out,holdout,20,0.005209096597792098,,,,
in100.byol.s0.null.extL,in100.pairs100.v1@own_byol.o8,sigma_c,student.h.cls~student.z.proj.out,holdout,21,0.004220491297814567,,,,
in100.byol.s0.null.extL,in100.pairs100.v1@own_byol.o8,sigma_c,student.h.cls~student.z.proj.out,holdout,22,0.003604393369658353,,,,
in100.byol.s0.null.extL,in100.pairs100.v1@own_byol.o8,sigma_c,student.h.cls~student.z.proj.out,holdout,23,0.0031432804805072174,,,,
in100.byol.s0.null.extL,in100.pairs100.v1@own_byol.o8,sigma_c,student.h.cls~student.z.proj.out,holdout,24,0.0025548687856655206,,,,
in100.byol.s0.null.extL,in100.pairs100.v1@own_byol.o8,sigma_c,student.h.cls~student.z.proj.out,holdout,25,0.0024337284706619044,,,,
in100.byol.s0.null.extL,in100.pairs100.v1@own_byol.o8,sigma_c,student.h.cls~student.z.proj.out,holdout,26,0.002019784689390783,,,,
in100.byol.s0.null.extL,in100.pairs100.v1@own_byol.o8,sigma_c,student.h.cls~student.z.proj.out,holdout,27,0.0013642923073326084,,,,
in100.byol.s0.null.extL,in100.pairs100.v1@own_byol.o8,sigma_c,student.h.cls~student.z.proj.out,holdout,28,0.001080902742032265,,,,
in100.byol.s0.null.extL,in100.pairs100.v1@own_byol.o8,sigma_c,student.h.cls~student.z.proj.out,holdout,29,0.0008279322874396879,,,,
in100.byol.s0.null.extL,in100.pairs100.v1@own_byol.o8,sigma_c,student.h.cls~student.z.proj.out,holdout,30,0.00043059047803241564,,,,
in100.byol.s0.null.extL,in100.pairs100.v1@own_byol.o8,sigma_c,student.h.cls~student.z.proj.out,holdout,31,0.00030408426383298935,,,,
in100.byol.s0.null.extL,in100.pairs100.v1@own_byol.o8,sigma_c,student.h.cls~student.z.proj.out,holdout,32,9.760979557456161e-05,,,,
in100.byol.s0.null.extL,in100.pairs100.v1@own_byol.o8,sigma_c,student.h.cls~student.z.proj.out,holdout,33,3.023911992299129e-05,,,,
in100.byol.s0.null.extL,in100.pairs100.v1@own_byol.o8,sigma_c,student.h.cls~student.z.proj.out,insample,0,0.051984934758514456,,,,
in100.byol.s0.null.extL,in100.pairs100.v1@own_byol.o8,sigma_c,student.h.cls~student.z.proj.out,insample,1,0.04316087707381608,,,,
in100.byol.s0.null.extL,in100.pairs100.v1@own_byol.o8,sigma_c,student.h.cls~student.z.proj.out,insample,2,0.041431739119973346,,,,
in100.byol.s0.null.extL,in100.pairs100.v1@own_byol.o8,sigma_c,student.h.cls~student.z.proj.out,insample,3,0.03562833447005221,,,,
in100.byol.s0.null.extL,in100.pairs100.v1@own_byol.o8,sigma_c,student.h.cls~student.z.proj.out,insample,4,0.03039891853568697,,,,
in100.byol.s0.null.extL,in100.pairs100.v1@own_byol.o8,sigma_c,student.h.cls~student.z.proj.out,insample,5,0.02869784514923917,,,,
in100.byol.s0.null.extL,in100.pairs100.v1@own_byol.o8,sigma_c,student.h.cls~student.z.proj.out,insample,6,0.02459486262890481,,,,
in100.byol.s0.null.extL,in100.pairs100.v1@own_byol.o8,sigma_c,student.h.cls~student.z.proj.out,insample,7,0.024114871187384097,,,,
in100.byol.s0.null.extL,in100.pairs100.v1@own_byol.o8,sigma_c,student.h.cls~student.z.proj.out,insample,8,0.021262682916225253,,,,
in100.byol.s0.null.extL,in100.pairs100.v1@own_byol.o8,sigma_c,student.h.cls~student.z.proj.out,insample,9,0.020358607977089552,,,,
in100.byol.s0.null.extL,in100.pairs100.v1@own_byol.o8,sigma_c,student.h.cls~student.z.proj.out,insample,10,0.017572636722067964,,,,
in100.byol.s0.null.extL,in100.pairs100.v1@own_byol.o8,sigma_c,student.h.cls~student.z.proj.out,insample,11,0.014660846318714121,,,,
in100.byol.s0.null.extL,in100.pairs100.v1@own_byol.o8,sigma_c,student.h.cls~student.z.proj.out,insample,12,0.013279396701191305,,,,
in100.byol.s0.null.extL,in100.pairs100.v1@own_byol.o8,sigma_c,student.h.cls~student.z.proj.out,insample,13,0.011225381540992932,,,,
in100.byol.s0.null.extL,in100.pairs100.v1@own_byol.o8,sigma_c,student.h.cls~student.z.proj.out,insample,14,0.010050141860015986,,,,
in100.byol.s0.null.extL,in100.pairs100.v1@own_byol.o8,sigma_c,student.h.cls~student.z.proj.out,insample,15,0.009044634505324969,,,,
in100.byol.s0.null.extL,in100.pairs100.v1@own_byol.o8,sigma_c,student.h.cls~student.z.proj.out,insample,16,0.008012802312239548,,,,
in100.byol.s0.null.extL,in100.pairs100.v1@own_byol.o8,sigma_c,student.h.cls~student.z.proj.out,insample,17,0.0069336299250946885,,,,
in100.byol.s0.null.extL,in100.pairs100.v1@own_byol.o8,sigma_c,student.h.cls~student.z.proj.out,insample,18,0.006315446643599681,,,,
in100.byol.s0.null.extL,in100.pairs100.v1@own_byol.o8,sigma_c,student.h.cls~student.z.proj.out,insample,19,0.00498660120694274,,,,
in100.byol.s0.null.extL,in100.pairs100.v1@own_byol.o8,sigma_c,student.h.cls~student.z.proj.out,insample,20,0.004230985948550857,,,,
in100.byol.s0.null.extL,in100.pairs100.v1@own_byol.o8,sigma_c,student.h.cls~student.z.proj.out,insample,21,0.0034395778608212555,,,,
in100.byol.s0.null.extL,in100.pairs100.v1@own_byol.o8,sigma_c,student.h.cls~student.z.proj.out,insample,22,0.0028722631056105445,,,,
in100.byol.s0.null.extL,in100.pairs100.v1@own_byol.o8,sigma_c,student.h.cls~student.z.proj.out,insample,23,0.002434835661988874,,,,
in100.byol.s0.null.extL,in100.pairs100.v1@own_byol.o8,sigma_c,student.h.cls~student.z.proj.out,insample,24,0.0021135603917710457,,,,
in100.byol.s0.null.extL,in100.pairs100.v1@own_byol.o8,sigma_c,student.h.cls~student.z.proj.out,insample,25,0.001999712586315301,,,,
in100.byol.s0.null.extL,in100.pairs100.v1@own_byol.o8,sigma_c,student.h.cls~student.z.proj.out,insample,26,0.0015680714168779192,,,,
in100.byol.s0.null.extL,in100.pairs100.v1@own_byol.o8,sigma_c,student.h.cls~student.z.proj.out,insample,27,0.0011253978030878423,,,,
in100.byol.s0.null.extL,in100.pairs100.v1@own_byol.o8,sigma_c,student.h.cls~student.z.proj.out,insample,28,0.0008906597088700622,,,,
in100.byol.s0.null.extL,in100.pairs100.v1@own_byol.o8,sigma_c,student.h.cls~student.z.proj.out,insample,29,0.0006434295591494683,,,,
in100.byol.s0.null.extL,in100.pairs100.v1@own_byol.o8,sigma_c,student.h.cls~student.z.proj.out,insample,30,0.0003558768999307702,,,,
in100.byol.s0.null.extL,in100.pairs100.v1@own_byol.o8,sigma_c,student.h.cls~student.z.proj.out,insample,31,0.00024331484593873256,,,,
in100.byol.s0.null.extL,in100.pairs100.v1@own_byol.o8,sigma_c,student.h.cls~student.z.proj.out,insample,32,7.746495298105955e-05,,,,
in100.byol.s0.null.extL,in100.pairs100.v1@own_byol.o8,sigma_c,student.h.cls~student.z.proj.out,insample,33,2.32216865108118e-05,,,,
in100.byol.s0.null.extL,in100.pairs100.v1@own_byol.o8,sigma_c,student.h.cls~student.z.proj.tap1,holdout,0,0.01905307417339161,,,,
in100.byol.s0.null.extL,in100.pairs100.v1@own_byol.o8,sigma_c,student.h.cls~student.z.proj.tap1,holdout,1,0.012278809339139055,,,,
in100.byol.s0.null.extL,in100.pairs100.v1@own_byol.o8,sigma_c,student.h.cls~student.z.proj.tap1,holdout,2,0.010380642757316172,,,,
in100.byol.s0.null.extL,in100.pairs100.v1@own_byol.o8,sigma_c,student.h.cls~student.z.proj.tap1,holdout,3,0.009637647678543389,,,,
in100.byol.s0.null.extL,in100.pairs100.v1@own_byol.o8,sigma_c,student.h.cls~student.z.proj.tap1,holdout,4,0.007646348715756034,,,,
in100.byol.s0.null.extL,in100.pairs100.v1@own_byol.o8,sigma_c,student.h.cls~student.z.proj.tap1,holdout,5,0.006798558781638171,,,,
in100.byol.s0.null.extL,in100.pairs100.v1@own_byol.o8,sigma_c,student.h.cls~student.z.proj.tap1,holdout,6,0.005857549378727019,,,,
in100.byol.s0.null.extL,in100.pairs100.v1@own_byol.o8,sigma_c,student.h.cls~student.z.proj.tap1,holdout,7,0.004473247056708737,,,,
in100.byol.s0.null.extL,in100.pairs100.v1@own_byol.o8,sigma_c,student.h.cls~student.z.proj.tap1,holdout,8,0.004281384107509149,,,,
in100.byol.s0.null.extL,in100.pairs100.v1@own_byol.o8,sigma_c,student.h.cls~student.z.proj.tap1,holdout,9,0.00397465081169696,,,,
in100.byol.s0.null.extL,in100.pairs100.v1@own_byol.o8,sigma_c,student.h.cls~student.z.proj.tap1,holdout,10,0.0031764628984372123,,,,
in100.byol.s0.null.extL,in100.pairs100.v1@own_byol.o8,sigma_c,student.h.cls~student.z.proj.tap1,holdout,11,0.00266785392731815,,,,
in100.byol.s0.null.extL,in100.pairs100.v1@own_byol.o8,sigma_c,student.h.cls~student.z.proj.tap1,holdout,12,0.0022530412627195903,,,,
in100.byol.s0.null.extL,in100.pairs100.v1@own_byol.o8,sigma_c,student.h.cls~student.z.proj.tap1,holdout,13,0.0016410992309418945,,,,
in100.byol.s0.null.extL,in100.pairs100.v1@own_byol.o8,sigma_c,student.h.cls~student.z.proj.tap1,holdout,14,0.0012541765646223628,,,,
in100.byol.s0.null.extL,in100.pairs100.v1@own_byol.o8,sigma_c,student.h.cls~student.z.proj.tap1,holdout,15,0.0012325406010126345,,,,
in100.byol.s0.null.extL,in100.pairs100.v1@own_byol.o8,sigma_c,student.h.cls~student.z.proj.tap1,holdout,16,0.0010694555721096764,,,,
in100.byol.s0.null.extL,in100.pairs100.v1@own_byol.o8,sigma_c,student.h.cls~student.z.proj.tap1,holdout,17,0.0009784906243471751,,,,
in100.byol.s0.null.extL,in100.pairs100.v1@own_byol.o8,sigma_c,student.h.cls~student.z.proj.tap1,holdout,18,0.0008849052824775745,,,,
in100.byol.s0.null.extL,in100.pairs100.v1@own_byol.o8,sigma_c,student.h.cls~student.z.proj.tap1,holdout,19,0.000675945512414278,,,,
in100.byol.s0.null.extL,in100.pairs100.v1@own_byol.o8,sigma_c,student.h.cls~student.z.proj.tap1,holdout,20,0.0005227872982910904,,,,
in100.byol.s0.null.extL,in100.pairs100.v1@own_byol.o8,sigma_c,student.h.cls~student.z.proj.tap1,holdout,21,0.00039242388232006345,,,,
in100.byol.s0.null.extL,in100.pairs100.v1@own_byol.o8,sigma_c,student.h.cls~student.z.proj.tap1,holdout,22,0.00031140909992972553,,,,
in100.byol.s0.null.extL,in100.pairs100.v1@own_byol.o8,sigma_c,student.h.cls~student.z.proj.tap1,holdout,23,0.0002497461168738907,,,,
in100.byol.s0.null.extL,in100.pairs100.v1@own_byol.o8,sigma_c,student.h.cls~student.z.proj.tap1,holdout,24,0.0002177948952027573,,,,
in100.byol.s0.null.extL,in100.pairs100.v1@own_byol.o8,sigma_c,student.h.cls~student.z.proj.tap1,holdout,25,0.00014092729709938494,,,,
in100.byol.s0.null.extL,in100.pairs100.v1@own_byol.o8,sigma_c,student.h.cls~student.z.proj.tap1,holdout,26,0.00010244960851556679,,,,
in100.byol.s0.null.extL,in100.pairs100.v1@own_byol.o8,sigma_c,student.h.cls~student.z.proj.tap1,holdout,27,5.602236747995311e-05,,,,
in100.byol.s0.null.extL,in100.pairs100.v1@own_byol.o8,sigma_c,student.h.cls~student.z.proj.tap1,holdout,28,2.424203053455408e-05,,,,
in100.byol.s0.null.extL,in100.pairs100.v1@own_byol.o8,sigma_c,student.h.cls~student.z.proj.tap1,holdout,29,7.392523861215038e-06,,,,
in100.byol.s0.null.extL,in100.pairs100.v1@own_byol.o8,sigma_c,student.h.cls~student.z.proj.tap1,holdout,30,2.345804853735995e-06,,,,
in100.byol.s0.null.extL,in100.pairs100.v1@own_byol.o8,sigma_c,student.h.cls~student.z.proj.tap1,insample,0,0.015219160552205686,,,,
in100.byol.s0.null.extL,in100.pairs100.v1@own_byol.o8,sigma_c,student.h.cls~student.z.proj.tap1,insample,1,0.010293811794013664,,,,
in100.byol.s0.null.extL,in100.pairs100.v1@own_byol.o8,sigma_c,student.h.cls~student.z.proj.tap1,insample,2,0.007989151996435141,,,,
in100.byol.s0.null.extL,in100.pairs100.v1@own_byol.o8,sigma_c,student.h.cls~student.z.proj.tap1,insample,3,0.007481109484274739,,,,
in100.byol.s0.null.extL,in100.pairs100.v1@own_byol.o8,sigma_c,student.h.cls~student.z.proj.tap1,insample,4,0.005882189374781861,,,,
in100.byol.s0.null.extL,in100.pairs100.v1@own_byol.o8,sigma_c,student.h.cls~student.z.proj.tap1,insample,5,0.005435306217967662,,,,
in100.byol.s0.null.extL,in100.pairs100.v1@own_byol.o8,sigma_c,student.h.cls~student.z.proj.tap1,insample,6,0.004976528012983618,,,,
in100.byol.s0.null.extL,in100.pairs100.v1@own_byol.o8,sigma_c,student.h.cls~student.z.proj.tap1,insample,7,0.0036589958997414627,,,,
in100.byol.s0.null.extL,in100.pairs100.v1@own_byol.o8,sigma_c,student.h.cls~student.z.proj.tap1,insample,8,0.0034953917577356984,,,,
in100.byol.s0.null.extL,in100.pairs100.v1@own_byol.o8,sigma_c,student.h.cls~student.z.proj.tap1,insample,9,0.0032585037628936717,,,,
in100.byol.s0.null.extL,in100.pairs100.v1@own_byol.o8,sigma_c,student.h.cls~student.z.proj.tap1,insample,10,0.002462988905621746,,,,
in100.byol.s0.null.extL,in100.pairs100.v1@own_byol.o8,sigma_c,student.h.cls~student.z.proj.tap1,insample,11,0.0021205419262161724,,,,
in100.byol.s0.null.extL,in100.pairs100.v1@own_byol.o8,sigma_c,student.h.cls~student.z.proj.tap1,insample,12,0.001791746023421559,,,,
in100.byol.s0.null.extL,in100.pairs100.v1@own_byol.o8,sigma_c,student.h.cls~student.z.proj.tap1,insample,13,0.001324710323208338,,,,
in100.byol.s0.null.extL,in100.pairs100.v1@own_byol.o8,sigma_c,student.h.cls~student.z.proj.tap1,insample,14,0.0010594082168867858,,,,
in100.byol.s0.null.extL,in100.pairs100.v1@own_byol.o8,sigma_c,student.h.cls~student.z.proj.tap1,insample,15,0.0010528065666889571,,,,
in100.byol.s0.null.extL,in100.pairs100.v1@own_byol.o8,sigma_c,student.h.cls~student.z.proj.tap1,insample,16,0.0008186532554209751,,,,
in100.byol.s0.null.extL,in100.pairs100.v1@own_byol.o8,sigma_c,student.h.cls~student.z.proj.tap1,insample,17,0.0007362048978498069,,,,
in100.byol.s0.null.extL,in100.pairs100.v1@own_byol.o8,sigma_c,student.h.cls~student.z.proj.tap1,insample,18,0.0007125964346179305,,,,
in100.byol.s0.null.extL,in100.pairs100.v1@own_byol.o8,sigma_c,student.h.cls~student.z.proj.tap1,insample,19,0.0005444794772003823,,,,
in100.byol.s0.null.extL,in100.pairs100.v1@own_byol.o8,sigma_c,student.h.cls~student.z.proj.tap1,insample,20,0.00041160492421794386,,,,
in100.byol.s0.null.extL,in100.pairs100.v1@own_byol.o8,sigma_c,student.h.cls~student.z.proj.tap1,insample,21,0.00031571274242008575,,,,
in100.byol.s0.null.extL,in100.pairs100.v1@own_byol.o8,sigma_c,student.h.cls~student.z.proj.tap1,insample,22,0.00024379935976884758,,,,
in100.byol.s0.null.extL,in100.pairs100.v1@own_byol.o8,sigma_c,student.h.cls~student.z.proj.tap1,insample,23,0.00019875025516586595,,,,
in100.byol.s0.null.extL,in100.pairs100.v1@own_byol.o8,sigma_c,student.h.cls~student.z.proj.tap1,insample,24,0.00018308724585425803,,,,
in100.byol.s0.null.extL,in100.pairs100.v1@own_byol.o8,sigma_c,student.h.cls~student.z.proj.tap1,insample,25,0.0001198572098183913,,,,
in100.byol.s0.null.extL,in100.pairs100.v1@own_byol.o8,sigma_c,student.h.cls~student.z.proj.tap1,insample,26,8.4474127728112e-05,,,,
in100.byol.s0.null.extL,in100.pairs100.v1@own_byol.o8,sigma_c,student.h.cls~student.z.proj.tap1,insample,27,4.5184776057417615e-05,,,,
in100.byol.s0.null.extL,in100.pairs100.v1@own_byol.o8,sigma_c,student.h.cls~student.z.proj.tap1,insample,28,1.917089706297995e-05,,,,
in100.byol.s0.null.extL,in100.pairs100.v1@own_byol.o8,sigma_c,student.h.cls~student.z.proj.tap1,insample,29,6.2812293016934375e-06,,,,
in100.byol.s0.null.extL,in100.pairs100.v1@own_byol.o8,sigma_c,student.h.cls~student.z.proj.tap1,insample,30,1.8769263255166868e-06,,,,
in100.byol.s0.null.extL,in100.pairs100.v1@own_byol.o8,sigma_c,student.h.cls~teacher.z.proj.out,holdout,0,0.06376245961098079,,,,
in100.byol.s0.null.extL,in100.pairs100.v1@own_byol.o8,sigma_c,student.h.cls~teacher.z.proj.out,holdout,1,0.0525791163209723,,,,
in100.byol.s0.null.extL,in100.pairs100.v1@own_byol.o8,sigma_c,student.h.cls~teacher.z.proj.out,holdout,2,0.051474323188038525,,,,
in100.byol.s0.null.extL,in100.pairs100.v1@own_byol.o8,sigma_c,student.h.cls~teacher.z.proj.out,holdout,3,0.046449626363409595,,,,
in100.byol.s0.null.extL,in100.pairs100.v1@own_byol.o8,sigma_c,student.h.cls~teacher.z.proj.out,holdout,4,0.03817832544679533,,,,
in100.byol.s0.null.extL,in100.pairs100.v1@own_byol.o8,sigma_c,student.h.cls~teacher.z.proj.out,holdout,5,0.03420726642646447,,,,
in100.byol.s0.null.extL,in100.pairs100.v1@own_byol.o8,sigma_c,student.h.cls~teacher.z.proj.out,holdout,6,0.03099829501438935,,,,
in100.byol.s0.null.extL,in100.pairs100.v1@own_byol.o8,sigma_c,student.h.cls~teacher.z.proj.out,holdout,7,0.028760222817000507,,,,
in100.byol.s0.null.extL,in100.pairs100.v1@own_byol.o8,sigma_c,student.h.cls~teacher.z.proj.out,holdout,8,0.026664504081604916,,,,
in100.byol.s0.null.extL,in100.pairs100.v1@own_byol.o8,sigma_c,student.h.cls~teacher.z.proj.out,holdout,9,0.024295156833350214,,,,
in100.byol.s0.null.extL,in100.pairs100.v1@own_byol.o8,sigma_c,student.h.cls~teacher.z.proj.out,holdout,10,0.021263223607091174,,,,
in100.byol.s0.null.extL,in100.pairs100.v1@own_byol.o8,sigma_c,student.h.cls~teacher.z.proj.out,holdout,11,0.01704665705257106,,,,
in100.byol.s0.null.extL,in100.pairs100.v1@own_byol.o8,sigma_c,student.h.cls~teacher.z.proj.out,holdout,12,0.01625203958949897,,,,
in100.byol.s0.null.extL,in100.pairs100.v1@own_byol.o8,sigma_c,student.h.cls~teacher.z.proj.out,holdout,13,0.013354488225910274,,,,
in100.byol.s0.null.extL,in100.pairs100.v1@own_byol.o8,sigma_c,student.h.cls~teacher.z.proj.out,holdout,14,0.012138526725313034,,,,
in100.byol.s0.null.extL,in100.pairs100.v1@own_byol.o8,sigma_c,student.h.cls~teacher.z.proj.out,holdout,15,0.010891550477575604,,,,
in100.byol.s0.null.extL,in100.pairs100.v1@own_byol.o8,sigma_c,student.h.cls~teacher.z.proj.out,holdout,16,0.01037707067122891,,,,
in100.byol.s0.null.extL,in100.pairs100.v1@own_byol.o8,sigma_c,student.h.cls~teacher.z.proj.out,holdout,17,0.00840846803838762,,,,
in100.byol.s0.null.extL,in100.pairs100.v1@own_byol.o8,sigma_c,student.h.cls~teacher.z.proj.out,holdout,18,0.008052276221218537,,,,
in100.byol.s0.null.extL,in100.pairs100.v1@own_byol.o8,sigma_c,student.h.cls~teacher.z.proj.out,holdout,19,0.006404605560613501,,,,
in100.byol.s0.null.extL,in100.pairs100.v1@own_byol.o8,sigma_c,student.h.cls~teacher.z.proj.out,holdout,20,0.005209096597792098,,,,
in100.byol.s0.null.extL,in100.pairs100.v1@own_byol.o8,sigma_c,student.h.cls~teacher.z.proj.out,holdout,21,0.004220491297814567,,,,
in100.byol.s0.null.extL,in100.pairs100.v1@own_byol.o8,sigma_c,student.h.cls~teacher.z.proj.out,holdout,22,0.003604393369658353,,,,
in100.byol.s0.null.extL,in100.pairs100.v1@own_byol.o8,sigma_c,student.h.cls~teacher.z.proj.out,holdout,23,0.0031432804805072174,,,,
in100.byol.s0.null.extL,in100.pairs100.v1@own_byol.o8,sigma_c,student.h.cls~teacher.z.proj.out,holdout,24,0.0025548687856655206,,,,
in100.byol.s0.null.extL,in100.pairs100.v1@own_byol.o8,sigma_c,student.h.cls~teacher.z.proj.out,holdout,25,0.0024337284706619044,,,,
in100.byol.s0.null.extL,in100.pairs100.v1@own_byol.o8,sigma_c,student.h.cls~teacher.z.proj.out,holdout,26,0.002019784689390783,,,,
in100.byol.s0.null.extL,in100.pairs100.v1@own_byol.o8,sigma_c,student.h.cls~teacher.z.proj.out,holdout,27,0.0013642923073326084,,,,
in100.byol.s0.null.extL,in100.pairs100.v1@own_byol.o8,sigma_c,student.h.cls~teacher.z.proj.out,holdout,28,0.001080902742032265,,,,
in100.byol.s0.null.extL,in100.pairs100.v1@own_byol.o8,sigma_c,student.h.cls~teacher.z.proj.out,holdout,29,0.0008279322874396879,,,,
in100.byol.s0.null.extL,in100.pairs100.v1@own_byol.o8,sigma_c,student.h.cls~teacher.z.proj.out,holdout,30,0.00043059047803241564,,,,
in100.byol.s0.null.extL,in100.pairs100.v1@own_byol.o8,sigma_c,student.h.cls~teacher.z.proj.out,holdout,31,0.00030408426383298935,,,,
in100.byol.s0.null.extL,in100.pairs100.v1@own_byol.o8,sigma_c,student.h.cls~teacher.z.proj.out,holdout,32,9.760979557456161e-05,,,,
in100.byol.s0.null.extL,in100.pairs100.v1@own_byol.o8,sigma_c,student.h.cls~teacher.z.proj.out,holdout,33,3.023911992299129e-05,,,,
in100.byol.s0.null.extL,in100.pairs100.v1@own_byol.o8,sigma_c,student.h.cls~teacher.z.proj.out,insample,0,0.051984934758514456,,,,
in100.byol.s0.null.extL,in100.pairs100.v1@own_byol.o8,sigma_c,student.h.cls~teacher.z.proj.out,insample,1,0.04316087707381608,,,,
in100.byol.s0.null.extL,in100.pairs100.v1@own_byol.o8,sigma_c,student.h.cls~teacher.z.proj.out,insample,2,0.041431739119973346,,,,
in100.byol.s0.null.extL,in100.pairs100.v1@own_byol.o8,sigma_c,student.h.cls~teacher.z.proj.out,insample,3,0.03562833447005221,,,,
in100.byol.s0.null.extL,in100.pairs100.v1@own_byol.o8,sigma_c,student.h.cls~teacher.z.proj.out,insample,4,0.03039891853568697,,,,
in100.byol.s0.null.extL,in100.pairs100.v1@own_byol.o8,sigma_c,student.h.cls~teacher.z.proj.out,insample,5,0.02869784514923917,,,,
in100.byol.s0.null.extL,in100.pairs100.v1@own_byol.o8,sigma_c,student.h.cls~teacher.z.proj.out,insample,6,0.02459486262890481,,,,
in100.byol.s0.null.extL,in100.pairs100.v1@own_byol.o8,sigma_c,student.h.cls~teacher.z.proj.out,insample,7,0.024114871187384097,,,,
in100.byol.s0.null.extL,in100.pairs100.v1@own_byol.o8,sigma_c,student.h.cls~teacher.z.proj.out,insample,8,0.021262682916225253,,,,
in100.byol.s0.null.extL,in100.pairs100.v1@own_byol.o8,sigma_c,student.h.cls~teacher.z.proj.out,insample,9,0.020358607977089552,,,,
in100.byol.s0.null.extL,in100.pairs100.v1@own_byol.o8,sigma_c,student.h.cls~teacher.z.proj.out,insample,10,0.017572636722067964,,,,
in100.byol.s0.null.extL,in100.pairs100.v1@own_byol.o8,sigma_c,student.h.cls~teacher.z.proj.out,insample,11,0.014660846318714121,,,,
in100.byol.s0.null.extL,in100.pairs100.v1@own_byol.o8,sigma_c,student.h.cls~teacher.z.proj.out,insample,12,0.013279396701191305,,,,
in100.byol.s0.null.extL,in100.pairs100.v1@own_byol.o8,sigma_c,student.h.cls~teacher.z.proj.out,insample,13,0.011225381540992932,,,,
in100.byol.s0.null.extL,in100.pairs100.v1@own_byol.o8,sigma_c,student.h.cls~teacher.z.proj.out,insample,14,0.010050141860015986,,,,
in100.byol.s0.null.extL,in100.pairs100.v1@own_byol.o8,sigma_c,student.h.cls~teacher.z.proj.out,insample,15,0.009044634505324969,,,,
in100.byol.s0.null.extL,in100.pairs100.v1@own_byol.o8,sigma_c,student.h.cls~teacher.z.proj.out,insample,16,0.008012802312239548,,,,
in100.byol.s0.null.extL,in100.pairs100.v1@own_byol.o8,sigma_c,student.h.cls~teacher.z.proj.out,insample,17,0.0069336299250946885,,,,
in100.byol.s0.null.extL,in100.pairs100.v1@own_byol.o8,sigma_c,student.h.cls~teacher.z.proj.out,insample,18,0.006315446643599681,,,,
in100.byol.s0.null.extL,in100.pairs100.v1@own_byol.o8,sigma_c,student.h.cls~teacher.z.proj.out,insample,19,0.00498660120694274,,,,
in100.byol.s0.null.extL,in100.pairs100.v1@own_byol.o8,sigma_c,student.h.cls~teacher.z.proj.out,insample,20,0.004230985948550857,,,,
in100.byol.s0.null.extL,in100.pairs100.v1@own_byol.o8,sigma_c,student.h.cls~teacher.z.proj.out,insample,21,0.0034395778608212555,,,,
in100.byol.s0.null.extL,in100.pairs100.v1@own_byol.o8,sigma_c,student.h.cls~teacher.z.proj.out,insample,22,0.0028722631056105445,,,,
in100.byol.s0.null.extL,in100.pairs100.v1@own_byol.o8,sigma_c,student.h.cls~teacher.z.proj.out,insample,23,0.002434835661988874,,,,
in100.byol.s0.null.extL,in100.pairs100.v1@own_byol.o8,sigma_c,student.h.cls~teacher.z.proj.out,insample,24,0.0021135603917710457,,,,
in100.byol.s0.null.extL,in100.pairs100.v1@own_byol.o8,sigma_c,student.h.cls~teacher.z.proj.out,insample,25,0.001999712586315301,,,,
in100.byol.s0.null.extL,in100.pairs100.v1@own_byol.o8,sigma_c,student.h.cls~teacher.z.proj.out,insample,26,0.0015680714168779192,,,,
in100.byol.s0.null.extL,in100.pairs100.v1@own_byol.o8,sigma_c,student.h.cls~teacher.z.proj.out,insample,27,0.0011253978030878423,,,,
in100.byol.s0.null.extL,in100.pairs100.v1@own_byol.o8,sigma_c,student.h.cls~teacher.z.proj.out,insample,28,0.0008906597088700622,,,,
in100.byol.s0.null.extL,in100.pairs100.v1@own_byol.o8,sigma_c,student.h.cls~teacher.z.proj.out,insample,29,0.0006434295591494683,,,,
in100.byol.s0.null.extL,in100.pairs100.v1@own_byol.o8,sigma_c,student.h.cls~teacher.z.proj.out,insample,30,0.0003558768999307702,,,,
in100.byol.s0.null.extL,in100.pairs100.v1@own_byol.o8,sigma_c,student.h.cls~teacher.z.proj.out,insample,31,0.00024331484593873256,,,,
in100.byol.s0.null.extL,in100.pairs100.v1@own_byol.o8,sigma_c,student.h.cls~teacher.z.proj.out,insample,32,7.746495298105955e-05,,,,
in100.byol.s0.null.extL,in100.pairs100.v1@own_byol.o8,sigma_c,student.h.cls~teacher.z.proj.out,insample,33,2.32216865108118e-05,,,,
in100.byol.s0.null.extL,in100.pairs100.v1@own_byol.o8,sigma_c,student.h.cls~teacher.z.proj.tap1,holdout,0,0.01905307417339161,,,,
in100.byol.s0.null.extL,in100.pairs100.v1@own_byol.o8,sigma_c,student.h.cls~teacher.z.proj.tap1,holdout,1,0.012278809339139055,,,,
in100.byol.s0.null.extL,in100.pairs100.v1@own_byol.o8,sigma_c,student.h.cls~teacher.z.proj.tap1,holdout,2,0.010380642757316172,,,,
in100.byol.s0.null.extL,in100.pairs100.v1@own_byol.o8,sigma_c,student.h.cls~teacher.z.proj.tap1,holdout,3,0.009637647678543389,,,,
in100.byol.s0.null.extL,in100.pairs100.v1@own_byol.o8,sigma_c,student.h.cls~teacher.z.proj.tap1,holdout,4,0.007646348715756034,,,,
in100.byol.s0.null.extL,in100.pairs100.v1@own_byol.o8,sigma_c,student.h.cls~teacher.z.proj.tap1,holdout,5,0.006798558781638171,,,,
in100.byol.s0.null.extL,in100.pairs100.v1@own_byol.o8,sigma_c,student.h.cls~teacher.z.proj.tap1,holdout,6,0.005857549378727019,,,,
in100.byol.s0.null.extL,in100.pairs100.v1@own_byol.o8,sigma_c,student.h.cls~teacher.z.proj.tap1,holdout,7,0.004473247056708737,,,,
in100.byol.s0.null.extL,in100.pairs100.v1@own_byol.o8,sigma_c,student.h.cls~teacher.z.proj.tap1,holdout,8,0.004281384107509149,,,,
in100.byol.s0.null.extL,in100.pairs100.v1@own_byol.o8,sigma_c,student.h.cls~teacher.z.proj.tap1,holdout,9,0.00397465081169696,,,,
in100.byol.s0.null.extL,in100.pairs100.v1@own_byol.o8,sigma_c,student.h.cls~teacher.z.proj.tap1,holdout,10,0.0031764628984372123,,,,
in100.byol.s0.null.extL,in100.pairs100.v1@own_byol.o8,sigma_c,student.h.cls~teacher.z.proj.tap1,holdout,11,0.00266785392731815,,,,
in100.byol.s0.null.extL,in100.pairs100.v1@own_byol.o8,sigma_c,student.h.cls~teacher.z.proj.tap1,holdout,12,0.0022530412627195903,,,,
in100.byol.s0.null.extL,in100.pairs100.v1@own_byol.o8,sigma_c,student.h.cls~teacher.z.proj.tap1,holdout,13,0.0016410992309418945,,,,
in100.byol.s0.null.extL,in100.pairs100.v1@own_byol.o8,sigma_c,student.h.cls~teacher.z.proj.tap1,holdout,14,0.0012541765646223628,,,,
in100.byol.s0.null.extL,in100.pairs100.v1@own_byol.o8,sigma_c,student.h.cls~teacher.z.proj.tap1,holdout,15,0.0012325406010126345,,,,
in100.byol.s0.null.extL,in100.pairs100.v1@own_byol.o8,sigma_c,student.h.cls~teacher.z.proj.tap1,holdout,16,0.0010694555721096764,,,,
in100.byol.s0.null.extL,in100.pairs100.v1@own_byol.o8,sigma_c,student.h.cls~teacher.z.proj.tap1,holdout,17,0.0009784906243471751,,,,
in100.byol.s0.null.extL,in100.pairs100.v1@own_byol.o8,sigma_c,student.h.cls~teacher.z.proj.tap1,holdout,18,0.0008849052824775745,,,,
in100.byol.s0.null.extL,in100.pairs100.v1@own_byol.o8,sigma_c,student.h.cls~teacher.z.proj.tap1,holdout,19,0.000675945512414278,,,,
in100.byol.s0.null.extL,in100.pairs100.v1@own_byol.o8,sigma_c,student.h.cls~teacher.z.proj.tap1,holdout,20,0.0005227872982910904,,,,
in100.byol.s0.null.extL,in100.pairs100.v1@own_byol.o8,sigma_c,student.h.cls~teacher.z.proj.tap1,holdout,21,0.00039242388232006345,,,,
in100.byol.s0.null.extL,in100.pairs100.v1@own_byol.o8,sigma_c,student.h.cls~teacher.z.proj.tap1,holdout,22,0.00031140909992972553,,,,
in100.byol.s0.null.extL,in100.pairs100.v1@own_byol.o8,sigma_c,student.h.cls~teacher.z.proj.tap1,holdout,23,0.0002497461168738907,,,,
in100.byol.s0.null.extL,in100.pairs100.v1@own_byol.o8,sigma_c,student.h.cls~teacher.z.proj.tap1,holdout,24,0.0002177948952027573,,,,
in100.byol.s0.null.extL,in100.pairs100.v1@own_byol.o8,sigma_c,student.h.cls~teacher.z.proj.tap1,holdout,25,0.00014092729709938494,,,,
in100.byol.s0.null.extL,in100.pairs100.v1@own_byol.o8,sigma_c,student.h.cls~teacher.z.proj.tap1,holdout,26,0.00010244960851556679,,,,
in100.byol.s0.null.extL,in100.pairs100.v1@own_byol.o8,sigma_c,student.h.cls~teacher.z.proj.tap1,holdout,27,5.602236747995311e-05,,,,
in100.byol.s0.null.extL,in100.pairs100.v1@own_byol.o8,sigma_c,student.h.cls~teacher.z.proj.tap1,holdout,28,2.424203053455408e-05,,,,
in100.byol.s0.null.extL,in100.pairs100.v1@own_byol.o8,sigma_c,student.h.cls~teacher.z.proj.tap1,holdout,29,7.392523861215038e-06,,,,
in100.byol.s0.null.extL,in100.pairs100.v1@own_byol.o8,sigma_c,student.h.cls~teacher.z.proj.tap1,holdout,30,2.345804853735995e-06,,,,
in100.byol.s0.null.extL,in100.pairs100.v1@own_byol.o8,sigma_c,student.h.cls~teacher.z.proj.tap1,insample,0,0.015219160552205686,,,,
in100.byol.s0.null.extL,in100.pairs100.v1@own_byol.o8,sigma_c,student.h.cls~teacher.z.proj.tap1,insample,1,0.010293811794013664,,,,
in100.byol.s0.null.extL,in100.pairs100.v1@own_byol.o8,sigma_c,student.h.cls~teacher.z.proj.tap1,insample,2,0.007989151996435141,,,,
in100.byol.s0.null.extL,in100.pairs100.v1@own_byol.o8,sigma_c,student.h.cls~teacher.z.proj.tap1,insample,3,0.007481109484274739,,,,
in100.byol.s0.null.extL,in100.pairs100.v1@own_byol.o8,sigma_c,student.h.cls~teacher.z.proj.tap1,insample,4,0.005882189374781861,,,,
in100.byol.s0.null.extL,in100.pairs100.v1@own_byol.o8,sigma_c,student.h.cls~teacher.z.proj.tap1,insample,5,0.005435306217967662,,,,
in100.byol.s0.null.extL,in100.pairs100.v1@own_byol.o8,sigma_c,student.h.cls~teacher.z.proj.tap1,insample,6,0.004976528012983618,,,,
in100.byol.s0.null.extL,in100.pairs100.v1@own_byol.o8,sigma_c,student.h.cls~teacher.z.proj.tap1,insample,7,0.0036589958997414627,,,,
in100.byol.s0.null.extL,in100.pairs100.v1@own_byol.o8,sigma_c,student.h.cls~teacher.z.proj.tap1,insample,8,0.0034953917577356984,,,,
in100.byol.s0.null.extL,in100.pairs100.v1@own_byol.o8,sigma_c,student.h.cls~teacher.z.proj.tap1,insample,9,0.0032585037628936717,,,,
in100.byol.s0.null.extL,in100.pairs100.v1@own_byol.o8,sigma_c,student.h.cls~teacher.z.proj.tap1,insample,10,0.002462988905621746,,,,
in100.byol.s0.null.extL,in100.pairs100.v1@own_byol.o8,sigma_c,student.h.cls~teacher.z.proj.tap1,insample,11,0.0021205419262161724,,,,
in100.byol.s0.null.extL,in100.pairs100.v1@own_byol.o8,sigma_c,student.h.cls~teacher.z.proj.tap1,insample,12,0.001791746023421559,,,,
in100.byol.s0.null.extL,in100.pairs100.v1@own_byol.o8,sigma_c,student.h.cls~teacher.z.proj.tap1,insample,13,0.001324710323208338,,,,
in100.byol.s0.null.extL,in100.pairs100.v1@own_byol.o8,sigma_c,student.h.cls~teacher.z.proj.tap1,insample,14,0.0010594082168867858,,,,
in100.byol.s0.null.extL,in100.pairs100.v1@own_byol.o8,sigma_c,student.h.cls~teacher.z.proj.tap1,insample,15,0.0010528065666889571,,,,
in100.byol.s0.null.extL,in100.pairs100.v1@own_byol.o8,sigma_c,student.h.cls~teacher.z.proj.tap1,insample,16,0.0008186532554209751,,,,
in100.byol.s0.null.extL,in100.pairs100.v1@own_byol.o8,sigma_c,student.h.cls~teacher.z.proj.tap1,insample,17,0.0007362048978498069,,,,
in100.byol.s0.null.extL,in100.pairs100.v1@own_byol.o8,sigma_c,student.h.cls~teacher.z.proj.tap1,insample,18,0.0007125964346179305,,,,
in100.byol.s0.null.extL,in100.pairs100.v1@own_byol.o8,sigma_c,student.h.cls~teacher.z.proj.tap1,insample,19,0.0005444794772003823,,,,
in100.byol.s0.null.extL,in100.pairs100.v1@own_byol.o8,sigma_c,student.h.cls~teacher.z.proj.tap1,insample,20,0.00041160492421794386,,,,
in100.byol.s0.null.extL,in100.pairs100.v1@own_byol.o8,sigma_c,student.h.cls~teacher.z.proj.tap1,insample,21,0.00031571274242008575,,,,
in100.byol.s0.null.extL,in100.pairs100.v1@own_byol.o8,sigma_c,student.h.cls~teacher.z.proj.tap1,insample,22,0.00024379935976884758,,,,
in100.byol.s0.null.extL,in100.pairs100.v1@own_byol.o8,sigma_c,student.h.cls~teacher.z.proj.tap1,insample,23,0.00019875025516586595,,,,
in100.byol.s0.null.extL,in100.pairs100.v1@own_byol.o8,sigma_c,student.h.cls~teacher.z.proj.tap1,insample,24,0.00018308724585425803,,,,
in100.byol.s0.null.extL,in100.pairs100.v1@own_byol.o8,sigma_c,student.h.cls~teacher.z.proj.tap1,insample,25,0.0001198572098183913,,,,
in100.byol.s0.null.extL,in100.pairs100.v1@own_byol.o8,sigma_c,student.h.cls~teacher.z.proj.tap1,insample,26,8.4474127728112e-05,,,,
in100.byol.s0.null.extL,in100.pairs100.v1@own_byol.o8,sigma_c,student.h.cls~teacher.z.proj.tap1,insample,27,4.5184776057417615e-05,,,,
in100.byol.s0.null.extL,in100.pairs100.v1@own_byol.o8,sigma_c,student.h.cls~teacher.z.proj.tap1,insample,28,1.917089706297995e-05,,,,
in100.byol.s0.null.extL,in100.pairs100.v1@own_byol.o8,sigma_c,student.h.cls~teacher.z.proj.tap1,insample,29,6.2812293016934375e-06,,,,
in100.byol.s0.null.extL,in100.pairs100.v1@own_byol.o8,sigma_c,student.h.cls~teacher.z.proj.tap1,insample,30,1.8769263255166868e-06,,,,
