run_id,manifest,space,cls,d_h,d_z,dir_resid,transfer_bound,probe_err,decomp_pred
in1k.floorssl.s0.e27lmcb5.extL,in1k.pairs100.v1@audit_v1.o8,student.h.cls~student.z.proj.out,0,0.8691262412981292,0.8411949413913596,0.06884727207194494,1.1035825784323317,0.7948254091301007,0.7929859011699608
in1k.floorssl.s0.e27lmcb5.extL,in1k.pairs100.v1@audit_v1.o8,student.h.cls~student.z.proj.out,1,0.9131654099556166,0.8840682259749174,0.11570874510854001,1.22422810766078,0.8971534889599879,0.903797585536102
in1k.floorssl.s0.e27lmcb5.extL,in1k.pairs100.v1@audit_v1.o8,student.h.cls~student.z.proj.out,2,0.9558305563148685,0.9231303905473405,0.09814525352589777,1.2364118191796452,0.9477374392849593,0.9566090697170729
in1k.floorssl.s0.e27lmcb5.extL,in1k.pairs100.v1@audit_v1.o8,student.h.cls~student.z.proj.out,3,1.0918030013452102,1.04251528776716,0.08173955829350246,1.3284165964271633,1.2411040632793333,1.224036326957199
in1k.floorssl.s0.e27lmcb5.extL,in1k.pairs100.v1@audit_v1.o8,student.h.cls~student.z.proj.out,4,0.8001492823273343,0.7773294498146303,0.05000178671060893,1.0009402427352962,0.6575947210408708,0.6684489626928795
in1k.floorssl.s0.e27lmcb5.extL,in1k.pairs100.v1@audit_v1.o8,student.h.cls~student.z.proj.out,5,0.8741258282742943,0.8607011475121854,0.05427604126581315,1.0936733374100638,0.7866665724651317,0.7925629234783798
in1k.floorssl.s0.e27lmcb5.extL,in1k.pairs100.v1@audit_v1.o8,student.h.cls~student.z.proj.out,6,1.024471446279709,1.0186144050084105,0.039323844140507984,1.2169168107943917,1.0666019420596051,1.0728921244593173
in1k.floorssl.s0.e27lmcb5.extL,in1k.pairs100.v1@audit_v1.o8,student.h.cls~student.z.proj.out,7,1.0893252661418502,1.1106871213243819,0.025678061923243543,1.270930879153645,1.2358921114000794,1.2155129814439447
in1k.floorssl.s0.e27lmcb5.extL,in1k.pairs100.v1@audit_v1.o8,student.h.cls~student.z.proj.out,8,0.9950182155668349,1.0203674902676334,0.016260354551596065,1.1478835855324903,1.0119415584646216,1.0148398117998882
in1k.floorssl.s0.e27lmcb5.extL,in1k.pairs100.v1@audit_v1.o8,student.h.cls~student.z.proj.out,9,0.9478391550047239,0.9406829522407129,0.03376529063023727,1.1244362940613102,0.9142214868407426,0.9230504714818216
in1k.floorssl.s0.e27lmcb5.extL,in1k.pairs100.v1@audit_v1.o8,student.h.cls~student.z.proj.out,10,0.8022946354681998,0.8094307305912328,0.03194738541948373,0.9881690460680318,0.6510862127211858,0.6693779902030937
in1k.floorssl.s0.e27lmcb5.extL,in1k.pairs100.v1@audit_v1.o8,student.h.cls~student.z.proj.out,11,1.0302660966272839,1.0286369649106826,0.024838359744396053,1.1862388676415698,1.0881230390093324,1.0808385557235107
in1k.floorssl.s0.e27lmcb5.extL,in1k.pairs100.v1@audit_v1.o8,student.h.cls~student.z.proj.out,12,1.023519875276183,1.029252205460649,0.009861733912172455,1.1285584686678227,1.0587591295881429,1.0612848666231176
in1k.floorssl.s0.e27lmcb5.extL,in1k.pairs100.v1@audit_v1.o8,student.h.cls~student.z.proj.out,13,1.0083464891401415,1.0124990808962324,0.02783106546171268,1.1793255340195685,1.0343588708748896,1.036133003753503
in1k.floorssl.s0.e27lmcb5.extL,in1k.pairs100.v1@audit_v1.o8,student.h.cls~student.z.proj.out,14,0.9894648756884716,0.9985151239993265,0.00741675907955602,1.084635731751223,0.9883584107416074,0.9923773131856832
in1k.floorssl.s0.e27lmcb5.extL,in1k.pairs100.v1@audit_v1.o8,student.h.cls~student.z.proj.out,15,1.0515492684931222,1.0518360269983398,0.013996824205589899,1.1701442017183898,1.1163712573297941,1.1176878388880687
in1k.floorssl.s0.e27lmcb5.extL,in1k.pairs100.v1@audit_v1.o8,student.h.cls~student.z.proj.out,16,1.0447191497671022,1.044886848225666,0.0071275398198130105,1.1293116065600135,1.1010969924074632,1.1013874135049484
in1k.floorssl.s0.e27lmcb5.extL,in1k.pairs100.v1@audit_v1.o8,student.h.cls~student.z.proj.out,17,0.8567112297498927,0.8557667241906929,0.020435179167654912,0.998718391434048,0.7416032109993992,0.7494798918579559
in1k.floorssl.s0.e27lmcb5.extL,in1k.pairs100.v1@audit_v1.o8,student.h.cls~student.z.proj.out,18,0.9772491497227388,0.9913546797797262,0.010630290064107737,1.0944579778070336,0.9648162224643733,0.9677946532170676
in1k.floorssl.s0.e27lmcb5.extL,in1k.pairs100.v1@audit_v1.o8,student.h.cls~student.z.proj.out,19,0.8866782200884582,0.8928065992983609,0.03088977344776031,1.0685614667921528,0.7953786324706142,0.8094954748042217
in1k.floorssl.s0.e27lmcb5.extL,in1k.pairs100.v1@audit_v1.o8,student.h.cls~student.z.proj.out,20,0.8946612852282261,0.8900507576198273,0.11973210792656175,1.2360740341874041,0.8420931598949176,0.8642398310884654
in1k.floorssl.s0.e27lmcb5.extL,in1k.pairs100.v1@audit_v1.o8,student.h.cls~student.z.proj.out,21,0.9787213821256829,0.970006016720367,0.0286192216208611,1.1391781823412548,0.9786914976098713,0.9764866753014297
in1k.floorssl.s0.e27lmcb5.extL,in1k.pairs100.v1@audit_v1.o8,student.h.cls~student.z.proj.out,22,1.1037520263555345,1.1066738866860195,0.03348130674801315,1.2896528656645163,1.240141465714787,1.2419580055309367
in1k.floorssl.s0.e27lmcb5.extL,in1k.pairs100.v1@audit_v1.o8,student.h.cls~student.z.proj.out,23,1.001571809138957,1.0073807585197128,0.00782853420909906,1.0958597628602853,1.009185091032241,1.0135232600748432
in1k.floorssl.s0.e27lmcb5.extL,in1k.pairs100.v1@audit_v1.o8,student.h.cls~student.z.proj.out,24,0.8168325705921644,0.5991524948929536,0.3593562802963756,1.1986158217915852,0.7773226395608925,0.7784165811941872
in1k.floorssl.s0.e27lmcb5.extL,in1k.pairs100.v1@audit_v1.o8,student.h.cls~student.z.proj.out,25,0.9303439206594277,0.8895845582448098,0.16234438158471282,1.2925043785375236,0.9170698414004222,0.9278743824963703
in1k.floorssl.s0.e27lmcb5.extL,in1k.pairs100.v1@audit_v1.o8,student.h.cls~student.z.proj.out,26,1.0637026213682907,1.071421437578357,0.006525362163984793,1.1522011513930568,1.13855221048121,1.1444580424017303
in1k.floorssl.s0.e27lmcb5.extL,in1k.pairs100.v1@audit_v1.o8,student.h.cls~student.z.proj.out,27,1.0956900142709831,1.0851679741212534,0.09499500691278638,1.3933805743062335,1.2814537976199003,1.2477260538171464
in1k.floorssl.s0.e27lmcb5.extL,in1k.pairs100.v1@audit_v1.o8,student.h.cls~student.z.proj.out,28,0.9320910929498487,0.8413551947974933,0.15518144103234532,1.235285951444325,0.9386345736707568,0.9285870997878228
in1k.floorssl.s0.e27lmcb5.extL,in1k.pairs100.v1@audit_v1.o8,student.h.cls~student.z.proj.out,29,0.8956542670727067,0.787422941672169,0.16967482792251173,1.1993389864222026,0.8822791098881493,0.8695217071189749
in1k.floorssl.s0.e27lmcb5.extL,in1k.pairs100.v1@audit_v1.o8,student.h.cls~student.z.proj.out,30,0.9334350813896501,0.963721809762946,0.01017077140398719,1.0645720522216886,0.8945235097059682,0.9027363924428325
in1k.floorssl.s0.e27lmcb5.extL,in1k.pairs100.v1@audit_v1.o8,student.h.cls~student.z.proj.out,31,0.9304488459069824,0.9413434623644429,0.022571126010657312,1.0915803619951838,0.8850022447007863,0.8940237443142173
in1k.floorssl.s0.e27lmcb5.extL,in1k.pairs100.v1@audit_v1.o8,student.h.cls~student.z.proj.out,32,1.0008647849686767,1.0127711843416378,0.004869095736486733,1.0825500904414525,1.0094362645519164,1.0126827057515326
in1k.floorssl.s0.e27lmcb5.extL,in1k.pairs100.v1@audit_v1.o8,student.h.cls~student.z.proj.out,33,0.9879618171566554,0.9982996902324479,0.008870829177956192,1.0924847696131874,0.9899877140817626,0.9905969607603425
in1k.floorssl.s0.e27lmcb5.extL,in1k.pairs100.v1@audit_v1.o8,student.h.cls~student.z.proj.out,34,1.0235934923956715,0.9954203453325189,0.07961041169341768,1.277573515956947,1.0821205816067385,1.0763704806963388
in1k.floorssl.s0.e27lmcb5.extL,in1k.pairs100.v1@audit_v1.o8,student.h.cls~student.z.proj.out,35,0.7421892732128524,0.7313397928851575,0.056163328281057176,0.9683278269313034,0.5605422138359641,0.5870422840508631
in1k.floorssl.s0.e27lmcb5.extL,in1k.pairs100.v1@audit_v1.o8,student.h.cls~student.z.proj.out,36,0.896135514005758,0.8985582352222956,0.020516907399910595,1.04179547688769,0.8199535053383182,0.823913978032122
in1k.floorssl.s0.e27lmcb5.extL,in1k.pairs100.v1@audit_v1.o8,student.h.cls~student.z.proj.out,37,0.9049799588437148,0.7950091133629912,0.13858898396159677,1.1672845274875299,0.8782232015856115,0.8761040168991722
in1k.floorssl.s0.e27lmcb5.extL,in1k.pairs100.v1@audit_v1.o8,student.h.cls~student.z.proj.out,38,0.9835212478009145,1.011984616838193,0.023828874480413015,1.1663506574054532,0.9963691829240522,0.9928752819740695
in1k.floorssl.s0.e27lmcb5.extL,in1k.pairs100.v1@audit_v1.o8,student.h.cls~student.z.proj.out,39,0.9689671121227313,0.9829106503050601,0.018080045198167267,1.117372708887276,0.9516590391891094,0.9588533413617024
in1k.floorssl.s0.e27lmcb5.extL,in1k.pairs100.v1@audit_v1.o8,student.h.cls~student.z.proj.out,40,0.9404796258687802,0.9560800759452985,0.009637545941580353,1.0542510795134619,0.900075080036874,0.9026810959696444
in1k.floorssl.s0.e27lmcb5.extL,in1k.pairs100.v1@audit_v1.o8,student.h.cls~student.z.proj.out,41,1.1219651578570276,1.1289494077788813,0.028186936451639843,1.2968390633614688,1.287183690978776,1.279905526293026
in1k.floorssl.s0.e27lmcb5.extL,in1k.pairs100.v1@audit_v1.o8,student.h.cls~student.z.proj.out,42,0.9021281246257598,0.9143120454746061,0.007454811561665411,1.0006532961122092,0.821838658004149,0.8290332124551085
in1k.floorssl.s0.e27lmcb5.extL,in1k.pairs100.v1@audit_v1.o8,student.h.cls~student.z.proj.out,43,0.8739788643750074,0.8825373198543701,0.008666864845797888,0.9756333178660885,0.7686674561094059,0.7815395070378117
in1k.floorssl.s0.e27lmcb5.extL,in1k.pairs100.v1@audit_v1.o8,student.h.cls~student.z.proj.out,44,0.8592117081093696,0.8634131449350071,0.005901581058897028,0.9402348935410954,0.740775300901716,0.7507992536116677
in1k.floorssl.s0.e27lmcb5.extL,in1k.pairs100.v1@audit_v1.o8,student.h.cls~student.z.proj.out,45,0.8544284114720347,0.6141503854871119,0.40667822022312605,1.2518636597907962,0.8559021907504339,0.8390876657890561
in1k.floorssl.s0.e27lmcb5.extL,in1k.pairs100.v1@audit_v1.o8,student.h.cls~student.z.proj.out,46,0.8676305044584228,0.8771126785250899,0.0074502235691775295,0.9634273561250064,0.7590809215955179,0.769596805355567
in1k.floorssl.s0.e27lmcb5.extL,in1k.pairs100.v1@audit_v1.o8,student.h.cls~student.z.proj.out,47,1.101455369983078,1.1156430701579363,0.0047042945997639715,1.1842309305981336,1.2251438339315002,1.2265407714491443
in1k.floorssl.s0.e27lmcb5.extL,in1k.pairs100.v1@audit_v1.o8,student.h.cls~student.z.proj.out,48,1.0841708041510802,1.010354894558862,0.10445332698375037,1.3335472938874204,1.2249671147504253,1.2096376273002278
in1k.floorssl.s0.e27lmcb5.extL,in1k.pairs100.v1@audit_v1.o8,student.h.cls~student.z.proj.out,49,0.9592268498614496,0.9674040429444255,0.026356465232838935,1.129750786776382,0.9379391393864661,0.9394756958345893
in1k.floorssl.s0.e27lmcb5.extL,in1k.pairs100.v1@audit_v1.o8,student.h.cls~student.z.proj.out,50,0.9761944368532514,0.987333167461772,0.008731368191199683,1.0807749578512957,0.9625860696022948,0.9687222862306322
in1k.floorssl.s0.e27lmcb5.extL,in1k.pairs100.v1@audit_v1.o8,student.h.cls~student.z.proj.out,51,0.8962935083305491,0.9030116030146432,0.001098877814313054,0.9361609290155298,0.8072731634968563,0.8175507011786829
in1k.floorssl.s0.e27lmcb5.extL,in1k.pairs100.v1@audit_v1.o8,student.h.cls~student.z.proj.out,52,0.933470065279379,0.9205389112937072,0.03236474978332524,1.1004409673779145,0.8894395405079365,0.892386795242635
in1k.floorssl.s0.e27lmcb5.extL,in1k.pairs100.v1@audit_v1.o8,student.h.cls~student.z.proj.out,53,0.8082190026056061,0.7915196269436702,0.07153798885515449,1.0589854917846897,0.6628803118617984,0.6870343407734002
in1k.floorssl.s0.e27lmcb5.extL,in1k.pairs100.v1@audit_v1.o8,student.h.cls~student.z.proj.out,54,0.9321428989919476,0.92844266737055,0.014019730362288398,1.0468476096757107,0.8758154257702006,0.8788783292158997
in1k.floorssl.s0.e27lmcb5.extL,in1k.pairs100.v1@audit_v1.o8,student.h.cls~student.z.proj.out,55,0.8384703610953824,0.7379758083217893,0.13787599193975697,1.1092923739901648,0.7606926992554318,0.7554561979694211
in1k.floorssl.s0.e27lmcb5.extL,in1k.pairs100.v1@audit_v1.o8,student.h.cls~student.z.proj.out,56,0.9760026498811984,0.8866594598668048,0.17002610908554786,1.2990016831298947,1.0144203009219932,0.9980619757452883
in1k.floorssl.s0.e27lmcb5.extL,in1k.pairs100.v1@audit_v1.o8,student.h.cls~student.z.proj.out,57,0.7787696606450172,0.7596042555511879,0.11904522668536502,1.1046335683426738,0.6359952209243465,0.6617843515431615
in1k.floorssl.s0.e27lmcb5.extL,in1k.pairs100.v1@audit_v1.o8,student.h.cls~student.z.proj.out,58,0.9435081202587564,0.9488168719555087,0.008144113637805324,1.0390616149481358,0.8971494368993551,0.9047471259059465
in1k.floorssl.s0.e27lmcb5.extL,in1k.pairs100.v1@audit_v1.o8,student.h.cls~student.z.proj.out,59,0.9859517594995233,0.9876849715218133,0.017355422826754945,1.119424953405655,0.9856455658612552,0.9889235480486529
in1k.floorssl.s0.e27lmcb5.extL,in1k.pairs100.v1@audit_v1.o8,student.h.cls~student.z.proj.out,60,1.1027513913161144,1.1044073995146038,0.0037760068094751255,1.1658566209049122,1.2227485732772672,1.2227989130219952
in1k.floorssl.s0.e27lmcb5.extL,in1k.pairs100.v1@audit_v1.o8,student.h.cls~student.z.proj.out,61,1.0290294251067904,1.0368890929315344,0.09352652008510103,1.3427101518615907,1.0869506428421534,1.1008190932634303
in1k.floorssl.s0.e27lmcb5.extL,in1k.pairs100.v1@audit_v1.o8,student.h.cls~student.z.proj.out,62,0.9995916250911387,0.9979863502072046,0.024135591524428072,1.1533426874594328,1.0147920377693538,1.015094486807607
in1k.floorssl.s0.e27lmcb5.extL,in1k.pairs100.v1@audit_v1.o8,student.h.cls~student.z.proj.out,63,1.0767386451062595,1.0964075802336926,0.003395628758978587,1.1546796040442535,1.1746011619644146,1.1737877753792838
in1k.floorssl.s0.e27lmcb5.extL,in1k.pairs100.v1@audit_v1.o8,student.h.cls~student.z.proj.out,64,0.9171333865519593,0.9131600704728934,0.051845478500443444,1.1408560926174258,0.8653115758444062,0.8777923633501726
in1k.floorssl.s0.e27lmcb5.extL,in1k.pairs100.v1@audit_v1.o8,student.h.cls~student.z.proj.out,65,0.8523247199312162,0.8492927449937001,0.01602982262995531,0.9759016808156054,0.7310534480028132,0.7491677329332923
in1k.floorssl.s0.e27lmcb5.extL,in1k.pairs100.v1@audit_v1.o8,student.h.cls~student.z.proj.out,66,1.0553069177351568,1.0221964696504238,0.08419054944785252,1.3123525473876523,1.141546651108718,1.139823435663184
in1k.floorssl.s0.e27lmcb5.extL,in1k.pairs100.v1@audit_v1.o8,student.h.cls~student.z.proj.out,67,1.0202925767837594,0.9768291657570115,0.08319118906857001,1.2652579941853952,1.0720013519255691,1.071378492431471
in1k.floorssl.s0.e27lmcb5.extL,in1k.pairs100.v1@audit_v1.o8,student.h.cls~student.z.proj.out,68,1.1040624650575843,1.0657472048167762,0.08274776130821777,1.353406310892384,1.25584768029382,1.2491328302847635
in1k.floorssl.s0.e27lmcb5.extL,in1k.pairs100.v1@audit_v1.o8,student.h.cls~student.z.proj.out,69,0.7960449157346811,0.530398425507835,0.3486214894076396,1.1208402002897686,0.7308336762877301,0.7502554498087088
in1k.floorssl.s0.e27lmcb5.extL,in1k.pairs100.v1@audit_v1.o8,student.h.cls~student.z.proj.out,70,1.083190479199407,1.1023535111962788,0.013481462185281295,1.2184632101248407,1.1924982691581412,1.1896038291622515
in1k.floorssl.s0.e27lmcb5.extL,in1k.pairs100.v1@audit_v1.o8,student.h.cls~student.z.proj.out,71,1.1568638401636973,1.1647482667452584,0.007180733446361981,1.249487475181271,1.3460612481196466,1.3477922833667606
in1k.floorssl.s0.e27lmcb5.extL,in1k.pairs100.v1@audit_v1.o8,student.h.cls~student.z.proj.out,72,0.9283442560217545,0.8621417800863872,0.14001962062479004,1.2363337370079517,0.9128267521509251,0.9072095160004895
in1k.floorssl.s0.e27lmcb5.extL,in1k.pairs100.v1@audit_v1.o8,student.h.cls~student.z.proj.out,73,0.9571239628107531,0.9553044809978491,0.0250866118182041,1.1136920178124738,0.9326915334559762,0.9320834863096332
in1k.floorssl.s0.e27lmcb5.extL,in1k.pairs100.v1@audit_v1.o8,student.h.cls~student.z.proj.out,74,1.0333938305241621,1.0054299888476146,0.05492021823380362,1.2397806198128494,1.0977733444593871,1.0962858610564585
in1k.floorssl.s0.e27lmcb5.extL,in1k.pairs100.v1@audit_v1.o8,student.h.cls~student.z.proj.out,75,0.9898691620586141,1.0000947260580333,0.08884137061202496,1.2981574218319678,1.0093636251030236,1.015260115806769
in1k.floorssl.s0.e27lmcb5.extL,in1k.pairs100.v1@audit_v1.o8,student.h.cls~student.z.proj.out,76,0.8775237648608779,0.9006097753476634,0.010142645463818475,1.0013204771812743,0.7838992822475345,0.8074353340096108
in1k.floorssl.s0.e27lmcb5.extL,in1k.pairs100.v1@audit_v1.o8,student.h.cls~student.z.proj.out,77,1.0858316077597019,1.0963933309323262,0.0031656048993460605,1.152657039478298,1.1864572003846166,1.1894715137062941
in1k.floorssl.s0.e27lmcb5.extL,in1k.pairs100.v1@audit_v1.o8,student.h.cls~student.z.proj.out,78,0.9134453290117319,0.914770241744151,0.02777223382322629,1.0814202757172238,0.8447225113519673,0.8560662735759418
in1k.floorssl.s0.e27lmcb5.extL,in1k.pairs100.v1@audit_v1.o8,student.h.cls~student.z.proj.out,79,0.8561779978675274,0.8622084534914247,0.006569260197012723,0.9432594263234193,0.7366675643987839,0.7475985333269337
in1k.floorssl.s0.e27lmcb5.extL,in1k.pairs100.v1@audit_v1.o8,student.h.cls~student.z.proj.out,80,0.780023188179671,0.652545428861625,0.23195453881553166,1.1341620178777547,0.6501821476880794,0.6707453693184677
in1k.floorssl.s0.e27lmcb5.extL,in1k.pairs100.v1@audit_v1.o8,student.h.cls~student.z.proj.out,81,1.0005998665640046,1.0246827626904893,0.014762751345615267,1.1461848258236529,1.0197354127658735,1.0234429665074292
in1k.floorssl.s0.e27lmcb5.extL,in1k.pairs100.v1@audit_v1.o8,student.h.cls~student.z.proj.out,82,0.9092646252214123,0.926333656426555,0.013744894259717486,1.0435722774510172,0.8399426943168785,0.8451593818645131
in1k.floorssl.s0.e27lmcb5.extL,in1k.pairs100.v1@audit_v1.o8,student.h.cls~student.z.proj.out,83,0.8902671319267832,0.6842614861620425,0.34841710533104825,1.2745301583199407,0.8742097567160653,0.8616883360814799
in1k.floorssl.s0.e27lmcb5.extL,in1k.pairs100.v1@audit_v1.o8,student.h.cls~student.z.proj.out,84,0.8562839128442106,0.7532253752668782,0.23435911779044968,1.2373318901894206,0.8041947908505901,0.8226449699066973
in1k.floorssl.s0.e27lmcb5.extL,in1k.pairs100.v1@audit_v1.o8,student.h.cls~student.z.proj.out,85,0.9452572663570721,0.9621679345247066,0.016103710608319003,1.0890683309319638,0.9070691320183364,0.915978824554504
in1k.floorssl.s0.e27lmcb5.extL,in1k.pairs100.v1@audit_v1.o8,student.h.cls~student.z.proj.out,86,0.8709564374258673,0.8837716624479305,0.019919975279045418,1.0249098049858194,0.7718014639689524,0.7786046382118329
in1k.floorssl.s0.e27lmcb5.extL,in1k.pairs100.v1@audit_v1.o8,student.h.cls~student.z.proj.out,87,0.9684874552258098,0.836748040765335,0.26924980737383,1.3556409077174931,1.0468188666989,1.0060883445372628
in1k.floorssl.s0.e27lmcb5.extL,in1k.pairs100.v1@audit_v1.o8,student.h.cls~student.z.proj.out,88,0.9354819433505236,0.8933747204762307,0.09317816418117934,1.198625706029397,0.9190232917017183,0.9162530139531799
in1k.floorssl.s0.e27lmcb5.extL,in1k.pairs100.v1@audit_v1.o8,student.h.cls~student.z.proj.out,89,0.9199682791108041,0.9168908782548051,0.07738699524657969,1.1950760598274037,0.8729019440804375,0.8888471574098687
in1k.floorssl.s0.e27lmcb5.extL,in1k.pairs100.v1@audit_v1.o8,student.h.cls~student.z.proj.out,90,0.9271764040613704,0.8828513274074592,0.1423176418364347,1.2601014325584514,0.9188877786889259,0.9184954580636184
in1k.floorssl.s0.e27lmcb5.extL,in1k.pairs100.v1@audit_v1.o8,student.h.cls~student.z.proj.out,91,1.0852236752841284,1.0921740747136524,0.007827098370214293,1.1806449646730863,1.184538607821804,1.188477027303727
in1k.floorssl.s0.e27lmcb5.extL,in1k.pairs100.v1@audit_v1.o8,student.h.cls~student.z.proj.out,92,1.2132151040006274,1.2286768679580147,0.017186997196157492,1.3597760563466446,1.5019248775470921,1.4900590035496417
in1k.floorssl.s0.e27lmcb5.extL,in1k.pairs100.v1@audit_v1.o8,student.h.cls~student.z.proj.out,93,0.9020834288253449,0.9019608731365003,0.013099953830274541,1.0164159028655364,0.8216891914274436,0.8271529579749012
in1k.floorssl.s0.e27lmcb5.extL,in1k.pairs100.v1@audit_v1.o8,student.h.cls~student.z.proj.out,94,0.8736326733617205,0.8848602916765915,0.017017540289030693,1.0153115863770685,0.7672398977420659,0.7821534281184489
in1k.floorssl.s0.e27lmcb5.extL,in1k.pairs100.v1@audit_v1.o8,student.h.cls~student.z.proj.out,95,0.9770400948350987,0.7579257471980001,0.40135749501403967,1.3914535642779131,1.0704472433622143,1.040929118348087
in1k.floorssl.s0.e27lmcb5.extL,in1k.pairs100.v1@audit_v1.o8,student.h.cls~student.z.proj.out,96,0.9238173602264221,0.9281213191600646,0.10501099112157533,1.2521753133054467,0.889473056491875,0.9007080779904276
in1k.floorssl.s0.e27lmcb5.extL,in1k.pairs100.v1@audit_v1.o8,student.h.cls~student.z.proj.out,97,0.9756881792218968,0.9789934808109506,0.03840753123291199,1.1749718756225012,0.9761401478990448,0.9775862878076986
in1k.floorssl.s0.e27lmcb5.extL,in1k.pairs100.v1@audit_v1.o8,student.h.cls~student.z.proj.out,98,0.9196908638068494,0.9123250510883152,0.044696798792089286,1.123741225474499,0.8631072110892019,0.8708723620921444
in1k.floorssl.s0.e27lmcb5.extL,in1k.pairs100.v1@audit_v1.o8,student.h.cls~student.z.proj.out,99,1.020082003733462,1.0287790462247728,0.011521704305633032,1.1361182483162409,1.0484434048825826,1.0519635779671428
in1k.floorssl.s0.e27lmcb5.extL,in1k.pairs100.v1@audit_v1.o8,student.h.cls~student.z.proj.out,100,0.9870744477082365,0.9745632467743306,0.06533422904789965,1.230168859091235,1.0294518029236646,1.0221925386756197
in1k.floorssl.s0.e27lmcb5.extL,in1k.pairs100.v1@audit_v1.o8,student.h.cls~student.z.proj.out,101,0.8611203995830662,0.8374911175812507,0.06226119517175302,1.0870130508291178,0.773209491082168,0.7823863879450724
in1k.floorssl.s0.e27lmcb5.extL,in1k.pairs100.v1@audit_v1.o8,student.h.cls~student.z.proj.out,102,0.7748959192662246,0.640786558917317,0.2239241005595139,1.1139927513530394,0.6744649021560023,0.6825521713837267
in1k.floorssl.s0.e27lmcb5.extL,in1k.pairs100.v1@audit_v1.o8,student.h.cls~student.z.proj.out,103,1.0223061427370896,1.0069078304501573,0.034570645996747675,1.1928396620356814,1.0667208710586409,1.064010802013977
in1k.floorssl.s0.e27lmcb5.extL,in1k.pairs100.v1@audit_v1.o8,student.h.cls~student.z.proj.out,104,1.049441381012799,1.056002636357671,0.0033467440250816343,1.1138536866945632,1.1063701097084964,1.1083610225081868
in1k.floorssl.s0.e27lmcb5.extL,in1k.pairs100.v1@audit_v1.o8,student.h.cls~student.z.proj.out,105,1.0877346912286994,0.8261635060313733,0.39826786025579447,1.4572481756722975,1.3096011496297575,1.272282987951662
in1k.floorssl.s0.e27lmcb5.extL,in1k.pairs100.v1@audit_v1.o8,student.h.cls~student.z.proj.out,106,0.9235292374783856,0.9330886672699417,0.005193912928496145,1.0051574741734568,0.8599109869699528,0.8673316015749171
in1k.floorssl.s0.e27lmcb5.extL,in1k.pairs100.v1@audit_v1.o8,student.h.cls~student.z.proj.out,107,0.8179873244056155,0.6199745354510086,0.3036510775765484,1.1710199760242415,0.7583024332673473,0.7749587427922702
in1k.floorssl.s0.e27lmcb5.extL,in1k.pairs100.v1@audit_v1.o8,student.h.cls~student.z.proj.out,108,0.785928930437537,0.7424624430848459,0.1172382925562275,1.0848632207653697,0.6463672098215448,0.6710621739798152
in1k.floorssl.s0.e27lmcb5.extL,in1k.pairs100.v1@audit_v1.o8,student.h.cls~student.z.proj.out,109,0.8758107006863434,0.7294347693235644,0.25720089157357834,1.2365845416527832,0.8369098887304988,0.8425682770007099
in1k.floorssl.s0.e27lmcb5.extL,in1k.pairs100.v1@audit_v1.o8,student.h.cls~student.z.proj.out,110,0.8562774284670931,0.7928394106314632,0.16402507397811295,1.1978395019624566,0.7722558127361273,0.7916644720733472
in1k.floorssl.s0.e27lmcb5.extL,in1k.pairs100.v1@audit_v1.o8,student.h.cls~student.z.proj.out,111,0.8322483923618953,0.7177397132216722,0.2085802477210739,1.174445578873816,0.7368843794705371,0.7496022203742931
in1k.floorssl.s0.e27lmcb5.extL,in1k.pairs100.v1@audit_v1.o8,student.h.cls~student.z.proj.out,112,1.262566529702516,1.272313767413049,0.001957189444137422,1.316553901275159,1.6032473172906492,1.6028704232007318
in1k.floorssl.s0.e27lmcb5.extL,in1k.pairs100.v1@audit_v1.o8,student.h.cls~student.z.proj.out,113,0.7828066441045213,0.7838540774599294,0.00394473982357847,0.8466612412517969,0.612595488939374,0.6231148914059368
in1k.floorssl.s0.e27lmcb5.extL,in1k.pairs100.v1@audit_v1.o8,student.h.cls~student.z.proj.out,114,1.2320989793378965,1.2414870391392578,0.0034972690959024443,1.3006247521141645,1.529077394927888,1.5273839804652658
in1k.floorssl.s0.e27lmcb5.extL,in1k.pairs100.v1@audit_v1.o8,student.h.cls~student.z.proj.out,115,0.9462731306414854,0.8720051035630902,0.125494528189061,1.2262571722783782,0.9542857397753111,0.9402890921454592
in1k.floorssl.s0.e27lmcb5.extL,in1k.pairs100.v1@audit_v1.o8,student.h.cls~student.z.proj.out,116,1.0197604746295938,1.034719461130048,0.01292522359226639,1.1484086144924792,1.0595245549254466,1.0620294125307168
in1k.floorssl.s0.e27lmcb5.extL,in1k.pairs100.v1@audit_v1.o8,student.h.cls~student.z.proj.out,117,0.7193039598858667,0.47563094059531213,0.3021792792405186,1.0253392989459185,0.6016457023903712,0.6262130268270313
in1k.floorssl.s0.e27lmcb5.extL,in1k.pairs100.v1@audit_v1.o8,student.h.cls~student.z.proj.out,118,1.0532447702246686,1.0734411057401674,0.003334359026679786,1.1311850147408558,1.1258410528397558,1.1209825782307028
in1k.floorssl.s0.e27lmcb5.extL,in1k.pairs100.v1@audit_v1.o8,student.h.cls~student.z.proj.out,119,0.8952068043736143,0.8983433499314497,0.00990239202263798,0.9978541132821445,0.8045868008707941,0.8203531473282808
in1k.floorssl.s0.e27lmcb5.extL,in1k.pairs100.v1@audit_v1.o8,student.h.cls~student.z.proj.out,120,0.9759182557589766,1.0045263835019795,0.014867290088444028,1.1264578810259747,0.9761391520841315,0.9815346693073455
in1k.floorssl.s0.e27lmcb5.extL,in1k.pairs100.v1@audit_v1.o8,student.h.cls~student.z.proj.out,121,0.9180227825175344,0.9340408939672525,0.004297409965973436,0.9995955274112238,0.8533391178184422,0.8636184386270035
in1k.floorssl.s0.e27lmcb5.extL,in1k.pairs100.v1@audit_v1.o8,student.h.cls~student.z.proj.out,122,0.881420079910155,0.8995670313290487,0.004689107748153969,0.9680440913429976,0.788300390848732,0.7961809979845387
in1k.floorssl.s0.e27lmcb5.extL,in1k.pairs100.v1@audit_v1.o8,student.h.cls~student.z.proj.out,123,0.9568726753978841,0.92261023822238,0.12343999646169893,1.2739505240731472,0.9818170196697472,0.9688989030369406
in1k.floorssl.s0.e27lmcb5.extL,in1k.pairs100.v1@audit_v1.o8,student.h.cls~student.z.proj.out,124,1.0042283348348269,1.0144787985877126,0.0029468047923729354,1.0687632788041883,1.0161408574491226,1.0171196368116697
in1k.floorssl.s0.e27lmcb5.extL,in1k.pairs100.v1@audit_v1.o8,student.h.cls~student.z.proj.out,125,1.0688231896977087,1.075499276363934,0.0034587353701273317,1.134310290384501,1.148451786116009,1.1523589408056547
in1k.floorssl.s0.e27lmcb5.extL,in1k.pairs100.v1@audit_v1.o8,student.h.cls~student.z.proj.out,126,0.9776831011923375,0.9940893031407747,0.0049558881367799444,1.064487372267562,0.9662150729634267,0.9700881915062313
in1k.floorssl.s0.e27lmcb5.extL,in1k.pairs100.v1@audit_v1.o8,student.h.cls~student.z.proj.out,127,0.9171981747425622,0.9252421900039429,0.020946382051078308,1.0699708397284473,0.8484043523812316,0.859092020072841
in1k.floorssl.s0.e27lmcb5.extL,in1k.pairs100.v1@audit_v1.o8,student.h.cls~student.z.proj.out,128,1.1015406802586165,1.1150318202004434,0.010017420191296658,1.2151188832570476,1.225064287340011,1.2254477019039087
in1k.floorssl.s0.e27lmcb5.extL,in1k.pairs100.v1@audit_v1.o8,student.h.cls~student.z.proj.out,129,0.9380626972356447,0.9470178743760386,0.01938723382020718,1.0862559216914445,0.8945750370124718,0.8980115150628801
in1k.floorssl.s0.e27lmcb5.extL,in1k.pairs100.v1@audit_v1.o8,student.h.cls~student.z.proj.out,130,0.8550802716059285,0.5974716395887985,0.35324090672117364,1.191812372435853,0.8362587304172295,0.8199584604678009
in1k.floorssl.s0.e27lmcb5.extL,in1k.pairs100.v1@audit_v1.o8,student.h.cls~student.z.proj.out,131,0.8150817946052096,0.8213878352998585,0.019479983699044134,0.96095854748205,0.6695781396716552,0.685534056182823
in1k.floorssl.s0.e27lmcb5.extL,in1k.pairs100.v1@audit_v1.o8,student.h.cls~student.z.proj.out,132,0.8246263591544313,0.831093164513818,0.03148105789090577,1.0085221866350758,0.6881215650004853,0.7065181430323275
in1k.floorssl.s0.e27lmcb5.extL,in1k.pairs100.v1@audit_v1.o8,student.h.cls~student.z.proj.out,133,1.0254712112431288,0.9912542784682307,0.05416737715296597,1.2239931388954615,1.091654578466207,1.0765369905098154
in1k.floorssl.s0.e27lmcb5.extL,in1k.pairs100.v1@audit_v1.o8,student.h.cls~student.z.proj.out,134,0.9817078452254019,0.982148000908407,0.009879322822952605,1.081542783583116,0.9690912173791291,0.9738098530638185
in1k.floorssl.s0.e27lmcb5.extL,in1k.pairs100.v1@audit_v1.o8,student.h.cls~student.z.proj.out,135,0.9866975747482039,1.0050355410867882,0.017695482036523692,1.138059907413126,0.9994949811466223,0.9979974597426996
in1k.floorssl.s0.e27lmcb5.extL,in1k.pairs100.v1@audit_v1.o8,student.h.cls~student.z.proj.out,136,0.8347942701784863,0.8377668555245307,0.05108083341268228,1.063777548662449,0.7085943590141712,0.7241570679609761
in1k.floorssl.s0.e27lmcb5.extL,in1k.pairs100.v1@audit_v1.o8,student.h.cls~student.z.proj.out,137,0.8854036113878885,0.8772639517130956,0.03468244087818128,1.0634961746987575,0.8003484278886732,0.8058367520535992
in1k.floorssl.s0.e27lmcb5.extL,in1k.pairs100.v1@audit_v1.o8,student.h.cls~student.z.proj.out,138,1.0674704117408278,1.069777846291525,0.022002759052285947,1.2181111165052096,1.1660954468676477,1.161220577605907
in1k.floorssl.s0.e27lmcb5.extL,in1k.pairs100.v1@audit_v1.o8,student.h.cls~student.z.proj.out,139,0.886212867430001,0.853573699933553,0.08784179793500514,1.1499548699410371,0.8246384459476616,0.8280755953255649
in1k.floorssl.s0.e27lmcb5.extL,in1k.pairs100.v1@audit_v1.o8,student.h.cls~student.z.proj.out,140,0.9208979209102252,0.9133024156320714,0.051299887429040215,1.139797200183593,0.8716040618073787,0.875786299770127
in1k.floorssl.s0.e27lmcb5.extL,in1k.pairs100.v1@audit_v1.o8,student.h.cls~student.z.proj.out,141,0.8897755417345528,0.8885090894702716,0.036259895863485755,1.0789294031542003,0.8038581734056495,0.8153277817824018
in1k.floorssl.s0.e27lmcb5.extL,in1k.pairs100.v1@audit_v1.o8,student.h.cls~student.z.proj.out,142,0.9500957696754573,0.9184730235587335,0.044762031951257684,1.1300434183479329,0.9293816326381308,0.9268042496286206
in1k.floorssl.s0.e27lmcb5.extL,in1k.pairs100.v1@audit_v1.o8,student.h.cls~student.z.proj.out,143,0.9399501277308168,0.9545104481661866,0.017618289736378936,1.087244353918933,0.8980986427838061,0.9032199323691767
in1k.floorssl.s0.e27lmcb5.extL,in1k.pairs100.v1@audit_v1.o8,student.h.cls~student.z.proj.out,144,1.029405107766337,1.0409551817194913,0.015250669939046904,1.1644487845459006,1.0724563396176412,1.0746175275700138
in1k.floorssl.s0.e27lmcb5.extL,in1k.pairs100.v1@audit_v1.o8,student.h.cls~student.z.proj.out,145,0.7169432270904111,0.4435704806732663,0.39727043211152574,1.0738644058474867,0.6129062622398838,0.6284196603229253
in1k.floorssl.s0.e27lmcb5.extL,in1k.pairs100.v1@audit_v1.o8,student.h.cls~student.z.proj.out,146,0.9293548398806388,0.9245920188204265,0.022532091545803344,1.0746989525237147,0.8829076056276148,0.8814488960210931
in1k.floorssl.s0.e27lmcb5.extL,in1k.pairs100.v1@audit_v1.o8,student.h.cls~student.z.proj.out,147,0.7375880796545352,0.7139753968919046,0.1442425691652471,1.0937681945661721,0.5544112166214759,0.5993085760963808
in1k.floorssl.s0.e27lmcb5.extL,in1k.pairs100.v1@audit_v1.o8,student.h.cls~student.z.proj.out,148,0.9671188866047018,0.9398636717230425,0.07051188060505806,1.2054044042012408,0.9799223050189665,0.9733448988467751
in1k.floorssl.s0.e27lmcb5.extL,in1k.pairs100.v1@audit_v1.o8,student.h.cls~student.z.proj.out,149,0.8295339996381556,0.7540985955983717,0.16905311247545757,1.1652592849589398,0.7263996054093821,0.7397666276501631
in1k.floorssl.s0.e27lmcb5.extL,in1k.pairs100.v1@audit_v1.o8,student.h.cls~student.z.proj.out,150,1.0266802049251618,1.0360514635738798,0.0019520450015116197,1.080233416920372,1.0607123394682623,1.0627756866288103
in1k.floorssl.s0.e27lmcb5.extL,in1k.pairs100.v1@audit_v1.o8,student.h.cls~student.z.proj.out,151,1.0939310847115,1.1005081847078806,0.0024717535752325315,1.1502249180602695,1.2015231335685992,1.2026035866396974
in1k.floorssl.s0.e27lmcb5.extL,in1k.pairs100.v1@audit_v1.o8,student.h.cls~student.z.proj.out,152,1.03344433723035,1.023149154200499,0.036413267800627355,1.2139717624014859,1.0884924843700092,1.0925539963199884
in1k.floorssl.s0.e27lmcb5.extL,in1k.pairs100.v1@audit_v1.o8,student.h.cls~student.z.proj.out,153,0.8441347468092413,0.8323786089355535,0.03752262166106278,1.0260861763175813,0.719731966747928,0.7301262517352912
in1k.floorssl.s0.e27lmcb5.extL,in1k.pairs100.v1@audit_v1.o8,student.h.cls~student.z.proj.out,154,0.866064488564367,0.8684174775694996,0.00918508116125967,0.9642563066590689,0.7562065923481042,0.7635361847578147
in1k.floorssl.s0.e27lmcb5.extL,in1k.pairs100.v1@audit_v1.o8,student.h.cls~student.z.proj.out,155,1.0197769023989465,1.0243189194142386,0.013646865391967376,1.1411387182155008,1.046234229204491,1.050618097453946
in1k.floorssl.s0.e27lmcb5.extL,in1k.pairs100.v1@audit_v1.o8,student.h.cls~student.z.proj.out,156,0.9119099104354743,0.9215470705087275,0.022756590118728038,1.0723999462477338,0.8512833230378466,0.8536906998244236
in1k.floorssl.s0.e27lmcb5.extL,in1k.pairs100.v1@audit_v1.o8,student.h.cls~student.z.proj.out,157,0.8892312444728923,0.8785889799212911,0.028995111653128038,1.048868490295053,0.8030890856392878,0.8144784754704096
in1k.floorssl.s0.e27lmcb5.extL,in1k.pairs100.v1@audit_v1.o8,student.h.cls~student.z.proj.out,158,0.8790189488312753,0.8816132039018982,0.0023933469812320945,0.9305350495460692,0.7745554912256789,0.7800159065827799
in1k.floorssl.s0.e27lmcb5.extL,in1k.pairs100.v1@audit_v1.o8,student.h.cls~student.z.proj.out,159,1.1013216233592966,1.1046346928526023,0.005621586474730827,1.1796119325639363,1.2231886312843052,1.2210914811868412
in1k.floorssl.s0.e27lmcb5.extL,in1k.pairs100.v1@audit_v1.o8,student.h.cls~student.z.proj.out,160,0.8559363025968895,0.859955169888865,0.006643231729833722,0.9414611925487502,0.736122966628216,0.7438976570522157
in1k.floorssl.s0.e27lmcb5.extL,in1k.pairs100.v1@audit_v1.o8,student.h.cls~student.z.proj.out,161,0.8236314932720041,0.8250628201932394,0.006902481786793617,0.9081439960804019,0.6808551699907205,0.687206959032901
in1k.floorssl.s0.e27lmcb5.extL,in1k.pairs100.v1@audit_v1.o8,student.h.cls~student.z.proj.out,162,1.1529352128440244,1.1586612871328037,0.00433372454839266,1.224492317417865,1.3376142342096846,1.3366077698179775
in1k.floorssl.s0.e27lmcb5.extL,in1k.pairs100.v1@audit_v1.o8,student.h.cls~student.z.proj.out,163,1.0857156191635493,1.0874638593511436,0.006393267924785937,1.1674217728105751,1.1854813408267266,1.1860376179977448
in1k.floorssl.s0.e27lmcb5.extL,in1k.pairs100.v1@audit_v1.o8,student.h.cls~student.z.proj.out,164,1.2250202111389745,1.2423636724811575,0.0015592898095754082,1.281851516301445,1.5149422808668864,1.5078066569241353
in1k.floorssl.s0.e27lmcb5.extL,in1k.pairs100.v1@audit_v1.o8,student.h.cls~student.z.proj.out,165,0.8526168328501663,0.8537983331887748,0.0167315538534415,0.9831488409320439,0.7317843030761054,0.7408501773902075
in1k.floorssl.s0.e27lmcb5.extL,in1k.pairs100.v1@audit_v1.o8,student.h.cls~student.z.proj.out,166,0.7764322754542382,0.7790009798672611,0.006348167510301324,0.8586763682271639,0.6039361455697292,0.6132095148982443
in1k.floorssl.s0.e27lmcb5.extL,in1k.pairs100.v1@audit_v1.o8,student.h.cls~student.z.proj.out,167,0.8854419603151695,0.8831782500515268,0.013280401187266847,0.9984188730421496,0.7891044366850268,0.7973810523217687
in1k.floorssl.s0.e27lmcb5.extL,in1k.pairs100.v1@audit_v1.o8,student.h.cls~student.z.proj.out,168,0.8795413442885309,0.8786625107484037,0.011343219974700478,0.9851670645228808,0.7746987376013389,0.7863288653336723
in1k.floorssl.s0.e27lmcb5.extL,in1k.pairs100.v1@audit_v1.o8,student.h.cls~student.z.proj.out,169,1.0057455751391022,1.0085548871945946,0.0042665153152474005,1.0738734551155724,1.0164846321241863,1.0190627930773586
in1k.floorssl.s0.e27lmcb5.extL,in1k.pairs100.v1@audit_v1.o8,student.h.cls~student.z.proj.out,170,0.8309087609057466,0.8331434720452868,0.006279973894979267,0.9123897583619293,0.6904910228613221,0.6985027592962572
in1k.floorssl.s0.e27lmcb5.extL,in1k.pairs100.v1@audit_v1.o8,student.h.cls~student.z.proj.out,171,1.0722092097215725,1.0766136472106311,0.001822916146407277,1.1193092693094748,1.15380591356075,1.1571237432751194
in1k.floorssl.s0.e27lmcb5.extL,in1k.pairs100.v1@audit_v1.o8,student.h.cls~student.z.proj.out,172,1.0674217795913306,1.0739866606377917,0.005323763343606325,1.1469507843124191,1.146462414832787,1.147943776539916
in1k.floorssl.s0.e27lmcb5.extL,in1k.pairs100.v1@audit_v1.o8,student.h.cls~student.z.proj.out,173,0.9005006475575382,0.900644584515172,0.0070697243685394024,0.9847262374992767,0.8112124477136604,0.8203677255040519
in1k.floorssl.s0.e27lmcb5.extL,in1k.pairs100.v1@audit_v1.o8,student.h.cls~student.z.proj.out,174,0.9196847239287291,0.9347599852831926,0.012647493819762443,1.0472210621932172,0.8550427514990212,0.866833229304241
in1k.floorssl.s0.e27lmcb5.extL,in1k.pairs100.v1@audit_v1.o8,student.h.cls~student.z.proj.out,175,1.0840752366921318,1.0804843951002916,0.0070172048130457045,1.1642531530775095,1.1815085732445556,1.1827429324695025
in1k.floorssl.s0.e27lmcb5.extL,in1k.pairs100.v1@audit_v1.o8,student.h.cls~student.z.proj.out,176,0.8978991164181944,0.8958714966477547,0.008474286345066685,0.9879273837222199,0.8078768298828412,0.8166822810545139
in1k.floorssl.s0.e27lmcb5.extL,in1k.pairs100.v1@audit_v1.o8,student.h.cls~student.z.proj.out,177,1.019930816794817,1.0275792610635934,0.005255791534979019,1.1000760991669136,1.0492356312481705,1.0501597006475185
in1k.floorssl.s0.e27lmcb5.extL,in1k.pairs100.v1@audit_v1.o8,student.h.cls~student.z.proj.out,178,1.0565198119409172,1.063275624204913,0.004953436079416481,1.133656275519152,1.1285495923778126,1.126025774327133
in1k.floorssl.s0.e27lmcb5.extL,in1k.pairs100.v1@audit_v1.o8,student.h.cls~student.z.proj.out,179,1.0074192962142539,1.007279483685116,0.009171814047762463,1.1030490720091892,1.0187906866702632,1.0226399996660926
in1k.floorssl.s0.e27lmcb5.extL,in1k.pairs100.v1@audit_v1.o8,student.h.cls~student.z.proj.out,180,0.9523758621341958,0.9531423629594227,0.002980809796321096,1.0077391558718374,0.9083957891336704,0.9142804640999858
in1k.floorssl.s0.e27lmcb5.extL,in1k.pairs100.v1@audit_v1.o8,student.h.cls~student.z.proj.out,181,1.0816231704511636,1.0934693453276687,0.012352343090811103,1.2046104407461102,1.180815712202428,1.1819137292059592
in1k.floorssl.s0.e27lmcb5.extL,in1k.pairs100.v1@audit_v1.o8,student.h.cls~student.z.proj.out,182,0.9772606215906317,0.9900901152125651,0.005040970145483225,1.061089904969178,0.9649049397972024,0.9670760821573786
in1k.floorssl.s0.e27lmcb5.extL,in1k.pairs100.v1@audit_v1.o8,student.h.cls~student.z.proj.out,183,0.9446025147285121,0.9309998105060653,0.05645286363698809,1.1685979242127782,0.9122025842490941,0.9157494971023403
in1k.floorssl.s0.e27lmcb5.extL,in1k.pairs100.v1@audit_v1.o8,student.h.cls~student.z.proj.out,184,0.969596074691547,0.9730634645656158,0.0027935159326924744,1.0259171865981507,0.9436805148444416,0.9478770148342653
in1k.floorssl.s0.e27lmcb5.extL,in1k.pairs100.v1@audit_v1.o8,student.h.cls~student.z.proj.out,185,1.1193262813918254,1.124698292527604,0.007655994788751024,1.2121968341654565,1.264972874560699,1.262530966878432
in1k.floorssl.s0.e27lmcb5.extL,in1k.pairs100.v1@audit_v1.o8,student.h.cls~student.z.proj.out,186,0.9995003197088457,1.007714221562167,0.007604355745544865,1.0949171787685879,1.0068014268278265,1.0101594679496564
in1k.floorssl.s0.e27lmcb5.extL,in1k.pairs100.v1@audit_v1.o8,student.h.cls~student.z.proj.out,187,0.9831689407486754,0.9824937462553108,0.014680566471675746,1.1036571337602652,0.9778511199315129,0.9834087132757308
in1k.floorssl.s0.e27lmcb5.extL,in1k.pairs100.v1@audit_v1.o8,student.h.cls~student.z.proj.out,188,0.9624400075041667,0.9624849405226591,0.010908725162354046,1.0669297832022,0.9316634175838847,0.93557895815635
in1k.floorssl.s0.e27lmcb5.extL,in1k.pairs100.v1@audit_v1.o8,student.h.cls~student.z.proj.out,189,1.0905583662567282,1.0943901413698582,0.006319506020487758,1.173885462115722,1.193958639254417,1.1978854246350574
in1k.floorssl.s0.e27lmcb5.extL,in1k.pairs100.v1@audit_v1.o8,student.h.cls~student.z.proj.out,190,0.7603692509372697,0.7551807129226018,0.0354729530215201,0.9435233608319908,0.5792687435175817,0.597874144869837
in1k.floorssl.s0.e27lmcb5.extL,in1k.pairs100.v1@audit_v1.o8,student.h.cls~student.z.proj.out,191,1.0009116905435749,1.012739334345127,0.003547315805744243,1.0722986812668676,1.0100378394891254,1.012901997090583
in1k.floorssl.s0.e27lmcb5.extL,in1k.pairs100.v1@audit_v1.o8,student.h.cls~student.z.proj.out,192,0.8288843061047491,0.8263520232151819,0.004580240042759216,0.8940294939329858,0.6871212442967414,0.6942824583288245
in1k.floorssl.s0.e27lmcb5.extL,in1k.pairs100.v1@audit_v1.o8,student.h.cls~student.z.proj.out,193,0.9289979561980417,0.9292913631103017,0.0092150526969848,1.0252864291136374,0.8656895372682749,0.8747471277034906
in1k.floorssl.s0.e27lmcb5.extL,in1k.pairs100.v1@audit_v1.o8,student.h.cls~student.z.proj.out,194,0.9212542392543945,0.9204093931603855,0.009475235678431712,1.0177502154213038,0.8547328111576934,0.8604916147485457
in1k.floorssl.s0.e27lmcb5.extL,in1k.pairs100.v1@audit_v1.o8,student.h.cls~student.z.proj.out,195,0.8506836168909326,0.8580673915402159,0.006598798215228243,0.9393003787758719,0.7295181037964172,0.7361821908104703
in1k.floorssl.s0.e27lmcb5.extL,in1k.pairs100.v1@audit_v1.o8,student.h.cls~student.z.proj.out,196,0.996103263322359,1.0034811701056785,0.009986806284177382,1.1034151797529321,1.000145877587759,1.0031509082170227
in1k.floorssl.s0.e27lmcb5.extL,in1k.pairs100.v1@audit_v1.o8,student.h.cls~student.z.proj.out,197,0.8748564022601156,0.8768280545312894,0.007845503588801933,0.9654029019136131,0.7680614093762403,0.7751659640990649
in1k.floorssl.s0.e27lmcb5.extL,in1k.pairs100.v1@audit_v1.o8,student.h.cls~student.z.proj.out,198,0.9292538558937103,0.9372009071762986,0.00855228599205862,1.029679477624044,0.86729778612021,0.8739992450562829
in1k.floorssl.s0.e27lmcb5.extL,in1k.pairs100.v1@audit_v1.o8,student.h.cls~student.z.proj.out,199,1.0639820120328447,1.0646218682134712,0.012803207256344762,1.1777731265199733,1.13877481210078,1.141420551099025
in1k.floorssl.s0.e27lmcb5.extL,in1k.pairs100.v1@audit_v1.o8,student.h.cls~student.z.proj.out,200,1.037419138584529,1.0397050400755043,0.0133955784971304,1.1554443095441267,1.0826117179719645,1.0892633067112891
in1k.floorssl.s0.e27lmcb5.extL,in1k.pairs100.v1@audit_v1.o8,student.h.cls~student.z.proj.out,201,1.0735318919890564,1.0357041943049843,0.10407839095271694,1.3583160213552599,1.1801987235650748,1.1794629176086637
in1k.floorssl.s0.e27lmcb5.extL,in1k.pairs100.v1@audit_v1.o8,student.h.cls~student.z.proj.out,202,1.0673592905937963,1.0702078138975017,0.003759881925271311,1.1315256899637136,1.144131109799597,1.145893105272818
in1k.floorssl.s0.e27lmcb5.extL,in1k.pairs100.v1@audit_v1.o8,student.h.cls~student.z.proj.out,203,0.8889170674897987,0.8848824730936384,0.016401636766237564,1.0129513481813723,0.7944128779739147,0.8002335836101905
in1k.floorssl.s0.e27lmcb5.extL,in1k.pairs100.v1@audit_v1.o8,student.h.cls~student.z.proj.out,204,0.8726102613080613,0.8686849190665289,0.014338092352503877,0.98842669269839,0.7641032032272751,0.7720368024974402
in1k.floorssl.s0.e27lmcb5.extL,in1k.pairs100.v1@audit_v1.o8,student.h.cls~student.z.proj.out,205,1.0186727219402443,1.0202503188815253,0.006531802193447119,1.1010698845413773,1.0454566068306999,1.0461012489678658
in1k.floorssl.s0.e27lmcb5.extL,in1k.pairs100.v1@audit_v1.o8,student.h.cls~student.z.proj.out,206,0.9717507303504234,0.9484282011295191,0.03193446895112045,1.1271303806101298,0.9622604113494415,0.9621648903651324
in1k.floorssl.s0.e27lmcb5.extL,in1k.pairs100.v1@audit_v1.o8,student.h.cls~student.z.proj.out,207,0.9815313033305503,0.9903025183072027,0.0041284098790750874,1.054555221589439,0.9705717636924004,0.9745825045164068
in1k.floorssl.s0.e27lmcb5.extL,in1k.pairs100.v1@audit_v1.o8,student.h.cls~student.z.proj.out,208,1.138867804183703,1.1439108929380586,0.0026930225247486094,1.1958052329449285,1.3016475651466657,1.302989359457569
in1k.floorssl.s0.e27lmcb5.extL,in1k.pairs100.v1@audit_v1.o8,student.h.cls~student.z.proj.out,209,0.9586243549261696,0.9613252483943425,0.004370043395458184,1.0274315521441226,0.9193803295546273,0.9264743569823568
in1k.floorssl.s0.e27lmcb5.extL,in1k.pairs100.v1@audit_v1.o8,student.h.cls~student.z.proj.out,210,1.0074621791400127,1.0288554468927602,0.0069708754383032735,1.1123472155786809,1.0311614406331322,1.0321046886447085
in1k.floorssl.s0.e27lmcb5.extL,in1k.pairs100.v1@audit_v1.o8,student.h.cls~student.z.proj.out,211,1.0604493565263151,1.064623821825813,0.007360578026403004,1.1504176329452813,1.1340962528113048,1.1348049548596744
in1k.floorssl.s0.e27lmcb5.extL,in1k.pairs100.v1@audit_v1.o8,student.h.cls~student.z.proj.out,212,1.066836404629966,1.0771538329695016,0.0035785528591827376,1.1369748398080926,1.1449048508316,1.1480519614461273
in1k.floorssl.s0.e27lmcb5.extL,in1k.pairs100.v1@audit_v1.o8,student.h.cls~student.z.proj.out,213,0.9936702460201529,1.0066756519866527,0.00940027155216421,1.1036306495482235,1.000239042598486,1.0028472297724047
in1k.floorssl.s0.e27lmcb5.extL,in1k.pairs100.v1@audit_v1.o8,student.h.cls~student.z.proj.out,214,1.0229074640882663,1.02987115510441,0.004076077725737634,1.0937153226198348,1.0532726204208702,1.0543609252043047
in1k.floorssl.s0.e27lmcb5.extL,in1k.pairs100.v1@audit_v1.o8,student.h.cls~student.z.proj.out,215,0.9157704559738034,0.9263441840987761,0.013659556113048012,1.0432182877875231,0.8475508214682574,0.8533150733371303
in1k.floorssl.s0.e27lmcb5.extL,in1k.pairs100.v1@audit_v1.o8,student.h.cls~student.z.proj.out,216,1.0148387346535899,1.0270375746647735,0.00747384116392129,1.1134889550118872,1.041181104192198,1.041852377486242
in1k.floorssl.s0.e27lmcb5.extL,in1k.pairs100.v1@audit_v1.o8,student.h.cls~student.z.proj.out,217,1.00259676694356,1.0129931016190414,0.005644139188880157,1.088120587859965,1.0118601638346594,1.0173868330532267
in1k.floorssl.s0.e27lmcb5.extL,in1k.pairs100.v1@audit_v1.o8,student.h.cls~student.z.proj.out,218,0.9200689155958038,0.9298205353511066,0.008110500428971103,1.0198788521739914,0.854943061595649,0.8613902989052492
in1k.floorssl.s0.e27lmcb5.extL,in1k.pairs100.v1@audit_v1.o8,student.h.cls~student.z.proj.out,219,1.1129308967799714,1.1224935995944754,0.0022286075316529153,1.1697017295262246,1.2454158768204355,1.245803013734901
in1k.floorssl.s0.e27lmcb5.extL,in1k.pairs100.v1@audit_v1.o8,student.h.cls~student.z.proj.out,220,1.0088668946079322,1.0243145848473063,0.007977821040497083,1.1136332337426915,1.0321612189193046,1.0342015024338473
in1k.floorssl.s0.e27lmcb5.extL,in1k.pairs100.v1@audit_v1.o8,student.h.cls~student.z.proj.out,221,1.0583312062597174,1.0471088026801783,0.052382672608352165,1.2759814148651056,1.1512770367520553,1.1426680423789073
in1k.floorssl.s0.e27lmcb5.extL,in1k.pairs100.v1@audit_v1.o8,student.h.cls~student.z.proj.out,222,1.1194684907908645,1.120619458537886,0.009428609926082292,1.217720488017919,1.265875814123015,1.2635698062808718
in1k.floorssl.s0.e27lmcb5.extL,in1k.pairs100.v1@audit_v1.o8,student.h.cls~student.z.proj.out,223,0.939057448276719,0.9412961247604574,0.01110310273649383,1.046667386195888,0.890319629334284,0.8953590199698518
in1k.floorssl.s0.e27lmcb5.extL,in1k.pairs100.v1@audit_v1.o8,student.h.cls~student.z.proj.out,224,1.289541163729898,1.2819635977619408,0.015200930438795841,1.4052556511911698,1.6842094861138348,1.6732835922116378
in1k.floorssl.s0.e27lmcb5.extL,in1k.pairs100.v1@audit_v1.o8,student.h.cls~student.z.proj.out,225,0.9344347188024625,0.9383701688066837,0.004152203477562234,1.002807762473442,0.8751808834108445,0.8834781191750131
in1k.floorssl.s0.e27lmcb5.extL,in1k.pairs100.v1@audit_v1.o8,student.h.cls~student.z.proj.out,226,1.0085344651595713,1.0099438728031478,0.007624709164906291,1.0972634534532304,1.0195078486482836,1.024590047938543
in1k.floorssl.s0.e27lmcb5.extL,in1k.pairs100.v1@audit_v1.o8,student.h.cls~student.z.proj.out,227,1.0696722317641,1.0723225902744884,0.006436349094886545,1.1525494504578868,1.148504953000473,1.150925272112529
in1k.floorssl.s0.e27lmcb5.extL,in1k.pairs100.v1@audit_v1.o8,student.h.cls~student.z.proj.out,228,0.9652775956770566,0.8037287894973097,0.280380388959564,1.3332383634991063,0.9949872271246224,0.9993948165907971
in1k.floorssl.s0.e27lmcb5.extL,in1k.pairs100.v1@audit_v1.o8,student.h.cls~student.z.proj.out,229,1.1758994637523406,1.1823107576143255,0.004990145098721633,1.2529517166871016,1.3926274814473596,1.390209399895493
in1k.floorssl.s0.e27lmcb5.extL,in1k.pairs100.v1@audit_v1.o8,student.h.cls~student.z.proj.out,230,0.9300262706937709,0.9316040068959452,0.017852813937314166,1.0652184295355471,0.8760033447689594,0.8796196247662302
in1k.floorssl.s0.e27lmcb5.extL,in1k.pairs100.v1@audit_v1.o8,student.h.cls~student.z.proj.out,231,1.138324725421426,1.1330267456833565,0.027641828248236227,1.2992850635150854,1.3119844685701956,1.3128074780069716
in1k.floorssl.s0.e27lmcb5.extL,in1k.pairs100.v1@audit_v1.o8,student.h.cls~student.z.proj.out,232,0.8356980215383063,0.8373588517458259,0.01100326822931097,0.9422553160776181,0.7033104305920418,0.7135608898321473
in1k.floorssl.s0.e27lmcb5.extL,in1k.pairs100.v1@audit_v1.o8,student.h.cls~student.z.proj.out,233,0.8755236625174831,0.8759782975099147,0.01254416946844776,0.9879790540629299,0.7685114071056554,0.779120019713504
in1k.floorssl.s0.e27lmcb5.extL,in1k.pairs100.v1@audit_v1.o8,student.h.cls~student.z.proj.out,234,0.9319815124007423,0.9373936440120032,0.017118622925816517,1.0682317994782757,0.878826768975641,0.8860161496052896
in1k.floorssl.s0.e27lmcb5.extL,in1k.pairs100.v1@audit_v1.o8,student.h.cls~student.z.proj.out,235,0.8928204702040261,0.9007659707329835,0.0063371831142818935,0.9803723970708231,0.8014751381033838,0.8100765360429082
in1k.floorssl.s0.e27lmcb5.extL,in1k.pairs100.v1@audit_v1.o8,student.h.cls~student.z.proj.out,236,1.0800086626443444,1.086961712135001,0.01336040802558682,1.202548943374385,1.1765503497697134,1.1827850594186966
in1k.floorssl.s0.e27lmcb5.extL,in1k.pairs100.v1@audit_v1.o8,student.h.cls~student.z.proj.out,237,0.8465988366425597,0.8510424839500053,0.011653742404000095,0.9589949846343344,0.7183594849426094,0.728923056222219
in1k.floorssl.s0.e27lmcb5.extL,in1k.pairs100.v1@audit_v1.o8,student.h.cls~student.z.proj.out,238,0.8781446886922448,0.8822826141414482,0.011740494644399755,0.9906361772780601,0.7797216924301913,0.7847590717344527
in1k.floorssl.s0.e27lmcb5.extL,in1k.pairs100.v1@audit_v1.o8,student.h.cls~student.z.proj.out,239,0.8449703980168891,0.846372333396076,0.011310539362937059,0.9527233529630602,0.7210745130648444,0.7301859226055646
in1k.floorssl.s0.e27lmcb5.extL,in1k.pairs100.v1@audit_v1.o8,student.h.cls~student.z.proj.out,240,1.1935180675301005,1.1916916644141577,0.019272580521260674,1.3305173843700098,1.452034195796842,1.4394228537871587
in1k.floorssl.s0.e27lmcb5.extL,in1k.pairs100.v1@audit_v1.o8,student.h.cls~student.z.proj.out,241,0.9295652582908689,0.9364972963035155,0.02094831789672166,1.0812326337188187,0.8752813000025994,0.8810705358750606
in1k.floorssl.s0.e27lmcb5.extL,in1k.pairs100.v1@audit_v1.o8,student.h.cls~student.z.proj.out,242,0.9251946714327609,0.9263349517447558,0.0050215866656343755,0.9971981062443571,0.8605207916285017,0.8648672330567678
in1k.floorssl.s0.e27lmcb5.extL,in1k.pairs100.v1@audit_v1.o8,student.h.cls~student.z.proj.out,243,0.9117440573693854,0.9223809168619929,0.011149931246427462,1.0279741517136038,0.8422685408051501,0.8511035295853612
in1k.floorssl.s0.e27lmcb5.extL,in1k.pairs100.v1@audit_v1.o8,student.h.cls~student.z.proj.out,244,1.0858791525984228,1.0907436113203177,0.023775584709082732,1.2449369468088618,1.1986364441676836,1.1953740535027675
in1k.floorssl.s0.e27lmcb5.extL,in1k.pairs100.v1@audit_v1.o8,student.h.cls~student.z.proj.out,245,0.9311927648224124,0.9363357791921382,0.0035024538153628766,0.9955173119144568,0.8703672850889749,0.8749581660363859
in1k.floorssl.s0.e27lmcb5.extL,in1k.pairs100.v1@audit_v1.o8,student.h.cls~student.z.proj.out,246,0.8480986389241058,0.8491145486275856,0.009007169873572196,0.9440206594612521,0.719032141500003,0.728186917081312
in1k.floorssl.s0.e27lmcb5.extL,in1k.pairs100.v1@audit_v1.o8,student.h.cls~student.z.proj.out,247,0.9428425927204674,0.9521185449001155,0.005568461904487836,1.0267406723455845,0.8954016745849385,0.8998115947138978
in1k.floorssl.s0.e27lmcb5.extL,in1k.pairs100.v1@audit_v1.o8,student.h.cls~student.z.proj.out,248,0.8601036746291697,0.8449975277543693,0.038857530095783105,1.0421206621038999,0.7578442124669261,0.7639397983472895
in1k.floorssl.s0.e27lmcb5.extL,in1k.pairs100.v1@audit_v1.o8,student.h.cls~student.z.proj.out,249,0.9150796601143145,0.9199266518101876,0.0204389799165858,1.0628916122605925,0.8484131576102604,0.8586388238409156
in1k.floorssl.s0.e27lmcb5.extL,in1k.pairs100.v1@audit_v1.o8,student.h.cls~student.z.proj.out,250,0.9986185488029279,1.004267368883632,0.04417035532359775,1.2144348148013997,1.0173249822065613,1.0259291098041166
in1k.floorssl.s0.e27lmcb5.extL,in1k.pairs100.v1@audit_v1.o8,student.h.cls~student.z.proj.out,251,0.8574218831142447,0.7407080001220986,0.21968082859470087,1.2094092147510995,0.7881302672326732,0.8011822624086038
in1k.floorssl.s0.e27lmcb5.extL,in1k.pairs100.v1@audit_v1.o8,student.h.cls~student.z.proj.out,252,0.9115666823287508,0.9110567425209505,0.026611678181476528,1.074187604657692,0.8402142749292044,0.849507746547072
in1k.floorssl.s0.e27lmcb5.extL,in1k.pairs100.v1@audit_v1.o8,student.h.cls~student.z.proj.out,253,0.9818829096225979,0.9888423144051512,0.003507720680247819,1.0480683279485918,0.9706468845387036,0.9727413142869682
in1k.floorssl.s0.e27lmcb5.extL,in1k.pairs100.v1@audit_v1.o8,student.h.cls~student.z.proj.out,254,0.8387297371318285,0.8462060946922301,0.0036164659346446058,0.9063431542698699,0.707868448953303,0.7196706975461667
in1k.floorssl.s0.e27lmcb5.extL,in1k.pairs100.v1@audit_v1.o8,student.h.cls~student.z.proj.out,255,0.7910463357182937,0.7810368037267283,0.03084071660271717,0.9566520553500346,0.6353703745195504,0.6452189318923673
in1k.floorssl.s0.e27lmcb5.extL,in1k.pairs100.v1@audit_v1.o8,student.h.cls~student.z.proj.out,256,1.1023994045121626,1.1004087032056866,0.01559654656664885,1.2252948376107873,1.2236422357788777,1.2253331508662775
in1k.floorssl.s0.e27lmcb5.extL,in1k.pairs100.v1@audit_v1.o8,student.h.cls~student.z.proj.out,257,0.944218663468707,0.9478263207355179,0.008125572753658402,1.0379682796317966,0.8962343493899042,0.9009128722133755
in1k.floorssl.s0.e27lmcb5.extL,in1k.pairs100.v1@audit_v1.o8,student.h.cls~student.z.proj.out,258,0.9967294504797726,0.9924849180447682,0.01879320186844007,1.129573217576275,1.010579930784655,1.0086390651279447
in1k.floorssl.s0.e27lmcb5.extL,in1k.pairs100.v1@audit_v1.o8,student.h.cls~student.z.proj.out,259,0.9946683784134582,0.9893093773207068,0.028344840747768118,1.1576686382711163,1.0079831558114745,1.0080734535584845
in1k.floorssl.s0.e27lmcb5.extL,in1k.pairs100.v1@audit_v1.o8,student.h.cls~student.z.proj.out,260,0.8608322614437727,0.8692423947253334,0.028647284614657084,1.0384974821367818,0.7513340556975089,0.7685005599572942
in1k.floorssl.s0.e27lmcb5.extL,in1k.pairs100.v1@audit_v1.o8,student.h.cls~student.z.proj.out,261,1.0613431659482395,1.011804291213973,0.08752024092150586,1.307642491792441,1.1730925254179,1.1642254478176037
in1k.floorssl.s0.e27lmcb5.extL,in1k.pairs100.v1@audit_v1.o8,student.h.cls~student.z.proj.out,262,0.890564118597496,0.8979088223528833,0.005495652197424576,0.9720414885495376,0.7987870520096333,0.8027310767556378
in1k.floorssl.s0.e27lmcb5.extL,in1k.pairs100.v1@audit_v1.o8,student.h.cls~student.z.proj.out,263,1.002847619751186,1.0116304867342951,0.003841426685073582,1.0736097307202748,1.0132730774343122,1.0165077920382917
in1k.floorssl.s0.e27lmcb5.extL,in1k.pairs100.v1@audit_v1.o8,student.h.cls~student.z.proj.out,264,0.9927503982980895,0.9963729874532662,0.0029263676394480137,1.0504688989387752,0.987836097756066,0.992507909995289
in1k.floorssl.s0.e27lmcb5.extL,in1k.pairs100.v1@audit_v1.o8,student.h.cls~student.z.proj.out,265,0.935526890083907,0.939426633712695,0.010106388902935588,1.039957170878949,0.8766707605171915,0.8861290964331103
in1k.floorssl.s0.e27lmcb5.extL,in1k.pairs100.v1@audit_v1.o8,student.h.cls~student.z.proj.out,266,1.1773855884412883,1.1867244514974122,0.008859857024784572,1.2808512650246138,1.3964876828259714,1.3950003846865966
in1k.floorssl.s0.e27lmcb5.extL,in1k.pairs100.v1@audit_v1.o8,student.h.cls~student.z.proj.out,267,1.008477710194638,1.0147866058187685,0.005169194043692906,1.08668371315761,1.0212013320928945,1.0245275356269454
in1k.floorssl.s0.e27lmcb5.extL,in1k.pairs100.v1@audit_v1.o8,student.h.cls~student.z.proj.out,268,1.2260287963169416,1.2392536677456754,0.003260476751357384,1.2963542522554454,1.517470381641167,1.511966840017607
in1k.floorssl.s0.e27lmcb5.extL,in1k.pairs100.v1@audit_v1.o8,student.h.cls~student.z.proj.out,269,1.0568625597008214,1.0645820291702695,0.010165572164348742,1.1654064913029718,1.127263304804095,1.1257430468276515
in1k.floorssl.s0.e27lmcb5.extL,in1k.pairs100.v1@audit_v1.o8,student.h.cls~student.z.proj.out,270,0.8931718968878987,0.8904525526828967,0.04469537013136916,1.1018653482544258,0.8079072054870285,0.82306832454672
in1k.floorssl.s0.e27lmcb5.extL,in1k.pairs100.v1@audit_v1.o8,student.h.cls~student.z.proj.out,271,0.9243296616668559,0.9258629604814098,0.009253640958970579,1.0220588073718582,0.8599858575441798,0.8661128665522846
in1k.floorssl.s0.e27lmcb5.extL,in1k.pairs100.v1@audit_v1.o8,student.h.cls~student.z.proj.out,272,0.928080311694363,0.9290217072782654,0.011806643022600144,1.0376800848779708,0.8646385946990541,0.876909668257123
in1k.floorssl.s0.e27lmcb5.extL,in1k.pairs100.v1@audit_v1.o8,student.h.cls~student.z.proj.out,273,1.0309070644476632,1.035227562224066,0.0028658309098755818,1.0887610182107252,1.0656834394255816,1.0708279229168016
in1k.floorssl.s0.e27lmcb5.extL,in1k.pairs100.v1@audit_v1.o8,student.h.cls~student.z.proj.out,274,0.8774228711708064,0.8806258192505901,0.007674409849554257,0.9682295283590192,0.7728297615925355,0.7829714070919521
in1k.floorssl.s0.e27lmcb5.extL,in1k.pairs100.v1@audit_v1.o8,student.h.cls~student.z.proj.out,275,1.0243921903470208,1.0577582041330558,0.015302340517253217,1.1814608335200385,1.0836687770686433,1.0779197593241217
in1k.floorssl.s0.e27lmcb5.extL,in1k.pairs100.v1@audit_v1.o8,student.h.cls~student.z.proj.out,276,0.8786328028692448,0.8911464874342644,0.012870624893721452,1.004595263953544,0.7827675168156524,0.7914999363594988
in1k.floorssl.s0.e27lmcb5.extL,in1k.pairs100.v1@audit_v1.o8,student.h.cls~student.z.proj.out,277,0.9798755916854595,0.9866297578883553,0.013145555307498941,1.1012838258820332,0.9767235107664122,0.9749109633638433
in1k.floorssl.s0.e27lmcb5.extL,in1k.pairs100.v1@audit_v1.o8,student.h.cls~student.z.proj.out,278,0.9749331948767658,0.9771288880157205,0.013569093186016927,1.0936153386699359,0.9591809869534395,0.9652323093231562
in1k.floorssl.s0.e27lmcb5.extL,in1k.pairs100.v1@audit_v1.o8,student.h.cls~student.z.proj.out,279,0.8481138192532677,0.8410717793480857,0.02896605972344643,1.0112659617499717,0.7263350988004157,0.7409693244098594
in1k.floorssl.s0.e27lmcb5.extL,in1k.pairs100.v1@audit_v1.o8,student.h.cls~student.z.proj.out,280,1.1006440046517745,1.1112539685639915,0.007616841962225998,1.1985284892571813,1.22228408580564,1.2255283926839875
in1k.floorssl.s0.e27lmcb5.extL,in1k.pairs100.v1@audit_v1.o8,student.h.cls~student.z.proj.out,281,0.9560860430324066,0.924691000842907,0.09813536309735381,1.237956643863896,0.9457571448252255,0.9547514822161202
in1k.floorssl.s0.e27lmcb5.extL,in1k.pairs100.v1@audit_v1.o8,student.h.cls~student.z.proj.out,282,0.9649380115248773,0.9532916210303181,0.05426833145539865,1.1862472637080577,0.9513132268659225,0.9597300485184896
in1k.floorssl.s0.e27lmcb5.extL,in1k.pairs100.v1@audit_v1.o8,student.h.cls~student.z.proj.out,283,0.9068902330083563,0.9064600012392793,0.026509807799480933,1.069278328830128,0.8428507738047252,0.8467570142748608
in1k.floorssl.s0.e27lmcb5.extL,in1k.pairs100.v1@audit_v1.o8,student.h.cls~student.z.proj.out,284,0.927896425636892,0.9468862040178945,0.006190958100249677,1.0255688456884031,0.8761179772826064,0.8812068643084975
in1k.floorssl.s0.e27lmcb5.extL,in1k.pairs100.v1@audit_v1.o8,student.h.cls~student.z.proj.out,285,0.9961841901725681,0.9501263129032036,0.0830380599024255,1.2382895650753456,1.0369780257667762,1.0303525042171866
in1k.floorssl.s0.e27lmcb5.extL,in1k.pairs100.v1@audit_v1.o8,student.h.cls~student.z.proj.out,286,0.9325511213362458,0.9398037013124954,0.01946594691532413,1.0793241188696547,0.8824223506656199,0.8901586133609565
in1k.floorssl.s0.e27lmcb5.extL,in1k.pairs100.v1@audit_v1.o8,student.h.cls~student.z.proj.out,287,1.1852549358267506,1.1941871519671672,0.00994883618218431,1.293931004821287,1.4233134883949181,1.416937692501071
in1k.floorssl.s0.e27lmcb5.extL,in1k.pairs100.v1@audit_v1.o8,student.h.cls~student.z.proj.out,288,0.8598286628529926,0.8333129925374806,0.05307487859076896,1.0636928497098666,0.7623415326920715,0.7680492088219079
in1k.floorssl.s0.e27lmcb5.extL,in1k.pairs100.v1@audit_v1.o8,student.h.cls~student.z.proj.out,289,0.868373879205697,0.5626497638603445,0.47258562447186786,1.250098397921005,0.8517694892268849,0.8387201373770751
in1k.floorssl.s0.e27lmcb5.extL,in1k.pairs100.v1@audit_v1.o8,student.h.cls~student.z.proj.out,290,0.8107193700293641,0.7317420504414147,0.13254829853335057,1.0958138819985273,0.6970734087709236,0.7066179908916239
in1k.floorssl.s0.e27lmcb5.extL,in1k.pairs100.v1@audit_v1.o8,student.h.cls~student.z.proj.out,291,0.9555740204790167,0.9652343705195492,0.031759903506416144,1.1434474550740121,0.9348958374367451,0.9463108327054777
in1k.floorssl.s0.e27lmcb5.extL,in1k.pairs100.v1@audit_v1.o8,student.h.cls~student.z.proj.out,292,0.7370048121000006,0.4758584543217723,0.2699749671549576,0.9954496081677146,0.6456693066305137,0.6415788816181376
in1k.floorssl.s0.e27lmcb5.extL,in1k.pairs100.v1@audit_v1.o8,student.h.cls~student.z.proj.out,293,1.0041092897756017,1.0053269486739032,0.04034655734081333,1.2061914735179218,1.0408087783376143,1.0373236666947339
in1k.floorssl.s0.e27lmcb5.extL,in1k.pairs100.v1@audit_v1.o8,student.h.cls~student.z.proj.out,294,0.920341086770887,0.9324784761298316,0.0058462821677195305,1.0089394607410667,0.8556328903274384,0.8626568373585731
in1k.floorssl.s0.e27lmcb5.extL,in1k.pairs100.v1@audit_v1.o8,student.h.cls~student.z.proj.out,295,1.0174527155919846,1.0265026333834806,0.012073757035470752,1.1363832824326683,1.044300511970459,1.0512068169678594
in1k.floorssl.s0.e27lmcb5.extL,in1k.pairs100.v1@audit_v1.o8,student.h.cls~student.z.proj.out,296,1.0288471971489546,1.0463357902359114,0.029003598453928487,1.216640218991973,1.0877746621208932,1.0874077222483371
in1k.floorssl.s0.e27lmcb5.extL,in1k.pairs100.v1@audit_v1.o8,student.h.cls~student.z.proj.out,297,0.9014540614985679,0.8987546689135103,0.035790860135331025,1.0879393938130937,0.838009005565795,0.843573152075379
in1k.floorssl.s0.e27lmcb5.extL,in1k.pairs100.v1@audit_v1.o8,student.h.cls~student.z.proj.out,298,0.9427335823582859,0.9484777800325207,0.0067749365904408426,1.0307877830117507,0.8954105447950436,0.8998915982106036
in1k.floorssl.s0.e27lmcb5.extL,in1k.pairs100.v1@audit_v1.o8,student.h.cls~student.z.proj.out,299,0.9320859631725914,0.9454901923603263,0.01958236063888709,1.085427180461711,0.8903031742353833,0.8915402744190992
in1k.floorssl.s0.e27lmcb5.extL,in1k.pairs100.v1@audit_v1.o8,student.h.cls~student.z.proj.out,300,0.7979047558184234,0.6853421175407574,0.15228421890515845,1.0755782241546359,0.6927825420020784,0.6971849487039229
in1k.floorssl.s0.e27lmcb5.extL,in1k.pairs100.v1@audit_v1.o8,student.h.cls~student.z.proj.out,301,1.0363531223897136,1.0491236885185786,0.005527330692297266,1.1234697085351018,1.0847542218095279,1.0884903779069
in1k.floorssl.s0.e27lmcb5.extL,in1k.pairs100.v1@audit_v1.o8,student.h.cls~student.z.proj.out,302,0.9163247423361809,0.9370646443612999,0.026040072448792837,1.0984340108742563,0.8537208135755472,0.8622353827250342
in1k.floorssl.s0.e27lmcb5.extL,in1k.pairs100.v1@audit_v1.o8,student.h.cls~student.z.proj.out,303,1.0003176509142102,1.0040536641045548,0.010280009416588942,1.1054440453869474,1.0060746891157424,1.0097200897745457
in1k.floorssl.s0.e27lmcb5.extL,in1k.pairs100.v1@audit_v1.o8,student.h.cls~student.z.proj.out,304,0.914180722513885,0.9079493756342536,0.024707290129994564,1.0651349033713662,0.8501606648701626,0.8581045156987781
in1k.floorssl.s0.e27lmcb5.extL,in1k.pairs100.v1@audit_v1.o8,student.h.cls~student.z.proj.out,305,0.9285110628507858,0.9409266896266336,0.014498419764342727,1.0613360736643518,0.8761022705170037,0.8844482395265024
in1k.floorssl.s0.e27lmcb5.extL,in1k.pairs100.v1@audit_v1.o8,student.h.cls~student.z.proj.out,306,0.9152347585943501,0.9303754502350468,0.00806161851031359,1.020161966540746,0.8474580708795852,0.8558924975009684
in1k.floorssl.s0.e27lmcb5.extL,in1k.pairs100.v1@audit_v1.o8,student.h.cls~student.z.proj.out,307,0.9037631876336302,0.9094600194898541,0.014454485239366264,1.0296868269803896,0.821541734859273,0.8330633049399765
in1k.floorssl.s0.e27lmcb5.extL,in1k.pairs100.v1@audit_v1.o8,student.h.cls~student.z.proj.out,308,0.8876242699249193,0.8925699457254004,0.01384273164602231,1.010225084355306,0.7924716006810205,0.8038403632228436
in1k.floorssl.s0.e27lmcb5.extL,in1k.pairs100.v1@audit_v1.o8,student.h.cls~student.z.proj.out,309,1.0980244422892886,1.1344411148480515,0.011915720453687184,1.2436002667945887,1.2437171592697533,1.2323385480844635
in1k.floorssl.s0.e27lmcb5.extL,in1k.pairs100.v1@audit_v1.o8,student.h.cls~student.z.proj.out,310,1.0517521738591142,1.053897328056303,0.003162389272586835,1.1101324529569099,1.1081750906004175,1.1126856691164504
in1k.floorssl.s0.e27lmcb5.extL,in1k.pairs100.v1@audit_v1.o8,student.h.cls~student.z.proj.out,311,0.8777953129624784,0.883299442194694,0.005395757200209733,0.9567552602094009,0.772966815597122,0.7807417718474396
in1k.floorssl.s0.e27lmcb5.extL,in1k.pairs100.v1@audit_v1.o8,student.h.cls~student.z.proj.out,312,0.9083434275098753,0.9136702031538101,0.004370975044543045,0.9797835531259832,0.828794153830038,0.832386174510787
in1k.floorssl.s0.e27lmcb5.extL,in1k.pairs100.v1@audit_v1.o8,student.h.cls~student.z.proj.out,313,1.001699206377295,1.0126563370386168,0.0043031884532985665,1.0782550295049957,1.0116702328657163,1.0170064067370614
in1k.floorssl.s0.e27lmcb5.extL,in1k.pairs100.v1@audit_v1.o8,student.h.cls~student.z.proj.out,314,1.0328489433607722,1.0373299991926193,0.008835439309463141,1.131327016748833,1.0690222442919,1.0766113203012133
in1k.floorssl.s0.e27lmcb5.extL,in1k.pairs100.v1@audit_v1.o8,student.h.cls~student.z.proj.out,315,0.9398818417479597,0.9548367250749298,0.00552693180042129,1.0291800623716996,0.8921975179433524,0.8986302741841706
in1k.floorssl.s0.e27lmcb5.extL,in1k.pairs100.v1@audit_v1.o8,student.h.cls~student.z.proj.out,316,0.9278436212940993,0.9348337137461669,0.0032419535693519875,0.9917718694008066,0.8649875530741093,0.8722045834475971
in1k.floorssl.s0.e27lmcb5.extL,in1k.pairs100.v1@audit_v1.o8,student.h.cls~student.z.proj.out,317,1.1505652398397777,1.1393941952575046,0.014343163630815572,1.259157142911675,1.354144596851673,1.3372052309252536
in1k.floorssl.s0.e27lmcb5.extL,in1k.pairs100.v1@audit_v1.o8,student.h.cls~student.z.proj.out,318,0.8524976067478135,0.8627860829760428,0.012870815799288645,0.9762357008656093,0.7386631257079141,0.745981975720939
in1k.floorssl.s0.e27lmcb5.extL,in1k.pairs100.v1@audit_v1.o8,student.h.cls~student.z.proj.out,319,1.0377320643572445,1.048061772248517,0.02061012976392331,1.1916240575602357,1.1076789822650406,1.095826714789869
in1k.floorssl.s0.e27lmcb5.extL,in1k.pairs100.v1@audit_v1.o8,student.h.cls~student.z.proj.out,320,0.936370123681736,0.9452679765105647,0.07018027772984128,1.2101835814300208,0.9108074892679388,0.922491338717248
in1k.floorssl.s0.e27lmcb5.extL,in1k.pairs100.v1@audit_v1.o8,student.h.cls~student.z.proj.out,321,0.8387701739056416,0.6315877762895501,0.31010462502264363,1.1884581606903042,0.8188309434002382,0.7980456784357548
in1k.floorssl.s0.e27lmcb5.extL,in1k.pairs100.v1@audit_v1.o8,student.h.cls~student.z.proj.out,322,0.7780172048126605,0.6496717436641803,0.23170763810557618,1.1310319394693344,0.6597006061354025,0.6681446959110138
in1k.floorssl.s0.e27lmcb5.extL,in1k.pairs100.v1@audit_v1.o8,student.h.cls~student.z.proj.out,323,0.7900458972425559,0.486953132119868,0.4092199010502049,1.126656110892208,0.7632125320586656,0.7395560698208508
in1k.floorssl.s0.e27lmcb5.extL,in1k.pairs100.v1@audit_v1.o8,student.h.cls~student.z.proj.out,324,0.8154661043111735,0.774941047751467,0.1453016892610411,1.1561256346133195,0.7040998603414718,0.72224707571404
in1k.floorssl.s0.e27lmcb5.extL,in1k.pairs100.v1@audit_v1.o8,student.h.cls~student.z.proj.out,325,0.9250559373442514,0.8384398679346049,0.1277261486440206,1.1958278205071848,0.921902743572028,0.9038289788744878
in1k.floorssl.s0.e27lmcb5.extL,in1k.pairs100.v1@audit_v1.o8,student.h.cls~student.z.proj.out,326,0.8795764999813206,0.8927639774920879,0.06442557125866306,1.1465859057383745,0.8191155840403577,0.8206012145507072
in1k.floorssl.s0.e27lmcb5.extL,in1k.pairs100.v1@audit_v1.o8,student.h.cls~student.z.proj.out,327,1.0741072833603906,1.0877095849823288,0.0066743486920865435,1.1694062721372347,1.168936717386047,1.1707626581865251
in1k.floorssl.s0.e27lmcb5.extL,in1k.pairs100.v1@audit_v1.o8,student.h.cls~student.z.proj.out,328,0.9384893634276334,0.8865234565480962,0.15377223010054417,1.278661480846358,0.9078415243664909,0.931246171606466
in1k.floorssl.s0.e27lmcb5.extL,in1k.pairs100.v1@audit_v1.o8,student.h.cls~student.z.proj.out,329,0.9509214368932821,0.9458563525748889,0.02367750989305291,1.099731333949552,0.9137184489232485,0.9196889617812611
in1k.floorssl.s0.e27lmcb5.extL,in1k.pairs100.v1@audit_v1.o8,student.h.cls~student.z.proj.out,330,0.8688093948294718,0.884446549740036,0.015552623189781529,1.0091567064626603,0.7695708114023213,0.775014305021506
in1k.floorssl.s0.e27lmcb5.extL,in1k.pairs100.v1@audit_v1.o8,student.h.cls~student.z.proj.out,331,0.8661222385605833,0.8764169739301757,0.013589428667307174,0.9929906788009877,0.7578036552985649,0.766312310864132
in1k.floorssl.s0.e27lmcb5.extL,in1k.pairs100.v1@audit_v1.o8,student.h.cls~student.z.proj.out,332,0.8833688054843801,0.8750326874570555,0.02528467530749363,1.0340442446077658,0.7955374743901981,0.8015476440567957
in1k.floorssl.s0.e27lmcb5.extL,in1k.pairs100.v1@audit_v1.o8,student.h.cls~student.z.proj.out,333,0.9249859178480333,0.929079697454827,0.04327643136000628,1.137109578385443,0.8717916718345577,0.8863216910049474
in1k.floorssl.s0.e27lmcb5.extL,in1k.pairs100.v1@audit_v1.o8,student.h.cls~student.z.proj.out,334,0.877905255891625,0.8921826834003799,0.052932493678422364,1.122253310987698,0.7895269183665018,0.8103657066652471
in1k.floorssl.s0.e27lmcb5.extL,in1k.pairs100.v1@audit_v1.o8,student.h.cls~student.z.proj.out,335,0.9255381962860326,0.931234528821012,0.00801108053440269,1.0207391685577467,0.862588535894145,0.8698645580101111
in1k.floorssl.s0.e27lmcb5.extL,in1k.pairs100.v1@audit_v1.o8,student.h.cls~student.z.proj.out,336,1.037505857011653,1.048534948625935,0.00509511148012296,1.1199149982205028,1.086451898809526,1.0888046834546283
in1k.floorssl.s0.e27lmcb5.extL,in1k.pairs100.v1@audit_v1.o8,student.h.cls~student.z.proj.out,337,0.9597903243393329,0.9702669620245249,0.0062881093350688165,1.0495645618310059,0.9290583780380155,0.9356337114786211
in1k.floorssl.s0.e27lmcb5.extL,in1k.pairs100.v1@audit_v1.o8,student.h.cls~student.z.proj.out,338,1.0163142320560743,1.025708749499263,0.01053597681062015,1.1283536559029426,1.0444831141071722,1.0471053678243718
in1k.floorssl.s0.e27lmcb5.extL,in1k.pairs100.v1@audit_v1.o8,student.h.cls~student.z.proj.out,339,0.8312040223090926,0.7597801073595227,0.1962409263470088,1.20277099479064,0.7177518849224312,0.7511410991652663
in1k.floorssl.s0.e27lmcb5.extL,in1k.pairs100.v1@audit_v1.o8,student.h.cls~student.z.proj.out,340,0.7056824029810215,0.3861156415972688,0.395828556804377,1.0152647151914187,0.630875589095882,0.6250113574921857
in1k.floorssl.s0.e27lmcb5.extL,in1k.pairs100.v1@audit_v1.o8,student.h.cls~student.z.proj.out,341,0.9739260591459094,0.9793455618782182,0.0028626355525916527,1.032849165052132,0.9510522696805371,0.955147886819285
in1k.floorssl.s0.e27lmcb5.extL,in1k.pairs100.v1@audit_v1.o8,student.h.cls~student.z.proj.out,342,1.1955157224532498,1.2065128876258893,0.0053865125475963845,1.2799057520446895,1.4437405280240072,1.4389151488627578
in1k.floorssl.s0.e27lmcb5.extL,in1k.pairs100.v1@audit_v1.o8,student.h.cls~student.z.proj.out,343,0.962795953246347,0.9659412517327287,0.007682719977455574,1.0535923782369305,0.9326684431228959,0.9389463736880614
in1k.floorssl.s0.e27lmcb5.extL,in1k.pairs100.v1@audit_v1.o8,student.h.cls~student.z.proj.out,344,1.2096496505783083,1.2336430676514296,0.0052396049083437675,1.3060281828916762,1.4859182423962012,1.47763307756261
in1k.floorssl.s0.e27lmcb5.extL,in1k.pairs100.v1@audit_v1.o8,student.h.cls~student.z.proj.out,345,1.1565237800151145,1.1684407701700075,0.0019102750370350095,1.2121474634450085,1.346622224020121,1.344985295613416
in1k.floorssl.s0.e27lmcb5.extL,in1k.pairs100.v1@audit_v1.o8,student.h.cls~student.z.proj.out,346,1.1490556768845166,1.1601215171751433,0.007515998593753389,1.2468163762715938,1.3328751028758108,1.3318566786519765
in1k.floorssl.s0.e27lmcb5.extL,in1k.pairs100.v1@audit_v1.o8,student.h.cls~student.z.proj.out,347,0.9747289352150409,0.9743888614920916,0.039444946791954795,1.1729963809669464,0.970842101951118,0.9788444325444425
in1k.floorssl.s0.e27lmcb5.extL,in1k.pairs100.v1@audit_v1.o8,student.h.cls~student.z.proj.out,348,1.0675659122501346,1.0784570729626934,0.003762545375298197,1.139796663565323,1.147677902496649,1.1504780539808612
in1k.floorssl.s0.e27lmcb5.extL,in1k.pairs100.v1@audit_v1.o8,student.h.cls~student.z.proj.out,349,1.0968850959397636,1.1178661270152888,0.004363976866488498,1.1839265301815463,1.2203096297577947,1.2189699081662184
in1k.floorssl.s0.e27lmcb5.extL,in1k.pairs100.v1@audit_v1.o8,student.h.cls~student.z.proj.out,350,0.8567362707471256,0.8656595206534451,0.005051799235903863,0.9367355309234642,0.7390971591373743,0.7509201022958414
in1k.floorssl.s0.e27lmcb5.extL,in1k.pairs100.v1@audit_v1.o8,student.h.cls~student.z.proj.out,351,0.9046052830643003,0.9092010416855286,0.05107313815398801,1.13519471007911,0.8406875868573196,0.8462105692001475
in1k.floorssl.s0.e27lmcb5.extL,in1k.pairs100.v1@audit_v1.o8,student.h.cls~student.z.proj.out,352,1.0586398856069688,1.0072111975158633,0.11615365823173669,1.3480244282328304,1.176600600476643,1.1620741211202683
in1k.floorssl.s0.e27lmcb5.extL,in1k.pairs100.v1@audit_v1.o8,student.h.cls~student.z.proj.out,353,1.2221175519659468,1.2117991727544306,0.062285761351643515,1.4613703276414558,1.535681690845471,1.521740481261329
in1k.floorssl.s0.e27lmcb5.extL,in1k.pairs100.v1@audit_v1.o8,student.h.cls~student.z.proj.out,354,1.226720906748987,1.2390418120329039,0.006152954527272441,1.3174825828556873,1.517535547467862,1.5155237703686084
in1k.floorssl.s0.e27lmcb5.extL,in1k.pairs100.v1@audit_v1.o8,student.h.cls~student.z.proj.out,355,0.9913526790771999,0.9970596099985336,0.00326576318540275,1.054206466302295,0.9865658261364352,0.9924662955051635
in1k.floorssl.s0.e27lmcb5.extL,in1k.pairs100.v1@audit_v1.o8,student.h.cls~student.z.proj.out,356,1.0908443269887291,1.095465512338935,0.005555378109010388,1.1699999212318106,1.1961967361126575,1.1990794790161656
in1k.floorssl.s0.e27lmcb5.extL,in1k.pairs100.v1@audit_v1.o8,student.h.cls~student.z.proj.out,357,1.060874123101134,1.0740044976383858,0.0040700181261264365,1.1378011913311348,1.1356917365720371,1.1361044881038536
in1k.floorssl.s0.e27lmcb5.extL,in1k.pairs100.v1@audit_v1.o8,student.h.cls~student.z.proj.out,358,0.9150838523411863,0.9152620476827609,0.07946932850717972,1.197165095745707,0.8566763130874012,0.8767504145786627
in1k.floorssl.s0.e27lmcb5.extL,in1k.pairs100.v1@audit_v1.o8,student.h.cls~student.z.proj.out,359,0.86244332058159,0.8430866415316735,0.03615545116214286,1.0332325096491344,0.7701884271586097,0.76652847697325
in1k.floorssl.s0.e27lmcb5.extL,in1k.pairs100.v1@audit_v1.o8,student.h.cls~student.z.proj.out,360,0.910745240937868,0.9185040238052484,0.005990880005858798,0.9959047990330121,0.834231529400784,0.8430544709169854
in1k.floorssl.s0.e27lmcb5.extL,in1k.pairs100.v1@audit_v1.o8,student.h.cls~student.z.proj.out,361,1.0023278152837598,1.018055488320653,0.03764992119409595,1.2120913643696352,1.0484247647249127,1.0425778590524615
in1k.floorssl.s0.e27lmcb5.extL,in1k.pairs100.v1@audit_v1.o8,student.h.cls~student.z.proj.out,362,0.8900250206199626,0.8711809862974366,0.10687012674763259,1.1980909536395667,0.8156791648232723,0.8368639436849759
in1k.floorssl.s0.e27lmcb5.extL,in1k.pairs100.v1@audit_v1.o8,student.h.cls~student.z.proj.out,363,0.8620345966929748,0.8165751695245539,0.1627166811778453,1.219956727330368,0.7989682723155084,0.7952337227536768
in1k.floorssl.s0.e27lmcb5.extL,in1k.pairs100.v1@audit_v1.o8,student.h.cls~student.z.proj.out,364,0.8469100331820747,0.8582007370440777,0.010513145171988586,0.9607343665126018,0.7247989001466649,0.7371556038070081
in1k.floorssl.s0.e27lmcb5.extL,in1k.pairs100.v1@audit_v1.o8,student.h.cls~student.z.proj.out,365,0.9720040249451657,0.9617807319778963,0.022962611995069028,1.1133149261225481,0.966081252795997,0.9629219105883521
in1k.floorssl.s0.e27lmcb5.extL,in1k.pairs100.v1@audit_v1.o8,student.h.cls~student.z.proj.out,366,0.8799145825995042,0.8631153776605709,0.05983457050386968,1.1077264373121527,0.7904734219012981,0.8035349651821957
in1k.floorssl.s0.e27lmcb5.extL,in1k.pairs100.v1@audit_v1.o8,student.h.cls~student.z.proj.out,367,0.7935303939370508,0.7844963032663677,0.03868462880927332,0.981180387038475,0.6369468933031801,0.6509810826896169
in1k.floorssl.s0.e27lmcb5.extL,in1k.pairs100.v1@audit_v1.o8,student.h.cls~student.z.proj.out,368,0.9023506082639599,0.9034537938240663,0.012693517314630578,1.0161193045832626,0.8198823035255718,0.8277106149031614
in1k.floorssl.s0.e27lmcb5.extL,in1k.pairs100.v1@audit_v1.o8,student.h.cls~student.z.proj.out,369,1.0426693066191701,1.0533967276988225,0.015474524229516,1.1777933684473412,1.1032194753887397,1.1015663606966797
in1k.floorssl.s0.e27lmcb5.extL,in1k.pairs100.v1@audit_v1.o8,student.h.cls~student.z.proj.out,370,0.8936869439211311,0.8930828355093645,0.017624051279609698,1.025838442847095,0.8072077625746251,0.8152049045326315
in1k.floorssl.s0.e27lmcb5.extL,in1k.pairs100.v1@audit_v1.o8,student.h.cls~student.z.proj.out,371,1.0213704673990593,1.0264159156057455,0.01036293719790927,1.1282144283547502,1.0507400399398052,1.0533863281175004
in1k.floorssl.s0.e27lmcb5.extL,in1k.pairs100.v1@audit_v1.o8,student.h.cls~student.z.proj.out,372,1.0835576836813265,1.0910998547560276,0.006244086320413811,1.170119386015165,1.183459428528125,1.1847731045891652
in1k.floorssl.s0.e27lmcb5.extL,in1k.pairs100.v1@audit_v1.o8,student.h.cls~student.z.proj.out,373,0.8724147938623833,0.8756865627103633,0.010909248117280865,0.9801339088579838,0.7646877233330934,0.7730973024931276
in1k.floorssl.s0.e27lmcb5.extL,in1k.pairs100.v1@audit_v1.o8,student.h.cls~student.z.proj.out,374,1.0339500717539742,1.034590508412082,0.008277473599010928,1.12557113051927,1.0777727753748623,1.0803273415977757
in1k.floorssl.s0.e27lmcb5.extL,in1k.pairs100.v1@audit_v1.o8,student.h.cls~student.z.proj.out,375,0.9515420384334549,0.9634537062807952,0.007797438924644432,1.0517568145196585,0.9154938272306712,0.9205391662101604
in1k.floorssl.s0.e27lmcb5.extL,in1k.pairs100.v1@audit_v1.o8,student.h.cls~student.z.proj.out,376,0.9419913577596314,0.9541882059537277,0.014464283476882391,1.0744557555125442,0.9022180629240613,0.9069428450178147
in1k.floorssl.s0.e27lmcb5.extL,in1k.pairs100.v1@audit_v1.o8,student.h.cls~student.z.proj.out,377,0.9485046211724556,0.95557298831581,0.004300819655223866,1.0211536230735176,0.9042668455635311,0.9106579464750683
in1k.floorssl.s0.e27lmcb5.extL,in1k.pairs100.v1@audit_v1.o8,student.h.cls~student.z.proj.out,378,0.8634533686294054,0.8635360224421749,0.010567205196953226,0.9663329348323494,0.7516331824961711,0.7579885771199798
in1k.floorssl.s0.e27lmcb5.extL,in1k.pairs100.v1@audit_v1.o8,student.h.cls~student.z.proj.out,379,0.9597341223655826,0.9437263220185832,0.03564331618585884,1.1325206974270123,0.9328427944102863,0.9405126480776557
in1k.floorssl.s0.e27lmcb5.extL,in1k.pairs100.v1@audit_v1.o8,student.h.cls~student.z.proj.out,380,1.0210102855273064,1.0262942788148193,0.0046322554706792,1.0943549537356514,1.0490245652959527,1.0515191254716678
in1k.floorssl.s0.e27lmcb5.extL,in1k.pairs100.v1@audit_v1.o8,student.h.cls~student.z.proj.out,381,0.9438727680910431,0.9462222317892599,0.006211173705043886,1.0250332316880297,0.8945966959420503,0.8979990105927981
in1k.floorssl.s0.e27lmcb5.extL,in1k.pairs100.v1@audit_v1.o8,student.h.cls~student.z.proj.out,382,0.860962910947057,0.8708317879027774,0.008465835367186465,0.9628417621837566,0.7500133488191068,0.7559775148421619
in1k.floorssl.s0.e27lmcb5.extL,in1k.pairs100.v1@audit_v1.o8,student.h.cls~student.z.proj.out,383,0.8119546030155463,0.828097834291534,0.03488160997718171,1.0148640249609957,0.6682712766255783,0.6952017777249222
in1k.floorssl.s0.e27lmcb5.extL,in1k.pairs100.v1@audit_v1.o8,student.h.cls~student.z.proj.out,384,0.9533294602540764,0.9452859544238058,0.04050605327196873,1.146547111311986,0.9349034153838695,0.9339728007259229
in1k.floorssl.s0.e27lmcb5.extL,in1k.pairs100.v1@audit_v1.o8,student.h.cls~student.z.proj.out,385,0.8381885765695442,0.8252133605121689,0.05520411015564845,1.060168909830861,0.7225594926972789,0.7375441251007231
in1k.floorssl.s0.e27lmcb5.extL,in1k.pairs100.v1@audit_v1.o8,student.h.cls~student.z.proj.out,386,0.8174635382368417,0.7693626961214659,0.06434241245883401,1.0230207582027528,0.706812064451966,0.70816717254857
in1k.floorssl.s0.e27lmcb5.extL,in1k.pairs100.v1@audit_v1.o8,student.h.cls~student.z.proj.out,387,0.826273332135857,0.8273394374084199,0.11602898652746818,1.1679697157564672,0.7454226999078336,0.7594563625223733
in1k.floorssl.s0.e27lmcb5.extL,in1k.pairs100.v1@audit_v1.o8,student.h.cls~student.z.proj.out,388,0.7857569211666195,0.6233139254432353,0.25697336995263803,1.1302393341106625,0.6989895786528938,0.7128161400416198
in1k.floorssl.s0.e27lmcb5.extL,in1k.pairs100.v1@audit_v1.o8,student.h.cls~student.z.proj.out,389,0.8473908941411554,0.8226893827307595,0.043777273753621775,1.0319195759477562,0.7369629219657065,0.7496832160266947
in1k.floorssl.s0.e27lmcb5.extL,in1k.pairs100.v1@audit_v1.o8,student.h.cls~student.z.proj.out,390,1.0194389472002099,1.021927044326721,0.00987031894369485,1.121276523156229,1.0474279313743544,1.0509542748063132
in1k.floorssl.s0.e27lmcb5.extL,in1k.pairs100.v1@audit_v1.o8,student.h.cls~student.z.proj.out,391,0.8860779850827406,0.882881594620221,0.015262505389834605,1.0064231074401415,0.7952342196324386,0.80334970350188
in1k.floorssl.s0.e27lmcb5.extL,in1k.pairs100.v1@audit_v1.o8,student.h.cls~student.z.proj.out,392,0.7544194987089238,0.5813421906985845,0.296073080377249,1.1254681691054687,0.6584483556040057,0.6763288948800337
in1k.floorssl.s0.e27lmcb5.extL,in1k.pairs100.v1@audit_v1.o8,student.h.cls~student.z.proj.out,393,0.7371293075927767,0.5737845557548695,0.16285001429389329,0.9773313489448208,0.6326947187506552,0.6194059185364018
in1k.floorssl.s0.e27lmcb5.extL,in1k.pairs100.v1@audit_v1.o8,student.h.cls~student.z.proj.out,394,0.891406185649028,0.8919970697049849,0.021441103477091477,1.038424879485407,0.8043280600376975,0.811135711229016
in1k.floorssl.s0.e27lmcb5.extL,in1k.pairs100.v1@audit_v1.o8,student.h.cls~student.z.proj.out,395,0.8699291844784117,0.871092765306071,0.00858507088894932,0.9637484229258264,0.7620246482101707,0.7681803902771204
in1k.floorssl.s0.e27lmcb5.extL,in1k.pairs100.v1@audit_v1.o8,student.h.cls~student.z.proj.out,396,0.788435290157772,0.5666989082171048,0.3342938007236937,1.144880368248204,0.7292963082729136,0.7257731491439693
in1k.floorssl.s0.e27lmcb5.extL,in1k.pairs100.v1@audit_v1.o8,student.h.cls~student.z.proj.out,397,0.8497126315037706,0.8586722789323302,0.026346893522109224,1.0209895408674343,0.7364115903299462,0.7465790232309327
in1k.floorssl.s0.e27lmcb5.extL,in1k.pairs100.v1@audit_v1.o8,student.h.cls~student.z.proj.out,398,0.9203576680341979,0.883286956695142,0.1419281526841824,1.2600204867720153,0.8676706108385972,0.8876346966858275
in1k.floorssl.s0.e27lmcb5.extL,in1k.pairs100.v1@audit_v1.o8,student.h.cls~student.z.proj.out,399,0.8611695955406815,0.8612704503383689,0.02715930642225828,1.026071258656345,0.7514437974514168,0.7620309462057528
in1k.floorssl.s0.e27lmcb5.extL,in1k.pairs100.v1@audit_v1.o8,student.h.cls~student.z.proj.out,400,0.902759437050202,0.8986627981020396,0.022423460001578594,1.0484074474274114,0.8319881690647063,0.8359427668348166
in1k.floorssl.s0.e27lmcb5.extL,in1k.pairs100.v1@audit_v1.o8,student.h.cls~student.z.proj.out,401,1.1368552735489674,1.1463927448149107,0.0014622830380446562,1.1846325544123009,1.2997245857790045,1.3010716902805484
in1k.floorssl.s0.e27lmcb5.extL,in1k.pairs100.v1@audit_v1.o8,student.h.cls~student.z.proj.out,402,1.0436565183880995,1.0718356206354454,0.00787546042993632,1.1605794115728192,1.1120793379733926,1.1163501210113003
in1k.floorssl.s0.e27lmcb5.extL,in1k.pairs100.v1@audit_v1.o8,student.h.cls~student.z.proj.out,403,1.0239022508525486,1.0206610743863187,0.05106875245412397,1.2466450394239381,1.075216284996672,1.0775407906069545
in1k.floorssl.s0.e27lmcb5.extL,in1k.pairs100.v1@audit_v1.o8,student.h.cls~student.z.proj.out,404,0.8500529297104734,0.7584779292214411,0.10368321130371926,1.0804767045354464,0.7730421554990288,0.7687290699596155
in1k.floorssl.s0.e27lmcb5.extL,in1k.pairs100.v1@audit_v1.o8,student.h.cls~student.z.proj.out,405,1.0182112705026565,1.0184624626235759,0.031564453873276006,1.1961263415446328,1.0641226820124692,1.064365478172187
in1k.floorssl.s0.e27lmcb5.extL,in1k.pairs100.v1@audit_v1.o8,student.h.cls~student.z.proj.out,406,1.0095225919652493,1.0079281947569299,0.032656341094175784,1.1886388504864018,1.0453674216533666,1.0439753813707768
in1k.floorssl.s0.e27lmcb5.extL,in1k.pairs100.v1@audit_v1.o8,student.h.cls~student.z.proj.out,407,0.8539527964939593,0.8200962996237436,0.06428546833969774,1.0736420910297493,0.7500630582260598,0.7568654174925682
in1k.floorssl.s0.e27lmcb5.extL,in1k.pairs100.v1@audit_v1.o8,student.h.cls~student.z.proj.out,408,1.1051562429126771,1.1146125406885585,0.008725148856839797,1.208021045958902,1.2318651493981378,1.2323179269740818
in1k.floorssl.s0.e27lmcb5.extL,in1k.pairs100.v1@audit_v1.o8,student.h.cls~student.z.proj.out,409,0.9486743721388311,0.9564304978321528,0.01981673944816706,1.0972024390994632,0.9101986779282166,0.9151794692481833
in1k.floorssl.s0.e27lmcb5.extL,in1k.pairs100.v1@audit_v1.o8,student.h.cls~student.z.proj.out,410,1.108601077178594,1.123108117129932,0.002503220473736802,1.1731403115025236,1.2396001517815427,1.2375694074441856
in1k.floorssl.s0.e27lmcb5.extL,in1k.pairs100.v1@audit_v1.o8,student.h.cls~student.z.proj.out,411,1.0016548388268582,1.002287184457071,0.005861526919420311,1.0788477939074947,1.0098999729820222,1.0123335496959078
in1k.floorssl.s0.e27lmcb5.extL,in1k.pairs100.v1@audit_v1.o8,student.h.cls~student.z.proj.out,412,1.031011923214068,1.0383174974935474,0.0016463713612717126,1.0788929994777707,1.0674442583355335,1.070084610665603
in1k.floorssl.s0.e27lmcb5.extL,in1k.pairs100.v1@audit_v1.o8,student.h.cls~student.z.proj.out,413,0.9005849515847643,0.89835861255108,0.018257247906472457,1.0334779964546208,0.8222983049598432,0.827550717358756
in1k.floorssl.s0.e27lmcb5.extL,in1k.pairs100.v1@audit_v1.o8,student.h.cls~student.z.proj.out,414,0.9569961769335221,0.9644463787541466,0.012888373815759873,1.077973352710823,0.9269359543893021,0.9326327078488686
in1k.floorssl.s0.e27lmcb5.extL,in1k.pairs100.v1@audit_v1.o8,student.h.cls~student.z.proj.out,415,1.0698406307569184,1.0735085020628243,0.005345630639251032,1.1466223218184015,1.1498299810487953,1.1552887120366289
in1k.floorssl.s0.e27lmcb5.extL,in1k.pairs100.v1@audit_v1.o8,student.h.cls~student.z.proj.out,416,1.0464007061049276,1.0516932518052056,0.01386041703041282,1.1694235241671296,1.1095904039319944,1.1099823869588978
in1k.floorssl.s0.e27lmcb5.extL,in1k.pairs100.v1@audit_v1.o8,student.h.cls~student.z.proj.out,417,0.9533350456866568,0.8189851526106696,0.26457216140955936,1.3333509382239424,0.9742487567505512,0.9726716038803326
in1k.floorssl.s0.e27lmcb5.extL,in1k.pairs100.v1@audit_v1.o8,student.h.cls~student.z.proj.out,418,1.0881210268959394,1.0964366276432624,0.006009297402079075,1.1739562858086534,1.1912396000923997,1.1944055266951565
in1k.floorssl.s0.e27lmcb5.extL,in1k.pairs100.v1@audit_v1.o8,student.h.cls~student.z.proj.out,419,0.9214670477832969,0.9205767885335159,0.0015768890974211577,0.9602868514574292,0.848833133001546,0.8544676387842378
in1k.floorssl.s0.e27lmcb5.extL,in1k.pairs100.v1@audit_v1.o8,student.h.cls~student.z.proj.out,420,0.9550359184353321,0.9593424992088612,0.0012984126951025886,0.9953759932817732,0.9144170543451499,0.9207050630844217
in1k.floorssl.s0.e27lmcb5.extL,in1k.pairs100.v1@audit_v1.o8,student.h.cls~student.z.proj.out,421,1.0543108779183168,1.0593363175181414,0.0007513329653010941,1.0867467710952183,1.1148407913934104,1.1174672496895925
in1k.floorssl.s0.e27lmcb5.extL,in1k.pairs100.v1@audit_v1.o8,student.h.cls~student.z.proj.out,422,1.2489528773794254,1.1602547300402823,0.1955829452649022,1.6025023363253839,1.6280167386920503,1.5889732840247814
in1k.floorssl.s0.e27lmcb5.extL,in1k.pairs100.v1@audit_v1.o8,student.h.cls~student.z.proj.out,423,0.9176026186260557,0.9216175620468919,0.0012609086764665198,0.957126837968354,0.8442350094398832,0.8501338959180474
in1k.floorssl.s0.e27lmcb5.extL,in1k.pairs100.v1@audit_v1.o8,student.h.cls~student.z.proj.out,424,0.9917657921068025,0.9953439230351518,0.002098478357870412,1.0411530744993562,0.9865615530191291,0.9918798650827461
in1k.floorssl.s0.e27lmcb5.extL,in1k.pairs100.v1@audit_v1.o8,student.h.cls~student.z.proj.out,425,0.9471243554646159,0.9701537282935895,0.021613276047456668,1.1171682719532448,0.9210244109872296,0.9283807179466848
in1k.floorssl.s0.e27lmcb5.extL,in1k.pairs100.v1@audit_v1.o8,student.h.cls~student.z.proj.out,426,0.9329938951409527,0.865865184784522,0.10284559171346332,1.186560666064604,0.9071454392419298,0.9138619477642471
in1k.floorssl.s0.e27lmcb5.extL,in1k.pairs100.v1@audit_v1.o8,student.h.cls~student.z.proj.out,427,0.9509327901977952,0.9577199982196785,0.00248320498215713,1.0075517650171455,0.9087920913477597,0.9145066428800662
in1k.floorssl.s0.e27lmcb5.extL,in1k.pairs100.v1@audit_v1.o8,student.h.cls~student.z.proj.out,428,0.9180933982929936,0.9207847775377158,0.0011469346151631846,0.9546512006609685,0.8445110838808109,0.8483191220855476
in1k.floorssl.s0.e27lmcb5.extL,in1k.pairs100.v1@audit_v1.o8,student.h.cls~student.z.proj.out,429,1.0528876286472735,1.015161225827695,0.08125298131537434,1.3002103116276222,1.1593997346679072,1.1391120017578227
in1k.floorssl.s0.e27lmcb5.extL,in1k.pairs100.v1@audit_v1.o8,student.h.cls~student.z.proj.out,430,0.8372285126781301,0.7809483587588685,0.21148294555076888,1.2408211080610738,0.7360460499139584,0.763880291168202
in1k.floorssl.s0.e27lmcb5.extL,in1k.pairs100.v1@audit_v1.o8,student.h.cls~student.z.proj.out,431,1.0651403468828655,1.044128123260678,0.042328019678630396,1.2498658681657644,1.1694117490231934,1.1602823889621832
in1k.floorssl.s0.e27lmcb5.extL,in1k.pairs100.v1@audit_v1.o8,student.h.cls~student.z.proj.out,432,0.9668481660393502,0.9736791118018017,0.0023861952981354606,1.0225278098206378,0.9399666448602991,0.9438474585687805
in1k.floorssl.s0.e27lmcb5.extL,in1k.pairs100.v1@audit_v1.o8,student.h.cls~student.z.proj.out,433,0.9692802971935167,0.9732809917994991,0.006690470364433431,1.0550762872903368,0.9433804035478931,0.9498455057903324
in1k.floorssl.s0.e27lmcb5.extL,in1k.pairs100.v1@audit_v1.o8,student.h.cls~student.z.proj.out,434,0.6768799037333605,0.6728266006370673,0.010138029211556543,0.773514381482394,0.4558277556238397,0.47327635886075686
in1k.floorssl.s0.e27lmcb5.extL,in1k.pairs100.v1@audit_v1.o8,student.h.cls~student.z.proj.out,435,1.067410346783175,1.0768623446731895,0.0026167111075369714,1.128016143237294,1.1477818418305317,1.1487867841288648
in1k.floorssl.s0.e27lmcb5.extL,in1k.pairs100.v1@audit_v1.o8,student.h.cls~student.z.proj.out,436,0.8857736116355502,0.8916576142939338,0.028298695739724926,1.0598797761505836,0.7865422594940282,0.803849137206977
in1k.floorssl.s0.e27lmcb5.extL,in1k.pairs100.v1@audit_v1.o8,student.h.cls~student.z.proj.out,437,0.9962685115130882,1.0224821731781675,0.011864709608867203,1.1314074209808105,1.0131584587150155,1.0153915355249534
in1k.floorssl.s0.e27lmcb5.extL,in1k.pairs100.v1@audit_v1.o8,student.h.cls~student.z.proj.out,438,0.9497187170311718,0.9434805757087327,0.04225467997545678,1.1490400074443181,0.914027777058263,0.922682331397658
in1k.floorssl.s0.e27lmcb5.extL,in1k.pairs100.v1@audit_v1.o8,student.h.cls~student.z.proj.out,439,0.8988119348851854,0.8545958775277114,0.11750694591684314,1.1973887390590494,0.8521443792641675,0.8447875101684469
in1k.floorssl.s0.e27lmcb5.extL,in1k.pairs100.v1@audit_v1.o8,student.h.cls~student.z.proj.out,440,0.8734165155301575,0.871428520076802,0.034462383166942355,1.0570689875588206,0.7754807824362734,0.7839768936291696
in1k.floorssl.s0.e27lmcb5.extL,in1k.pairs100.v1@audit_v1.o8,student.h.cls~student.z.proj.out,441,0.9668272855676406,0.970835670797335,0.010240143943519959,1.072029267153626,0.939391844386508,0.9499968715349884
in1k.floorssl.s0.e27lmcb5.extL,in1k.pairs100.v1@audit_v1.o8,student.h.cls~student.z.proj.out,442,0.9668600814945504,0.9694577798498741,0.01391249259306552,1.08740900957244,0.9440027948235235,0.9473027793978152
in1k.floorssl.s0.e27lmcb5.extL,in1k.pairs100.v1@audit_v1.o8,student.h.cls~student.z.proj.out,443,1.09502024956202,1.098169086120779,0.014662215989439975,1.2192567237616214,1.214594007177757,1.2138209661071362
in1k.floorssl.s0.e27lmcb5.extL,in1k.pairs100.v1@audit_v1.o8,student.h.cls~student.z.proj.out,444,0.9686824321140205,0.9927585327186276,0.03485660533289419,1.1794577703520315,0.9714135817000265,0.9741090906074693
in1k.floorssl.s0.e27lmcb5.extL,in1k.pairs100.v1@audit_v1.o8,student.h.cls~student.z.proj.out,445,1.0465012902500113,1.0516169768284152,0.026984097321166415,1.215885346641859,1.118940533529354,1.1135835402396161
in1k.floorssl.s0.e27lmcb5.extL,in1k.pairs100.v1@audit_v1.o8,student.h.cls~student.z.proj.out,446,1.0112317556618344,1.015801677452409,0.001984031659899895,1.060344147746499,1.0260246422674262,1.0292153064791507
in1k.floorssl.s0.e27lmcb5.extL,in1k.pairs100.v1@audit_v1.o8,student.h.cls~student.z.proj.out,447,1.0362968909651067,1.0387035421595754,0.0032390810635835434,1.0956164674365592,1.0753965045672067,1.081396639483506
in1k.floorssl.s0.e27lmcb5.extL,in1k.pairs100.v1@audit_v1.o8,student.h.cls~student.z.proj.out,448,1.029939285021657,1.0377448487198033,0.001608298650175267,1.0778484476876673,1.065933619556212,1.068878114469695
in1k.floorssl.s0.e27lmcb5.extL,in1k.pairs100.v1@audit_v1.o8,student.h.cls~student.z.proj.out,449,0.9003704926239702,0.9234751076172764,0.010219757070490576,1.02456792175602,0.8268956132562529,0.8297885789414987
in1k.floorssl.s0.e27lmcb5.extL,in1k.pairs100.v1@audit_v1.o8,student.h.cls~student.z.proj.out,450,1.0076405343423198,1.0175508055322864,0.0020926714662337473,1.0632965317395917,1.022023158020243,1.0253605075347085
in1k.floorssl.s0.e27lmcb5.extL,in1k.pairs100.v1@audit_v1.o8,student.h.cls~student.z.proj.out,451,1.0556279756070444,1.064820809920232,0.011626092488326023,1.1726451693587467,1.1275159705120705,1.1292031201820012
in1k.floorssl.s0.e27lmcb5.extL,in1k.pairs100.v1@audit_v1.o8,student.h.cls~student.z.proj.out,452,0.9475223644773526,0.9487009751520581,0.0028925427104611466,1.0024833394591537,0.9015492977462949,0.9065252947707483
in1k.floorssl.s0.e27lmcb5.extL,in1k.pairs100.v1@audit_v1.o8,student.h.cls~student.z.proj.out,453,1.0354948309835528,0.9866292256685101,0.10108442208876221,1.3045669901582955,1.1243221499571996,1.1090807788837862
in1k.floorssl.s0.e27lmcb5.extL,in1k.pairs100.v1@audit_v1.o8,student.h.cls~student.z.proj.out,454,0.979551847887818,0.9724603251765526,0.03143390296189856,1.149756413576434,0.974495421603884,0.9778291216543816
in1k.floorssl.s0.e27lmcb5.extL,in1k.pairs100.v1@audit_v1.o8,student.h.cls~student.z.proj.out,455,0.9631192347370144,0.9584788271168283,0.028576686370139145,1.127525230125408,0.9352118926939703,0.9417654910320803
in1k.floorssl.s0.e27lmcb5.extL,in1k.pairs100.v1@audit_v1.o8,student.h.cls~student.z.proj.out,456,0.9956984898999887,0.9975992692783272,0.0010519239935043887,1.030032647047292,0.9927185479447443,0.9971741199907682
in1k.floorssl.s0.e27lmcb5.extL,in1k.pairs100.v1@audit_v1.o8,student.h.cls~student.z.proj.out,457,0.9382700465035262,0.9389007547926712,0.001774799104997149,0.9810291194060424,0.8807868252911771,0.8865811356132548
in1k.floorssl.s0.e27lmcb5.extL,in1k.pairs100.v1@audit_v1.o8,student.h.cls~student.z.proj.out,458,0.7780336036185568,0.5872001611914268,0.3013650649928182,1.136167432522622,0.6552682896968693,0.6791489242770449
in1k.floorssl.s0.e27lmcb5.extL,in1k.pairs100.v1@audit_v1.o8,student.h.cls~student.z.proj.out,459,0.8888753800243007,0.8766657777573735,0.025058716328438244,1.0349652292044276,0.8029482980581547,0.8067425847571127
in1k.floorssl.s0.e27lmcb5.extL,in1k.pairs100.v1@audit_v1.o8,student.h.cls~student.z.proj.out,460,0.8865800414211414,0.8924946133132141,0.013382530500307974,1.0081775009859721,0.7908219770459926,0.8019196131453564
in1k.floorssl.s0.e27lmcb5.extL,in1k.pairs100.v1@audit_v1.o8,student.h.cls~student.z.proj.out,461,0.960136867859086,0.9718252912290725,0.005392124368450484,1.0452563770745813,0.931822483002978,0.936049093677162
in1k.floorssl.s0.e27lmcb5.extL,in1k.pairs100.v1@audit_v1.o8,student.h.cls~student.z.proj.out,462,0.7978255227591976,0.7936755762616908,0.014595348750240876,0.9144867874560203,0.6371714768618555,0.6484298820984833
in1k.floorssl.s0.e27lmcb5.extL,in1k.pairs100.v1@audit_v1.o8,student.h.cls~student.z.proj.out,463,0.8837127489162706,0.8853791847220122,0.0018694370672566944,0.9286161719812639,0.7814891559632551,0.7870004745592987
in1k.floorssl.s0.e27lmcb5.extL,in1k.pairs100.v1@audit_v1.o8,student.h.cls~student.z.proj.out,464,0.9946096970738408,0.997830683837066,0.0016765355715881818,1.0387762033915688,0.9911056558241765,0.9958314953667224
in1k.floorssl.s0.e27lmcb5.extL,in1k.pairs100.v1@audit_v1.o8,student.h.cls~student.z.proj.out,465,0.8929381182840617,0.8976813534592953,0.016311359150891706,1.0253972849278936,0.8113403315992324,0.8157958715933613
in1k.floorssl.s0.e27lmcb5.extL,in1k.pairs100.v1@audit_v1.o8,student.h.cls~student.z.proj.out,466,0.655774634251887,0.3292184676712007,0.314439514803622,0.8899675334783779,0.5121848758540127,0.5423972593956742
in1k.floorssl.s0.e27lmcb5.extL,in1k.pairs100.v1@audit_v1.o8,student.h.cls~student.z.proj.out,467,1.0113305627819904,1.025315756839178,0.006539825243412836,1.1061849428336767,1.036817444664015,1.0386679935401206
in1k.floorssl.s0.e27lmcb5.extL,in1k.pairs100.v1@audit_v1.o8,student.h.cls~student.z.proj.out,468,1.1207228987286129,1.133234856454266,0.003493078165386008,1.1923371251534116,1.2675517938645267,1.266195668780072
in1k.floorssl.s0.e27lmcb5.extL,in1k.pairs100.v1@audit_v1.o8,student.h.cls~student.z.proj.out,469,1.0274142357591638,1.0330176463301557,0.0027104649236522546,1.085079771946118,1.0612740932564164,1.0642002070903782
in1k.floorssl.s0.e27lmcb5.extL,in1k.pairs100.v1@audit_v1.o8,student.h.cls~student.z.proj.out,470,0.8672385181919386,0.8675398522774902,0.0029161216287552443,0.921540978457925,0.7519356169993611,0.7609208372818462
in1k.floorssl.s0.e27lmcb5.extL,in1k.pairs100.v1@audit_v1.o8,student.h.cls~student.z.proj.out,471,1.1130931831068114,1.1241267476267565,0.0007728975956777246,1.1519277835009416,1.2468761492750817,1.246217423524481
in1k.floorssl.s0.e27lmcb5.extL,in1k.pairs100.v1@audit_v1.o8,student.h.cls~student.z.proj.out,472,0.9475456160116683,0.9489590755410352,0.03902045878071504,1.1464950438625412,0.9216787259030427,0.9227326080695156
in1k.floorssl.s0.e27lmcb5.extL,in1k.pairs100.v1@audit_v1.o8,student.h.cls~student.z.proj.out,473,1.1943221384198062,1.1951400664248544,0.0008132741176688591,1.2236580277416957,1.427815506619682,1.4305514929861043
in1k.floorssl.s0.e27lmcb5.extL,in1k.pairs100.v1@audit_v1.o8,student.h.cls~student.z.proj.out,474,0.9281229413203446,0.9401884446805596,0.015236817369032032,1.0636259485804362,0.8739465386167389,0.8789209134870206
in1k.floorssl.s0.e27lmcb5.extL,in1k.pairs100.v1@audit_v1.o8,student.h.cls~student.z.proj.out,475,0.7486576374303238,0.656620916901211,0.2713586151331224,1.1775418467294552,0.608444102582057,0.6527402187877487
in1k.floorssl.s0.e27lmcb5.extL,in1k.pairs100.v1@audit_v1.o8,student.h.cls~student.z.proj.out,476,1.0666110145402241,1.093691053344725,0.005895380763108438,1.17047243626473,1.1597652011767352,1.159497899374114
in1k.floorssl.s0.e27lmcb5.extL,in1k.pairs100.v1@audit_v1.o8,student.h.cls~student.z.proj.out,477,0.9250826246834609,0.9425977309948798,0.02113496341048329,1.0879764206659703,0.8736811385008724,0.8881640442434371
in1k.floorssl.s0.e27lmcb5.extL,in1k.pairs100.v1@audit_v1.o8,student.h.cls~student.z.proj.out,478,0.9767919502340007,0.944251809481157,0.07340837214150658,1.215191603792562,0.9751942991072344,0.9813213728441229
in1k.floorssl.s0.e27lmcb5.extL,in1k.pairs100.v1@audit_v1.o8,student.h.cls~student.z.proj.out,479,0.8259787465105327,0.7492613664102122,0.20426447116454385,1.2012176377070534,0.7224355416100845,0.7451276882616018
in1k.floorssl.s0.e27lmcb5.extL,in1k.pairs100.v1@audit_v1.o8,student.h.cls~student.z.proj.out,480,0.8404251477531901,0.8419585777324254,0.011072377185207984,0.9471839415246595,0.710517700802407,0.7271217049842051
in1k.floorssl.s0.e27lmcb5.extL,in1k.pairs100.v1@audit_v1.o8,student.h.cls~student.z.proj.out,481,0.8638794307462756,0.8644634328941104,0.004423033327117887,0.9309693223108974,0.7476365012108926,0.7573711357988343
in1k.floorssl.s0.e27lmcb5.extL,in1k.pairs100.v1@audit_v1.o8,student.h.cls~student.z.proj.out,482,1.06535034208268,1.0661371741842625,0.009199006870100224,1.1620486274633168,1.141657792142718,1.1445158875623176
in1k.floorssl.s0.e27lmcb5.extL,in1k.pairs100.v1@audit_v1.o8,student.h.cls~student.z.proj.out,483,1.0716750169259217,1.0672737904763103,0.04480333572791855,1.2789417751313321,1.1834860957613245,1.1771027988381293
in1k.floorssl.s0.e27lmcb5.extL,in1k.pairs100.v1@audit_v1.o8,student.h.cls~student.z.proj.out,484,0.9184327165248662,0.9202389010809812,0.037114643686535324,1.112890513289484,0.8625936121283944,0.8713534467333972
in1k.floorssl.s0.e27lmcb5.extL,in1k.pairs100.v1@audit_v1.o8,student.h.cls~student.z.proj.out,485,0.7812501404399204,0.7758102036474613,0.03203579251432457,0.954795657007014,0.6112309060797431,0.6282157902233629
in1k.floorssl.s0.e27lmcb5.extL,in1k.pairs100.v1@audit_v1.o8,student.h.cls~student.z.proj.out,486,0.9612407253630167,0.9730527972753447,0.0034589254639427035,1.0318654274149899,0.9324198965569886,0.9362078382399529
in1k.floorssl.s0.e27lmcb5.extL,in1k.pairs100.v1@audit_v1.o8,student.h.cls~student.z.proj.out,487,0.9648482511026448,0.9672284849455415,0.010789522441892355,1.071101110992505,0.9359464092295033,0.9420681584374284
in1k.floorssl.s0.e27lmcb5.extL,in1k.pairs100.v1@audit_v1.o8,student.h.cls~student.z.proj.out,488,0.8938050733140386,0.8941535033765066,0.0073937531738219354,0.9801404394413643,0.8030293996043497,0.8099844995081149
in1k.floorssl.s0.e27lmcb5.extL,in1k.pairs100.v1@audit_v1.o8,student.h.cls~student.z.proj.out,489,0.9382186079696142,0.9428706833983016,0.02660887587465123,1.1059929561713697,0.8981696924770703,0.9054286594219917
in1k.floorssl.s0.e27lmcb5.extL,in1k.pairs100.v1@audit_v1.o8,student.h.cls~student.z.proj.out,490,0.9951986103202415,1.005703528585963,0.037787306759967665,1.2000931033063365,1.013616309120386,1.0200406951020973
in1k.floorssl.s0.e27lmcb5.extL,in1k.pairs100.v1@audit_v1.o8,student.h.cls~student.z.proj.out,491,0.9581135338056774,0.9612558518701327,0.0023482403532620855,1.0097144976752115,0.918938767282009,0.9241615672169302
in1k.floorssl.s0.e27lmcb5.extL,in1k.pairs100.v1@audit_v1.o8,student.h.cls~student.z.proj.out,492,1.2770354014983185,1.2920272905755283,0.008325050541445191,1.3832690054949948,1.6462218669079827,1.6421890608503753
in1k.floorssl.s0.e27lmcb5.extL,in1k.pairs100.v1@audit_v1.o8,student.h.cls~student.z.proj.out,493,0.804635535459345,0.651325426634147,0.21255833364738239,1.1123659168813513,0.7020307946874851,0.7195861166565253
in1k.floorssl.s0.e27lmcb5.extL,in1k.pairs100.v1@audit_v1.o8,student.h.cls~student.z.proj.out,494,0.7847356432224348,0.7834303338354149,0.003250890070434423,0.8404469109900848,0.6148252756497867,0.6239812782267251
in1k.floorssl.s0.e27lmcb5.extL,in1k.pairs100.v1@audit_v1.o8,student.h.cls~student.z.proj.out,495,0.9836359235525889,0.9472101349130014,0.06592424158252808,1.2039672995307158,1.0007257830419014,0.9961890404593355
in1k.floorssl.s0.e27lmcb5.extL,in1k.pairs100.v1@audit_v1.o8,student.h.cls~student.z.proj.out,496,0.8256587803783322,0.8236767023385523,0.012835516721490144,0.9369706418123395,0.6834376711597611,0.6973923270305034
in1k.floorssl.s0.e27lmcb5.extL,in1k.pairs100.v1@audit_v1.o8,student.h.cls~student.z.proj.out,497,1.0645548422539521,1.071333706246414,0.012279330182408604,1.1821458453937503,1.1479501328435433,1.147633078130157
in1k.floorssl.s0.e27lmcb5.extL,in1k.pairs100.v1@audit_v1.o8,student.h.cls~student.z.proj.out,498,0.9380770573288569,0.9603583898347829,0.01138472743770121,1.067057628059342,0.8993073342700677,0.9008463973229865
in1k.floorssl.s0.e27lmcb5.extL,in1k.pairs100.v1@audit_v1.o8,student.h.cls~student.z.proj.out,499,1.0337712019678331,1.037787521704903,0.0014980567677907568,1.0764922600167786,1.0715351396263322,1.0736964650478775
in1k.floorssl.s0.e27lmcb5.extL,in1k.pairs100.v1@audit_v1.o8,student.h.cls~student.z.proj.out,500,0.7079070917608639,0.4681040976595878,0.2819733109940725,0.9991156898061929,0.5731531182883987,0.6068374440787881
in1k.floorssl.s0.e27lmcb5.extL,in1k.pairs100.v1@audit_v1.o8,student.h.cls~student.z.proj.out,501,0.8883397775767148,0.8920890117776106,0.005673950312922013,0.9674146403041752,0.7948233252266937,0.8000884568443832
in1k.floorssl.s0.e27lmcb5.extL,in1k.pairs100.v1@audit_v1.o8,student.h.cls~student.z.proj.out,502,0.9567290562302595,0.9588084554403132,0.0013170411811826532,0.9950995174416195,0.9166397936149421,0.9218337905971894
in1k.floorssl.s0.e27lmcb5.extL,in1k.pairs100.v1@audit_v1.o8,student.h.cls~student.z.proj.out,503,0.9769085294756951,0.9848024072843133,0.005578704257403719,1.0594931313228693,0.962778490194167,0.9651311252951158
in1k.floorssl.s0.e27lmcb5.extL,in1k.pairs100.v1@audit_v1.o8,student.h.cls~student.z.proj.out,504,0.9883185018297762,0.9916542835689063,0.0083344234984837,1.0829473473716054,0.9798239758308018,0.9872594377472212
in1k.floorssl.s0.e27lmcb5.extL,in1k.pairs100.v1@audit_v1.o8,student.h.cls~student.z.proj.out,505,0.9888108351281324,0.9930738980573546,0.004031295538424273,1.0565663821670843,0.9813673016430764,0.9852111134851219
in1k.floorssl.s0.e27lmcb5.extL,in1k.pairs100.v1@audit_v1.o8,student.h.cls~student.z.proj.out,506,0.9601560742244147,0.9289841859560231,0.08005687487596645,1.2119274220935325,0.940105215076374,0.9425797036307216
in1k.floorssl.s0.e27lmcb5.extL,in1k.pairs100.v1@audit_v1.o8,student.h.cls~student.z.proj.out,507,1.2130287811055114,1.2198001081270522,0.0016787552906482289,1.2607727244780766,1.4771681743362468,1.4770802480251535
in1k.floorssl.s0.e27lmcb5.extL,in1k.pairs100.v1@audit_v1.o8,student.h.cls~student.z.proj.out,508,0.7365189200456571,0.6384310902319925,0.1557520854670105,1.033085477597711,0.5688952984701171,0.5874887530725287
in1k.floorssl.s0.e27lmcb5.extL,in1k.pairs100.v1@audit_v1.o8,student.h.cls~student.z.proj.out,509,0.8903722627341318,0.8808896322473261,0.031503631061811824,1.0583822548033406,0.8047051632376997,0.8147233391624787
in1k.floorssl.s0.e27lmcb5.extL,in1k.pairs100.v1@audit_v1.o8,student.h.cls~student.z.proj.out,510,0.7282218714446294,0.7115173322505003,0.09241058754146664,1.0155084300502,0.5436861241187084,0.5784219287881305
in1k.floorssl.s0.e27lmcb5.extL,in1k.pairs100.v1@audit_v1.o8,student.h.cls~student.z.proj.out,511,1.082707396291213,1.0728138498652087,0.030849880895523703,1.2484551915121105,1.1917174201076228,1.1919820457727017
in1k.floorssl.s0.e27lmcb5.extL,in1k.pairs100.v1@audit_v1.o8,student.h.cls~student.z.proj.out,512,0.9186867774333956,0.9215318286487538,0.003225061813543171,0.9783214563420498,0.8450414638043685,0.8506860562435112
in1k.floorssl.s0.e27lmcb5.extL,in1k.pairs100.v1@audit_v1.o8,student.h.cls~student.z.proj.out,513,0.8435895577058068,0.8302167390880321,0.023678607409450624,0.9840952866814202,0.7223403185642671,0.7244004498541127
in1k.floorssl.s0.e27lmcb5.extL,in1k.pairs100.v1@audit_v1.o8,student.h.cls~student.z.proj.out,514,0.8326444120503402,0.8335851021710323,0.0012298427505155305,0.8686542160822154,0.6933883557101767,0.7061191102543443
in1k.floorssl.s0.e27lmcb5.extL,in1k.pairs100.v1@audit_v1.o8,student.h.cls~student.z.proj.out,515,1.0165685926875263,1.0170202512326332,0.000990689815866878,1.0484954766625945,1.0341634357502423,1.0375409393986095
in1k.floorssl.s0.e27lmcb5.extL,in1k.pairs100.v1@audit_v1.o8,student.h.cls~student.z.proj.out,516,0.9229066908781431,0.9218148028307169,0.006391844213542478,1.0017638129155357,0.8584767737716138,0.860698238614426
in1k.floorssl.s0.e27lmcb5.extL,in1k.pairs100.v1@audit_v1.o8,student.h.cls~student.z.proj.out,517,1.1639046406448508,1.1835978492545558,0.006565133721321655,1.2646233620349243,1.3723139322317697,1.3686358815338504
in1k.floorssl.s0.e27lmcb5.extL,in1k.pairs100.v1@audit_v1.o8,student.h.cls~student.z.proj.out,518,1.0115892436580582,1.0212679096731592,0.0125664732309446,1.1333681917019953,1.0273374265413417,1.0338486408600107
in1k.floorssl.s0.e27lmcb5.extL,in1k.pairs100.v1@audit_v1.o8,student.h.cls~student.z.proj.out,519,0.8207231741885833,0.8289262502032674,0.010780289495659592,0.9327544231413462,0.6786847894621572,0.6898420968095398
in1k.floorssl.s0.e27lmcb5.extL,in1k.pairs100.v1@audit_v1.o8,student.h.cls~student.z.proj.out,520,0.9759414005503759,0.903967956645319,0.13028936599906163,1.2649241395803972,1.0057063250120188,0.997190042194873
in1k.floorssl.s0.e27lmcb5.extL,in1k.pairs100.v1@audit_v1.o8,student.h.cls~student.z.proj.out,521,1.0194910342359185,1.025965560681621,0.009658717756280783,1.1242443363978496,1.047791482780461,1.0509573860955368
in1k.floorssl.s0.e27lmcb5.extL,in1k.pairs100.v1@audit_v1.o8,student.h.cls~student.z.proj.out,522,0.8832100964448594,0.8817177671529649,0.006532687753385063,0.9625428112506025,0.7805181727568187,0.7902370774981097
in1k.floorssl.s0.e27lmcb5.extL,in1k.pairs100.v1@audit_v1.o8,student.h.cls~student.z.proj.out,523,0.9571819401688227,0.9591702721743857,0.001167547290579556,0.993339663310014,0.9171838132474803,0.9217526248240019
in1k.floorssl.s0.e27lmcb5.extL,in1k.pairs100.v1@audit_v1.o8,student.h.cls~student.z.proj.out,524,0.9961779695376178,1.006963703390222,0.005996831268533377,1.084402913539431,1.0042617820400208,1.009338550825209
in1k.floorssl.s0.e27lmcb5.extL,in1k.pairs100.v1@audit_v1.o8,student.h.cls~student.z.proj.out,525,0.8233815836761802,0.8296340805191679,0.0042239891793219315,0.894626304510365,0.6814434297841198,0.6951454391228141
in1k.floorssl.s0.e27lmcb5.extL,in1k.pairs100.v1@audit_v1.o8,student.h.cls~student.z.proj.out,526,0.9042715466896951,0.9065803813271134,0.008816792244810488,1.0004781568322365,0.8240539799046215,0.8312116713532369
in1k.floorssl.s0.e27lmcb5.extL,in1k.pairs100.v1@audit_v1.o8,student.h.cls~student.z.proj.out,527,0.9578143479634994,0.9528778285175984,0.024386633939553762,1.1090400324580967,0.9334043175712574,0.9387652087111298
in1k.floorssl.s0.e27lmcb5.extL,in1k.pairs100.v1@audit_v1.o8,student.h.cls~student.z.proj.out,528,0.8722785876670904,0.8782592982776646,0.00694335278062382,0.9615860813706403,0.7661282173863857,0.7790480793085639
in1k.floorssl.s0.e27lmcb5.extL,in1k.pairs100.v1@audit_v1.o8,student.h.cls~student.z.proj.out,529,0.9874161119559954,0.9909744216397148,0.015912961342170535,1.1171210083639322,0.9799422894076952,0.9883688639349959
in1k.floorssl.s0.e27lmcb5.extL,in1k.pairs100.v1@audit_v1.o8,student.h.cls~student.z.proj.out,530,0.8723237321724633,0.8870019263483573,0.04534476992467438,1.0999450406410585,0.7847829058143768,0.799202525309202
in1k.floorssl.s0.e27lmcb5.extL,in1k.pairs100.v1@audit_v1.o8,student.h.cls~student.z.proj.out,531,0.9641671428403189,0.988497549211992,0.020034930697575344,1.1300423502382937,0.9470648970843119,0.9516169506768659
in1k.floorssl.s0.e27lmcb5.extL,in1k.pairs100.v1@audit_v1.o8,student.h.cls~student.z.proj.out,532,1.0085956756582393,1.0278293815096344,0.007869909116538404,1.1165418897400887,1.032728517454369,1.0364052133618902
in1k.floorssl.s0.e27lmcb5.extL,in1k.pairs100.v1@audit_v1.o8,student.h.cls~student.z.proj.out,533,0.8711384281547726,0.7242105977031291,0.2567695293392062,1.2309349106576253,0.812205297661921,0.8130446407762087
in1k.floorssl.s0.e27lmcb5.extL,in1k.pairs100.v1@audit_v1.o8,student.h.cls~student.z.proj.out,534,1.005642797130233,1.0145151818305036,0.001602543416543842,1.0545469619126313,1.0183269535712287,1.0194726975011674
in1k.floorssl.s0.e27lmcb5.extL,in1k.pairs100.v1@audit_v1.o8,student.h.cls~student.z.proj.out,535,0.9477062510961368,0.9335872577629027,0.037749480685045335,1.1278795136174409,0.931638698286681,0.9271581754027761
in1k.floorssl.s0.e27lmcb5.extL,in1k.pairs100.v1@audit_v1.o8,student.h.cls~student.z.proj.out,536,0.8103818973133258,0.8066898986273455,0.02322115378821413,0.9590747856346014,0.6631834050689679,0.6719145644019084
in1k.floorssl.s0.e27lmcb5.extL,in1k.pairs100.v1@audit_v1.o8,student.h.cls~student.z.proj.out,537,0.8951488365856214,0.8601858240977206,0.06534767224599827,1.115817731820521,0.8385685204694006,0.8452900645989215
in1k.floorssl.s0.e27lmcb5.extL,in1k.pairs100.v1@audit_v1.o8,student.h.cls~student.z.proj.out,538,0.934322224777367,0.927848552001653,0.05792093483214261,1.1685162374771705,0.8811815069627427,0.8909118980829165
in1k.floorssl.s0.e27lmcb5.extL,in1k.pairs100.v1@audit_v1.o8,student.h.cls~student.z.proj.out,539,0.9067964598208806,0.908285732592566,0.02410077022606574,1.063529960266466,0.8298589507264564,0.8447471155524771
in1k.floorssl.s0.e27lmcb5.extL,in1k.pairs100.v1@audit_v1.o8,student.h.cls~student.z.proj.out,540,0.8950113906254172,0.9088394240324132,0.06444047411165167,1.1626907074872181,0.8198259765353205,0.8460850545458685
in1k.floorssl.s0.e27lmcb5.extL,in1k.pairs100.v1@audit_v1.o8,student.h.cls~student.z.proj.out,541,0.9539285654281064,0.9581595843287545,0.0008748770913287789,0.9877379056355626,0.912629498766077,0.916921103346206
in1k.floorssl.s0.e27lmcb5.extL,in1k.pairs100.v1@audit_v1.o8,student.h.cls~student.z.proj.out,542,1.0366204090742048,1.0389836705297633,0.0019190084465896874,1.082790159165463,1.0759789028615365,1.0788973173389222
in1k.floorssl.s0.e27lmcb5.extL,in1k.pairs100.v1@audit_v1.o8,student.h.cls~student.z.proj.out,543,1.0370310413868478,1.040403887771841,0.0019799961720645565,1.0849010356811684,1.0770376565342665,1.0822975431637765
in1k.floorssl.s0.e27lmcb5.extL,in1k.pairs100.v1@audit_v1.o8,student.h.cls~student.z.proj.out,544,0.8862462381652255,0.8805081040967152,0.017725837367048223,1.0136465184144778,0.791264886766595,0.8021183496872057
in1k.floorssl.s0.e27lmcb5.extL,in1k.pairs100.v1@audit_v1.o8,student.h.cls~student.z.proj.out,545,1.0734823500072435,1.0749908092073286,0.016657234229710775,1.2040537172394614,1.1692742581917217,1.164690239262003
in1k.floorssl.s0.e27lmcb5.extL,in1k.pairs100.v1@audit_v1.o8,student.h.cls~student.z.proj.out,546,1.00122866639465,1.014942780123561,0.0032104631398787876,1.0716037291085436,1.0123768481152822,1.0140810990827966
in1k.floorssl.s0.e27lmcb5.extL,in1k.pairs100.v1@audit_v1.o8,student.h.cls~student.z.proj.out,547,0.7916166004355962,0.6927137950398427,0.16519019749388242,1.0991497647741693,0.6835665089530597,0.6922250305047211
in1k.floorssl.s0.e27lmcb5.extL,in1k.pairs100.v1@audit_v1.o8,student.h.cls~student.z.proj.out,548,0.8916515835132145,0.838292684181409,0.09204034638850603,1.141674203705104,0.8386821478434708,0.83808349218402
in1k.floorssl.s0.e27lmcb5.extL,in1k.pairs100.v1@audit_v1.o8,student.h.cls~student.z.proj.out,549,0.8916031478422273,0.8953261070818077,0.004361307088806145,0.9613663000615844,0.7991258420421218,0.8065127479260802
in1k.floorssl.s0.e27lmcb5.extL,in1k.pairs100.v1@audit_v1.o8,student.h.cls~student.z.proj.out,550,1.0316806907531946,1.0435113017352162,0.003438792734817117,1.1021525221762773,1.079361214407595,1.0742057555538516
in1k.floorssl.s0.e27lmcb5.extL,in1k.pairs100.v1@audit_v1.o8,student.h.cls~student.z.proj.out,551,0.9905462814419068,0.9935177472646869,0.0037998646585059134,1.0551607895201265,0.9849894390230953,0.9915848680497191
in1k.floorssl.s0.e27lmcb5.extL,in1k.pairs100.v1@audit_v1.o8,student.h.cls~student.z.proj.out,552,0.9080204662098624,0.9189537269490156,0.004205398956315551,0.9838027744078299,0.8317634219375553,0.8399294551329273
in1k.floorssl.s0.e27lmcb5.extL,in1k.pairs100.v1@audit_v1.o8,student.h.cls~student.z.proj.out,553,0.8162457948873442,0.8147238554846682,0.01541067485679105,0.9388635947174822,0.6712178403294216,0.6869433000338618
in1k.floorssl.s0.e27lmcb5.extL,in1k.pairs100.v1@audit_v1.o8,student.h.cls~student.z.proj.out,554,0.8931387575148718,0.8764636031473039,0.07157917834572156,1.1440064564357473,0.8259161979605187,0.835256332680834
in1k.floorssl.s0.e27lmcb5.extL,in1k.pairs100.v1@audit_v1.o8,student.h.cls~student.z.proj.out,555,1.015786481205853,1.0209161977035974,0.034061659869786924,1.2054742099105642,1.052657817961865,1.0605173844482818
in1k.floorssl.s0.e27lmcb5.extL,in1k.pairs100.v1@audit_v1.o8,student.h.cls~student.z.proj.out,556,1.2770073874216006,1.2934408552742944,0.0034698086394273292,1.3523459368838409,1.648822441137931,1.6411782860283288
in1k.floorssl.s0.e27lmcb5.extL,in1k.pairs100.v1@audit_v1.o8,student.h.cls~student.z.proj.out,557,0.9811139703055206,0.9924957433569612,0.009119585700743163,1.087992265287046,0.9794921930733396,0.9823198193355713
in1k.floorssl.s0.e27lmcb5.extL,in1k.pairs100.v1@audit_v1.o8,student.h.cls~student.z.proj.out,558,0.977365107237646,0.9780274396154919,0.000984699919616918,1.0094073682262603,0.9553722080709279,0.9598636265738337
in1k.floorssl.s0.e27lmcb5.extL,in1k.pairs100.v1@audit_v1.o8,student.h.cls~student.z.proj.out,559,0.9984605905226249,1.0107527833549559,0.004949933157959691,1.0811085447250077,1.0080417081472737,1.0078176889299433
in1k.floorssl.s0.e27lmcb5.extL,in1k.pairs100.v1@audit_v1.o8,student.h.cls~student.z.proj.out,560,1.1197188555542332,1.124657546242564,0.011892113787541328,1.233708515002779,1.2694733283860065,1.2649564104921873
in1k.floorssl.s0.e27lmcb5.extL,in1k.pairs100.v1@audit_v1.o8,student.h.cls~student.z.proj.out,561,0.9216687748940106,0.9375086313675882,0.0021404532648728243,0.9837736642204116,0.8583522963066335,0.8633660775831812
in1k.floorssl.s0.e27lmcb5.extL,in1k.pairs100.v1@audit_v1.o8,student.h.cls~student.z.proj.out,562,0.9889119075053764,0.9915335530226268,0.01572523552659744,1.1169338541649982,0.982754295047772,0.9944742649817844
in1k.floorssl.s0.e27lmcb5.extL,in1k.pairs100.v1@audit_v1.o8,student.h.cls~student.z.proj.out,563,1.193867427798833,1.2096038553699804,0.005904991846923883,1.2864478001341835,1.4408133671897487,1.436584225941867
in1k.floorssl.s0.e27lmcb5.extL,in1k.pairs100.v1@audit_v1.o8,student.h.cls~student.z.proj.out,564,0.7692607614252571,0.7845981523313337,0.015521557750550904,0.9091836962381246,0.6032388681438613,0.6273903863806374
in1k.floorssl.s0.e27lmcb5.extL,in1k.pairs100.v1@audit_v1.o8,student.h.cls~student.z.proj.out,565,0.8593851865817954,0.6761392495306829,0.29027036166893994,1.2149066962727257,0.8068647672662874,0.8253149277308534
in1k.floorssl.s0.e27lmcb5.extL,in1k.pairs100.v1@audit_v1.o8,student.h.cls~student.z.proj.out,566,0.9211452557061882,0.9178891607339204,0.07333887562214265,1.188700673824008,0.8779336954851051,0.8868268334032859
in1k.floorssl.s0.e27lmcb5.extL,in1k.pairs100.v1@audit_v1.o8,student.h.cls~student.z.proj.out,567,1.0055042103142109,1.0106588774448988,0.009716243138268507,1.1092298830107776,1.0165749076448447,1.022465238721694
in1k.floorssl.s0.e27lmcb5.extL,in1k.pairs100.v1@audit_v1.o8,student.h.cls~student.z.proj.out,568,0.9484350632624,0.9581537151139242,0.0009309297445315481,0.9886648564319993,0.9060434885619091,0.9100144151914741
in1k.floorssl.s0.e27lmcb5.extL,in1k.pairs100.v1@audit_v1.o8,student.h.cls~student.z.proj.out,569,0.8469408930399391,0.8535198141138484,0.00951519146357416,0.9510656569959218,0.7239326414500903,0.7324018227986724
in1k.floorssl.s0.e27lmcb5.extL,in1k.pairs100.v1@audit_v1.o8,student.h.cls~student.z.proj.out,570,1.035831324550484,1.0379152700382208,0.0011040546221836097,1.0711425874469978,1.0745840193614955,1.0789495634389654
in1k.floorssl.s0.e27lmcb5.extL,in1k.pairs100.v1@audit_v1.o8,student.h.cls~student.z.proj.out,571,0.9700017681288899,0.9916907063950929,0.005017490140795096,1.06252495052034,0.9558074190894801,0.9568777017182895
in1k.floorssl.s0.e27lmcb5.extL,in1k.pairs100.v1@audit_v1.o8,student.h.cls~student.z.proj.out,572,1.079014844612376,1.092221680324557,0.006683463385308177,1.173974132185698,1.176686573248671,1.180072793443462
in1k.floorssl.s0.e27lmcb5.extL,in1k.pairs100.v1@audit_v1.o8,student.h.cls~student.z.proj.out,573,0.9929355674932896,0.9619235837661069,0.09035239634035136,1.262510337200704,1.0312385441684344,1.0226597403946036
in1k.floorssl.s0.e27lmcb5.extL,in1k.pairs100.v1@audit_v1.o8,student.h.cls~student.z.proj.out,574,0.8502820430215693,0.7826522756119038,0.1938966190467141,1.2229892137021736,0.7757160252859251,0.7886084019311609
in1k.floorssl.s0.e27lmcb5.extL,in1k.pairs100.v1@audit_v1.o8,student.h.cls~student.z.proj.out,575,0.9042442041518693,0.918340787295882,0.0019896973735729906,0.962946811256475,0.8266121628851594,0.831370947881589
in1k.floorssl.s0.e27lmcb5.extL,in1k.pairs100.v1@audit_v1.o8,student.h.cls~student.z.proj.out,576,1.0117935421178703,0.8124123484013015,0.4165481239653381,1.4578177434557107,1.1530949553518488,1.1041088396745622
in1k.floorssl.s0.e27lmcb5.extL,in1k.pairs100.v1@audit_v1.o8,student.h.cls~student.z.proj.out,577,1.1086672574022909,1.1225324756496806,0.0019028387008919996,1.1661540150641947,1.2393325018932528,1.2410339951511378
in1k.floorssl.s0.e27lmcb5.extL,in1k.pairs100.v1@audit_v1.o8,student.h.cls~student.z.proj.out,578,0.8377071332585696,0.8425638971666051,0.018340775244990715,0.9779920155356894,0.7139211704868982,0.7222314092594134
in1k.floorssl.s0.e27lmcb5.extL,in1k.pairs100.v1@audit_v1.o8,student.h.cls~student.z.proj.out,579,0.8781838980024413,0.8873709520771255,0.01226162015435845,0.9981031522465362,0.7822406290665022,0.7877091637664506
in1k.floorssl.s0.e27lmcb5.extL,in1k.pairs100.v1@audit_v1.o8,student.h.cls~student.z.proj.out,580,0.9181306008289776,0.9349158676414075,0.004301544583634807,1.0005020291667996,0.8529866823687363,0.8619143633710699
in1k.floorssl.s0.e27lmcb5.extL,in1k.pairs100.v1@audit_v1.o8,student.h.cls~student.z.proj.out,581,0.9410218225007946,0.9716662518209475,0.026862023109213262,1.13556263100369,0.9198102784767784,0.9173513317400128
in1k.floorssl.s0.e27lmcb5.extL,in1k.pairs100.v1@audit_v1.o8,student.h.cls~student.z.proj.out,582,0.9880637957917331,0.9822764304785258,0.023570137498610238,1.1358021205066453,0.9894712744225668,0.9933309199569889
in1k.floorssl.s0.e27lmcb5.extL,in1k.pairs100.v1@audit_v1.o8,student.h.cls~student.z.proj.out,583,0.9355615900215135,0.9404704503338042,0.0012831222309879376,0.9762911459019801,0.878056049330568,0.884046966073349
in1k.floorssl.s0.e27lmcb5.extL,in1k.pairs100.v1@audit_v1.o8,student.h.cls~student.z.proj.out,584,0.9913132632598683,0.9932276123162238,0.0048866116101641075,1.0631319155468841,0.9856602890529107,0.9894316115838061
in1k.floorssl.s0.e27lmcb5.extL,in1k.pairs100.v1@audit_v1.o8,student.h.cls~student.z.proj.out,585,0.7989910608106455,0.7988967337429005,0.003540002012779832,0.8583946497801856,0.6377571451863752,0.6446972660713397
in1k.floorssl.s0.e27lmcb5.extL,in1k.pairs100.v1@audit_v1.o8,student.h.cls~student.z.proj.out,586,0.7721637606185601,0.7079683463645857,0.12489996091825947,1.0613802320139785,0.6274937878496989,0.6483666628668183
in1k.floorssl.s0.e27lmcb5.extL,in1k.pairs100.v1@audit_v1.o8,student.h.cls~student.z.proj.out,587,1.0563118739013864,1.0592408565827212,0.0018637627817327852,1.1024121755541492,1.1176547955046874,1.1207008430863172
in1k.floorssl.s0.e27lmcb5.extL,in1k.pairs100.v1@audit_v1.o8,student.h.cls~student.z.proj.out,588,0.8901331255946894,0.871398788848202,0.0988043277639283,1.1857303459084632,0.8170255906907736,0.8335338377283352
in1k.floorssl.s0.e27lmcb5.extL,in1k.pairs100.v1@audit_v1.o8,student.h.cls~student.z.proj.out,589,0.9586816392295329,0.9594584556742818,0.0011632622905580702,0.9935650868558874,0.9195391297385206,0.9257003763003063
in1k.floorssl.s0.e27lmcb5.extL,in1k.pairs100.v1@audit_v1.o8,student.h.cls~student.z.proj.out,590,1.076170203441671,1.0841907546466865,0.0174010900602366,1.216103946027369,1.1816224436914733,1.176501552665999
in1k.floorssl.s0.e27lmcb5.extL,in1k.pairs100.v1@audit_v1.o8,student.h.cls~student.z.proj.out,591,0.8215013417157786,0.8176816195317015,0.01749172201068672,0.949937893525364,0.6788008022476413,0.6941274279504317
in1k.floorssl.s0.e27lmcb5.extL,in1k.pairs100.v1@audit_v1.o8,student.h.cls~student.z.proj.out,592,1.0466950408525684,1.0562709461414777,0.0029265032146541226,1.1103681107127759,1.102603761436559,1.1055149472085877
in1k.floorssl.s0.e27lmcb5.extL,in1k.pairs100.v1@audit_v1.o8,student.h.cls~student.z.proj.out,593,0.8671307940852815,0.8667334408718307,0.0019346702479389006,0.9107183274573262,0.7516928127749205,0.7580760971629712
in1k.floorssl.s0.e27lmcb5.extL,in1k.pairs100.v1@audit_v1.o8,student.h.cls~student.z.proj.out,594,1.1552091220771856,1.1707287456203601,0.00102162024520184,1.2026915403229803,1.3457116932817796,1.3425819402435664
in1k.floorssl.s0.e27lmcb5.extL,in1k.pairs100.v1@audit_v1.o8,student.h.cls~student.z.proj.out,595,1.2349454039009777,1.266745632912386,0.014787523952334044,1.3883495964675845,1.5670797519814037,1.5484702686975356
in1k.floorssl.s0.e27lmcb5.extL,in1k.pairs100.v1@audit_v1.o8,student.h.cls~student.z.proj.out,596,1.0148336011514394,1.018057574458435,0.0012736242108960874,1.053745446500574,1.0318163232488808,1.0362233984060822
in1k.floorssl.s0.e27lmcb5.extL,in1k.pairs100.v1@audit_v1.o8,student.h.cls~student.z.proj.out,597,0.9839320109864628,0.991324256951373,0.004911956213509962,1.061409606444045,0.9753710607957287,0.983482088823995
in1k.floorssl.s0.e27lmcb5.extL,in1k.pairs100.v1@audit_v1.o8,student.h.cls~student.z.proj.out,598,0.8712397288478485,0.8787560745641234,0.019277172384790837,1.0175983317655635,0.7718102704319398,0.7822148166737134
in1k.floorssl.s0.e27lmcb5.extL,in1k.pairs100.v1@audit_v1.o8,student.h.cls~student.z.proj.out,599,0.8604860998268942,0.7490981027807457,0.20552100681450788,1.2024423503614423,0.7932118529618757,0.7931141699391634
in1k.floorssl.s0.e27lmcb5.extL,in1k.pairs100.v1@audit_v1.o8,student.h.cls~student.z.proj.out,600,0.9040080397234029,0.9036350602556474,0.001208263611621145,0.9383951467288014,0.8167052896645761,0.8231715377725979
in1k.floorssl.s0.e27lmcb5.extL,in1k.pairs100.v1@audit_v1.o8,student.h.cls~student.z.proj.out,601,0.8282640012601644,0.8266701140159448,0.027157503023685404,0.9914654507936747,0.7020886727780707,0.7106495554926446
in1k.floorssl.s0.e27lmcb5.extL,in1k.pairs100.v1@audit_v1.o8,student.h.cls~student.z.proj.out,602,0.992527276832694,0.9692440203748471,0.08603922319596734,1.262568453717805,1.0037014347595936,1.010775122941605
in1k.floorssl.s0.e27lmcb5.extL,in1k.pairs100.v1@audit_v1.o8,student.h.cls~student.z.proj.out,603,1.057786348188932,1.0937889097312878,0.004190020635138489,1.1585192784552376,1.1439031134294209,1.1418879981716872
in1k.floorssl.s0.e27lmcb5.extL,in1k.pairs100.v1@audit_v1.o8,student.h.cls~student.z.proj.out,604,0.9673633461114332,0.9761634685128112,0.001563042714897785,1.0156988035297019,0.9413884942870273,0.9459823837912071
in1k.floorssl.s0.e27lmcb5.extL,in1k.pairs100.v1@audit_v1.o8,student.h.cls~student.z.proj.out,605,1.1082770936711932,1.11709105071038,0.0037463746503336934,1.1782986862661968,1.2370641544910526,1.2378159272241933
in1k.floorssl.s0.e27lmcb5.extL,in1k.pairs100.v1@audit_v1.o8,student.h.cls~student.z.proj.out,606,0.8806648562232635,0.8836800951176035,0.0020462513009397187,0.9289156044099693,0.7778619528834639,0.7821769148391942
in1k.floorssl.s0.e27lmcb5.extL,in1k.pairs100.v1@audit_v1.o8,student.h.cls~student.z.proj.out,607,0.6847620747521925,0.4648496074460906,0.27742816505392626,0.9915641079621921,0.5434636450162068,0.5870001656079628
in1k.floorssl.s0.e27lmcb5.extL,in1k.pairs100.v1@audit_v1.o8,student.h.cls~student.z.proj.out,608,1.0969477589372103,1.0627381229806816,0.10117279679427425,1.3808148382464713,1.2395859672491103,1.2320095147231074
in1k.floorssl.s0.e27lmcb5.extL,in1k.pairs100.v1@audit_v1.o8,student.h.cls~student.z.proj.out,609,1.0301530244269803,1.0432673952461369,0.010533679944638984,1.1459011126329635,1.0723267655425703,1.0735470099377509
in1k.floorssl.s0.e27lmcb5.extL,in1k.pairs100.v1@audit_v1.o8,student.h.cls~student.z.proj.out,610,0.9780436922784198,0.9872950177681402,0.005244455876495627,1.0597136333065198,0.9665280963869128,0.9703091734477786
in1k.floorssl.s0.e27lmcb5.extL,in1k.pairs100.v1@audit_v1.o8,student.h.cls~student.z.proj.out,611,1.0022899577645368,1.0014499999347661,0.02805045977837561,1.1689327147992428,1.0265910035922232,1.0250533391610166
in1k.floorssl.s0.e27lmcb5.extL,in1k.pairs100.v1@audit_v1.o8,student.h.cls~student.z.proj.out,612,0.9952396161743529,1.0257237054222539,0.005840325455799273,1.1021457274826474,1.0106931432517958,1.008562794496732
in1k.floorssl.s0.e27lmcb5.extL,in1k.pairs100.v1@audit_v1.o8,student.h.cls~student.z.proj.out,613,0.8847473363936019,0.8852174507318508,0.003977129621050158,0.9482819385284718,0.7826631150031046,0.7903646144010723
in1k.floorssl.s0.e27lmcb5.extL,in1k.pairs100.v1@audit_v1.o8,student.h.cls~student.z.proj.out,614,0.8774803810532122,0.8830864780530048,0.0014853050487378268,0.9216261335877631,0.7732607838192025,0.7787962137396307
in1k.floorssl.s0.e27lmcb5.extL,in1k.pairs100.v1@audit_v1.o8,student.h.cls~student.z.proj.out,615,1.113596519828662,1.1205312548130104,0.0031405264755810253,1.1765716552004186,1.2477144341468345,1.2472490931479414
in1k.floorssl.s0.e27lmcb5.extL,in1k.pairs100.v1@audit_v1.o8,student.h.cls~student.z.proj.out,616,1.1623144010839153,1.1716511780444954,0.002573525956712884,1.2223811096107107,1.3584198605572715,1.3614906142005174
in1k.floorssl.s0.e27lmcb5.extL,in1k.pairs100.v1@audit_v1.o8,student.h.cls~student.z.proj.out,617,0.9733541139850296,0.9920225891723061,0.0034886129966290483,1.0510870708565556,0.9606668997452507,0.9634733235077558
in1k.floorssl.s0.e27lmcb5.extL,in1k.pairs100.v1@audit_v1.o8,student.h.cls~student.z.proj.out,618,1.0802997361225881,1.0815695413467419,0.0011654658681849522,1.1157084614846864,1.1676189798980845,1.1723356347486742
in1k.floorssl.s0.e27lmcb5.extL,in1k.pairs100.v1@audit_v1.o8,student.h.cls~student.z.proj.out,619,0.9103150524107899,0.9148129950471163,0.00408062988855281,0.9786928031914182,0.8337887686743539,0.8399115184524296
in1k.floorssl.s0.e27lmcb5.extL,in1k.pairs100.v1@audit_v1.o8,student.h.cls~student.z.proj.out,620,0.9365248497831078,0.9386203182698732,0.01225110653560614,1.0493050350812114,0.885952139314589,0.8892501915243389
in1k.floorssl.s0.e27lmcb5.extL,in1k.pairs100.v1@audit_v1.o8,student.h.cls~student.z.proj.out,621,1.110081907072319,1.1173253104719336,0.004260086931057203,1.1825946519046246,1.2404080353657922,1.2435790654976153
in1k.floorssl.s0.e27lmcb5.extL,in1k.pairs100.v1@audit_v1.o8,student.h.cls~student.z.proj.out,622,0.818610087055192,0.7502695979035646,0.16327477585452516,1.1543423337501262,0.7097374985091474,0.7274446878426101
in1k.floorssl.s0.e27lmcb5.extL,in1k.pairs100.v1@audit_v1.o8,student.h.cls~student.z.proj.out,623,0.8979912230692585,0.8988959160385723,0.004595131053824224,0.9666833120191248,0.8076311619970727,0.816103488897044
in1k.floorssl.s0.e27lmcb5.extL,in1k.pairs100.v1@audit_v1.o8,student.h.cls~student.z.proj.out,624,1.0362543794730406,1.026435555463477,0.05641518564024331,1.263954366592708,1.1042410401044003,1.0987995742312662
in1k.floorssl.s0.e27lmcb5.extL,in1k.pairs100.v1@audit_v1.o8,student.h.cls~student.z.proj.out,625,0.7754383772726481,0.729308046414005,0.1281710124777216,1.087317840243338,0.6319067914766936,0.6572514026295082
in1k.floorssl.s0.e27lmcb5.extL,in1k.pairs100.v1@audit_v1.o8,student.h.cls~student.z.proj.out,626,0.9388445408639005,0.9400853795313102,0.0030713869800969122,0.9955054749850074,0.8819010750802541,0.8872149527027415
in1k.floorssl.s0.e27lmcb5.extL,in1k.pairs100.v1@audit_v1.o8,student.h.cls~student.z.proj.out,627,1.0694698485368521,1.0780472843013904,0.010129332666417582,1.1786918701787121,1.1557891308843047,1.154497238992972
in1k.floorssl.s0.e27lmcb5.extL,in1k.pairs100.v1@audit_v1.o8,student.h.cls~student.z.proj.out,628,1.1032471879739696,1.0571504295482992,0.10100637059183439,1.3749654238324494,1.2908046941200335,1.2618332693661916
in1k.floorssl.s0.e27lmcb5.extL,in1k.pairs100.v1@audit_v1.o8,student.h.cls~student.z.proj.out,629,0.9930336082624373,0.9960918464740404,0.002941992362051372,1.0503319825547268,0.9884975243030557,0.9940657826151669
in1k.floorssl.s0.e27lmcb5.extL,in1k.pairs100.v1@audit_v1.o8,student.h.cls~student.z.proj.out,630,1.0834612058863649,1.097599046484553,0.004903495104934208,1.1676240070695774,1.1864894718666212,1.187620616263087
in1k.floorssl.s0.e27lmcb5.extL,in1k.pairs100.v1@audit_v1.o8,student.h.cls~student.z.proj.out,631,1.1130994291790113,1.1167831614012378,0.016522448024388632,1.2453228363050923,1.2558380289317326,1.2558580809412918
in1k.floorssl.s0.e27lmcb5.extL,in1k.pairs100.v1@audit_v1.o8,student.h.cls~student.z.proj.out,632,0.9567444297224131,0.9607681830757263,0.0071960204196638905,1.0455975436748957,0.9249586788874201,0.9255268332228778
in1k.floorssl.s0.e27lmcb5.extL,in1k.pairs100.v1@audit_v1.o8,student.h.cls~student.z.proj.out,633,1.1197825727484052,1.1224959632086282,0.002314535239633521,1.1706055801228537,1.2569397649254233,1.259424889193423
in1k.floorssl.s0.e27lmcb5.extL,in1k.pairs100.v1@audit_v1.o8,student.h.cls~student.z.proj.out,634,1.0074709793828496,1.016568074678916,0.0012994343252797763,1.05261574208306,1.0202741830294653,1.0242262109805926
in1k.floorssl.s0.e27lmcb5.extL,in1k.pairs100.v1@audit_v1.o8,student.h.cls~student.z.proj.out,635,1.0212487351656907,1.0235111438172486,0.020043512027099322,1.1650862547199046,1.056776017015666,1.0574376315030363
in1k.floorssl.s0.e27lmcb5.extL,in1k.pairs100.v1@audit_v1.o8,student.h.cls~student.z.proj.out,636,0.8266291211693868,0.8276182590808857,0.004680104444009388,0.8960295479447083,0.6855620346129576,0.6935295983166936
in1k.floorssl.s0.e27lmcb5.extL,in1k.pairs100.v1@audit_v1.o8,student.h.cls~student.z.proj.out,637,0.9621842634919384,0.9299024237292176,0.09213689698482613,1.2334430256012343,0.944909986556146,0.9502642700903525
in1k.floorssl.s0.e27lmcb5.extL,in1k.pairs100.v1@audit_v1.o8,student.h.cls~student.z.proj.out,638,1.060648731014108,1.0609782418376494,0.01704253863734498,1.191525316248932,1.14247685206135,1.1373194999900558
in1k.floorssl.s0.e27lmcb5.extL,in1k.pairs100.v1@audit_v1.o8,student.h.cls~student.z.proj.out,639,0.9529700226760899,0.9309963533729976,0.052792116983266066,1.1607617053807928,0.9246144000452465,0.9343171106887154
in1k.floorssl.s0.e27lmcb5.extL,in1k.pairs100.v1@audit_v1.o8,student.h.cls~student.z.proj.out,640,0.6491515750956828,0.3258693515401646,0.29052877361679025,0.864876562639228,0.5028760479715685,0.5217426135858839
in1k.floorssl.s0.e27lmcb5.extL,in1k.pairs100.v1@audit_v1.o8,student.h.cls~student.z.proj.out,641,1.1229076419830148,1.1261746197804483,0.0023694413844556786,1.1748515279038663,1.2633952397151207,1.2663884525241624
in1k.floorssl.s0.e27lmcb5.extL,in1k.pairs100.v1@audit_v1.o8,student.h.cls~student.z.proj.out,642,0.9700664271469919,0.9764351172077014,0.0013623777128521843,1.0133455183549687,0.9451466708662537,0.947663103658521
in1k.floorssl.s0.e27lmcb5.extL,in1k.pairs100.v1@audit_v1.o8,student.h.cls~student.z.proj.out,643,1.0758391718530185,1.0805712711664575,0.0007927701862714625,1.108727446089047,1.1607852243395853,1.1633454773042609
in1k.floorssl.s0.e27lmcb5.extL,in1k.pairs100.v1@audit_v1.o8,student.h.cls~student.z.proj.out,644,1.0791170103970844,1.0794498731671907,0.01227152337434557,1.1902267812949479,1.179671400679626,1.1775612593398943
in1k.floorssl.s0.e27lmcb5.extL,in1k.pairs100.v1@audit_v1.o8,student.h.cls~student.z.proj.out,645,0.7994769118885635,0.772648890183189,0.12914516029510525,1.1320166131287888,0.6704568336881642,0.7049151452926989
in1k.floorssl.s0.e27lmcb5.extL,in1k.pairs100.v1@audit_v1.o8,student.h.cls~student.z.proj.out,646,0.8757727797612973,0.8000276764671731,0.2403754872031223,1.2903087052691473,0.8193658587118837,0.837545653171424
in1k.floorssl.s0.e27lmcb5.extL,in1k.pairs100.v1@audit_v1.o8,student.h.cls~student.z.proj.out,647,0.9854660670341762,0.9633162139717959,0.027612544773063945,1.1294864422711635,0.9974838289599612,0.9919724288219651
in1k.floorssl.s0.e27lmcb5.extL,in1k.pairs100.v1@audit_v1.o8,student.h.cls~student.z.proj.out,648,1.1346097317493327,1.117743242145551,0.08137276110636774,1.4030023543687502,1.306835452384837,1.3181056287990818
in1k.floorssl.s0.e27lmcb5.extL,in1k.pairs100.v1@audit_v1.o8,student.h.cls~student.z.proj.out,649,0.9465644895452492,0.9655452204017907,0.056686995305890844,1.203635529540762,0.9214415824066913,0.9383646042131226
in1k.floorssl.s0.e27lmcb5.extL,in1k.pairs100.v1@audit_v1.o8,student.h.cls~student.z.proj.out,650,1.0321168092292328,1.0345111742048099,0.002525939690383905,1.0847699017094325,1.068972010687305,1.0711561168389099
in1k.floorssl.s0.e27lmcb5.extL,in1k.pairs100.v1@audit_v1.o8,student.h.cls~student.z.proj.out,651,0.887368876861722,0.8922174288694397,0.005403311941224497,0.9657246526044203,0.7930445604010478,0.7999157902014086
in1k.floorssl.s0.e27lmcb5.extL,in1k.pairs100.v1@audit_v1.o8,student.h.cls~student.z.proj.out,652,0.8650559314151095,0.8664227249328913,0.00573025382455906,0.942121164973351,0.7496468413929794,0.7581296530618704
in1k.floorssl.s0.e27lmcb5.extL,in1k.pairs100.v1@audit_v1.o8,student.h.cls~student.z.proj.out,653,1.064006820731145,1.0744920735186942,0.003963895285565904,1.137451546877085,1.1408730562397735,1.1436208493583389
in1k.floorssl.s0.e27lmcb5.extL,in1k.pairs100.v1@audit_v1.o8,student.h.cls~student.z.proj.out,654,0.8670331824353684,0.8668456926714626,0.01468765848589434,0.9880383429679815,0.7556113909999381,0.7646347806909791
in1k.floorssl.s0.e27lmcb5.extL,in1k.pairs100.v1@audit_v1.o8,student.h.cls~student.z.proj.out,655,1.0238697404537853,1.032523947242937,0.00328508129936085,1.0898395759960167,1.055567898078429,1.0586522954176303
in1k.floorssl.s0.e27lmcb5.extL,in1k.pairs100.v1@audit_v1.o8,student.h.cls~student.z.proj.out,656,0.9032435142954459,0.9059742442763684,0.021287962418626807,1.051878193567081,0.8238032551345683,0.8330572057927998
in1k.floorssl.s0.e27lmcb5.extL,in1k.pairs100.v1@audit_v1.o8,student.h.cls~student.z.proj.out,657,1.0254374354309428,1.0360085486849284,0.0038957546049534436,1.0984245290501637,1.0585238471950347,1.0608716230076356
in1k.floorssl.s0.e27lmcb5.extL,in1k.pairs100.v1@audit_v1.o8,student.h.cls~student.z.proj.out,658,0.9818441756193852,0.9533078281916677,0.0421541818772892,1.1586226641809094,0.9835641172680963,0.9869477351041683
in1k.floorssl.s0.e27lmcb5.extL,in1k.pairs100.v1@audit_v1.o8,student.h.cls~student.z.proj.out,659,0.922461353675139,0.8901546165506988,0.06934172654172363,1.1534827892586788,0.8687383897457787,0.8767735835573496
in1k.floorssl.s0.e27lmcb5.extL,in1k.pairs100.v1@audit_v1.o8,student.h.cls~student.z.proj.out,660,0.7994440161520392,0.8126847412012398,0.03673239367306497,1.0043417099580918,0.6524158420285467,0.671744700772769
in1k.floorssl.s0.e27lmcb5.extL,in1k.pairs100.v1@audit_v1.o8,student.h.cls~student.z.proj.out,661,1.0020578393266648,1.0212410233860916,0.03925528078061915,1.2193704779874182,1.045408658962803,1.0403918218694228
in1k.floorssl.s0.e27lmcb5.extL,in1k.pairs100.v1@audit_v1.o8,student.h.cls~student.z.proj.out,662,1.0712161851151538,1.073933215824031,0.0022384214893906543,1.121245175087949,1.150905748530296,1.1535213026450903
in1k.floorssl.s0.e27lmcb5.extL,in1k.pairs100.v1@audit_v1.o8,student.h.cls~student.z.proj.out,663,0.8951419186066365,0.8985697314268185,0.010898334218769068,1.0029648185658648,0.8073221803861349,0.8134846163138566
in1k.floorssl.s0.e27lmcb5.extL,in1k.pairs100.v1@audit_v1.o8,student.h.cls~student.z.proj.out,664,0.9932591409545738,0.995263323083009,0.01959933523926306,1.135260948917389,0.9969336837229789,1.0028332106354263
in1k.floorssl.s0.e27lmcb5.extL,in1k.pairs100.v1@audit_v1.o8,student.h.cls~student.z.proj.out,665,1.0831877005303074,1.0930108168394306,0.042446104521284604,1.2990353409167468,1.1934524243443383,1.1980722134797361
in1k.floorssl.s0.e27lmcb5.extL,in1k.pairs100.v1@audit_v1.o8,student.h.cls~student.z.proj.out,666,0.8970261543781599,0.901265605384651,0.0018900124245285477,0.9447398785186385,0.8073454303446707,0.8131456158728058
in1k.floorssl.s0.e27lmcb5.extL,in1k.pairs100.v1@audit_v1.o8,student.h.cls~student.z.proj.out,667,1.1038284847409507,1.111328149650208,0.004866225587986191,1.1810864867002424,1.2302943226808063,1.2289467487065664
in1k.floorssl.s0.e27lmcb5.extL,in1k.pairs100.v1@audit_v1.o8,student.h.cls~student.z.proj.out,668,1.0000441243685254,1.0092863331995823,0.022518494738786917,1.159347969665359,1.0218354036195647,1.0232139158533937
in1k.floorssl.s0.e27lmcb5.extL,in1k.pairs100.v1@audit_v1.o8,student.h.cls~student.z.proj.out,669,0.7934153584766614,0.7549848785609399,0.10014329695902914,1.0714391358542004,0.6556413958081345,0.6833607607717154
in1k.floorssl.s0.e27lmcb5.extL,in1k.pairs100.v1@audit_v1.o8,student.h.cls~student.z.proj.out,670,0.9995629491695023,1.0117157801644525,0.0073054696292469265,1.0971878202082406,1.0077305550136841,1.0148548292107855
in1k.floorssl.s0.e27lmcb5.extL,in1k.pairs100.v1@audit_v1.o8,student.h.cls~student.z.proj.out,671,1.0295691101011297,1.0353949951150663,0.02530404421770709,1.1944674447023758,1.0862921270410033,1.0790643329436398
in1k.floorssl.s0.e27lmcb5.extL,in1k.pairs100.v1@audit_v1.o8,student.h.cls~student.z.proj.out,672,0.8773994623844291,0.8965290715256157,0.0029913855762718185,0.951222632172842,0.7816291303078113,0.7898967083888775
in1k.floorssl.s0.e27lmcb5.extL,in1k.pairs100.v1@audit_v1.o8,student.h.cls~student.z.proj.out,673,0.9034169251572077,0.905517768308818,0.0052581733505695175,0.9780310315823014,0.8158519402257027,0.824269516941339
in1k.floorssl.s0.e27lmcb5.extL,in1k.pairs100.v1@audit_v1.o8,student.h.cls~student.z.proj.out,674,1.1208207218292594,1.1259123120298105,0.0012986372227288235,1.1619489215086283,1.2600605050751919,1.2613587516996074
in1k.floorssl.s0.e27lmcb5.extL,in1k.pairs100.v1@audit_v1.o8,student.h.cls~student.z.proj.out,675,0.8642630553869614,0.8605681723260512,0.026437670407471213,1.0231648217609988,0.7601588388612558,0.7643602310432429
in1k.floorssl.s0.e27lmcb5.extL,in1k.pairs100.v1@audit_v1.o8,student.h.cls~student.z.proj.out,676,1.015256517087291,1.0186071909951464,0.0015685972386103974,1.0582127112999018,1.0329215882746128,1.0363195071402382
in1k.floorssl.s0.e27lmcb5.extL,in1k.pairs100.v1@audit_v1.o8,student.h.cls~student.z.proj.out,677,0.8956823582804765,0.9016867014220157,0.0049259503954092185,0.971871816620391,0.8067659150294231,0.8133050206160146
in1k.floorssl.s0.e27lmcb5.extL,in1k.pairs100.v1@audit_v1.o8,student.h.cls~student.z.proj.out,678,1.0785653183358332,1.0797132339745246,0.001005345700417626,1.111420420863582,1.1645751968697649,1.16766117524401
in1k.floorssl.s0.e27lmcb5.extL,in1k.pairs100.v1@audit_v1.o8,student.h.cls~student.z.proj.out,679,0.9681584209735922,0.9626002320624198,0.08877418494403005,1.26055020260115,0.972667228199896,0.976662636036598
in1k.floorssl.s0.e27lmcb5.extL,in1k.pairs100.v1@audit_v1.o8,student.h.cls~student.z.proj.out,680,1.006447884056043,1.008618652929859,0.007328096766644048,1.0942229563651658,1.0196529350130399,1.022460569612644
in1k.floorssl.s0.e27lmcb5.extL,in1k.pairs100.v1@audit_v1.o8,student.h.cls~student.z.proj.out,681,0.897919513704465,0.9020808813049229,0.013537853911649939,1.0184331649595635,0.8145105625717662,0.8197358205479093
in1k.floorssl.s0.e27lmcb5.extL,in1k.pairs100.v1@audit_v1.o8,student.h.cls~student.z.proj.out,682,1.1384286680126716,1.1651289770603537,0.024669357992000897,1.3221937980483804,1.342876035584106,1.3220778738333443
in1k.floorssl.s0.e27lmcb5.extL,in1k.pairs100.v1@audit_v1.o8,student.h.cls~student.z.proj.out,683,0.9701898141931037,0.975919079450208,0.0026430954655727364,1.027330123648636,0.9448740945588119,0.950427786666225
in1k.floorssl.s0.e27lmcb5.extL,in1k.pairs100.v1@audit_v1.o8,student.h.cls~student.z.proj.out,684,0.7653998070063209,0.7672726645911381,0.002697804181391306,0.819213055246112,0.5865758361359615,0.602477941752098
in1k.floorssl.s0.e27lmcb5.extL,in1k.pairs100.v1@audit_v1.o8,student.h.cls~student.z.proj.out,685,0.6467246975007154,0.31220081496541424,0.3220888466591237,0.8797295337622022,0.5097429255269769,0.5354573281802139
in1k.floorssl.s0.e27lmcb5.extL,in1k.pairs100.v1@audit_v1.o8,student.h.cls~student.z.proj.out,686,0.8294828181953257,0.8288056080320695,0.0047166759035331815,0.8974836678731365,0.6885477435362162,0.697207436669024
in1k.floorssl.s0.e27lmcb5.extL,in1k.pairs100.v1@audit_v1.o8,student.h.cls~student.z.proj.out,687,0.8055007807642158,0.782387944122465,0.10404509964578022,1.1049481705078337,0.6767985234181023,0.7013609663938006
in1k.floorssl.s0.e27lmcb5.extL,in1k.pairs100.v1@audit_v1.o8,student.h.cls~student.z.proj.out,688,0.8538300791618214,0.6060617191866954,0.3755188221757162,1.2188576249952412,0.8222135336941776,0.8049864824589075
in1k.floorssl.s0.e27lmcb5.extL,in1k.pairs100.v1@audit_v1.o8,student.h.cls~student.z.proj.out,689,0.9688755620496093,0.9771631022370947,0.007483478217531686,1.0636702014690749,0.9508374648322424,0.9552952918817853
in1k.floorssl.s0.e27lmcb5.extL,in1k.pairs100.v1@audit_v1.o8,student.h.cls~student.z.proj.out,690,0.8112043877574274,0.8287495358384226,0.005253050024562785,0.9012274636824413,0.6669390024203998,0.6903251013319629
in1k.floorssl.s0.e27lmcb5.extL,in1k.pairs100.v1@audit_v1.o8,student.h.cls~student.z.proj.out,691,0.8493393238836148,0.8495068765194099,0.0013467716022002077,0.8862052634349162,0.7214668096767057,0.7285034524144202
in1k.floorssl.s0.e27lmcb5.extL,in1k.pairs100.v1@audit_v1.o8,student.h.cls~student.z.proj.out,692,1.1325897658749813,1.145349203415463,0.002368829312408361,1.1940198240444253,1.2920252261096987,1.2914127358960896
in1k.floorssl.s0.e27lmcb5.extL,in1k.pairs100.v1@audit_v1.o8,student.h.cls~student.z.proj.out,693,1.0171601872594762,1.0148666687668377,0.028370043932166966,1.1833007625013514,1.0446447229099627,1.0492232110169133
in1k.floorssl.s0.e27lmcb5.extL,in1k.pairs100.v1@audit_v1.o8,student.h.cls~student.z.proj.out,694,0.8134212661330775,0.7482328943451633,0.22745762073180956,1.2251580674402827,0.7054748423297439,0.7269679038596324
in1k.floorssl.s0.e27lmcb5.extL,in1k.pairs100.v1@audit_v1.o8,student.h.cls~student.z.proj.out,695,1.0456439370795136,1.0584698830113943,0.0020055055866782835,1.103252754588352,1.1023362771718912,1.1038623402089345
in1k.floorssl.s0.e27lmcb5.extL,in1k.pairs100.v1@audit_v1.o8,student.h.cls~student.z.proj.out,696,1.146285870449844,1.149675672148395,0.0010934966354548311,1.1827437328029726,1.3162179071564046,1.3193190201234755
in1k.floorssl.s0.e27lmcb5.extL,in1k.pairs100.v1@audit_v1.o8,student.h.cls~student.z.proj.out,697,1.002156483970827,1.008803248799792,0.002761509797946645,1.0613533182378683,1.011702571234074,1.0125819877199336
in1k.floorssl.s0.e27lmcb5.extL,in1k.pairs100.v1@audit_v1.o8,student.h.cls~student.z.proj.out,698,1.0356581161494618,1.0304567360211199,0.020709266363726588,1.1743638809574524,1.096766257243233,1.0913593310186471
in1k.floorssl.s0.e27lmcb5.extL,in1k.pairs100.v1@audit_v1.o8,student.h.cls~student.z.proj.out,699,0.9730193020025669,0.9842844356314825,0.011701806433043577,1.092459323812814,0.9608148127400407,0.9659739920657984
in1k.floorssl.s0.e27lmcb5.extL,in1k.pairs100.v1@audit_v1.o8,student.h.cls~student.z.proj.out,700,1.0133848565831693,1.0182457305933608,0.0008534933652260697,1.0474603393572322,1.030247112907483,1.0338833654939854
in1k.floorssl.s0.e27lmcb5.extL,in1k.pairs100.v1@audit_v1.o8,student.h.cls~student.z.proj.out,701,1.0570339636938026,1.0581879026927854,0.05853294931578865,1.3001237398806411,1.1414246774361156,1.1499978634491759
in1k.floorssl.s0.e27lmcb5.extL,in1k.pairs100.v1@audit_v1.o8,student.h.cls~student.z.proj.out,702,1.033015263432285,1.0130660786166856,0.05204568623318079,1.2412013153364454,1.0884795198454298,1.085593148252547
in1k.floorssl.s0.e27lmcb5.extL,in1k.pairs100.v1@audit_v1.o8,student.h.cls~student.z.proj.out,703,1.0497432293450564,1.0570561498135622,0.0017122495982315757,1.0984354876312652,1.1066530734132296,1.1120451844064534
in1k.floorssl.s0.e27lmcb5.extL,in1k.pairs100.v1@audit_v1.o8,student.h.cls~student.z.proj.out,704,0.9668084372841896,0.976416365809418,0.0015058811419153863,1.0152220502115181,0.9407224762251666,0.9438182903507645
in1k.floorssl.s0.e27lmcb5.extL,in1k.pairs100.v1@audit_v1.o8,student.h.cls~student.z.proj.out,705,0.9210987930844632,0.9296552224864921,0.04700157876592792,1.1464536974948,0.869289494943119,0.8830530998040204
in1k.floorssl.s0.e27lmcb5.extL,in1k.pairs100.v1@audit_v1.o8,student.h.cls~student.z.proj.out,706,0.9964991952661727,1.0117367578873697,0.00410400932801212,1.075799300203548,1.0031174593573327,1.0070742511901414
in1k.floorssl.s0.e27lmcb5.extL,in1k.pairs100.v1@audit_v1.o8,student.h.cls~student.z.proj.out,707,0.881186253281753,0.896694477085164,0.0032840589173193505,0.9540011862675918,0.786186692743692,0.7903452072671329
in1k.floorssl.s0.e27lmcb5.extL,in1k.pairs100.v1@audit_v1.o8,student.h.cls~student.z.proj.out,708,0.9349988293823318,0.9416337861340466,0.0046056554149517814,1.0094987654308223,0.8763389842498752,0.8816431017926014
in1k.floorssl.s0.e27lmcb5.extL,in1k.pairs100.v1@audit_v1.o8,student.h.cls~student.z.proj.out,709,0.9407471814964009,0.9407613863132601,0.010468935292922876,1.0430792014429964,0.8930222139948081,0.8965895676517214
in1k.floorssl.s0.e27lmcb5.extL,in1k.pairs100.v1@audit_v1.o8,student.h.cls~student.z.proj.out,710,0.9388408280047704,0.9402501260719593,0.0017265524037136796,0.9818019299282744,0.8820300333132309,0.8870352177976422
in1k.floorssl.s0.e27lmcb5.extL,in1k.pairs100.v1@audit_v1.o8,student.h.cls~student.z.proj.out,711,0.9917478344474264,0.9946318206728175,0.0020365923726887144,1.0397604410005952,0.9863080853428838,0.9900861367922782
in1k.floorssl.s0.e27lmcb5.extL,in1k.pairs100.v1@audit_v1.o8,student.h.cls~student.z.proj.out,712,0.9647596273495328,0.9547952765852511,0.06106824935258906,1.2019151854404242,0.9473626380336475,0.9605665443712292
in1k.floorssl.s0.e27lmcb5.extL,in1k.pairs100.v1@audit_v1.o8,student.h.cls~student.z.proj.out,713,0.882097913983963,0.847233812918998,0.08851156310357935,1.1447427423708372,0.8054701855899196,0.8174801421320441
in1k.floorssl.s0.e27lmcb5.extL,in1k.pairs100.v1@audit_v1.o8,student.h.cls~student.z.proj.out,714,0.8640780768200996,0.8668551197883528,0.0023040858493357788,0.914856014043937,0.7478598375169766,0.7544065566244079
in1k.floorssl.s0.e27lmcb5.extL,in1k.pairs100.v1@audit_v1.o8,student.h.cls~student.z.proj.out,715,0.8941325829290189,0.6378934991746973,0.3835448887035624,1.2572035093501848,0.8915713183861379,0.87360957096052
in1k.floorssl.s0.e27lmcb5.extL,in1k.pairs100.v1@audit_v1.o8,student.h.cls~student.z.proj.out,716,1.0274669471556133,1.0481441697860203,0.006188588963697818,1.1268117550019008,1.0734203745051378,1.0728841842519132
in1k.floorssl.s0.e27lmcb5.extL,in1k.pairs100.v1@audit_v1.o8,student.h.cls~student.z.proj.out,717,1.0716484668697228,1.045002272818308,0.030008676082671996,1.2182323974579674,1.1744969517955932,1.166117330840024
in1k.floorssl.s0.e27lmcb5.extL,in1k.pairs100.v1@audit_v1.o8,student.h.cls~student.z.proj.out,718,1.126843739612499,1.1361592656166368,0.016129155039924823,1.2631598760085747,1.292510119016326,1.2876370230213772
in1k.floorssl.s0.e27lmcb5.extL,in1k.pairs100.v1@audit_v1.o8,student.h.cls~student.z.proj.out,719,1.0326759678633615,1.0525962066504677,0.0032654259989429654,1.1097401127030204,1.082319972938954,1.0812160765498666
in1k.floorssl.s0.e27lmcb5.extL,in1k.pairs100.v1@audit_v1.o8,student.h.cls~student.z.proj.out,720,0.9342816365633302,0.9357092680648964,0.003121511856227574,0.9915797598850654,0.8749842844322897,0.8808875510492188
in1k.floorssl.s0.e27lmcb5.extL,in1k.pairs100.v1@audit_v1.o8,student.h.cls~student.z.proj.out,721,1.0200270932443483,1.0176341994878175,0.006911615017610647,1.1007703229096528,1.0476134244317472,1.0525169211965526
in1k.floorssl.s0.e27lmcb5.extL,in1k.pairs100.v1@audit_v1.o8,student.h.cls~student.z.proj.out,722,1.288781253246745,1.293658689771784,0.0053696774701601025,1.3669367729219328,1.669049966215632,1.6681208629967519
in1k.floorssl.s0.e27lmcb5.extL,in1k.pairs100.v1@audit_v1.o8,student.h.cls~student.z.proj.out,723,1.0657809701833454,1.0771744916897712,0.009119131803399332,1.172668637077849,1.1461778838111814,1.1506543070488402
in1k.floorssl.s0.e27lmcb5.extL,in1k.pairs100.v1@audit_v1.o8,student.h.cls~student.z.proj.out,724,1.0146334608868408,1.0009571681608214,0.06666608106667733,1.2591549238959892,1.061036122225855,1.059719374471838
in1k.floorssl.s0.e27lmcb5.extL,in1k.pairs100.v1@audit_v1.o8,student.h.cls~student.z.proj.out,725,1.1317942400706358,1.1377567614645248,0.00599648915165617,1.2151937626439104,1.289355374620588,1.291369917514727
in1k.floorssl.s0.e27lmcb5.extL,in1k.pairs100.v1@audit_v1.o8,student.h.cls~student.z.proj.out,726,0.9648176113457814,0.9733005834694868,0.0025586061951591303,1.0238832504134028,0.93872728572773,0.9419867271412767
in1k.floorssl.s0.e27lmcb5.extL,in1k.pairs100.v1@audit_v1.o8,student.h.cls~student.z.proj.out,727,0.8924734582090569,0.8878733215807972,0.0476643406976324,1.106194966631471,0.8294590336772841,0.8316042398069935
in1k.floorssl.s0.e27lmcb5.extL,in1k.pairs100.v1@audit_v1.o8,student.h.cls~student.z.proj.out,728,1.0339806724162899,1.0393321480749156,0.0012561106195240904,1.0747737989891166,1.0726529061425654,1.0785675873169984
in1k.floorssl.s0.e27lmcb5.extL,in1k.pairs100.v1@audit_v1.o8,student.h.cls~student.z.proj.out,729,0.8593284832802047,0.8623693205471821,0.01765201623677824,0.9952302110935661,0.7418506527484369,0.755843117429317
in1k.floorssl.s0.e27lmcb5.extL,in1k.pairs100.v1@audit_v1.o8,student.h.cls~student.z.proj.out,730,0.9669013659664517,0.973357690263052,0.003837692931943983,1.0353068059302186,0.9404419857280644,0.946166211940791
in1k.floorssl.s0.e27lmcb5.extL,in1k.pairs100.v1@audit_v1.o8,student.h.cls~student.z.proj.out,731,1.1473486242962128,1.1494862351962034,0.0008954797848232642,1.179410803444104,1.3180291902867236,1.320136366420294
in1k.floorssl.s0.e27lmcb5.extL,in1k.pairs100.v1@audit_v1.o8,student.h.cls~student.z.proj.out,732,1.0287140395818584,1.0452888725588052,0.010299423314358366,1.1467749470437234,1.0729755942868506,1.076064449533988
in1k.floorssl.s0.e27lmcb5.extL,in1k.pairs100.v1@audit_v1.o8,student.h.cls~student.z.proj.out,733,0.9350038325868357,0.934288140514512,0.00537651136148178,1.0076128386828767,0.8761050042928555,0.8839026396429792
in1k.floorssl.s0.e27lmcb5.extL,in1k.pairs100.v1@audit_v1.o8,student.h.cls~student.z.proj.out,734,0.8977606761885074,0.864180795436343,0.04868851721512426,1.0848355420771625,0.829993715433134,0.82928569180762
in1k.floorssl.s0.e27lmcb5.extL,in1k.pairs100.v1@audit_v1.o8,student.h.cls~student.z.proj.out,735,0.9550445421044991,0.9582398801451119,0.007862372669915161,1.0469099014032301,0.9206484696433479,0.9228325534502184
in1k.floorssl.s0.e27lmcb5.extL,in1k.pairs100.v1@audit_v1.o8,student.h.cls~student.z.proj.out,736,0.8914471747967214,0.9129280872452078,0.011725923734805823,1.021214391710758,0.8111368934155189,0.8373714009828772
in1k.floorssl.s0.e27lmcb5.extL,in1k.pairs100.v1@audit_v1.o8,student.h.cls~student.z.proj.out,737,0.8828461011774947,0.8805368056201045,0.012197709841092561,0.9909800482431484,0.7869916568025389,0.7934710898068614
in1k.floorssl.s0.e27lmcb5.extL,in1k.pairs100.v1@audit_v1.o8,student.h.cls~student.z.proj.out,738,1.012578531899474,1.036168004719557,0.0030308823457541,1.0912214546183063,1.0406507054077379,1.0433987119802957
in1k.floorssl.s0.e27lmcb5.extL,in1k.pairs100.v1@audit_v1.o8,student.h.cls~student.z.proj.out,739,0.9668840425219936,0.9778615373296159,0.0009575159188267739,1.0088052914461865,0.9416686948274677,0.9441099533802515
in1k.floorssl.s0.e27lmcb5.extL,in1k.pairs100.v1@audit_v1.o8,student.h.cls~student.z.proj.out,740,0.9557882287111874,0.9579622154720103,0.0011828570216318077,0.9923549039629063,0.9151365569829567,0.9180276024706364
in1k.floorssl.s0.e27lmcb5.extL,in1k.pairs100.v1@audit_v1.o8,student.h.cls~student.z.proj.out,741,0.8150591740057779,0.5986395142545958,0.32322239169976513,1.1671660234868084,0.7526647599459027,0.7595063135531276
in1k.floorssl.s0.e27lmcb5.extL,in1k.pairs100.v1@audit_v1.o8,student.h.cls~student.z.proj.out,742,0.8235500259797456,0.8246297096606704,0.006402186977216582,0.9046433771007808,0.6812995999616518,0.6885278751089139
in1k.floorssl.s0.e27lmcb5.extL,in1k.pairs100.v1@audit_v1.o8,student.h.cls~student.z.proj.out,743,1.0444431271520773,1.0528331002405824,0.006242692424257631,1.1318438110604303,1.0986786492088345,1.1029847819181469
in1k.floorssl.s0.e27lmcb5.extL,in1k.pairs100.v1@audit_v1.o8,student.h.cls~student.z.proj.out,744,1.007902225196641,1.0157674336749676,0.0018449284535931871,1.0587200640204213,1.0214852428883612,1.0230111461635165
in1k.floorssl.s0.e27lmcb5.extL,in1k.pairs100.v1@audit_v1.o8,student.h.cls~student.z.proj.out,745,0.9167660917319255,0.9184688408141076,0.004103285930763368,0.9825257368578855,0.8424088754795457,0.8484296006391765
in1k.floorssl.s0.e27lmcb5.extL,in1k.pairs100.v1@audit_v1.o8,student.h.cls~student.z.proj.out,746,0.8679554538497912,0.7666833828405076,0.22765432379201594,1.2438147314144783,0.7836762211013376,0.8272301155502781
in1k.floorssl.s0.e27lmcb5.extL,in1k.pairs100.v1@audit_v1.o8,student.h.cls~student.z.proj.out,747,1.0142419007707193,1.0180881113356954,0.0005822200066493123,1.042217346852995,1.031047384203705,1.0337282675628052
in1k.floorssl.s0.e27lmcb5.extL,in1k.pairs100.v1@audit_v1.o8,student.h.cls~student.z.proj.out,748,0.91554707280494,0.9188092015860629,0.002150222505311346,0.9651796933379448,0.8406992300259851,0.8453432595370017
in1k.floorssl.s0.e27lmcb5.extL,in1k.pairs100.v1@audit_v1.o8,student.h.cls~student.z.proj.out,749,1.0567093631248032,1.0612420092882784,0.0013714784809750569,1.0982754871289437,1.1199927348021266,1.1232512525449019
in1k.floorssl.s0.e27lmcb5.extL,in1k.pairs100.v1@audit_v1.o8,student.h.cls~student.z.proj.out,750,1.0859222912598925,1.1204695948838632,0.003265748199158276,1.1776163200670116,1.2030383230424413,1.1948849581230705
in1k.floorssl.s0.e27lmcb5.extL,in1k.pairs100.v1@audit_v1.o8,student.h.cls~student.z.proj.out,751,1.0552315007277342,1.0574980551811637,0.023424835584871472,1.2105497967095484,1.1350143049879313,1.1320532467327706
in1k.floorssl.s0.e27lmcb5.extL,in1k.pairs100.v1@audit_v1.o8,student.h.cls~student.z.proj.out,752,1.0238497522411385,1.0202748459418567,0.024548958018925465,1.1769559169712744,1.066212623194004,1.0652785532517912
in1k.floorssl.s0.e27lmcb5.extL,in1k.pairs100.v1@audit_v1.o8,student.h.cls~student.z.proj.out,753,1.0754028210421802,1.0838261248592218,0.009130385430693192,1.179379175206624,1.1727317347391073,1.1681075941205499
in1k.floorssl.s0.e27lmcb5.extL,in1k.pairs100.v1@audit_v1.o8,student.h.cls~student.z.proj.out,754,0.84584649112671,0.8513246289705095,0.018768594912160326,0.9883231505397598,0.7168569640218506,0.7284033777506244
in1k.floorssl.s0.e27lmcb5.extL,in1k.pairs100.v1@audit_v1.o8,student.h.cls~student.z.proj.out,755,0.7810290920803417,0.6623642304126962,0.21449417957858552,1.1254993938138198,0.6670602680335909,0.6885463153588324
in1k.floorssl.s0.e27lmcb5.extL,in1k.pairs100.v1@audit_v1.o8,student.h.cls~student.z.proj.out,756,0.9466139728470839,0.9668709830293809,0.00968686269469627,1.0652928438871003,0.912081529797296,0.9179121873920632
in1k.floorssl.s0.e27lmcb5.extL,in1k.pairs100.v1@audit_v1.o8,student.h.cls~student.z.proj.out,757,0.9700304506081427,0.9741171079149307,0.020089948276163158,1.1158561225727275,0.9568848049764023,0.9615618107361266
in1k.floorssl.s0.e27lmcb5.extL,in1k.pairs100.v1@audit_v1.o8,student.h.cls~student.z.proj.out,758,1.5968215247844317,1.6017800911508313,0.001304157116490897,1.637893206725244,2.554272611987672,2.5539107911622905
in1k.floorssl.s0.e27lmcb5.extL,in1k.pairs100.v1@audit_v1.o8,student.h.cls~student.z.proj.out,759,0.9467987034022762,0.8782523395402181,0.12321543750045562,1.229272905177697,0.9421355289586725,0.9391030474519844
in1k.floorssl.s0.e27lmcb5.extL,in1k.pairs100.v1@audit_v1.o8,student.h.cls~student.z.proj.out,760,0.796756449788287,0.778838014780003,0.026990592816851868,0.9431261543910288,0.6424476517422907,0.6527462940114515
in1k.floorssl.s0.e27lmcb5.extL,in1k.pairs100.v1@audit_v1.o8,student.h.cls~student.z.proj.out,761,0.9920507097704345,1.0029894677350535,0.00967900958096701,1.1013714253338278,0.9962483054754535,0.9982651786776077
in1k.floorssl.s0.e27lmcb5.extL,in1k.pairs100.v1@audit_v1.o8,student.h.cls~student.z.proj.out,762,0.9837086813251427,0.9918555339129537,0.004214262767231486,1.0567728872726794,0.9742115715483377,0.980872055026611
in1k.floorssl.s0.e27lmcb5.extL,in1k.pairs100.v1@audit_v1.o8,student.h.cls~student.z.proj.out,763,0.8087553143199255,0.8107149635522835,0.006639156890166817,0.8921959852086595,0.6569173578971442,0.666292220684818
in1k.floorssl.s0.e27lmcb5.extL,in1k.pairs100.v1@audit_v1.o8,student.h.cls~student.z.proj.out,764,0.9945334910029445,1.0001209492910812,0.011109914457535225,1.1055245282508832,0.9912374614505345,1.0001220867232943
in1k.floorssl.s0.e27lmcb5.extL,in1k.pairs100.v1@audit_v1.o8,student.h.cls~student.z.proj.out,765,1.0601673723211997,1.0727388012113235,0.01815717687384871,1.2074873703089162,1.1360398404657894,1.1414577842101443
in1k.floorssl.s0.e27lmcb5.extL,in1k.pairs100.v1@audit_v1.o8,student.h.cls~student.z.proj.out,766,0.9015281952095464,0.9182215244482451,0.0035607611344157294,0.977893637988958,0.8230119438814677,0.8291555407941738
in1k.floorssl.s0.e27lmcb5.extL,in1k.pairs100.v1@audit_v1.o8,student.h.cls~student.z.proj.out,767,1.1885491498858578,1.1928207130861506,0.0021850019489438677,1.2395647175032292,1.4168128679327268,1.419704259541567
in1k.floorssl.s0.e27lmcb5.extL,in1k.pairs100.v1@audit_v1.o8,student.h.cls~student.z.proj.out,768,0.903383326734859,0.7212825054031646,0.36928281434609106,1.3289689495057884,0.8889630153710111,0.8999475871665008
in1k.floorssl.s0.e27lmcb5.extL,in1k.pairs100.v1@audit_v1.o8,student.h.cls~student.z.proj.out,769,1.0164836656022485,1.0215986984314038,0.011223628157375234,1.1275403246100464,1.0439885926664256,1.0472921119511132
in1k.floorssl.s0.e27lmcb5.extL,in1k.pairs100.v1@audit_v1.o8,student.h.cls~student.z.proj.out,770,0.9989698019752822,1.0164290583559294,0.0019539242219753505,1.0606322734197158,1.009786639056145,1.0116473184707482
in1k.floorssl.s0.e27lmcb5.extL,in1k.pairs100.v1@audit_v1.o8,student.h.cls~student.z.proj.out,771,1.1700551590189454,1.1840305390256272,0.002936664975041507,1.2382215435839623,1.3840507455163586,1.3790412033367963
in1k.floorssl.s0.e27lmcb5.extL,in1k.pairs100.v1@audit_v1.o8,student.h.cls~student.z.proj.out,772,1.0167070956578503,1.0176929833880197,0.00336855470214516,1.0757322347800318,1.0343175451823412,1.0409309165553728
in1k.floorssl.s0.e27lmcb5.extL,in1k.pairs100.v1@audit_v1.o8,student.h.cls~student.z.proj.out,773,1.0317349903752981,1.0334995352077103,0.002167441322624597,1.0800553224164409,1.0670563640068575,1.069947616890292
in1k.floorssl.s0.e27lmcb5.extL,in1k.pairs100.v1@audit_v1.o8,student.h.cls~student.z.proj.out,774,0.8286458284574999,0.8331084532179251,0.0022988992771154574,0.8810552912483465,0.6885945040470631,0.6960834126943911
in1k.floorssl.s0.e27lmcb5.extL,in1k.pairs100.v1@audit_v1.o8,student.h.cls~student.z.proj.out,775,0.8673198458636162,0.8676708676202872,0.005844546404611807,0.9441205007430944,0.7516062061464996,0.7615156533815374
in1k.floorssl.s0.e27lmcb5.extL,in1k.pairs100.v1@audit_v1.o8,student.h.cls~student.z.proj.out,776,1.1319741428640233,1.1409150161890964,0.005822443944091474,1.217219956685053,1.2911851657175362,1.2922628801195892
in1k.floorssl.s0.e27lmcb5.extL,in1k.pairs100.v1@audit_v1.o8,student.h.cls~student.z.proj.out,777,0.963921496825312,0.9684379399783206,0.011242240482671506,1.0744673721312445,0.9349898630761286,0.941825655668798
in1k.floorssl.s0.e27lmcb5.extL,in1k.pairs100.v1@audit_v1.o8,student.h.cls~student.z.proj.out,778,1.2400915405209605,1.2413818890482662,0.0027971189477301243,1.2942696848780237,1.5430136017322855,1.5423880047872554
in1k.floorssl.s0.e27lmcb5.extL,in1k.pairs100.v1@audit_v1.o8,student.h.cls~student.z.proj.out,779,0.9036073967703885,0.7635059018919353,0.22417322154648028,1.2369752478336555,0.9046393162222817,0.8729209897792855
in1k.floorssl.s0.e27lmcb5.extL,in1k.pairs100.v1@audit_v1.o8,student.h.cls~student.z.proj.out,780,0.9677874166951397,0.9144523669168795,0.07939728645353539,1.1962276079398184,0.9850155310462189,0.9743603543458101
in1k.floorssl.s0.e27lmcb5.extL,in1k.pairs100.v1@audit_v1.o8,student.h.cls~student.z.proj.out,781,0.9549166489832144,0.7959582321146667,0.24570397362024218,1.2916435895948348,1.0086752919170476,0.9826908593835569
in1k.floorssl.s0.e27lmcb5.extL,in1k.pairs100.v1@audit_v1.o8,student.h.cls~student.z.proj.out,782,1.171401563758332,1.177921129962642,0.00779722975897679,1.2662230538316992,1.3850819526078468,1.3827817842384378
in1k.floorssl.s0.e27lmcb5.extL,in1k.pairs100.v1@audit_v1.o8,student.h.cls~student.z.proj.out,783,1.152330912668434,1.1532287879203684,0.006381735240291296,1.2331145516100979,1.3395005462158787,1.3393042930863492
in1k.floorssl.s0.e27lmcb5.extL,in1k.pairs100.v1@audit_v1.o8,student.h.cls~student.z.proj.out,784,0.9153808187487462,0.918497844938119,0.0023396316307006987,0.9668675837290274,0.8398999403519857,0.8439170714592436
in1k.floorssl.s0.e27lmcb5.extL,in1k.pairs100.v1@audit_v1.o8,student.h.cls~student.z.proj.out,785,0.945751655787983,0.9493929708765839,0.003607228710166997,1.0094531799185695,0.9002770791124807,0.9062234777006697
in1k.floorssl.s0.e27lmcb5.extL,in1k.pairs100.v1@audit_v1.o8,student.h.cls~student.z.proj.out,786,1.1179339466528262,1.1246169883857247,0.001085736383668164,1.157567502549667,1.2543827799403702,1.257332520366062
in1k.floorssl.s0.e27lmcb5.extL,in1k.pairs100.v1@audit_v1.o8,student.h.cls~student.z.proj.out,787,1.0102653779353556,1.0161585213156543,0.0017730059085442375,1.0582655980195081,1.0246673404375615,1.028105695149879
in1k.floorssl.s0.e27lmcb5.extL,in1k.pairs100.v1@audit_v1.o8,student.h.cls~student.z.proj.out,788,0.9124332408705951,0.9156219928459873,0.0026989682900744622,0.9675735884911113,0.8363663063071304,0.8398420324530714
in1k.floorssl.s0.e27lmcb5.extL,in1k.pairs100.v1@audit_v1.o8,student.h.cls~student.z.proj.out,789,0.8611235553509746,0.749993009184267,0.1835215623099444,1.1783871761729696,0.8057065194346027,0.8103569644001996
in1k.floorssl.s0.e27lmcb5.extL,in1k.pairs100.v1@audit_v1.o8,student.h.cls~student.z.proj.out,790,0.8957194208751932,0.8951471632678286,0.016526415052569795,1.0237022683884336,0.8060227807991678,0.817711726748422
in1k.floorssl.s0.e27lmcb5.extL,in1k.pairs100.v1@audit_v1.o8,student.h.cls~student.z.proj.out,791,1.029958255175274,1.0385473755247265,0.0016143179729201202,1.0787259515686847,1.0660393255479883,1.07099106393776
in1k.floorssl.s0.e27lmcb5.extL,in1k.pairs100.v1@audit_v1.o8,student.h.cls~student.z.proj.out,792,0.8679818158334314,0.8670305148265408,0.0035026388160951305,0.9262136105219768,0.7532399005588921,0.7597304677986401
in1k.floorssl.s0.e27lmcb5.extL,in1k.pairs100.v1@audit_v1.o8,student.h.cls~student.z.proj.out,793,0.8531092973652297,0.8467593808847785,0.018544593212159555,0.9829379152143841,0.7351314981015548,0.7415079454169956
in1k.floorssl.s0.e27lmcb5.extL,in1k.pairs100.v1@audit_v1.o8,student.h.cls~student.z.proj.out,794,0.9356391006701972,0.9494473539382292,0.006389467886534734,1.0293815011253653,0.8878748722448341,0.8960756295579284
in1k.floorssl.s0.e27lmcb5.extL,in1k.pairs100.v1@audit_v1.o8,student.h.cls~student.z.proj.out,795,1.0897508425279572,1.0743524125516415,0.041582670511840884,1.2782707062671415,1.2127005331667944,1.2129346014932607
in1k.floorssl.s0.e27lmcb5.extL,in1k.pairs100.v1@audit_v1.o8,student.h.cls~student.z.proj.out,796,1.2041514236453486,1.2167737138469656,0.0038753642548168704,1.2790261375332517,1.4620601523672807,1.461282736985752
in1k.floorssl.s0.e27lmcb5.extL,in1k.pairs100.v1@audit_v1.o8,student.h.cls~student.z.proj.out,797,1.129966939302217,1.1428452506942484,0.003990915220384473,1.206018941582026,1.2888279074559152,1.2889484666592497
in1k.floorssl.s0.e27lmcb5.extL,in1k.pairs100.v1@audit_v1.o8,student.h.cls~student.z.proj.out,798,0.7905632084333856,0.6769693485930669,0.2403216485676936,1.167195468427265,0.6716963418539427,0.6809602099188631
in1k.floorssl.s0.e27lmcb5.extL,in1k.pairs100.v1@audit_v1.o8,student.h.cls~student.z.proj.out,799,0.9914365204504454,1.0043303100463299,0.009114676650371934,1.0998011257460605,0.996028816608515,1.0027947685317835
in1k.floorssl.s0.e27lmcb5.extL,in1k.pairs100.v1@audit_v1.o8,student.h.cls~student.z.proj.out,800,0.7933293849309633,0.6926741824903018,0.13580185485034932,1.0611872146212555,0.669981598040483,0.6867171619777281
in1k.floorssl.s0.e27lmcb5.extL,in1k.pairs100.v1@audit_v1.o8,student.h.cls~student.z.proj.out,801,1.0975438177862282,1.09233530572817,0.05930426642846306,1.335859978869236,1.235567393136643,1.2332558889063598
in1k.floorssl.s0.e27lmcb5.extL,in1k.pairs100.v1@audit_v1.o8,student.h.cls~student.z.proj.out,802,0.9821460176582661,0.9748349161897146,0.05381718053317588,1.2068202185973798,0.9967243523263889,0.9962104754950886
in1k.floorssl.s0.e27lmcb5.extL,in1k.pairs100.v1@audit_v1.o8,student.h.cls~student.z.proj.out,803,0.8475472504501493,0.8538986217284206,0.03514554921124767,1.0413700841200275,0.7345431943968941,0.7493698825054887
in1k.floorssl.s0.e27lmcb5.extL,in1k.pairs100.v1@audit_v1.o8,student.h.cls~student.z.proj.out,804,0.9911270827012039,0.9936039269183276,0.001267466600495157,1.0292054240848114,0.9853641182023234,0.9882675802842165
in1k.floorssl.s0.e27lmcb5.extL,in1k.pairs100.v1@audit_v1.o8,student.h.cls~student.z.proj.out,805,0.9558610799723863,0.9573711073717623,0.0036898556057253706,1.0181152890332628,0.9154212928736678,0.9216427236066445
in1k.floorssl.s0.e27lmcb5.extL,in1k.pairs100.v1@audit_v1.o8,student.h.cls~student.z.proj.out,806,0.7842042207779599,0.7925640798788515,0.055011377614303254,1.027109123770858,0.6212860571449502,0.6431972508985478
in1k.floorssl.s0.e27lmcb5.extL,in1k.pairs100.v1@audit_v1.o8,student.h.cls~student.z.proj.out,807,0.9173278343660214,0.91760437153362,0.020093932466243154,1.0593574401644017,0.8531035416817743,0.8594828047556891
in1k.floorssl.s0.e27lmcb5.extL,in1k.pairs100.v1@audit_v1.o8,student.h.cls~student.z.proj.out,808,0.9502025768425075,0.9562898044519483,0.001693103945646302,0.9974371487848005,0.9072167450026061,0.9105068079749903
in1k.floorssl.s0.e27lmcb5.extL,in1k.pairs100.v1@audit_v1.o8,student.h.cls~student.z.proj.out,809,0.9444669937858713,0.942219976427825,0.02064068923174009,1.0858886551011533,0.9038659895172256,0.9061477185953258
in1k.floorssl.s0.e27lmcb5.extL,in1k.pairs100.v1@audit_v1.o8,student.h.cls~student.z.proj.out,810,1.0370247398484078,0.9859865754229964,0.10445255901983444,1.309177786658442,1.1253170938273795,1.1130143454907437
in1k.floorssl.s0.e27lmcb5.extL,in1k.pairs100.v1@audit_v1.o8,student.h.cls~student.z.proj.out,811,0.8764321119856717,0.8807625174258819,0.003218065475594716,0.9374905129448028,0.7720603472537588,0.7768715043658808
in1k.floorssl.s0.e27lmcb5.extL,in1k.pairs100.v1@audit_v1.o8,student.h.cls~student.z.proj.out,812,1.1468385307680915,1.1571831849100247,0.017663679025223814,1.290087959185533,1.331049652392758,1.3310166329406785
in1k.floorssl.s0.e27lmcb5.extL,in1k.pairs100.v1@audit_v1.o8,student.h.cls~student.z.proj.out,813,0.998731505172274,0.9985276179598032,0.0015089230086664522,1.0373724761609404,0.9970403795032184,1.001753861863111
in1k.floorssl.s0.e27lmcb5.extL,in1k.pairs100.v1@audit_v1.o8,student.h.cls~student.z.proj.out,814,0.8856129047290201,0.8696504103588506,0.0652780565579024,1.1251461178725042,0.8048134892488698,0.8249235658612598
in1k.floorssl.s0.e27lmcb5.extL,in1k.pairs100.v1@audit_v1.o8,student.h.cls~student.z.proj.out,815,0.8935502117837187,0.8178066215869643,0.20118406394259408,1.266342087233321,0.8666741646821948,0.8499580079231029
in1k.floorssl.s0.e27lmcb5.extL,in1k.pairs100.v1@audit_v1.o8,student.h.cls~student.z.proj.out,816,1.1083218121594154,1.1177912399149448,0.0036577639751620614,1.1782706907653127,1.2394997580500802,1.2376288161933204
in1k.floorssl.s0.e27lmcb5.extL,in1k.pairs100.v1@audit_v1.o8,student.h.cls~student.z.proj.out,817,0.8814377415602633,0.8606213918128099,0.06790386214423043,1.12120508689796,0.7955438648220312,0.8066628298917943
in1k.floorssl.s0.e27lmcb5.extL,in1k.pairs100.v1@audit_v1.o8,student.h.cls~student.z.proj.out,818,0.9746637489317103,0.9757173423952996,0.0020985869164342097,1.0215276787445802,0.9517462124288653,0.956260584432621
in1k.floorssl.s0.e27lmcb5.extL,in1k.pairs100.v1@audit_v1.o8,student.h.cls~student.z.proj.out,819,0.8176113357784568,0.8175825705854383,0.015023143408927667,0.9401515038798407,0.6749483490600042,0.6932897087349218
in1k.floorssl.s0.e27lmcb5.extL,in1k.pairs100.v1@audit_v1.o8,student.h.cls~student.z.proj.out,820,0.9512217488752216,0.9361007028462057,0.11390272290248175,1.273595477476098,0.9970869097901615,0.9735569438328842
in1k.floorssl.s0.e27lmcb5.extL,in1k.pairs100.v1@audit_v1.o8,student.h.cls~student.z.proj.out,821,0.982281649318997,1.010786645057273,0.018905727566702026,1.1482847452867015,0.9926232992044024,0.9939368433690007
in1k.floorssl.s0.e27lmcb5.extL,in1k.pairs100.v1@audit_v1.o8,student.h.cls~student.z.proj.out,822,1.0552980422722038,1.0597060237536635,0.0014842018387472907,1.0982313639695174,1.1164636257991791,1.1208461700824683
in1k.floorssl.s0.e27lmcb5.extL,in1k.pairs100.v1@audit_v1.o8,student.h.cls~student.z.proj.out,823,1.054018813137962,1.058298657135657,0.0014598298141447915,1.0965063764361438,1.1146127491002074,1.116810024797122
in1k.floorssl.s0.e27lmcb5.extL,in1k.pairs100.v1@audit_v1.o8,student.h.cls~student.z.proj.out,824,0.8214325191144114,0.8178076870458787,0.00667079338065124,0.8994826120880924,0.6772385660062747,0.6847935660117332
in1k.floorssl.s0.e27lmcb5.extL,in1k.pairs100.v1@audit_v1.o8,student.h.cls~student.z.proj.out,825,0.8741281540723858,0.8825050576889638,0.0598246789110903,1.1270958974828742,0.7870644730105842,0.8083310484315607
in1k.floorssl.s0.e27lmcb5.extL,in1k.pairs100.v1@audit_v1.o8,student.h.cls~student.z.proj.out,826,1.1052450451305247,1.1048498779468776,0.01566325137031317,1.2300027898998689,1.238895842300206,1.2360568780275922
in1k.floorssl.s0.e27lmcb5.extL,in1k.pairs100.v1@audit_v1.o8,student.h.cls~student.z.proj.out,827,1.0435155129179656,1.0541849388317934,0.005338935269684332,1.1272529569360525,1.0980775423153308,1.1031745987635824
in1k.floorssl.s0.e27lmcb5.extL,in1k.pairs100.v1@audit_v1.o8,student.h.cls~student.z.proj.out,828,1.0299791270207064,1.0350211078205809,0.002679719389421903,1.0867871139387073,1.0653377601786744,1.0682688556118443
in1k.floorssl.s0.e27lmcb5.extL,in1k.pairs100.v1@audit_v1.o8,student.h.cls~student.z.proj.out,829,0.9156492755292046,0.90945871077398,0.049722716370113364,1.1324446214726458,0.8603514696794483,0.8648196007733985
in1k.floorssl.s0.e27lmcb5.extL,in1k.pairs100.v1@audit_v1.o8,student.h.cls~student.z.proj.out,830,0.957008363726425,0.9586821142314407,0.0009086319059991761,0.988825636023016,0.916922802549169,0.9215692922716842
in1k.floorssl.s0.e27lmcb5.extL,in1k.pairs100.v1@audit_v1.o8,student.h.cls~student.z.proj.out,831,0.8284952285888292,0.8435043568306566,0.004579567765912185,0.9111768605963086,0.6953159628427742,0.7050268193715844
in1k.floorssl.s0.e27lmcb5.extL,in1k.pairs100.v1@audit_v1.o8,student.h.cls~student.z.proj.out,832,0.8452958758941423,0.7668128496857487,0.1793282334216348,1.190284493862351,0.7670485876228648,0.7664150152887701
in1k.floorssl.s0.e27lmcb5.extL,in1k.pairs100.v1@audit_v1.o8,student.h.cls~student.z.proj.out,833,0.8563470317774018,0.8620117580527578,0.010877481983602744,0.9663069256474395,0.7378964758113865,0.7518968532095426
in1k.floorssl.s0.e27lmcb5.extL,in1k.pairs100.v1@audit_v1.o8,student.h.cls~student.z.proj.out,834,0.8675912275002527,0.8677986977320957,0.013350394051980324,0.9833426030321172,0.7597467592610474,0.7677339849573079
in1k.floorssl.s0.e27lmcb5.extL,in1k.pairs100.v1@audit_v1.o8,student.h.cls~student.z.proj.out,835,0.9801686336882103,0.9903995188209822,0.008308512689877135,1.0815505620946448,0.9689070487158103,0.978711927930689
in1k.floorssl.s0.e27lmcb5.extL,in1k.pairs100.v1@audit_v1.o8,student.h.cls~student.z.proj.out,836,0.9921096365369885,0.9963509000386294,0.001484707221946203,1.0348827987972709,0.987489135451634,0.9909908459301994
in1k.floorssl.s0.e27lmcb5.extL,in1k.pairs100.v1@audit_v1.o8,student.h.cls~student.z.proj.out,837,1.032395085694072,1.0358737843294468,0.0018806309859721716,1.0792400267995084,1.0692826105402633,1.0720744718626911
in1k.floorssl.s0.e27lmcb5.extL,in1k.pairs100.v1@audit_v1.o8,student.h.cls~student.z.proj.out,838,0.9269653234666941,0.922636420614617,0.010127042019438079,1.0232696259667178,0.8646315292613236,0.8684575780662469
in1k.floorssl.s0.e27lmcb5.extL,in1k.pairs100.v1@audit_v1.o8,student.h.cls~student.z.proj.out,839,1.0718858334796069,1.0873115344060265,0.011596105985162069,1.194996751521293,1.165821501526639,1.1626388648791997
in1k.floorssl.s0.e27lmcb5.extL,in1k.pairs100.v1@audit_v1.o8,student.h.cls~student.z.proj.out,840,1.0143043164601628,1.0184169194258021,0.0008901591798974469,1.0482524549480188,1.0315975327599536,1.0345138772188323
in1k.floorssl.s0.e27lmcb5.extL,in1k.pairs100.v1@audit_v1.o8,student.h.cls~student.z.proj.out,841,1.12996597916384,1.1371594752327687,0.005172411921607136,1.209078957444525,1.286506670098957,1.2875787433453176
in1k.floorssl.s0.e27lmcb5.extL,in1k.pairs100.v1@audit_v1.o8,student.h.cls~student.z.proj.out,842,0.9600862198176077,0.9592226045143535,0.01381447249574683,1.0767575886499157,0.9292578287061057,0.9336664524234127
in1k.floorssl.s0.e27lmcb5.extL,in1k.pairs100.v1@audit_v1.o8,student.h.cls~student.z.proj.out,843,0.9538051410332103,0.9577912719352198,0.001954281271919247,1.00199852554726,0.9121907850842477,0.9175383353582335
in1k.floorssl.s0.e27lmcb5.extL,in1k.pairs100.v1@audit_v1.o8,student.h.cls~student.z.proj.out,844,0.9502579898838849,0.9575777647353673,0.0020035958044829546,1.0023393085479186,0.907268975135089,0.9136593925763298
in1k.floorssl.s0.e27lmcb5.extL,in1k.pairs100.v1@audit_v1.o8,student.h.cls~student.z.proj.out,845,0.919587743012808,0.921634963619968,0.0013743779723688334,0.9587075676877811,0.8467115115790449,0.8512371944792411
in1k.floorssl.s0.e27lmcb5.extL,in1k.pairs100.v1@audit_v1.o8,student.h.cls~student.z.proj.out,846,1.1083461064464648,1.1217171788987943,0.0013119028047718143,1.1579373777493227,1.2395511628733282,1.235349082829331
in1k.floorssl.s0.e27lmcb5.extL,in1k.pairs100.v1@audit_v1.o8,student.h.cls~student.z.proj.out,847,0.9595746897846191,0.9190021466424004,0.10482036265279873,1.2427618764619053,0.9712233743490646,0.9732286277372612
in1k.floorssl.s0.e27lmcb5.extL,in1k.pairs100.v1@audit_v1.o8,student.h.cls~student.z.proj.out,848,1.1449353348970963,1.1481604787721078,0.010982023426405465,1.2529556285950145,1.32322424753932,1.3205991701876063
in1k.floorssl.s0.e27lmcb5.extL,in1k.pairs100.v1@audit_v1.o8,student.h.cls~student.z.proj.out,849,0.8251475125247114,0.8295723801854338,0.015268779421821184,0.953139282800257,0.6831832597070615,0.6978027662461611
in1k.floorssl.s0.e27lmcb5.extL,in1k.pairs100.v1@audit_v1.o8,student.h.cls~student.z.proj.out,850,0.9282247844254718,0.939113070110449,0.001618005127331468,0.9793375045667775,0.8677007047885699,0.8770140084094105
in1k.floorssl.s0.e27lmcb5.extL,in1k.pairs100.v1@audit_v1.o8,student.h.cls~student.z.proj.out,851,0.9808867488201617,0.9920000155122449,0.004773629953115339,1.0610914762951473,0.9707674345844663,0.9746308862736801
in1k.floorssl.s0.e27lmcb5.extL,in1k.pairs100.v1@audit_v1.o8,student.h.cls~student.z.proj.out,852,1.072356902216762,1.086116935761677,0.010799728345763114,1.190038677210534,1.1689299595916491,1.1650803265992307
in1k.floorssl.s0.e27lmcb5.extL,in1k.pairs100.v1@audit_v1.o8,student.h.cls~student.z.proj.out,853,0.8383283191365445,0.8485050241568054,0.03455725341034749,1.0344008374779974,0.7171463856355843,0.7398022401314913
in1k.floorssl.s0.e27lmcb5.extL,in1k.pairs100.v1@audit_v1.o8,student.h.cls~student.z.proj.out,854,1.0348757436260223,0.8641036721962102,0.2698536994216127,1.3835781175942612,1.1632127256343394,1.14129601756575
in1k.floorssl.s0.e27lmcb5.extL,in1k.pairs100.v1@audit_v1.o8,student.h.cls~student.z.proj.out,855,0.9218549972307043,0.9291200755419162,0.011437153901605837,1.036064705615641,0.8575294475421535,0.8626935945931989
in1k.floorssl.s0.e27lmcb5.extL,in1k.pairs100.v1@audit_v1.o8,student.h.cls~student.z.proj.out,856,0.9100639908537694,0.9151558044785987,0.008800442953249816,1.0089664805941123,0.8325199312488051,0.8471271880256973
in1k.floorssl.s0.e27lmcb5.extL,in1k.pairs100.v1@audit_v1.o8,student.h.cls~student.z.proj.out,857,0.9015670364544939,0.9160428049179193,0.002534787763830969,0.9663894807151452,0.8210034812218671,0.8260770530993224
in1k.floorssl.s0.e27lmcb5.extL,in1k.pairs100.v1@audit_v1.o8,student.h.cls~student.z.proj.out,858,0.8728174070361207,0.7989486712410717,0.14057050253037318,1.1738760009069327,0.7951124465595618,0.8139260820302682
in1k.floorssl.s0.e27lmcb5.extL,in1k.pairs100.v1@audit_v1.o8,student.h.cls~student.z.proj.out,859,1.031496795603508,1.0364931914598385,0.0012852043219686697,1.0723429379299136,1.0677990413224563,1.069173402399271
in1k.floorssl.s0.e27lmcb5.extL,in1k.pairs100.v1@audit_v1.o8,student.h.cls~student.z.proj.out,860,0.9692667306133261,0.9746636126009952,0.013815577275984337,1.0922032964357935,0.9516357426973191,0.9550031209656086
in1k.floorssl.s0.e27lmcb5.extL,in1k.pairs100.v1@audit_v1.o8,student.h.cls~student.z.proj.out,861,0.8933287150607558,0.8967336126533333,0.005990174120560958,0.9741298278098961,0.802564223140553,0.8133030072155029
in1k.floorssl.s0.e27lmcb5.extL,in1k.pairs100.v1@audit_v1.o8,student.h.cls~student.z.proj.out,862,1.070641874329446,1.0801401011284282,0.01356850865187914,1.1966240427336088,1.1533024154783789,1.1624436730007879
in1k.floorssl.s0.e27lmcb5.extL,in1k.pairs100.v1@audit_v1.o8,student.h.cls~student.z.proj.out,863,0.7414530695322143,0.7132627664581963,0.09339625121223583,1.0188707689912384,0.5883263798383335,0.6006706476257265
in1k.floorssl.s0.e27lmcb5.extL,in1k.pairs100.v1@audit_v1.o8,student.h.cls~student.z.proj.out,864,0.9325808994571937,0.9349971078542324,0.010851157288892554,1.039165996150559,0.878148820958374,0.880503692707284
in1k.floorssl.s0.e27lmcb5.extL,in1k.pairs100.v1@audit_v1.o8,student.h.cls~student.z.proj.out,865,0.9878745423522163,0.9876676673927428,0.02145352145500674,1.1341378741073056,0.9898349984992371,0.9940895332355727
in1k.floorssl.s0.e27lmcb5.extL,in1k.pairs100.v1@audit_v1.o8,student.h.cls~student.z.proj.out,866,0.8894127101876548,0.8984766227564509,0.023773040374742798,1.0526617075563198,0.8040157114571068,0.8217748484198382
in1k.floorssl.s0.e27lmcb5.extL,in1k.pairs100.v1@audit_v1.o8,student.h.cls~student.z.proj.out,867,0.9450671729933031,0.9543199423001136,0.01531634389086423,1.0780791596977048,0.9070606326437477,0.9122486279166956
in1k.floorssl.s0.e27lmcb5.extL,in1k.pairs100.v1@audit_v1.o8,student.h.cls~student.z.proj.out,868,0.9726910786484811,0.9745900322642922,0.002056297524061514,1.019936449146572,0.9490601747030604,0.9507814900138575
in1k.floorssl.s0.e27lmcb5.extL,in1k.pairs100.v1@audit_v1.o8,student.h.cls~student.z.proj.out,869,0.9894881161747572,0.9902734011019668,0.017728314053083435,1.1234211162648018,0.991431402787601,0.9985301654273158
in1k.floorssl.s0.e27lmcb5.extL,in1k.pairs100.v1@audit_v1.o8,student.h.cls~student.z.proj.out,870,1.0092608756958523,1.014699778245353,0.004311911024418289,1.0803649213916091,1.0221052571012736,1.0265082282941953
in1k.floorssl.s0.e27lmcb5.extL,in1k.pairs100.v1@audit_v1.o8,student.h.cls~student.z.proj.out,871,0.9488581714814575,0.9532583256264042,0.027891605405350968,1.1202661260590516,0.9250756785283475,0.9277448035683478
in1k.floorssl.s0.e27lmcb5.extL,in1k.pairs100.v1@audit_v1.o8,student.h.cls~student.z.proj.out,872,1.0087319853482317,1.0184657886849857,0.0012226875628168431,1.053432738263364,1.02338213304736,1.026108299002074
in1k.floorssl.s0.e27lmcb5.extL,in1k.pairs100.v1@audit_v1.o8,student.h.cls~student.z.proj.out,873,0.7961191551684108,0.7518452486250876,0.14348814091369003,1.130643533882149,0.6610956179084045,0.6900925175585284
in1k.floorssl.s0.e27lmcb5.extL,in1k.pairs100.v1@audit_v1.o8,student.h.cls~student.z.proj.out,874,0.9120432992309333,0.7912119098436166,0.18766147195702274,1.2244110233665122,0.9040841586284133,0.8904502259411877
in1k.floorssl.s0.e27lmcb5.extL,in1k.pairs100.v1@audit_v1.o8,student.h.cls~student.z.proj.out,875,0.8114948426817825,0.8141718321109647,0.0048716806301401325,0.8839692577808282,0.6592500002908815,0.670210130063221
in1k.floorssl.s0.e27lmcb5.extL,in1k.pairs100.v1@audit_v1.o8,student.h.cls~student.z.proj.out,876,0.9366586663530634,0.9398934843829978,0.0016978904954167487,0.9810989511976906,0.8790868152732878,0.8852381038519258
in1k.floorssl.s0.e27lmcb5.extL,in1k.pairs100.v1@audit_v1.o8,student.h.cls~student.z.proj.out,877,0.9023865531976821,0.9089312659393318,0.008431552723361446,1.0007547527134761,0.8232471652264157,0.8294949606622753
in1k.floorssl.s0.e27lmcb5.extL,in1k.pairs100.v1@audit_v1.o8,student.h.cls~student.z.proj.out,878,0.8734318883893748,0.7733543419642102,0.21351500513058988,1.2354311809537768,0.8186000406826014,0.8218430888994858
in1k.floorssl.s0.e27lmcb5.extL,in1k.pairs100.v1@audit_v1.o8,student.h.cls~student.z.proj.out,879,0.767341093077317,0.7648005684498193,0.0016432063641674585,0.805337050341659,0.5879151217793666,0.5963286390986515
in1k.floorssl.s0.e27lmcb5.extL,in1k.pairs100.v1@audit_v1.o8,student.h.cls~student.z.proj.out,880,0.9179354606636028,0.9203807084255873,0.003233360731301791,0.9772433563704535,0.8438340282586675,0.8519508107519594
in1k.floorssl.s0.e27lmcb5.extL,in1k.pairs100.v1@audit_v1.o8,student.h.cls~student.z.proj.out,881,0.943623644514852,0.9159170033236684,0.0971673409225268,1.2276337672657553,0.9369209721530147,0.9322165063183079
in1k.floorssl.s0.e27lmcb5.extL,in1k.pairs100.v1@audit_v1.o8,student.h.cls~student.z.proj.out,882,1.03578035000045,1.0385192479254017,0.0010303133257121668,1.0706177420600518,1.074456477697243,1.0779383464496903
in1k.floorssl.s0.e27lmcb5.extL,in1k.pairs100.v1@audit_v1.o8,student.h.cls~student.z.proj.out,883,0.913871992190294,0.9158951861685268,0.0033101104312881924,0.9734287453430486,0.8380646420668069,0.841738621864108
in1k.floorssl.s0.e27lmcb5.extL,in1k.pairs100.v1@audit_v1.o8,student.h.cls~student.z.proj.out,884,0.8156060664155717,0.7833321070069269,0.06962954619036008,1.0472062175035046,0.692641196977957,0.7064740610077063
in1k.floorssl.s0.e27lmcb5.extL,in1k.pairs100.v1@audit_v1.o8,student.h.cls~student.z.proj.out,885,0.9345161724419055,0.9393906105986872,0.0026457255839112495,0.9908272277494219,0.8768588960610455,0.8864468381142631
in1k.floorssl.s0.e27lmcb5.extL,in1k.pairs100.v1@audit_v1.o8,student.h.cls~student.z.proj.out,886,0.8920385388016638,0.8720076854333868,0.09997878522780297,1.1882019061708995,0.8182999658354619,0.8418188171068435
in1k.floorssl.s0.e27lmcb5.extL,in1k.pairs100.v1@audit_v1.o8,student.h.cls~student.z.proj.out,887,0.9435036149699344,0.9548437266642819,0.0033314576186732905,1.0125625071319364,0.8972589791366514,0.9025563681630092
in1k.floorssl.s0.e27lmcb5.extL,in1k.pairs100.v1@audit_v1.o8,student.h.cls~student.z.proj.out,888,0.9165428955376674,0.8362737818903621,0.1761939449539998,1.256028406586743,0.9187292971533413,0.9094699779118418
in1k.floorssl.s0.e27lmcb5.extL,in1k.pairs100.v1@audit_v1.o8,student.h.cls~student.z.proj.out,889,0.9954384294835273,0.9996126015650552,0.0019441466331777775,1.0437050797578011,0.9924476555988767,0.9987898790418217
in1k.floorssl.s0.e27lmcb5.extL,in1k.pairs100.v1@audit_v1.o8,student.h.cls~student.z.proj.out,890,0.9555683729835922,0.9140920360036655,0.054122398144118795,1.14673424658489,0.9464578605053209,0.9397176045356727
in1k.floorssl.s0.e27lmcb5.extL,in1k.pairs100.v1@audit_v1.o8,student.h.cls~student.z.proj.out,891,0.9859156471230757,0.9962976001737439,0.0017878903965067004,1.0385810531607778,0.978517392115994,0.9801560207801875
in1k.floorssl.s0.e27lmcb5.extL,in1k.pairs100.v1@audit_v1.o8,student.h.cls~student.z.proj.out,892,0.8706414220617741,0.8713880181185482,0.01596360205556269,0.9977351670992937,0.7620947011612633,0.773301715058626
in1k.floorssl.s0.e27lmcb5.extL,in1k.pairs100.v1@audit_v1.o8,student.h.cls~student.z.proj.out,893,1.0276880785680254,1.0331785663377884,0.002853800300339568,1.0865995388143315,1.061546850970859,1.0645542086929203
in1k.floorssl.s0.e27lmcb5.extL,in1k.pairs100.v1@audit_v1.o8,student.h.cls~student.z.proj.out,894,1.0108842822915272,1.0183453670922344,0.041558164063426405,1.222203563060477,1.0328031393424397,1.0418047296064414
in1k.floorssl.s0.e27lmcb5.extL,in1k.pairs100.v1@audit_v1.o8,student.h.cls~student.z.proj.out,895,0.9344761647841111,0.9331672933947681,0.04214704168065606,1.1384647402387462,0.8952967301293032,0.9037149122997942
in1k.floorssl.s0.e27lmcb5.extL,in1k.pairs100.v1@audit_v1.o8,student.h.cls~student.z.proj.out,896,0.8572205486007127,0.8628609375397248,0.0034778983336021304,0.9218346463734257,0.7394446185280197,0.7458584821459917
in1k.floorssl.s0.e27lmcb5.extL,in1k.pairs100.v1@audit_v1.o8,student.h.cls~student.z.proj.out,897,1.1380292808842256,1.1363438061376085,0.015255105178800105,1.2598553650250264,1.3142767878978248,1.3082632305359243
in1k.floorssl.s0.e27lmcb5.extL,in1k.pairs100.v1@audit_v1.o8,student.h.cls~student.z.proj.out,898,0.9752864602041851,0.975942194923838,0.0016775135770313102,1.0168996555022396,0.9526654040650161,0.9574433399062343
in1k.floorssl.s0.e27lmcb5.extL,in1k.pairs100.v1@audit_v1.o8,student.h.cls~student.z.proj.out,899,0.936517625769586,0.9365020581170668,0.0019428240808521428,0.9805795362760102,0.8780323404292759,0.8824922635793196
in1k.floorssl.s0.e27lmcb5.extL,in1k.pairs100.v1@audit_v1.o8,student.h.cls~student.z.proj.out,900,0.8168750769563508,0.7250724752847536,0.23780318205817003,1.212723151546122,0.7330896685839124,0.7485728405559954
in1k.floorssl.s0.e27lmcb5.extL,in1k.pairs100.v1@audit_v1.o8,student.h.cls~student.z.proj.out,901,1.0354770267443554,1.028876075232087,0.02151344349136983,1.1755506929795685,1.092650906476673,1.0916494332792333
in1k.floorssl.s0.e27lmcb5.extL,in1k.pairs100.v1@audit_v1.o8,student.h.cls~student.z.proj.out,902,0.9374631430162874,0.9381791601229617,0.0024577880777004644,0.9877552438499007,0.8798369453222996,0.8830682086963427
in1k.floorssl.s0.e27lmcb5.extL,in1k.pairs100.v1@audit_v1.o8,student.h.cls~student.z.proj.out,903,0.9718744730653175,0.9845547409406304,0.004183223275041852,1.0492325831668663,0.9579560149414036,0.9584861599849858
in1k.floorssl.s0.e27lmcb5.extL,in1k.pairs100.v1@audit_v1.o8,student.h.cls~student.z.proj.out,904,1.0108643415498195,0.8997029828499886,0.15723833410802107,1.2962358744340552,1.082572694861278,1.0580267873805513
in1k.floorssl.s0.e27lmcb5.extL,in1k.pairs100.v1@audit_v1.o8,student.h.cls~student.z.proj.out,905,0.9519898907817397,0.9658020772932558,0.03132937410299338,1.1428031340782179,0.9187147550057765,0.932232524323996
in1k.floorssl.s0.e27lmcb5.extL,in1k.pairs100.v1@audit_v1.o8,student.h.cls~student.z.proj.out,906,0.9479306727993965,0.9565584505588723,0.003695305721777674,1.0173474768858146,0.9048361538363724,0.9111226674708918
in1k.floorssl.s0.e27lmcb5.extL,in1k.pairs100.v1@audit_v1.o8,student.h.cls~student.z.proj.out,907,1.1378224626205886,1.135902720918353,0.01920798800618275,1.2744956067609632,1.314360829955915,1.3116942245809082
in1k.floorssl.s0.e27lmcb5.extL,in1k.pairs100.v1@audit_v1.o8,student.h.cls~student.z.proj.out,908,1.1106524906481554,0.9965950952229073,0.21143042930803183,1.4564107423120771,1.3190330972882982,1.2788510187840296
in1k.floorssl.s0.e27lmcb5.extL,in1k.pairs100.v1@audit_v1.o8,student.h.cls~student.z.proj.out,909,1.0085420889881482,1.0105463860182025,0.021767104310072876,1.1580831757015655,1.030382721972387,1.0324986444413082
in1k.floorssl.s0.e27lmcb5.extL,in1k.pairs100.v1@audit_v1.o8,student.h.cls~student.z.proj.out,910,1.0377693807693236,1.0377127515050413,0.0013257811352928232,1.074124029088955,1.077543212114787,1.0822642136221912
in1k.floorssl.s0.e27lmcb5.extL,in1k.pairs100.v1@audit_v1.o8,student.h.cls~student.z.proj.out,911,0.8675199021136794,0.8615702578946635,0.014875933496899018,0.9835371939753038,0.7596802626094944,0.7652961498260116
in1k.floorssl.s0.e27lmcb5.extL,in1k.pairs100.v1@audit_v1.o8,student.h.cls~student.z.proj.out,912,0.9795656963605432,0.9935005707434411,0.0028943346827338227,1.0472995919495358,0.9680803597876639,0.9727310896098963
in1k.floorssl.s0.e27lmcb5.extL,in1k.pairs100.v1@audit_v1.o8,student.h.cls~student.z.proj.out,913,0.9834407939216816,0.9920607315588672,0.003459848333990186,1.05088120702439,0.9740296086180715,0.9768574345286493
in1k.floorssl.s0.e27lmcb5.extL,in1k.pairs100.v1@audit_v1.o8,student.h.cls~student.z.proj.out,914,0.905043454897306,0.8286122475386555,0.12565345416061924,1.1830885572698127,0.8715452375992903,0.867880978941384
in1k.floorssl.s0.e27lmcb5.extL,in1k.pairs100.v1@audit_v1.o8,student.h.cls~student.z.proj.out,915,1.0482355638346625,1.0766631249697236,0.00450886881441249,1.1438112359961143,1.1187083440816141,1.117174076493042
in1k.floorssl.s0.e27lmcb5.extL,in1k.pairs100.v1@audit_v1.o8,student.h.cls~student.z.proj.out,916,0.8751047508410658,0.6612207050357193,0.32917959174486616,1.234962451594976,0.868235561889614,0.8570665740343759
in1k.floorssl.s0.e27lmcb5.extL,in1k.pairs100.v1@audit_v1.o8,student.h.cls~student.z.proj.out,917,0.8431445941013525,0.853844980026566,0.06368099983311583,1.1061959258007314,0.7410302511215214,0.7576639245332509
in1k.floorssl.s0.e27lmcb5.extL,in1k.pairs100.v1@audit_v1.o8,student.h.cls~student.z.proj.out,918,0.8216215420687641,0.6825432705150852,0.20760825351473447,1.138183757648016,0.7552423988360896,0.7367524616872272
in1k.floorssl.s0.e27lmcb5.extL,in1k.pairs100.v1@audit_v1.o8,student.h.cls~student.z.proj.out,919,0.8796008924754821,0.8580894986486666,0.0790683548292996,1.1392804565923735,0.7993725644807345,0.8094159440468887
in1k.floorssl.s0.e27lmcb5.extL,in1k.pairs100.v1@audit_v1.o8,student.h.cls~student.z.proj.out,920,0.8895586123562416,0.9010750192488459,0.006011702121998042,0.9786101862506525,0.7982068229701931,0.8055529228378201
in1k.floorssl.s0.e27lmcb5.extL,in1k.pairs100.v1@audit_v1.o8,student.h.cls~student.z.proj.out,921,0.9797211073908154,0.9947163645460823,0.0038219956976980403,1.0565386558146694,0.9703339406417814,0.9717824703914917
in1k.floorssl.s0.e27lmcb5.extL,in1k.pairs100.v1@audit_v1.o8,student.h.cls~student.z.proj.out,922,0.8755973152162754,0.827371318299668,0.19605899350081676,1.2701568120783338,0.7986713648583438,0.8279672834405263
in1k.floorssl.s0.e27lmcb5.extL,in1k.pairs100.v1@audit_v1.o8,student.h.cls~student.z.proj.out,923,0.9411612346550922,0.9435082631176195,0.009095213622605807,1.0388770925253763,0.8928320070438155,0.898128413044753
in1k.floorssl.s0.e27lmcb5.extL,in1k.pairs100.v1@audit_v1.o8,student.h.cls~student.z.proj.out,924,1.0574888893382937,1.0684988068196444,0.009813212175949184,1.1675604652751195,1.1373136287698449,1.1365581134977385
in1k.floorssl.s0.e27lmcb5.extL,in1k.pairs100.v1@audit_v1.o8,student.h.cls~student.z.proj.out,925,0.979293670148863,0.9224440805057283,0.07122931921117459,1.1893322953282914,1.0055415183328298,0.9929665892521736
in1k.floorssl.s0.e27lmcb5.extL,in1k.pairs100.v1@audit_v1.o8,student.h.cls~student.z.proj.out,926,0.9077853688470159,0.9016034766420798,0.05293014864206354,1.1316690078327898,0.8433532578102316,0.8559038669364133
in1k.floorssl.s0.e27lmcb5.extL,in1k.pairs100.v1@audit_v1.o8,student.h.cls~student.z.proj.out,927,0.9643028979722643,0.9079376471636662,0.1929854544021497,1.3472387448201024,1.0071656714022148,0.990437383000636
in1k.floorssl.s0.e27lmcb5.extL,in1k.pairs100.v1@audit_v1.o8,student.h.cls~student.z.proj.out,928,0.9072882310879522,0.9123445450358283,0.004161706211224133,0.9768558325072788,0.828322267223688,0.8345925253342616
in1k.floorssl.s0.e27lmcb5.extL,in1k.pairs100.v1@audit_v1.o8,student.h.cls~student.z.proj.out,929,1.0942457947090705,1.096865686544962,0.0024898057154095136,1.1467636395631922,1.2018796676831909,1.2041759781453094
in1k.floorssl.s0.e27lmcb5.extL,in1k.pairs100.v1@audit_v1.o8,student.h.cls~student.z.proj.out,930,0.9021555013287689,0.9090459541422842,0.0330656870445414,1.0908856831470906,0.8306430327280065,0.8389668137270474
in1k.floorssl.s0.e27lmcb5.extL,in1k.pairs100.v1@audit_v1.o8,student.h.cls~student.z.proj.out,931,1.1499045952783697,1.120893259618385,0.04721288662088999,1.338178525158619,1.3622780256202578,1.3466379179769419
in1k.floorssl.s0.e27lmcb5.extL,in1k.pairs100.v1@audit_v1.o8,student.h.cls~student.z.proj.out,932,0.9266210269070735,0.912737859411672,0.06355245307643964,1.1648339781371289,0.8745300790939334,0.8869300459085675
in1k.floorssl.s0.e27lmcb5.extL,in1k.pairs100.v1@audit_v1.o8,student.h.cls~student.z.proj.out,933,0.796754514729268,0.760236494411528,0.08798843020694075,1.05686493237212,0.6713038795825171,0.6927711506058349
in1k.floorssl.s0.e27lmcb5.extL,in1k.pairs100.v1@audit_v1.o8,student.h.cls~student.z.proj.out,934,0.7961404933972462,0.7949078179012835,0.012611632096316433,0.9072093410268246,0.6396499681927951,0.6537936486741138
in1k.floorssl.s0.e27lmcb5.extL,in1k.pairs100.v1@audit_v1.o8,student.h.cls~student.z.proj.out,935,1.0985215225241172,1.1143418978790731,0.006265913861415729,1.1934994234936078,1.2282143963789942,1.224001812034793
in1k.floorssl.s0.e27lmcb5.extL,in1k.pairs100.v1@audit_v1.o8,student.h.cls~student.z.proj.out,936,0.8797601907156235,0.8532687544414594,0.07545485543777342,1.1279592264964133,0.8139355276335799,0.8138006792568455
in1k.floorssl.s0.e27lmcb5.extL,in1k.pairs100.v1@audit_v1.o8,student.h.cls~student.z.proj.out,937,1.0295646830000407,1.0402772988309723,0.03293382514728746,1.2217540883862414,1.1076299544183081,1.095306462924532
in1k.floorssl.s0.e27lmcb5.extL,in1k.pairs100.v1@audit_v1.o8,student.h.cls~student.z.proj.out,938,0.9084980076381773,0.8730328646571159,0.12648664225143372,1.2286824706620063,0.8653998367894221,0.8816375967883567
in1k.floorssl.s0.e27lmcb5.extL,in1k.pairs100.v1@audit_v1.o8,student.h.cls~student.z.proj.out,939,0.9410909146428489,0.9059973493640152,0.10055028192592753,1.2230939938210759,0.9246978914932832,0.9328818747593088
in1k.floorssl.s0.e27lmcb5.extL,in1k.pairs100.v1@audit_v1.o8,student.h.cls~student.z.proj.out,940,0.9383636353240389,0.9429210654800455,0.02233710346305903,1.092377090661565,0.8903294034086655,0.899031662333661
in1k.floorssl.s0.e27lmcb5.extL,in1k.pairs100.v1@audit_v1.o8,student.h.cls~student.z.proj.out,941,0.9494906307700102,0.9509333374422977,0.014881326964180713,1.072922381885562,0.9156531054942487,0.9156545451055756
in1k.floorssl.s0.e27lmcb5.extL,in1k.pairs100.v1@audit_v1.o8,student.h.cls~student.z.proj.out,942,0.9312972937371733,0.927617881414262,0.05115398292379466,1.1537903442027162,0.880956312917128,0.8931347975309554
in1k.floorssl.s0.e27lmcb5.extL,in1k.pairs100.v1@audit_v1.o8,student.h.cls~student.z.proj.out,943,0.9973955010014224,0.9960814583751906,0.049704159757914305,1.2190257558082362,1.005104128264113,1.0191756408011299
in1k.floorssl.s0.e27lmcb5.extL,in1k.pairs100.v1@audit_v1.o8,student.h.cls~student.z.proj.out,944,0.9435606194715552,0.8418550581259739,0.22111563891633984,1.3120844052708962,0.9792108956037611,0.9723265336878776
in1k.floorssl.s0.e27lmcb5.extL,in1k.pairs100.v1@audit_v1.o8,student.h.cls~student.z.proj.out,945,0.9812844019117803,1.0002413050185146,0.02553130437336482,1.1600264869765573,0.9886073619731707,0.987026720194301
in1k.floorssl.s0.e27lmcb5.extL,in1k.pairs100.v1@audit_v1.o8,student.h.cls~student.z.proj.out,946,0.7394257803560855,0.5809262156372689,0.2698906929177065,1.100436266471424,0.6102513657614174,0.6439756466909726
in1k.floorssl.s0.e27lmcb5.extL,in1k.pairs100.v1@audit_v1.o8,student.h.cls~student.z.proj.out,947,1.158901446867343,1.1618061397967017,0.015489037465440898,1.2862611013910106,1.3688692918680523,1.3602504459341402
in1k.floorssl.s0.e27lmcb5.extL,in1k.pairs100.v1@audit_v1.o8,student.h.cls~student.z.proj.out,948,0.9097787538447617,0.8768175934669712,0.06755487351607364,1.1367307972794625,0.8560904936298185,0.8610504770763349
in1k.floorssl.s0.e27lmcb5.extL,in1k.pairs100.v1@audit_v1.o8,student.h.cls~student.z.proj.out,949,0.8012726046361096,0.6812565186903115,0.23601034061797044,1.1670654735459938,0.7290300701343929,0.7392999719513463
in1k.floorssl.s0.e27lmcb5.extL,in1k.pairs100.v1@audit_v1.o8,student.h.cls~student.z.proj.out,950,0.9485776007894743,0.9035431420093298,0.10085156312040436,1.221114493236742,0.9404584372556397,0.9404896663184664
in1k.floorssl.s0.e27lmcb5.extL,in1k.pairs100.v1@audit_v1.o8,student.h.cls~student.z.proj.out,951,1.0441582414229311,1.0124695755596727,0.05749824546513813,1.2522574932393133,1.1266505666280726,1.118162998333464
in1k.floorssl.s0.e27lmcb5.extL,in1k.pairs100.v1@audit_v1.o8,student.h.cls~student.z.proj.out,952,0.9259671261373185,0.906569485638969,0.06341941659797243,1.1584016055084814,0.8829415591089153,0.8870052861389819
in1k.floorssl.s0.e27lmcb5.extL,in1k.pairs100.v1@audit_v1.o8,student.h.cls~student.z.proj.out,953,0.862568243687891,0.6914577053146018,0.3196275127415649,1.2568137990657569,0.8172543330665158,0.8337622903113066
in1k.floorssl.s0.e27lmcb5.extL,in1k.pairs100.v1@audit_v1.o8,student.h.cls~student.z.proj.out,954,0.9189356092791251,0.9146043565890905,0.027015458094313036,1.078968154593131,0.8629730238613821,0.8665531089308169
in1k.floorssl.s0.e27lmcb5.extL,in1k.pairs100.v1@audit_v1.o8,student.h.cls~student.z.proj.out,955,0.8957653392892693,0.7271187549601423,0.30927004382351025,1.2832392849026273,0.8978912246695737,0.8819989516369109
in1k.floorssl.s0.e27lmcb5.extL,in1k.pairs100.v1@audit_v1.o8,student.h.cls~student.z.proj.out,956,1.0025234251405586,0.9709648828196726,0.08494154851872743,1.262412216859165,1.0559693946031405,1.0440429967076608
in1k.floorssl.s0.e27lmcb5.extL,in1k.pairs100.v1@audit_v1.o8,student.h.cls~student.z.proj.out,957,0.9540105812161598,0.8829184853845797,0.1338847868519911,1.2488211867301575,0.9691392858101568,0.9583760884427824
in1k.floorssl.s0.e27lmcb5.extL,in1k.pairs100.v1@audit_v1.o8,student.h.cls~student.z.proj.out,958,0.8237595275184754,0.7418191319729248,0.1795824976446237,1.165590883797682,0.7457404037945479,0.7546365011817964
in1k.floorssl.s0.e27lmcb5.extL,in1k.pairs100.v1@audit_v1.o8,student.h.cls~student.z.proj.out,959,0.829977230711108,0.5714010256157444,0.31597662842764,1.1335190100528552,0.7781674641453645,0.777207923992039
in1k.floorssl.s0.e27lmcb5.extL,in1k.pairs100.v1@audit_v1.o8,student.h.cls~student.z.proj.out,960,0.9183709048440413,0.9292132123679918,0.00994100452331457,1.0289177986382059,0.8547768586974763,0.870377090525653
in1k.floorssl.s0.e27lmcb5.extL,in1k.pairs100.v1@audit_v1.o8,student.h.cls~student.z.proj.out,961,0.8937199256632342,0.9019246956721232,0.024604623660520773,1.0587833060845604,0.812300334506911,0.8191120792096502
in1k.floorssl.s0.e27lmcb5.extL,in1k.pairs100.v1@audit_v1.o8,student.h.cls~student.z.proj.out,962,0.956235367490094,0.9689020028908881,0.0064390944393021236,1.0491459711333806,0.9307757118991666,0.9303600701102833
in1k.floorssl.s0.e27lmcb5.extL,in1k.pairs100.v1@audit_v1.o8,student.h.cls~student.z.proj.out,963,0.7607342640347755,0.6827524380087818,0.2110893641126257,1.142197063739267,0.6094153573056149,0.639366201852842
in1k.floorssl.s0.e27lmcb5.extL,in1k.pairs100.v1@audit_v1.o8,student.h.cls~student.z.proj.out,964,0.8958319013164141,0.9014793211676106,0.0082653308169208,0.9923931859898741,0.8095447487451274,0.8176490881610015
in1k.floorssl.s0.e27lmcb5.extL,in1k.pairs100.v1@audit_v1.o8,student.h.cls~student.z.proj.out,965,0.884775597563157,0.8877153134547343,0.005207434452771364,0.9598778692075024,0.7880040702106665,0.7964437220637972
in1k.floorssl.s0.e27lmcb5.extL,in1k.pairs100.v1@audit_v1.o8,student.h.cls~student.z.proj.out,966,0.9247350355736714,0.9313326357224122,0.006908846749376519,1.01445210846723,0.8617423486843474,0.86946966614958
in1k.floorssl.s0.e27lmcb5.extL,in1k.pairs100.v1@audit_v1.o8,student.h.cls~student.z.proj.out,967,0.9962834560416433,0.9582622382385889,0.07983827989303759,1.2408189226278237,1.0326890431037465,1.0261325841258393
in1k.floorssl.s0.e27lmcb5.extL,in1k.pairs100.v1@audit_v1.o8,student.h.cls~student.z.proj.out,968,0.8908859941849614,0.8933946832863753,0.003935644902893869,0.9561294017674036,0.7976182217118261,0.8020816014636183
in1k.floorssl.s0.e27lmcb5.extL,in1k.pairs100.v1@audit_v1.o8,student.h.cls~student.z.proj.out,969,1.0806601037718864,1.0954207153110394,0.0038938591322741673,1.1578215096351037,1.179008687604211,1.1821585014434106
in1k.floorssl.s0.e27lmcb5.extL,in1k.pairs100.v1@audit_v1.o8,student.h.cls~student.z.proj.out,970,0.8377035853562163,0.8171933150337555,0.048134348383211956,1.0365887306267254,0.7232054646051859,0.7373159772508827
in1k.floorssl.s0.e27lmcb5.extL,in1k.pairs100.v1@audit_v1.o8,student.h.cls~student.z.proj.out,971,1.3183478233421322,1.3288684178561985,0.0009659355206708632,1.359947921080524,1.7486236969508877,1.7461081912937073
in1k.floorssl.s0.e27lmcb5.extL,in1k.pairs100.v1@audit_v1.o8,student.h.cls~student.z.proj.out,972,0.9939654855952477,1.010805796132675,0.010506502613382334,1.1133070283856696,1.0059669274352987,1.0063533577397916
in1k.floorssl.s0.e27lmcb5.extL,in1k.pairs100.v1@audit_v1.o8,student.h.cls~student.z.proj.out,973,0.8425241169680509,0.8236948502200832,0.04022845878174602,1.024265183972974,0.7305951392928451,0.735649294377947
in1k.floorssl.s0.e27lmcb5.extL,in1k.pairs100.v1@audit_v1.o8,student.h.cls~student.z.proj.out,974,0.7943883814157012,0.5645714086872892,0.2987279665431354,1.1111315303053373,0.7599991496383667,0.7442652945794831
in1k.floorssl.s0.e27lmcb5.extL,in1k.pairs100.v1@audit_v1.o8,student.h.cls~student.z.proj.out,975,1.121032593007442,1.13590427520666,0.003703111875265349,1.196757474590631,1.2690903976463421,1.2676334759570886
in1k.floorssl.s0.e27lmcb5.extL,in1k.pairs100.v1@audit_v1.o8,student.h.cls~student.z.proj.out,976,0.9269879638040394,0.9260353131370266,0.035116467162348015,1.11342919554077,0.8780673526617029,0.8958230165160167
in1k.floorssl.s0.e27lmcb5.extL,in1k.pairs100.v1@audit_v1.o8,student.h.cls~student.z.proj.out,977,1.0245634707933162,1.0220317967291808,0.02927290369603314,1.1931250569588963,1.0746032478886651,1.071772027138321
in1k.floorssl.s0.e27lmcb5.extL,in1k.pairs100.v1@audit_v1.o8,student.h.cls~student.z.proj.out,978,1.0188954884891004,1.019647719333299,0.01810542415181591,1.1542041169954536,1.0540342425220173,1.0550220739312304
in1k.floorssl.s0.e27lmcb5.extL,in1k.pairs100.v1@audit_v1.o8,student.h.cls~student.z.proj.out,979,0.9404618139223854,0.9244270069434137,0.034071747566171894,1.1090123464646549,0.9055901020574155,0.9115455054249921
in1k.floorssl.s0.e27lmcb5.extL,in1k.pairs100.v1@audit_v1.o8,student.h.cls~student.z.proj.out,980,1.1374231162866062,1.1722571295562956,0.02281863272753992,1.3233155047876608,1.3424566112101475,1.3264332071264917
in1k.floorssl.s0.e27lmcb5.extL,in1k.pairs100.v1@audit_v1.o8,student.h.cls~student.z.proj.out,981,0.8514811970451192,0.7707261984915378,0.18632871672954768,1.2023843001525023,0.7625882187179573,0.7808151555765429
in1k.floorssl.s0.e27lmcb5.extL,in1k.pairs100.v1@audit_v1.o8,student.h.cls~student.z.proj.out,982,1.0481801472546952,1.0562782049887685,0.002645817014616429,1.1077157109024152,1.1052507385887949,1.1099958978227147
in1k.floorssl.s0.e27lmcb5.extL,in1k.pairs100.v1@audit_v1.o8,student.h.cls~student.z.proj.out,983,0.896907482419328,0.8041040934528416,0.21533000688716622,1.2681407373584348,0.8676241996441904,0.8731413195078046
in1k.floorssl.s0.e27lmcb5.extL,in1k.pairs100.v1@audit_v1.o8,student.h.cls~student.z.proj.out,984,0.7305273219809908,0.521660826696884,0.29740817113635665,1.0670122465505014,0.6162441419862685,0.6430324713800497
in1k.floorssl.s0.e27lmcb5.extL,in1k.pairs100.v1@audit_v1.o8,student.h.cls~student.z.proj.out,985,0.7437930381047698,0.5409124592156357,0.2613430946665155,1.0521297267903094,0.6504511717611448,0.6574277976157868
in1k.floorssl.s0.e27lmcb5.extL,in1k.pairs100.v1@audit_v1.o8,student.h.cls~student.z.proj.out,986,0.7102465467807006,0.2934687109596338,0.41349346866557096,0.9365032890855468,0.6635044116064382,0.6452714275246666
in1k.floorssl.s0.e27lmcb5.extL,in1k.pairs100.v1@audit_v1.o8,student.h.cls~student.z.proj.out,987,1.0076017241047335,0.9747235551237744,0.09478484398033797,1.2825950282750522,1.0433236729698514,1.0456833974151272
in1k.floorssl.s0.e27lmcb5.extL,in1k.pairs100.v1@audit_v1.o8,student.h.cls~student.z.proj.out,988,0.9707422541665958,0.9722689582291869,0.034563422833930886,1.1581813645767216,0.953880791753093,0.967125573785054
in1k.floorssl.s0.e27lmcb5.extL,in1k.pairs100.v1@audit_v1.o8,student.h.cls~student.z.proj.out,989,0.8984579840082308,0.8984277188265475,0.08218075804770562,1.1850995835913087,0.8475282430474479,0.8691478854708597
in1k.floorssl.s0.e27lmcb5.extL,in1k.pairs100.v1@audit_v1.o8,student.h.cls~student.z.proj.out,990,0.948510461591484,0.9679298210406,0.017403514930292466,1.0998522032594353,0.9166355124490718,0.9228368931504252
in1k.floorssl.s0.e27lmcb5.extL,in1k.pairs100.v1@audit_v1.o8,student.h.cls~student.z.proj.out,991,0.8026120596164587,0.47587390399793006,0.4338999968356386,1.1345847638109734,0.7599218476632689,0.7370759329502159
in1k.floorssl.s0.e27lmcb5.extL,in1k.pairs100.v1@audit_v1.o8,student.h.cls~student.z.proj.out,992,0.7415306804242743,0.6242445344506145,0.22624567445250757,1.0998974272753166,0.5993715052689339,0.6465317894999206
in1k.floorssl.s0.e27lmcb5.extL,in1k.pairs100.v1@audit_v1.o8,student.h.cls~student.z.proj.out,993,0.7568548264563577,0.5622761767422808,0.34200842374788865,1.1470910395389513,0.6565318784104982,0.6830625447269816
in1k.floorssl.s0.e27lmcb5.extL,in1k.pairs100.v1@audit_v1.o8,student.h.cls~student.z.proj.out,994,0.8694304718024857,0.8733818501982332,0.017498095989651578,1.0056622190730273,0.7671415542775951,0.7820269025990625
in1k.floorssl.s0.e27lmcb5.extL,in1k.pairs100.v1@audit_v1.o8,student.h.cls~student.z.proj.out,995,0.9718725746907818,0.8136139923324682,0.23145241654352652,1.2947090105393984,1.021988835174261,1.0143949687249494
in1k.floorssl.s0.e27lmcb5.extL,in1k.pairs100.v1@audit_v1.o8,student.h.cls~student.z.proj.out,996,1.0400688025692608,1.0274078253563317,0.06404981010424346,1.2804884648850074,1.1335690467338027,1.1190132241118356
in1k.floorssl.s0.e27lmcb5.extL,in1k.pairs100.v1@audit_v1.o8,student.h.cls~student.z.proj.out,997,0.9821055640972249,0.9951912710357984,0.01649622240710603,1.1236288917203394,0.9855884677485589,0.9853290502735963
in1k.floorssl.s0.e27lmcb5.extL,in1k.pairs100.v1@audit_v1.o8,student.h.cls~student.z.proj.out,998,0.8390803190753825,0.7991026708516313,0.09901983935572263,1.1137768505291552,0.7256550378656841,0.7431694769946735
in1k.floorssl.s0.e27lmcb5.extL,in1k.pairs100.v1@audit_v1.o8,student.h.cls~student.z.proj.out,999,0.8998021475635564,0.9019431598854284,0.0012414371556287796,0.9371771939381561,0.8113285601341724,0.8163192821493968
