run_id,manifest,space,cls,d_h,d_z,dir_resid,transfer_bound,probe_err,decomp_pred
in1k.floorssl.s0.e27v10u.extL,in1k.pairs100.v1@audit_v1.o8,student.h.cls~student.z.proj.out,0,0.854071208280544,0.8541357756608987,0.028161306707688127,1.0219490847507564,0.7511763426913861,0.7508783296549736
in1k.floorssl.s0.e27v10u.extL,in1k.pairs100.v1@audit_v1.o8,student.h.cls~student.z.proj.out,1,0.8792944187624461,0.9248002092752821,0.03801149107567527,1.1197655679308014,0.8092240978714271,0.8165784352713503
in1k.floorssl.s0.e27v10u.extL,in1k.pairs100.v1@audit_v1.o8,student.h.cls~student.z.proj.out,2,0.9607796196860539,0.9683523388249373,0.01986110614415283,1.1092817755801903,0.937329354698007,0.9420719696168247
in1k.floorssl.s0.e27v10u.extL,in1k.pairs100.v1@audit_v1.o8,student.h.cls~student.z.proj.out,3,1.0710598583275273,1.0690756217894464,0.01913444855581268,1.2074029457562343,1.1728899461236004,1.1630712333908293
in1k.floorssl.s0.e27v10u.extL,in1k.pairs100.v1@audit_v1.o8,student.h.cls~student.z.proj.out,4,0.7951957228333556,0.7925807517765607,0.01255916374529063,0.9046484266221229,0.6398460250517602,0.6469007982731647
in1k.floorssl.s0.e27v10u.extL,in1k.pairs100.v1@audit_v1.o8,student.h.cls~student.z.proj.out,5,0.847035727372174,0.8672095438728133,0.018840514369621454,1.004470297074963,0.7350060102462894,0.7405198064187559
in1k.floorssl.s0.e27v10u.extL,in1k.pairs100.v1@audit_v1.o8,student.h.cls~student.z.proj.out,6,0.9964888933895903,1.0127419788880578,0.016346038885630267,1.1405936072923542,1.0097212267952411,1.0118462496681075
in1k.floorssl.s0.e27v10u.extL,in1k.pairs100.v1@audit_v1.o8,student.h.cls~student.z.proj.out,7,0.9516910124609292,0.9876734386621727,0.06009117598759531,1.232808454495479,0.96064254397586,0.945561062900244
in1k.floorssl.s0.e27v10u.extL,in1k.pairs100.v1@audit_v1.o8,student.h.cls~student.z.proj.out,8,0.8828012400681329,0.9004326653750097,0.06637259065377092,1.1580614499736468,0.8125784790483069,0.816863933759516
in1k.floorssl.s0.e27v10u.extL,in1k.pairs100.v1@audit_v1.o8,student.h.cls~student.z.proj.out,9,0.799993564840956,0.8668216463275636,0.07831947942329594,1.1466778226455001,0.6900271700087075,0.7042195242352002
in1k.floorssl.s0.e27v10u.extL,in1k.pairs100.v1@audit_v1.o8,student.h.cls~student.z.proj.out,10,0.8006986282241062,0.809911037272611,0.01518979519479184,0.9331579244332685,0.6455861120560454,0.657344851653118
in1k.floorssl.s0.e27v10u.extL,in1k.pairs100.v1@audit_v1.o8,student.h.cls~student.z.proj.out,11,1.0179783503542679,1.0181922650289517,0.016536865133703338,1.1467880080910893,1.050818127685186,1.0470823474300774
in1k.floorssl.s0.e27v10u.extL,in1k.pairs100.v1@audit_v1.o8,student.h.cls~student.z.proj.out,12,1.0076175858621748,1.014726258153993,0.01029532742078784,1.1161921510480481,1.023657658874263,1.0242236186954996
in1k.floorssl.s0.e27v10u.extL,in1k.pairs100.v1@audit_v1.o8,student.h.cls~student.z.proj.out,13,0.9930688320726601,0.9945961453516814,0.012992607859483259,1.108581266571441,0.9969763752814026,0.9975362775937469
in1k.floorssl.s0.e27v10u.extL,in1k.pairs100.v1@audit_v1.o8,student.h.cls~student.z.proj.out,14,0.9864225448563465,0.9914085914514903,0.004441542840166223,1.0580534925330152,0.9775726811852026,0.9802838094603262
in1k.floorssl.s0.e27v10u.extL,in1k.pairs100.v1@audit_v1.o8,student.h.cls~student.z.proj.out,15,1.0422571880590326,1.0436399417351794,0.01614293127681516,1.1706947774432908,1.0938418998388615,1.094262017383046
in1k.floorssl.s0.e27v10u.extL,in1k.pairs100.v1@audit_v1.o8,student.h.cls~student.z.proj.out,16,1.0288687519765243,1.0247638169505586,0.009485447315192654,1.1221570780890617,1.0672689812580693,1.0667594340354425
in1k.floorssl.s0.e27v10u.extL,in1k.pairs100.v1@audit_v1.o8,student.h.cls~student.z.proj.out,17,0.8449079884511962,0.8439367631591783,0.014609225925547514,0.9648053940174267,0.7192482763712048,0.7244027665894798
in1k.floorssl.s0.e27v10u.extL,in1k.pairs100.v1@audit_v1.o8,student.h.cls~student.z.proj.out,18,0.9636946779813357,0.9789588025256942,0.011140802028559193,1.084508800292436,0.9386824096337575,0.9415496899369801
in1k.floorssl.s0.e27v10u.extL,in1k.pairs100.v1@audit_v1.o8,student.h.cls~student.z.proj.out,19,0.8737247475725708,0.8790956408197697,0.015579849270590165,1.0039149072436282,0.7700821356683677,0.7753584954969137
in1k.floorssl.s0.e27v10u.extL,in1k.pairs100.v1@audit_v1.o8,student.h.cls~student.z.proj.out,20,0.8189677979174934,0.8696633144074414,0.0868607156143447,1.1643847347595169,0.7212321868238041,0.7329908365397118
in1k.floorssl.s0.e27v10u.extL,in1k.pairs100.v1@audit_v1.o8,student.h.cls~student.z.proj.out,21,0.9613743223703527,0.9597184637229439,0.022414678765706166,1.1094337894772104,0.9378227951810592,0.9382688934751615
in1k.floorssl.s0.e27v10u.extL,in1k.pairs100.v1@audit_v1.o8,student.h.cls~student.z.proj.out,22,1.075268779121242,1.106218088014686,0.01945657306590804,1.2457049084168588,1.1794316361518244,1.1748969575110733
in1k.floorssl.s0.e27v10u.extL,in1k.pairs100.v1@audit_v1.o8,student.h.cls~student.z.proj.out,23,0.9753499129968153,0.9888176443708925,0.011913844719422414,1.0979682042385468,0.9618842634272626,0.9640799616749618
in1k.floorssl.s0.e27v10u.extL,in1k.pairs100.v1@audit_v1.o8,student.h.cls~student.z.proj.out,24,0.7547001360646572,0.8004959123255538,0.11810741979758872,1.1441635130643908,0.6395992385813383,0.641092960746406
in1k.floorssl.s0.e27v10u.extL,in1k.pairs100.v1@audit_v1.o8,student.h.cls~student.z.proj.out,25,0.879667178196323,0.9008111118606448,0.06362706080732797,1.1530551619536609,0.8063451156421183,0.8112288401160399
in1k.floorssl.s0.e27v10u.extL,in1k.pairs100.v1@audit_v1.o8,student.h.cls~student.z.proj.out,26,1.0398694105033208,1.049310388424677,0.008812807375547186,1.1431869423428263,1.0916024924524588,1.0943244175909854
in1k.floorssl.s0.e27v10u.extL,in1k.pairs100.v1@audit_v1.o8,student.h.cls~student.z.proj.out,27,1.0360983824457275,1.0984526059852762,0.04257055121592693,1.3047789281449242,1.139253426190564,1.113879167964602
in1k.floorssl.s0.e27v10u.extL,in1k.pairs100.v1@audit_v1.o8,student.h.cls~student.z.proj.out,28,0.9123341900675623,0.9190356002694196,0.057761454151802186,1.1593717277072273,0.8672583641441151,0.8684153261563333
in1k.floorssl.s0.e27v10u.extL,in1k.pairs100.v1@audit_v1.o8,student.h.cls~student.z.proj.out,29,0.8439258366811396,0.8754184983426817,0.04484234475503165,1.0871786096833957,0.7577407086761895,0.7524468361246204
in1k.floorssl.s0.e27v10u.extL,in1k.pairs100.v1@audit_v1.o8,student.h.cls~student.z.proj.out,30,0.8338518603769982,0.869686411024271,0.058396140875239984,1.1113393457783103,0.7310514144128475,0.739685552467728
in1k.floorssl.s0.e27v10u.extL,in1k.pairs100.v1@audit_v1.o8,student.h.cls~student.z.proj.out,31,0.8702120632545142,0.8807914940950397,0.035359761010671543,1.0688334070045598,0.7800449582204532,0.7875496463552849
in1k.floorssl.s0.e27v10u.extL,in1k.pairs100.v1@audit_v1.o8,student.h.cls~student.z.proj.out,32,0.9529722617771835,0.969237868226516,0.015101531965360996,1.0921261588215154,0.9249135452504944,0.923401227997351
in1k.floorssl.s0.e27v10u.extL,in1k.pairs100.v1@audit_v1.o8,student.h.cls~student.z.proj.out,33,0.9305859041704347,0.9586397915555093,0.016931864074065543,1.0887622879735597,0.888707407494537,0.8892321317158896
in1k.floorssl.s0.e27v10u.extL,in1k.pairs100.v1@audit_v1.o8,student.h.cls~student.z.proj.out,34,0.97489752433218,1.0069769504633705,0.039461504487305794,1.2056261500270884,0.9847595823323887,0.983645926167346
in1k.floorssl.s0.e27v10u.extL,in1k.pairs100.v1@audit_v1.o8,student.h.cls~student.z.proj.out,35,0.7079606708626895,0.6991135908688259,0.028356412567558217,0.8675072147610571,0.510407091428613,0.5234700712208425
in1k.floorssl.s0.e27v10u.extL,in1k.pairs100.v1@audit_v1.o8,student.h.cls~student.z.proj.out,36,0.8461271150804075,0.8460860146224725,0.018023443563790816,0.9803374338469664,0.7304455468364611,0.7325949354351321
in1k.floorssl.s0.e27v10u.extL,in1k.pairs100.v1@audit_v1.o8,student.h.cls~student.z.proj.out,37,0.8631709335818424,0.8483887358237466,0.03374813688420611,1.0320953957035837,0.7725823036595962,0.7683026864889974
in1k.floorssl.s0.e27v10u.extL,in1k.pairs100.v1@audit_v1.o8,student.h.cls~student.z.proj.out,38,0.9228462848605525,0.9518803514286198,0.032602291263513244,1.1324413972372693,0.8838830594823274,0.8819626346310185
in1k.floorssl.s0.e27v10u.extL,in1k.pairs100.v1@audit_v1.o8,student.h.cls~student.z.proj.out,39,0.918042811259658,0.9187780474930574,0.018255826211632076,1.0538921704100643,0.8572310899548578,0.8597247000511414
in1k.floorssl.s0.e27v10u.extL,in1k.pairs100.v1@audit_v1.o8,student.h.cls~student.z.proj.out,40,0.8932019662951723,0.9038497285635361,0.023072966612642822,1.0557476107497035,0.8172716046701562,0.8206524603779134
in1k.floorssl.s0.e27v10u.extL,in1k.pairs100.v1@audit_v1.o8,student.h.cls~student.z.proj.out,41,1.0751285231235446,1.1001611268220652,0.021284628343048888,1.2460536500816515,1.1848568445711938,1.1765670128746184
in1k.floorssl.s0.e27v10u.extL,in1k.pairs100.v1@audit_v1.o8,student.h.cls~student.z.proj.out,42,0.8583063406754797,0.8709474517435206,0.016292850310453806,0.9985909016751713,0.7520017683224367,0.7601863217175806
in1k.floorssl.s0.e27v10u.extL,in1k.pairs100.v1@audit_v1.o8,student.h.cls~student.z.proj.out,43,0.812209760606658,0.8200601724092469,0.032173923617119286,0.9994310831420613,0.6754620008459534,0.687998591019653
in1k.floorssl.s0.e27v10u.extL,in1k.pairs100.v1@audit_v1.o8,student.h.cls~student.z.proj.out,44,0.8353628333418579,0.8480141140348094,0.012855242625410717,0.9613950763936231,0.7056504735180277,0.7173651452684103
in1k.floorssl.s0.e27v10u.extL,in1k.pairs100.v1@audit_v1.o8,student.h.cls~student.z.proj.out,45,0.7930185474160683,0.8603191353297787,0.11493087642467562,1.1993337020148631,0.7021060920938205,0.6931518689119901
in1k.floorssl.s0.e27v10u.extL,in1k.pairs100.v1@audit_v1.o8,student.h.cls~student.z.proj.out,46,0.8466250572858925,0.8531407031855602,0.018664623109983746,0.9897592345419752,0.7240685734468997,0.7342731656794232
in1k.floorssl.s0.e27v10u.extL,in1k.pairs100.v1@audit_v1.o8,student.h.cls~student.z.proj.out,47,1.0342119062710382,1.0382965232628363,0.020970849896200943,1.183109678384189,1.0913886080211825,1.0883286440183721
in1k.floorssl.s0.e27v10u.extL,in1k.pairs100.v1@audit_v1.o8,student.h.cls~student.z.proj.out,48,0.9678734660395131,0.9565630698874016,0.061448703382066656,1.2044515597010004,0.9886232290424816,0.9740259157952893
in1k.floorssl.s0.e27v10u.extL,in1k.pairs100.v1@audit_v1.o8,student.h.cls~student.z.proj.out,49,0.8675597965089618,0.8864008206548561,0.0514491097024002,1.113224782577754,0.7845647979611446,0.7881864431372647
in1k.floorssl.s0.e27v10u.extL,in1k.pairs100.v1@audit_v1.o8,student.h.cls~student.z.proj.out,50,0.8858877453902045,0.9127795798430715,0.039967450823487044,1.1126981903411615,0.8121545025906268,0.8164213420422127
in1k.floorssl.s0.e27v10u.extL,in1k.pairs100.v1@audit_v1.o8,student.h.cls~student.z.proj.out,51,0.7580946270276925,0.8346039966530584,0.0715164310473226,1.1020295583470046,0.6145586364442746,0.6394259110445474
in1k.floorssl.s0.e27v10u.extL,in1k.pairs100.v1@audit_v1.o8,student.h.cls~student.z.proj.out,52,0.9278821398502844,0.9327995293680332,0.016516323047702477,1.0613153768254673,0.8716767953310115,0.8749827710596014
in1k.floorssl.s0.e27v10u.extL,in1k.pairs100.v1@audit_v1.o8,student.h.cls~student.z.proj.out,53,0.803334441635722,0.8025467413503236,0.02016846650450461,0.9445624676080329,0.6505967103862308,0.6629236194769034
in1k.floorssl.s0.e27v10u.extL,in1k.pairs100.v1@audit_v1.o8,student.h.cls~student.z.proj.out,54,0.9221438337908572,0.920364414694331,0.009149609559076174,1.0160180061537016,0.8542274596019072,0.8575606524917604
in1k.floorssl.s0.e27v10u.extL,in1k.pairs100.v1@audit_v1.o8,student.h.cls~student.z.proj.out,55,0.8305382468541512,0.8317259252644693,0.05135419049129131,1.0583405551789815,0.7200731821184378,0.7199592376366833
in1k.floorssl.s0.e27v10u.extL,in1k.pairs100.v1@audit_v1.o8,student.h.cls~student.z.proj.out,56,0.9571247489225911,0.9680716359702723,0.03754140786050684,1.1618276884189813,0.9512551179124084,0.9414562867342013
in1k.floorssl.s0.e27v10u.extL,in1k.pairs100.v1@audit_v1.o8,student.h.cls~student.z.proj.out,57,0.7773588459995208,0.7899462946112746,0.04332730135627818,0.9980984057134159,0.6198008714816583,0.6334682454677807
in1k.floorssl.s0.e27v10u.extL,in1k.pairs100.v1@audit_v1.o8,student.h.cls~student.z.proj.out,58,0.9231284866139418,0.9347099880788543,0.012820159822659334,1.0479361326862697,0.861320055585915,0.8679973792863089
in1k.floorssl.s0.e27v10u.extL,in1k.pairs100.v1@audit_v1.o8,student.h.cls~student.z.proj.out,59,0.9492368412963795,0.9587604300266456,0.022071946943613512,1.1073267348996332,0.91782047559438,0.9197547416658058
in1k.floorssl.s0.e27v10u.extL,in1k.pairs100.v1@audit_v1.o8,student.h.cls~student.z.proj.out,60,1.0953075266766679,1.098578018223427,0.002805983611805286,1.1515495540875615,1.2043714668140304,1.204036229690893
in1k.floorssl.s0.e27v10u.extL,in1k.pairs100.v1@audit_v1.o8,student.h.cls~student.z.proj.out,61,0.9536442611859423,0.9823238550446558,0.049170488761063585,1.2040680517242162,0.9413501032474122,0.9430498984396095
in1k.floorssl.s0.e27v10u.extL,in1k.pairs100.v1@audit_v1.o8,student.h.cls~student.z.proj.out,62,0.9738554170855769,0.9827279807047918,0.015070572846135695,1.1054902421947779,0.9614238361976395,0.9623469755591137
in1k.floorssl.s0.e27v10u.extL,in1k.pairs100.v1@audit_v1.o8,student.h.cls~student.z.proj.out,63,0.9925981169826751,1.0195629446544463,0.021742133804233902,1.1670150853789332,1.0166057231746708,1.0111500446877102
in1k.floorssl.s0.e27v10u.extL,in1k.pairs100.v1@audit_v1.o8,student.h.cls~student.z.proj.out,64,0.8762039424454213,0.8871323466112316,0.03693895688871529,1.0793274477161123,0.7875722598500662,0.7943085337050466
in1k.floorssl.s0.e27v10u.extL,in1k.pairs100.v1@audit_v1.o8,student.h.cls~student.z.proj.out,65,0.8311949281816422,0.8451741938056203,0.020459522663251194,0.9882109816025056,0.6987459869453658,0.7188593426632629
in1k.floorssl.s0.e27v10u.extL,in1k.pairs100.v1@audit_v1.o8,student.h.cls~student.z.proj.out,66,1.0273932322967287,1.0275347633721428,0.027181983613089346,1.192404359153443,1.0727321936445118,1.0713127805592573
in1k.floorssl.s0.e27v10u.extL,in1k.pairs100.v1@audit_v1.o8,student.h.cls~student.z.proj.out,67,1.0059200533478425,0.9967792225922459,0.03775102336048705,1.1910754483931787,1.0277145447188554,1.0308419940369868
in1k.floorssl.s0.e27v10u.extL,in1k.pairs100.v1@audit_v1.o8,student.h.cls~student.z.proj.out,68,1.0781156699180054,1.0729640490152559,0.036695728463639235,1.2645253406783663,1.183913570112452,1.180793963579421
in1k.floorssl.s0.e27v10u.extL,in1k.pairs100.v1@audit_v1.o8,student.h.cls~student.z.proj.out,69,0.7202244295720107,0.761203439369941,0.10876602085002489,1.0910003781823334,0.5731350131478323,0.5838913985254356
in1k.floorssl.s0.e27v10u.extL,in1k.pairs100.v1@audit_v1.o8,student.h.cls~student.z.proj.out,70,1.0625807197177743,1.0861833136908141,0.009492833475108611,1.1836144867059668,1.147842571748214,1.1436494439073475
in1k.floorssl.s0.e27v10u.extL,in1k.pairs100.v1@audit_v1.o8,student.h.cls~student.z.proj.out,71,1.1255642802677415,1.1443307818052975,0.009136090479894768,1.2399136802751323,1.2817595898905905,1.2800085438626996
in1k.floorssl.s0.e27v10u.extL,in1k.pairs100.v1@audit_v1.o8,student.h.cls~student.z.proj.out,72,0.9033956980207322,0.8948662404737701,0.051038534419087386,1.1207833368146345,0.8463840783464545,0.8427915433024236
in1k.floorssl.s0.e27v10u.extL,in1k.pairs100.v1@audit_v1.o8,student.h.cls~student.z.proj.out,73,0.9448827877133169,0.947526687437648,0.010734373432685698,1.0511335087993987,0.9029214067650281,0.902901097852669
in1k.floorssl.s0.e27v10u.extL,in1k.pairs100.v1@audit_v1.o8,student.h.cls~student.z.proj.out,74,1.013833693687786,0.9989432209619682,0.026012671932127023,1.1602276651347618,1.0450076974292042,1.0431051704895755
in1k.floorssl.s0.e27v10u.extL,in1k.pairs100.v1@audit_v1.o8,student.h.cls~student.z.proj.out,75,0.9580168582743361,0.979175683778826,0.03658669577564779,1.1704521741681255,0.94322557199426,0.9455641453042023
in1k.floorssl.s0.e27v10u.extL,in1k.pairs100.v1@audit_v1.o8,student.h.cls~student.z.proj.out,76,0.7120910732918152,0.7445977937246043,0.0918589245102219,1.047680166208096,0.5503776936593241,0.5674963603247878
in1k.floorssl.s0.e27v10u.extL,in1k.pairs100.v1@audit_v1.o8,student.h.cls~student.z.proj.out,77,1.039424482391051,1.0592323196921911,0.014303685325256655,1.1788303352495433,1.0972247608106493,1.0971381614010256
in1k.floorssl.s0.e27v10u.extL,in1k.pairs100.v1@audit_v1.o8,student.h.cls~student.z.proj.out,78,0.8914875896713879,0.899462537040661,0.022139280433464577,1.048255280255727,0.8081179149865868,0.8153307771577138
in1k.floorssl.s0.e27v10u.extL,in1k.pairs100.v1@audit_v1.o8,student.h.cls~student.z.proj.out,79,0.8407696725100425,0.8549980855381224,0.008288533141827058,0.946039467018343,0.7142772879710159,0.729143274484986
in1k.floorssl.s0.e27v10u.extL,in1k.pairs100.v1@audit_v1.o8,student.h.cls~student.z.proj.out,80,0.7621991675190775,0.780262051234736,0.08757377410287494,1.0761907151097905,0.6106927932839726,0.628057515809035
in1k.floorssl.s0.e27v10u.extL,in1k.pairs100.v1@audit_v1.o8,student.h.cls~student.z.proj.out,81,0.9195849012846284,0.9584790375287706,0.03161790076307744,1.1362932685764497,0.8777471276640111,0.878720233428494
in1k.floorssl.s0.e27v10u.extL,in1k.pairs100.v1@audit_v1.o8,student.h.cls~student.z.proj.out,82,0.8734825142872892,0.8775573279822887,0.027071684842565707,1.0420920806716998,0.7767752672346492,0.7815096594220232
in1k.floorssl.s0.e27v10u.extL,in1k.pairs100.v1@audit_v1.o8,student.h.cls~student.z.proj.out,83,0.8359457403361232,0.8640397472935145,0.09058079485816235,1.1650061820635107,0.7552067477637582,0.749501431990557
in1k.floorssl.s0.e27v10u.extL,in1k.pairs100.v1@audit_v1.o8,student.h.cls~student.z.proj.out,84,0.7866038805186528,0.8591148541160273,0.08024273479240321,1.142386340136776,0.6737014814828097,0.6816186950970433
in1k.floorssl.s0.e27v10u.extL,in1k.pairs100.v1@audit_v1.o8,student.h.cls~student.z.proj.out,85,0.8679034069375248,0.9035395630133837,0.04484952245943115,1.1153166214012817,0.7783875193950458,0.7962941174208769
in1k.floorssl.s0.e27v10u.extL,in1k.pairs100.v1@audit_v1.o8,student.h.cls~student.z.proj.out,86,0.8365907330042551,0.8440437766746833,0.027576007162420667,1.01010402827759,0.7131316852892808,0.7190492266207507
in1k.floorssl.s0.e27v10u.extL,in1k.pairs100.v1@audit_v1.o8,student.h.cls~student.z.proj.out,87,0.915478834073028,0.942713598013355,0.06524800838720324,1.1981504950881574,0.9027324148891539,0.8807272363411988
in1k.floorssl.s0.e27v10u.extL,in1k.pairs100.v1@audit_v1.o8,student.h.cls~student.z.proj.out,88,0.882613044328571,0.8982562064386175,0.036255109795178486,1.0886639525919146,0.8068910957834734,0.8074093607388827
in1k.floorssl.s0.e27v10u.extL,in1k.pairs100.v1@audit_v1.o8,student.h.cls~student.z.proj.out,89,0.833729915968631,0.8707141677489308,0.06794475704407021,1.131376318902623,0.7357045180884011,0.7459510576290339
in1k.floorssl.s0.e27v10u.extL,in1k.pairs100.v1@audit_v1.o8,student.h.cls~student.z.proj.out,90,0.8794718644785072,0.9108576917325736,0.047201782258817514,1.1281174032734331,0.8074457319349517,0.8090542307163067
in1k.floorssl.s0.e27v10u.extL,in1k.pairs100.v1@audit_v1.o8,student.h.cls~student.z.proj.out,91,1.0679328193236537,1.0766621294659218,0.011817017195634674,1.185368234150225,1.1501440099599665,1.15057061964939
in1k.floorssl.s0.e27v10u.extL,in1k.pairs100.v1@audit_v1.o8,student.h.cls~student.z.proj.out,92,1.187734712980219,1.2070682347374606,0.020764162337431637,1.3511659874521773,1.4334941492600246,1.4235509501383163
in1k.floorssl.s0.e27v10u.extL,in1k.pairs100.v1@audit_v1.o8,student.h.cls~student.z.proj.out,93,0.8748527837977829,0.8849282011852251,0.022187026587662837,1.033881303159178,0.7768233755887879,0.7842105974112298
in1k.floorssl.s0.e27v10u.extL,in1k.pairs100.v1@audit_v1.o8,student.h.cls~student.z.proj.out,94,0.8246611288845346,0.8607022120413211,0.05055339172004901,1.0855430262189276,0.697794139315124,0.7212190447485485
in1k.floorssl.s0.e27v10u.extL,in1k.pairs100.v1@audit_v1.o8,student.h.cls~student.z.proj.out,95,0.9453800506590916,0.9694061572699221,0.10381631874209149,1.2916115556450758,0.9582486114160127,0.9429259232842715
in1k.floorssl.s0.e27v10u.extL,in1k.pairs100.v1@audit_v1.o8,student.h.cls~student.z.proj.out,96,0.8688491927010892,0.9030659972424537,0.04817074969787616,1.1225443553962275,0.7895135917014544,0.7942743001220602
in1k.floorssl.s0.e27v10u.extL,in1k.pairs100.v1@audit_v1.o8,student.h.cls~student.z.proj.out,97,0.9412295183390768,0.9498996340272738,0.02217644650770507,1.098817216963961,0.9020407749410889,0.9031210557985624
in1k.floorssl.s0.e27v10u.extL,in1k.pairs100.v1@audit_v1.o8,student.h.cls~student.z.proj.out,98,0.8854918205958572,0.8881508803305677,0.035016152323549654,1.0752769135903726,0.8005792963274132,0.8064985281981355
in1k.floorssl.s0.e27v10u.extL,in1k.pairs100.v1@audit_v1.o8,student.h.cls~student.z.proj.out,99,0.9892549428149591,1.002078331152491,0.009182154380659845,1.0979018897414927,0.9890628193485198,0.9883286249998995
in1k.floorssl.s0.e27v10u.extL,in1k.pairs100.v1@audit_v1.o8,student.h.cls~student.z.proj.out,100,0.9407116233014754,0.959038026024862,0.03939834949227103,1.1575282008252057,0.919849725864415,0.9174003613382646
in1k.floorssl.s0.e27v10u.extL,in1k.pairs100.v1@audit_v1.o8,student.h.cls~student.z.proj.out,101,0.8326847277056992,0.8297702791907161,0.027120368222331152,0.9944529079720517,0.7099974829315828,0.7130069800935511
in1k.floorssl.s0.e27v10u.extL,in1k.pairs100.v1@audit_v1.o8,student.h.cls~student.z.proj.out,102,0.7502804816969463,0.7554046733690729,0.059609138386066865,0.9995545011102918,0.6017764104094325,0.6022180317745716
in1k.floorssl.s0.e27v10u.extL,in1k.pairs100.v1@audit_v1.o8,student.h.cls~student.z.proj.out,103,1.0013393040746996,1.0199732837295807,0.008526061203749973,1.1123099568543473,1.0206553433531276,1.0160408055269425
in1k.floorssl.s0.e27v10u.extL,in1k.pairs100.v1@audit_v1.o8,student.h.cls~student.z.proj.out,104,1.0302720433065748,1.0419477049945942,0.007436121144136964,1.128180651970428,1.071159207947122,1.070643398228678
in1k.floorssl.s0.e27v10u.extL,in1k.pairs100.v1@audit_v1.o8,student.h.cls~student.z.proj.out,105,0.9542655030358749,0.9433543950552574,0.1130800810972264,1.2796282136870778,0.9924504034261832,0.9626067111480717
in1k.floorssl.s0.e27v10u.extL,in1k.pairs100.v1@audit_v1.o8,student.h.cls~student.z.proj.out,106,0.8896562964910016,0.8949907418838037,0.027613849863293564,1.0611648971044443,0.8053130430845471,0.8158389973354896
in1k.floorssl.s0.e27v10u.extL,in1k.pairs100.v1@audit_v1.o8,student.h.cls~student.z.proj.out,107,0.7822059163854164,0.8551267029154483,0.07835269582934576,1.1350422184363742,0.6673217927271027,0.6804172941850996
in1k.floorssl.s0.e27v10u.extL,in1k.pairs100.v1@audit_v1.o8,student.h.cls~student.z.proj.out,108,0.735853848204796,0.7444238881151528,0.04927304728669745,0.9663992184712477,0.5606237855148108,0.5717356993095031
in1k.floorssl.s0.e27v10u.extL,in1k.pairs100.v1@audit_v1.o8,student.h.cls~student.z.proj.out,109,0.8410718909415464,0.8598794858248717,0.06582637400966615,1.1164459957392916,0.7509256226922679,0.7576140066925947
in1k.floorssl.s0.e27v10u.extL,in1k.pairs100.v1@audit_v1.o8,student.h.cls~student.z.proj.out,110,0.8207866093703329,0.8275459754143091,0.04963339470669851,1.050331510642022,0.6961387318145967,0.7075226988225902
in1k.floorssl.s0.e27v10u.extL,in1k.pairs100.v1@audit_v1.o8,student.h.cls~student.z.proj.out,111,0.7968301063728617,0.8295684073146844,0.05654818197019117,1.0673670237324238,0.668815543811665,0.6828065386099025
in1k.floorssl.s0.e27v10u.extL,in1k.pairs100.v1@audit_v1.o8,student.h.cls~student.z.proj.out,112,1.2282462616852114,1.2570483942746211,0.007485543488047261,1.3435674296832945,1.5309493885363492,1.5286426772918584
in1k.floorssl.s0.e27v10u.extL,in1k.pairs100.v1@audit_v1.o8,student.h.cls~student.z.proj.out,113,0.7637056226269187,0.7812507391676982,0.015117849894904032,0.9042054051828764,0.5897280643836067,0.6120587865876133
in1k.floorssl.s0.e27v10u.extL,in1k.pairs100.v1@audit_v1.o8,student.h.cls~student.z.proj.out,114,1.195552518691467,1.2289155881543035,0.007028971589846997,1.3127545503964912,1.451860808598203,1.4438420144051411
in1k.floorssl.s0.e27v10u.extL,in1k.pairs100.v1@audit_v1.o8,student.h.cls~student.z.proj.out,115,0.8853823223776117,0.9013514610140985,0.03622432857143499,1.0916783602465374,0.8202113847286396,0.8121339837430224
in1k.floorssl.s0.e27v10u.extL,in1k.pairs100.v1@audit_v1.o8,student.h.cls~student.z.proj.out,116,0.9141557146497218,0.9528895439660766,0.045156079181586435,1.1653891420400175,0.8759370534263728,0.8772553482706202
in1k.floorssl.s0.e27v10u.extL,in1k.pairs100.v1@audit_v1.o8,student.h.cls~student.z.proj.out,117,0.678805727134375,0.7613073549473013,0.08954225570256266,1.060543475264623,0.5116450405591608,0.5313171157338528
in1k.floorssl.s0.e27v10u.extL,in1k.pairs100.v1@audit_v1.o8,student.h.cls~student.z.proj.out,118,1.007555162978463,0.9968473107291098,0.01571800196500702,1.1222187666710706,1.033059770231522,1.0267438935492452
in1k.floorssl.s0.e27v10u.extL,in1k.pairs100.v1@audit_v1.o8,student.h.cls~student.z.proj.out,119,0.8744732946120812,0.8798915030965769,0.016983880818383066,1.0102137223010668,0.7711489103348185,0.7824258137443044
in1k.floorssl.s0.e27v10u.extL,in1k.pairs100.v1@audit_v1.o8,student.h.cls~student.z.proj.out,120,0.9070417618108537,0.9414680431661937,0.03645460844317247,1.1323989428214682,0.8535900447081022,0.8559988655417627
in1k.floorssl.s0.e27v10u.extL,in1k.pairs100.v1@audit_v1.o8,student.h.cls~student.z.proj.out,121,0.8842338945413766,0.8878884036252527,0.026878608085882428,1.0518353709222492,0.7932096728092899,0.8029684792045179
in1k.floorssl.s0.e27v10u.extL,in1k.pairs100.v1@audit_v1.o8,student.h.cls~student.z.proj.out,122,0.8567336822099315,0.8604345936800338,0.019803834056422224,1.0011606895415415,0.743847125094223,0.7514576603752144
in1k.floorssl.s0.e27v10u.extL,in1k.pairs100.v1@audit_v1.o8,student.h.cls~student.z.proj.out,123,0.8976789053781369,0.9195002351996542,0.05440633468153175,1.152751890459658,0.850051446879983,0.8469509575684899
in1k.floorssl.s0.e27v10u.extL,in1k.pairs100.v1@audit_v1.o8,student.h.cls~student.z.proj.out,124,0.985061138949818,0.9864509130565423,0.0067736296629364355,1.0687529765965074,0.9774328681629231,0.9784360074803253
in1k.floorssl.s0.e27v10u.extL,in1k.pairs100.v1@audit_v1.o8,student.h.cls~student.z.proj.out,125,1.0428344130716685,1.0558252920403186,0.00852870789103085,1.148176295776233,1.099506335525925,1.1015591012103525
in1k.floorssl.s0.e27v10u.extL,in1k.pairs100.v1@audit_v1.o8,student.h.cls~student.z.proj.out,126,0.9328912698888855,0.9662109131451561,0.01045284986352447,1.0684500928343754,0.8879517403828476,0.8900486941261266
in1k.floorssl.s0.e27v10u.extL,in1k.pairs100.v1@audit_v1.o8,student.h.cls~student.z.proj.out,127,0.9045950438582626,0.9106968032227089,0.011735164502627656,1.0190257675057097,0.8245832639120849,0.8290591102682128
in1k.floorssl.s0.e27v10u.extL,in1k.pairs100.v1@audit_v1.o8,student.h.cls~student.z.proj.out,128,1.0781231741095987,1.0960106459148042,0.009568688605518563,1.1938303198332885,1.1760745789518077,1.1733482014151027
in1k.floorssl.s0.e27v10u.extL,in1k.pairs100.v1@audit_v1.o8,student.h.cls~student.z.proj.out,129,0.9222199866358687,0.9301768489406975,0.013732506377763173,1.0473626261398234,0.8594931760386263,0.8623612566278941
in1k.floorssl.s0.e27v10u.extL,in1k.pairs100.v1@audit_v1.o8,student.h.cls~student.z.proj.out,130,0.8369513966078884,0.8378545529813174,0.09272049406305,1.1423549537413984,0.7538843942992943,0.7502174013489208
in1k.floorssl.s0.e27v10u.extL,in1k.pairs100.v1@audit_v1.o8,student.h.cls~student.z.proj.out,131,0.8003914695278775,0.8112611484580795,0.016860501523699868,0.9411091423728869,0.6468474284583274,0.6608338228563333
in1k.floorssl.s0.e27v10u.extL,in1k.pairs100.v1@audit_v1.o8,student.h.cls~student.z.proj.out,132,0.8078963000196819,0.8169919842760006,0.014783227431194703,0.938578280507092,0.6594311975332323,0.6685940477307625
in1k.floorssl.s0.e27v10u.extL,in1k.pairs100.v1@audit_v1.o8,student.h.cls~student.z.proj.out,133,0.9617621042982297,0.9602331361387435,0.04481099128958672,1.1719192039126685,0.9610684921792451,0.9504376068417646
in1k.floorssl.s0.e27v10u.extL,in1k.pairs100.v1@audit_v1.o8,student.h.cls~student.z.proj.out,134,0.967827398460095,0.9710732903101937,0.008981475926628478,1.0658439393879988,0.942473527675451,0.9466154265768019
in1k.floorssl.s0.e27v10u.extL,in1k.pairs100.v1@audit_v1.o8,student.h.cls~student.z.proj.out,135,0.9005265532608251,0.9435643170076929,0.041797736257425215,1.1480092637719141,0.8458927524534482,0.8473547917979874
in1k.floorssl.s0.e27v10u.extL,in1k.pairs100.v1@audit_v1.o8,student.h.cls~student.z.proj.out,136,0.8149313727434846,0.8286305597955231,0.031954577858955766,1.0073889941670395,0.675370849618851,0.6881590047104276
in1k.floorssl.s0.e27v10u.extL,in1k.pairs100.v1@audit_v1.o8,student.h.cls~student.z.proj.out,137,0.8719049391051988,0.8727062771669849,0.01924215744994978,1.0114223809543599,0.769055680243741,0.774404119201822
in1k.floorssl.s0.e27v10u.extL,in1k.pairs100.v1@audit_v1.o8,student.h.cls~student.z.proj.out,138,1.0196967725885464,1.0311531975717252,0.035723742178870685,1.2201604518739626,1.0696833157904426,1.0653982338272434
in1k.floorssl.s0.e27v10u.extL,in1k.pairs100.v1@audit_v1.o8,student.h.cls~student.z.proj.out,139,0.8566725235109781,0.863373833579753,0.04161061159814029,1.0673606262849187,0.7590285742653387,0.762805373187369
in1k.floorssl.s0.e27v10u.extL,in1k.pairs100.v1@audit_v1.o8,student.h.cls~student.z.proj.out,140,0.8826928281643498,0.8847770522939251,0.031815752189562514,1.0631467587733678,0.7939934641743275,0.7972206290003221
in1k.floorssl.s0.e27v10u.extL,in1k.pairs100.v1@audit_v1.o8,student.h.cls~student.z.proj.out,141,0.8643965323925669,0.8661267542456155,0.019270122436236017,1.0049436207865226,0.7559491218973026,0.7634707921952816
in1k.floorssl.s0.e27v10u.extL,in1k.pairs100.v1@audit_v1.o8,student.h.cls~student.z.proj.out,142,0.918466295152188,0.902439410049203,0.03196001543641589,1.0812130530629758,0.8604820326046091,0.8598492909065821
in1k.floorssl.s0.e27v10u.extL,in1k.pairs100.v1@audit_v1.o8,student.h.cls~student.z.proj.out,143,0.9000559508071222,0.9216825079868746,0.029551378736348322,1.0935876525764079,0.8301962679117356,0.8350584476742242
in1k.floorssl.s0.e27v10u.extL,in1k.pairs100.v1@audit_v1.o8,student.h.cls~student.z.proj.out,144,0.9959536732679231,1.0068698507946618,0.019257550750391633,1.14564142839754,1.0054687447209947,1.0077723316592302
in1k.floorssl.s0.e27v10u.extL,in1k.pairs100.v1@audit_v1.o8,student.h.cls~student.z.proj.out,145,0.6679596079043626,0.7262996577708843,0.10309813211585175,1.0473886362734977,0.5060997109863618,0.5193626220489461
in1k.floorssl.s0.e27v10u.extL,in1k.pairs100.v1@audit_v1.o8,student.h.cls~student.z.proj.out,146,0.8971558519221142,0.923206103388702,0.024377634273548447,1.079339489547936,0.8227803494120277,0.8284843846687499
in1k.floorssl.s0.e27v10u.extL,in1k.pairs100.v1@audit_v1.o8,student.h.cls~student.z.proj.out,147,0.7299756438409318,0.7423098437860614,0.04728580650296804,0.9597628421626485,0.541198406395363,0.5693027375323579
in1k.floorssl.s0.e27v10u.extL,in1k.pairs100.v1@audit_v1.o8,student.h.cls~student.z.proj.out,148,0.9122398078799159,0.9272638343940525,0.03814857060392588,1.122580425097264,0.8702688234578108,0.8631463632161422
in1k.floorssl.s0.e27v10u.extL,in1k.pairs100.v1@audit_v1.o8,student.h.cls~student.z.proj.out,149,0.8235090471496288,0.8369774950879405,0.029273070475155916,1.0080712427094007,0.697649047094243,0.7066543192095002
in1k.floorssl.s0.e27v10u.extL,in1k.pairs100.v1@audit_v1.o8,student.h.cls~student.z.proj.out,150,0.9736737383620042,1.0011845834942494,0.016360138105366368,1.1290913390053106,0.9712107857330718,0.9709796875759638
in1k.floorssl.s0.e27v10u.extL,in1k.pairs100.v1@audit_v1.o8,student.h.cls~student.z.proj.out,151,1.0856832132433252,1.0935817860569523,0.004354673556079625,1.1595717364742668,1.18483231790627,1.185093469779466
in1k.floorssl.s0.e27v10u.extL,in1k.pairs100.v1@audit_v1.o8,student.h.cls~student.z.proj.out,152,1.0050895366735415,1.0120632614274907,0.029013824031507096,1.1823977090049174,1.0306234615419512,1.0306429694461485
in1k.floorssl.s0.e27v10u.extL,in1k.pairs100.v1@audit_v1.o8,student.h.cls~student.z.proj.out,153,0.836842449849087,0.828214296269339,0.03679895357985787,1.0200448297614237,0.7059404699298509,0.7133660823696232
in1k.floorssl.s0.e27v10u.extL,in1k.pairs100.v1@audit_v1.o8,student.h.cls~student.z.proj.out,154,0.8471868650079131,0.8583653906908576,0.014954421199722701,0.9806536615909023,0.7258882737998471,0.732968415889891
in1k.floorssl.s0.e27v10u.extL,in1k.pairs100.v1@audit_v1.o8,student.h.cls~student.z.proj.out,155,1.0090960397732598,1.0173787720502594,0.01910948579326436,1.1556158357967972,1.0257407189457681,1.028783036936435
in1k.floorssl.s0.e27v10u.extL,in1k.pairs100.v1@audit_v1.o8,student.h.cls~student.z.proj.out,156,0.8858644978785665,0.8986562191273837,0.017783724524036162,1.0320118508946103,0.8009157317362874,0.8025469844409078
in1k.floorssl.s0.e27v10u.extL,in1k.pairs100.v1@audit_v1.o8,student.h.cls~student.z.proj.out,157,0.8677712931094372,0.8745203020508606,0.02639891744748455,1.0369977387843485,0.7655204389291914,0.7752899325812085
in1k.floorssl.s0.e27v10u.extL,in1k.pairs100.v1@audit_v1.o8,student.h.cls~student.z.proj.out,158,0.8764343064001628,0.8796138917809769,0.004797093900354262,0.9488749479406563,0.7696329225541707,0.7746379809015694
in1k.floorssl.s0.e27v10u.extL,in1k.pairs100.v1@audit_v1.o8,student.h.cls~student.z.proj.out,159,1.0944335070899045,1.0957464759277893,0.008703237951171257,1.1890376220841703,1.2052500595696976,1.2040524734123568
in1k.floorssl.s0.e27v10u.extL,in1k.pairs100.v1@audit_v1.o8,student.h.cls~student.z.proj.out,160,0.8326329940638385,0.8438462206580952,0.013725292928008372,0.9610012159762991,0.7019339577799827,0.7089484692265481
in1k.floorssl.s0.e27v10u.extL,in1k.pairs100.v1@audit_v1.o8,student.h.cls~student.z.proj.out,161,0.8118619676037762,0.8214010475400099,0.010559744521252174,0.924161665099716,0.6638087598221731,0.6700020698955335
in1k.floorssl.s0.e27v10u.extL,in1k.pairs100.v1@audit_v1.o8,student.h.cls~student.z.proj.out,162,1.1401264463717005,1.1490389895606712,0.006189044359408391,1.2277094691537713,1.3093367160641673,1.3069556432996403
in1k.floorssl.s0.e27v10u.extL,in1k.pairs100.v1@audit_v1.o8,student.h.cls~student.z.proj.out,163,1.07703551026954,1.0807984501023493,0.005970131404251868,1.1580650755253084,1.1664630939637695,1.1662171802685326
in1k.floorssl.s0.e27v10u.extL,in1k.pairs100.v1@audit_v1.o8,student.h.cls~student.z.proj.out,164,1.1854657906996922,1.209156355603771,0.010508370034676444,1.3116666967146875,1.4295396773930407,1.4166086692051105
in1k.floorssl.s0.e27v10u.extL,in1k.pairs100.v1@audit_v1.o8,student.h.cls~student.z.proj.out,165,0.8487550553492793,0.8496280776524604,0.016173033368025076,0.9768013192091065,0.7238636846138877,0.729413151097278
in1k.floorssl.s0.e27v10u.extL,in1k.pairs100.v1@audit_v1.o8,student.h.cls~student.z.proj.out,166,0.7700758129007813,0.7734841010419454,0.008189521737033953,0.863980077400201,0.5954064160826266,0.6033935149287504
in1k.floorssl.s0.e27v10u.extL,in1k.pairs100.v1@audit_v1.o8,student.h.cls~student.z.proj.out,167,0.8775249708790557,0.8753574134122257,0.021184649647175504,1.0209068883242827,0.7752713503042421,0.7815468861694209
in1k.floorssl.s0.e27v10u.extL,in1k.pairs100.v1@audit_v1.o8,student.h.cls~student.z.proj.out,168,0.8745382022009639,0.8741493191945723,0.010440192599943577,0.9763265798739601,0.7662642601938834,0.7744323169963734
in1k.floorssl.s0.e27v10u.extL,in1k.pairs100.v1@audit_v1.o8,student.h.cls~student.z.proj.out,169,1.0020902704915005,1.004927878254914,0.005402073673792774,1.0784266787471177,1.0080151772623631,1.0104870437427325
in1k.floorssl.s0.e27v10u.extL,in1k.pairs100.v1@audit_v1.o8,student.h.cls~student.z.proj.out,170,0.8249855893919935,0.8264507952722785,0.009505716649880135,0.9239480601050939,0.6816576170365158,0.6898974767253739
in1k.floorssl.s0.e27v10u.extL,in1k.pairs100.v1@audit_v1.o8,student.h.cls~student.z.proj.out,171,1.0654707777710162,1.0685655715353843,0.004602147938537039,1.136404704331559,1.1395510659278887,1.1416414381537534
in1k.floorssl.s0.e27v10u.extL,in1k.pairs100.v1@audit_v1.o8,student.h.cls~student.z.proj.out,172,1.0548567422175923,1.060921823023529,0.007994570509231587,1.1503341851958349,1.1209177380431534,1.1204972804212388
in1k.floorssl.s0.e27v10u.extL,in1k.pairs100.v1@audit_v1.o8,student.h.cls~student.z.proj.out,173,0.8938562173312853,0.8935446610597195,0.010136342086338042,0.9942240635526726,0.8010105559277997,0.806266179832159
in1k.floorssl.s0.e27v10u.extL,in1k.pairs100.v1@audit_v1.o8,student.h.cls~student.z.proj.out,174,0.893333626919745,0.9038821600039879,0.021266331668810548,1.0497119637781498,0.8097164897697077,0.8177192170048203
in1k.floorssl.s0.e27v10u.extL,in1k.pairs100.v1@audit_v1.o8,student.h.cls~student.z.proj.out,175,1.0776744990180065,1.0744005345006862,0.008118714941859444,1.1645044464127638,1.1672218782799162,1.1667283672123017
in1k.floorssl.s0.e27v10u.extL,in1k.pairs100.v1@audit_v1.o8,student.h.cls~student.z.proj.out,176,0.8940276486818935,0.8922002594443635,0.012281566370297793,1.0030224881275018,0.8013482855210481,0.8073793130007791
in1k.floorssl.s0.e27v10u.extL,in1k.pairs100.v1@audit_v1.o8,student.h.cls~student.z.proj.out,177,1.0036500439458433,1.0164243427252018,0.010481713652006204,1.1188045832602103,1.0181835670958665,1.01949541863088
in1k.floorssl.s0.e27v10u.extL,in1k.pairs100.v1@audit_v1.o8,student.h.cls~student.z.proj.out,178,1.0405870267463146,1.0459206309834257,0.00863200172155499,1.1388291974429023,1.0947564282917397,1.0919616972772437
in1k.floorssl.s0.e27v10u.extL,in1k.pairs100.v1@audit_v1.o8,student.h.cls~student.z.proj.out,179,1.001232267671254,1.0021108850479838,0.00687109370220333,1.085002945597854,1.006120815668274,1.007837797893839
in1k.floorssl.s0.e27v10u.extL,in1k.pairs100.v1@audit_v1.o8,student.h.cls~student.z.proj.out,180,0.9474990130566284,0.9500361885688624,0.003475596407560048,1.008990377627487,0.8994250372129231,0.9033812060979285
in1k.floorssl.s0.e27v10u.extL,in1k.pairs100.v1@audit_v1.o8,student.h.cls~student.z.proj.out,181,1.0492400055354603,1.0687820939260482,0.016818956946268573,1.1984700152844714,1.116987054357213,1.1150886995148759
in1k.floorssl.s0.e27v10u.extL,in1k.pairs100.v1@audit_v1.o8,student.h.cls~student.z.proj.out,182,0.9517611490194814,0.9653069073983532,0.013065930137397342,1.0796132070383877,0.9182505086780325,0.9199540067866951
in1k.floorssl.s0.e27v10u.extL,in1k.pairs100.v1@audit_v1.o8,student.h.cls~student.z.proj.out,183,0.9305128571105876,0.9280938206262893,0.03822051993102403,1.1235945109857457,0.8784554354973036,0.8808823812640102
in1k.floorssl.s0.e27v10u.extL,in1k.pairs100.v1@audit_v1.o8,student.h.cls~student.z.proj.out,184,0.9654189114090842,0.9660275040151767,0.0058550766460769175,1.0425459765958347,0.9346008231782055,0.9388621271080708
in1k.floorssl.s0.e27v10u.extL,in1k.pairs100.v1@audit_v1.o8,student.h.cls~student.z.proj.out,185,1.106055172224827,1.1119606215645448,0.010163026073558257,1.212772456552101,1.23381383973894,1.2311773451650925
in1k.floorssl.s0.e27v10u.extL,in1k.pairs100.v1@audit_v1.o8,student.h.cls~student.z.proj.out,186,0.9853835962523705,0.9959601602406174,0.009746782990231852,1.0946859572251535,0.9789917906129305,0.9810074036558156
in1k.floorssl.s0.e27v10u.extL,in1k.pairs100.v1@audit_v1.o8,student.h.cls~student.z.proj.out,187,0.9747369707692718,0.9774660433448242,0.012614861916336349,1.0897819456754219,0.9582023395258942,0.9608953573526116
in1k.floorssl.s0.e27v10u.extL,in1k.pairs100.v1@audit_v1.o8,student.h.cls~student.z.proj.out,188,0.9518530242701495,0.9536123196239599,0.012774053278990507,1.0666346770537645,0.9117548319888,0.9137957677642607
in1k.floorssl.s0.e27v10u.extL,in1k.pairs100.v1@audit_v1.o8,student.h.cls~student.z.proj.out,189,1.083697082408205,1.0841614989170945,0.00764986466249602,1.171625003663337,1.178634468581523,1.1804617699374194
in1k.floorssl.s0.e27v10u.extL,in1k.pairs100.v1@audit_v1.o8,student.h.cls~student.z.proj.out,190,0.758607910341555,0.7569799176871559,0.031105820032065162,0.9333483389877537,0.5764125151827747,0.5903980589517395
in1k.floorssl.s0.e27v10u.extL,in1k.pairs100.v1@audit_v1.o8,student.h.cls~student.z.proj.out,191,0.9891120001455321,0.9982886312506127,0.009287787180430933,1.0946617975389055,0.9857197497113698,0.9882631365185901
in1k.floorssl.s0.e27v10u.extL,in1k.pairs100.v1@audit_v1.o8,student.h.cls~student.z.proj.out,192,0.8270201130868907,0.825357732647191,0.005293773801918717,0.8981160572700045,0.6843317729076455,0.6895848544630105
in1k.floorssl.s0.e27v10u.extL,in1k.pairs100.v1@audit_v1.o8,student.h.cls~student.z.proj.out,193,0.9199893625954744,0.9247683649233414,0.008596306475393424,1.0174846335895977,0.8499368165757171,0.8558265166601532
in1k.floorssl.s0.e27v10u.extL,in1k.pairs100.v1@audit_v1.o8,student.h.cls~student.z.proj.out,194,0.9160253537726398,0.9155038002363453,0.011675900728657606,1.0235588821559736,0.8435595141548693,0.8473939237363325
in1k.floorssl.s0.e27v10u.extL,in1k.pairs100.v1@audit_v1.o8,student.h.cls~student.z.proj.out,195,0.8406031012210856,0.8449521558868095,0.01169326243347976,0.9530875452534723,0.7125905160402048,0.7196016674035449
in1k.floorssl.s0.e27v10u.extL,in1k.pairs100.v1@audit_v1.o8,student.h.cls~student.z.proj.out,196,0.9908305743700823,0.9948234013865739,0.011818405179328452,1.1035358899945,0.987004327471169,0.9891948361888314
in1k.floorssl.s0.e27v10u.extL,in1k.pairs100.v1@audit_v1.o8,student.h.cls~student.z.proj.out,197,0.8685101639389685,0.8699533949518108,0.008330398070711474,0.9612244093578722,0.7572054527100481,0.7617761703340326
in1k.floorssl.s0.e27v10u.extL,in1k.pairs100.v1@audit_v1.o8,student.h.cls~student.z.proj.out,198,0.9203475798590759,0.9298064134239569,0.01065058773569409,1.0330080981761647,0.8510896346310013,0.8555965707448175
in1k.floorssl.s0.e27v10u.extL,in1k.pairs100.v1@audit_v1.o8,student.h.cls~student.z.proj.out,199,1.0496059842769472,1.0531313187978113,0.014997876730742814,1.175597137419755,1.1094121515290865,1.1097943340264695
in1k.floorssl.s0.e27v10u.extL,in1k.pairs100.v1@audit_v1.o8,student.h.cls~student.z.proj.out,200,1.0320518494594888,1.0356844272137111,0.0121105726992288,1.1457324744441313,1.0700222015156216,1.0741843520767438
in1k.floorssl.s0.e27v10u.extL,in1k.pairs100.v1@audit_v1.o8,student.h.cls~student.z.proj.out,201,1.0648453235787334,1.064323841360216,0.025270840690786514,1.22329189063675,1.1494344545186814,1.1489879560935958
in1k.floorssl.s0.e27v10u.extL,in1k.pairs100.v1@audit_v1.o8,student.h.cls~student.z.proj.out,202,1.0646917659638535,1.0658509030656225,0.004105124615658958,1.1299221494688176,1.13656945899287,1.138054661509133
in1k.floorssl.s0.e27v10u.extL,in1k.pairs100.v1@audit_v1.o8,student.h.cls~student.z.proj.out,203,0.8843115386395393,0.8824820132111769,0.015370679561321415,1.0064605579732502,0.7852790143955558,0.7888880154787
in1k.floorssl.s0.e27v10u.extL,in1k.pairs100.v1@audit_v1.o8,student.h.cls~student.z.proj.out,204,0.8659541863684116,0.8642661572405851,0.01517273821572342,0.9874438265468495,0.7528790935403374,0.7583054118437179
in1k.floorssl.s0.e27v10u.extL,in1k.pairs100.v1@audit_v1.o8,student.h.cls~student.z.proj.out,205,1.005633570833866,1.0112884887661382,0.008222423582661937,1.1019660691411235,1.0186817714827279,1.0185972721980707
in1k.floorssl.s0.e27v10u.extL,in1k.pairs100.v1@audit_v1.o8,student.h.cls~student.z.proj.out,206,0.9466672313672962,0.9399335054725085,0.030140404603485545,1.113543426282022,0.9102156294629191,0.9120592824967783
in1k.floorssl.s0.e27v10u.extL,in1k.pairs100.v1@audit_v1.o8,student.h.cls~student.z.proj.out,207,0.9657375284413029,0.9765929962590848,0.006229867135683873,1.0555225036418365,0.9411228413390073,0.9436781788206898
in1k.floorssl.s0.e27v10u.extL,in1k.pairs100.v1@audit_v1.o8,student.h.cls~student.z.proj.out,208,1.1333895523835247,1.1406566034549575,0.0023495300727606385,1.1891285548573989,1.2893492701668996,1.289398327214695
in1k.floorssl.s0.e27v10u.extL,in1k.pairs100.v1@audit_v1.o8,student.h.cls~student.z.proj.out,209,0.9531825908824735,0.9579827144472708,0.006118014094473465,1.0362004496131108,0.9102569099752318,0.9183925385694419
in1k.floorssl.s0.e27v10u.extL,in1k.pairs100.v1@audit_v1.o8,student.h.cls~student.z.proj.out,210,0.9576824666249742,0.9828979970095685,0.03361462337784349,1.1662409090019428,0.9422506222428617,0.9442091473619283
in1k.floorssl.s0.e27v10u.extL,in1k.pairs100.v1@audit_v1.o8,student.h.cls~student.z.proj.out,211,1.0477484783881554,1.0526080830937572,0.00873230359117261,1.1460548786042113,1.1066104290888332,1.1064814335708406
in1k.floorssl.s0.e27v10u.extL,in1k.pairs100.v1@audit_v1.o8,student.h.cls~student.z.proj.out,212,1.0533332557814525,1.064881943217458,0.0062180421670041085,1.1437365066047733,1.1170720342036176,1.1190914111001145
in1k.floorssl.s0.e27v10u.extL,in1k.pairs100.v1@audit_v1.o8,student.h.cls~student.z.proj.out,213,0.9612707531178765,0.9743264326222016,0.01847708839130669,1.1102568868674028,0.9383410022399713,0.9401236251141823
in1k.floorssl.s0.e27v10u.extL,in1k.pairs100.v1@audit_v1.o8,student.h.cls~student.z.proj.out,214,1.0108263080066433,1.0208410222161697,0.006225731218896469,1.0997443251818662,1.0283429536731936,1.0303924529341988
in1k.floorssl.s0.e27v10u.extL,in1k.pairs100.v1@audit_v1.o8,student.h.cls~student.z.proj.out,215,0.906093847465682,0.9151938229999175,0.011168712513840526,1.0208759525859574,0.8281504562758619,0.8315232579586977
in1k.floorssl.s0.e27v10u.extL,in1k.pairs100.v1@audit_v1.o8,student.h.cls~student.z.proj.out,216,0.9987984285836188,1.0166949884269714,0.008658824346705648,1.1097477925045791,1.0086302804981675,1.0088599083532162
in1k.floorssl.s0.e27v10u.extL,in1k.pairs100.v1@audit_v1.o8,student.h.cls~student.z.proj.out,217,0.9927654784704214,1.002517481888396,0.007549161956270009,1.0894033953397144,0.9913169846172707,0.9968763526096825
in1k.floorssl.s0.e27v10u.extL,in1k.pairs100.v1@audit_v1.o8,student.h.cls~student.z.proj.out,218,0.9110295344067133,0.9186719900373375,0.010318898859797842,1.0202539710172231,0.8360347214610838,0.8428959211746638
in1k.floorssl.s0.e27v10u.extL,in1k.pairs100.v1@audit_v1.o8,student.h.cls~student.z.proj.out,219,1.096633383285967,1.1046906782864987,0.010357310692958987,1.206461551786528,1.2104512798981966,1.211911910141944
in1k.floorssl.s0.e27v10u.extL,in1k.pairs100.v1@audit_v1.o8,student.h.cls~student.z.proj.out,220,0.9904715174663715,1.0041597952995074,0.016033159290295845,1.1307819074691274,0.9933431967357854,0.9955305759786671
in1k.floorssl.s0.e27v10u.extL,in1k.pairs100.v1@audit_v1.o8,student.h.cls~student.z.proj.out,221,1.028097672717127,1.0275832448006903,0.040093196853035334,1.2278161013778148,1.0781898070515665,1.0730199927197839
in1k.floorssl.s0.e27v10u.extL,in1k.pairs100.v1@audit_v1.o8,student.h.cls~student.z.proj.out,222,1.1085528961546842,1.1109660382980706,0.01071458136471732,1.2144773003168352,1.2390724808518327,1.2370918683096148
in1k.floorssl.s0.e27v10u.extL,in1k.pairs100.v1@audit_v1.o8,student.h.cls~student.z.proj.out,223,0.9168539170111816,0.9235010052315683,0.024013453107199132,1.078463752713662,0.8516608037949386,0.8575617260635351
in1k.floorssl.s0.e27v10u.extL,in1k.pairs100.v1@audit_v1.o8,student.h.cls~student.z.proj.out,224,1.248644415397241,1.2523422840242047,0.023121954413309546,1.4044013331245773,1.5874986787337,1.5717124108032052
in1k.floorssl.s0.e27v10u.extL,in1k.pairs100.v1@audit_v1.o8,student.h.cls~student.z.proj.out,225,0.9261122127899042,0.9315525219681403,0.008534338042596012,1.0239340030268245,0.8607690449063408,0.8678657470103691
in1k.floorssl.s0.e27v10u.extL,in1k.pairs100.v1@audit_v1.o8,student.h.cls~student.z.proj.out,226,1.0029857451686126,1.002929257633393,0.00932192308653432,1.0994793642440763,1.0085327119023781,1.0123232536852063
in1k.floorssl.s0.e27v10u.extL,in1k.pairs100.v1@audit_v1.o8,student.h.cls~student.z.proj.out,227,1.0634955930479717,1.0669199657717412,0.00766332904569415,1.1544604081152325,1.1356217699435553,1.1366708129448606
in1k.floorssl.s0.e27v10u.extL,in1k.pairs100.v1@audit_v1.o8,student.h.cls~student.z.proj.out,228,0.892069088376635,0.9492133655400332,0.09111896215924198,1.2510725415795267,0.8517087789605261,0.8517945785817878
in1k.floorssl.s0.e27v10u.extL,in1k.pairs100.v1@audit_v1.o8,student.h.cls~student.z.proj.out,229,1.1649157260378336,1.172343919931828,0.005995301497654197,1.249773252213943,1.3662377460930029,1.3634708562913533
in1k.floorssl.s0.e27v10u.extL,in1k.pairs100.v1@audit_v1.o8,student.h.cls~student.z.proj.out,230,0.8992348968132812,0.914296637193896,0.01518569914166648,1.0375269059660872,0.8225583046442586,0.8236786792481631
in1k.floorssl.s0.e27v10u.extL,in1k.pairs100.v1@audit_v1.o8,student.h.cls~student.z.proj.out,231,1.1156677714288878,1.1181685886923378,0.01919962580429871,1.2567313030288385,1.2605910767456716,1.2613281698185859
in1k.floorssl.s0.e27v10u.extL,in1k.pairs100.v1@audit_v1.o8,student.h.cls~student.z.proj.out,232,0.8245400674315225,0.8277229770588785,0.015624574397637437,0.9527212746378353,0.6852704735115509,0.6927263096754697
in1k.floorssl.s0.e27v10u.extL,in1k.pairs100.v1@audit_v1.o8,student.h.cls~student.z.proj.out,233,0.8696600535700285,0.8716858495770036,0.012086713668558602,0.9816254405738715,0.7587277114982066,0.765169558656108
in1k.floorssl.s0.e27v10u.extL,in1k.pairs100.v1@audit_v1.o8,student.h.cls~student.z.proj.out,234,0.9257434917611987,0.9315670701012322,0.016544390907482668,1.0601920711993182,0.8638178754958514,0.8678529796294957
in1k.floorssl.s0.e27v10u.extL,in1k.pairs100.v1@audit_v1.o8,student.h.cls~student.z.proj.out,235,0.8805385903480623,0.8864806634390616,0.010426362670692304,0.9885902255314156,0.7805822559640168,0.7873567098224858
in1k.floorssl.s0.e27v10u.extL,in1k.pairs100.v1@audit_v1.o8,student.h.cls~student.z.proj.out,236,1.0725705491224038,1.074817344376817,0.013636892365484418,1.1915944498619437,1.1577685144194025,1.1600777964265387
in1k.floorssl.s0.e27v10u.extL,in1k.pairs100.v1@audit_v1.o8,student.h.cls~student.z.proj.out,237,0.8382871808276038,0.8449022433728519,0.012667581561051895,0.9574525945986562,0.7056276864663421,0.7112706352154843
in1k.floorssl.s0.e27v10u.extL,in1k.pairs100.v1@audit_v1.o8,student.h.cls~student.z.proj.out,238,0.865080110810303,0.872163934573887,0.011148952927628119,0.9777525368358173,0.7563469375761479,0.7603809957170298
in1k.floorssl.s0.e27v10u.extL,in1k.pairs100.v1@audit_v1.o8,student.h.cls~student.z.proj.out,239,0.8324345314501863,0.8416377473543549,0.009437521404091131,0.9387846536565688,0.7001038676934909,0.7096248237866914
in1k.floorssl.s0.e27v10u.extL,in1k.pairs100.v1@audit_v1.o8,student.h.cls~student.z.proj.out,240,1.1774578824477289,1.1889095407086459,0.015258127583944792,1.312433334303017,1.4070803164578412,1.397845559802952
in1k.floorssl.s0.e27v10u.extL,in1k.pairs100.v1@audit_v1.o8,student.h.cls~student.z.proj.out,241,0.919287501943192,0.9264902052096134,0.019725694422906604,1.066938396450749,0.8537964746668817,0.8587787532224495
in1k.floorssl.s0.e27v10u.extL,in1k.pairs100.v1@audit_v1.o8,student.h.cls~student.z.proj.out,242,0.920797785375421,0.9247958831695792,0.007383694590828069,1.0107243103100085,0.8513985957016652,0.8553798165845283
in1k.floorssl.s0.e27v10u.extL,in1k.pairs100.v1@audit_v1.o8,student.h.cls~student.z.proj.out,243,0.8974897354804131,0.9049844053609047,0.01591960826908183,1.0311573353779326,0.8142755121344982,0.8199274488952261
in1k.floorssl.s0.e27v10u.extL,in1k.pairs100.v1@audit_v1.o8,student.h.cls~student.z.proj.out,244,1.048518403693303,1.0603992191973963,0.03963036071801966,1.259472976177114,1.1228882206436073,1.1196084087527665
in1k.floorssl.s0.e27v10u.extL,in1k.pairs100.v1@audit_v1.o8,student.h.cls~student.z.proj.out,245,0.9193803570764003,0.9326276952624133,0.007405330904550443,1.0186819276077805,0.850733300312845,0.8533696353194572
in1k.floorssl.s0.e27v10u.extL,in1k.pairs100.v1@audit_v1.o8,student.h.cls~student.z.proj.out,246,0.8440538186254207,0.8466985496127655,0.006535366645417194,0.9275401641774016,0.7131224435625835,0.7195655697734494
in1k.floorssl.s0.e27v10u.extL,in1k.pairs100.v1@audit_v1.o8,student.h.cls~student.z.proj.out,247,0.9301301567940553,0.9420985684073727,0.0066767776420194975,1.0238101198674907,0.872652832799492,0.876510046193997
in1k.floorssl.s0.e27v10u.extL,in1k.pairs100.v1@audit_v1.o8,student.h.cls~student.z.proj.out,248,0.8359026575164553,0.8400229476355847,0.022470331328417727,0.9899240194410182,0.7131714342171588,0.7189629324234064
in1k.floorssl.s0.e27v10u.extL,in1k.pairs100.v1@audit_v1.o8,student.h.cls~student.z.proj.out,249,0.8896180868021183,0.9034538471076616,0.014684281311360112,1.024632563520075,0.8030109485647596,0.8077997722958811
in1k.floorssl.s0.e27v10u.extL,in1k.pairs100.v1@audit_v1.o8,student.h.cls~student.z.proj.out,250,0.9679917637139849,0.9798418768618079,0.024493930691070802,1.136347246389728,0.9553453578753991,0.9577907363623113
in1k.floorssl.s0.e27v10u.extL,in1k.pairs100.v1@audit_v1.o8,student.h.cls~student.z.proj.out,251,0.7709255577873217,0.8077057532843585,0.08279417254147635,1.0954455185957876,0.6441694213768631,0.6488249217936464
in1k.floorssl.s0.e27v10u.extL,in1k.pairs100.v1@audit_v1.o8,student.h.cls~student.z.proj.out,252,0.9018618304866373,0.9005526756787597,0.02741052378013073,1.0661139144399225,0.8214216193714029,0.8270687549315024
in1k.floorssl.s0.e27v10u.extL,in1k.pairs100.v1@audit_v1.o8,student.h.cls~student.z.proj.out,253,0.9746444145452448,0.9814933142180172,0.00592817757927258,1.058487973638477,0.9557761852749901,0.956397168692351
in1k.floorssl.s0.e27v10u.extL,in1k.pairs100.v1@audit_v1.o8,student.h.cls~student.z.proj.out,254,0.8191453266623417,0.8346283552289125,0.011520884408595689,0.9419637380651222,0.6787155055843913,0.6869850237066081
in1k.floorssl.s0.e27v10u.extL,in1k.pairs100.v1@audit_v1.o8,student.h.cls~student.z.proj.out,255,0.7719562331126015,0.7733664056664671,0.025447658739231285,0.9328896288636909,0.6054218108068816,0.6162828785408284
in1k.floorssl.s0.e27v10u.extL,in1k.pairs100.v1@audit_v1.o8,student.h.cls~student.z.proj.out,256,1.0891612388784608,1.090886985782716,0.020579480241746228,1.2343424849514346,1.1948464207129954,1.1952029079906055
in1k.floorssl.s0.e27v10u.extL,in1k.pairs100.v1@audit_v1.o8,student.h.cls~student.z.proj.out,257,0.9358697948410526,0.9397672152798737,0.007580448937839858,1.0268329889101577,0.8805016235585904,0.8839738004561489
in1k.floorssl.s0.e27v10u.extL,in1k.pairs100.v1@audit_v1.o8,student.h.cls~student.z.proj.out,258,0.9854409355737741,0.9863187556825073,0.014879118991722557,1.108298749909932,0.9830808420044884,0.9817980939779074
in1k.floorssl.s0.e27v10u.extL,in1k.pairs100.v1@audit_v1.o8,student.h.cls~student.z.proj.out,259,0.973134488394866,0.98040724704794,0.019067388805926032,1.1184919630954666,0.9613182262285696,0.9611657853626001
in1k.floorssl.s0.e27v10u.extL,in1k.pairs100.v1@audit_v1.o8,student.h.cls~student.z.proj.out,260,0.8431705489848881,0.8580261277162498,0.026906794002037993,1.0220590329579664,0.7198328657215998,0.7389032428450942
in1k.floorssl.s0.e27v10u.extL,in1k.pairs100.v1@audit_v1.o8,student.h.cls~student.z.proj.out,261,1.0150867162077128,1.0187350497129293,0.04069910961424913,1.2204752529800251,1.0676077975147158,1.0609722929438647
in1k.floorssl.s0.e27v10u.extL,in1k.pairs100.v1@audit_v1.o8,student.h.cls~student.z.proj.out,262,0.88194887083366,0.8934837411719696,0.005313723280221263,0.9663790310076048,0.7834890403873072,0.7870322135630312
in1k.floorssl.s0.e27v10u.extL,in1k.pairs100.v1@audit_v1.o8,student.h.cls~student.z.proj.out,263,0.9925611610097426,1.004902546846198,0.006160888614402596,1.0833938751213814,0.9937962282630004,0.996395956460957
in1k.floorssl.s0.e27v10u.extL,in1k.pairs100.v1@audit_v1.o8,student.h.cls~student.z.proj.out,264,0.9860296331105252,0.9924526914967118,0.004308778862208069,1.0580939808061707,0.9763033623023678,0.9796585008808508
in1k.floorssl.s0.e27v10u.extL,in1k.pairs100.v1@audit_v1.o8,student.h.cls~student.z.proj.out,265,0.9265143793970757,0.9281695057521736,0.015292560699797255,1.0518325992756548,0.8613406737849448,0.8693014959298376
in1k.floorssl.s0.e27v10u.extL,in1k.pairs100.v1@audit_v1.o8,student.h.cls~student.z.proj.out,266,1.155606663011673,1.1662123913148064,0.007882146301800992,1.2549938437798398,1.3471559699392843,1.3436805808312393
in1k.floorssl.s0.e27v10u.extL,in1k.pairs100.v1@audit_v1.o8,student.h.cls~student.z.proj.out,267,0.9920231520469774,0.9984049120555069,0.007275974266369638,1.083704233661072,0.9899193433672724,0.9925189948717539
in1k.floorssl.s0.e27v10u.extL,in1k.pairs100.v1@audit_v1.o8,student.h.cls~student.z.proj.out,268,1.213971346864524,1.2298035219312846,0.004113781253637068,1.293942287538654,1.4875971497669258,1.4815920410142502
in1k.floorssl.s0.e27v10u.extL,in1k.pairs100.v1@audit_v1.o8,student.h.cls~student.z.proj.out,269,1.0275560166048308,1.034564690839957,0.010413551657029736,1.1366115019465748,1.0678042200308084,1.0649238928256723
in1k.floorssl.s0.e27v10u.extL,in1k.pairs100.v1@audit_v1.o8,student.h.cls~student.z.proj.out,270,0.8719528825656693,0.8728502535757281,0.03915786778539036,1.0707337237934054,0.7693704806078191,0.779597074547647
in1k.floorssl.s0.e27v10u.extL,in1k.pairs100.v1@audit_v1.o8,student.h.cls~student.z.proj.out,271,0.8966946140628382,0.8982006130109987,0.021303596573349917,1.0441581293414361,0.8130694244660751,0.8188358290828606
in1k.floorssl.s0.e27v10u.extL,in1k.pairs100.v1@audit_v1.o8,student.h.cls~student.z.proj.out,272,0.9118411049417318,0.9133626764615251,0.016442395089392776,1.041590579389838,0.8364903368982681,0.8479101649763641
in1k.floorssl.s0.e27v10u.extL,in1k.pairs100.v1@audit_v1.o8,student.h.cls~student.z.proj.out,273,1.0228416905833573,1.0281790341615629,0.006317421230524684,1.1076612411674374,1.0502762505942693,1.052700546863502
in1k.floorssl.s0.e27v10u.extL,in1k.pairs100.v1@audit_v1.o8,student.h.cls~student.z.proj.out,274,0.8647922992798827,0.8722358095206968,0.016085808132575784,0.9990656488037921,0.7520705327122331,0.7604542967158041
in1k.floorssl.s0.e27v10u.extL,in1k.pairs100.v1@audit_v1.o8,student.h.cls~student.z.proj.out,275,0.8472798417339966,0.8778149666758343,0.10125724863085693,1.1960244081304474,0.7809791598303144,0.7763963544919988
in1k.floorssl.s0.e27v10u.extL,in1k.pairs100.v1@audit_v1.o8,student.h.cls~student.z.proj.out,276,0.7942091104403216,0.8222528552759303,0.05612253572082388,1.0591548090897895,0.6576941689653839,0.6707811170981202
in1k.floorssl.s0.e27v10u.extL,in1k.pairs100.v1@audit_v1.o8,student.h.cls~student.z.proj.out,277,0.9407510116603235,0.9523656451715671,0.02163401507560017,1.0994507058527938,0.9032173185479555,0.9012778302410984
in1k.floorssl.s0.e27v10u.extL,in1k.pairs100.v1@audit_v1.o8,student.h.cls~student.z.proj.out,278,0.9433977667249838,0.9460819454482312,0.024570320071473535,1.1028311721495887,0.9022321318288828,0.9064457979432546
in1k.floorssl.s0.e27v10u.extL,in1k.pairs100.v1@audit_v1.o8,student.h.cls~student.z.proj.out,279,0.832035218733424,0.8302575633240558,0.029616451835627996,1.002351874199308,0.6987135077952,0.7096840556234529
in1k.floorssl.s0.e27v10u.extL,in1k.pairs100.v1@audit_v1.o8,student.h.cls~student.z.proj.out,280,1.0724520361904366,1.081017110385966,0.012426782584008849,1.1924925901293106,1.1632097402093173,1.1643179563110144
in1k.floorssl.s0.e27v10u.extL,in1k.pairs100.v1@audit_v1.o8,student.h.cls~student.z.proj.out,281,0.9317729935932474,0.9176020813653221,0.035022637411010624,1.104745441950224,0.8847286212217872,0.8894284967525276
in1k.floorssl.s0.e27v10u.extL,in1k.pairs100.v1@audit_v1.o8,student.h.cls~student.z.proj.out,282,0.9403480152264072,0.9386166380952431,0.021313587701616944,1.084608376565668,0.8968559909969762,0.9005756757671738
in1k.floorssl.s0.e27v10u.extL,in1k.pairs100.v1@audit_v1.o8,student.h.cls~student.z.proj.out,283,0.8688356202017588,0.8804480063539255,0.02922409844720707,1.0513985794655916,0.7755350724198212,0.77910171716478
in1k.floorssl.s0.e27v10u.extL,in1k.pairs100.v1@audit_v1.o8,student.h.cls~student.z.proj.out,284,0.8452527497319161,0.8723152990368404,0.055927015074668456,1.1088042312824498,0.7462168558733185,0.7537476919266248
in1k.floorssl.s0.e27v10u.extL,in1k.pairs100.v1@audit_v1.o8,student.h.cls~student.z.proj.out,285,0.9775588535478564,0.9567061265261921,0.032248293307373076,1.136284224598794,0.9778221713897183,0.9752370132748787
in1k.floorssl.s0.e27v10u.extL,in1k.pairs100.v1@audit_v1.o8,student.h.cls~student.z.proj.out,286,0.901579978964799,0.9137389377615545,0.023248267075525225,1.0662127619922244,0.8259782287572125,0.8331217015755576
in1k.floorssl.s0.e27v10u.extL,in1k.pairs100.v1@audit_v1.o8,student.h.cls~student.z.proj.out,287,1.1402619283630535,1.1577525371513127,0.016378192654528157,1.2857298501975247,1.3210197585694585,1.3154859291268597
in1k.floorssl.s0.e27v10u.extL,in1k.pairs100.v1@audit_v1.o8,student.h.cls~student.z.proj.out,288,0.8357836840168729,0.8454171049409016,0.034419756133289126,1.0309427261722806,0.7085371750037979,0.7118859980886375
in1k.floorssl.s0.e27v10u.extL,in1k.pairs100.v1@audit_v1.o8,student.h.cls~student.z.proj.out,289,0.8436210157227413,0.8380800536204012,0.11978423433141884,1.1841786440992108,0.7718488727846659,0.7685529958783774
in1k.floorssl.s0.e27v10u.extL,in1k.pairs100.v1@audit_v1.o8,student.h.cls~student.z.proj.out,290,0.7631589447937616,0.8258715834577218,0.03880467633693543,1.0228606093879382,0.6012956079152372,0.6055653274531448
in1k.floorssl.s0.e27v10u.extL,in1k.pairs100.v1@audit_v1.o8,student.h.cls~student.z.proj.out,291,0.8606752468970222,0.885287009731562,0.05373375103113945,1.1170924260426125,0.7759733311645374,0.7822712217984888
in1k.floorssl.s0.e27v10u.extL,in1k.pairs100.v1@audit_v1.o8,student.h.cls~student.z.proj.out,292,0.7160858610948777,0.8206664811261074,0.05814936835212605,1.0618082824632584,0.5426159865912756,0.5430735681257572
in1k.floorssl.s0.e27v10u.extL,in1k.pairs100.v1@audit_v1.o8,student.h.cls~student.z.proj.out,293,0.9538736923169541,0.9531368740358787,0.03383238774753183,1.1370726991149855,0.93061611975601,0.9266415252795568
in1k.floorssl.s0.e27v10u.extL,in1k.pairs100.v1@audit_v1.o8,student.h.cls~student.z.proj.out,294,0.8621912984958936,0.8904298805980051,0.028546131631560268,1.0593858856157619,0.7655527250434573,0.7743528271898326
in1k.floorssl.s0.e27v10u.extL,in1k.pairs100.v1@audit_v1.o8,student.h.cls~student.z.proj.out,295,0.9698868596928919,0.9871139725173527,0.030709405062402856,1.16235496390465,0.9612748011659822,0.9636815309317233
in1k.floorssl.s0.e27v10u.extL,in1k.pairs100.v1@audit_v1.o8,student.h.cls~student.z.proj.out,296,0.9672007447114696,0.9839423894088433,0.06672546341382866,1.2422551134737423,0.9676979553580214,0.9673587083023363
in1k.floorssl.s0.e27v10u.extL,in1k.pairs100.v1@audit_v1.o8,student.h.cls~student.z.proj.out,297,0.8278236782697044,0.8500219017860455,0.05714349280340254,1.0890689532286486,0.717841151746928,0.7269968261448198
in1k.floorssl.s0.e27v10u.extL,in1k.pairs100.v1@audit_v1.o8,student.h.cls~student.z.proj.out,298,0.9035708647521307,0.9104668802380887,0.018312525682827378,1.0457906611593568,0.8281127785728101,0.8309194426420067
in1k.floorssl.s0.e27v10u.extL,in1k.pairs100.v1@audit_v1.o8,student.h.cls~student.z.proj.out,299,0.8099940899124513,0.8387691709257252,0.0660327688450099,1.0957375908629032,0.697580663209429,0.704084272830805
in1k.floorssl.s0.e27v10u.extL,in1k.pairs100.v1@audit_v1.o8,student.h.cls~student.z.proj.out,300,0.7894297510615309,0.7854941229570769,0.06241777284997865,1.0353296145309896,0.6564225022674934,0.661210373208375
in1k.floorssl.s0.e27v10u.extL,in1k.pairs100.v1@audit_v1.o8,student.h.cls~student.z.proj.out,301,1.0017190474840845,1.0263683840100712,0.009196250569957992,1.122265467229312,1.0220196954556355,1.021263825823754
in1k.floorssl.s0.e27v10u.extL,in1k.pairs100.v1@audit_v1.o8,student.h.cls~student.z.proj.out,302,0.8986105355232319,0.9072614916184693,0.019230285707042355,1.0459347972942277,0.8181452132744339,0.8216199593264374
in1k.floorssl.s0.e27v10u.extL,in1k.pairs100.v1@audit_v1.o8,student.h.cls~student.z.proj.out,303,0.9904414235102739,0.9953075223790899,0.005977911112376151,1.072624474675311,0.9865460416920369,0.9881610928647019
in1k.floorssl.s0.e27v10u.extL,in1k.pairs100.v1@audit_v1.o8,student.h.cls~student.z.proj.out,304,0.8891775482815121,0.8879249131029212,0.023881094225790055,1.0424600036998146,0.8034628768351538,0.8079748591192424
in1k.floorssl.s0.e27v10u.extL,in1k.pairs100.v1@audit_v1.o8,student.h.cls~student.z.proj.out,305,0.8920469027160361,0.9124888526658806,0.022215981426359117,1.0615391174303523,0.8127582220169093,0.8197152750119856
in1k.floorssl.s0.e27v10u.extL,in1k.pairs100.v1@audit_v1.o8,student.h.cls~student.z.proj.out,306,0.8667826171735435,0.8909431089917311,0.026039948526249572,1.0523120915325204,0.7669413193155262,0.7784890826384313
in1k.floorssl.s0.e27v10u.extL,in1k.pairs100.v1@audit_v1.o8,student.h.cls~student.z.proj.out,307,0.8856555753131926,0.8934168488013264,0.013313610817064421,1.0088014700342465,0.7920572442815713,0.7989488490922315
in1k.floorssl.s0.e27v10u.extL,in1k.pairs100.v1@audit_v1.o8,student.h.cls~student.z.proj.out,308,0.8776964386155864,0.8840905336895774,0.01238770402113306,0.9953905966775787,0.7754773078937703,0.7842210320664488
in1k.floorssl.s0.e27v10u.extL,in1k.pairs100.v1@audit_v1.o8,student.h.cls~student.z.proj.out,309,1.0519239934672955,1.0680027574063236,0.026975435282045945,1.2322447595922623,1.1353072247065552,1.1270370040673703
in1k.floorssl.s0.e27v10u.extL,in1k.pairs100.v1@audit_v1.o8,student.h.cls~student.z.proj.out,310,1.0456833533232837,1.0490987369863323,0.0033031459082560237,1.1065717385458125,1.0974179156409374,1.0997087934801173
in1k.floorssl.s0.e27v10u.extL,in1k.pairs100.v1@audit_v1.o8,student.h.cls~student.z.proj.out,311,0.8533950307495,0.86512796939137,0.011604208952670668,0.9728508033341822,0.7353957095921456,0.7431726852057146
in1k.floorssl.s0.e27v10u.extL,in1k.pairs100.v1@audit_v1.o8,student.h.cls~student.z.proj.out,312,0.8943635183677474,0.8983291216995273,0.0046278948549174186,0.9663577543104905,0.8050536219817955,0.8072859529817037
in1k.floorssl.s0.e27v10u.extL,in1k.pairs100.v1@audit_v1.o8,student.h.cls~student.z.proj.out,313,0.9782755498470666,0.996637929307135,0.009991665385609548,1.0965962475483377,0.9697446622247815,0.9730632732884605
in1k.floorssl.s0.e27v10u.extL,in1k.pairs100.v1@audit_v1.o8,student.h.cls~student.z.proj.out,314,1.022492575424278,1.029321944578359,0.009130500968955173,1.1248755995003723,1.0499260054699255,1.054121336175256
in1k.floorssl.s0.e27v10u.extL,in1k.pairs100.v1@audit_v1.o8,student.h.cls~student.z.proj.out,315,0.9059960651128938,0.9211579781592301,0.0179961569719176,1.0553077339246344,0.8348759456790932,0.8413299016990886
in1k.floorssl.s0.e27v10u.extL,in1k.pairs100.v1@audit_v1.o8,student.h.cls~student.z.proj.out,316,0.9057861979957801,0.9193401950111717,0.006581170900304855,1.0004646111896864,0.8290154489047493,0.8342397959315766
in1k.floorssl.s0.e27v10u.extL,in1k.pairs100.v1@audit_v1.o8,student.h.cls~student.z.proj.out,317,1.1267160940531769,1.1316722256097842,0.010645791212295213,1.2348506691544279,1.2921371441075549,1.2795214281217406
in1k.floorssl.s0.e27v10u.extL,in1k.pairs100.v1@audit_v1.o8,student.h.cls~student.z.proj.out,318,0.8319080741459958,0.8405735618683636,0.01638538292293478,0.96857896379709,0.7027684539583915,0.7109133989510331
in1k.floorssl.s0.e27v10u.extL,in1k.pairs100.v1@audit_v1.o8,student.h.cls~student.z.proj.out,319,0.9271677080656556,0.9695474020714009,0.03536819319821888,1.1576117346765467,0.9048557935672088,0.8922059284527515
in1k.floorssl.s0.e27v10u.extL,in1k.pairs100.v1@audit_v1.o8,student.h.cls~student.z.proj.out,320,0.8756683539000151,0.9010527614324253,0.05552269684572056,1.1366853076685524,0.7972647204654002,0.8088568291818309
in1k.floorssl.s0.e27v10u.extL,in1k.pairs100.v1@audit_v1.o8,student.h.cls~student.z.proj.out,321,0.790969183915828,0.8489428992114308,0.09368620828064393,1.1550249278910707,0.6917796606993536,0.6821331522672626
in1k.floorssl.s0.e27v10u.extL,in1k.pairs100.v1@audit_v1.o8,student.h.cls~student.z.proj.out,322,0.7800577969717178,0.779020268805759,0.050850319409957524,1.0045204227080513,0.6326786534259586,0.6370735028938515
in1k.floorssl.s0.e27v10u.extL,in1k.pairs100.v1@audit_v1.o8,student.h.cls~student.z.proj.out,323,0.7968992325337096,0.7994095313564048,0.12330681735500283,1.1505602359762344,0.7021075911266662,0.6932453620846198
in1k.floorssl.s0.e27v10u.extL,in1k.pairs100.v1@audit_v1.o8,student.h.cls~student.z.proj.out,324,0.7939549720261568,0.85004582911283,0.03294714119332292,1.0315593029744774,0.6468606707849153,0.6557558501845366
in1k.floorssl.s0.e27v10u.extL,in1k.pairs100.v1@audit_v1.o8,student.h.cls~student.z.proj.out,325,0.8948263127791756,0.9687965141662866,0.028636757503375628,1.1380205003602528,0.8283300710483447,0.8229929194872643
in1k.floorssl.s0.e27v10u.extL,in1k.pairs100.v1@audit_v1.o8,student.h.cls~student.z.proj.out,326,0.857282244973435,0.87138956793378,0.039434420858723895,1.0699705863084572,0.7559509426681339,0.7574220017662112
in1k.floorssl.s0.e27v10u.extL,in1k.pairs100.v1@audit_v1.o8,student.h.cls~student.z.proj.out,327,0.9962476856075339,1.0404993898261683,0.021272847224984598,1.186351531479915,1.0268491359917076,1.0263460880882473
in1k.floorssl.s0.e27v10u.extL,in1k.pairs100.v1@audit_v1.o8,student.h.cls~student.z.proj.out,328,0.8971981921385825,0.9157936463489844,0.03813434874122406,1.1110738264524043,0.8284618080030337,0.839936473940311
in1k.floorssl.s0.e27v10u.extL,in1k.pairs100.v1@audit_v1.o8,student.h.cls~student.z.proj.out,329,0.9160256985085111,0.9182664648562062,0.02093122671340794,1.0629427473402677,0.8528603970068431,0.8569411346514043
in1k.floorssl.s0.e27v10u.extL,in1k.pairs100.v1@audit_v1.o8,student.h.cls~student.z.proj.out,330,0.8151743787128392,0.838976976527157,0.042660829618520184,1.0455219585976983,0.6868995953294885,0.6976002008488185
in1k.floorssl.s0.e27v10u.extL,in1k.pairs100.v1@audit_v1.o8,student.h.cls~student.z.proj.out,331,0.813405327522324,0.8414916168432371,0.027845210446299864,1.0083604588908162,0.6799282593360017,0.6867061926453567
in1k.floorssl.s0.e27v10u.extL,in1k.pairs100.v1@audit_v1.o8,student.h.cls~student.z.proj.out,332,0.8584827770059457,0.8581962143500476,0.03250467130780248,1.0384867335345085,0.7520049092668066,0.763660580364395
in1k.floorssl.s0.e27v10u.extL,in1k.pairs100.v1@audit_v1.o8,student.h.cls~student.z.proj.out,333,0.8694024476076441,0.8705279283625291,0.049113770148203124,1.09214419615035,0.7775390435705903,0.7921551851562857
in1k.floorssl.s0.e27v10u.extL,in1k.pairs100.v1@audit_v1.o8,student.h.cls~student.z.proj.out,334,0.8175840905232542,0.826447924614369,0.05355031882643011,1.0578573428030635,0.6890499519210835,0.7059350772706148
in1k.floorssl.s0.e27v10u.extL,in1k.pairs100.v1@audit_v1.o8,student.h.cls~student.z.proj.out,335,0.8796757558827045,0.8993396626687364,0.021641551020384273,1.0464503387612085,0.7902390408584546,0.7946324073920336
in1k.floorssl.s0.e27v10u.extL,in1k.pairs100.v1@audit_v1.o8,student.h.cls~student.z.proj.out,336,0.9883050458448414,1.0021890970595129,0.02011585466408636,1.1440194699141535,0.9962648623510181,0.9981294468598388
in1k.floorssl.s0.e27v10u.extL,in1k.pairs100.v1@audit_v1.o8,student.h.cls~student.z.proj.out,337,0.9259066416942288,0.9389120830884873,0.016926202916417818,1.0690128245022772,0.8708625075302614,0.8754273294886961
in1k.floorssl.s0.e27v10u.extL,in1k.pairs100.v1@audit_v1.o8,student.h.cls~student.z.proj.out,338,0.9558043389595595,0.9711652976719094,0.028577098909869522,1.1402129208727978,0.9356870878215082,0.9403219203062385
in1k.floorssl.s0.e27v10u.extL,in1k.pairs100.v1@audit_v1.o8,student.h.cls~student.z.proj.out,339,0.7811154805957645,0.7880398621286854,0.11554296003227608,1.127955969473242,0.6367559043307607,0.6636183701166007
in1k.floorssl.s0.e27v10u.extL,in1k.pairs100.v1@audit_v1.o8,student.h.cls~student.z.proj.out,340,0.7688639543199773,0.7895667683711137,0.08477141457308203,1.0807220784258713,0.628909856480335,0.6264237747346832
in1k.floorssl.s0.e27v10u.extL,in1k.pairs100.v1@audit_v1.o8,student.h.cls~student.z.proj.out,341,0.9536914237332708,0.9626080220946854,0.010150983746264528,1.0633601126251777,0.9168128914988798,0.9204707936759123
in1k.floorssl.s0.e27v10u.extL,in1k.pairs100.v1@audit_v1.o8,student.h.cls~student.z.proj.out,342,1.1028420169728994,1.11483804194987,0.026482826488407763,1.2775734913406152,1.2509973970460417,1.233847547565027
in1k.floorssl.s0.e27v10u.extL,in1k.pairs100.v1@audit_v1.o8,student.h.cls~student.z.proj.out,343,0.9044457145971366,0.9141384518505291,0.03946465529054258,1.1127955818271362,0.8365053037098753,0.8460488066949459
in1k.floorssl.s0.e27v10u.extL,in1k.pairs100.v1@audit_v1.o8,student.h.cls~student.z.proj.out,344,1.108397549140593,1.1331833068024117,0.03170303680101501,1.3112367729327148,1.2797711622010082,1.2560185630226777
in1k.floorssl.s0.e27v10u.extL,in1k.pairs100.v1@audit_v1.o8,student.h.cls~student.z.proj.out,345,1.1152451680906956,1.120821382212034,0.007422760009469969,1.2069768231862985,1.2590099037155842,1.2518131851054886
in1k.floorssl.s0.e27v10u.extL,in1k.pairs100.v1@audit_v1.o8,student.h.cls~student.z.proj.out,346,1.1022879916276114,1.1251834441935644,0.018184403373978152,1.260033002494577,1.236922646938968,1.2334799368545781
in1k.floorssl.s0.e27v10u.extL,in1k.pairs100.v1@audit_v1.o8,student.h.cls~student.z.proj.out,347,0.9046346437651809,0.9193185995464832,0.06403539365809054,1.1723707555501233,0.8517851152409381,0.8607060291257442
in1k.floorssl.s0.e27v10u.extL,in1k.pairs100.v1@audit_v1.o8,student.h.cls~student.z.proj.out,348,1.0070723463973017,1.0128739629473111,0.029436803768693804,1.184445533344897,1.0339379695722026,1.0335630759315146
in1k.floorssl.s0.e27v10u.extL,in1k.pairs100.v1@audit_v1.o8,student.h.cls~student.z.proj.out,349,0.9922473423732943,1.0035322557592241,0.04168943291445146,1.2077121590662134,1.0216394598848424,1.013243441765001
in1k.floorssl.s0.e27v10u.extL,in1k.pairs100.v1@audit_v1.o8,student.h.cls~student.z.proj.out,350,0.8076663699741294,0.8171065085351227,0.037807996723826044,1.0115492937543897,0.6660024040377793,0.6817805433953934
in1k.floorssl.s0.e27v10u.extL,in1k.pairs100.v1@audit_v1.o8,student.h.cls~student.z.proj.out,351,0.8767914397345161,0.8795860526360929,0.045812149382535056,1.0936237815124175,0.7856462210105415,0.7930391536026558
in1k.floorssl.s0.e27v10u.extL,in1k.pairs100.v1@audit_v1.o8,student.h.cls~student.z.proj.out,352,0.9988058634272219,0.9916467735301073,0.061037057298982615,1.2387035631534298,1.0340080693818625,1.0289666057804248
in1k.floorssl.s0.e27v10u.extL,in1k.pairs100.v1@audit_v1.o8,student.h.cls~student.z.proj.out,353,1.1380627414443731,1.1426713921415275,0.04545830446665623,1.3558809239797083,1.3344613111983412,1.3197637393904225
in1k.floorssl.s0.e27v10u.extL,in1k.pairs100.v1@audit_v1.o8,student.h.cls~student.z.proj.out,354,1.1472703551231007,1.179361325072153,0.019657000997028596,1.3195647522664573,1.353705048787577,1.3402717893706495
in1k.floorssl.s0.e27v10u.extL,in1k.pairs100.v1@audit_v1.o8,student.h.cls~student.z.proj.out,355,0.9469969054892443,0.9601503123462504,0.021025996235130413,1.1051537475991104,0.9125687816677074,0.9187631886109069
in1k.floorssl.s0.e27v10u.extL,in1k.pairs100.v1@audit_v1.o8,student.h.cls~student.z.proj.out,356,1.06859106949283,1.0796338524089464,0.008265373653227293,1.170547952818219,1.1508251626696178,1.1522788483547008
in1k.floorssl.s0.e27v10u.extL,in1k.pairs100.v1@audit_v1.o8,student.h.cls~student.z.proj.out,357,1.0257047852929977,1.0413031025513837,0.012333114215683403,1.1523576576839103,1.0669673490201306,1.0681157409250397
in1k.floorssl.s0.e27v10u.extL,in1k.pairs100.v1@audit_v1.o8,student.h.cls~student.z.proj.out,358,0.8615445786622001,0.8781549448162634,0.04878587711018087,1.0990301971877794,0.7628150012160932,0.7758715957569456
in1k.floorssl.s0.e27v10u.extL,in1k.pairs100.v1@audit_v1.o8,student.h.cls~student.z.proj.out,359,0.8051385949738428,0.8094539050097022,0.0405663694311078,1.0108648516613372,0.6722166542237492,0.6751705230856426
in1k.floorssl.s0.e27v10u.extL,in1k.pairs100.v1@audit_v1.o8,student.h.cls~student.z.proj.out,360,0.8751024929679148,0.8847004656334976,0.02177478369488494,1.0322632783434922,0.776998544215186,0.7859327957397725
in1k.floorssl.s0.e27v10u.extL,in1k.pairs100.v1@audit_v1.o8,student.h.cls~student.z.proj.out,361,0.8914479632547279,0.9476323277677055,0.05110127724019563,1.1736882439481842,0.846933291647897,0.8404062634386518
in1k.floorssl.s0.e27v10u.extL,in1k.pairs100.v1@audit_v1.o8,student.h.cls~student.z.proj.out,362,0.8269001822324806,0.8580901732886257,0.061397093165677125,1.105874541572174,0.7105890584387895,0.730124406783309
in1k.floorssl.s0.e27v10u.extL,in1k.pairs100.v1@audit_v1.o8,student.h.cls~student.z.proj.out,363,0.7458837959915604,0.8088705797287068,0.0909517180226269,1.1104526050926646,0.6180947545215347,0.6244795280326028
in1k.floorssl.s0.e27v10u.extL,in1k.pairs100.v1@audit_v1.o8,student.h.cls~student.z.proj.out,364,0.7639322321743617,0.8037339500221701,0.050751280988092874,1.029014399657936,0.6124287059677085,0.6362234547525698
in1k.floorssl.s0.e27v10u.extL,in1k.pairs100.v1@audit_v1.o8,student.h.cls~student.z.proj.out,365,0.912964545479141,0.9153709306230705,0.02490159546080298,1.0731733243336952,0.8556919735494801,0.8533317823089559
in1k.floorssl.s0.e27v10u.extL,in1k.pairs100.v1@audit_v1.o8,student.h.cls~student.z.proj.out,366,0.8393081526699429,0.8337386419052395,0.039317721261742836,1.03202560885401,0.7183507618234244,0.7290929709526422
in1k.floorssl.s0.e27v10u.extL,in1k.pairs100.v1@audit_v1.o8,student.h.cls~student.z.proj.out,367,0.7656971082593699,0.7586342473771969,0.028080206535895186,0.9262057441655683,0.5938549628273291,0.6043167863379755
in1k.floorssl.s0.e27v10u.extL,in1k.pairs100.v1@audit_v1.o8,student.h.cls~student.z.proj.out,368,0.892431773309916,0.894830941113041,0.008084548741850028,0.9847450598144442,0.8014015284449129,0.8070022180600247
in1k.floorssl.s0.e27v10u.extL,in1k.pairs100.v1@audit_v1.o8,student.h.cls~student.z.proj.out,369,1.011063394624677,1.018380685046332,0.012114235373880178,1.1284453722710734,1.0365638949330103,1.032991820347175
in1k.floorssl.s0.e27v10u.extL,in1k.pairs100.v1@audit_v1.o8,student.h.cls~student.z.proj.out,370,0.8813044079544177,0.8836039860090072,0.01393701213873957,1.001659109314773,0.7842345215107664,0.7916463645366002
in1k.floorssl.s0.e27v10u.extL,in1k.pairs100.v1@audit_v1.o8,student.h.cls~student.z.proj.out,371,0.998628010062994,1.0077913113372248,0.010418730675354853,1.1098634949885744,1.0057256401862724,1.0060158550060303
in1k.floorssl.s0.e27v10u.extL,in1k.pairs100.v1@audit_v1.o8,student.h.cls~student.z.proj.out,372,1.0405072311610513,1.0565191019000846,0.020005693849277015,1.1979605875020005,1.0990679287591194,1.0989170572424496
in1k.floorssl.s0.e27v10u.extL,in1k.pairs100.v1@audit_v1.o8,student.h.cls~student.z.proj.out,373,0.8566634894152939,0.8599428741570119,0.016468007643881233,0.9882706094439764,0.7379865735221142,0.7467049927355854
in1k.floorssl.s0.e27v10u.extL,in1k.pairs100.v1@audit_v1.o8,student.h.cls~student.z.proj.out,374,1.0130905182031908,1.0136712542418238,0.011459143781321162,1.1207186445945136,1.0347781766619735,1.0371406360192887
in1k.floorssl.s0.e27v10u.extL,in1k.pairs100.v1@audit_v1.o8,student.h.cls~student.z.proj.out,375,0.9251302626568781,0.9439190724067024,0.013615954452284647,1.060606494403611,0.8688036546997433,0.8736316127975494
in1k.floorssl.s0.e27v10u.extL,in1k.pairs100.v1@audit_v1.o8,student.h.cls~student.z.proj.out,376,0.884413402244012,0.8908501628563565,0.0382509965792008,1.0864287828003596,0.8054450120070454,0.8092136016618952
in1k.floorssl.s0.e27v10u.extL,in1k.pairs100.v1@audit_v1.o8,student.h.cls~student.z.proj.out,377,0.9051799691193594,0.9262087983411913,0.03439260719758856,1.1116612375205899,0.83509112642927,0.8488323703767947
in1k.floorssl.s0.e27v10u.extL,in1k.pairs100.v1@audit_v1.o8,student.h.cls~student.z.proj.out,378,0.8525771811730468,0.8557979799305484,0.013979930113698878,0.9740347344263434,0.7325193078835747,0.7403755756206681
in1k.floorssl.s0.e27v10u.extL,in1k.pairs100.v1@audit_v1.o8,student.h.cls~student.z.proj.out,379,0.9535005160101013,0.9447253405492231,0.027389777486628682,1.1102239130102225,0.9166084922538688,0.9215139347255132
in1k.floorssl.s0.e27v10u.extL,in1k.pairs100.v1@audit_v1.o8,student.h.cls~student.z.proj.out,380,0.9942496295460209,1.002142786184097,0.017819332645965004,1.1356318593173127,0.998874497877582,1.0004086896502913
in1k.floorssl.s0.e27v10u.extL,in1k.pairs100.v1@audit_v1.o8,student.h.cls~student.z.proj.out,381,0.9377396818365452,0.940014622614694,0.00512050864088093,1.0115723520426247,0.8823503602874015,0.8850565102806162
in1k.floorssl.s0.e27v10u.extL,in1k.pairs100.v1@audit_v1.o8,student.h.cls~student.z.proj.out,382,0.8327564482200189,0.8484301183395909,0.013490899663997214,0.964580450513017,0.7049613003471141,0.7113555697270049
in1k.floorssl.s0.e27v10u.extL,in1k.pairs100.v1@audit_v1.o8,student.h.cls~student.z.proj.out,383,0.7492901241087397,0.784514103888809,0.06558517276848046,1.0406101264437884,0.5795612135967341,0.6088663097155275
in1k.floorssl.s0.e27v10u.extL,in1k.pairs100.v1@audit_v1.o8,student.h.cls~student.z.proj.out,384,0.9228484601581164,0.932771536576045,0.03384213382379217,1.1167338528905342,0.8747061158758552,0.8734719798744387
in1k.floorssl.s0.e27v10u.extL,in1k.pairs100.v1@audit_v1.o8,student.h.cls~student.z.proj.out,385,0.7962580455353511,0.7893622601839311,0.03103406397235225,0.9655271374221372,0.6470778695987549,0.656382518017898
in1k.floorssl.s0.e27v10u.extL,in1k.pairs100.v1@audit_v1.o8,student.h.cls~student.z.proj.out,386,0.8045302535699534,0.7887229061097365,0.030959525655253173,0.9646760977694878,0.6645705213992115,0.6698309925067656
in1k.floorssl.s0.e27v10u.extL,in1k.pairs100.v1@audit_v1.o8,student.h.cls~student.z.proj.out,387,0.7561352967289146,0.8043834644562698,0.07295474963288522,1.0744848336362227,0.6152562912986952,0.6275074863705132
in1k.floorssl.s0.e27v10u.extL,in1k.pairs100.v1@audit_v1.o8,student.h.cls~student.z.proj.out,388,0.7194079432282039,0.748903741194476,0.09752852947413324,1.0611993214932265,0.5681444285948788,0.5790591644785157
in1k.floorssl.s0.e27v10u.extL,in1k.pairs100.v1@audit_v1.o8,student.h.cls~student.z.proj.out,389,0.8350189760620538,0.8309475898253879,0.022769725209596286,0.9818439953809752,0.7068177315233369,0.7147571702233607
in1k.floorssl.s0.e27v10u.extL,in1k.pairs100.v1@audit_v1.o8,student.h.cls~student.z.proj.out,390,0.9914883898646849,1.000738890087111,0.01105676320085363,1.105890034640338,0.9944751155791294,0.9970554648703429
in1k.floorssl.s0.e27v10u.extL,in1k.pairs100.v1@audit_v1.o8,student.h.cls~student.z.proj.out,391,0.8660661112527642,0.8632174618793099,0.014991715644584354,0.9856581236081015,0.7572481551981912,0.7657092582826416
in1k.floorssl.s0.e27v10u.extL,in1k.pairs100.v1@audit_v1.o8,student.h.cls~student.z.proj.out,392,0.7289432865672882,0.7994986339225533,0.0743011358654182,1.0720809808664047,0.5821088748545806,0.5934191302487316
in1k.floorssl.s0.e27v10u.extL,in1k.pairs100.v1@audit_v1.o8,student.h.cls~student.z.proj.out,393,0.7344652955197936,0.7311173626346887,0.054602768468787144,0.9647897154468842,0.5767386488343992,0.5721976091304537
in1k.floorssl.s0.e27v10u.extL,in1k.pairs100.v1@audit_v1.o8,student.h.cls~student.z.proj.out,394,0.866709894889815,0.8633291129752294,0.010945351988925203,0.9679491492442214,0.7595153371803567,0.7618615229551342
in1k.floorssl.s0.e27v10u.extL,in1k.pairs100.v1@audit_v1.o8,student.h.cls~student.z.proj.out,395,0.8550713844785962,0.8596798906037482,0.008973489093577175,0.9544083926164855,0.7362952360475485,0.7415463621073208
in1k.floorssl.s0.e27v10u.extL,in1k.pairs100.v1@audit_v1.o8,student.h.cls~student.z.proj.out,396,0.7017709326229464,0.7337771374262282,0.12525039314153413,1.087684460240456,0.5572285383263504,0.5564428914944388
in1k.floorssl.s0.e27v10u.extL,in1k.pairs100.v1@audit_v1.o8,student.h.cls~student.z.proj.out,397,0.7987067964581979,0.8151951038946109,0.03192740710740963,0.9938775235877907,0.65811794245588,0.6697019457532759
in1k.floorssl.s0.e27v10u.extL,in1k.pairs100.v1@audit_v1.o8,student.h.cls~student.z.proj.out,398,0.8708430132493599,0.897992824311531,0.03372747344001212,1.081643235255836,0.785091683853615,0.7938385408254442
in1k.floorssl.s0.e27v10u.extL,in1k.pairs100.v1@audit_v1.o8,student.h.cls~student.z.proj.out,399,0.8461894844919949,0.8518670394315763,0.017244887572927185,0.9831868306777063,0.7255973956437521,0.7360852091858833
in1k.floorssl.s0.e27v10u.extL,in1k.pairs100.v1@audit_v1.o8,student.h.cls~student.z.proj.out,400,0.8629756960547866,0.8571392880774176,0.03548323037447039,1.0455092176693521,0.7653179559662506,0.7734025297361735
in1k.floorssl.s0.e27v10u.extL,in1k.pairs100.v1@audit_v1.o8,student.h.cls~student.z.proj.out,401,1.1144245189148665,1.1346172757045818,0.008689033004639062,1.227832258430746,1.25579338779925,1.2592007095775697
in1k.floorssl.s0.e27v10u.extL,in1k.pairs100.v1@audit_v1.o8,student.h.cls~student.z.proj.out,402,0.9627931609724308,0.9627004577202999,0.03522685503452739,1.150388643375464,0.950676341708956,0.9534523084105615
in1k.floorssl.s0.e27v10u.extL,in1k.pairs100.v1@audit_v1.o8,student.h.cls~student.z.proj.out,403,1.0079833585400282,1.0192696659809815,0.019154943545010846,1.1576710516135351,1.0316537782763036,1.0331847780005625
in1k.floorssl.s0.e27v10u.extL,in1k.pairs100.v1@audit_v1.o8,student.h.cls~student.z.proj.out,404,0.8549989085599667,0.8422961155500046,0.02756017059786065,1.0083086771164735,0.7530987648677583,0.7518063706927531
in1k.floorssl.s0.e27v10u.extL,in1k.pairs100.v1@audit_v1.o8,student.h.cls~student.z.proj.out,405,0.9823917771055216,0.997307448534166,0.018650282770947477,1.133873486665714,0.9874349815087812,0.9855530613438523
in1k.floorssl.s0.e27v10u.extL,in1k.pairs100.v1@audit_v1.o8,student.h.cls~student.z.proj.out,406,0.9722574814611419,0.9672364163828194,0.024132921895269013,1.1225841614429555,0.9655303041691352,0.9649017983677451
in1k.floorssl.s0.e27v10u.extL,in1k.pairs100.v1@audit_v1.o8,student.h.cls~student.z.proj.out,407,0.84453483265532,0.8301486664325445,0.03025702805204735,1.0040941407974942,0.7266901584013744,0.7291077926187729
in1k.floorssl.s0.e27v10u.extL,in1k.pairs100.v1@audit_v1.o8,student.h.cls~student.z.proj.out,408,1.0852980508031749,1.0998058410914313,0.006070560139541531,1.177719640508104,1.1900576848953721,1.1879767316571521
in1k.floorssl.s0.e27v10u.extL,in1k.pairs100.v1@audit_v1.o8,student.h.cls~student.z.proj.out,409,0.9387914013876998,0.945484973818335,0.011714317142842403,1.053717672864614,0.8890107495624741,0.8927917443388088
in1k.floorssl.s0.e27v10u.extL,in1k.pairs100.v1@audit_v1.o8,student.h.cls~student.z.proj.out,410,0.9987589608945779,1.0550913351798907,0.02725495094373511,1.220182070667183,1.0404759902100709,1.0317343238299463
in1k.floorssl.s0.e27v10u.extL,in1k.pairs100.v1@audit_v1.o8,student.h.cls~student.z.proj.out,411,0.9916566955248084,0.9950836864580633,0.005881946479673394,1.0717775354922159,0.9905410173726563,0.9914084663491788
in1k.floorssl.s0.e27v10u.extL,in1k.pairs100.v1@audit_v1.o8,student.h.cls~student.z.proj.out,412,1.0232225753621031,1.0288039208432516,0.003952719762993764,1.091674579842452,1.0522751686594478,1.054837137362283
in1k.floorssl.s0.e27v10u.extL,in1k.pairs100.v1@audit_v1.o8,student.h.cls~student.z.proj.out,413,0.8837780957274176,0.9011672482202544,0.009795959152206112,1.000141786118676,0.7927809946229575,0.8006533898746012
in1k.floorssl.s0.e27v10u.extL,in1k.pairs100.v1@audit_v1.o8,student.h.cls~student.z.proj.out,414,0.9242300847350533,0.9320936819632079,0.030101655610002782,1.1055919690152787,0.8698460508199931,0.8816046287638123
in1k.floorssl.s0.e27v10u.extL,in1k.pairs100.v1@audit_v1.o8,student.h.cls~student.z.proj.out,415,1.0598262409644614,1.0618356794205996,0.007175274528336109,1.1465426716251166,1.1285410211453595,1.1314205011415734
in1k.floorssl.s0.e27v10u.extL,in1k.pairs100.v1@audit_v1.o8,student.h.cls~student.z.proj.out,416,1.0166045382200946,1.0267663511659368,0.012964819129844329,1.1406295108350955,1.0468994837173942,1.046558994822847
in1k.floorssl.s0.e27v10u.extL,in1k.pairs100.v1@audit_v1.o8,student.h.cls~student.z.proj.out,417,0.9105462202396392,0.9418786185230572,0.05754330834901549,1.1817604818412653,0.873914483982119,0.8723766745896747
in1k.floorssl.s0.e27v10u.extL,in1k.pairs100.v1@audit_v1.o8,student.h.cls~student.z.proj.out,418,1.082239762679436,1.0876344590429023,0.007913697949197544,1.176593426826918,1.1778433786310596,1.1793048349627149
in1k.floorssl.s0.e27v10u.extL,in1k.pairs100.v1@audit_v1.o8,student.h.cls~student.z.proj.out,419,0.9187338852060473,0.9195748818247039,0.0015431498749289298,0.9588578281873297,0.8452915134108234,0.848488471839576
in1k.floorssl.s0.e27v10u.extL,in1k.pairs100.v1@audit_v1.o8,student.h.cls~student.z.proj.out,420,0.9255647926374603,0.9338003971008664,0.006074152364520831,1.0117372456676441,0.8634955784627407,0.866105939117593
in1k.floorssl.s0.e27v10u.extL,in1k.pairs100.v1@audit_v1.o8,student.h.cls~student.z.proj.out,421,1.0471376669390935,1.0541549590836579,0.0016487939332173395,1.0947603027371395,1.1020021136780906,1.1032678886240517
in1k.floorssl.s0.e27v10u.extL,in1k.pairs100.v1@audit_v1.o8,student.h.cls~student.z.proj.out,422,1.2223477120226436,1.251193256541628,0.028106286780956093,1.4188425535307776,1.5399474722030464,1.5165028838926098
in1k.floorssl.s0.e27v10u.extL,in1k.pairs100.v1@audit_v1.o8,student.h.cls~student.z.proj.out,423,0.8941042980617001,0.9129455607125716,0.006651506441020174,0.9945023289235556,0.8101424184033854,0.8180808451438251
in1k.floorssl.s0.e27v10u.extL,in1k.pairs100.v1@audit_v1.o8,student.h.cls~student.z.proj.out,424,0.9861947514914965,0.9894193801787787,0.004477813458606619,1.0563358464528327,0.9763705499705722,0.9802406542194019
in1k.floorssl.s0.e27v10u.extL,in1k.pairs100.v1@audit_v1.o8,student.h.cls~student.z.proj.out,425,0.8887004896363356,0.9044250193883002,0.03343649971185902,1.0872815197153574,0.8184392766393384,0.823850630177478
in1k.floorssl.s0.e27v10u.extL,in1k.pairs100.v1@audit_v1.o8,student.h.cls~student.z.proj.out,426,0.9306033640458214,0.9179578211885793,0.039619141133238535,1.1170033967064454,0.8864783427779525,0.89183453315041
in1k.floorssl.s0.e27v10u.extL,in1k.pairs100.v1@audit_v1.o8,student.h.cls~student.z.proj.out,427,0.905292157650669,0.9165112214120296,0.025713456236166266,1.0768653801861825,0.8371243623048596,0.8427579579080196
in1k.floorssl.s0.e27v10u.extL,in1k.pairs100.v1@audit_v1.o8,student.h.cls~student.z.proj.out,428,0.9110279615977808,0.915937612997242,0.0030993147673709187,0.9716091027147887,0.833891282358428,0.8373280967870974
in1k.floorssl.s0.e27v10u.extL,in1k.pairs100.v1@audit_v1.o8,student.h.cls~student.z.proj.out,429,1.0302856670078333,1.0487624594832206,0.024280462666469212,1.2045843535368779,1.0929941236093614,1.0817715901276048
in1k.floorssl.s0.e27v10u.extL,in1k.pairs100.v1@audit_v1.o8,student.h.cls~student.z.proj.out,430,0.8246050827377565,0.8241162988701647,0.05078945165886367,1.0494814506990657,0.6990598471885398,0.7117698141035324
in1k.floorssl.s0.e27v10u.extL,in1k.pairs100.v1@audit_v1.o8,student.h.cls~student.z.proj.out,431,1.0304005924427262,1.0341326752743667,0.02461540820338375,1.1910256585571883,1.0910605762222232,1.0836866985290896
in1k.floorssl.s0.e27v10u.extL,in1k.pairs100.v1@audit_v1.o8,student.h.cls~student.z.proj.out,432,0.9568890047489791,0.9635993384794985,0.0049425268544503,1.0339024454837433,0.9211118725676772,0.924210963229565
in1k.floorssl.s0.e27v10u.extL,in1k.pairs100.v1@audit_v1.o8,student.h.cls~student.z.proj.out,433,0.9567687638357532,0.963340833325403,0.00695059527827166,1.0467110634934411,0.9213565763333479,0.924243041745592
in1k.floorssl.s0.e27v10u.extL,in1k.pairs100.v1@audit_v1.o8,student.h.cls~student.z.proj.out,434,0.6780176256111652,0.6745107328966964,0.009237447122398731,0.770622371746519,0.4580089311810312,0.4735238201838519
in1k.floorssl.s0.e27v10u.extL,in1k.pairs100.v1@audit_v1.o8,student.h.cls~student.z.proj.out,435,1.0420876895417877,1.0628744528102931,0.005882787961349973,1.1395737876271608,1.1004839939217375,1.0983433382222
in1k.floorssl.s0.e27v10u.extL,in1k.pairs100.v1@audit_v1.o8,student.h.cls~student.z.proj.out,436,0.8807065175522922,0.8824063637478659,0.01418519286489016,1.0015079710623356,0.7768606703796725,0.7844655518813558
in1k.floorssl.s0.e27v10u.extL,in1k.pairs100.v1@audit_v1.o8,student.h.cls~student.z.proj.out,437,0.9615506362332605,0.9941425532802469,0.016827294946940456,1.123862617059681,0.9470843155963287,0.9482477761780553
in1k.floorssl.s0.e27v10u.extL,in1k.pairs100.v1@audit_v1.o8,student.h.cls~student.z.proj.out,438,0.9374302411383847,0.943024484157339,0.018198819254284754,1.0779274835839074,0.8886926527982412,0.8932964663679582
in1k.floorssl.s0.e27v10u.extL,in1k.pairs100.v1@audit_v1.o8,student.h.cls~student.z.proj.out,439,0.8623828145771364,0.8945789433679058,0.03608261759943858,1.0845331947007955,0.7771378518439106,0.7754930477016768
in1k.floorssl.s0.e27v10u.extL,in1k.pairs100.v1@audit_v1.o8,student.h.cls~student.z.proj.out,440,0.8528183462884543,0.8609829691909273,0.020274062149618445,1.0033699845737158,0.7394223779527027,0.7447152288236979
in1k.floorssl.s0.e27v10u.extL,in1k.pairs100.v1@audit_v1.o8,student.h.cls~student.z.proj.out,441,0.9523779833543636,0.9570480066410507,0.01578137758489615,1.0826719597109018,0.9129487861197807,0.9197930520175068
in1k.floorssl.s0.e27v10u.extL,in1k.pairs100.v1@audit_v1.o8,student.h.cls~student.z.proj.out,442,0.9553086912704246,0.9559130914362359,0.012103147459318342,1.0659273971392595,0.9211669194395129,0.9236752430189378
in1k.floorssl.s0.e27v10u.extL,in1k.pairs100.v1@audit_v1.o8,student.h.cls~student.z.proj.out,443,1.0710154111044483,1.0779060097324502,0.012483481105742506,1.1896355094437732,1.1639882452681385,1.161734126331084
in1k.floorssl.s0.e27v10u.extL,in1k.pairs100.v1@audit_v1.o8,student.h.cls~student.z.proj.out,444,0.9400313373562775,0.9496875899829627,0.03456537450366367,1.1356052451522973,0.9066139107864309,0.9119532868481259
in1k.floorssl.s0.e27v10u.extL,in1k.pairs100.v1@audit_v1.o8,student.h.cls~student.z.proj.out,445,1.0336346726555057,1.02899770089827,0.015136541696466206,1.1520283543813195,1.084742919376853,1.0812892998642933
in1k.floorssl.s0.e27v10u.extL,in1k.pairs100.v1@audit_v1.o8,student.h.cls~student.z.proj.out,446,1.0059580346766062,1.0126577973911748,0.002156610581200216,1.0590971188892353,1.0161208963618165,1.0192406428748868
in1k.floorssl.s0.e27v10u.extL,in1k.pairs100.v1@audit_v1.o8,student.h.cls~student.z.proj.out,447,1.028379668929557,1.0323794161103637,0.004837468430021336,1.1019313278743212,1.061311276587607,1.0649244743252344
in1k.floorssl.s0.e27v10u.extL,in1k.pairs100.v1@audit_v1.o8,student.h.cls~student.z.proj.out,448,0.9914487790469679,1.0203664293401373,0.006539179113371878,1.1012316203271861,1.0017508802329778,1.0031291985975532
in1k.floorssl.s0.e27v10u.extL,in1k.pairs100.v1@audit_v1.o8,student.h.cls~student.z.proj.out,449,0.8677950184424051,0.8840229584799764,0.01675041126351234,1.0134463383752346,0.7707370517558438,0.7748871613478252
in1k.floorssl.s0.e27v10u.extL,in1k.pairs100.v1@audit_v1.o8,student.h.cls~student.z.proj.out,450,0.8997783992240684,0.9451235696883621,0.03917942202942422,1.143061494375432,0.8484104147491902,0.8493880191478717
in1k.floorssl.s0.e27v10u.extL,in1k.pairs100.v1@audit_v1.o8,student.h.cls~student.z.proj.out,451,0.9939382924207552,1.0248817508037271,0.02295483405647468,1.176390278802895,1.0182996609921553,1.0169980742360683
in1k.floorssl.s0.e27v10u.extL,in1k.pairs100.v1@audit_v1.o8,student.h.cls~student.z.proj.out,452,0.9431654524481345,0.9456655162333361,0.0030945036523091747,1.001293779304451,0.8929824580839488,0.8961321427923545
in1k.floorssl.s0.e27v10u.extL,in1k.pairs100.v1@audit_v1.o8,student.h.cls~student.z.proj.out,453,1.0251063367002855,1.0367940659807198,0.032729868931839955,1.2177080481154348,1.0854327284187408,1.0760874373639477
in1k.floorssl.s0.e27v10u.extL,in1k.pairs100.v1@audit_v1.o8,student.h.cls~student.z.proj.out,454,0.9666638075430346,0.9691867402402093,0.016003091349895058,1.0956900656901558,0.9459017873966064,0.9500344040537958
in1k.floorssl.s0.e27v10u.extL,in1k.pairs100.v1@audit_v1.o8,student.h.cls~student.z.proj.out,455,0.9069387356809937,0.9288353587991458,0.023695364361542032,1.0827683453924748,0.8448961495269078,0.8472824613587729
in1k.floorssl.s0.e27v10u.extL,in1k.pairs100.v1@audit_v1.o8,student.h.cls~student.z.proj.out,456,0.9909689862020343,0.9960219177082993,0.0017291317514902817,1.0376047477164922,0.9852331894417599,0.9875168004234127
in1k.floorssl.s0.e27v10u.extL,in1k.pairs100.v1@audit_v1.o8,student.h.cls~student.z.proj.out,457,0.9359333760837419,0.9383285748853646,0.0026637814802778553,0.9899404095773987,0.877352241499448,0.8813267767841994
in1k.floorssl.s0.e27v10u.extL,in1k.pairs100.v1@audit_v1.o8,student.h.cls~student.z.proj.out,458,0.7686173500051577,0.7739660704840243,0.09010705977974091,1.0741444504179245,0.6219610902338738,0.6385002188468324
in1k.floorssl.s0.e27v10u.extL,in1k.pairs100.v1@audit_v1.o8,student.h.cls~student.z.proj.out,459,0.8787217596624772,0.8763429611829348,0.012377447128547058,0.9875969369705311,0.7822839316833538,0.7844893509577578
in1k.floorssl.s0.e27v10u.extL,in1k.pairs100.v1@audit_v1.o8,student.h.cls~student.z.proj.out,460,0.8771917582997031,0.8805029575127271,0.01143511216390236,0.9874380413902945,0.7751061090414981,0.7830498165740928
in1k.floorssl.s0.e27v10u.extL,in1k.pairs100.v1@audit_v1.o8,student.h.cls~student.z.proj.out,461,0.9067709326587108,0.9186663110108745,0.02385689878615222,1.073123097155583,0.8398273390476602,0.8456034476703206
in1k.floorssl.s0.e27v10u.extL,in1k.pairs100.v1@audit_v1.o8,student.h.cls~student.z.proj.out,462,0.793494520918466,0.7949965566362155,0.009216936495699674,0.8910014340940805,0.6312376983898792,0.6477879390338007
in1k.floorssl.s0.e27v10u.extL,in1k.pairs100.v1@audit_v1.o8,student.h.cls~student.z.proj.out,463,0.8810065227825202,0.883105765794777,0.0026344022501005268,0.9344321941733474,0.7774924640655735,0.7811279757834426
in1k.floorssl.s0.e27v10u.extL,in1k.pairs100.v1@audit_v1.o8,student.h.cls~student.z.proj.out,464,0.9881938094858294,0.9926161307379799,0.0029370364009916996,1.046810562195388,0.9802191158160795,0.9835073443356103
in1k.floorssl.s0.e27v10u.extL,in1k.pairs100.v1@audit_v1.o8,student.h.cls~student.z.proj.out,465,0.85078030883053,0.8721202025643308,0.025518043419727493,1.03186388293926,0.7444216495816021,0.750637709299182
in1k.floorssl.s0.e27v10u.extL,in1k.pairs100.v1@audit_v1.o8,student.h.cls~student.z.proj.out,466,0.6452382538515739,0.679812731364852,0.10686865481213527,1.0067204474134874,0.46107789205719446,0.4790329160947208
in1k.floorssl.s0.e27v10u.extL,in1k.pairs100.v1@audit_v1.o8,student.h.cls~student.z.proj.out,467,0.9314074003836488,0.9456370261691744,0.030138081369727586,1.1192402558906505,0.9007260559219388,0.8989059052891679
in1k.floorssl.s0.e27v10u.extL,in1k.pairs100.v1@audit_v1.o8,student.h.cls~student.z.proj.out,468,1.1155722911192423,1.1206849557694518,0.0041003947645725045,1.1847192806630003,1.2518973353981198,1.2516955732470638
in1k.floorssl.s0.e27v10u.extL,in1k.pairs100.v1@audit_v1.o8,student.h.cls~student.z.proj.out,469,1.017475430453116,1.0190328401917021,0.007069301029197915,1.103111975708178,1.0413680911672738,1.0444498437942769
in1k.floorssl.s0.e27v10u.extL,in1k.pairs100.v1@audit_v1.o8,student.h.cls~student.z.proj.out,470,0.8634751226618097,0.8652797639654545,0.0034121848491955073,0.9236936736890426,0.7468222648142773,0.7525431825910824
in1k.floorssl.s0.e27v10u.extL,in1k.pairs100.v1@audit_v1.o8,student.h.cls~student.z.proj.out,471,1.0580517293673037,1.0846449980967572,0.009242985705595628,1.1807854459092966,1.1443700253550413,1.1359374643267035
in1k.floorssl.s0.e27v10u.extL,in1k.pairs100.v1@audit_v1.o8,student.h.cls~student.z.proj.out,472,0.899999077148583,0.9195425858140702,0.027857064010083695,1.086446941689175,0.8370564891275887,0.8365568591715848
in1k.floorssl.s0.e27v10u.extL,in1k.pairs100.v1@audit_v1.o8,student.h.cls~student.z.proj.out,473,1.1917875324341296,1.193425523708412,0.0010351191893310803,1.2255987919497808,1.4222967604188717,1.4239854211239789
in1k.floorssl.s0.e27v10u.extL,in1k.pairs100.v1@audit_v1.o8,student.h.cls~student.z.proj.out,474,0.8967764413644717,0.9046622534593233,0.015693971114378622,1.029937834137996,0.8192131304966933,0.8212220730090765
in1k.floorssl.s0.e27v10u.extL,in1k.pairs100.v1@audit_v1.o8,student.h.cls~student.z.proj.out,475,0.6744049738774966,0.7383304011294448,0.08435505824156267,1.028769823800615,0.4983821572515333,0.5235608312968103
in1k.floorssl.s0.e27v10u.extL,in1k.pairs100.v1@audit_v1.o8,student.h.cls~student.z.proj.out,476,0.7941051317488718,0.8697700486774911,0.09790719929082255,1.1826713099258641,0.7074799519077156,0.7025070756382353
in1k.floorssl.s0.e27v10u.extL,in1k.pairs100.v1@audit_v1.o8,student.h.cls~student.z.proj.out,477,0.8916948172829404,0.9165400679890099,0.039791575725647496,1.1160183267683754,0.8167963474882085,0.8333315504287686
in1k.floorssl.s0.e27v10u.extL,in1k.pairs100.v1@audit_v1.o8,student.h.cls~student.z.proj.out,478,0.972025179293697,0.9746369989395223,0.016787133141307867,1.1042021684153804,0.9571440873939828,0.9602909233874299
in1k.floorssl.s0.e27v10u.extL,in1k.pairs100.v1@audit_v1.o8,student.h.cls~student.z.proj.out,479,0.8179966894624389,0.8259746308623451,0.05951364946085398,1.0699288262779068,0.6886584866023562,0.7060638917879863
in1k.floorssl.s0.e27v10u.extL,in1k.pairs100.v1@audit_v1.o8,student.h.cls~student.z.proj.out,480,0.828825298871076,0.8344836842381708,0.017757047650366328,0.9677392569185144,0.6929756002924968,0.7080727824675133
in1k.floorssl.s0.e27v10u.extL,in1k.pairs100.v1@audit_v1.o8,student.h.cls~student.z.proj.out,481,0.8580662805481073,0.8611422224880728,0.00753785068494309,0.9479630188731734,0.7389975588118748,0.7500531830384555
in1k.floorssl.s0.e27v10u.extL,in1k.pairs100.v1@audit_v1.o8,student.h.cls~student.z.proj.out,482,1.0512505570691209,1.0589884417102222,0.009847038637525455,1.1582206876664911,1.1132531484904116,1.1145675292384216
in1k.floorssl.s0.e27v10u.extL,in1k.pairs100.v1@audit_v1.o8,student.h.cls~student.z.proj.out,483,1.0247081706099828,1.0475358808057507,0.02797405215371036,1.214790334120783,1.0862472114583244,1.0783919356535745
in1k.floorssl.s0.e27v10u.extL,in1k.pairs100.v1@audit_v1.o8,student.h.cls~student.z.proj.out,484,0.8935232354166059,0.8979469331631217,0.016568750033189087,1.0266665899106018,0.8112048447468867,0.8158915321236516
in1k.floorssl.s0.e27v10u.extL,in1k.pairs100.v1@audit_v1.o8,student.h.cls~student.z.proj.out,485,0.7778048060949188,0.7775028049529003,0.013929678622242963,0.8955268644587611,0.6057947642411563,0.6170677746519089
in1k.floorssl.s0.e27v10u.extL,in1k.pairs100.v1@audit_v1.o8,student.h.cls~student.z.proj.out,486,0.9044191121382446,0.925577789695056,0.01020609656901081,1.0266030170841136,0.8327186716121421,0.8337881217648727
in1k.floorssl.s0.e27v10u.extL,in1k.pairs100.v1@audit_v1.o8,student.h.cls~student.z.proj.out,487,0.9550462561247516,0.9608487190928584,0.010680336697273616,1.064194433552983,0.917925517381397,0.9220377873822677
in1k.floorssl.s0.e27v10u.extL,in1k.pairs100.v1@audit_v1.o8,student.h.cls~student.z.proj.out,488,0.8793598273589501,0.883622880621864,0.011965340803989907,0.9930090808666385,0.7792684203053099,0.7891823119394802
in1k.floorssl.s0.e27v10u.extL,in1k.pairs100.v1@audit_v1.o8,student.h.cls~student.z.proj.out,489,0.8895380488511269,0.8912262608583311,0.02080462098046443,1.035464331354523,0.8088786426368371,0.8104082279307977
in1k.floorssl.s0.e27v10u.extL,in1k.pairs100.v1@audit_v1.o8,student.h.cls~student.z.proj.out,490,0.941062234392038,0.9658719209163384,0.032358782295253144,1.145757390855556,0.9161006780090668,0.9193965599462971
in1k.floorssl.s0.e27v10u.extL,in1k.pairs100.v1@audit_v1.o8,student.h.cls~student.z.proj.out,491,0.9537453716090568,0.9590513765722513,0.005578539382012789,1.033740996881989,0.912035151650689,0.9179063577058574
in1k.floorssl.s0.e27v10u.extL,in1k.pairs100.v1@audit_v1.o8,student.h.cls~student.z.proj.out,492,1.2564130659599841,1.2676528083483942,0.009080203716574968,1.36294291127926,1.596403990012004,1.589603902063325
in1k.floorssl.s0.e27v10u.extL,in1k.pairs100.v1@audit_v1.o8,student.h.cls~student.z.proj.out,493,0.8041490287692054,0.7828803838940153,0.07183829076076838,1.0509070444350301,0.6775850765280818,0.6848549826242868
in1k.floorssl.s0.e27v10u.extL,in1k.pairs100.v1@audit_v1.o8,student.h.cls~student.z.proj.out,494,0.7804523102782993,0.7817003728573643,0.007845011290397502,0.8702724411994636,0.6098214046194231,0.6184264211914691
in1k.floorssl.s0.e27v10u.extL,in1k.pairs100.v1@audit_v1.o8,student.h.cls~student.z.proj.out,495,0.9618507939849453,0.9664923586821476,0.02589917747884142,1.12742457260727,0.949264830038588,0.9449887187013801
in1k.floorssl.s0.e27v10u.extL,in1k.pairs100.v1@audit_v1.o8,student.h.cls~student.z.proj.out,496,0.816862123670855,0.8231266887283919,0.010805040081741515,0.9270739834586614,0.6705651197776211,0.684848604218174
in1k.floorssl.s0.e27v10u.extL,in1k.pairs100.v1@audit_v1.o8,student.h.cls~student.z.proj.out,497,1.0518924902670066,1.0597513174929563,0.010618633096113522,1.1627980694850182,1.1174184361376518,1.1191614426104834
in1k.floorssl.s0.e27v10u.extL,in1k.pairs100.v1@audit_v1.o8,student.h.cls~student.z.proj.out,498,0.8937470500338053,0.903630057480557,0.024366557550776498,1.0597279676228024,0.8220115467890032,0.8228135488946151
in1k.floorssl.s0.e27v10u.extL,in1k.pairs100.v1@audit_v1.o8,student.h.cls~student.z.proj.out,499,1.0296642357677666,1.0349722511200237,0.0017664454275693388,1.0770013532704306,1.0637404025008723,1.0645205763025674
in1k.floorssl.s0.e27v10u.extL,in1k.pairs100.v1@audit_v1.o8,student.h.cls~student.z.proj.out,500,0.6706028590169325,0.7115280181326391,0.08765265829066009,1.0075899344451904,0.49498636242673105,0.5198832990709047
in1k.floorssl.s0.e27v10u.extL,in1k.pairs100.v1@audit_v1.o8,student.h.cls~student.z.proj.out,501,0.8778273502088573,0.8831096867037432,0.005666533927452657,0.9583860703008095,0.7766416955525325,0.78054867969178
in1k.floorssl.s0.e27v10u.extL,in1k.pairs100.v1@audit_v1.o8,student.h.cls~student.z.proj.out,502,0.9480637361505574,0.9527064323755232,0.00475266498794571,1.021646007279534,0.9017084518153904,0.9067071000600151
in1k.floorssl.s0.e27v10u.extL,in1k.pairs100.v1@audit_v1.o8,student.h.cls~student.z.proj.out,503,0.9687893762009235,0.9703669329262975,0.009722865223709565,1.0689715232033712,0.9463156268127706,0.9488171025619939
in1k.floorssl.s0.e27v10u.extL,in1k.pairs100.v1@audit_v1.o8,student.h.cls~student.z.proj.out,504,0.978421582543044,0.9819212796451512,0.009648477321219203,1.080147942630408,0.9616073265057542,0.9667608642954943
in1k.floorssl.s0.e27v10u.extL,in1k.pairs100.v1@audit_v1.o8,student.h.cls~student.z.proj.out,505,0.9751009195565876,0.9853380160566605,0.0034485456395645527,1.0440623350358071,0.9575469684215194,0.9579167919785907
in1k.floorssl.s0.e27v10u.extL,in1k.pairs100.v1@audit_v1.o8,student.h.cls~student.z.proj.out,506,0.9464543848555959,0.9468043831961998,0.02001870919688075,1.0882918709711997,0.9080363776748434,0.9117781492864383
in1k.floorssl.s0.e27v10u.extL,in1k.pairs100.v1@audit_v1.o8,student.h.cls~student.z.proj.out,507,1.2072241552429062,1.215520102673798,0.002152589995381426,1.2619161153837435,1.4636317301433293,1.4629550468282264
in1k.floorssl.s0.e27v10u.extL,in1k.pairs100.v1@audit_v1.o8,student.h.cls~student.z.proj.out,508,0.7400859243671811,0.7430789575742999,0.039546100774777423,0.9419409719832297,0.5620076061645403,0.5748073718810561
in1k.floorssl.s0.e27v10u.extL,in1k.pairs100.v1@audit_v1.o8,student.h.cls~student.z.proj.out,509,0.8747087963591103,0.8717664845131293,0.017472188684547783,1.0039488913778396,0.7750608599513059,0.7825159312817953
in1k.floorssl.s0.e27v10u.extL,in1k.pairs100.v1@audit_v1.o8,student.h.cls~student.z.proj.out,510,0.7260968826723747,0.7253676052026202,0.033807893728694076,0.9092368351697195,0.5349130846677623,0.5567250358898307
in1k.floorssl.s0.e27v10u.extL,in1k.pairs100.v1@audit_v1.o8,student.h.cls~student.z.proj.out,511,1.0740424175733667,1.0760975180332693,0.012921257997429424,1.1897692295424633,1.1627142218677722,1.1629121972718757
in1k.floorssl.s0.e27v10u.extL,in1k.pairs100.v1@audit_v1.o8,student.h.cls~student.z.proj.out,512,0.9161674908707715,0.9183921748693874,0.0026634785630546575,0.9700010749066355,0.8407707959330563,0.8446368219675711
in1k.floorssl.s0.e27v10u.extL,in1k.pairs100.v1@audit_v1.o8,student.h.cls~student.z.proj.out,513,0.8210968364710349,0.8315976002302784,0.012611844316653312,0.9439000682203156,0.684502370200548,0.6875235883716312
in1k.floorssl.s0.e27v10u.extL,in1k.pairs100.v1@audit_v1.o8,student.h.cls~student.z.proj.out,514,0.803536768754953,0.8193979494773194,0.017567197179963433,0.9519392531526772,0.6540693762643035,0.6703367388750655
in1k.floorssl.s0.e27v10u.extL,in1k.pairs100.v1@audit_v1.o8,student.h.cls~student.z.proj.out,515,1.013718972460998,1.0158681660969537,0.0011083652598713363,1.049160286183715,1.0294111260981131,1.0317100465232372
in1k.floorssl.s0.e27v10u.extL,in1k.pairs100.v1@audit_v1.o8,student.h.cls~student.z.proj.out,516,0.9115852555551431,0.9140391843277852,0.007358964175544781,0.9998235895279425,0.8370244781402937,0.8402293943656393
in1k.floorssl.s0.e27v10u.extL,in1k.pairs100.v1@audit_v1.o8,student.h.cls~student.z.proj.out,517,1.12561840193061,1.1559408805827647,0.009047824029501137,1.251060931200398,1.2916312081103987,1.2823472020549234
in1k.floorssl.s0.e27v10u.extL,in1k.pairs100.v1@audit_v1.o8,student.h.cls~student.z.proj.out,518,0.9829368223331968,0.9968163355228089,0.013425022993777474,1.1126827370108048,0.9789265456721783,0.9834538671697389
in1k.floorssl.s0.e27v10u.extL,in1k.pairs100.v1@audit_v1.o8,student.h.cls~student.z.proj.out,519,0.8092240183917753,0.8144254124212813,0.01385246844724283,0.9321219223408317,0.6609913731287863,0.6707316523767343
in1k.floorssl.s0.e27v10u.extL,in1k.pairs100.v1@audit_v1.o8,student.h.cls~student.z.proj.out,520,0.9448361320819307,0.953305095922801,0.04353107963547098,1.16194612648839,0.9320041477153023,0.9271844891754998
in1k.floorssl.s0.e27v10u.extL,in1k.pairs100.v1@audit_v1.o8,student.h.cls~student.z.proj.out,521,1.013527569816429,1.0188391527819602,0.007100301348568931,1.1031024386695218,1.0338379128231927,1.0372868896937562
in1k.floorssl.s0.e27v10u.extL,in1k.pairs100.v1@audit_v1.o8,student.h.cls~student.z.proj.out,522,0.8771453315201841,0.878816246502356,0.007394030447819668,0.9648047948551435,0.7718641789618279,0.7805757200561548
in1k.floorssl.s0.e27v10u.extL,in1k.pairs100.v1@audit_v1.o8,student.h.cls~student.z.proj.out,523,0.9539685282209267,0.9572834698814989,0.0016389593244584043,0.9977675324797413,0.9119749431638229,0.914800704973098
in1k.floorssl.s0.e27v10u.extL,in1k.pairs100.v1@audit_v1.o8,student.h.cls~student.z.proj.out,524,0.8916593162773409,0.9113218216897464,0.03864802814709084,1.1079128391526276,0.8271021025477243,0.8305487377022082
in1k.floorssl.s0.e27v10u.extL,in1k.pairs100.v1@audit_v1.o8,student.h.cls~student.z.proj.out,525,0.7769608399769695,0.7963959030576804,0.02723184034421056,0.9614166300716241,0.6196223507638523,0.6458875490286013
in1k.floorssl.s0.e27v10u.extL,in1k.pairs100.v1@audit_v1.o8,student.h.cls~student.z.proj.out,526,0.8952200763056453,0.894713108039582,0.00833093901279668,0.9859870857813058,0.8069263850652808,0.8124772315951512
in1k.floorssl.s0.e27v10u.extL,in1k.pairs100.v1@audit_v1.o8,student.h.cls~student.z.proj.out,527,0.9428332178373311,0.9396043025099067,0.015510662613153921,1.0641461132127945,0.9002404051212372,0.9037530069800193
in1k.floorssl.s0.e27v10u.extL,in1k.pairs100.v1@audit_v1.o8,student.h.cls~student.z.proj.out,528,0.7958472879347611,0.8198384842027961,0.061679873929479066,1.0681928156115297,0.6588299954170193,0.6796331262843143
in1k.floorssl.s0.e27v10u.extL,in1k.pairs100.v1@audit_v1.o8,student.h.cls~student.z.proj.out,529,0.9773589263099045,0.9763720178116931,0.013245735419783362,1.0914621365004118,0.9608476484067949,0.966750904212651
in1k.floorssl.s0.e27v10u.extL,in1k.pairs100.v1@audit_v1.o8,student.h.cls~student.z.proj.out,530,0.8567098140516137,0.8799617240103598,0.019105650625081887,1.0181849153534983,0.7512328527875549,0.7602657081757312
in1k.floorssl.s0.e27v10u.extL,in1k.pairs100.v1@audit_v1.o8,student.h.cls~student.z.proj.out,531,0.9362119051975883,0.9598830993251765,0.02118510045187976,1.1054341228594675,0.8945140917471586,0.8978639843938342
in1k.floorssl.s0.e27v10u.extL,in1k.pairs100.v1@audit_v1.o8,student.h.cls~student.z.proj.out,532,0.9705541676902796,0.9862784955690316,0.021424311048207207,1.1326489538186633,0.9640669792205663,0.966125539616243
in1k.floorssl.s0.e27v10u.extL,in1k.pairs100.v1@audit_v1.o8,student.h.cls~student.z.proj.out,533,0.8697231387300521,0.8543070346327227,0.04813933945620904,1.0737138245372493,0.7843433679438131,0.7869035249599817
in1k.floorssl.s0.e27v10u.extL,in1k.pairs100.v1@audit_v1.o8,student.h.cls~student.z.proj.out,534,0.9886961043808465,1.0018556407596797,0.005193383761796472,1.0739207763093785,0.9878727878130994,0.988403507164351
in1k.floorssl.s0.e27v10u.extL,in1k.pairs100.v1@audit_v1.o8,student.h.cls~student.z.proj.out,535,0.8613838680660882,0.8664997602525538,0.04299587814799218,1.0738542348799227,0.7743223295341949,0.7727307626392373
in1k.floorssl.s0.e27v10u.extL,in1k.pairs100.v1@audit_v1.o8,student.h.cls~student.z.proj.out,536,0.7943419862753496,0.7940329586416773,0.013700888520708781,0.9110837532596926,0.6372147018306324,0.6432742454916338
in1k.floorssl.s0.e27v10u.extL,in1k.pairs100.v1@audit_v1.o8,student.h.cls~student.z.proj.out,537,0.8602278389088013,0.8634975446608854,0.028647694635014008,1.032753843317727,0.7705561922065248,0.7732265396306099
in1k.floorssl.s0.e27v10u.extL,in1k.pairs100.v1@audit_v1.o8,student.h.cls~student.z.proj.out,538,0.921584127796898,0.9273576059104871,0.0126732617861688,1.039933188459141,0.8564832687681418,0.8624870296959275
in1k.floorssl.s0.e27v10u.extL,in1k.pairs100.v1@audit_v1.o8,student.h.cls~student.z.proj.out,539,0.8935892036512145,0.9042676148412386,0.017582210267715302,1.0368655419280348,0.8075574716121494,0.823368526006829
in1k.floorssl.s0.e27v10u.extL,in1k.pairs100.v1@audit_v1.o8,student.h.cls~student.z.proj.out,540,0.8591595292223922,0.8763175957346797,0.044498917117924065,1.0872652601396786,0.7580059751977949,0.7774281110077574
in1k.floorssl.s0.e27v10u.extL,in1k.pairs100.v1@audit_v1.o8,student.h.cls~student.z.proj.out,541,0.9375204381060314,0.9503712110717282,0.002972299874052003,1.0048900140121084,0.886570860312314,0.889890613899716
in1k.floorssl.s0.e27v10u.extL,in1k.pairs100.v1@audit_v1.o8,student.h.cls~student.z.proj.out,542,1.03457994981878,1.0372915261695277,0.0016332919274980881,1.077705532745195,1.0719549993205422,1.073900021753209
in1k.floorssl.s0.e27v10u.extL,in1k.pairs100.v1@audit_v1.o8,student.h.cls~student.z.proj.out,543,1.033550924480331,1.0375446389120304,0.002931252590897282,1.0916856824085985,1.070356619365383,1.074534947818464
in1k.floorssl.s0.e27v10u.extL,in1k.pairs100.v1@audit_v1.o8,student.h.cls~student.z.proj.out,544,0.8716804571434491,0.8693195526234652,0.017768040416085533,1.002616365849009,0.7662055484287736,0.7746795028043648
in1k.floorssl.s0.e27v10u.extL,in1k.pairs100.v1@audit_v1.o8,student.h.cls~student.z.proj.out,545,1.007348911135458,1.0265801475994087,0.02427605564113403,1.1823878997850237,1.0441019156299285,1.0360611218143823
in1k.floorssl.s0.e27v10u.extL,in1k.pairs100.v1@audit_v1.o8,student.h.cls~student.z.proj.out,546,0.9449214594650807,0.9485770716075506,0.017349351117553022,1.0802940071836298,0.9067526190287754,0.9090158187442043
in1k.floorssl.s0.e27v10u.extL,in1k.pairs100.v1@audit_v1.o8,student.h.cls~student.z.proj.out,547,0.7883937480823647,0.7704538404284456,0.04092641351036338,0.9727566172516108,0.6438837998437187,0.6511098486284405
in1k.floorssl.s0.e27v10u.extL,in1k.pairs100.v1@audit_v1.o8,student.h.cls~student.z.proj.out,548,0.8820842212693125,0.8822133097628221,0.03662215636530819,1.073582472287269,0.8062946224563999,0.8070670824671292
in1k.floorssl.s0.e27v10u.extL,in1k.pairs100.v1@audit_v1.o8,student.h.cls~student.z.proj.out,549,0.8876131159411795,0.8902829095938704,0.004582388343378984,0.9579762500593769,0.791774720244825,0.7975355289303199
in1k.floorssl.s0.e27v10u.extL,in1k.pairs100.v1@audit_v1.o8,student.h.cls~student.z.proj.out,550,0.9952258389057168,1.0199222483947186,0.009476010349627402,1.1172670497434676,1.0135231121365145,1.0058396860899979
in1k.floorssl.s0.e27v10u.extL,in1k.pairs100.v1@audit_v1.o8,student.h.cls~student.z.proj.out,551,0.9866389119491227,0.9911558064214924,0.004339033416146698,1.0570271462905636,0.9771022138807841,0.9812528690894822
in1k.floorssl.s0.e27v10u.extL,in1k.pairs100.v1@audit_v1.o8,student.h.cls~student.z.proj.out,552,0.863123424596532,0.895072729780777,0.016252918034100148,1.0225596625782216,0.7642707832760279,0.7719465946633951
in1k.floorssl.s0.e27v10u.extL,in1k.pairs100.v1@audit_v1.o8,student.h.cls~student.z.proj.out,553,0.814926525548454,0.8168744953136645,0.011085672301834507,0.9221630146395364,0.6672167464802746,0.6806357247493311
in1k.floorssl.s0.e27v10u.extL,in1k.pairs100.v1@audit_v1.o8,student.h.cls~student.z.proj.out,554,0.8833393911968969,0.897695942073223,0.02073790932082136,1.0417025715068062,0.7971509674280588,0.8017824330736226
in1k.floorssl.s0.e27v10u.extL,in1k.pairs100.v1@audit_v1.o8,student.h.cls~student.z.proj.out,555,1.0114003550358421,1.0089893047929255,0.021226735434305342,1.1546832835096361,1.0339166157714343,1.037725503660282
in1k.floorssl.s0.e27v10u.extL,in1k.pairs100.v1@audit_v1.o8,student.h.cls~student.z.proj.out,556,1.2244365766276961,1.2532006020283024,0.014817153761854067,1.3749263337445425,1.5340044628056189,1.5171098337216755
in1k.floorssl.s0.e27v10u.extL,in1k.pairs100.v1@audit_v1.o8,student.h.cls~student.z.proj.out,557,0.9375459727881085,0.9697116375755834,0.011199122149703663,1.0755375424840872,0.9041100128241777,0.9055720453694484
in1k.floorssl.s0.e27v10u.extL,in1k.pairs100.v1@audit_v1.o8,student.h.cls~student.z.proj.out,558,0.9727092247450387,0.9741680469204322,0.001824130427819303,1.016877886861824,0.9475454257974477,0.9505134051397985
in1k.floorssl.s0.e27v10u.extL,in1k.pairs100.v1@audit_v1.o8,student.h.cls~student.z.proj.out,559,0.9590307771803326,0.9781567569039725,0.010853118300746959,1.082335057431227,0.9392982543234504,0.9358287149820734
in1k.floorssl.s0.e27v10u.extL,in1k.pairs100.v1@audit_v1.o8,student.h.cls~student.z.proj.out,560,1.0721029898095595,1.0893376219116542,0.01701180515840004,1.219766932875103,1.1718058605972352,1.1659335454927906
in1k.floorssl.s0.e27v10u.extL,in1k.pairs100.v1@audit_v1.o8,student.h.cls~student.z.proj.out,561,0.8609776208258397,0.8858137203287594,0.026295904898994926,1.0479738415022308,0.7663056521519978,0.7759763229522019
in1k.floorssl.s0.e27v10u.extL,in1k.pairs100.v1@audit_v1.o8,student.h.cls~student.z.proj.out,562,0.9552636871136222,0.9804508478365449,0.016103729766455997,1.1073513197287173,0.9264374101803587,0.936189035312238
in1k.floorssl.s0.e27v10u.extL,in1k.pairs100.v1@audit_v1.o8,student.h.cls~student.z.proj.out,563,1.1792258967120883,1.1872058496999611,0.008375950910677644,1.2787260710211403,1.4051255889549,1.3992513283189545
in1k.floorssl.s0.e27v10u.extL,in1k.pairs100.v1@audit_v1.o8,student.h.cls~student.z.proj.out,564,0.7213778830231765,0.7204365360640367,0.03867250347636238,0.9170897930326473,0.5337771595704792,0.5599072777328954
in1k.floorssl.s0.e27v10u.extL,in1k.pairs100.v1@audit_v1.o8,student.h.cls~student.z.proj.out,565,0.8243923185092903,0.8564747320293241,0.09817518335709768,1.169803925302306,0.7228866537377139,0.7321116703371839
in1k.floorssl.s0.e27v10u.extL,in1k.pairs100.v1@audit_v1.o8,student.h.cls~student.z.proj.out,566,0.8667337112666138,0.9075595238070227,0.03839347785621217,1.1035020609351618,0.7804837580049696,0.7900795044214438
in1k.floorssl.s0.e27v10u.extL,in1k.pairs100.v1@audit_v1.o8,student.h.cls~student.z.proj.out,567,0.9968492220628566,1.00083570812755,0.00826147029964067,1.0917283387399417,0.9989700139066782,1.0027219448209879
in1k.floorssl.s0.e27v10u.extL,in1k.pairs100.v1@audit_v1.o8,student.h.cls~student.z.proj.out,568,0.904575265161929,0.9303384868473175,0.01622269445349772,1.0577068284927111,0.8367548983550389,0.8459262085860006
in1k.floorssl.s0.e27v10u.extL,in1k.pairs100.v1@audit_v1.o8,student.h.cls~student.z.proj.out,569,0.8279414799604858,0.8301532223127441,0.01712664781463877,0.9610220414204245,0.6940838167175621,0.7019679573381373
in1k.floorssl.s0.e27v10u.extL,in1k.pairs100.v1@audit_v1.o8,student.h.cls~student.z.proj.out,570,1.0235711267889753,1.0325820230390876,0.0022028408118160117,1.0795164540233448,1.0536109771394342,1.0560760582965332
in1k.floorssl.s0.e27v10u.extL,in1k.pairs100.v1@audit_v1.o8,student.h.cls~student.z.proj.out,571,0.9219290842248339,0.9324969565752393,0.02093822583733589,1.0771974259502068,0.8701956158783279,0.8709322182979029
in1k.floorssl.s0.e27v10u.extL,in1k.pairs100.v1@audit_v1.o8,student.h.cls~student.z.proj.out,572,1.0534754253449408,1.0625545042233395,0.014902668599483854,1.184630990900684,1.124938009875609,1.1275919410150728
in1k.floorssl.s0.e27v10u.extL,in1k.pairs100.v1@audit_v1.o8,student.h.cls~student.z.proj.out,573,0.9431754768241106,0.9514919729554585,0.04297102013250426,1.1587864980459786,0.9251709601083814,0.9203645272565807
in1k.floorssl.s0.e27v10u.extL,in1k.pairs100.v1@audit_v1.o8,student.h.cls~student.z.proj.out,574,0.8510264850768195,0.8642509968977591,0.04498781114602569,1.07635429990369,0.7516613385010731,0.7607349716814564
in1k.floorssl.s0.e27v10u.extL,in1k.pairs100.v1@audit_v1.o8,student.h.cls~student.z.proj.out,575,0.8283418526607583,0.8505560650320275,0.03588976574006746,1.04000200914292,0.7128546688673755,0.7234431549059294
in1k.floorssl.s0.e27v10u.extL,in1k.pairs100.v1@audit_v1.o8,student.h.cls~student.z.proj.out,576,0.8561007114012896,0.9368084330426503,0.1227042801379428,1.2871001402495763,0.8321576035047579,0.8010452311383476
in1k.floorssl.s0.e27v10u.extL,in1k.pairs100.v1@audit_v1.o8,student.h.cls~student.z.proj.out,577,1.0328824258201674,1.0649405282551996,0.029648097507497802,1.2371267574011386,1.1000585240893983,1.0940395377428325
in1k.floorssl.s0.e27v10u.extL,in1k.pairs100.v1@audit_v1.o8,student.h.cls~student.z.proj.out,578,0.821385512196266,0.8258908874888443,0.01773102200262003,0.9590487712307394,0.6858209480222995,0.6930770002614572
in1k.floorssl.s0.e27v10u.extL,in1k.pairs100.v1@audit_v1.o8,student.h.cls~student.z.proj.out,579,0.8364209382999929,0.8561219572245066,0.02469719228659012,1.0132753608993559,0.7165431328256275,0.7278503174251715
in1k.floorssl.s0.e27v10u.extL,in1k.pairs100.v1@audit_v1.o8,student.h.cls~student.z.proj.out,580,0.8735948933079797,0.8992962407785928,0.02183316920313565,1.0470567537823574,0.7831477825435321,0.7926554433933662
in1k.floorssl.s0.e27v10u.extL,in1k.pairs100.v1@audit_v1.o8,student.h.cls~student.z.proj.out,581,0.8906321813433532,0.8988303187348666,0.03844569959962124,1.0949060683818366,0.8182835271116927,0.8175222078140094
in1k.floorssl.s0.e27v10u.extL,in1k.pairs100.v1@audit_v1.o8,student.h.cls~student.z.proj.out,582,0.9720602728186732,0.9705822549325606,0.01384411130966717,1.0882432565842004,0.9555905501639685,0.9570839571097199
in1k.floorssl.s0.e27v10u.extL,in1k.pairs100.v1@audit_v1.o8,student.h.cls~student.z.proj.out,583,0.921631849347354,0.935905581831924,0.005385221263391085,1.0092896486543008,0.8574106838702265,0.8640378148228152
in1k.floorssl.s0.e27v10u.extL,in1k.pairs100.v1@audit_v1.o8,student.h.cls~student.z.proj.out,584,0.9823395378578849,0.9872902602176454,0.005219050422309243,1.0595332558802648,0.9696934340450442,0.9722877553381111
in1k.floorssl.s0.e27v10u.extL,in1k.pairs100.v1@audit_v1.o8,student.h.cls~student.z.proj.out,585,0.7976975322036544,0.7991539404219898,0.0036705371401596337,0.8597388984574597,0.6366285542102899,0.6418665632529403
in1k.floorssl.s0.e27v10u.extL,in1k.pairs100.v1@audit_v1.o8,student.h.cls~student.z.proj.out,586,0.7366399668034395,0.7295944720263923,0.051574239769638916,0.956694097234447,0.5628165205953631,0.5755192984625668
in1k.floorssl.s0.e27v10u.extL,in1k.pairs100.v1@audit_v1.o8,student.h.cls~student.z.proj.out,587,1.0523040966915957,1.0549750298607274,0.0016953219522241444,1.096149317373982,1.1102740120501944,1.1116443755846166
in1k.floorssl.s0.e27v10u.extL,in1k.pairs100.v1@audit_v1.o8,student.h.cls~student.z.proj.out,588,0.8487158377722985,0.8700506043033284,0.054564544286384346,1.1036411526703038,0.7450441249718839,0.7663029468399393
in1k.floorssl.s0.e27v10u.extL,in1k.pairs100.v1@audit_v1.o8,student.h.cls~student.z.proj.out,589,0.9556182209273675,0.9589822425651142,0.0024698721202600633,1.0086800505676816,0.9146057974340959,0.9188256391388613
in1k.floorssl.s0.e27v10u.extL,in1k.pairs100.v1@audit_v1.o8,student.h.cls~student.z.proj.out,590,1.0578585316655598,1.0700690325618136,0.01599553734499332,1.1965424975455536,1.1384251833737569,1.1348550040971543
in1k.floorssl.s0.e27v10u.extL,in1k.pairs100.v1@audit_v1.o8,student.h.cls~student.z.proj.out,591,0.8137142093920172,0.8142077996826963,0.01102599337749591,0.919212529945175,0.6666872369125377,0.6779658484768951
in1k.floorssl.s0.e27v10u.extL,in1k.pairs100.v1@audit_v1.o8,student.h.cls~student.z.proj.out,592,0.990836544059343,1.0229609037859435,0.01278608411675328,1.1360364719549927,1.0065564185465368,1.0010821773132081
in1k.floorssl.s0.e27v10u.extL,in1k.pairs100.v1@audit_v1.o8,student.h.cls~student.z.proj.out,593,0.8639496193926101,0.8651561612331263,0.0029419899732216767,0.9193962752929408,0.7473463545453347,0.7525486081437892
in1k.floorssl.s0.e27v10u.extL,in1k.pairs100.v1@audit_v1.o8,student.h.cls~student.z.proj.out,594,0.9599393242444542,1.054400188457554,0.036315740121282546,1.2449670799190105,1.0018755605686065,0.9694921625286566
in1k.floorssl.s0.e27v10u.extL,in1k.pairs100.v1@audit_v1.o8,student.h.cls~student.z.proj.out,595,1.1715145842168153,1.1668611516729246,0.025127722634276442,1.3253784145633634,1.4089438254718814,1.3922797332450862
in1k.floorssl.s0.e27v10u.extL,in1k.pairs100.v1@audit_v1.o8,student.h.cls~student.z.proj.out,596,1.0073791341192844,1.0144732075017313,0.0023291286883828856,1.0627342548213128,1.0190226451921673,1.020388061757768
in1k.floorssl.s0.e27v10u.extL,in1k.pairs100.v1@audit_v1.o8,student.h.cls~student.z.proj.out,597,0.9509939548957113,0.9633272764934876,0.010060456832122287,1.0636291051514053,0.9192810279070801,0.9238878823930496
in1k.floorssl.s0.e27v10u.extL,in1k.pairs100.v1@audit_v1.o8,student.h.cls~student.z.proj.out,598,0.832362314950066,0.8427593346070584,0.025677682057187477,1.0030019071562641,0.7099332762701419,0.7170756964741739
in1k.floorssl.s0.e27v10u.extL,in1k.pairs100.v1@audit_v1.o8,student.h.cls~student.z.proj.out,599,0.8137985503745531,0.8462180435587797,0.04695487339712906,1.0629087757028404,0.7031936832744446,0.7057853332967566
in1k.floorssl.s0.e27v10u.extL,in1k.pairs100.v1@audit_v1.o8,student.h.cls~student.z.proj.out,600,0.8992123940894827,0.9007425879457661,0.0023379738992682897,0.9490951876614824,0.8098648987385765,0.8137973472726671
in1k.floorssl.s0.e27v10u.extL,in1k.pairs100.v1@audit_v1.o8,student.h.cls~student.z.proj.out,601,0.8034789915496385,0.814448861341366,0.019066734647940314,0.9525312086850446,0.6614897822082402,0.6699426640876205
in1k.floorssl.s0.e27v10u.extL,in1k.pairs100.v1@audit_v1.o8,student.h.cls~student.z.proj.out,602,0.9790747502171709,0.9807377566208668,0.029818145633014496,1.1534170710537615,0.9704257755426774,0.9741424561143299
in1k.floorssl.s0.e27v10u.extL,in1k.pairs100.v1@audit_v1.o8,student.h.cls~student.z.proj.out,603,0.9718883168517966,0.9801083336505799,0.030692308413707212,1.1553005378541552,0.9789633962056422,0.9710232098889359
in1k.floorssl.s0.e27v10u.extL,in1k.pairs100.v1@audit_v1.o8,student.h.cls~student.z.proj.out,604,0.8963380633240564,0.936075863840987,0.023727717540430814,1.0901139031054194,0.832299015214918,0.8364746823306911
in1k.floorssl.s0.e27v10u.extL,in1k.pairs100.v1@audit_v1.o8,student.h.cls~student.z.proj.out,605,1.092999598030182,1.1021414498957076,0.005906924961510466,1.1789979718148687,1.2051211326069946,1.2036314333140812
in1k.floorssl.s0.e27v10u.extL,in1k.pairs100.v1@audit_v1.o8,student.h.cls~student.z.proj.out,606,0.875950741843768,0.8817582502177262,0.002813832121288946,0.9348038166798628,0.7704791958916056,0.7738403564591102
in1k.floorssl.s0.e27v10u.extL,in1k.pairs100.v1@audit_v1.o8,student.h.cls~student.z.proj.out,607,0.6465553615247664,0.7024466219578979,0.1098278333197097,1.0338494483183707,0.4665374192925458,0.49037431504689116
in1k.floorssl.s0.e27v10u.extL,in1k.pairs100.v1@audit_v1.o8,student.h.cls~student.z.proj.out,608,1.0662472924991961,1.0857846681969232,0.03461417981389669,1.2718335322458518,1.169720704275929,1.1661741319908658
in1k.floorssl.s0.e27v10u.extL,in1k.pairs100.v1@audit_v1.o8,student.h.cls~student.z.proj.out,609,1.0099578148202981,1.023375564582333,0.013935448128707456,1.141424063635508,1.032606225978897,1.0338121676178367
in1k.floorssl.s0.e27v10u.extL,in1k.pairs100.v1@audit_v1.o8,student.h.cls~student.z.proj.out,610,0.9607443880565493,0.9745654904252269,0.006648711028454408,1.0561051190020998,0.9359173803351127,0.937405599273546
in1k.floorssl.s0.e27v10u.extL,in1k.pairs100.v1@audit_v1.o8,student.h.cls~student.z.proj.out,611,0.9316286623394536,0.9673897748362962,0.03603743147510247,1.1572250494169243,0.9017312829083548,0.9015135136031636
in1k.floorssl.s0.e27v10u.extL,in1k.pairs100.v1@audit_v1.o8,student.h.cls~student.z.proj.out,612,0.9201167224298061,0.9411696643292211,0.033217469890580296,1.1234262688476315,0.879683032895785,0.8807230163025552
in1k.floorssl.s0.e27v10u.extL,in1k.pairs100.v1@audit_v1.o8,student.h.cls~student.z.proj.out,613,0.8803650991423105,0.8824591543670407,0.004735966571096442,0.9512775136260091,0.7765592678493913,0.7831810440148397
in1k.floorssl.s0.e27v10u.extL,in1k.pairs100.v1@audit_v1.o8,student.h.cls~student.z.proj.out,614,0.859223070932338,0.8692131938459792,0.007058895991062859,0.9532304301196324,0.7459548601152688,0.7527212853505133
in1k.floorssl.s0.e27v10u.extL,in1k.pairs100.v1@audit_v1.o8,student.h.cls~student.z.proj.out,615,1.0934731806231603,1.1092461307969708,0.00493076898979862,1.1794655653560628,1.209689959142881,1.204960572695095
in1k.floorssl.s0.e27v10u.extL,in1k.pairs100.v1@audit_v1.o8,student.h.cls~student.z.proj.out,616,1.0995470560609326,1.1314948250698067,0.01673314512209028,1.2608514836618183,1.2351227652225445,1.230004158665514
in1k.floorssl.s0.e27v10u.extL,in1k.pairs100.v1@audit_v1.o8,student.h.cls~student.z.proj.out,617,0.9595323720068053,0.9769126035063164,0.013014987923826363,1.0909958534767934,0.9349023625152841,0.9369137215062115
in1k.floorssl.s0.e27v10u.extL,in1k.pairs100.v1@audit_v1.o8,student.h.cls~student.z.proj.out,618,1.0771021665483853,1.0806057414059305,0.0014363500679082043,1.1185049507368414,1.162059805713664,1.1644870201601616
in1k.floorssl.s0.e27v10u.extL,in1k.pairs100.v1@audit_v1.o8,student.h.cls~student.z.proj.out,619,0.8858374558427486,0.9025132273645597,0.009249414431123372,0.998687103397105,0.7959094892050114,0.8054455166483452
in1k.floorssl.s0.e27v10u.extL,in1k.pairs100.v1@audit_v1.o8,student.h.cls~student.z.proj.out,620,0.9261935186157974,0.9303811946812678,0.006965567655990062,1.0138411710531197,0.8645538525684785,0.8668250860889711
in1k.floorssl.s0.e27v10u.extL,in1k.pairs100.v1@audit_v1.o8,student.h.cls~student.z.proj.out,621,1.0932378992266303,1.0997510573963267,0.01133406502477964,1.206212623347517,1.2066820985716493,1.206684984907423
in1k.floorssl.s0.e27v10u.extL,in1k.pairs100.v1@audit_v1.o8,student.h.cls~student.z.proj.out,622,0.794949588661704,0.819460418862771,0.05522304602977776,1.0544562614425446,0.6620413082402016,0.6743868570657177
in1k.floorssl.s0.e27v10u.extL,in1k.pairs100.v1@audit_v1.o8,student.h.cls~student.z.proj.out,623,0.8945763445973355,0.896148679989124,0.008235397873448,0.9868977729512467,0.8019414019040567,0.8092969501923797
in1k.floorssl.s0.e27v10u.extL,in1k.pairs100.v1@audit_v1.o8,student.h.cls~student.z.proj.out,624,1.008239115092531,1.005577063983686,0.028602180706299135,1.174698856507001,1.0412798452919334,1.037445623114817
in1k.floorssl.s0.e27v10u.extL,in1k.pairs100.v1@audit_v1.o8,student.h.cls~student.z.proj.out,625,0.7781147687541592,0.7782552530696485,0.03825700695604071,0.9738492380386161,0.6184289429385483,0.6332318002670598
in1k.floorssl.s0.e27v10u.extL,in1k.pairs100.v1@audit_v1.o8,student.h.cls~student.z.proj.out,626,0.936695875326463,0.9390866092908308,0.0034354342590412427,0.9976991869430826,0.8785869818156042,0.8828806029150114
in1k.floorssl.s0.e27v10u.extL,in1k.pairs100.v1@audit_v1.o8,student.h.cls~student.z.proj.out,627,1.0523930056434283,1.0587114068200907,0.009032883794834341,1.1537528914193662,1.119020243018156,1.1173400676278715
in1k.floorssl.s0.e27v10u.extL,in1k.pairs100.v1@audit_v1.o8,student.h.cls~student.z.proj.out,628,1.088686694541372,1.0969682368152665,0.027023916030408154,1.261357762121498,1.2224474329035888,1.2068335650824242
in1k.floorssl.s0.e27v10u.extL,in1k.pairs100.v1@audit_v1.o8,student.h.cls~student.z.proj.out,629,0.9876428687073339,0.9927507581751825,0.004149377342015277,1.0571664188642982,0.9789125225205377,0.9826969997892093
in1k.floorssl.s0.e27v10u.extL,in1k.pairs100.v1@audit_v1.o8,student.h.cls~student.z.proj.out,630,1.0134083747475162,1.0202554078384343,0.017197427605674352,1.1513943707963377,1.0510011797843661,1.0439566688808457
in1k.floorssl.s0.e27v10u.extL,in1k.pairs100.v1@audit_v1.o8,student.h.cls~student.z.proj.out,631,1.0980659563484547,1.1044230990645503,0.014931236005692712,1.2266165359001377,1.221060817015047,1.2199802588970334
in1k.floorssl.s0.e27v10u.extL,in1k.pairs100.v1@audit_v1.o8,student.h.cls~student.z.proj.out,632,0.9425606487787366,0.9522630575313655,0.0077107178350107105,1.04007375070145,0.8985547964221411,0.8981674566398405
in1k.floorssl.s0.e27v10u.extL,in1k.pairs100.v1@audit_v1.o8,student.h.cls~student.z.proj.out,633,1.1142720239521187,1.1187120772487569,0.002901225728792802,1.1725751047239443,1.2458374858995331,1.2462197798711534
in1k.floorssl.s0.e27v10u.extL,in1k.pairs100.v1@audit_v1.o8,student.h.cls~student.z.proj.out,634,0.9791952272678062,0.9994916602745334,0.0068417086202091125,1.0822062818369218,0.9728356182682573,0.973426271900049
in1k.floorssl.s0.e27v10u.extL,in1k.pairs100.v1@audit_v1.o8,student.h.cls~student.z.proj.out,635,0.9997874928954545,0.996724313349784,0.018682632586083322,1.1334087403562405,1.0128007229183067,1.012502331743339
in1k.floorssl.s0.e27v10u.extL,in1k.pairs100.v1@audit_v1.o8,student.h.cls~student.z.proj.out,636,0.8218333811328725,0.8220368287579505,0.007216813547720887,0.9069886595076223,0.6776145665195936,0.688019677275077
in1k.floorssl.s0.e27v10u.extL,in1k.pairs100.v1@audit_v1.o8,student.h.cls~student.z.proj.out,637,0.9560038949260045,0.9516855673059266,0.021857661546007757,1.0995289355914462,0.9243793438064363,0.9300397676763557
in1k.floorssl.s0.e27v10u.extL,in1k.pairs100.v1@audit_v1.o8,student.h.cls~student.z.proj.out,638,1.0464406027058977,1.0402566798102755,0.01015393156657769,1.1410233983565181,1.1083805671646805,1.1045618475201537
in1k.floorssl.s0.e27v10u.extL,in1k.pairs100.v1@audit_v1.o8,student.h.cls~student.z.proj.out,639,0.9442359341805167,0.9376739126051231,0.021937565045663066,1.0857872646219588,0.9019728366331443,0.9098151435867071
in1k.floorssl.s0.e27v10u.extL,in1k.pairs100.v1@audit_v1.o8,student.h.cls~student.z.proj.out,640,0.6808861425828673,0.6421322654815456,0.10861319486026183,0.9716974257461917,0.5028176527335916,0.5137743805930255
in1k.floorssl.s0.e27v10u.extL,in1k.pairs100.v1@audit_v1.o8,student.h.cls~student.z.proj.out,641,1.1206215757172477,1.1234611481501238,0.0024495639051725607,1.1729542174141385,1.2582318672980157,1.2599721042837577
in1k.floorssl.s0.e27v10u.extL,in1k.pairs100.v1@audit_v1.o8,student.h.cls~student.z.proj.out,642,0.9590896392519291,0.9697166626123248,0.0026473446864788944,1.0211690161685898,0.9260068397983986,0.9274198599715294
in1k.floorssl.s0.e27v10u.extL,in1k.pairs100.v1@audit_v1.o8,student.h.cls~student.z.proj.out,643,1.0565510428669778,1.0715580137863938,0.0033072641886712512,1.1290668321421142,1.1263646682737396,1.1261947038221618
in1k.floorssl.s0.e27v10u.extL,in1k.pairs100.v1@audit_v1.o8,student.h.cls~student.z.proj.out,644,1.0710145215006397,1.0812520220974264,0.008057607872117768,1.1710162013234282,1.1594825402333693,1.1568969162147347
in1k.floorssl.s0.e27v10u.extL,in1k.pairs100.v1@audit_v1.o8,student.h.cls~student.z.proj.out,645,0.7567463903907788,0.7813088131587943,0.08258356595671408,1.0686823783256587,0.6021633802938866,0.631738019919165
in1k.floorssl.s0.e27v10u.extL,in1k.pairs100.v1@audit_v1.o8,student.h.cls~student.z.proj.out,646,0.829390806532506,0.8714236853299365,0.06262794563703047,1.1216794457771848,0.72991678991208,0.7396601563737839
in1k.floorssl.s0.e27v10u.extL,in1k.pairs100.v1@audit_v1.o8,student.h.cls~student.z.proj.out,647,0.9779978349975644,0.9854345697508817,0.01204096510862324,1.095165901232019,0.9728852988297779,0.9707455885492355
in1k.floorssl.s0.e27v10u.extL,in1k.pairs100.v1@audit_v1.o8,student.h.cls~student.z.proj.out,648,1.1259197492206696,1.1250796354967705,0.028352438976992453,1.2934614604571635,1.281458054772388,1.2871237606600783
in1k.floorssl.s0.e27v10u.extL,in1k.pairs100.v1@audit_v1.o8,student.h.cls~student.z.proj.out,649,0.8790682405507756,0.9002223227395861,0.04400044279400838,1.1099851478397653,0.8062281281590621,0.8146005161336646
in1k.floorssl.s0.e27v10u.extL,in1k.pairs100.v1@audit_v1.o8,student.h.cls~student.z.proj.out,650,1.028618115228108,1.0315903331219747,0.002471558844430828,1.0813051080327678,1.0613541254590262,1.0628654835388425
in1k.floorssl.s0.e27v10u.extL,in1k.pairs100.v1@audit_v1.o8,student.h.cls~student.z.proj.out,651,0.8798486751894415,0.8801057482982644,0.008536566805809338,0.9724992913941395,0.7794976495415235,0.785751918941486
in1k.floorssl.s0.e27v10u.extL,in1k.pairs100.v1@audit_v1.o8,student.h.cls~student.z.proj.out,652,0.8565771431673359,0.8621026124635627,0.007378297942430746,0.947999631867211,0.737491601077711,0.7447527635583076
in1k.floorssl.s0.e27v10u.extL,in1k.pairs100.v1@audit_v1.o8,student.h.cls~student.z.proj.out,653,1.0507029441860891,1.0535749465857733,0.010463832520622631,1.1558678227826162,1.1129850848558738,1.1142241587837525
in1k.floorssl.s0.e27v10u.extL,in1k.pairs100.v1@audit_v1.o8,student.h.cls~student.z.proj.out,654,0.8627898182915406,0.8649286945713409,0.01198560836665726,0.9744074978469397,0.7474147131740049,0.7533200451103746
in1k.floorssl.s0.e27v10u.extL,in1k.pairs100.v1@audit_v1.o8,student.h.cls~student.z.proj.out,655,1.0170172843419392,1.0259271503551597,0.004608888884366943,1.0938159482850607,1.0416605326714246,1.0432322305545911
in1k.floorssl.s0.e27v10u.extL,in1k.pairs100.v1@audit_v1.o8,student.h.cls~student.z.proj.out,656,0.9006470168693639,0.9005803340995634,0.011571458773864646,1.0081510493238504,0.8159515568245751,0.821165475713177
in1k.floorssl.s0.e27v10u.extL,in1k.pairs100.v1@audit_v1.o8,student.h.cls~student.z.proj.out,657,1.0025799002667883,1.013011374009245,0.005643588284378438,1.0881351936963353,1.0140129206618411,1.014956496401282
in1k.floorssl.s0.e27v10u.extL,in1k.pairs100.v1@audit_v1.o8,student.h.cls~student.z.proj.out,658,0.9596804655044316,0.9556931486189402,0.013138055655390387,1.0703145063817514,0.9317109520343604,0.9335242744431175
in1k.floorssl.s0.e27v10u.extL,in1k.pairs100.v1@audit_v1.o8,student.h.cls~student.z.proj.out,659,0.9232721480990829,0.9242288969084738,0.016287930705634952,1.051853074498909,0.862309663826901,0.8667299665499325
in1k.floorssl.s0.e27v10u.extL,in1k.pairs100.v1@audit_v1.o8,student.h.cls~student.z.proj.out,660,0.7759629051917784,0.7875399366437127,0.03253929432975046,0.9679264503573228,0.6172743421546018,0.6360529840334567
in1k.floorssl.s0.e27v10u.extL,in1k.pairs100.v1@audit_v1.o8,student.h.cls~student.z.proj.out,661,0.8220587268534719,0.8367958930152666,0.09457352867242562,1.1443239871342032,0.7378811168408251,0.728330717523888
in1k.floorssl.s0.e27v10u.extL,in1k.pairs100.v1@audit_v1.o8,student.h.cls~student.z.proj.out,662,1.0644723719071563,1.0697776697653611,0.003021457941817299,1.124745459804777,1.1378484678527596,1.1387545278531732
in1k.floorssl.s0.e27v10u.extL,in1k.pairs100.v1@audit_v1.o8,student.h.cls~student.z.proj.out,663,0.8812493687144964,0.8825908720343283,0.008911018697234678,0.9769890642693212,0.7827695638999871,0.7870353252829116
in1k.floorssl.s0.e27v10u.extL,in1k.pairs100.v1@audit_v1.o8,student.h.cls~student.z.proj.out,664,0.9806334986842052,0.9832776315226185,0.011226962934961171,1.0892349952825817,0.9700343404666497,0.9748782213311771
in1k.floorssl.s0.e27v10u.extL,in1k.pairs100.v1@audit_v1.o8,student.h.cls~student.z.proj.out,665,1.0297603991733901,1.0333381182801322,0.022619094321729098,1.1837345754250035,1.0831318978494064,1.079322043456528
in1k.floorssl.s0.e27v10u.extL,in1k.pairs100.v1@audit_v1.o8,student.h.cls~student.z.proj.out,666,0.8874424982938374,0.8953518353371875,0.00360301374454358,0.9553769446210829,0.7921802612567562,0.7975854451000207
in1k.floorssl.s0.e27v10u.extL,in1k.pairs100.v1@audit_v1.o8,student.h.cls~student.z.proj.out,667,1.0722845557567882,1.0839212219153675,0.011025157578535187,1.1889219722866633,1.1693993999945191,1.1641227302737325
in1k.floorssl.s0.e27v10u.extL,in1k.pairs100.v1@audit_v1.o8,student.h.cls~student.z.proj.out,668,0.9661490995756532,0.9757989421434191,0.01887127149138848,1.1131716886814005,0.9550889219849978,0.9541305911258057
in1k.floorssl.s0.e27v10u.extL,in1k.pairs100.v1@audit_v1.o8,student.h.cls~student.z.proj.out,669,0.7638961177263599,0.7738888472972232,0.03803618682508076,0.9689175293547112,0.603726386062079,0.6237787601739104
in1k.floorssl.s0.e27v10u.extL,in1k.pairs100.v1@audit_v1.o8,student.h.cls~student.z.proj.out,670,0.9373807100125251,0.9588332203489837,0.03140978450800802,1.1360612782518114,0.8995602685215973,0.9125053905291144
in1k.floorssl.s0.e27v10u.extL,in1k.pairs100.v1@audit_v1.o8,student.h.cls~student.z.proj.out,671,0.9883960879654755,0.9981990848801434,0.021304531163547837,1.1441598027584405,1.0013198394232232,0.9965849519162194
in1k.floorssl.s0.e27v10u.extL,in1k.pairs100.v1@audit_v1.o8,student.h.cls~student.z.proj.out,672,0.8126619564633579,0.8460267773248804,0.02951482344974017,1.0178255650090202,0.6839420464793321,0.7011839584385455
in1k.floorssl.s0.e27v10u.extL,in1k.pairs100.v1@audit_v1.o8,student.h.cls~student.z.proj.out,673,0.9025741638485314,0.9047582754087572,0.006736285471558591,0.9868331526341213,0.8155236637916059,0.8217394058463348
in1k.floorssl.s0.e27v10u.extL,in1k.pairs100.v1@audit_v1.o8,student.h.cls~student.z.proj.out,674,1.1159455826954692,1.1234384279799599,0.0018351871304483037,1.1662775121257292,1.2506521107709663,1.250739876365423
in1k.floorssl.s0.e27v10u.extL,in1k.pairs100.v1@audit_v1.o8,student.h.cls~student.z.proj.out,675,0.8479103003475899,0.8414082549822652,0.018930427816291808,0.9789961462237978,0.7300682355575233,0.7331364587913706
in1k.floorssl.s0.e27v10u.extL,in1k.pairs100.v1@audit_v1.o8,student.h.cls~student.z.proj.out,676,1.002548312754866,1.014613639562667,0.003981175060957058,1.0777101930418949,1.0114882697331937,1.0138622749695254
in1k.floorssl.s0.e27v10u.extL,in1k.pairs100.v1@audit_v1.o8,student.h.cls~student.z.proj.out,677,0.8849546630787306,0.8929551039019988,0.0066525388940852455,0.9745182015263856,0.7891377646676493,0.7938888191497682
in1k.floorssl.s0.e27v10u.extL,in1k.pairs100.v1@audit_v1.o8,student.h.cls~student.z.proj.out,678,1.0759316793095666,1.0785673697710594,0.0015901727154612971,1.1184443395087575,1.1598971730740237,1.1617052956515388
in1k.floorssl.s0.e27v10u.extL,in1k.pairs100.v1@audit_v1.o8,student.h.cls~student.z.proj.out,679,0.9069310165524836,0.9263353011495514,0.05745509501148437,1.166033225653466,0.8588358863664847,0.8643364804977621
in1k.floorssl.s0.e27v10u.extL,in1k.pairs100.v1@audit_v1.o8,student.h.cls~student.z.proj.out,680,1.0059366477078122,1.008205561813399,0.007138337502411518,1.092694244501742,1.015919071336947,1.01901080605704
in1k.floorssl.s0.e27v10u.extL,in1k.pairs100.v1@audit_v1.o8,student.h.cls~student.z.proj.out,681,0.8911529394110925,0.8947631405201819,0.008110147350774402,0.9848194970463839,0.7995746361751127,0.8029654303599852
in1k.floorssl.s0.e27v10u.extL,in1k.pairs100.v1@audit_v1.o8,student.h.cls~student.z.proj.out,682,1.0823699603458146,1.1327458144133167,0.02049112487111846,1.2758930283963994,1.2230401997307372,1.2006186462609878
in1k.floorssl.s0.e27v10u.extL,in1k.pairs100.v1@audit_v1.o8,student.h.cls~student.z.proj.out,683,0.9646286328707074,0.969111602028408,0.005331915413887837,1.0421315678863008,0.9338156545142573,0.9393576902300723
in1k.floorssl.s0.e27v10u.extL,in1k.pairs100.v1@audit_v1.o8,student.h.cls~student.z.proj.out,684,0.7578031400828286,0.7627802160221484,0.017797476037052645,0.8961873973770239,0.5783910265542792,0.6016051849437763
in1k.floorssl.s0.e27v10u.extL,in1k.pairs100.v1@audit_v1.o8,student.h.cls~student.z.proj.out,685,0.6475262778721366,0.6525107272302427,0.12951399383289047,1.012391254395704,0.46790737754044903,0.48191635669917177
in1k.floorssl.s0.e27v10u.extL,in1k.pairs100.v1@audit_v1.o8,student.h.cls~student.z.proj.out,686,0.8240155613358779,0.8253013689235883,0.008521762560879373,0.9176147621061562,0.6806100204914872,0.6889563805227297
in1k.floorssl.s0.e27v10u.extL,in1k.pairs100.v1@audit_v1.o8,student.h.cls~student.z.proj.out,687,0.7820534829106548,0.7959789029479819,0.041583078289060514,0.999898196515463,0.6330709080754905,0.6470190555156725
in1k.floorssl.s0.e27v10u.extL,in1k.pairs100.v1@audit_v1.o8,student.h.cls~student.z.proj.out,688,0.8351178287451018,0.8871050430981917,0.07230211902735473,1.1559955766380594,0.7543629215810289,0.7476297996031539
in1k.floorssl.s0.e27v10u.extL,in1k.pairs100.v1@audit_v1.o8,student.h.cls~student.z.proj.out,689,0.9471780048042594,0.9564157575279403,0.012739680957902821,1.0692859526987772,0.9095091076022064,0.9137161864269381
in1k.floorssl.s0.e27v10u.extL,in1k.pairs100.v1@audit_v1.o8,student.h.cls~student.z.proj.out,690,0.760362521239255,0.7628835011427484,0.05371984122334106,0.9946589123134355,0.5931594466778601,0.6197937528082293
in1k.floorssl.s0.e27v10u.extL,in1k.pairs100.v1@audit_v1.o8,student.h.cls~student.z.proj.out,691,0.8482880314307575,0.8490136545306531,0.0027150300670452463,0.90111960493025,0.7201293543328138,0.7288344581876551
in1k.floorssl.s0.e27v10u.extL,in1k.pairs100.v1@audit_v1.o8,student.h.cls~student.z.proj.out,692,1.1215875293373685,1.1338231734032438,0.0036496582794633514,1.1942355751057365,1.2691398633775408,1.267389032895528
in1k.floorssl.s0.e27v10u.extL,in1k.pairs100.v1@audit_v1.o8,student.h.cls~student.z.proj.out,693,0.9835759256713797,0.993872894375226,0.02056222827078541,1.1372682508927416,0.9832801386575953,0.9847018827699645
in1k.floorssl.s0.e27v10u.extL,in1k.pairs100.v1@audit_v1.o8,student.h.cls~student.z.proj.out,694,0.7585599465181382,0.8094350507922407,0.06166786277994955,1.057765199545769,0.612964884466164,0.6336424402207114
in1k.floorssl.s0.e27v10u.extL,in1k.pairs100.v1@audit_v1.o8,student.h.cls~student.z.proj.out,695,1.0033530587331443,1.0105128495440328,0.017970859891746238,1.1445682854343622,1.0267247036490497,1.0243912521162297
in1k.floorssl.s0.e27v10u.extL,in1k.pairs100.v1@audit_v1.o8,student.h.cls~student.z.proj.out,696,1.1391828357508766,1.1442382228056838,0.003796272732837216,1.2058521232895618,1.3019320450279455,1.304465552702447
in1k.floorssl.s0.e27v10u.extL,in1k.pairs100.v1@audit_v1.o8,student.h.cls~student.z.proj.out,697,0.9865518230117905,0.9922031853741112,0.007041801058779284,1.0761186253049086,0.9835146978406771,0.9822710816862336
in1k.floorssl.s0.e27v10u.extL,in1k.pairs100.v1@audit_v1.o8,student.h.cls~student.z.proj.out,698,1.0222147415469698,1.0207633521709902,0.013595451883805267,1.1373628885500224,1.0624658343589755,1.0592732677380918
in1k.floorssl.s0.e27v10u.extL,in1k.pairs100.v1@audit_v1.o8,student.h.cls~student.z.proj.out,699,0.9358920155187089,0.9666157995252557,0.01626061684242572,1.0941329232476238,0.8974639138753832,0.9062170804143116
in1k.floorssl.s0.e27v10u.extL,in1k.pairs100.v1@audit_v1.o8,student.h.cls~student.z.proj.out,700,1.0099395830827178,1.0169204938917942,0.0011702593620117276,1.0511295476935545,1.0237550604880528,1.025099792909951
in1k.floorssl.s0.e27v10u.extL,in1k.pairs100.v1@audit_v1.o8,student.h.cls~student.z.proj.out,701,1.0098430574815338,1.0463257441447855,0.035091589759840995,1.2336532374815645,1.0465501902385774,1.054351201545939
in1k.floorssl.s0.e27v10u.extL,in1k.pairs100.v1@audit_v1.o8,student.h.cls~student.z.proj.out,702,1.0112611035705361,1.0186986164687057,0.01863437208379525,1.155206389448105,1.0373229541862832,1.036976898691703
in1k.floorssl.s0.e27v10u.extL,in1k.pairs100.v1@audit_v1.o8,student.h.cls~student.z.proj.out,703,1.030379655523336,1.0392192466889392,0.008069703995596166,1.1290507778770258,1.0727130374060114,1.075153684038997
in1k.floorssl.s0.e27v10u.extL,in1k.pairs100.v1@audit_v1.o8,student.h.cls~student.z.proj.out,704,0.8806554546043364,0.9074071269965338,0.038873350048081,1.1045703843445525,0.804041065020866,0.8135524354467242
in1k.floorssl.s0.e27v10u.extL,in1k.pairs100.v1@audit_v1.o8,student.h.cls~student.z.proj.out,705,0.9014964933867105,0.9038369921813526,0.0181297390492151,1.038483711596328,0.8239944216115765,0.8293124674700498
in1k.floorssl.s0.e27v10u.extL,in1k.pairs100.v1@audit_v1.o8,student.h.cls~student.z.proj.out,706,0.9752943848855203,0.9875233672678583,0.01074821135823896,1.091196948079167,0.9640496093292107,0.9667894455503954
in1k.floorssl.s0.e27v10u.extL,in1k.pairs100.v1@audit_v1.o8,student.h.cls~student.z.proj.out,707,0.8501332257010968,0.8557532637909395,0.012661052910324112,0.9682746080342612,0.7349742177303923,0.7392227603359777
in1k.floorssl.s0.e27v10u.extL,in1k.pairs100.v1@audit_v1.o8,student.h.cls~student.z.proj.out,708,0.9230692141505813,0.9347498513773663,0.003472880265074199,0.9936809998904761,0.8572225608759699,0.8609760244315309
in1k.floorssl.s0.e27v10u.extL,in1k.pairs100.v1@audit_v1.o8,student.h.cls~student.z.proj.out,709,0.9302117192467004,0.931327857944874,0.008443665090781646,1.0232172756750004,0.8729260983170464,0.8753138349594962
in1k.floorssl.s0.e27v10u.extL,in1k.pairs100.v1@audit_v1.o8,student.h.cls~student.z.proj.out,710,0.9359895640582783,0.9387365743595024,0.0019684858824150376,0.9831041963649135,0.8774966160877596,0.8807972045587469
in1k.floorssl.s0.e27v10u.extL,in1k.pairs100.v1@audit_v1.o8,student.h.cls~student.z.proj.out,711,0.9866487505914405,0.9900425510469015,0.002387755247763742,1.038907213613666,0.9766719792366115,0.9783674185039464
in1k.floorssl.s0.e27v10u.extL,in1k.pairs100.v1@audit_v1.o8,student.h.cls~student.z.proj.out,712,0.9503235647048336,0.9617149164917548,0.024963101242671894,1.1197120722973954,0.9184455825454015,0.9247459910337437
in1k.floorssl.s0.e27v10u.extL,in1k.pairs100.v1@audit_v1.o8,student.h.cls~student.z.proj.out,713,0.869693297762441,0.8882507284587216,0.028201167282242336,1.0561827601925224,0.7772347284608602,0.7848866971661311
in1k.floorssl.s0.e27v10u.extL,in1k.pairs100.v1@audit_v1.o8,student.h.cls~student.z.proj.out,714,0.8487173424889684,0.8604670058153955,0.006182496306254384,0.9390958574301456,0.7264418451254753,0.7322790220995692
in1k.floorssl.s0.e27v10u.extL,in1k.pairs100.v1@audit_v1.o8,student.h.cls~student.z.proj.out,715,0.8400403652103754,0.8868886509346421,0.05754336531198419,1.126770632984116,0.7594154376552603,0.7515095857131671
in1k.floorssl.s0.e27v10u.extL,in1k.pairs100.v1@audit_v1.o8,student.h.cls~student.z.proj.out,716,1.0025089287151385,1.0192069316383412,0.011631979628266767,1.1270585872967815,1.024606792366808,1.022323615585988
in1k.floorssl.s0.e27v10u.extL,in1k.pairs100.v1@audit_v1.o8,student.h.cls~student.z.proj.out,717,1.0625300099582458,1.0507183527416668,0.018695940020181205,1.187451450491192,1.14556826109359,1.142053839159175
in1k.floorssl.s0.e27v10u.extL,in1k.pairs100.v1@audit_v1.o8,student.h.cls~student.z.proj.out,718,1.0952464321112014,1.0997131027394056,0.014409438512124612,1.2197524234311048,1.219184796081882,1.214347791369484
in1k.floorssl.s0.e27v10u.extL,in1k.pairs100.v1@audit_v1.o8,student.h.cls~student.z.proj.out,719,0.980255672019511,1.0043179646168099,0.020406360807254418,1.147168798731471,0.9884396268277288,0.984023426047319
in1k.floorssl.s0.e27v10u.extL,in1k.pairs100.v1@audit_v1.o8,student.h.cls~student.z.proj.out,720,0.9272143410677692,0.9310321425030781,0.004299699991701742,0.996604240164368,0.8630452586713202,0.8670114096247108
in1k.floorssl.s0.e27v10u.extL,in1k.pairs100.v1@audit_v1.o8,student.h.cls~student.z.proj.out,721,1.0058582491080876,1.0045636586066258,0.006715328719412512,1.0865107678870178,1.0202358462020629,1.0215379003806642
in1k.floorssl.s0.e27v10u.extL,in1k.pairs100.v1@audit_v1.o8,student.h.cls~student.z.proj.out,722,1.2793561568692697,1.2860881301832492,0.004289284360245655,1.3515807584725892,1.6449352575718845,1.642818135210246
in1k.floorssl.s0.e27v10u.extL,in1k.pairs100.v1@audit_v1.o8,student.h.cls~student.z.proj.out,723,0.9684781572284054,1.0251955685517404,0.03256519674286396,1.205653864960811,0.9829303937423239,0.9763590257048423
in1k.floorssl.s0.e27v10u.extL,in1k.pairs100.v1@audit_v1.o8,student.h.cls~student.z.proj.out,724,0.958068846676845,0.9872938653770132,0.028818995366198592,1.1570554492710103,0.9531930097175282,0.9510203798890446
in1k.floorssl.s0.e27v10u.extL,in1k.pairs100.v1@audit_v1.o8,student.h.cls~student.z.proj.out,725,1.1105746604932059,1.1130472663133069,0.008465409451271309,1.2050549260556962,1.243392016263654,1.24246641590948
in1k.floorssl.s0.e27v10u.extL,in1k.pairs100.v1@audit_v1.o8,student.h.cls~student.z.proj.out,726,0.9126694927974062,0.9361694628961881,0.015504120412101169,1.0606850057496855,0.8560787774294696,0.8570679744762718
in1k.floorssl.s0.e27v10u.extL,in1k.pairs100.v1@audit_v1.o8,student.h.cls~student.z.proj.out,727,0.8094848616517657,0.8477562865686596,0.04759504220865982,1.06591916656583,0.6911293236401931,0.7047837191003234
in1k.floorssl.s0.e27v10u.extL,in1k.pairs100.v1@audit_v1.o8,student.h.cls~student.z.proj.out,728,1.0257442549858524,1.0372382621144087,0.0014840188731198396,1.0757612276430364,1.0581071633491346,1.0624986283164028
in1k.floorssl.s0.e27v10u.extL,in1k.pairs100.v1@audit_v1.o8,student.h.cls~student.z.proj.out,729,0.8405780022933833,0.8511381358590098,0.01535073557286782,0.9750362212875903,0.7140173658984149,0.7268856837741309
in1k.floorssl.s0.e27v10u.extL,in1k.pairs100.v1@audit_v1.o8,student.h.cls~student.z.proj.out,730,0.9501885235085427,0.9521346726283922,0.01240941451169652,1.063532224269784,0.909077812138057,0.914605105690378
in1k.floorssl.s0.e27v10u.extL,in1k.pairs100.v1@audit_v1.o8,student.h.cls~student.z.proj.out,731,1.1460771995775363,1.1473593099888013,0.0018635351257063003,1.1905279922214835,1.3145498527155168,1.3174586697852868
in1k.floorssl.s0.e27v10u.extL,in1k.pairs100.v1@audit_v1.o8,student.h.cls~student.z.proj.out,732,0.9729594269592424,0.9820069016544474,0.032764642044030796,1.163016962269958,0.9718488731942113,0.9742096557830622
in1k.floorssl.s0.e27v10u.extL,in1k.pairs100.v1@audit_v1.o8,student.h.cls~student.z.proj.out,733,0.9303369388535291,0.9315513378802645,0.004337688427578014,0.997412467748936,0.8680493323380976,0.8736751766558487
in1k.floorssl.s0.e27v10u.extL,in1k.pairs100.v1@audit_v1.o8,student.h.cls~student.z.proj.out,734,0.8912636468142608,0.8787782669517767,0.027842500623359575,1.0456389891825029,0.8094664299848653,0.8093969917275444
in1k.floorssl.s0.e27v10u.extL,in1k.pairs100.v1@audit_v1.o8,student.h.cls~student.z.proj.out,735,0.9344630446664749,0.9383485187860302,0.006286990163697874,1.0176390614988775,0.8818585456326854,0.8827476370411539
in1k.floorssl.s0.e27v10u.extL,in1k.pairs100.v1@audit_v1.o8,student.h.cls~student.z.proj.out,736,0.7876695250923597,0.8428496442359932,0.059429190258744,1.0866306735609674,0.6629486905987896,0.6861719688417086
in1k.floorssl.s0.e27v10u.extL,in1k.pairs100.v1@audit_v1.o8,student.h.cls~student.z.proj.out,737,0.867578319051864,0.8671595732412055,0.016466777400038355,0.9954825150717229,0.7606485299758363,0.7681199565304869
in1k.floorssl.s0.e27v10u.extL,in1k.pairs100.v1@audit_v1.o8,student.h.cls~student.z.proj.out,738,0.977505649460319,0.9991533319204832,0.018133526103557222,1.1338141135295219,0.9777513146875298,0.9801976257901163
in1k.floorssl.s0.e27v10u.extL,in1k.pairs100.v1@audit_v1.o8,student.h.cls~student.z.proj.out,739,0.8826555348721827,0.9255344135908212,0.0257975619174768,1.086150608034211,0.8123461220472776,0.8127573230596855
in1k.floorssl.s0.e27v10u.extL,in1k.pairs100.v1@audit_v1.o8,student.h.cls~student.z.proj.out,740,0.9512086883036757,0.9562835168348663,0.001688203146347679,0.9973712661812065,0.9076562329366096,0.9090145340237175
in1k.floorssl.s0.e27v10u.extL,in1k.pairs100.v1@audit_v1.o8,student.h.cls~student.z.proj.out,741,0.8432362130599222,0.845198676775103,0.11084158953347967,1.1781274822778405,0.752932784926467,0.7626719982199222
in1k.floorssl.s0.e27v10u.extL,in1k.pairs100.v1@audit_v1.o8,student.h.cls~student.z.proj.out,742,0.8193523701739701,0.8242690068641607,0.005193777268336446,0.8963368725765325,0.6743487356989912,0.6802682915477154
in1k.floorssl.s0.e27v10u.extL,in1k.pairs100.v1@audit_v1.o8,student.h.cls~student.z.proj.out,743,1.031691503668948,1.0383565336849614,0.011316862444624662,1.1447372765129031,1.0734634647545402,1.0772529442589625
in1k.floorssl.s0.e27v10u.extL,in1k.pairs100.v1@audit_v1.o8,student.h.cls~student.z.proj.out,744,0.9922113940659031,1.0003176844330408,0.006659256036784414,1.0819219492528676,0.9909208021208344,0.9944801370643683
in1k.floorssl.s0.e27v10u.extL,in1k.pairs100.v1@audit_v1.o8,student.h.cls~student.z.proj.out,745,0.9123174813684269,0.9163837765312196,0.004168252680187387,0.9809457830070673,0.8348028368759719,0.8397681415797826
in1k.floorssl.s0.e27v10u.extL,in1k.pairs100.v1@audit_v1.o8,student.h.cls~student.z.proj.out,746,0.867249410759951,0.8845969135064338,0.054184662027583604,1.117372904595686,0.7707018274237789,0.7950642347639806
in1k.floorssl.s0.e27v10u.extL,in1k.pairs100.v1@audit_v1.o8,student.h.cls~student.z.proj.out,747,1.010376435297151,1.0161826772037401,0.001086614008041408,1.0491465059868383,1.023967192151206,1.0252164343872272
in1k.floorssl.s0.e27v10u.extL,in1k.pairs100.v1@audit_v1.o8,student.h.cls~student.z.proj.out,748,0.907614691878707,0.9118925238882538,0.0034484054831884444,0.9706156495134148,0.8272840716228934,0.8311545499627107
in1k.floorssl.s0.e27v10u.extL,in1k.pairs100.v1@audit_v1.o8,student.h.cls~student.z.proj.out,749,1.0492389296857614,1.059640349403118,0.0018384131492874501,1.1025170697684565,1.1064951798702314,1.1079766475807051
in1k.floorssl.s0.e27v10u.extL,in1k.pairs100.v1@audit_v1.o8,student.h.cls~student.z.proj.out,750,1.0369930064362405,1.0521059527687164,0.011106247128053684,1.157492133684687,1.0981492972273477,1.0912469762610788
in1k.floorssl.s0.e27v10u.extL,in1k.pairs100.v1@audit_v1.o8,student.h.cls~student.z.proj.out,751,1.0295191773696168,1.034770835124647,0.017111029016727685,1.1655799671328049,1.0762605295068692,1.0747393334737367
in1k.floorssl.s0.e27v10u.extL,in1k.pairs100.v1@audit_v1.o8,student.h.cls~student.z.proj.out,752,0.9966475267019596,1.0077681447386806,0.014956213313282717,1.1300637428331448,1.0109107277291345,1.010374941200722
in1k.floorssl.s0.e27v10u.extL,in1k.pairs100.v1@audit_v1.o8,student.h.cls~student.z.proj.out,753,1.058927439229084,1.0738815333332545,0.006831119003859939,1.1565321171415976,1.1374463896633047,1.1328274927785176
in1k.floorssl.s0.e27v10u.extL,in1k.pairs100.v1@audit_v1.o8,student.h.cls~student.z.proj.out,754,0.8429073003854448,0.8439716961754523,0.008981601239987818,0.9387430063910858,0.7114056484519389,0.7193348962643905
in1k.floorssl.s0.e27v10u.extL,in1k.pairs100.v1@audit_v1.o8,student.h.cls~student.z.proj.out,755,0.7379904039661755,0.7828015289086427,0.0713270625372589,1.0498727975566553,0.585634062446237,0.6043831072961185
in1k.floorssl.s0.e27v10u.extL,in1k.pairs100.v1@audit_v1.o8,student.h.cls~student.z.proj.out,756,0.9171986961658639,0.9204143113253117,0.033584922582067495,1.1036762074796065,0.8613398301858389,0.8659856450053318
in1k.floorssl.s0.e27v10u.extL,in1k.pairs100.v1@audit_v1.o8,student.h.cls~student.z.proj.out,757,0.9517703496648207,0.9531733503049519,0.019329573631210628,1.092204187284417,0.9203707002289526,0.9222864210102204
in1k.floorssl.s0.e27v10u.extL,in1k.pairs100.v1@audit_v1.o8,student.h.cls~student.z.proj.out,758,1.590561855774108,1.5979875032300188,0.0016224538888849184,1.638267198969745,2.5366931370785575,2.5342332041070526
in1k.floorssl.s0.e27v10u.extL,in1k.pairs100.v1@audit_v1.o8,student.h.cls~student.z.proj.out,759,0.9013800377184288,0.8953015089838755,0.05123161672794283,1.1216455319399563,0.8483149862291425,0.8472457237698322
in1k.floorssl.s0.e27v10u.extL,in1k.pairs100.v1@audit_v1.o8,student.h.cls~student.z.proj.out,760,0.7876362713083689,0.7868117469105269,0.019832877460947758,0.927640996219567,0.6272994862287437,0.6380663271375393
in1k.floorssl.s0.e27v10u.extL,in1k.pairs100.v1@audit_v1.o8,student.h.cls~student.z.proj.out,761,0.9810785849026029,0.9881381803672488,0.010899480915819552,1.0925387594643954,0.9720684507975399,0.9735648853874845
in1k.floorssl.s0.e27v10u.extL,in1k.pairs100.v1@audit_v1.o8,student.h.cls~student.z.proj.out,762,0.9642007892873893,0.9742333404561131,0.010923453108342945,1.0787486652096772,0.9410994531929058,0.9446192912998892
in1k.floorssl.s0.e27v10u.extL,in1k.pairs100.v1@audit_v1.o8,student.h.cls~student.z.proj.out,763,0.799347828001025,0.8045644598036608,0.007451130453662414,0.8908843906056627,0.6432875642848059,0.6516013491866024
in1k.floorssl.s0.e27v10u.extL,in1k.pairs100.v1@audit_v1.o8,student.h.cls~student.z.proj.out,764,0.9813820460577865,0.993360938818884,0.006914404822993014,1.0765138390869624,0.9695328579584447,0.9749658348976241
in1k.floorssl.s0.e27v10u.extL,in1k.pairs100.v1@audit_v1.o8,student.h.cls~student.z.proj.out,765,1.0245018747029864,1.040447084837152,0.01502255048217769,1.1630135993595847,1.0689063944490937,1.0679143946939402
in1k.floorssl.s0.e27v10u.extL,in1k.pairs100.v1@audit_v1.o8,student.h.cls~student.z.proj.out,766,0.8474930688632046,0.8730217771488282,0.03151098110950968,1.0505351037175952,0.7393271243722297,0.7483558828532357
in1k.floorssl.s0.e27v10u.extL,in1k.pairs100.v1@audit_v1.o8,student.h.cls~student.z.proj.out,767,1.1809557315710957,1.1840538939613885,0.0027139605699242368,1.23614958063432,1.3996552178560968,1.3998601655593508
in1k.floorssl.s0.e27v10u.extL,in1k.pairs100.v1@audit_v1.o8,student.h.cls~student.z.proj.out,768,0.9218268742971255,0.8927426139090201,0.08078788632271297,1.1769747132973774,0.8790040836447514,0.8854159526828096
in1k.floorssl.s0.e27v10u.extL,in1k.pairs100.v1@audit_v1.o8,student.h.cls~student.z.proj.out,769,1.0050833550415712,1.0249257176920061,0.006479090809581216,1.1054185174295057,1.0208551234865773,1.0240848017394542
in1k.floorssl.s0.e27v10u.extL,in1k.pairs100.v1@audit_v1.o8,student.h.cls~student.z.proj.out,770,0.8726827614194951,0.8727991734613029,0.04698365536776184,1.0895563079869324,0.7977742710874688,0.7989519709984663
in1k.floorssl.s0.e27v10u.extL,in1k.pairs100.v1@audit_v1.o8,student.h.cls~student.z.proj.out,771,1.156653947758986,1.1697732489436485,0.005102016638744903,1.241201651128948,1.3524771689550232,1.34718408965626
in1k.floorssl.s0.e27v10u.extL,in1k.pairs100.v1@audit_v1.o8,student.h.cls~student.z.proj.out,772,1.0150805457703642,1.015538084815899,0.002549055380650432,1.0660262555160782,1.0311765372020492,1.035911948477181
in1k.floorssl.s0.e27v10u.extL,in1k.pairs100.v1@audit_v1.o8,student.h.cls~student.z.proj.out,773,1.0238731670191112,1.0272133688014977,0.0031989610794410624,1.0837727277038143,1.0529210574133099,1.0539223162939506
in1k.floorssl.s0.e27v10u.extL,in1k.pairs100.v1@audit_v1.o8,student.h.cls~student.z.proj.out,774,0.8049476584942494,0.8091540689216664,0.010851141754841899,0.9133228826561134,0.6536925179321456,0.6606148712386779
in1k.floorssl.s0.e27v10u.extL,in1k.pairs100.v1@audit_v1.o8,student.h.cls~student.z.proj.out,775,0.8612647574550607,0.8632823469423199,0.005407042610081217,0.9368149425042964,0.7433329061617221,0.7499987604667187
in1k.floorssl.s0.e27v10u.extL,in1k.pairs100.v1@audit_v1.o8,student.h.cls~student.z.proj.out,776,1.1076619622266015,1.1198759964059133,0.007636767432559341,1.2072645965352171,1.239453064523553,1.2366319978574027
in1k.floorssl.s0.e27v10u.extL,in1k.pairs100.v1@audit_v1.o8,student.h.cls~student.z.proj.out,777,0.9586055067934336,0.9624613185991491,0.008111866710339744,1.052527220639487,0.9239179532879488,0.9280228633571259
in1k.floorssl.s0.e27v10u.extL,in1k.pairs100.v1@audit_v1.o8,student.h.cls~student.z.proj.out,778,1.2373753308966908,1.2392368650135428,0.0025001949182860026,1.2892388141584112,1.5352235489942148,1.5349474943527937
in1k.floorssl.s0.e27v10u.extL,in1k.pairs100.v1@audit_v1.o8,student.h.cls~student.z.proj.out,779,0.9265715380485644,0.9552147657574621,0.02238447498296327,1.1048291867968902,0.8965493764555875,0.8833798427023997
in1k.floorssl.s0.e27v10u.extL,in1k.pairs100.v1@audit_v1.o8,student.h.cls~student.z.proj.out,780,0.9625696796275276,0.9613452639378669,0.019166222695802575,1.0997873915428795,0.9497543710153005,0.9445650208065427
in1k.floorssl.s0.e27v10u.extL,in1k.pairs100.v1@audit_v1.o8,student.h.cls~student.z.proj.out,781,0.905423331458274,0.943124307497818,0.08236693143005251,1.2301207036947954,0.8841376739634075,0.8714070654810726
in1k.floorssl.s0.e27v10u.extL,in1k.pairs100.v1@audit_v1.o8,student.h.cls~student.z.proj.out,782,1.154904342907628,1.1661463684814752,0.007081159441455857,1.2502959938012344,1.3464623351874052,1.3438292353478074
in1k.floorssl.s0.e27v10u.extL,in1k.pairs100.v1@audit_v1.o8,student.h.cls~student.z.proj.out,783,1.1190607301721052,1.1361542815123185,0.01036158961101349,1.2379461751532832,1.2722458708262063,1.2681196444506997
in1k.floorssl.s0.e27v10u.extL,in1k.pairs100.v1@audit_v1.o8,student.h.cls~student.z.proj.out,784,0.9129562121995071,0.9136263165850754,0.002277730821346273,0.961351894856546,0.8354202686288063,0.8380602238404948
in1k.floorssl.s0.e27v10u.extL,in1k.pairs100.v1@audit_v1.o8,student.h.cls~student.z.proj.out,785,0.922629196312072,0.9311564076147755,0.011068375784098975,1.036362756206954,0.8633345295991295,0.8682673776364926
in1k.floorssl.s0.e27v10u.extL,in1k.pairs100.v1@audit_v1.o8,student.h.cls~student.z.proj.out,786,1.106102962379257,1.1171927903905907,0.0031536720633804985,1.1733503550046345,1.2325407320783763,1.2332483672866377
in1k.floorssl.s0.e27v10u.extL,in1k.pairs100.v1@audit_v1.o8,student.h.cls~student.z.proj.out,787,0.9964593640826521,1.003753843497893,0.004636580657692607,1.0718462854991357,0.9995457385191517,1.0021071298059383
in1k.floorssl.s0.e27v10u.extL,in1k.pairs100.v1@audit_v1.o8,student.h.cls~student.z.proj.out,788,0.9023903895009576,0.9078097190028295,0.004114746912519392,0.9719560120564378,0.8194682800166849,0.8231535669390426
in1k.floorssl.s0.e27v10u.extL,in1k.pairs100.v1@audit_v1.o8,student.h.cls~student.z.proj.out,789,0.8797994547305491,0.8872752839453891,0.050771478815071,1.112600557306082,0.8076776403541589,0.8123211250682958
in1k.floorssl.s0.e27v10u.extL,in1k.pairs100.v1@audit_v1.o8,student.h.cls~student.z.proj.out,790,0.8860138772614532,0.8893808880817985,0.018038407749892755,1.02368802769058,0.7900939829227116,0.8042789242528836
in1k.floorssl.s0.e27v10u.extL,in1k.pairs100.v1@audit_v1.o8,student.h.cls~student.z.proj.out,791,0.9946452149493663,1.0210899843241268,0.008989684686041527,1.1159039320641166,1.007263465395542,1.0088018783657748
in1k.floorssl.s0.e27v10u.extL,in1k.pairs100.v1@audit_v1.o8,student.h.cls~student.z.proj.out,792,0.8650928212227184,0.8661039878387294,0.002733932022938529,0.9183910036546902,0.7490644229421933,0.753770107964902
in1k.floorssl.s0.e27v10u.extL,in1k.pairs100.v1@audit_v1.o8,student.h.cls~student.z.proj.out,793,0.8490952004766454,0.8517865283579449,0.007638891143489797,0.9391872786035222,0.7259556882661661,0.7316398893581534
in1k.floorssl.s0.e27v10u.extL,in1k.pairs100.v1@audit_v1.o8,student.h.cls~student.z.proj.out,794,0.9063215194963018,0.9328404036152856,0.015249009777671858,1.05632728460947,0.8399946816708127,0.8510095826505064
in1k.floorssl.s0.e27v10u.extL,in1k.pairs100.v1@audit_v1.o8,student.h.cls~student.z.proj.out,795,1.0692532063350486,1.075628433597794,0.019588264972425523,1.215586516509877,1.16318574678528,1.1636255461857818
in1k.floorssl.s0.e27v10u.extL,in1k.pairs100.v1@audit_v1.o8,student.h.cls~student.z.proj.out,796,1.1371439335451607,1.1751648071554572,0.02298555117640025,1.326774672192005,1.329885134220315,1.3212260588298854
in1k.floorssl.s0.e27v10u.extL,in1k.pairs100.v1@audit_v1.o8,student.h.cls~student.z.proj.out,797,1.0999524552195408,1.1269675620552302,0.006657315583487983,1.208559936597757,1.22902742172361,1.2260662371757245
in1k.floorssl.s0.e27v10u.extL,in1k.pairs100.v1@audit_v1.o8,student.h.cls~student.z.proj.out,798,0.7979076269307922,0.8363533840824504,0.030786745514708665,1.0118149055471541,0.6625868458051166,0.668158742618965
in1k.floorssl.s0.e27v10u.extL,in1k.pairs100.v1@audit_v1.o8,student.h.cls~student.z.proj.out,799,0.9825550614721897,0.9882306958546979,0.013624817795822908,1.1049560906744325,0.9760252722143805,0.9815483768191621
in1k.floorssl.s0.e27v10u.extL,in1k.pairs100.v1@audit_v1.o8,student.h.cls~student.z.proj.out,800,0.7472569873874285,0.7682483563898681,0.06878785179125384,1.0305227390337968,0.5924912336153118,0.6086804239987557
in1k.floorssl.s0.e27v10u.extL,in1k.pairs100.v1@audit_v1.o8,student.h.cls~student.z.proj.out,801,1.0747395123343564,1.0919508489606577,0.018476229823300508,1.2278781450541962,1.178126252971691,1.1752224019584325
in1k.floorssl.s0.e27v10u.extL,in1k.pairs100.v1@audit_v1.o8,student.h.cls~student.z.proj.out,802,0.9295121053762188,0.9349071510541936,0.031172991801784358,1.1114658999220546,0.8919911623300126,0.8899755715645069
in1k.floorssl.s0.e27v10u.extL,in1k.pairs100.v1@audit_v1.o8,student.h.cls~student.z.proj.out,803,0.8105345084906805,0.8229876049394295,0.03479217673998444,1.0095142162847934,0.676434418325912,0.6901604526707985
in1k.floorssl.s0.e27v10u.extL,in1k.pairs100.v1@audit_v1.o8,student.h.cls~student.z.proj.out,804,0.9902132102310022,0.9922335489311213,0.0016357255485990856,1.0326776529340422,0.9826240071373795,0.9855004592154998
in1k.floorssl.s0.e27v10u.extL,in1k.pairs100.v1@audit_v1.o8,student.h.cls~student.z.proj.out,805,0.9453941331970956,0.9520151746541279,0.00542945307995986,1.0256999972430427,0.8969517996437499,0.9015248838352979
in1k.floorssl.s0.e27v10u.extL,in1k.pairs100.v1@audit_v1.o8,student.h.cls~student.z.proj.out,806,0.7637498531698961,0.7746839773346327,0.014780324140788604,0.896258333762247,0.590568537768256,0.6042150412924404
in1k.floorssl.s0.e27v10u.extL,in1k.pairs100.v1@audit_v1.o8,student.h.cls~student.z.proj.out,807,0.8944307130298096,0.9109074929711991,0.01311097457843511,1.0254106570254518,0.8130887410681623,0.8196907131537584
in1k.floorssl.s0.e27v10u.extL,in1k.pairs100.v1@audit_v1.o8,student.h.cls~student.z.proj.out,808,0.933091695407713,0.9521175535543831,0.004826312927143531,1.0215892235151918,0.880692090812588,0.8815779570104881
in1k.floorssl.s0.e27v10u.extL,in1k.pairs100.v1@audit_v1.o8,student.h.cls~student.z.proj.out,809,0.9386009885215053,0.9409932763601039,0.012041037962671294,1.0507249398063092,0.8889411583953019,0.8906231099798955
in1k.floorssl.s0.e27v10u.extL,in1k.pairs100.v1@audit_v1.o8,student.h.cls~student.z.proj.out,810,1.0171732485557057,1.0205751332512463,0.04000019179148698,1.220575612729389,1.0626137597332996,1.0557878199895738
in1k.floorssl.s0.e27v10u.extL,in1k.pairs100.v1@audit_v1.o8,student.h.cls~student.z.proj.out,811,0.8735191399713216,0.879781768020333,0.00349676698413652,0.9389152355673704,0.7665077782643134,0.7702490158352886
in1k.floorssl.s0.e27v10u.extL,in1k.pairs100.v1@audit_v1.o8,student.h.cls~student.z.proj.out,812,1.101431272216654,1.1214079973539113,0.012029859557038796,1.2310887137859203,1.2339781950382156,1.2298905892639023
in1k.floorssl.s0.e27v10u.extL,in1k.pairs100.v1@audit_v1.o8,student.h.cls~student.z.proj.out,813,0.9968633255215661,0.9975594726710715,0.0015395746003680371,1.0367968859442223,0.9939157795400094,0.9971751921808211
in1k.floorssl.s0.e27v10u.extL,in1k.pairs100.v1@audit_v1.o8,student.h.cls~student.z.proj.out,814,0.8551658343341509,0.8638802146537072,0.034316323313516355,1.049126869990629,0.7497417742529054,0.7645576927106533
in1k.floorssl.s0.e27v10u.extL,in1k.pairs100.v1@audit_v1.o8,student.h.cls~student.z.proj.out,815,0.8628042756590439,0.9041574903618732,0.0563984687885739,1.1416411082991405,0.7865840139672454,0.783841299090691
in1k.floorssl.s0.e27v10u.extL,in1k.pairs100.v1@audit_v1.o8,student.h.cls~student.z.proj.out,816,0.9809642127942103,1.0195082276434473,0.028073761246783877,1.1870604918680285,1.0103768418959305,0.9901691174525342
in1k.floorssl.s0.e27v10u.extL,in1k.pairs100.v1@audit_v1.o8,student.h.cls~student.z.proj.out,817,0.8561589398459953,0.874238636094258,0.027941649591973174,1.0413961952771236,0.7441347803436249,0.7558628082632868
in1k.floorssl.s0.e27v10u.extL,in1k.pairs100.v1@audit_v1.o8,student.h.cls~student.z.proj.out,818,0.9706535746030861,0.9739738900392798,0.002068035344235767,1.0194495466506557,0.944841160833559,0.9470162499715643
in1k.floorssl.s0.e27v10u.extL,in1k.pairs100.v1@audit_v1.o8,student.h.cls~student.z.proj.out,819,0.794487306495939,0.7906365307277223,0.022531974071656195,0.9407430731289654,0.6400499056621217,0.6559340089694047
in1k.floorssl.s0.e27v10u.extL,in1k.pairs100.v1@audit_v1.o8,student.h.cls~student.z.proj.out,820,0.8699716416411716,0.8975744813151839,0.05716717246090642,1.1366710569094538,0.8107033635681369,0.8040963230052119
in1k.floorssl.s0.e27v10u.extL,in1k.pairs100.v1@audit_v1.o8,student.h.cls~student.z.proj.out,821,0.9271646681329497,0.9327026555171875,0.02879613431339032,1.1023968932313488,0.8841448642817011,0.887439020582743
in1k.floorssl.s0.e27v10u.extL,in1k.pairs100.v1@audit_v1.o8,student.h.cls~student.z.proj.out,822,1.028817518522329,1.0516574669320364,0.005609841290435603,1.126556340691497,1.0717102476167768,1.0738976024936437
in1k.floorssl.s0.e27v10u.extL,in1k.pairs100.v1@audit_v1.o8,student.h.cls~student.z.proj.out,823,1.051214678612916,1.0561190152809266,0.0019561673905461106,1.1003475964309715,1.1086086757004052,1.1104218189468502
in1k.floorssl.s0.e27v10u.extL,in1k.pairs100.v1@audit_v1.o8,student.h.cls~student.z.proj.out,824,0.8117268451776017,0.8114815235575191,0.005238247539094769,0.883857262165804,0.6620762512575956,0.6673112906915293
in1k.floorssl.s0.e27v10u.extL,in1k.pairs100.v1@audit_v1.o8,student.h.cls~student.z.proj.out,825,0.8364671547131158,0.8511632340067874,0.03754452478476995,1.044927329712803,0.7244875853455253,0.7396599111957456
in1k.floorssl.s0.e27v10u.extL,in1k.pairs100.v1@audit_v1.o8,student.h.cls~student.z.proj.out,826,1.0919067079199953,1.0923732517889702,0.015532360614089092,1.2170021433594607,1.2057226600313797,1.2049702463662784
in1k.floorssl.s0.e27v10u.extL,in1k.pairs100.v1@audit_v1.o8,student.h.cls~student.z.proj.out,827,1.0277882059366839,1.038842649330053,0.013161070165070529,1.1535643568010916,1.066754444843997,1.067766338891129
in1k.floorssl.s0.e27v10u.extL,in1k.pairs100.v1@audit_v1.o8,student.h.cls~student.z.proj.out,828,1.0263981981421033,1.0308398460742738,0.0032924314776274434,1.0882195591933497,1.0569948963200537,1.0595015695565082
in1k.floorssl.s0.e27v10u.extL,in1k.pairs100.v1@audit_v1.o8,student.h.cls~student.z.proj.out,829,0.8812780291106442,0.8866797484138731,0.03296471878105584,1.0682416353314084,0.7941220973559411,0.79864110343294
in1k.floorssl.s0.e27v10u.extL,in1k.pairs100.v1@audit_v1.o8,student.h.cls~student.z.proj.out,830,0.9522961459632202,0.9561524531776077,0.002401406548597175,1.0051566014570867,0.9097595261250114,0.912701231948778
in1k.floorssl.s0.e27v10u.extL,in1k.pairs100.v1@audit_v1.o8,student.h.cls~student.z.proj.out,831,0.8058372682792793,0.8097402194985452,0.014261127623812419,0.9291601827534902,0.6584295163603485,0.6698816280557619
in1k.floorssl.s0.e27v10u.extL,in1k.pairs100.v1@audit_v1.o8,student.h.cls~student.z.proj.out,832,0.7799428274452812,0.8216586990960395,0.057382476150003296,1.0612050957502228,0.6479420328346969,0.6557859052217747
in1k.floorssl.s0.e27v10u.extL,in1k.pairs100.v1@audit_v1.o8,student.h.cls~student.z.proj.out,833,0.8288932458060666,0.8472517657673707,0.01392849144421545,0.9652707957761597,0.6964282965558092,0.7121309199925909
in1k.floorssl.s0.e27v10u.extL,in1k.pairs100.v1@audit_v1.o8,student.h.cls~student.z.proj.out,834,0.8528780634824633,0.8583286184099995,0.014412015353303187,0.978378671943112,0.7357036741319541,0.7416004727945491
in1k.floorssl.s0.e27v10u.extL,in1k.pairs100.v1@audit_v1.o8,student.h.cls~student.z.proj.out,835,0.9300497229955926,0.9477770043661653,0.027179682225409944,1.1126396205816371,0.8836332917988552,0.8940087919741603
in1k.floorssl.s0.e27v10u.extL,in1k.pairs100.v1@audit_v1.o8,student.h.cls~student.z.proj.out,836,0.9790256786349251,0.9855695369107993,0.0037683673421481756,1.0469565660142521,0.9645680493581605,0.9655760705903018
in1k.floorssl.s0.e27v10u.extL,in1k.pairs100.v1@audit_v1.o8,student.h.cls~student.z.proj.out,837,1.025776517573715,1.0291229077332653,0.003909570549869236,1.091649466489279,1.056515011297595,1.0580686795018204
in1k.floorssl.s0.e27v10u.extL,in1k.pairs100.v1@audit_v1.o8,student.h.cls~student.z.proj.out,838,0.9196790693916728,0.9213631000551373,0.007959702745798462,1.010580266260966,0.8508641307566315,0.8533667074146832
in1k.floorssl.s0.e27v10u.extL,in1k.pairs100.v1@audit_v1.o8,student.h.cls~student.z.proj.out,839,1.0214661547278303,1.0345395492030474,0.01573631825650878,1.1599840319693642,1.0646566383366312,1.0614614364987507
in1k.floorssl.s0.e27v10u.extL,in1k.pairs100.v1@audit_v1.o8,student.h.cls~student.z.proj.out,840,1.000932758087605,1.010899912910095,0.002996742504132167,1.065642423851156,1.008421517850147,1.0094412204395111
in1k.floorssl.s0.e27v10u.extL,in1k.pairs100.v1@audit_v1.o8,student.h.cls~student.z.proj.out,841,1.1226616394282591,1.1300954646631984,0.004902615644492796,1.200114145345519,1.2695870679378505,1.2702550019416536
in1k.floorssl.s0.e27v10u.extL,in1k.pairs100.v1@audit_v1.o8,student.h.cls~student.z.proj.out,842,0.9549363633667536,0.9538422790495381,0.011007957351976782,1.058761092195593,0.9174843643904684,0.9213242690822695
in1k.floorssl.s0.e27v10u.extL,in1k.pairs100.v1@audit_v1.o8,student.h.cls~student.z.proj.out,843,0.9462839893491796,0.9524530706953385,0.006354538778526834,1.0321684316901105,0.9000063687979484,0.9039204532092813
in1k.floorssl.s0.e27v10u.extL,in1k.pairs100.v1@audit_v1.o8,student.h.cls~student.z.proj.out,844,0.942731334398786,0.9510577473682212,0.0042794242447752925,1.016475055817708,0.8948217382605999,0.8994379644043874
in1k.floorssl.s0.e27v10u.extL,in1k.pairs100.v1@audit_v1.o8,student.h.cls~student.z.proj.out,845,0.9172651708962118,0.9196133465164988,0.00213969131641659,0.9658701440322867,0.8428230864687756,0.8462570830624528
in1k.floorssl.s0.e27v10u.extL,in1k.pairs100.v1@audit_v1.o8,student.h.cls~student.z.proj.out,846,1.0655155993054648,1.1010057579556785,0.0057407215477227975,1.1767733073929065,1.1616814220039995,1.1493435864902122
in1k.floorssl.s0.e27v10u.extL,in1k.pairs100.v1@audit_v1.o8,student.h.cls~student.z.proj.out,847,0.8635720404053634,0.86290438006894,0.05178102963395589,1.09045883428585,0.7842504046691295,0.779729484090438
in1k.floorssl.s0.e27v10u.extL,in1k.pairs100.v1@audit_v1.o8,student.h.cls~student.z.proj.out,848,1.130336202288057,1.1353719270265386,0.007623180504210629,1.2226827539852303,1.288835257084076,1.2857185687695747
in1k.floorssl.s0.e27v10u.extL,in1k.pairs100.v1@audit_v1.o8,student.h.cls~student.z.proj.out,849,0.8122857017486217,0.8156981837944921,0.016274332897671853,0.9432690774092656,0.6639081582974526,0.6758392832360663
in1k.floorssl.s0.e27v10u.extL,in1k.pairs100.v1@audit_v1.o8,student.h.cls~student.z.proj.out,850,0.8546914438360809,0.8897974795340576,0.03437011020783306,1.0751892544536399,0.7603283721543298,0.7730573094814449
in1k.floorssl.s0.e27v10u.extL,in1k.pairs100.v1@audit_v1.o8,student.h.cls~student.z.proj.out,851,0.9714193617115412,0.9840772652772429,0.004931370565154124,1.054300983244566,0.9519088066397354,0.9540614401856069
in1k.floorssl.s0.e27v10u.extL,in1k.pairs100.v1@audit_v1.o8,student.h.cls~student.z.proj.out,852,1.0560738270517245,1.069660746811662,0.009675220956168844,1.1680234478531077,1.1296633362415227,1.1283618258744361
in1k.floorssl.s0.e27v10u.extL,in1k.pairs100.v1@audit_v1.o8,student.h.cls~student.z.proj.out,853,0.775704880076451,0.8084421706512033,0.042806638003236,1.0153398216848388,0.6258783622538804,0.6439928040044917
in1k.floorssl.s0.e27v10u.extL,in1k.pairs100.v1@audit_v1.o8,student.h.cls~student.z.proj.out,854,0.9913073959076841,1.03019847168735,0.06442190008221489,1.2840131680353253,1.0465207156873533,1.035106324805852
in1k.floorssl.s0.e27v10u.extL,in1k.pairs100.v1@audit_v1.o8,student.h.cls~student.z.proj.out,855,0.9016634204366654,0.9138618811568502,0.012531041238953055,1.0258040145961993,0.8243163479236931,0.8300661296145818
in1k.floorssl.s0.e27v10u.extL,in1k.pairs100.v1@audit_v1.o8,student.h.cls~student.z.proj.out,856,0.8840420336731544,0.883809657289275,0.025693093908244098,1.0441003117524847,0.7893485644406294,0.8037732571444176
in1k.floorssl.s0.e27v10u.extL,in1k.pairs100.v1@audit_v1.o8,student.h.cls~student.z.proj.out,857,0.8643479706942312,0.8811296622843762,0.013148479538309379,0.9957964819765146,0.7602542783885816,0.7659824088810431
in1k.floorssl.s0.e27v10u.extL,in1k.pairs100.v1@audit_v1.o8,student.h.cls~student.z.proj.out,858,0.8210942347678312,0.8365259732984879,0.0552500938298222,1.071579358362014,0.7069090863529295,0.7182556907897201
in1k.floorssl.s0.e27v10u.extL,in1k.pairs100.v1@audit_v1.o8,student.h.cls~student.z.proj.out,859,1.027119377904638,1.0319509170164207,0.0023612196214513564,1.0805432993561594,1.0590867959679726,1.0598858730807441
in1k.floorssl.s0.e27v10u.extL,in1k.pairs100.v1@audit_v1.o8,student.h.cls~student.z.proj.out,860,0.9538000700489775,0.9568639010181318,0.012420800338169915,1.0683125454162128,0.9203813207017336,0.921712655121449
in1k.floorssl.s0.e27v10u.extL,in1k.pairs100.v1@audit_v1.o8,student.h.cls~student.z.proj.out,861,0.8803758278465639,0.8853995439470875,0.010044838768645665,0.9856234870377765,0.7821000857377167,0.7920228159098118
in1k.floorssl.s0.e27v10u.extL,in1k.pairs100.v1@audit_v1.o8,student.h.cls~student.z.proj.out,862,1.054458421509125,1.0678266389020115,0.015692709704197404,1.1930971849381704,1.123151823720281,1.128883270016368
in1k.floorssl.s0.e27v10u.extL,in1k.pairs100.v1@audit_v1.o8,student.h.cls~student.z.proj.out,863,0.6677169386731351,0.7000882045793048,0.08982619398667178,0.9997983879009127,0.48236294674964164,0.5104687815074646
in1k.floorssl.s0.e27v10u.extL,in1k.pairs100.v1@audit_v1.o8,student.h.cls~student.z.proj.out,864,0.9248851551511994,0.9238100517277912,0.009141026245298821,1.0194187660026879,0.8613377262329789,0.8631020662281852
in1k.floorssl.s0.e27v10u.extL,in1k.pairs100.v1@audit_v1.o8,student.h.cls~student.z.proj.out,865,0.9753953038033664,0.9766915752283801,0.012104503418076198,1.0867120434062434,0.9627031916669165,0.9652766069839003
in1k.floorssl.s0.e27v10u.extL,in1k.pairs100.v1@audit_v1.o8,student.h.cls~student.z.proj.out,866,0.8500391970417566,0.8453354519068589,0.03551906272404934,1.033800469148917,0.7367007247070781,0.7499341147248031
in1k.floorssl.s0.e27v10u.extL,in1k.pairs100.v1@audit_v1.o8,student.h.cls~student.z.proj.out,867,0.9157769102328989,0.9258100005862698,0.02410861702482305,1.0810794986366694,0.8544410565166292,0.8599142344558439
in1k.floorssl.s0.e27v10u.extL,in1k.pairs100.v1@audit_v1.o8,student.h.cls~student.z.proj.out,868,0.968537851879017,0.9716086479995064,0.0018206306048896917,1.0142774961781214,0.9409668426636941,0.9419015691855749
in1k.floorssl.s0.e27v10u.extL,in1k.pairs100.v1@audit_v1.o8,student.h.cls~student.z.proj.out,869,0.9813247236369347,0.9908276444655232,0.011137896370955693,1.096363876968658,0.9737678036562265,0.9786340283229317
in1k.floorssl.s0.e27v10u.extL,in1k.pairs100.v1@audit_v1.o8,student.h.cls~student.z.proj.out,870,0.998899474211029,1.0048151905108307,0.004613688388364769,1.0727393275194432,1.0030047329706786,1.0062916084942424
in1k.floorssl.s0.e27v10u.extL,in1k.pairs100.v1@audit_v1.o8,student.h.cls~student.z.proj.out,871,0.9225758091749184,0.9325423460814805,0.015733339424079656,1.0579749551752868,0.868740991107588,0.8701322643698937
in1k.floorssl.s0.e27v10u.extL,in1k.pairs100.v1@audit_v1.o8,student.h.cls~student.z.proj.out,872,0.999595744035102,1.0128769440710592,0.002618268565462508,1.0640459636577437,1.0071563099489724,1.009338057739527
in1k.floorssl.s0.e27v10u.extL,in1k.pairs100.v1@audit_v1.o8,student.h.cls~student.z.proj.out,873,0.7430167656022794,0.7638910510473438,0.05565603302083258,0.9998063600479099,0.5800734494040946,0.5984919782458277
in1k.floorssl.s0.e27v10u.extL,in1k.pairs100.v1@audit_v1.o8,student.h.cls~student.z.proj.out,874,0.8803335238590286,0.8678653268609338,0.06081831392932083,1.1144790205791066,0.8158824594135076,0.8104266870084785
in1k.floorssl.s0.e27v10u.extL,in1k.pairs100.v1@audit_v1.o8,student.h.cls~student.z.proj.out,875,0.802629994745861,0.8044131861566042,0.008674494342559876,0.8975501516566669,0.646909376459114,0.6565260004399879
in1k.floorssl.s0.e27v10u.extL,in1k.pairs100.v1@audit_v1.o8,student.h.cls~student.z.proj.out,876,0.9231287823362946,0.9338423130488765,0.004081115509824138,0.9977259221346517,0.8576685262290689,0.8612770198618929
in1k.floorssl.s0.e27v10u.extL,in1k.pairs100.v1@audit_v1.o8,student.h.cls~student.z.proj.out,877,0.8827047384082048,0.8852177315797735,0.01625631008814888,1.0127179672193551,0.7901969442179335,0.7983868362118641
in1k.floorssl.s0.e27v10u.extL,in1k.pairs100.v1@audit_v1.o8,student.h.cls~student.z.proj.out,878,0.8584030297236068,0.8652432060147492,0.06857702377066356,1.1271153575900237,0.7655583639029975,0.772470196098434
in1k.floorssl.s0.e27v10u.extL,in1k.pairs100.v1@audit_v1.o8,student.h.cls~student.z.proj.out,879,0.7649697584040186,0.7637269364478655,0.0024735359357752214,0.813461591727411,0.5851235120457629,0.5936723630345193
in1k.floorssl.s0.e27v10u.extL,in1k.pairs100.v1@audit_v1.o8,student.h.cls~student.z.proj.out,880,0.9127771340060805,0.9158787445653092,0.00522995064587313,0.9881971422651554,0.8351410420493116,0.8413282559408326
in1k.floorssl.s0.e27v10u.extL,in1k.pairs100.v1@audit_v1.o8,student.h.cls~student.z.proj.out,881,0.9230176238948886,0.9457357711802034,0.032716373704987076,1.1266124521122325,0.8837755414147139,0.8819727058174562
in1k.floorssl.s0.e27v10u.extL,in1k.pairs100.v1@audit_v1.o8,student.h.cls~student.z.proj.out,882,1.0307348452315717,1.0352089076763455,0.0016536319296628803,1.0758737810889467,1.0658094966533014,1.067970154250983
in1k.floorssl.s0.e27v10u.extL,in1k.pairs100.v1@audit_v1.o8,student.h.cls~student.z.proj.out,883,0.9040800449073839,0.9032954733565349,0.0060216514861195424,0.9808947741660109,0.8215937602683654,0.8249352349170485
in1k.floorssl.s0.e27v10u.extL,in1k.pairs100.v1@audit_v1.o8,student.h.cls~student.z.proj.out,884,0.7979731148289758,0.7974779980386308,0.03268726203611381,0.9782741872576346,0.6538374429957114,0.6643369791419909
in1k.floorssl.s0.e27v10u.extL,in1k.pairs100.v1@audit_v1.o8,student.h.cls~student.z.proj.out,885,0.9331569270072099,0.9366605517344003,0.0033695729774459657,0.9947085747622861,0.8737656497186723,0.8821547102611939
in1k.floorssl.s0.e27v10u.extL,in1k.pairs100.v1@audit_v1.o8,student.h.cls~student.z.proj.out,886,0.8440174576419673,0.8432013489450005,0.042792487221976025,1.050064799612285,0.7352394607160556,0.7458677541376243
in1k.floorssl.s0.e27v10u.extL,in1k.pairs100.v1@audit_v1.o8,student.h.cls~student.z.proj.out,887,0.9206578903810065,0.9322342055191613,0.011493782374595338,1.039443264719377,0.8590666461278287,0.8645978799410029
in1k.floorssl.s0.e27v10u.extL,in1k.pairs100.v1@audit_v1.o8,student.h.cls~student.z.proj.out,888,0.8453078376386711,0.8882652126301751,0.058626991106437626,1.13039532456679,0.7710846226062549,0.7692636470803027
in1k.floorssl.s0.e27v10u.extL,in1k.pairs100.v1@audit_v1.o8,student.h.cls~student.z.proj.out,889,0.9695192214460041,0.9747724144657975,0.006962868193589559,1.0582162170732383,0.9455937608009529,0.9495226516670418
in1k.floorssl.s0.e27v10u.extL,in1k.pairs100.v1@audit_v1.o8,student.h.cls~student.z.proj.out,890,0.9475332484890773,0.9426595667644424,0.0217594254637438,1.0901703306555692,0.9145295784803449,0.9130995515744766
in1k.floorssl.s0.e27v10u.extL,in1k.pairs100.v1@audit_v1.o8,student.h.cls~student.z.proj.out,891,0.9625273863893538,0.9827143201292878,0.006392795526519556,1.0626692794909156,0.9388442920377612,0.938675644990087
in1k.floorssl.s0.e27v10u.extL,in1k.pairs100.v1@audit_v1.o8,student.h.cls~student.z.proj.out,892,0.861342537718891,0.8660442462489157,0.011860790122598743,0.9749515009319658,0.7462276921814376,0.7554055019266308
in1k.floorssl.s0.e27v10u.extL,in1k.pairs100.v1@audit_v1.o8,student.h.cls~student.z.proj.out,893,1.0162482560849926,1.0248212890715918,0.00392093549246898,1.0874386627986092,1.040251320896046,1.0418532100961535
in1k.floorssl.s0.e27v10u.extL,in1k.pairs100.v1@audit_v1.o8,student.h.cls~student.z.proj.out,894,1.0057979489747355,1.007742927003446,0.016467845766535816,1.1360700315703915,1.019746714874604,1.0252272018218709
in1k.floorssl.s0.e27v10u.extL,in1k.pairs100.v1@audit_v1.o8,student.h.cls~student.z.proj.out,895,0.9008058447670816,0.9016233500658731,0.021172745138974627,1.0471319241739807,0.8279584694645719,0.8308208568299353
in1k.floorssl.s0.e27v10u.extL,in1k.pairs100.v1@audit_v1.o8,student.h.cls~student.z.proj.out,896,0.8455002485733547,0.854726271790706,0.00721952627738546,0.9396940673216333,0.7210278604455124,0.7295841107871257
in1k.floorssl.s0.e27v10u.extL,in1k.pairs100.v1@audit_v1.o8,student.h.cls~student.z.proj.out,897,1.114643972424716,1.1273576423151852,0.012098732137014939,1.2373518791506437,1.2627880239196922,1.2561263444764759
in1k.floorssl.s0.e27v10u.extL,in1k.pairs100.v1@audit_v1.o8,student.h.cls~student.z.proj.out,898,0.9710775118765733,0.9721582033348081,0.002111843453023395,1.0181130012673787,0.9447103787881875,0.9481750893902399
in1k.floorssl.s0.e27v10u.extL,in1k.pairs100.v1@audit_v1.o8,student.h.cls~student.z.proj.out,899,0.9331233024573347,0.9332542562629266,0.0016613221761516907,0.9740135763768796,0.8717066633368745,0.8744338798054675
in1k.floorssl.s0.e27v10u.extL,in1k.pairs100.v1@audit_v1.o8,student.h.cls~student.z.proj.out,900,0.7725332757052608,0.8028353483641735,0.08911887460012943,1.101363193966773,0.6407271302086636,0.6531197390006999
in1k.floorssl.s0.e27v10u.extL,in1k.pairs100.v1@audit_v1.o8,student.h.cls~student.z.proj.out,901,1.0231452519580977,1.0331834084526579,0.01197953902883542,1.142634488981063,1.0638438159868506,1.0620841722034964
in1k.floorssl.s0.e27v10u.extL,in1k.pairs100.v1@audit_v1.o8,student.h.cls~student.z.proj.out,902,0.9357766676518603,0.9359297089505094,0.002844260583203471,0.9892613185568533,0.8766415339496181,0.8788300210650354
in1k.floorssl.s0.e27v10u.extL,in1k.pairs100.v1@audit_v1.o8,student.h.cls~student.z.proj.out,903,0.9622859603168391,0.9673039321444763,0.008103784165604902,1.0573249528318964,0.9366590361659085,0.937824399063078
in1k.floorssl.s0.e27v10u.extL,in1k.pairs100.v1@audit_v1.o8,student.h.cls~student.z.proj.out,904,1.005088270979345,1.0175878603379762,0.030328862897561346,1.191739698966115,1.048116863284415,1.0334476519222446
in1k.floorssl.s0.e27v10u.extL,in1k.pairs100.v1@audit_v1.o8,student.h.cls~student.z.proj.out,905,0.9418429404413969,0.9475467572848137,0.020008310458185574,1.0889974923772323,0.8974169307644874,0.9060679541819504
in1k.floorssl.s0.e27v10u.extL,in1k.pairs100.v1@audit_v1.o8,student.h.cls~student.z.proj.out,906,0.9039972755216665,0.9364222938130083,0.012001085746082846,1.0459717609321268,0.8374818506683962,0.8400022008683548
in1k.floorssl.s0.e27v10u.extL,in1k.pairs100.v1@audit_v1.o8,student.h.cls~student.z.proj.out,907,1.1201230345380857,1.1294780223810597,0.01356169978577153,1.2459327336888102,1.271715507232279,1.2690191368302164
in1k.floorssl.s0.e27v10u.extL,in1k.pairs100.v1@audit_v1.o8,student.h.cls~student.z.proj.out,908,1.0629118609079211,1.117775585735372,0.03327922113901292,1.3002015190316358,1.1937851243372715,1.1631411840591057
in1k.floorssl.s0.e27v10u.extL,in1k.pairs100.v1@audit_v1.o8,student.h.cls~student.z.proj.out,909,0.9979210511167419,0.9992028837233701,0.015644302633797104,1.1242800704274094,1.0059501311744456,1.0073097817594507
in1k.floorssl.s0.e27v10u.extL,in1k.pairs100.v1@audit_v1.o8,student.h.cls~student.z.proj.out,910,1.033706079843182,1.0366595540766501,0.0015002036210704872,1.0753920161862358,1.0706526107374341,1.0726391859449746
in1k.floorssl.s0.e27v10u.extL,in1k.pairs100.v1@audit_v1.o8,student.h.cls~student.z.proj.out,911,0.85882937087205,0.8582507247762484,0.013351303060729233,0.9737985636168309,0.7424096843131607,0.7487669806029009
in1k.floorssl.s0.e27v10u.extL,in1k.pairs100.v1@audit_v1.o8,student.h.cls~student.z.proj.out,912,0.9370439462162454,0.9561660722486569,0.01901042970428075,1.0940443870928729,0.899253946343012,0.8994816350630463
in1k.floorssl.s0.e27v10u.extL,in1k.pairs100.v1@audit_v1.o8,student.h.cls~student.z.proj.out,913,0.9452670389438705,0.9604195025920463,0.013328186103159547,1.075867266118065,0.9106603321575848,0.9113829722675829
in1k.floorssl.s0.e27v10u.extL,in1k.pairs100.v1@audit_v1.o8,student.h.cls~student.z.proj.out,914,0.9023405529544306,0.89093706637886,0.02825791532559874,1.0590379745429706,0.8373772518245196,0.8388513350881824
in1k.floorssl.s0.e27v10u.extL,in1k.pairs100.v1@audit_v1.o8,student.h.cls~student.z.proj.out,915,0.8758932114047266,0.9387908046208642,0.046868203113840226,1.155281458261709,0.8241641961627426,0.8103682946468734
in1k.floorssl.s0.e27v10u.extL,in1k.pairs100.v1@audit_v1.o8,student.h.cls~student.z.proj.out,916,0.8594064014157509,0.8955247718952113,0.07912778123082402,1.1768213791104851,0.803815125845462,0.7953311254868054
in1k.floorssl.s0.e27v10u.extL,in1k.pairs100.v1@audit_v1.o8,student.h.cls~student.z.proj.out,917,0.8066005782155782,0.8235715878639682,0.043593455924193676,1.0323620472345862,0.6761378129867442,0.6895193625598753
in1k.floorssl.s0.e27v10u.extL,in1k.pairs100.v1@audit_v1.o8,student.h.cls~student.z.proj.out,918,0.883348248345464,0.8919812706405519,0.039946921879733144,1.0918485312905473,0.8114430394813176,0.8051284490707691
in1k.floorssl.s0.e27v10u.extL,in1k.pairs100.v1@audit_v1.o8,student.h.cls~student.z.proj.out,919,0.8458353094610579,0.8648570152331789,0.025644709947635205,1.0249966728687414,0.7390644692672016,0.7457794509676848
in1k.floorssl.s0.e27v10u.extL,in1k.pairs100.v1@audit_v1.o8,student.h.cls~student.z.proj.out,920,0.820977172640084,0.8569249066654082,0.019524678979013714,0.9966556440821044,0.6968034842934051,0.7039858016228757
in1k.floorssl.s0.e27v10u.extL,in1k.pairs100.v1@audit_v1.o8,student.h.cls~student.z.proj.out,921,0.961593016462256,0.9797773296645329,0.007964429005189141,1.0690209793276273,0.9370746053831664,0.9375054425632645
in1k.floorssl.s0.e27v10u.extL,in1k.pairs100.v1@audit_v1.o8,student.h.cls~student.z.proj.out,922,0.8700755806677871,0.8643434731619809,0.056613622976660824,1.102279647327787,0.7751281946985867,0.7959998917117661
in1k.floorssl.s0.e27v10u.extL,in1k.pairs100.v1@audit_v1.o8,student.h.cls~student.z.proj.out,923,0.9366561654094271,0.9377617161478665,0.009373685804628239,1.0345795130894837,0.8821747438371228,0.8854926092112432
in1k.floorssl.s0.e27v10u.extL,in1k.pairs100.v1@audit_v1.o8,student.h.cls~student.z.proj.out,924,1.060967513619307,1.0638049222451613,0.006559682409129352,1.1447967885598065,1.1347919703632456,1.1346388663561353
in1k.floorssl.s0.e27v10u.extL,in1k.pairs100.v1@audit_v1.o8,student.h.cls~student.z.proj.out,925,0.9737749368839148,0.9659427760081976,0.028819673563120658,1.1357063573886592,0.9756873026426937,0.9703202954155855
in1k.floorssl.s0.e27v10u.extL,in1k.pairs100.v1@audit_v1.o8,student.h.cls~student.z.proj.out,926,0.894730120456011,0.8909287199342132,0.02804521892897688,1.0583957881266697,0.813690259323315,0.8205340565173864
in1k.floorssl.s0.e27v10u.extL,in1k.pairs100.v1@audit_v1.o8,student.h.cls~student.z.proj.out,927,0.9398286020288299,0.9655443520169175,0.057504557215807314,1.2053454304461175,0.9341732610516665,0.9219432461572865
in1k.floorssl.s0.e27v10u.extL,in1k.pairs100.v1@audit_v1.o8,student.h.cls~student.z.proj.out,928,0.8994454445950028,0.9024537338107446,0.005309262047475936,0.9753184169396509,0.8135530181084895,0.8184337664711726
in1k.floorssl.s0.e27v10u.extL,in1k.pairs100.v1@audit_v1.o8,student.h.cls~student.z.proj.out,929,1.09137373608561,1.0922179842448856,0.005079126301816676,1.1634859735655945,1.1946700619670696,1.1966082767946313
in1k.floorssl.s0.e27v10u.extL,in1k.pairs100.v1@audit_v1.o8,student.h.cls~student.z.proj.out,930,0.8896432215298026,0.8960496232025424,0.017609269276846164,1.0287495451197997,0.803279699562778,0.8081676313995769
in1k.floorssl.s0.e27v10u.extL,in1k.pairs100.v1@audit_v1.o8,student.h.cls~student.z.proj.out,931,1.138955799057087,1.1408350032794128,0.016641680529558573,1.2698376409639136,1.320631763742237,1.3123034602154817
in1k.floorssl.s0.e27v10u.extL,in1k.pairs100.v1@audit_v1.o8,student.h.cls~student.z.proj.out,932,0.8960293262871907,0.918769432587742,0.020733160212326737,1.0627595718762597,0.8215016908774596,0.8278844918622187
in1k.floorssl.s0.e27v10u.extL,in1k.pairs100.v1@audit_v1.o8,student.h.cls~student.z.proj.out,933,0.7952536048696307,0.7987985380002993,0.0375866625640906,0.9926713379596814,0.6518569878384544,0.6649498193339932
in1k.floorssl.s0.e27v10u.extL,in1k.pairs100.v1@audit_v1.o8,student.h.cls~student.z.proj.out,934,0.7802639109641788,0.7803940259044686,0.015947457979362936,0.9066772709505274,0.6151222535877726,0.6255043727568955
in1k.floorssl.s0.e27v10u.extL,in1k.pairs100.v1@audit_v1.o8,student.h.cls~student.z.proj.out,935,1.1002257330529912,1.1071488801797045,0.0066243744505968035,1.1885391403500516,1.2214923435701734,1.2199828421650463
in1k.floorssl.s0.e27v10u.extL,in1k.pairs100.v1@audit_v1.o8,student.h.cls~student.z.proj.out,936,0.8523182244281854,0.8606935051092297,0.029692604305735153,1.0330089260840662,0.7478114097300114,0.7482183490724651
in1k.floorssl.s0.e27v10u.extL,in1k.pairs100.v1@audit_v1.o8,student.h.cls~student.z.proj.out,937,1.0023491152527753,1.0299448076495932,0.021241268594870365,1.1756886534711934,1.0344082409795057,1.0267893189280766
in1k.floorssl.s0.e27v10u.extL,in1k.pairs100.v1@audit_v1.o8,student.h.cls~student.z.proj.out,938,0.9096608094068159,0.9165318861011359,0.041543004991206355,1.1203528982446496,0.8448057354637771,0.854862131458693
in1k.floorssl.s0.e27v10u.extL,in1k.pairs100.v1@audit_v1.o8,student.h.cls~student.z.proj.out,939,0.9291930563070092,0.9483228558471652,0.03870196097204333,1.1450509956036408,0.8871128646739653,0.8928725972481054
in1k.floorssl.s0.e27v10u.extL,in1k.pairs100.v1@audit_v1.o8,student.h.cls~student.z.proj.out,940,0.9369370097827382,0.946192412606403,0.011707419668867127,1.0543932428660046,0.8821650619624779,0.889741464726827
in1k.floorssl.s0.e27v10u.extL,in1k.pairs100.v1@audit_v1.o8,student.h.cls~student.z.proj.out,941,0.9435586761536193,0.9550945548160531,0.005710433352115851,1.0306619641412103,0.8990021791952443,0.9005321903925071
in1k.floorssl.s0.e27v10u.extL,in1k.pairs100.v1@audit_v1.o8,student.h.cls~student.z.proj.out,942,0.9315924470580093,0.9354797519711349,0.012767785542845973,1.0484743781391344,0.8734330144185615,0.8808289792156473
in1k.floorssl.s0.e27v10u.extL,in1k.pairs100.v1@audit_v1.o8,student.h.cls~student.z.proj.out,943,0.9896476815427018,0.996874656787389,0.01862530328812422,1.1333492085841406,0.9873083145808323,0.9951578396978774
in1k.floorssl.s0.e27v10u.extL,in1k.pairs100.v1@audit_v1.o8,student.h.cls~student.z.proj.out,944,0.9205025796258359,0.9414559177210854,0.05601607444511705,1.1781330700723782,0.890735120213702,0.8846260298651516
in1k.floorssl.s0.e27v10u.extL,in1k.pairs100.v1@audit_v1.o8,student.h.cls~student.z.proj.out,945,0.9795636438693675,0.9927803275983803,0.009405622098696949,1.0897629141729657,0.972493622346828,0.9724801825062996
in1k.floorssl.s0.e27v10u.extL,in1k.pairs100.v1@audit_v1.o8,student.h.cls~student.z.proj.out,946,0.7533400940820466,0.7563871639710489,0.055482625174216135,0.9919346648582715,0.5968065016109485,0.608193779587965
in1k.floorssl.s0.e27v10u.extL,in1k.pairs100.v1@audit_v1.o8,student.h.cls~student.z.proj.out,947,1.0996977651602928,1.1013330941841322,0.02178512164611833,1.2489309317228927,1.2319630464274847,1.2240204384771114
in1k.floorssl.s0.e27v10u.extL,in1k.pairs100.v1@audit_v1.o8,student.h.cls~student.z.proj.out,948,0.9240529566169853,0.9247552952893615,0.018255831336842422,1.0598694371725945,0.8651476385018358,0.868783520280927
in1k.floorssl.s0.e27v10u.extL,in1k.pairs100.v1@audit_v1.o8,student.h.cls~student.z.proj.out,949,0.8155769525976247,0.8565510817926483,0.06640014488909575,1.1142333374663669,0.7046640766494771,0.712872991472774
in1k.floorssl.s0.e27v10u.extL,in1k.pairs100.v1@audit_v1.o8,student.h.cls~student.z.proj.out,950,0.961066924045397,0.9631947643537563,0.024455241295901296,1.1195764809829751,0.9394111086602501,0.9404540596674268
in1k.floorssl.s0.e27v10u.extL,in1k.pairs100.v1@audit_v1.o8,student.h.cls~student.z.proj.out,951,1.0536933085869997,1.057758944360529,0.014733109021512399,1.1791389633978995,1.1260960665672277,1.122418325487387
in1k.floorssl.s0.e27v10u.extL,in1k.pairs100.v1@audit_v1.o8,student.h.cls~student.z.proj.out,952,0.9406746743486889,0.9490143411276588,0.009615560991873917,1.0470733080397874,0.8926555328804304,0.8971048981448443
in1k.floorssl.s0.e27v10u.extL,in1k.pairs100.v1@audit_v1.o8,student.h.cls~student.z.proj.out,953,0.8252100975169842,0.889355173721822,0.06538822371421792,1.1450663852754377,0.7292346428880846,0.7398495957101069
in1k.floorssl.s0.e27v10u.extL,in1k.pairs100.v1@audit_v1.o8,student.h.cls~student.z.proj.out,954,0.9042791537409647,0.9148902865095738,0.010184365504798709,1.0158079039249623,0.8313120576378169,0.8322356941240538
in1k.floorssl.s0.e27v10u.extL,in1k.pairs100.v1@audit_v1.o8,student.h.cls~student.z.proj.out,955,0.8338722576954628,0.9015435393414686,0.07852853068370877,1.1817729644268953,0.7639434673728079,0.7556807194919692
in1k.floorssl.s0.e27v10u.extL,in1k.pairs100.v1@audit_v1.o8,student.h.cls~student.z.proj.out,956,0.9624873562321036,0.985580245377235,0.03393715097494821,1.1698006323460723,0.9614912293706,0.9544014833608364
in1k.floorssl.s0.e27v10u.extL,in1k.pairs100.v1@audit_v1.o8,student.h.cls~student.z.proj.out,957,0.9690649300438048,0.9862181101086842,0.022171396925732435,1.1351187377961873,0.9644425849630295,0.9612925140614987
in1k.floorssl.s0.e27v10u.extL,in1k.pairs100.v1@audit_v1.o8,student.h.cls~student.z.proj.out,958,0.7670128602819949,0.8070875761329378,0.05457303468163633,1.0406962974633631,0.6338170218050121,0.6417866249235926
in1k.floorssl.s0.e27v10u.extL,in1k.pairs100.v1@audit_v1.o8,student.h.cls~student.z.proj.out,959,0.836511169596445,0.8304699690011117,0.0963690721541209,1.1409036529887242,0.7446200568344623,0.744144846385071
in1k.floorssl.s0.e27v10u.extL,in1k.pairs100.v1@audit_v1.o8,student.h.cls~student.z.proj.out,960,0.8863364792854639,0.8994392143510049,0.025437295486086052,1.0589299522829803,0.8022219592973773,0.8163631550486034
in1k.floorssl.s0.e27v10u.extL,in1k.pairs100.v1@audit_v1.o8,student.h.cls~student.z.proj.out,961,0.8829716382771131,0.8915839405906849,0.010266649016097223,0.9929084145152862,0.7897121390567923,0.7934230196669704
in1k.floorssl.s0.e27v10u.extL,in1k.pairs100.v1@audit_v1.o8,student.h.cls~student.z.proj.out,962,0.9501974791940396,0.9535460284207251,0.00877617145639912,1.0472272509597116,0.9123020629830011,0.9121114540973486
in1k.floorssl.s0.e27v10u.extL,in1k.pairs100.v1@audit_v1.o8,student.h.cls~student.z.proj.out,963,0.7602494243342492,0.7611512044714664,0.06916122497821986,1.0241364226458343,0.5950867454855486,0.6143021881949763
in1k.floorssl.s0.e27v10u.extL,in1k.pairs100.v1@audit_v1.o8,student.h.cls~student.z.proj.out,964,0.8904521976971836,0.8957448236337111,0.006215703504467321,0.9745845566651421,0.7982407456990078,0.802848098122647
in1k.floorssl.s0.e27v10u.extL,in1k.pairs100.v1@audit_v1.o8,student.h.cls~student.z.proj.out,965,0.879103525949501,0.8797527488786263,0.005870550245526519,0.9563722649664125,0.7764907371966377,0.7808646717866047
in1k.floorssl.s0.e27v10u.extL,in1k.pairs100.v1@audit_v1.o8,student.h.cls~student.z.proj.out,966,0.9133948034395332,0.9185981851402961,0.008783115270234938,1.0123164612140425,0.8405962369259005,0.8470526982651788
in1k.floorssl.s0.e27v10u.extL,in1k.pairs100.v1@audit_v1.o8,student.h.cls~student.z.proj.out,967,0.9879536837046187,0.9762299454726228,0.034732211646219695,1.1625957461073413,0.9996622465966442,0.9950698366514132
in1k.floorssl.s0.e27v10u.extL,in1k.pairs100.v1@audit_v1.o8,student.h.cls~student.z.proj.out,968,0.8831118519227735,0.8860320002452461,0.005485530413087866,0.9600963669345514,0.7840602627255685,0.7867946181391587
in1k.floorssl.s0.e27v10u.extL,in1k.pairs100.v1@audit_v1.o8,student.h.cls~student.z.proj.out,969,1.0718829773800584,1.0829206728812502,0.0069576578856531705,1.1663332491851455,1.1591036983858805,1.161855038169663
in1k.floorssl.s0.e27v10u.extL,in1k.pairs100.v1@audit_v1.o8,student.h.cls~student.z.proj.out,970,0.8273751640242033,0.823318515150143,0.029769202127097945,0.9958560534631082,0.7000942706887862,0.7097161101001442
in1k.floorssl.s0.e27v10u.extL,in1k.pairs100.v1@audit_v1.o8,student.h.cls~student.z.proj.out,971,1.2944431632648719,1.3175921082158755,0.00376589713152366,1.3789590140489356,1.6942120765486024,1.6854760843408374
in1k.floorssl.s0.e27v10u.extL,in1k.pairs100.v1@audit_v1.o8,student.h.cls~student.z.proj.out,972,0.9700007240997985,0.983013072409414,0.013213314120556542,1.0979622530091753,0.9591648554506951,0.9591771127121241
in1k.floorssl.s0.e27v10u.extL,in1k.pairs100.v1@audit_v1.o8,student.h.cls~student.z.proj.out,973,0.819319788973021,0.8253093784934744,0.013537504981557721,0.9416601626831727,0.685750243954114,0.6895153827889586
in1k.floorssl.s0.e27v10u.extL,in1k.pairs100.v1@audit_v1.o8,student.h.cls~student.z.proj.out,974,0.8242972227787544,0.8449191077186962,0.08145720617509371,1.1303261962345452,0.7421307854905939,0.7391656357666825
in1k.floorssl.s0.e27v10u.extL,in1k.pairs100.v1@audit_v1.o8,student.h.cls~student.z.proj.out,975,1.1170658658329622,1.1276496791749833,0.003411010715258456,1.186053537911016,1.2572894024265844,1.2550519779226441
in1k.floorssl.s0.e27v10u.extL,in1k.pairs100.v1@audit_v1.o8,student.h.cls~student.z.proj.out,976,0.916673835909662,0.9198853438574632,0.023221464656157747,1.0722712508704078,0.8546648879066799,0.8648927120626322
in1k.floorssl.s0.e27v10u.extL,in1k.pairs100.v1@audit_v1.o8,student.h.cls~student.z.proj.out,977,1.01480359312381,1.020994949946257,0.01488286292445789,1.1429902897115853,1.0481113976908458,1.046189388373698
in1k.floorssl.s0.e27v10u.extL,in1k.pairs100.v1@audit_v1.o8,student.h.cls~student.z.proj.out,978,1.0108729367634341,1.0094052117540069,0.011264346609280274,1.115538837948914,1.0334706319331084,1.034596980063901
in1k.floorssl.s0.e27v10u.extL,in1k.pairs100.v1@audit_v1.o8,student.h.cls~student.z.proj.out,979,0.9349655759951013,0.9286840676066223,0.02074358985397891,1.0727104188552008,0.8879822397622017,0.8919550884088815
in1k.floorssl.s0.e27v10u.extL,in1k.pairs100.v1@audit_v1.o8,student.h.cls~student.z.proj.out,980,1.1156473033595908,1.1317261398784995,0.017504148206025614,1.2640293832477594,1.2742297789534442,1.2643044383844058
in1k.floorssl.s0.e27v10u.extL,in1k.pairs100.v1@audit_v1.o8,student.h.cls~student.z.proj.out,981,0.8506457201671962,0.8543780472320446,0.044060188870201196,1.0642832374256204,0.7389899889181738,0.7507398196471177
in1k.floorssl.s0.e27v10u.extL,in1k.pairs100.v1@audit_v1.o8,student.h.cls~student.z.proj.out,982,1.0220542131093733,1.0401012058731898,0.010498356418582377,1.1425626933627941,1.0594039940501867,1.0622227745692079
in1k.floorssl.s0.e27v10u.extL,in1k.pairs100.v1@audit_v1.o8,student.h.cls~student.z.proj.out,983,0.8897256376244373,0.8938409681549466,0.03944938740446033,1.0924596666816975,0.820149431925579,0.8250098484285353
in1k.floorssl.s0.e27v10u.extL,in1k.pairs100.v1@audit_v1.o8,student.h.cls~student.z.proj.out,984,0.7583301422448682,0.7993200974717403,0.05465902697695724,1.0331127983350419,0.6135649966667314,0.6303346755167156
in1k.floorssl.s0.e27v10u.extL,in1k.pairs100.v1@audit_v1.o8,student.h.cls~student.z.proj.out,985,0.7696181835667001,0.7734579250060261,0.10615774121818422,1.099276496020915,0.6413447404240794,0.6444645055535285
in1k.floorssl.s0.e27v10u.extL,in1k.pairs100.v1@audit_v1.o8,student.h.cls~student.z.proj.out,986,0.6676067870500302,0.7221751875827848,0.16092720789754156,1.1233325231726274,0.5256362652354098,0.5189394494838082
in1k.floorssl.s0.e27v10u.extL,in1k.pairs100.v1@audit_v1.o8,student.h.cls~student.z.proj.out,987,0.978856903609477,0.9987807693520729,0.023628501784492,1.152496421725187,0.979410747075553,0.9776883115844818
in1k.floorssl.s0.e27v10u.extL,in1k.pairs100.v1@audit_v1.o8,student.h.cls~student.z.proj.out,988,0.9521796990202367,0.9629101884058382,0.020336286456004493,1.1055155405354287,0.917496867592405,0.9247960059145074
in1k.floorssl.s0.e27v10u.extL,in1k.pairs100.v1@audit_v1.o8,student.h.cls~student.z.proj.out,989,0.8674945321012175,0.8803428512957795,0.04473082376728448,1.091839479560356,0.776936878724963,0.7868116744192537
in1k.floorssl.s0.e27v10u.extL,in1k.pairs100.v1@audit_v1.o8,student.h.cls~student.z.proj.out,990,0.9252812290924207,0.9483196234700202,0.01388723108838028,1.0661637200059955,0.8710221134644428,0.8751555377802553
in1k.floorssl.s0.e27v10u.extL,in1k.pairs100.v1@audit_v1.o8,student.h.cls~student.z.proj.out,991,0.7713275997935272,0.8241172110556035,0.09579303958420256,1.1336217176208594,0.6586912663037742,0.6521287608001359
in1k.floorssl.s0.e27v10u.extL,in1k.pairs100.v1@audit_v1.o8,student.h.cls~student.z.proj.out,992,0.7573737846039998,0.7509947582482709,0.08265382715146731,1.0384905445677703,0.5965871033446727,0.6161645757716755
in1k.floorssl.s0.e27v10u.extL,in1k.pairs100.v1@audit_v1.o8,student.h.cls~student.z.proj.out,993,0.6917751111152647,0.7504839701731987,0.09199339575155271,1.053788100958707,0.5333152124472651,0.5447137935011572
in1k.floorssl.s0.e27v10u.extL,in1k.pairs100.v1@audit_v1.o8,student.h.cls~student.z.proj.out,994,0.837659923617759,0.8466109330642837,0.020677012724663713,0.9904059702688539,0.7149587697575112,0.7278028750952945
in1k.floorssl.s0.e27v10u.extL,in1k.pairs100.v1@audit_v1.o8,student.h.cls~student.z.proj.out,995,0.9389188752282548,0.9491779680210004,0.0813868807247154,1.2344618279302413,0.9324095341992966,0.9312195602099596
in1k.floorssl.s0.e27v10u.extL,in1k.pairs100.v1@audit_v1.o8,student.h.cls~student.z.proj.out,996,0.9813093316228068,1.0020984559361628,0.03986225611177816,1.2017537992450213,1.002094307555587,0.9959879995184757
in1k.floorssl.s0.e27v10u.extL,in1k.pairs100.v1@audit_v1.o8,student.h.cls~student.z.proj.out,997,0.9373672855694231,0.9402932023931297,0.016959895836062815,1.070523367240076,0.8960443739384903,0.8938807209905518
in1k.floorssl.s0.e27v10u.extL,in1k.pairs100.v1@audit_v1.o8,student.h.cls~student.z.proj.out,998,0.8082118558578871,0.8289248994935215,0.039662675941308186,1.0280798038803034,0.6714639636150121,0.6833065216769436
in1k.floorssl.s0.e27v10u.extL,in1k.pairs100.v1@audit_v1.o8,student.h.cls~student.z.proj.out,999,0.8932214411018737,0.897461737932375,0.002646713234045299,0.9489079548394062,0.8011341773609614,0.8044049256182262
