run_id,epoch,step,group,n_par,rel_disp,norm_ratio
in100.floorssl.s0.e28x10,0,0,backbone,21664896,0.0,1.0
in100.floorssl.s0.e28x10,0,0,scaled48,21233664,0.0,1.0
in100.floorssl.s0.e28x10,0,0,qkv,5308416,0.0,1.0
in100.floorssl.s0.e28x10,0,0,attn_proj,1769472,0.0,1.0
in100.floorssl.s0.e28x10,0,0,fc1,7077888,0.0,1.0
in100.floorssl.s0.e28x10,0,0,fc2,7077888,0.0,1.0
in100.floorssl.s0.e28x10,0,0,block_ln,18432,0.0,1.0
in100.floorssl.s0.e28x10,0,0,biases,51072,0.0,1.0
in100.floorssl.s0.e28x10,0,0,patch_embed,295296,0.0,1.0
in100.floorssl.s0.e28x10,0,0,pos_cls,76032,0.0,1.0
in100.floorssl.s0.e28x10,0,0,final_ln,768,0.0,1.0
in100.floorssl.s0.e28x10,0,0,projector_mlp,5517568,0.0,1.0
in100.floorssl.s0.e28x10,0,0,block00,1774464,0.0,1.0
in100.floorssl.s0.e28x10,0,0,block01,1774464,0.0,1.0
in100.floorssl.s0.e28x10,0,0,block02,1774464,0.0,1.0
in100.floorssl.s0.e28x10,0,0,block03,1774464,0.0,1.0
in100.floorssl.s0.e28x10,0,0,block04,1774464,0.0,1.0
in100.floorssl.s0.e28x10,0,0,block05,1774464,0.0,1.0
in100.floorssl.s0.e28x10,0,0,block06,1774464,0.0,1.0
in100.floorssl.s0.e28x10,0,0,block07,1774464,0.0,1.0
in100.floorssl.s0.e28x10,0,0,block08,1774464,0.0,1.0
in100.floorssl.s0.e28x10,0,0,block09,1774464,0.0,1.0
in100.floorssl.s0.e28x10,0,0,block10,1774464,0.0,1.0
in100.floorssl.s0.e28x10,0,0,block11,1774464,0.0,1.0
in100.floorssl.s0.e28x10,1,989,backbone,21664896,0.011868988690553977,0.9971247822883437
in100.floorssl.s0.e28x10,1,989,scaled48,21233664,0.01192019436719019,0.9971263222146023
in100.floorssl.s0.e28x10,1,989,qkv,5308416,0.011809229374252701,0.9971732922075978
in100.floorssl.s0.e28x10,1,989,attn_proj,1769472,0.011872055127027428,0.9972433903265568
in100.floorssl.s0.e28x10,1,989,fc1,7077888,0.012014644069454208,0.9970967542575808
in100.floorssl.s0.e28x10,1,989,fc2,7077888,0.01192018245139372,0.9970913926606899
in100.floorssl.s0.e28x10,1,989,block_ln,18432,0.004419161580725699,0.9969662920822214
in100.floorssl.s0.e28x10,1,989,biases,51072,1.2819329926988159,1.6276331688144683
in100.floorssl.s0.e28x10,1,989,patch_embed,295296,0.01028732019763857,0.9971151679458682
in100.floorssl.s0.e28x10,1,989,pos_cls,76032,0.106164683064826,1.0029703943869699
in100.floorssl.s0.e28x10,1,989,final_ln,768,0.004424119516065652,0.9971430117944662
in100.floorssl.s0.e28x10,1,989,projector_mlp,5517568,0.07503333064618495,1.002784525574575
in100.floorssl.s0.e28x10,1,989,block00,1774464,0.010939240365134835,0.9971228626164784
in100.floorssl.s0.e28x10,1,989,block01,1774464,0.011017121682111485,0.9971274854253426
in100.floorssl.s0.e28x10,1,989,block02,1774464,0.011227122648770642,0.9971223537192434
in100.floorssl.s0.e28x10,1,989,block03,1774464,0.01132359799812291,0.9971344181312216
in100.floorssl.s0.e28x10,1,989,block04,1774464,0.01159636228876301,0.9971095629095132
in100.floorssl.s0.e28x10,1,989,block05,1774464,0.011748783789261261,0.9971387075679757
in100.floorssl.s0.e28x10,1,989,block06,1774464,0.012016946643767776,0.9971178605139639
in100.floorssl.s0.e28x10,1,989,block07,1774464,0.012178995976311918,0.9971270539628678
in100.floorssl.s0.e28x10,1,989,block08,1774464,0.012432269102014396,0.9971227366556391
in100.floorssl.s0.e28x10,1,989,block09,1774464,0.012472667586857625,0.9971349960402914
in100.floorssl.s0.e28x10,1,989,block10,1774464,0.012573908090460427,0.9971217477243459
in100.floorssl.s0.e28x10,1,989,block11,1774464,0.012774664992298988,0.997116890146018
in100.floorssl.s0.e28x10,2,1978,backbone,21664896,0.03324423110139717,0.9897544656046049
in100.floorssl.s0.e28x10,2,1978,scaled48,21233664,0.03340182842068135,0.9897649919850512
in100.floorssl.s0.e28x10,2,1978,qkv,5308416,0.033372597734245245,0.99001183300676
in100.floorssl.s0.e28x10,2,1978,attn_proj,1769472,0.0339173256967128,0.9903700043236359
in100.floorssl.s0.e28x10,2,1978,fc1,7077888,0.033733734524348816,0.9896361277023986
in100.floorssl.s0.e28x10,2,1978,fc2,7077888,0.03295754956892877,0.989557408066135
in100.floorssl.s0.e28x10,2,1978,block_ln,18432,0.01438507532328915,0.9887739036525902
in100.floorssl.s0.e28x10,2,1978,biases,51072,3.455894754926385,3.6001616669408887
in100.floorssl.s0.e28x10,2,1978,patch_embed,295296,0.027753164561829503,0.9896189586607551
in100.floorssl.s0.e28x10,2,1978,pos_cls,76032,0.2731535659409925,1.0256782550809886
in100.floorssl.s0.e28x10,2,1978,final_ln,768,0.014760257623628332,0.9895405244479517
in100.floorssl.s0.e28x10,2,1978,projector_mlp,5517568,0.19920170197334697,0.9980156233429227
in100.floorssl.s0.e28x10,2,1978,block00,1774464,0.029189662504327994,0.9896822016827193
in100.floorssl.s0.e28x10,2,1978,block01,1774464,0.03039133050599533,0.9897039004754444
in100.floorssl.s0.e28x10,2,1978,block02,1774464,0.031474145111840574,0.9897646624480732
in100.floorssl.s0.e28x10,2,1978,block03,1774464,0.032277813607077877,0.989785078197044
in100.floorssl.s0.e28x10,2,1978,block04,1774464,0.03316943528080557,0.98973859566753
in100.floorssl.s0.e28x10,2,1978,block05,1774464,0.033910001532015545,0.9898308142520201
in100.floorssl.s0.e28x10,2,1978,block06,1774464,0.03398559068751249,0.9897640904446723
in100.floorssl.s0.e28x10,2,1978,block07,1774464,0.03440633857829969,0.9897926324053957
in100.floorssl.s0.e28x10,2,1978,block08,1774464,0.03470905828102125,0.9897911255532945
in100.floorssl.s0.e28x10,2,1978,block09,1774464,0.03509710979876242,0.9897516727784813
in100.floorssl.s0.e28x10,2,1978,block10,1774464,0.034944126501466166,0.9897250534578381
in100.floorssl.s0.e28x10,2,1978,block11,1774464,0.03515409114391187,0.9897327875635498
in100.floorssl.s0.e28x10,3,2967,backbone,21664896,0.061157255384288074,0.9783547023754671
in100.floorssl.s0.e28x10,3,2967,scaled48,21233664,0.06144141846430409,0.9783886128183169
in100.floorssl.s0.e28x10,3,2967,qkv,5308416,0.06187727022440418,0.979100322026352
in100.floorssl.s0.e28x10,3,2967,attn_proj,1769472,0.06288503272451158,0.9801251737960344
in100.floorssl.s0.e28x10,3,2967,fc1,7077888,0.06167387739841471,0.9780065060823107
in100.floorssl.s0.e28x10,3,2967,fc2,7077888,0.060508713199996594,0.9778020593307526
in100.floorssl.s0.e28x10,3,2967,block_ln,18432,0.02988285891000689,0.9752756947302158
in100.floorssl.s0.e28x10,3,2967,biases,51072,6.126981497936999,6.2034717250481854
in100.floorssl.s0.e28x10,3,2967,patch_embed,295296,0.05076227748284456,0.9778564649271606
in100.floorssl.s0.e28x10,3,2967,pos_cls,76032,0.48829253952844215,1.0917590412925549
in100.floorssl.s0.e28x10,3,2967,final_ln,768,0.0292019985608809,0.9773055113695458
in100.floorssl.s0.e28x10,3,2967,projector_mlp,5517568,0.36023742165113,1.018212550257069
in100.floorssl.s0.e28x10,3,2967,block00,1774464,0.05361947905611655,0.9781617240252225
in100.floorssl.s0.e28x10,3,2967,block01,1774464,0.05606174883343942,0.9782238695611256
in100.floorssl.s0.e28x10,3,2967,block02,1774464,0.05834200086909577,0.9783721678698584
in100.floorssl.s0.e28x10,3,2967,block03,1774464,0.06032175900944905,0.978450193809687
in100.floorssl.s0.e28x10,3,2967,block04,1774464,0.06200567602863833,0.9785117229307826
in100.floorssl.s0.e28x10,3,2967,block05,1774464,0.06341677917885906,0.9785322422508818
in100.floorssl.s0.e28x10,3,2967,block06,1774464,0.06364608987910024,0.9785200253375222
in100.floorssl.s0.e28x10,3,2967,block07,1774464,0.06423993012773824,0.9784781519533664
in100.floorssl.s0.e28x10,3,2967,block08,1774464,0.06418600038108568,0.978396045582431
in100.floorssl.s0.e28x10,3,2967,block09,1774464,0.06354244924822396,0.9783069207998014
in100.floorssl.s0.e28x10,3,2967,block10,1774464,0.06262412620543424,0.9781907105683477
in100.floorssl.s0.e28x10,3,2967,block11,1774464,0.061702053221571435,0.9781520107269928
in100.floorssl.s0.e28x10,4,3956,backbone,21664896,0.09294046002743013,0.9632660622950372
in100.floorssl.s0.e28x10,4,3956,scaled48,21233664,0.09327375535999707,0.9633321390280335
in100.floorssl.s0.e28x10,4,3956,qkv,5308416,0.09544691247480253,0.9648258512381638
in100.floorssl.s0.e28x10,4,3956,attn_proj,1769472,0.09563774826386487,0.966704007937402
in100.floorssl.s0.e28x10,4,3956,fc1,7077888,0.09318069392829628,0.9625403328000622
in100.floorssl.s0.e28x10,4,3956,fc2,7077888,0.09109629175795073,0.9621575862844766
in100.floorssl.s0.e28x10,4,3956,block_ln,18432,0.05074406791390714,0.9566249625583607
in100.floorssl.s0.e28x10,4,3956,biases,51072,9.16525994815851,9.216442346987044
in100.floorssl.s0.e28x10,4,3956,patch_embed,295296,0.08178671275690694,0.9625020689910032
in100.floorssl.s0.e28x10,4,3956,pos_cls,76032,0.7827903663923089,1.2388668766453426
in100.floorssl.s0.e28x10,4,3956,final_ln,768,0.04745313536802767,0.9606591015708117
in100.floorssl.s0.e28x10,4,3956,projector_mlp,5517568,0.5307576809992993,1.069576436832565
in100.floorssl.s0.e28x10,4,3956,block00,1774464,0.0840453033262634,0.9630710132278645
in100.floorssl.s0.e28x10,4,3956,block01,1774464,0.08678902625367502,0.9630414018352018
in100.floorssl.s0.e28x10,4,3956,block02,1774464,0.09038674200645712,0.9634089980996852
in100.floorssl.s0.e28x10,4,3956,block03,1774464,0.09310408421751422,0.9636253773242343
in100.floorssl.s0.e28x10,4,3956,block04,1774464,0.09460332318683999,0.9635914702828596
in100.floorssl.s0.e28x10,4,3956,block05,1774464,0.09562829025799723,0.9635254654628282
in100.floorssl.s0.e28x10,4,3956,block06,1774464,0.09630342656137399,0.9636571485838287
in100.floorssl.s0.e28x10,4,3956,block07,1774464,0.0966275769236779,0.9634852445371442
in100.floorssl.s0.e28x10,4,3956,block08,1774464,0.09633037490966012,0.963339562262897
in100.floorssl.s0.e28x10,4,3956,block09,1774464,0.09552458485707624,0.9631179131497797
in100.floorssl.s0.e28x10,4,3956,block10,1774464,0.09395307578743305,0.9627810238493049
in100.floorssl.s0.e28x10,4,3956,block11,1774464,0.09152571234442748,0.9625542442833946
in100.floorssl.s0.e28x10,5,4945,backbone,21664896,0.12749001658037618,0.9448034468607515
in100.floorssl.s0.e28x10,5,4945,scaled48,21233664,0.127771930109343,0.944907080067371
in100.floorssl.s0.e28x10,5,4945,qkv,5308416,0.132159504228514,0.9475329324074943
in100.floorssl.s0.e28x10,5,4945,attn_proj,1769472,0.1313805088072314,0.9504050871650013
in100.floorssl.s0.e28x10,5,4945,fc1,7077888,0.12723198050060147,0.9435457887704816
in100.floorssl.s0.e28x10,5,4945,fc2,7077888,0.12399749279820063,0.9429153041458752
in100.floorssl.s0.e28x10,5,4945,block_ln,18432,0.07710777644135855,0.9325741774351931
in100.floorssl.s0.e28x10,5,4945,biases,51072,12.250041700126728,12.292948068811622
in100.floorssl.s0.e28x10,5,4945,patch_embed,295296,0.12025532852757323,0.9443004910181736
in100.floorssl.s0.e28x10,5,4945,pos_cls,76032,1.1507059691779384,1.4896462761570104
in100.floorssl.s0.e28x10,5,4945,final_ln,768,0.06935822215225439,0.9398663594075312
in100.floorssl.s0.e28x10,5,4945,projector_mlp,5517568,0.7249591759886864,1.1584984537732645
in100.floorssl.s0.e28x10,5,4945,block00,1774464,0.11768628078414915,0.9447501161236654
in100.floorssl.s0.e28x10,5,4945,block01,1774464,0.12086993374641475,0.9447516883346055
in100.floorssl.s0.e28x10,5,4945,block02,1774464,0.12441118686084404,0.9449550061863453
in100.floorssl.s0.e28x10,5,4945,block03,1774464,0.12710711804057093,0.945236457146727
in100.floorssl.s0.e28x10,5,4945,block04,1774464,0.12905063443503303,0.9454567250061177
in100.floorssl.s0.e28x10,5,4945,block05,1774464,0.12963856020843628,0.9452733965271684
in100.floorssl.s0.e28x10,5,4945,block06,1774464,0.13027781457945298,0.9450807426560336
in100.floorssl.s0.e28x10,5,4945,block07,1774464,0.13083199222167408,0.9451426672473522
in100.floorssl.s0.e28x10,5,4945,block08,1774464,0.13112190325644577,0.9446546551540863
in100.floorssl.s0.e28x10,5,4945,block09,1774464,0.13077002521090778,0.9445345364154025
in100.floorssl.s0.e28x10,5,4945,block10,1774464,0.12980723132254302,0.9440984001768595
in100.floorssl.s0.e28x10,5,4945,block11,1774464,0.12658942784718788,0.9435043536874507
in100.floorssl.s0.e28x10,6,5934,backbone,21664896,0.15974442955168025,0.9225259699097541
in100.floorssl.s0.e28x10,6,5934,scaled48,21233664,0.15993735029363343,0.92265931006159
in100.floorssl.s0.e28x10,6,5934,qkv,5308416,0.16608245812513334,0.9265726429178969
in100.floorssl.s0.e28x10,6,5934,attn_proj,1769472,0.16515348552136497,0.9305791852525752
in100.floorssl.s0.e28x10,6,5934,fc1,7077888,0.15904729699120923,0.9206858143699944
in100.floorssl.s0.e28x10,6,5934,fc2,7077888,0.1547234939158959,0.9196973390520066
in100.floorssl.s0.e28x10,6,5934,block_ln,18432,0.1071607537673015,0.9042515666453765
in100.floorssl.s0.e28x10,6,5934,biases,51072,15.379611668015192,15.412379561690845
in100.floorssl.s0.e28x10,6,5934,patch_embed,295296,0.15630751773380103,0.9228431639625659
in100.floorssl.s0.e28x10,6,5934,pos_cls,76032,1.4601173977354645,1.722295795330848
in100.floorssl.s0.e28x10,6,5934,final_ln,768,0.09562513457030912,0.9153846622087909
in100.floorssl.s0.e28x10,6,5934,projector_mlp,5517568,0.9109927307864869,1.2639455908649553
in100.floorssl.s0.e28x10,6,5934,block00,1774464,0.15112087255562404,0.9229435878526815
in100.floorssl.s0.e28x10,6,5934,block01,1774464,0.15140435628992296,0.9223650350746307
in100.floorssl.s0.e28x10,6,5934,block02,1774464,0.15437640127844113,0.9225487315443514
in100.floorssl.s0.e28x10,6,5934,block03,1774464,0.15724958437862227,0.9229151625408745
in100.floorssl.s0.e28x10,6,5934,block04,1774464,0.1597426569801042,0.9232147080449458
in100.floorssl.s0.e28x10,6,5934,block05,1774464,0.1616085519022523,0.9231194379148784
in100.floorssl.s0.e28x10,6,5934,block06,1774464,0.16202729948365208,0.9226792568216772
in100.floorssl.s0.e28x10,6,5934,block07,1774464,0.16325106838872314,0.9227897850384214
in100.floorssl.s0.e28x10,6,5934,block08,1774464,0.16409488832404762,0.9223316507658317
in100.floorssl.s0.e28x10,6,5934,block09,1774464,0.16458417662980726,0.9223677914834242
in100.floorssl.s0.e28x10,6,5934,block10,1774464,0.16391763222301028,0.9216915417911837
in100.floorssl.s0.e28x10,6,5934,block11,1774464,0.16055901395167121,0.92080973862442
in100.floorssl.s0.e28x10,7,6923,backbone,21664896,0.19460398541413154,0.8972701814280717
in100.floorssl.s0.e28x10,7,6923,scaled48,21233664,0.19463980656791574,0.8974253689160109
in100.floorssl.s0.e28x10,7,6923,qkv,5308416,0.20269601797551068,0.9029176779953124
in100.floorssl.s0.e28x10,7,6923,attn_proj,1769472,0.20246523303862168,0.9081373754228024
in100.floorssl.s0.e28x10,7,6923,fc1,7077888,0.1929642358717043,0.8947047059364491
in100.floorssl.s0.e28x10,7,6923,fc2,7077888,0.18804075021651764,0.893308337656769
in100.floorssl.s0.e28x10,7,6923,block_ln,18432,0.14158041185285852,0.8713558490844557
in100.floorssl.s0.e28x10,7,6923,biases,51072,18.271888992797543,18.296909989928334
in100.floorssl.s0.e28x10,7,6923,patch_embed,295296,0.19908305721047972,0.8997005219819298
in100.floorssl.s0.e28x10,7,6923,pos_cls,76032,1.7485743006697587,1.9554850110229753
in100.floorssl.s0.e28x10,7,6923,final_ln,768,0.1250974396579619,0.8871496742855414
in100.floorssl.s0.e28x10,7,6923,projector_mlp,5517568,1.1049307383068696,1.3908145266175724
in100.floorssl.s0.e28x10,7,6923,block00,1774464,0.1872650308408466,0.8987546322913763
in100.floorssl.s0.e28x10,7,6923,block01,1774464,0.1856811258841844,0.8973757806563233
in100.floorssl.s0.e28x10,7,6923,block02,1774464,0.1886404834252721,0.8974105404553444
in100.floorssl.s0.e28x10,7,6923,block03,1774464,0.1917690350432686,0.8978111651060164
in100.floorssl.s0.e28x10,7,6923,block04,1774464,0.19385369557074633,0.8978243158777984
in100.floorssl.s0.e28x10,7,6923,block05,1774464,0.19614067541544355,0.8978403441741719
in100.floorssl.s0.e28x10,7,6923,block06,1774464,0.19672613666760455,0.8972619161117612
in100.floorssl.s0.e28x10,7,6923,block07,1774464,0.1976150863740022,0.897161131298796
in100.floorssl.s0.e28x10,7,6923,block08,1774464,0.19889567413811401,0.8969486021667106
in100.floorssl.s0.e28x10,7,6923,block09,1774464,0.1997586056168036,0.8969148803890534
in100.floorssl.s0.e28x10,7,6923,block10,1774464,0.19867675927096856,0.8959006338270726
in100.floorssl.s0.e28x10,7,6923,block11,1774464,0.19548037149144842,0.8949006461835093
in100.floorssl.s0.e28x10,8,7912,backbone,21664896,0.23459332401355448,0.8701392634167061
in100.floorssl.s0.e28x10,8,7912,scaled48,21233664,0.2344111994871641,0.8703202271879128
in100.floorssl.s0.e28x10,8,7912,qkv,5308416,0.24529327766184647,0.8779146906789929
in100.floorssl.s0.e28x10,8,7912,attn_proj,1769472,0.24388762398547678,0.8839765006967795
in100.floorssl.s0.e28x10,8,7912,fc1,7077888,0.23142646568910388,0.8665868700039653
in100.floorssl.s0.e28x10,8,7912,fc2,7077888,0.2264843783044046,0.8648696545490493
in100.floorssl.s0.e28x10,8,7912,block_ln,18432,0.18121764311773408,0.8341410935217555
in100.floorssl.s0.e28x10,8,7912,biases,51072,21.765024473011046,21.786238397913987
in100.floorssl.s0.e28x10,8,7912,patch_embed,295296,0.24966851491344383,0.8752505048558944
in100.floorssl.s0.e28x10,8,7912,pos_cls,76032,2.074260255102932,2.23664506627503
in100.floorssl.s0.e28x10,8,7912,final_ln,768,0.15862395600785312,0.8557174474107088
in100.floorssl.s0.e28x10,8,7912,projector_mlp,5517568,1.307884862361087,1.5344813964848703
in100.floorssl.s0.e28x10,8,7912,block00,1774464,0.22824409761642925,0.8729172168033071
in100.floorssl.s0.e28x10,8,7912,block01,1774464,0.22255198023899744,0.869828205128796
in100.floorssl.s0.e28x10,8,7912,block02,1774464,0.22544237037222986,0.8696678795845448
in100.floorssl.s0.e28x10,8,7912,block03,1774464,0.23009834800248058,0.8706459283642203
in100.floorssl.s0.e28x10,8,7912,block04,1774464,0.2316765359604388,0.8702173932811152
in100.floorssl.s0.e28x10,8,7912,block05,1774464,0.23463143097265662,0.8703291909963499
in100.floorssl.s0.e28x10,8,7912,block06,1774464,0.23619057110042332,0.8695957429137793
in100.floorssl.s0.e28x10,8,7912,block07,1774464,0.23705530302858285,0.86928977935315
in100.floorssl.s0.e28x10,8,7912,block08,1774464,0.23971767718311696,0.870028385762379
in100.floorssl.s0.e28x10,8,7912,block09,1774464,0.24042496949979197,0.8698540002734774
in100.floorssl.s0.e28x10,8,7912,block10,1774464,0.24029830137003735,0.8686739743824088
in100.floorssl.s0.e28x10,8,7912,block11,1774464,0.24123009623127842,0.8686870315465072
in100.floorssl.s0.e28x10,9,8901,backbone,21664896,0.27638410520356466,0.8412491761592491
in100.floorssl.s0.e28x10,9,8901,scaled48,21233664,0.27609899035745694,0.8414467034269761
in100.floorssl.s0.e28x10,9,8901,qkv,5308416,0.2893981613385041,0.8513767354305244
in100.floorssl.s0.e28x10,9,8901,attn_proj,1769472,0.2864744464028198,0.8578228195667503
in100.floorssl.s0.e28x10,9,8901,fc1,7077888,0.27138623517787414,0.8365002679921393
in100.floorssl.s0.e28x10,9,8901,fc2,7077888,0.2678003772952608,0.8347303342275666
in100.floorssl.s0.e28x10,9,8901,block_ln,18432,0.22393658329504268,0.7941313880729683
in100.floorssl.s0.e28x10,9,8901,biases,51072,25.585869148275687,25.600027016903272
in100.floorssl.s0.e28x10,9,8901,patch_embed,295296,0.294432117887945,0.8497443166632352
in100.floorssl.s0.e28x10,9,8901,pos_cls,76032,2.3669568282291853,2.4970090526796187
in100.floorssl.s0.e28x10,9,8901,final_ln,768,0.19475817599420156,0.8221439743482609
in100.floorssl.s0.e28x10,9,8901,projector_mlp,5517568,1.5214539514045402,1.6924333905672133
in100.floorssl.s0.e28x10,9,8901,block00,1774464,0.2703535298160393,0.8457168346162945
in100.floorssl.s0.e28x10,9,8901,block01,1774464,0.2630829996051596,0.840157987134253
in100.floorssl.s0.e28x10,9,8901,block02,1774464,0.26668034613084807,0.8409391799227393
in100.floorssl.s0.e28x10,9,8901,block03,1774464,0.2693418472312332,0.8409454372348415
in100.floorssl.s0.e28x10,9,8901,block04,1774464,0.27095664705137334,0.8403282179896434
in100.floorssl.s0.e28x10,9,8901,block05,1774464,0.27482603396329797,0.8404531899156247
in100.floorssl.s0.e28x10,9,8901,block06,1774464,0.2773065812964712,0.8401678656396266
in100.floorssl.s0.e28x10,9,8901,block07,1774464,0.27879909852721213,0.8400382312054342
in100.floorssl.s0.e28x10,9,8901,block08,1774464,0.2816557677238044,0.8408721183817566
in100.floorssl.s0.e28x10,9,8901,block09,1774464,0.2836296385418559,0.8417658765135213
in100.floorssl.s0.e28x10,9,8901,block10,1774464,0.2843346369111623,0.8399317669877551
in100.floorssl.s0.e28x10,9,8901,block11,1774464,0.2868949183292611,0.8407638763232749
in100.floorssl.s0.e28x10,10,9890,backbone,21664896,0.31612013400768724,0.8098296699541316
in100.floorssl.s0.e28x10,10,9890,scaled48,21233664,0.3156403716826775,0.8099981177330873
in100.floorssl.s0.e28x10,10,9890,qkv,5308416,0.331406837010172,0.8221028794879294
in100.floorssl.s0.e28x10,10,9890,attn_proj,1769472,0.3285074267910956,0.8284806390323217
in100.floorssl.s0.e28x10,10,9890,fc1,7077888,0.30891785792367726,0.803964305406364
in100.floorssl.s0.e28x10,10,9890,fc2,7077888,0.3067757129149452,0.8021568943795848
in100.floorssl.s0.e28x10,10,9890,block_ln,18432,0.26825886246755654,0.7513443066004257
in100.floorssl.s0.e28x10,10,9890,biases,51072,28.713807215423838,28.723636394738783
in100.floorssl.s0.e28x10,10,9890,patch_embed,295296,0.34024724032047005,0.8240311605106817
in100.floorssl.s0.e28x10,10,9890,pos_cls,76032,2.692430823791575,2.7938249216985205
in100.floorssl.s0.e28x10,10,9890,final_ln,768,0.2339772144649303,0.7862474061162652
in100.floorssl.s0.e28x10,10,9890,projector_mlp,5517568,1.705842136660019,1.8412553489454309
in100.floorssl.s0.e28x10,10,9890,block00,1774464,0.31701010829824133,0.8190686522759834
in100.floorssl.s0.e28x10,10,9890,block01,1774464,0.30322811138833455,0.8084704281010548
in100.floorssl.s0.e28x10,10,9890,block02,1774464,0.3103259482053001,0.8111975240264817
in100.floorssl.s0.e28x10,10,9890,block03,1774464,0.31040471080030996,0.8094214908044838
in100.floorssl.s0.e28x10,10,9890,block04,1774464,0.31106165066064795,0.8085523318784387
in100.floorssl.s0.e28x10,10,9890,block05,1774464,0.3127702487724753,0.8080985857042584
in100.floorssl.s0.e28x10,10,9890,block06,1774464,0.31631005672551654,0.8081592927067832
in100.floorssl.s0.e28x10,10,9890,block07,1774464,0.317214025104598,0.8077509413206417
in100.floorssl.s0.e28x10,10,9890,block08,1774464,0.32044487574085767,0.808987976550962
in100.floorssl.s0.e28x10,10,9890,block09,1774464,0.3199921003823158,0.8086573378988936
in100.floorssl.s0.e28x10,10,9890,block10,1774464,0.31976005840297467,0.8063758407501721
in100.floorssl.s0.e28x10,10,9890,block11,1774464,0.3250488328000079,0.808756793732797
in100.floorssl.s0.e28x10,11,10879,backbone,21664896,0.3581872980381162,0.7800355929789786
in100.floorssl.s0.e28x10,11,10879,scaled48,21233664,0.3576457874422499,0.7802528555948063
in100.floorssl.s0.e28x10,11,10879,qkv,5308416,0.3777645818551656,0.7960097289883367
in100.floorssl.s0.e28x10,11,10879,attn_proj,1769472,0.3787046542159989,0.8043431921939951
in100.floorssl.s0.e28x10,11,10879,fc1,7077888,0.34774013152927213,0.7722207420936119
in100.floorssl.s0.e28x10,11,10879,fc2,7077888,0.34631341187510606,0.7701319855552231
in100.floorssl.s0.e28x10,11,10879,block_ln,18432,0.31711253230290876,0.7064142721937733
in100.floorssl.s0.e28x10,11,10879,biases,51072,32.583796351022116,32.595493114289845
in100.floorssl.s0.e28x10,11,10879,patch_embed,295296,0.38056057122891335,0.7972406783331326
in100.floorssl.s0.e28x10,11,10879,pos_cls,76032,2.8992789409159974,2.9791402200206485
in100.floorssl.s0.e28x10,11,10879,final_ln,768,0.27519518483368816,0.7511428891341457
in100.floorssl.s0.e28x10,11,10879,projector_mlp,5517568,2.0305300474720873,2.126442826697902
in100.floorssl.s0.e28x10,11,10879,block00,1774464,0.36539767777540133,0.794986639511219
in100.floorssl.s0.e28x10,11,10879,block01,1774464,0.3524397921456308,0.7817263539834157
in100.floorssl.s0.e28x10,11,10879,block02,1774464,0.35731850872947024,0.7837050223411375
in100.floorssl.s0.e28x10,11,10879,block03,1774464,0.35630736688043435,0.781018896055362
in100.floorssl.s0.e28x10,11,10879,block04,1774464,0.353812818393243,0.7786683688601045
in100.floorssl.s0.e28x10,11,10879,block05,1774464,0.35330126583232485,0.7770045326295855
in100.floorssl.s0.e28x10,11,10879,block06,1774464,0.3574142584789518,0.7777771930792136
in100.floorssl.s0.e28x10,11,10879,block07,1774464,0.354947346091572,0.775104236148897
in100.floorssl.s0.e28x10,11,10879,block08,1774464,0.35773832342702266,0.7763705054918898
in100.floorssl.s0.e28x10,11,10879,block09,1774464,0.35918063935108907,0.7771566759476515
in100.floorssl.s0.e28x10,11,10879,block10,1774464,0.35772420553712136,0.7744005166966553
in100.floorssl.s0.e28x10,11,10879,block11,1774464,0.3634567457719219,0.7769944585781813
in100.floorssl.s0.e28x10,12,11868,backbone,21664896,0.3924804584862902,0.7499029904178507
in100.floorssl.s0.e28x10,12,11868,scaled48,21233664,0.391710038770033,0.7500937675243734
in100.floorssl.s0.e28x10,12,11868,qkv,5308416,0.4142974726284151,0.7686906747200547
in100.floorssl.s0.e28x10,12,11868,attn_proj,1769472,0.4198619981701568,0.7791650545915614
in100.floorssl.s0.e28x10,12,11868,fc1,7077888,0.38035387819522803,0.7408129563462338
in100.floorssl.s0.e28x10,12,11868,fc2,7077888,0.377951905308008,0.7376932164971735
in100.floorssl.s0.e28x10,12,11868,block_ln,18432,0.3621430495251649,0.6641702675955586
in100.floorssl.s0.e28x10,12,11868,biases,51072,34.75918076724898,34.769256947516226
in100.floorssl.s0.e28x10,12,11868,patch_embed,295296,0.4210768513940878,0.7728428181194682
in100.floorssl.s0.e28x10,12,11868,pos_cls,76032,3.121765619304069,3.1887202859802835
in100.floorssl.s0.e28x10,12,11868,final_ln,768,0.3137696205550956,0.7166103637078393
in100.floorssl.s0.e28x10,12,11868,projector_mlp,5517568,2.2620998932387755,2.3332978310796912
in100.floorssl.s0.e28x10,12,11868,block00,1774464,0.41097242664953076,0.7743521088474121
in100.floorssl.s0.e28x10,12,11868,block01,1774464,0.3904890706113343,0.7535023924844414
in100.floorssl.s0.e28x10,12,11868,block02,1774464,0.3910068223839966,0.7532027899620656
in100.floorssl.s0.e28x10,12,11868,block03,1774464,0.3914657554138772,0.7511395690076662
in100.floorssl.s0.e28x10,12,11868,block04,1774464,0.3879596674052343,0.7474765048630129
in100.floorssl.s0.e28x10,12,11868,block05,1774464,0.3866192510724904,0.7456857406800161
in100.floorssl.s0.e28x10,12,11868,block06,1774464,0.38990205270701245,0.7462443411539635
in100.floorssl.s0.e28x10,12,11868,block07,1774464,0.3865874992929933,0.7430353589334142
in100.floorssl.s0.e28x10,12,11868,block08,1774464,0.38854895352209295,0.744004136889212
in100.floorssl.s0.e28x10,12,11868,block09,1774464,0.390253419524773,0.7449524716349264
in100.floorssl.s0.e28x10,12,11868,block10,1774464,0.3885846211474786,0.7419282167470799
in100.floorssl.s0.e28x10,12,11868,block11,1774464,0.39634931737754686,0.7459561947473706
in100.floorssl.s0.e28x10,13,12857,backbone,21664896,0.42532657842033084,0.7216515301143441
in100.floorssl.s0.e28x10,13,12857,scaled48,21233664,0.4243771585364715,0.7218215687206836
in100.floorssl.s0.e28x10,13,12857,qkv,5308416,0.44977402820350343,0.7441260732571353
in100.floorssl.s0.e28x10,13,12857,attn_proj,1769472,0.458032449280933,0.7561275871164522
in100.floorssl.s0.e28x10,13,12857,fc1,7077888,0.41176957124108776,0.7110125089143932
in100.floorssl.s0.e28x10,13,12857,fc2,7077888,0.40813450878449753,0.7066326721080732
in100.floorssl.s0.e28x10,13,12857,block_ln,18432,0.40516216731513105,0.62408091010651
in100.floorssl.s0.e28x10,13,12857,biases,51072,37.502401261863476,37.51409704982691
in100.floorssl.s0.e28x10,13,12857,patch_embed,295296,0.45728928879559044,0.7493618045051023
in100.floorssl.s0.e28x10,13,12857,pos_cls,76032,3.2720248462445083,3.32883203871824
in100.floorssl.s0.e28x10,13,12857,final_ln,768,0.34863140965865547,0.68349862723307
in100.floorssl.s0.e28x10,13,12857,projector_mlp,5517568,2.4320507915802754,2.4855888509965545
in100.floorssl.s0.e28x10,13,12857,block00,1774464,0.4493997376069703,0.7526492145298469
in100.floorssl.s0.e28x10,13,12857,block01,1774464,0.42475828565954243,0.7266525930625223
in100.floorssl.s0.e28x10,13,12857,block02,1774464,0.4229794172145466,0.7246125835468784
in100.floorssl.s0.e28x10,13,12857,block03,1774464,0.4231415207285023,0.7219691213008019
in100.floorssl.s0.e28x10,13,12857,block04,1774464,0.41967227789518846,0.7179415826321038
in100.floorssl.s0.e28x10,13,12857,block05,1774464,0.4204916548507759,0.7174159341585229
in100.floorssl.s0.e28x10,13,12857,block06,1774464,0.4217652944373178,0.7169000392340588
in100.floorssl.s0.e28x10,13,12857,block07,1774464,0.4179998614370002,0.71328481606044
in100.floorssl.s0.e28x10,13,12857,block08,1774464,0.4197437667026175,0.7141009457046926
in100.floorssl.s0.e28x10,13,12857,block09,1774464,0.42225461502708994,0.7157658534340463
in100.floorssl.s0.e28x10,13,12857,block10,1774464,0.419504829369695,0.7117626557373632
in100.floorssl.s0.e28x10,13,12857,block11,1774464,0.43018175892650445,0.7178026672642417
in100.floorssl.s0.e28x10,14,13846,backbone,21664896,0.461340162796472,0.6982380777579735
in100.floorssl.s0.e28x10,14,13846,scaled48,21233664,0.4603028070947128,0.698407610426315
in100.floorssl.s0.e28x10,14,13846,qkv,5308416,0.4881066868184943,0.7245563359324199
in100.floorssl.s0.e28x10,14,13846,attn_proj,1769472,0.4976857088166788,0.7372868944596788
in100.floorssl.s0.e28x10,14,13846,fc1,7077888,0.4475687900318005,0.6866118577525917
in100.floorssl.s0.e28x10,14,13846,fc2,7077888,0.44127460938025104,0.6799026066973347
in100.floorssl.s0.e28x10,14,13846,block_ln,18432,0.44809554794871465,0.5853097094682042
in100.floorssl.s0.e28x10,14,13846,biases,51072,41.23701795731367,41.24899096579901
in100.floorssl.s0.e28x10,14,13846,patch_embed,295296,0.49227624303741546,0.7303461368065676
in100.floorssl.s0.e28x10,14,13846,pos_cls,76032,3.435753902235217,3.4837779155264768
in100.floorssl.s0.e28x10,14,13846,final_ln,768,0.381556994546921,0.6524377862245293
in100.floorssl.s0.e28x10,14,13846,projector_mlp,5517568,2.5986311885950055,2.6366722530648468
in100.floorssl.s0.e28x10,14,13846,block00,1774464,0.4910427791151942,0.7365396872689665
in100.floorssl.s0.e28x10,14,13846,block01,1774464,0.461762158888278,0.7036995111678088
in100.floorssl.s0.e28x10,14,13846,block02,1774464,0.45845420268596376,0.700666955331657
in100.floorssl.s0.e28x10,14,13846,block03,1774464,0.4566365538074299,0.6962476276759294
in100.floorssl.s0.e28x10,14,13846,block04,1774464,0.4546000569920728,0.6930489679095195
in100.floorssl.s0.e28x10,14,13846,block05,1774464,0.4571046980822535,0.6940583639176781
in100.floorssl.s0.e28x10,14,13846,block06,1774464,0.4555619209306826,0.6913157195149058
in100.floorssl.s0.e28x10,14,13846,block07,1774464,0.45199386884042037,0.6877797215078146
in100.floorssl.s0.e28x10,14,13846,block08,1774464,0.45356344875082333,0.6886151228798554
in100.floorssl.s0.e28x10,14,13846,block09,1774464,0.45859267756180927,0.6922301798215127
in100.floorssl.s0.e28x10,14,13846,block10,1774464,0.4564685930920012,0.6887163858241396
in100.floorssl.s0.e28x10,14,13846,block11,1774464,0.46802438021848575,0.6952595577319638
in100.floorssl.s0.e28x10,15,14835,backbone,21664896,0.5037976497416317,0.6832142527362012
in100.floorssl.s0.e28x10,15,14835,scaled48,21233664,0.5028080242703948,0.6835113084008755
in100.floorssl.s0.e28x10,15,14835,qkv,5308416,0.5257360196888463,0.7090234636987397
in100.floorssl.s0.e28x10,15,14835,attn_proj,1769472,0.536817774333985,0.7235718452793255
in100.floorssl.s0.e28x10,15,14835,fc1,7077888,0.4932905488401671,0.6728580902835966
in100.floorssl.s0.e28x10,15,14835,fc2,7077888,0.48557448517846175,0.6640167164893451
in100.floorssl.s0.e28x10,15,14835,block_ln,18432,0.49412271441711164,0.5473842990118843
in100.floorssl.s0.e28x10,15,14835,biases,51072,45.0870968891478,45.09736799138805
in100.floorssl.s0.e28x10,15,14835,patch_embed,295296,0.5295265696649082,0.7166362866949225
in100.floorssl.s0.e28x10,15,14835,pos_cls,76032,3.500746385128511,3.5379824632431904
in100.floorssl.s0.e28x10,15,14835,final_ln,768,0.41183530356314574,0.6219009452118854
in100.floorssl.s0.e28x10,15,14835,projector_mlp,5517568,2.676908947318727,2.704397261297445
in100.floorssl.s0.e28x10,15,14835,block00,1774464,0.5207798531584866,0.7155179021398433
in100.floorssl.s0.e28x10,15,14835,block01,1774464,0.494128923473765,0.6814729417857291
in100.floorssl.s0.e28x10,15,14835,block02,1774464,0.49150953861016944,0.6786864661562524
in100.floorssl.s0.e28x10,15,14835,block03,1774464,0.49305765036686117,0.6763653552442941
in100.floorssl.s0.e28x10,15,14835,block04,1774464,0.49366798975405485,0.6748190276485394
in100.floorssl.s0.e28x10,15,14835,block05,1774464,0.4951272471028766,0.6751129825422539
in100.floorssl.s0.e28x10,15,14835,block06,1774464,0.4983950221211531,0.6762538009158843
in100.floorssl.s0.e28x10,15,14835,block07,1774464,0.4985005400762997,0.674679127618692
in100.floorssl.s0.e28x10,15,14835,block08,1774464,0.5005324837261333,0.6762504336780847
in100.floorssl.s0.e28x10,15,14835,block09,1774464,0.5081532225357033,0.6817639094464526
in100.floorssl.s0.e28x10,15,14835,block10,1774464,0.510480920650145,0.6820280542427672
in100.floorssl.s0.e28x10,15,14835,block11,1774464,0.52986828388643,0.6946871993188165
in100.floorssl.s0.e28x10,16,15824,backbone,21664896,0.5481437999975449,0.674427999298543
in100.floorssl.s0.e28x10,16,15824,scaled48,21233664,0.5473553447480334,0.6748972330831422
in100.floorssl.s0.e28x10,16,15824,qkv,5308416,0.5626582254449448,0.6965561205853307
in100.floorssl.s0.e28x10,16,15824,attn_proj,1769472,0.5727149405664204,0.7108988531123158
in100.floorssl.s0.e28x10,16,15824,fc1,7077888,0.5434572399860307,0.668035696256666
in100.floorssl.s0.e28x10,16,15824,fc2,7077888,0.5329353601594828,0.655718950439491
in100.floorssl.s0.e28x10,16,15824,block_ln,18432,0.5299901895501337,0.5157971182731148
in100.floorssl.s0.e28x10,16,15824,biases,51072,50.82121287810169,50.830683214125955
in100.floorssl.s0.e28x10,16,15824,patch_embed,295296,0.5635567047255856,0.7031240784535419
in100.floorssl.s0.e28x10,16,15824,pos_cls,76032,3.6264703003227607,3.6523327937831733
in100.floorssl.s0.e28x10,16,15824,final_ln,768,0.4416980890918401,0.5931166455265733
in100.floorssl.s0.e28x10,16,15824,projector_mlp,5517568,2.7597459176362595,2.776398315965664
in100.floorssl.s0.e28x10,16,15824,block00,1774464,0.5499172461202833,0.6974239355406099
in100.floorssl.s0.e28x10,16,15824,block01,1774464,0.5318610543247152,0.6668403283052066
in100.floorssl.s0.e28x10,16,15824,block02,1774464,0.5301046399764704,0.6642987682688931
in100.floorssl.s0.e28x10,16,15824,block03,1774464,0.529637519251827,0.6601478373674695
in100.floorssl.s0.e28x10,16,15824,block04,1774464,0.5314151381179296,0.65911720343981
in100.floorssl.s0.e28x10,16,15824,block05,1774464,0.5405092499981088,0.6665177381961523
in100.floorssl.s0.e28x10,16,15824,block06,1774464,0.5428306653672748,0.6669941277116443
in100.floorssl.s0.e28x10,16,15824,block07,1774464,0.5639417864744876,0.6832360468772766
in100.floorssl.s0.e28x10,16,15824,block08,1774464,0.5496021233415784,0.6706781671685051
in100.floorssl.s0.e28x10,16,15824,block09,1774464,0.5582090380963579,0.6776496045327028
in100.floorssl.s0.e28x10,16,15824,block10,1774464,0.5510528655199897,0.6707751202220623
in100.floorssl.s0.e28x10,16,15824,block11,1774464,0.5879538817081731,0.6987970500210225
in100.floorssl.s0.e28x10,17,16813,backbone,21664896,0.5834395350193308,0.6632562706804226
in100.floorssl.s0.e28x10,17,16813,scaled48,21233664,0.5827315892663432,0.6637402808073998
in100.floorssl.s0.e28x10,17,16813,qkv,5308416,0.5922795373949722,0.6804839311902979
in100.floorssl.s0.e28x10,17,16813,attn_proj,1769472,0.6111752233841522,0.7036873660198316
in100.floorssl.s0.e28x10,17,16813,fc1,7077888,0.5825192545146999,0.6607113432496042
in100.floorssl.s0.e28x10,17,16813,fc2,7077888,0.5682654111371603,0.6434579197280699
in100.floorssl.s0.e28x10,17,16813,block_ln,18432,0.5563809079355094,0.48902528827945757
in100.floorssl.s0.e28x10,17,16813,biases,51072,55.93721901229865,55.945707693134146
in100.floorssl.s0.e28x10,17,16813,patch_embed,295296,0.5971069071465843,0.6934255934940946
in100.floorssl.s0.e28x10,17,16813,pos_cls,76032,3.6821631789696148,3.7014360091002634
in100.floorssl.s0.e28x10,17,16813,final_ln,768,0.47087579206456776,0.566139218471391
in100.floorssl.s0.e28x10,17,16813,projector_mlp,5517568,2.845900487257442,2.85362970098931
in100.floorssl.s0.e28x10,17,16813,block00,1774464,0.5747175774972296,0.675477511392487
in100.floorssl.s0.e28x10,17,16813,block01,1774464,0.5640720562908601,0.6517520011738303
in100.floorssl.s0.e28x10,17,16813,block02,1774464,0.5618682664207905,0.6486689647536136
in100.floorssl.s0.e28x10,17,16813,block03,1774464,0.5663029922040042,0.6494223866963797
in100.floorssl.s0.e28x10,17,16813,block04,1774464,0.5692362865389861,0.6491432330316491
in100.floorssl.s0.e28x10,17,16813,block05,1774464,0.5804708895222224,0.6591351772704911
in100.floorssl.s0.e28x10,17,16813,block06,1774464,0.5836705829959821,0.660821898198965
in100.floorssl.s0.e28x10,17,16813,block07,1774464,0.5924188972993656,0.6666741256510683
in100.floorssl.s0.e28x10,17,16813,block08,1774464,0.5895498658667374,0.6638905395557575
in100.floorssl.s0.e28x10,17,16813,block09,1774464,0.5944364581843288,0.667938407714466
in100.floorssl.s0.e28x10,17,16813,block10,1774464,0.5942799997067376,0.6671658406337087
in100.floorssl.s0.e28x10,17,16813,block11,1774464,0.6202768282561981,0.6880762204823553
in100.floorssl.s0.e28x10,18,17802,backbone,21664896,0.6209059894001315,0.6587368610479188
in100.floorssl.s0.e28x10,18,17802,scaled48,21233664,0.6205995674092111,0.6595357899627057
in100.floorssl.s0.e28x10,18,17802,qkv,5308416,0.6144522731204515,0.6588751426679109
in100.floorssl.s0.e28x10,18,17802,attn_proj,1769472,0.6545777019671861,0.7045765367419067
in100.floorssl.s0.e28x10,18,17802,fc1,7077888,0.6259354929311977,0.6641471927855355
in100.floorssl.s0.e28x10,18,17802,fc2,7077888,0.6110153090552324,0.6435568783652866
in100.floorssl.s0.e28x10,18,17802,block_ln,18432,0.5792715268331324,0.4643913026952915
in100.floorssl.s0.e28x10,18,17802,biases,51072,61.065896695235985,61.074121288098254
in100.floorssl.s0.e28x10,18,17802,patch_embed,295296,0.6181475024172489,0.6755953487503528
in100.floorssl.s0.e28x10,18,17802,pos_cls,76032,3.565178039241043,3.5774381066956282
in100.floorssl.s0.e28x10,18,17802,final_ln,768,0.5018304986952623,0.540590836815843
in100.floorssl.s0.e28x10,18,17802,projector_mlp,5517568,2.9563990280216434,2.9551867060387584
in100.floorssl.s0.e28x10,18,17802,block00,1774464,0.5947985169658478,0.650161190453358
in100.floorssl.s0.e28x10,18,17802,block01,1774464,0.596278796970677,0.6398160070489256
in100.floorssl.s0.e28x10,18,17802,block02,1774464,0.5976050434604846,0.6407522425532312
in100.floorssl.s0.e28x10,18,17802,block03,1774464,0.6100140298389983,0.6506184772057124
in100.floorssl.s0.e28x10,18,17802,block04,1774464,0.6112373636582605,0.649067548930769
in100.floorssl.s0.e28x10,18,17802,block05,1774464,0.6196889897770104,0.6563939709263389
in100.floorssl.s0.e28x10,18,17802,block06,1774464,0.6298796082088909,0.6654923622150009
in100.floorssl.s0.e28x10,18,17802,block07,1774464,0.633309367366409,0.66726786253233
in100.floorssl.s0.e28x10,18,17802,block08,1774464,0.6378214042774938,0.6705776381770282
in100.floorssl.s0.e28x10,18,17802,block09,1774464,0.6361473251378739,0.6687148007731363
in100.floorssl.s0.e28x10,18,17802,block10,1774464,0.6337662293550682,0.665586111639223
in100.floorssl.s0.e28x10,18,17802,block11,1774464,0.6437738902778087,0.6722275365467528
in100.floorssl.s0.e28x10,19,18791,backbone,21664896,0.6516439251748718,0.6518319625637289
in100.floorssl.s0.e28x10,19,18791,scaled48,21233664,0.6517881931510131,0.6529642746170164
in100.floorssl.s0.e28x10,19,18791,qkv,5308416,0.6332890913209448,0.6370801427902157
in100.floorssl.s0.e28x10,19,18791,attn_proj,1769472,0.6800247083928107,0.6924331189541604
in100.floorssl.s0.e28x10,19,18791,fc1,7077888,0.6628497272128557,0.6651874327130678
in100.floorssl.s0.e28x10,19,18791,fc2,7077888,0.6470604152282191,0.6421204260546302
in100.floorssl.s0.e28x10,19,18791,block_ln,18432,0.5944756356906867,0.4470976261855262
in100.floorssl.s0.e28x10,19,18791,biases,51072,62.612873643830646,62.621670450674166
in100.floorssl.s0.e28x10,19,18791,patch_embed,295296,0.6321932743188409,0.6518809759833469
in100.floorssl.s0.e28x10,19,18791,pos_cls,76032,3.3718593842072995,3.3759030641947563
in100.floorssl.s0.e28x10,19,18791,final_ln,768,0.526468691132038,0.5167027056622716
in100.floorssl.s0.e28x10,19,18791,projector_mlp,5517568,2.9785541108248057,2.9707778074524054
in100.floorssl.s0.e28x10,19,18791,block00,1774464,0.6103011615640107,0.6228624443622534
in100.floorssl.s0.e28x10,19,18791,block01,1774464,0.6235534237415136,0.6259210504929071
in100.floorssl.s0.e28x10,19,18791,block02,1774464,0.6288574583233837,0.6319709982287497
in100.floorssl.s0.e28x10,19,18791,block03,1774464,0.6463024778160548,0.6483204083605322
in100.floorssl.s0.e28x10,19,18791,block04,1774464,0.649691607378924,0.6504470620316894
in100.floorssl.s0.e28x10,19,18791,block05,1774464,0.6549092243838733,0.6546401817893278
in100.floorssl.s0.e28x10,19,18791,block06,1774464,0.6706119830677875,0.6706447909436459
in100.floorssl.s0.e28x10,19,18791,block07,1774464,0.6698821455185706,0.6684298297919656
in100.floorssl.s0.e28x10,19,18791,block08,1774464,0.6770280494420532,0.6747985891306768
in100.floorssl.s0.e28x10,19,18791,block09,1774464,0.6671189199936913,0.6637449574362654
in100.floorssl.s0.e28x10,19,18791,block10,1774464,0.6577478300271236,0.6526532452382259
in100.floorssl.s0.e28x10,19,18791,block11,1774464,0.6599534799330269,0.6515361873105759
in100.floorssl.s0.e28x10,20,19780,backbone,21664896,0.6773692297732031,0.6424749456080824
in100.floorssl.s0.e28x10,20,19780,scaled48,21233664,0.6778136060066423,0.6438822501362866
in100.floorssl.s0.e28x10,20,19780,qkv,5308416,0.6516673999496598,0.6176754130629873
in100.floorssl.s0.e28x10,20,19780,attn_proj,1769472,0.7005002690118304,0.678298583206084
in100.floorssl.s0.e28x10,20,19780,fc1,7077888,0.6934141117541116,0.6620432169530239
in100.floorssl.s0.e28x10,20,19780,fc2,7077888,0.6754701870082939,0.6358110336158252
in100.floorssl.s0.e28x10,20,19780,block_ln,18432,0.6123371643076609,0.4285417814576832
in100.floorssl.s0.e28x10,20,19780,biases,51072,63.60565600065875,63.614209614849386
in100.floorssl.s0.e28x10,20,19780,patch_embed,295296,0.6451835603558873,0.6281295377251357
in100.floorssl.s0.e28x10,20,19780,pos_cls,76032,3.2075412511343417,3.202942846496187
in100.floorssl.s0.e28x10,20,19780,final_ln,768,0.5503815715051832,0.49456496590105087
in100.floorssl.s0.e28x10,20,19780,projector_mlp,5517568,3.0312067580781217,3.0175629459134
in100.floorssl.s0.e28x10,20,19780,block00,1774464,0.6258823796069232,0.5982559831654958
in100.floorssl.s0.e28x10,20,19780,block01,1774464,0.6462891877094655,0.6099339385154431
in100.floorssl.s0.e28x10,20,19780,block02,1774464,0.6552517312823493,0.6207244189353631
in100.floorssl.s0.e28x10,20,19780,block03,1774464,0.6746747297704516,0.6406078975599337
in100.floorssl.s0.e28x10,20,19780,block04,1774464,0.6807349131659816,0.6471438461345813
in100.floorssl.s0.e28x10,20,19780,block05,1774464,0.6848087387062193,0.6505795691739659
in100.floorssl.s0.e28x10,20,19780,block06,1774464,0.7015367345054969,0.6686256677704291
in100.floorssl.s0.e28x10,20,19780,block07,1774464,0.6980791539571483,0.663750607420581
in100.floorssl.s0.e28x10,20,19780,block08,1774464,0.7076233678912129,0.6727825671835345
in100.floorssl.s0.e28x10,20,19780,block09,1774464,0.693155351333522,0.6565359531269073
in100.floorssl.s0.e28x10,20,19780,block10,1774464,0.6807305847728028,0.6411760650209047
in100.floorssl.s0.e28x10,20,19780,block11,1774464,0.6775196823472726,0.6343255313741084
in100.floorssl.s0.e28x10,21,20769,backbone,21664896,0.6997582109463706,0.6321693061235232
in100.floorssl.s0.e28x10,21,20769,scaled48,21233664,0.7003723478952499,0.6337916985345391
in100.floorssl.s0.e28x10,21,20769,qkv,5308416,0.6700023541046899,0.600807615097061
in100.floorssl.s0.e28x10,21,20769,attn_proj,1769472,0.719213650065608,0.6649567193035152
in100.floorssl.s0.e28x10,21,20769,fc1,7077888,0.7188508515387567,0.6561840088761679
in100.floorssl.s0.e28x10,21,20769,fc2,7077888,0.6991334578112871,0.6270517104153973
in100.floorssl.s0.e28x10,21,20769,block_ln,18432,0.6328593861354311,0.4084474258252432
in100.floorssl.s0.e28x10,21,20769,biases,51072,64.61068984073994,64.61886753219274
in100.floorssl.s0.e28x10,21,20769,patch_embed,295296,0.6579514052559949,0.6057731619522214
in100.floorssl.s0.e28x10,21,20769,pos_cls,76032,3.1473336606167197,3.138413531401815
in100.floorssl.s0.e28x10,21,20769,final_ln,768,0.5718645861305006,0.473182417621259
in100.floorssl.s0.e28x10,21,20769,projector_mlp,5517568,3.082458252488214,3.0626453138579457
in100.floorssl.s0.e28x10,21,20769,block00,1774464,0.642687667090554,0.5770863429865047
in100.floorssl.s0.e28x10,21,20769,block01,1774464,0.6668669192654791,0.5940729407259143
in100.floorssl.s0.e28x10,21,20769,block02,1774464,0.67829933951044,0.6085230624017397
in100.floorssl.s0.e28x10,21,20769,block03,1774464,0.6993591142168737,0.6323969952444477
in100.floorssl.s0.e28x10,21,20769,block04,1774464,0.70681581913127,0.6414866403134583
in100.floorssl.s0.e28x10,21,20769,block05,1774464,0.7098974751179783,0.6442462337645007
in100.floorssl.s0.e28x10,21,20769,block06,1774464,0.727169428109798,0.6637703376234335
in100.floorssl.s0.e28x10,21,20769,block07,1774464,0.7223685654555613,0.6572846140465894
in100.floorssl.s0.e28x10,21,20769,block08,1774464,0.7317660200125775,0.6667300706298335
in100.floorssl.s0.e28x10,21,20769,block09,1774464,0.7162085278209949,0.6486146331778178
in100.floorssl.s0.e28x10,21,20769,block10,1774464,0.7028751967157493,0.631647635796291
in100.floorssl.s0.e28x10,21,20769,block11,1774464,0.6917767477583925,0.6148013706502872
in100.floorssl.s0.e28x10,22,21758,backbone,21664896,0.7192318763158814,0.6211505278402484
in100.floorssl.s0.e28x10,22,21758,scaled48,21233664,0.7199601361354464,0.6229306579008941
in100.floorssl.s0.e28x10,22,21758,qkv,5308416,0.6866996319863105,0.5844273935256542
in100.floorssl.s0.e28x10,22,21758,attn_proj,1769472,0.7348380154512388,0.6504397580538028
in100.floorssl.s0.e28x10,22,21758,fc1,7077888,0.7404016786820334,0.6488101736381987
in100.floorssl.s0.e28x10,22,21758,fc2,7077888,0.7198136378268394,0.617415076080998
in100.floorssl.s0.e28x10,22,21758,block_ln,18432,0.6514068652227463,0.390510507063465
in100.floorssl.s0.e28x10,22,21758,biases,51072,64.75727716963611,64.76488203810766
in100.floorssl.s0.e28x10,22,21758,patch_embed,295296,0.6704171061790045,0.5844109309945078
in100.floorssl.s0.e28x10,22,21758,pos_cls,76032,3.200257494381231,3.1847083471509827
in100.floorssl.s0.e28x10,22,21758,final_ln,768,0.5906462315029225,0.45373969943339276
in100.floorssl.s0.e28x10,22,21758,projector_mlp,5517568,3.1224310543294296,3.096755514785375
in100.floorssl.s0.e28x10,22,21758,block00,1774464,0.6589468774943806,0.5575679326539112
in100.floorssl.s0.e28x10,22,21758,block01,1774464,0.6855434088095732,0.5785405010421284
in100.floorssl.s0.e28x10,22,21758,block02,1774464,0.6982776708856593,0.5957636693784298
in100.floorssl.s0.e28x10,22,21758,block03,1774464,0.7192602824339445,0.621407798936423
in100.floorssl.s0.e28x10,22,21758,block04,1774464,0.7284087640487743,0.6334088064384025
in100.floorssl.s0.e28x10,22,21758,block05,1774464,0.7314377089869414,0.6364310785231303
in100.floorssl.s0.e28x10,22,21758,block06,1774464,0.7476761993485601,0.6556283060972717
in100.floorssl.s0.e28x10,22,21758,block07,1774464,0.7421460955802553,0.6481656949509623
in100.floorssl.s0.e28x10,22,21758,block08,1774464,0.7524465430011616,0.6595376687265831
in100.floorssl.s0.e28x10,22,21758,block09,1774464,0.7357239867137267,0.6396359286865504
in100.floorssl.s0.e28x10,22,21758,block10,1774464,0.7230105648200565,0.6224345231039534
in100.floorssl.s0.e28x10,22,21758,block11,1774464,0.7077099322893327,0.5994284061693734
in100.floorssl.s0.e28x10,23,22747,backbone,21664896,0.7377128331905117,0.6111940623405676
in100.floorssl.s0.e28x10,23,22747,scaled48,21233664,0.7385082647586496,0.6130897777059922
in100.floorssl.s0.e28x10,23,22747,qkv,5308416,0.7031427517290364,0.5701833242605956
in100.floorssl.s0.e28x10,23,22747,attn_proj,1769472,0.7500683560116448,0.6377616033855387
in100.floorssl.s0.e28x10,23,22747,fc1,7077888,0.7609228469825869,0.6423378405208748
in100.floorssl.s0.e28x10,23,22747,fc2,7077888,0.7387042349763934,0.6078525397788173
in100.floorssl.s0.e28x10,23,22747,block_ln,18432,0.6692502897764924,0.3733106938214377
in100.floorssl.s0.e28x10,23,22747,biases,51072,65.51417331715726,65.52094045479004
in100.floorssl.s0.e28x10,23,22747,patch_embed,295296,0.6831009399324879,0.5648355385998294
in100.floorssl.s0.e28x10,23,22747,pos_cls,76032,3.357109847635821,3.3359642925119295
in100.floorssl.s0.e28x10,23,22747,final_ln,768,0.6092669981574877,0.43535864416676157
in100.floorssl.s0.e28x10,23,22747,projector_mlp,5517568,3.163576779596613,3.132151259448083
in100.floorssl.s0.e28x10,23,22747,block00,1774464,0.6753727300020297,0.5401708258369705
in100.floorssl.s0.e28x10,23,22747,block01,1774464,0.7031087498557498,0.5642113177454025
in100.floorssl.s0.e28x10,23,22747,block02,1774464,0.7167345045651795,0.5835896723976556
in100.floorssl.s0.e28x10,23,22747,block03,1774464,0.7372224882447901,0.6103907096578121
in100.floorssl.s0.e28x10,23,22747,block04,1774464,0.7470243873466624,0.6245444862233602
in100.floorssl.s0.e28x10,23,22747,block05,1774464,0.7507440156508371,0.6286458043716926
in100.floorssl.s0.e28x10,23,22747,block06,1774464,0.7663183334101865,0.6477531945854414
in100.floorssl.s0.e28x10,23,22747,block07,1774464,0.7609671064770039,0.6402687165271216
in100.floorssl.s0.e28x10,23,22747,block08,1774464,0.7709707276701435,0.6520976421120431
in100.floorssl.s0.e28x10,23,22747,block09,1774464,0.7537740722458126,0.6307935055081939
in100.floorssl.s0.e28x10,23,22747,block10,1774464,0.7468981268537965,0.619293755080201
in100.floorssl.s0.e28x10,23,22747,block11,1774464,0.7237631935166661,0.58580371273463
in100.floorssl.s0.e28x10,24,23736,backbone,21664896,0.7543268040826963,0.6011928359045243
in100.floorssl.s0.e28x10,24,23736,scaled48,21233664,0.7551472699616377,0.603153428934739
in100.floorssl.s0.e28x10,24,23736,qkv,5308416,0.7191711972053748,0.5575820108395297
in100.floorssl.s0.e28x10,24,23736,attn_proj,1769472,0.7641643268239537,0.6254937119779242
in100.floorssl.s0.e28x10,24,23736,fc1,7077888,0.778098978189684,0.6342972963852942
in100.floorssl.s0.e28x10,24,23736,fc2,7077888,0.7558928035475857,0.5983538728886718
in100.floorssl.s0.e28x10,24,23736,block_ln,18432,0.6858727565040171,0.3574481981122351
in100.floorssl.s0.e28x10,24,23736,biases,51072,66.04554785331433,66.05179470630222
in100.floorssl.s0.e28x10,24,23736,patch_embed,295296,0.6959715215886532,0.5472316024576679
in100.floorssl.s0.e28x10,24,23736,pos_cls,76032,3.5680390118745233,3.5420441081901113
in100.floorssl.s0.e28x10,24,23736,final_ln,768,0.6263797453463854,0.41813620950693847
in100.floorssl.s0.e28x10,24,23736,projector_mlp,5517568,3.1985295601757247,3.1620403168404723
in100.floorssl.s0.e28x10,24,23736,block00,1774464,0.691423910923302,0.5247196348099976
in100.floorssl.s0.e28x10,24,23736,block01,1774464,0.7209092800188466,0.5526782449357891
in100.floorssl.s0.e28x10,24,23736,block02,1774464,0.7342972998251108,0.5729213430277272
in100.floorssl.s0.e28x10,24,23736,block03,1774464,0.7536974510148085,0.5998864425271184
in100.floorssl.s0.e28x10,24,23736,block04,1774464,0.764657442936585,0.6159850622524988
in100.floorssl.s0.e28x10,24,23736,block05,1774464,0.7686117586464452,0.6210103570951088
in100.floorssl.s0.e28x10,24,23736,block06,1774464,0.7830895220957129,0.6396188143916521
in100.floorssl.s0.e28x10,24,23736,block07,1774464,0.7778273243250317,0.6322655959849475
in100.floorssl.s0.e28x10,24,23736,block08,1774464,0.7876049822845381,0.6443954140654304
in100.floorssl.s0.e28x10,24,23736,block09,1774464,0.7710188962564596,0.6231390492896449
in100.floorssl.s0.e28x10,24,23736,block10,1774464,0.7608563336550325,0.6069987951164809
in100.floorssl.s0.e28x10,24,23736,block11,1774464,0.7386802301259542,0.5729581349478546
in100.floorssl.s0.e28x10,25,24725,backbone,21664896,0.7710919429374313,0.5933212876562477
in100.floorssl.s0.e28x10,25,24725,scaled48,21233664,0.7719644449203921,0.5953440447215157
in100.floorssl.s0.e28x10,25,24725,qkv,5308416,0.7353124155239447,0.5471935763581247
in100.floorssl.s0.e28x10,25,24725,attn_proj,1769472,0.7779568967578864,0.6143169055586656
in100.floorssl.s0.e28x10,25,24725,fc1,7077888,0.7959958361109778,0.6286749408977349
in100.floorssl.s0.e28x10,25,24725,fc2,7077888,0.7728669210794494,0.5908657899284404
in100.floorssl.s0.e28x10,25,24725,block_ln,18432,0.6998741256839712,0.3436171982805857
in100.floorssl.s0.e28x10,25,24725,biases,51072,66.83845200113372,66.84410318637468
in100.floorssl.s0.e28x10,25,24725,patch_embed,295296,0.7087285618417725,0.5314852917269084
in100.floorssl.s0.e28x10,25,24725,pos_cls,76032,3.769135858938669,3.739388375792924
in100.floorssl.s0.e28x10,25,24725,final_ln,768,0.6436495239296873,0.4005400723266637
in100.floorssl.s0.e28x10,25,24725,projector_mlp,5517568,3.2207427017577217,3.1797134880183826
in100.floorssl.s0.e28x10,25,24725,block00,1774464,0.7074162271527664,0.5112366085311493
in100.floorssl.s0.e28x10,25,24725,block01,1774464,0.7390347504742465,0.543662170997621
in100.floorssl.s0.e28x10,25,24725,block02,1774464,0.7515906541949907,0.5640267227744873
in100.floorssl.s0.e28x10,25,24725,block03,1774464,0.770902359811833,0.5924933198603994
in100.floorssl.s0.e28x10,25,24725,block04,1774464,0.7812910572520673,0.6086378582063621
in100.floorssl.s0.e28x10,25,24725,block05,1774464,0.7864796265539918,0.6154581768245201
in100.floorssl.s0.e28x10,25,24725,block06,1774464,0.7995551386459043,0.6329735285544922
in100.floorssl.s0.e28x10,25,24725,block07,1774464,0.7953712338319804,0.6266758596416435
in100.floorssl.s0.e28x10,25,24725,block08,1774464,0.804092395699364,0.6381975458564743
in100.floorssl.s0.e28x10,25,24725,block09,1774464,0.7882929562147187,0.6173142999033612
in100.floorssl.s0.e28x10,25,24725,block10,1774464,0.7752883592466535,0.5967389309957248
in100.floorssl.s0.e28x10,25,24725,block11,1774464,0.755016726455437,0.5638084821413203
in100.floorssl.s0.e28x10,26,25714,backbone,21664896,0.7860141728152213,0.5852037026462481
in100.floorssl.s0.e28x10,26,25714,scaled48,21233664,0.7868914338083751,0.5872482929647803
in100.floorssl.s0.e28x10,26,25714,qkv,5308416,0.7499269299906329,0.53700983928321
in100.floorssl.s0.e28x10,26,25714,attn_proj,1769472,0.7905056395179062,0.6036750284048238
in100.floorssl.s0.e28x10,26,25714,fc1,7077888,0.8114272335450216,0.6222335196392405
in100.floorssl.s0.e28x10,26,25714,fc2,7077888,0.788115456376646,0.58307804795146
in100.floorssl.s0.e28x10,26,25714,block_ln,18432,0.7139719679088227,0.33035003680008446
in100.floorssl.s0.e28x10,26,25714,biases,51072,67.05614924613138,67.06138423051063
in100.floorssl.s0.e28x10,26,25714,patch_embed,295296,0.7216229482397222,0.5176928168071445
in100.floorssl.s0.e28x10,26,25714,pos_cls,76032,4.016520520062287,3.983801073631962
in100.floorssl.s0.e28x10,26,25714,final_ln,768,0.657204169461729,0.38694257268031
in100.floorssl.s0.e28x10,26,25714,projector_mlp,5517568,3.2596056718367477,3.214322929460263
in100.floorssl.s0.e28x10,26,25714,block00,1774464,0.7232950393614657,0.49976632817212413
in100.floorssl.s0.e28x10,26,25714,block01,1774464,0.754096685170203,0.5330434945965967
in100.floorssl.s0.e28x10,26,25714,block02,1774464,0.767047616612434,0.5550846511731875
in100.floorssl.s0.e28x10,26,25714,block03,1774464,0.785781460254638,0.5843946612434121
in100.floorssl.s0.e28x10,26,25714,block04,1774464,0.7963614987316795,0.6013570218772116
in100.floorssl.s0.e28x10,26,25714,block05,1774464,0.8015354099481155,0.6080644733640624
in100.floorssl.s0.e28x10,26,25714,block06,1774464,0.8137422746796673,0.6252688555766868
in100.floorssl.s0.e28x10,26,25714,block07,1774464,0.8090112268457951,0.6181747039220747
in100.floorssl.s0.e28x10,26,25714,block08,1774464,0.8180919937442074,0.6308523981958648
in100.floorssl.s0.e28x10,26,25714,block09,1774464,0.80409826022635,0.6121164205450033
in100.floorssl.s0.e28x10,26,25714,block10,1774464,0.7900196090047142,0.589197412985811
in100.floorssl.s0.e28x10,26,25714,block11,1774464,0.7705200106882656,0.5554408507226514
in100.floorssl.s0.e28x10,27,26703,backbone,21664896,0.799862989420468,0.577322505408397
in100.floorssl.s0.e28x10,27,26703,scaled48,21233664,0.8007560090214297,0.579390040322537
in100.floorssl.s0.e28x10,27,26703,qkv,5308416,0.7643345179147193,0.5285413882322197
in100.floorssl.s0.e28x10,27,26703,attn_proj,1769472,0.8025852229492952,0.5938395500491798
in100.floorssl.s0.e28x10,27,26703,fc1,7077888,0.8250880447130721,0.6150543928382517
in100.floorssl.s0.e28x10,27,26703,fc2,7077888,0.8022675768586748,0.5753893160964496
in100.floorssl.s0.e28x10,27,26703,block_ln,18432,0.7264695223695199,0.31811492158537574
in100.floorssl.s0.e28x10,27,26703,biases,51072,67.29852116430838,67.30293692960299
in100.floorssl.s0.e28x10,27,26703,patch_embed,295296,0.7345337736731207,0.505568347994638
in100.floorssl.s0.e28x10,27,26703,pos_cls,76032,4.128775906909611,4.09360982707157
in100.floorssl.s0.e28x10,27,26703,final_ln,768,0.6725393394461066,0.3719915487750705
in100.floorssl.s0.e28x10,27,26703,projector_mlp,5517568,3.288599270246592,3.239539656681701
in100.floorssl.s0.e28x10,27,26703,block00,1774464,0.7385750202631767,0.48980893525185126
in100.floorssl.s0.e28x10,27,26703,block01,1774464,0.7696448764101518,0.5249223380189312
in100.floorssl.s0.e28x10,27,26703,block02,1774464,0.7822472589425308,0.5477243273579465
in100.floorssl.s0.e28x10,27,26703,block03,1774464,0.799920029104966,0.5768051818252916
in100.floorssl.s0.e28x10,27,26703,block04,1774464,0.8095112980103794,0.5931160713391215
in100.floorssl.s0.e28x10,27,26703,block05,1774464,0.8147766749382755,0.599969933918489
in100.floorssl.s0.e28x10,27,26703,block06,1774464,0.8266819191223573,0.6175819394758162
in100.floorssl.s0.e28x10,27,26703,block07,1774464,0.8223373090209475,0.6108463355733816
in100.floorssl.s0.e28x10,27,26703,block08,1774464,0.8310070107840791,0.6235180328950507
in100.floorssl.s0.e28x10,27,26703,block09,1774464,0.8172907685788432,0.604710802374921
in100.floorssl.s0.e28x10,27,26703,block10,1774464,0.8038084377557418,0.5818531274180998
in100.floorssl.s0.e28x10,27,26703,block11,1774464,0.7844079573813857,0.5469372617254221
in100.floorssl.s0.e28x10,28,27692,backbone,21664896,0.8122454290647221,0.5691635642109342
in100.floorssl.s0.e28x10,28,27692,scaled48,21233664,0.8131551552019665,0.5712281815732929
in100.floorssl.s0.e28x10,28,27692,qkv,5308416,0.7773134818935984,0.5198271077650283
in100.floorssl.s0.e28x10,28,27692,attn_proj,1769472,0.812573660307286,0.5831305310933357
in100.floorssl.s0.e28x10,28,27692,fc1,7077888,0.8374390559975056,0.607657751747552
in100.floorssl.s0.e28x10,28,27692,fc2,7077888,0.8149198606884541,0.5674044055509668
in100.floorssl.s0.e28x10,28,27692,block_ln,18432,0.736448452490321,0.3079680171163269
in100.floorssl.s0.e28x10,28,27692,biases,51072,67.69798552090877,67.70175160446885
in100.floorssl.s0.e28x10,28,27692,patch_embed,295296,0.7463246896764997,0.4933934249621221
in100.floorssl.s0.e28x10,28,27692,pos_cls,76032,4.244481974019825,4.20764440846699
in100.floorssl.s0.e28x10,28,27692,final_ln,768,0.6846965309619959,0.3589703159725619
in100.floorssl.s0.e28x10,28,27692,projector_mlp,5517568,3.3104831730563062,3.257955216268191
in100.floorssl.s0.e28x10,28,27692,block00,1774464,0.7520423965924541,0.4791484634557257
in100.floorssl.s0.e28x10,28,27692,block01,1774464,0.7846868560329132,0.5185712211158828
in100.floorssl.s0.e28x10,28,27692,block02,1774464,0.7951346923707538,0.5389735598039094
in100.floorssl.s0.e28x10,28,27692,block03,1774464,0.8114044040453794,0.5669960083525506
in100.floorssl.s0.e28x10,28,27692,block04,1774464,0.8202242872213399,0.5829704096414601
in100.floorssl.s0.e28x10,28,27692,block05,1774464,0.8264037217593435,0.591733399481376
in100.floorssl.s0.e28x10,28,27692,block06,1774464,0.8374598788382434,0.6085162601415119
in100.floorssl.s0.e28x10,28,27692,block07,1774464,0.8334842529791419,0.6022709386896629
in100.floorssl.s0.e28x10,28,27692,block08,1774464,0.8422975735078152,0.6152192011586733
in100.floorssl.s0.e28x10,28,27692,block09,1774464,0.8301033851624681,0.5987476862676475
in100.floorssl.s0.e28x10,28,27692,block10,1774464,0.8158830630750687,0.5735977933571225
in100.floorssl.s0.e28x10,28,27692,block11,1774464,0.8000714369110794,0.5430887566319499
in100.floorssl.s0.e28x10,29,28681,backbone,21664896,0.8243486928798649,0.5622214852506112
in100.floorssl.s0.e28x10,29,28681,scaled48,21233664,0.8252717265551123,0.5642736455534713
in100.floorssl.s0.e28x10,29,28681,qkv,5308416,0.7899294507360066,0.5124258866472976
in100.floorssl.s0.e28x10,29,28681,attn_proj,1769472,0.822849424249087,0.5739584513567773
in100.floorssl.s0.e28x10,29,28681,fc1,7077888,0.8495631689271755,0.6014515461327632
in100.floorssl.s0.e28x10,29,28681,fc2,7077888,0.8271445907628089,0.5604870839776811
in100.floorssl.s0.e28x10,29,28681,block_ln,18432,0.745678779744878,0.2987359924918291
in100.floorssl.s0.e28x10,29,28681,biases,51072,67.94931113778425,67.95264648691605
in100.floorssl.s0.e28x10,29,28681,patch_embed,295296,0.7576420121864667,0.48217673076058004
in100.floorssl.s0.e28x10,29,28681,pos_cls,76032,4.427174463748093,4.389833975911802
in100.floorssl.s0.e28x10,29,28681,final_ln,768,0.6970145565538628,0.346557505387134
in100.floorssl.s0.e28x10,29,28681,projector_mlp,5517568,3.3369592464629916,3.281215515146716
in100.floorssl.s0.e28x10,29,28681,block00,1774464,0.7662863348738591,0.47188427357145984
in100.floorssl.s0.e28x10,29,28681,block01,1774464,0.7995364385853289,0.5137168011543595
in100.floorssl.s0.e28x10,29,28681,block02,1774464,0.8089217297148807,0.5334541412992011
in100.floorssl.s0.e28x10,29,28681,block03,1774464,0.8232303130416155,0.5592358001653964
in100.floorssl.s0.e28x10,29,28681,block04,1774464,0.8319246066335821,0.5760775229822841
in100.floorssl.s0.e28x10,29,28681,block05,1774464,0.8382326523341178,0.5850450228643937
in100.floorssl.s0.e28x10,29,28681,block06,1774464,0.8483399918644656,0.600808678630442
in100.floorssl.s0.e28x10,29,28681,block07,1774464,0.8450136549877177,0.5954615936988932
in100.floorssl.s0.e28x10,29,28681,block08,1774464,0.8541926852755777,0.6093973242278433
in100.floorssl.s0.e28x10,29,28681,block09,1774464,0.8425548705144372,0.5935938820927457
in100.floorssl.s0.e28x10,29,28681,block10,1774464,0.8270948982996593,0.5659697646536027
in100.floorssl.s0.e28x10,29,28681,block11,1774464,0.8092788482059002,0.5314943340212884
in100.floorssl.s0.e28x10,30,29670,backbone,21664896,0.8371715516665581,0.5577819008394942
in100.floorssl.s0.e28x10,30,29670,scaled48,21233664,0.8381297207503359,0.5598343529348961
in100.floorssl.s0.e28x10,30,29670,qkv,5308416,0.8031909133187306,0.5077290690624714
in100.floorssl.s0.e28x10,30,29670,attn_proj,1769472,0.8338189881524829,0.5668805288504483
in100.floorssl.s0.e28x10,30,29670,fc1,7077888,0.8625609124295084,0.597787997507197
in100.floorssl.s0.e28x10,30,29670,fc2,7077888,0.8400543675084086,0.5560418835259069
in100.floorssl.s0.e28x10,30,29670,block_ln,18432,0.7540365800072261,0.2905796192501519
in100.floorssl.s0.e28x10,30,29670,biases,51072,68.63197077552863,68.63484291619555
in100.floorssl.s0.e28x10,30,29670,patch_embed,295296,0.7686382095762844,0.47248342898624646
in100.floorssl.s0.e28x10,30,29670,pos_cls,76032,4.620823036698758,4.58186958368202
in100.floorssl.s0.e28x10,30,29670,final_ln,768,0.7098328157401945,0.33361631595774904
in100.floorssl.s0.e28x10,30,29670,projector_mlp,5517568,3.361591765666895,3.3027587161402456
in100.floorssl.s0.e28x10,30,29670,block00,1774464,0.7800353044632131,0.4654540172965279
in100.floorssl.s0.e28x10,30,29670,block01,1774464,0.814404244620534,0.5107866856929916
in100.floorssl.s0.e28x10,30,29670,block02,1774464,0.8223374467152141,0.529120113163678
in100.floorssl.s0.e28x10,30,29670,block03,1774464,0.8359958985851191,0.5546718102575685
in100.floorssl.s0.e28x10,30,29670,block04,1774464,0.8442174357886489,0.5712016417440199
in100.floorssl.s0.e28x10,30,29670,block05,1774464,0.8516903431050973,0.5818936365628702
in100.floorssl.s0.e28x10,30,29670,block06,1774464,0.8602093859478442,0.596090627955523
in100.floorssl.s0.e28x10,30,29670,block07,1774464,0.8569229229633273,0.5905632254213686
in100.floorssl.s0.e28x10,30,29670,block08,1774464,0.8656442119245055,0.6044434609081721
in100.floorssl.s0.e28x10,30,29670,block09,1774464,0.8557884005103296,0.5907273904472914
in100.floorssl.s0.e28x10,30,29670,block10,1774464,0.8396471808812308,0.5612877842048113
in100.floorssl.s0.e28x10,30,29670,block11,1774464,0.8218137842771529,0.5263041316126454
in100.floorssl.s0.e28x10,31,30659,backbone,21664896,0.8476606815495662,0.5515079627917564
in100.floorssl.s0.e28x10,31,30659,scaled48,21233664,0.8486238049919325,0.5535391926945202
in100.floorssl.s0.e28x10,31,30659,qkv,5308416,0.8139955660400218,0.5008362551954032
in100.floorssl.s0.e28x10,31,30659,attn_proj,1769472,0.8427524015646134,0.5588299947484262
in100.floorssl.s0.e28x10,31,30659,fc1,7077888,0.8727986238620008,0.5917479481448196
in100.floorssl.s0.e28x10,31,30659,fc2,7077888,0.8509872463301192,0.5502915672089013
in100.floorssl.s0.e28x10,31,30659,block_ln,18432,0.7620595866082732,0.2825900930163204
in100.floorssl.s0.e28x10,31,30659,biases,51072,68.20288641136834,68.2054578659876
in100.floorssl.s0.e28x10,31,30659,patch_embed,295296,0.7791109009997983,0.462921360324482
in100.floorssl.s0.e28x10,31,30659,pos_cls,76032,4.805800185979006,4.765912221199545
in100.floorssl.s0.e28x10,31,30659,final_ln,768,0.7201769211953896,0.3226340512153506
in100.floorssl.s0.e28x10,31,30659,projector_mlp,5517568,3.375498419574291,3.313941276324496
in100.floorssl.s0.e28x10,31,30659,block00,1774464,0.7924567199638681,0.45898619696893334
in100.floorssl.s0.e28x10,31,30659,block01,1774464,0.8262624984539979,0.5054944233595201
in100.floorssl.s0.e28x10,31,30659,block02,1774464,0.8340534604922498,0.5240276967547154
in100.floorssl.s0.e28x10,31,30659,block03,1774464,0.8473843474949602,0.5495857115974379
in100.floorssl.s0.e28x10,31,30659,block04,1774464,0.8546939167074606,0.5653855762555444
in100.floorssl.s0.e28x10,31,30659,block05,1774464,0.8612741446226888,0.5748572939813875
in100.floorssl.s0.e28x10,31,30659,block06,1774464,0.8696715687799215,0.5892029369404763
in100.floorssl.s0.e28x10,31,30659,block07,1774464,0.8664996719184155,0.5836992002130901
in100.floorssl.s0.e28x10,31,30659,block08,1774464,0.8746181597185303,0.5969940844382033
in100.floorssl.s0.e28x10,31,30659,block09,1774464,0.8653168504330414,0.5844035963433829
in100.floorssl.s0.e28x10,31,30659,block10,1774464,0.8505020873965377,0.555779663749023
in100.floorssl.s0.e28x10,31,30659,block11,1774464,0.8318421810442027,0.5186028635630405
in100.floorssl.s0.e28x10,32,31648,backbone,21664896,0.8572923736466286,0.5451627621453254
in100.floorssl.s0.e28x10,32,31648,scaled48,21233664,0.8582538944367895,0.5471430683479128
in100.floorssl.s0.e28x10,32,31648,qkv,5308416,0.8244830129559715,0.49498790917297963
in100.floorssl.s0.e28x10,32,31648,attn_proj,1769472,0.8513663261258362,0.5513476087160347
in100.floorssl.s0.e28x10,32,31648,fc1,7077888,0.8820917621203169,0.5855158060468864
in100.floorssl.s0.e28x10,32,31648,fc2,7077888,0.8606094043685099,0.5435841334250011
in100.floorssl.s0.e28x10,32,31648,block_ln,18432,0.7686240942493978,0.27544124489602273
in100.floorssl.s0.e28x10,32,31648,biases,51072,68.31314836451588,68.3151620046223
in100.floorssl.s0.e28x10,32,31648,patch_embed,295296,0.788838563675666,0.4537629917335995
in100.floorssl.s0.e28x10,32,31648,pos_cls,76032,4.995259921379261,4.954539021503356
in100.floorssl.s0.e28x10,32,31648,final_ln,768,0.7303259604802235,0.3120116382398577
in100.floorssl.s0.e28x10,32,31648,projector_mlp,5517568,3.3774320386268983,3.3134870361492137
in100.floorssl.s0.e28x10,32,31648,block00,1774464,0.8043767202805502,0.45358710905720423
in100.floorssl.s0.e28x10,32,31648,block01,1774464,0.8372061874577317,0.4997795444276151
in100.floorssl.s0.e28x10,32,31648,block02,1774464,0.8448470961057624,0.5190310120806934
in100.floorssl.s0.e28x10,32,31648,block03,1774464,0.8566610085742259,0.5424149816235762
in100.floorssl.s0.e28x10,32,31648,block04,1774464,0.8636086315229958,0.5581894139821401
in100.floorssl.s0.e28x10,32,31648,block05,1774464,0.870124082221164,0.5678919569753196
in100.floorssl.s0.e28x10,32,31648,block06,1774464,0.877963921868555,0.5817184236490492
in100.floorssl.s0.e28x10,32,31648,block07,1774464,0.8755465600863099,0.5772428830404015
in100.floorssl.s0.e28x10,32,31648,block08,1774464,0.8833036313101456,0.5901623646135155
in100.floorssl.s0.e28x10,32,31648,block09,1774464,0.8751452239955966,0.5793882486724767
in100.floorssl.s0.e28x10,32,31648,block10,1774464,0.8598172131814136,0.5494500086409775
in100.floorssl.s0.e28x10,32,31648,block11,1774464,0.8414855223012109,0.5117581525478339
in100.floorssl.s0.e28x10,33,32637,backbone,21664896,0.866652107441389,0.539742446824478
in100.floorssl.s0.e28x10,33,32637,scaled48,21233664,0.8676190135027595,0.5416760828196502
in100.floorssl.s0.e28x10,33,32637,qkv,5308416,0.8345740898485863,0.48989841469350087
in100.floorssl.s0.e28x10,33,32637,attn_proj,1769472,0.8590476629581816,0.5435677632059182
in100.floorssl.s0.e28x10,33,32637,fc1,7077888,0.8915479761395122,0.580713556633178
in100.floorssl.s0.e28x10,33,32637,fc2,7077888,0.8697856672319318,0.5376968762068195
in100.floorssl.s0.e28x10,33,32637,block_ln,18432,0.7744301466578248,0.26972595494753077
in100.floorssl.s0.e28x10,33,32637,biases,51072,68.64573876287172,68.64727453198155
in100.floorssl.s0.e28x10,33,32637,patch_embed,295296,0.797946686322099,0.44472203222097023
in100.floorssl.s0.e28x10,33,32637,pos_cls,76032,5.178095864374822,5.136613719713436
in100.floorssl.s0.e28x10,33,32637,final_ln,768,0.7416767571924879,0.3011270095375431
in100.floorssl.s0.e28x10,33,32637,projector_mlp,5517568,3.4047124515794356,3.3385535547047507
in100.floorssl.s0.e28x10,33,32637,block00,1774464,0.8155680356495373,0.44850802084258357
in100.floorssl.s0.e28x10,33,32637,block01,1774464,0.8493537423060018,0.49773495383406646
in100.floorssl.s0.e28x10,33,32637,block02,1774464,0.8542618989552698,0.5134456698718638
in100.floorssl.s0.e28x10,33,32637,block03,1774464,0.8657955692050292,0.5366270442188218
in100.floorssl.s0.e28x10,33,32637,block04,1774464,0.8726542113499176,0.5526205314619222
in100.floorssl.s0.e28x10,33,32637,block05,1774464,0.8787844293103328,0.5618185631007535
in100.floorssl.s0.e28x10,33,32637,block06,1774464,0.8861224457129865,0.5753229935797747
in100.floorssl.s0.e28x10,33,32637,block07,1774464,0.8839378036243004,0.5710367001488431
in100.floorssl.s0.e28x10,33,32637,block08,1774464,0.891077311224272,0.5831346883101215
in100.floorssl.s0.e28x10,33,32637,block09,1774464,0.883820973036392,0.5737136190128526
in100.floorssl.s0.e28x10,33,32637,block10,1774464,0.868713364750342,0.5437922867259921
in100.floorssl.s0.e28x10,33,32637,block11,1774464,0.8523342023185111,0.5080769532675861
in100.floorssl.s0.e28x10,34,33626,backbone,21664896,0.8756462942761282,0.5350596984485501
in100.floorssl.s0.e28x10,34,33626,scaled48,21233664,0.8766191454918243,0.5369385496181023
in100.floorssl.s0.e28x10,34,33626,qkv,5308416,0.8441678486811874,0.48552912066427195
in100.floorssl.s0.e28x10,34,33626,attn_proj,1769472,0.8667717144616897,0.5370482702703055
in100.floorssl.s0.e28x10,34,33626,fc1,7077888,0.9004812057514933,0.5764071916790907
in100.floorssl.s0.e28x10,34,33626,fc2,7077888,0.8787511005666159,0.5326636283845798
in100.floorssl.s0.e28x10,34,33626,block_ln,18432,0.7793331355886619,0.2647760360414345
in100.floorssl.s0.e28x10,34,33626,biases,51072,68.82864970931735,68.82997359407537
in100.floorssl.s0.e28x10,34,33626,patch_embed,295296,0.8060284790975933,0.4352851397290271
in100.floorssl.s0.e28x10,34,33626,pos_cls,76032,5.429347211483716,5.387934198746917
in100.floorssl.s0.e28x10,34,33626,final_ln,768,0.7503740887816857,0.29136316249071315
in100.floorssl.s0.e28x10,34,33626,projector_mlp,5517568,3.4248066549321736,3.356698162216101
in100.floorssl.s0.e28x10,34,33626,block00,1774464,0.8263018958702498,0.44425619844260705
in100.floorssl.s0.e28x10,34,33626,block01,1774464,0.85950260128498,0.4934089654092921
in100.floorssl.s0.e28x10,34,33626,block02,1774464,0.8642498373594582,0.5102931919389405
in100.floorssl.s0.e28x10,34,33626,block03,1774464,0.8746011173053935,0.5315111033083127
in100.floorssl.s0.e28x10,34,33626,block04,1774464,0.8809442112897559,0.5469039147561807
in100.floorssl.s0.e28x10,34,33626,block05,1774464,0.8873893668944652,0.5570533236025772
in100.floorssl.s0.e28x10,34,33626,block06,1774464,0.8942619760961009,0.5698052485890057
in100.floorssl.s0.e28x10,34,33626,block07,1774464,0.892423407226133,0.56649925268077
in100.floorssl.s0.e28x10,34,33626,block08,1774464,0.8988392687582101,0.5772480504820915
in100.floorssl.s0.e28x10,34,33626,block09,1774464,0.8928004390257521,0.5698856783294225
in100.floorssl.s0.e28x10,34,33626,block10,1774464,0.8784640839486388,0.540731679374896
in100.floorssl.s0.e28x10,34,33626,block11,1774464,0.8603768994540342,0.5016075368134595
in100.floorssl.s0.e28x10,35,34615,backbone,21664896,0.8842643662849626,0.5308376787155826
in100.floorssl.s0.e28x10,35,34615,scaled48,21233664,0.8852368073377872,0.5326360617137734
in100.floorssl.s0.e28x10,35,34615,qkv,5308416,0.8537807398321563,0.482396396571607
in100.floorssl.s0.e28x10,35,34615,attn_proj,1769472,0.8739137078169162,0.5305770781392781
in100.floorssl.s0.e28x10,35,34615,fc1,7077888,0.9089657051148754,0.5722792993828895
in100.floorssl.s0.e28x10,35,34615,fc2,7077888,0.8871602683974295,0.5278927114797893
in100.floorssl.s0.e28x10,35,34615,block_ln,18432,0.7830152253305197,0.2606804882082761
in100.floorssl.s0.e28x10,35,34615,biases,51072,69.54572134284324,69.54672301187884
in100.floorssl.s0.e28x10,35,34615,patch_embed,295296,0.8141683474228368,0.4270155018287593
in100.floorssl.s0.e28x10,35,34615,pos_cls,76032,5.676680741917026,5.6350160357511765
in100.floorssl.s0.e28x10,35,34615,final_ln,768,0.7595819199293249,0.28269786621872517
in100.floorssl.s0.e28x10,35,34615,projector_mlp,5517568,3.439128207858922,3.3688457714858053
in100.floorssl.s0.e28x10,35,34615,block00,1774464,0.8367406792849807,0.4410508417303821
in100.floorssl.s0.e28x10,35,34615,block01,1774464,0.8703969908389935,0.49216986823972786
in100.floorssl.s0.e28x10,35,34615,block02,1774464,0.8732564167298787,0.506280590072623
in100.floorssl.s0.e28x10,35,34615,block03,1774464,0.8825310952699187,0.5259272367897575
in100.floorssl.s0.e28x10,35,34615,block04,1774464,0.8895540800869854,0.5430638270685766
in100.floorssl.s0.e28x10,35,34615,block05,1774464,0.8953481642252576,0.5520506066900198
in100.floorssl.s0.e28x10,35,34615,block06,1774464,0.9016608522283162,0.5644235806991583
in100.floorssl.s0.e28x10,35,34615,block07,1774464,0.9004581628772729,0.5617245225846093
in100.floorssl.s0.e28x10,35,34615,block08,1774464,0.9057296352634212,0.5711613396761356
in100.floorssl.s0.e28x10,35,34615,block09,1774464,0.9005939625546672,0.5651516685155217
in100.floorssl.s0.e28x10,35,34615,block10,1774464,0.8866059554485032,0.5360165007054009
in100.floorssl.s0.e28x10,35,34615,block11,1774464,0.8705002031869242,0.49964653467679004
in100.floorssl.s0.e28x10,36,35604,backbone,21664896,0.8931492049944842,0.5283500111982402
in100.floorssl.s0.e28x10,36,35604,scaled48,21233664,0.8941428724740802,0.5301163443862245
in100.floorssl.s0.e28x10,36,35604,qkv,5308416,0.8639204981034035,0.48179094611307055
in100.floorssl.s0.e28x10,36,35604,attn_proj,1769472,0.8808857078814526,0.5250653390861189
in100.floorssl.s0.e28x10,36,35604,fc1,7077888,0.9178128467540555,0.5699017309618112
in100.floorssl.s0.e28x10,36,35604,fc2,7077888,0.8957206303318778,0.5246417284873601
in100.floorssl.s0.e28x10,36,35604,block_ln,18432,0.7872021885962959,0.25668040970650274
in100.floorssl.s0.e28x10,36,35604,biases,51072,69.66347165716564,69.66433124661246
in100.floorssl.s0.e28x10,36,35604,patch_embed,295296,0.822078404511289,0.41989879752001347
in100.floorssl.s0.e28x10,36,35604,pos_cls,76032,5.883158681254623,5.841964863187239
in100.floorssl.s0.e28x10,36,35604,final_ln,768,0.7659471046569937,0.2753730899360429
in100.floorssl.s0.e28x10,36,35604,projector_mlp,5517568,3.462592476939289,3.3906694696583752
in100.floorssl.s0.e28x10,36,35604,block00,1774464,0.8467205499049638,0.4386272894763684
in100.floorssl.s0.e28x10,36,35604,block01,1774464,0.8841167079372029,0.4977596202318897
in100.floorssl.s0.e28x10,36,35604,block02,1774464,0.8823963284486863,0.5037798895869763
in100.floorssl.s0.e28x10,36,35604,block03,1774464,0.8904822388075072,0.5216528315766905
in100.floorssl.s0.e28x10,36,35604,block04,1774464,0.8970551544465405,0.5385556964629737
in100.floorssl.s0.e28x10,36,35604,block05,1774464,0.9033805871917823,0.5486362146460427
in100.floorssl.s0.e28x10,36,35604,block06,1774464,0.9089487252455876,0.5599270196751741
in100.floorssl.s0.e28x10,36,35604,block07,1774464,0.9082658392925008,0.5579191008648469
in100.floorssl.s0.e28x10,36,35604,block08,1774464,0.9130783954413852,0.5668993179001551
in100.floorssl.s0.e28x10,36,35604,block09,1774464,0.9073852294911419,0.5598895064234887
in100.floorssl.s0.e28x10,36,35604,block10,1774464,0.8971449074309716,0.5363154386525067
in100.floorssl.s0.e28x10,36,35604,block11,1774464,0.8809938073783683,0.4996270555842187
in100.floorssl.s0.e28x10,37,36593,backbone,21664896,0.9010080706209205,0.5251251736212835
in100.floorssl.s0.e28x10,37,36593,scaled48,21233664,0.9020132415304138,0.5268377460454778
in100.floorssl.s0.e28x10,37,36593,qkv,5308416,0.8730287698161543,0.4801001647121176
in100.floorssl.s0.e28x10,37,36593,attn_proj,1769472,0.887392262297792,0.5196066107590912
in100.floorssl.s0.e28x10,37,36593,fc1,7077888,0.9252222524287316,0.566342685438431
in100.floorssl.s0.e28x10,37,36593,fc2,7077888,0.903509593012846,0.5210996171868844
in100.floorssl.s0.e28x10,37,36593,block_ln,18432,0.7905856409978871,0.25366980608626927
in100.floorssl.s0.e28x10,37,36593,biases,51072,69.86313303278668,69.86356277646753
in100.floorssl.s0.e28x10,37,36593,patch_embed,295296,0.8287035887245933,0.4111261709395306
in100.floorssl.s0.e28x10,37,36593,pos_cls,76032,6.120825686480386,6.080242872790829
in100.floorssl.s0.e28x10,37,36593,final_ln,768,0.7747116809354958,0.2674698497492452
in100.floorssl.s0.e28x10,37,36593,projector_mlp,5517568,3.467811643035674,3.3942855602892084
in100.floorssl.s0.e28x10,37,36593,block00,1774464,0.8556431630655348,0.4354095532875933
in100.floorssl.s0.e28x10,37,36593,block01,1774464,0.8946288440305046,0.49846105207177727
in100.floorssl.s0.e28x10,37,36593,block02,1774464,0.8908137112900937,0.5012779248926594
in100.floorssl.s0.e28x10,37,36593,block03,1774464,0.897778358423218,0.5173028161790432
in100.floorssl.s0.e28x10,37,36593,block04,1774464,0.9047844205648872,0.5351817003153555
in100.floorssl.s0.e28x10,37,36593,block05,1774464,0.9103815009415921,0.5443203407846624
in100.floorssl.s0.e28x10,37,36593,block06,1774464,0.9158516647379948,0.5555683670537634
in100.floorssl.s0.e28x10,37,36593,block07,1774464,0.9154101525635484,0.5540351621463634
in100.floorssl.s0.e28x10,37,36593,block08,1774464,0.9202163452623678,0.5632669589187217
in100.floorssl.s0.e28x10,37,36593,block09,1774464,0.9143662108083437,0.5558784590515481
in100.floorssl.s0.e28x10,37,36593,block10,1774464,0.9039093532425378,0.5316202603694884
in100.floorssl.s0.e28x10,37,36593,block11,1774464,0.8903058002571981,0.4986394319383484
in100.floorssl.s0.e28x10,38,37582,backbone,21664896,0.908170136758078,0.5217663688513728
in100.floorssl.s0.e28x10,38,37582,scaled48,21233664,0.9091781930607923,0.5234018639573729
in100.floorssl.s0.e28x10,38,37582,qkv,5308416,0.8815703753663816,0.4788177641815561
in100.floorssl.s0.e28x10,38,37582,attn_proj,1769472,0.8935308607832962,0.5144716126690972
in100.floorssl.s0.e28x10,38,37582,fc1,7077888,0.9317797073929892,0.5622342989224322
in100.floorssl.s0.e28x10,38,37582,fc2,7077888,0.9105562594491848,0.5173087406043795
in100.floorssl.s0.e28x10,38,37582,block_ln,18432,0.7928851002696626,0.2512369261365279
in100.floorssl.s0.e28x10,38,37582,biases,51072,69.85630616037362,69.85639764772228
in100.floorssl.s0.e28x10,38,37582,patch_embed,295296,0.8354431740963753,0.4035082142233851
in100.floorssl.s0.e28x10,38,37582,pos_cls,76032,6.364721057516379,6.324971268421215
in100.floorssl.s0.e28x10,38,37582,final_ln,768,0.7816485878926352,0.2599427162510945
in100.floorssl.s0.e28x10,38,37582,projector_mlp,5517568,3.477632683634363,3.402733323770488
in100.floorssl.s0.e28x10,38,37582,block00,1774464,0.8639718372372355,0.43248272928977316
in100.floorssl.s0.e28x10,38,37582,block01,1774464,0.9053647171937247,0.5010925996901732
in100.floorssl.s0.e28x10,38,37582,block02,1774464,0.8978807511883269,0.4974514532193749
in100.floorssl.s0.e28x10,38,37582,block03,1774464,0.9040295249580066,0.5124730069756752
in100.floorssl.s0.e28x10,38,37582,block04,1774464,0.9112353930256705,0.5307948950029753
in100.floorssl.s0.e28x10,38,37582,block05,1774464,0.9171482476553411,0.5404339177530706
in100.floorssl.s0.e28x10,38,37582,block06,1774464,0.9218300442605266,0.5507527477418713
in100.floorssl.s0.e28x10,38,37582,block07,1774464,0.9221308479490965,0.550186384480151
in100.floorssl.s0.e28x10,38,37582,block08,1774464,0.9264534485205275,0.5589108789556613
in100.floorssl.s0.e28x10,38,37582,block09,1774464,0.9209272123888632,0.5517471167541707
in100.floorssl.s0.e28x10,38,37582,block10,1774464,0.9111128490232951,0.5288199390103172
in100.floorssl.s0.e28x10,38,37582,block11,1774464,0.8975406543854243,0.49524179341941243
in100.floorssl.s0.e28x10,39,38571,backbone,21664896,0.9149763894461237,0.5187358747838393
in100.floorssl.s0.e28x10,39,38571,scaled48,21233664,0.9159796808273005,0.5202810001671899
in100.floorssl.s0.e28x10,39,38571,qkv,5308416,0.890008738646915,0.47841698145967315
in100.floorssl.s0.e28x10,39,38571,attn_proj,1769472,0.8991019016430323,0.5095004287788265
in100.floorssl.s0.e28x10,39,38571,fc1,7077888,0.9380299917316776,0.5585648545816663
in100.floorssl.s0.e28x10,39,38571,fc2,7077888,0.9170397728431396,0.5133354647564037
in100.floorssl.s0.e28x10,39,38571,block_ln,18432,0.7951570074841974,0.24905805259625804
in100.floorssl.s0.e28x10,39,38571,biases,51072,69.94922516729567,69.94899128997905
in100.floorssl.s0.e28x10,39,38571,patch_embed,295296,0.8415630625896668,0.396142542722437
in100.floorssl.s0.e28x10,39,38571,pos_cls,76032,6.628903067350082,6.589598971161006
in100.floorssl.s0.e28x10,39,38571,final_ln,768,0.7879844678445459,0.2533053826485737
in100.floorssl.s0.e28x10,39,38571,projector_mlp,5517568,3.4795207190426596,3.4027563152345763
in100.floorssl.s0.e28x10,39,38571,block00,1774464,0.8722244807029053,0.4305992474143243
in100.floorssl.s0.e28x10,39,38571,block01,1774464,0.9163630707024903,0.5052341210234776
in100.floorssl.s0.e28x10,39,38571,block02,1774464,0.904911836462693,0.49439043036419034
in100.floorssl.s0.e28x10,39,38571,block03,1774464,0.9104407339956228,0.5087028792398248
in100.floorssl.s0.e28x10,39,38571,block04,1774464,0.9170125324543873,0.5261984677588393
in100.floorssl.s0.e28x10,39,38571,block05,1774464,0.9231190997886628,0.5361690603711842
in100.floorssl.s0.e28x10,39,38571,block06,1774464,0.9272120876109603,0.5457269402165343
in100.floorssl.s0.e28x10,39,38571,block07,1774464,0.9278192109691238,0.545636112807969
in100.floorssl.s0.e28x10,39,38571,block08,1774464,0.9318322524500923,0.5541359666944208
in100.floorssl.s0.e28x10,39,38571,block09,1774464,0.9268217146757972,0.5475800448821029
in100.floorssl.s0.e28x10,39,38571,block10,1774464,0.9177275858808437,0.5254367305832925
in100.floorssl.s0.e28x10,39,38571,block11,1774464,0.9054064524529105,0.49420916591666775
in100.floorssl.s0.e28x10,40,39560,backbone,21664896,0.9207452188656607,0.5147329185473203
in100.floorssl.s0.e28x10,40,39560,scaled48,21233664,0.9217176987334116,0.5161503045119851
in100.floorssl.s0.e28x10,40,39560,qkv,5308416,0.8958823062780951,0.47401904399473405
in100.floorssl.s0.e28x10,40,39560,attn_proj,1769472,0.9040863346685777,0.5037865479381437
in100.floorssl.s0.e28x10,40,39560,fc1,7077888,0.9436874519010664,0.5547592688327746
in100.floorssl.s0.e28x10,40,39560,fc2,7077888,0.9229500247707287,0.5094076969396949
in100.floorssl.s0.e28x10,40,39560,block_ln,18432,0.7972296193601348,0.2472232167341857
in100.floorssl.s0.e28x10,40,39560,biases,51072,69.68099832199252,69.68056743257956
in100.floorssl.s0.e28x10,40,39560,patch_embed,295296,0.8471292613106965,0.3880763850123719
in100.floorssl.s0.e28x10,40,39560,pos_cls,76032,6.936898866900521,6.898303097338682
in100.floorssl.s0.e28x10,40,39560,final_ln,768,0.79602070370483,0.24525502962796622
in100.floorssl.s0.e28x10,40,39560,projector_mlp,5517568,3.4779903025002996,3.399599225877954
in100.floorssl.s0.e28x10,40,39560,block00,1774464,0.8795821265442976,0.4279980792086
in100.floorssl.s0.e28x10,40,39560,block01,1774464,0.9211046407379523,0.4987577692492645
in100.floorssl.s0.e28x10,40,39560,block02,1774464,0.9104528622890664,0.489645702445304
in100.floorssl.s0.e28x10,40,39560,block03,1774464,0.9160147070718295,0.5039694159047278
in100.floorssl.s0.e28x10,40,39560,block04,1774464,0.9227169251690002,0.5221317715002535
in100.floorssl.s0.e28x10,40,39560,block05,1774464,0.9285126840332465,0.5319796753180732
in100.floorssl.s0.e28x10,40,39560,block06,1774464,0.932179507428128,0.5407583275763513
in100.floorssl.s0.e28x10,40,39560,block07,1774464,0.9333344992330056,0.5417191024126593
in100.floorssl.s0.e28x10,40,39560,block08,1774464,0.9369569029432959,0.5496215231563744
in100.floorssl.s0.e28x10,40,39560,block09,1774464,0.9325119314129362,0.5440045250799366
in100.floorssl.s0.e28x10,40,39560,block10,1774464,0.9241217606241711,0.5229806673794618
in100.floorssl.s0.e28x10,40,39560,block11,1774464,0.9118881731281129,0.49121039970513763
in100.floorssl.s0.e28x10,41,40549,backbone,21664896,0.9269437373674799,0.5124577561597264
in100.floorssl.s0.e28x10,41,40549,scaled48,21233664,0.9279111924156009,0.513780601527698
in100.floorssl.s0.e28x10,41,40549,qkv,5308416,0.9038391667188126,0.47482309104653836
in100.floorssl.s0.e28x10,41,40549,attn_proj,1769472,0.9094086305435677,0.5000710075452945
in100.floorssl.s0.e28x10,41,40549,fc1,7077888,0.9491449966297267,0.5513165459516081
in100.floorssl.s0.e28x10,41,40549,fc2,7077888,0.9288291720422852,0.5063059974486942
in100.floorssl.s0.e28x10,41,40549,block_ln,18432,0.7984437272979756,0.2462249363531063
in100.floorssl.s0.e28x10,41,40549,biases,51072,69.82793056207804,69.82708516798208
in100.floorssl.s0.e28x10,41,40549,patch_embed,295296,0.8524166569590768,0.3803380818962067
in100.floorssl.s0.e28x10,41,40549,pos_cls,76032,7.208332967633426,7.170896087788542
in100.floorssl.s0.e28x10,41,40549,final_ln,768,0.801503062637157,0.23932795867816828
in100.floorssl.s0.e28x10,41,40549,projector_mlp,5517568,3.4691090820398154,3.389453368899997
in100.floorssl.s0.e28x10,41,40549,block00,1774464,0.8868314135685356,0.42650873096193975
in100.floorssl.s0.e28x10,41,40549,block01,1774464,0.9317690256049449,0.5045047645572238
in100.floorssl.s0.e28x10,41,40549,block02,1774464,0.9166368848786327,0.4871340516223364
in100.floorssl.s0.e28x10,41,40549,block03,1774464,0.9218378844011473,0.5010609132935236
in100.floorssl.s0.e28x10,41,40549,block04,1774464,0.9285221825334359,0.5192759973254321
in100.floorssl.s0.e28x10,41,40549,block05,1774464,0.9340125826637242,0.5286458026137166
in100.floorssl.s0.e28x10,41,40549,block06,1774464,0.9372551143622387,0.5367370675963692
in100.floorssl.s0.e28x10,41,40549,block07,1774464,0.9388522886516224,0.53861833903027
in100.floorssl.s0.e28x10,41,40549,block08,1774464,0.9420892014239532,0.5459342901756206
in100.floorssl.s0.e28x10,41,40549,block09,1774464,0.9382804664221418,0.5412098356236651
in100.floorssl.s0.e28x10,41,40549,block10,1774464,0.9299089013512328,0.5199973618842851
in100.floorssl.s0.e28x10,41,40549,block11,1774464,0.9172156638701351,0.4873945815735792
in100.floorssl.s0.e28x10,42,41538,backbone,21664896,0.9319674161982673,0.5087777839765811
in100.floorssl.s0.e28x10,42,41538,scaled48,21233664,0.9328995884799178,0.5099611103405572
in100.floorssl.s0.e28x10,42,41538,qkv,5308416,0.908923755154553,0.4708125630507838
in100.floorssl.s0.e28x10,42,41538,attn_proj,1769472,0.913838609219831,0.495265248074277
in100.floorssl.s0.e28x10,42,41538,fc1,7077888,0.9540217503553429,0.5476075201148856
in100.floorssl.s0.e28x10,42,41538,fc2,7077888,0.934001001661514,0.5027241879766032
in100.floorssl.s0.e28x10,42,41538,block_ln,18432,0.799965912435804,0.24474259731969425
in100.floorssl.s0.e28x10,42,41538,biases,51072,69.54422507436796,69.54299774897844
in100.floorssl.s0.e28x10,42,41538,patch_embed,295296,0.8571111490581523,0.3725420198091196
in100.floorssl.s0.e28x10,42,41538,pos_cls,76032,7.509043078283773,7.472615510514066
in100.floorssl.s0.e28x10,42,41538,final_ln,768,0.8079485104937789,0.2333351152500355
in100.floorssl.s0.e28x10,42,41538,projector_mlp,5517568,3.474609398071401,3.393611238440062
in100.floorssl.s0.e28x10,42,41538,block00,1774464,0.8934610504697064,0.4246692135833801
in100.floorssl.s0.e28x10,42,41538,block01,1774464,0.9351754125867282,0.4973028767693538
in100.floorssl.s0.e28x10,42,41538,block02,1774464,0.9221600748883492,0.4840264194382159
in100.floorssl.s0.e28x10,42,41538,block03,1774464,0.9268901240730333,0.4975308158631538
in100.floorssl.s0.e28x10,42,41538,block04,1774464,0.9335159178492888,0.5155677044720615
in100.floorssl.s0.e28x10,42,41538,block05,1774464,0.9387306546062996,0.5247021829843829
in100.floorssl.s0.e28x10,42,41538,block06,1774464,0.9418595912266263,0.532654106116413
in100.floorssl.s0.e28x10,42,41538,block07,1774464,0.9438254340042287,0.5351761406379394
in100.floorssl.s0.e28x10,42,41538,block08,1774464,0.9465340200899001,0.5416322841538069
in100.floorssl.s0.e28x10,42,41538,block09,1774464,0.9432431242134004,0.5377590248777657
in100.floorssl.s0.e28x10,42,41538,block10,1774464,0.9344712478652663,0.5155988310701594
in100.floorssl.s0.e28x10,42,41538,block11,1774464,0.9228691502193647,0.48509383352771623
in100.floorssl.s0.e28x10,43,42527,backbone,21664896,0.9373161723552148,0.5064412445399123
in100.floorssl.s0.e28x10,43,42527,scaled48,21233664,0.938240242534305,0.5075217374606005
in100.floorssl.s0.e28x10,43,42527,qkv,5308416,0.9159253263796208,0.47144518893617304
in100.floorssl.s0.e28x10,43,42527,attn_proj,1769472,0.9180966687431354,0.49068483988966566
in100.floorssl.s0.e28x10,43,42527,fc1,7077888,0.9585544321202131,0.5439972178609029
in100.floorssl.s0.e28x10,43,42527,fc2,7077888,0.9392222009864433,0.49991168933966484
in100.floorssl.s0.e28x10,43,42527,block_ln,18432,0.8008809539021535,0.24454099850753414
in100.floorssl.s0.e28x10,43,42527,biases,51072,69.26804253668784,69.26621748357803
in100.floorssl.s0.e28x10,43,42527,patch_embed,295296,0.8618527951234211,0.36574208657124035
in100.floorssl.s0.e28x10,43,42527,pos_cls,76032,7.758972986951666,7.72206731322835
in100.floorssl.s0.e28x10,43,42527,final_ln,768,0.8140542020819148,0.22721543579840384
in100.floorssl.s0.e28x10,43,42527,projector_mlp,5517568,3.4716840632309074,3.389172882128893
in100.floorssl.s0.e28x10,43,42527,block00,1774464,0.900040279709534,0.4237927673142182
in100.floorssl.s0.e28x10,43,42527,block01,1774464,0.9446024592996921,0.5023392748274648
in100.floorssl.s0.e28x10,43,42527,block02,1774464,0.9269092676889471,0.4803066067065703
in100.floorssl.s0.e28x10,43,42527,block03,1774464,0.931712346213645,0.49413250555785676
in100.floorssl.s0.e28x10,43,42527,block04,1774464,0.9384095926900666,0.5123428089955097
in100.floorssl.s0.e28x10,43,42527,block05,1774464,0.9437613654820733,0.5223582215443118
in100.floorssl.s0.e28x10,43,42527,block06,1774464,0.9464594836341799,0.5290060454953627
in100.floorssl.s0.e28x10,43,42527,block07,1774464,0.9486963085531749,0.532121582777352
in100.floorssl.s0.e28x10,43,42527,block08,1774464,0.9511950495044923,0.538447858963648
in100.floorssl.s0.e28x10,43,42527,block09,1774464,0.947993271263741,0.534760839730729
in100.floorssl.s0.e28x10,43,42527,block10,1774464,0.9397763238444952,0.513360756381112
in100.floorssl.s0.e28x10,43,42527,block11,1774464,0.9267368165933225,0.4798654825317339
in100.floorssl.s0.e28x10,44,43516,backbone,21664896,0.9419053522780876,0.5034040825386731
in100.floorssl.s0.e28x10,44,43516,scaled48,21233664,0.9428150405870187,0.5043836196001517
in100.floorssl.s0.e28x10,44,43516,qkv,5308416,0.9210813710838679,0.469264265189337
in100.floorssl.s0.e28x10,44,43516,attn_proj,1769472,0.9221248052863358,0.48643769076494414
in100.floorssl.s0.e28x10,44,43516,fc1,7077888,0.9628555272903361,0.5406062433651372
in100.floorssl.s0.e28x10,44,43516,fc2,7077888,0.9437874374752898,0.49662922929792264
in100.floorssl.s0.e28x10,44,43516,block_ln,18432,0.8019138927236816,0.2436462399726806
in100.floorssl.s0.e28x10,44,43516,biases,51072,69.1282494642486,69.1264696890749
in100.floorssl.s0.e28x10,44,43516,patch_embed,295296,0.8663330593467996,0.35896199443039917
in100.floorssl.s0.e28x10,44,43516,pos_cls,76032,7.957557427880483,7.921209830451645
in100.floorssl.s0.e28x10,44,43516,final_ln,768,0.8183892586324049,0.22116659389869175
in100.floorssl.s0.e28x10,44,43516,projector_mlp,5517568,3.4760185874665743,3.3924794007417662
in100.floorssl.s0.e28x10,44,43516,block00,1774464,0.9057224307816232,0.42168476282428086
in100.floorssl.s0.e28x10,44,43516,block01,1774464,0.9497479103436912,0.5001072152702569
in100.floorssl.s0.e28x10,44,43516,block02,1774464,0.9315023963448981,0.4771875477198979
in100.floorssl.s0.e28x10,44,43516,block03,1774464,0.9360395161437929,0.4904434005211876
in100.floorssl.s0.e28x10,44,43516,block04,1774464,0.942878061728919,0.5092462530036838
in100.floorssl.s0.e28x10,44,43516,block05,1774464,0.948036506441937,0.518759916045552
in100.floorssl.s0.e28x10,44,43516,block06,1774464,0.9506024606593132,0.5253033325280734
in100.floorssl.s0.e28x10,44,43516,block07,1774464,0.952901573411284,0.5287981134335927
in100.floorssl.s0.e28x10,44,43516,block08,1774464,0.9552047285119245,0.5347092792700683
in100.floorssl.s0.e28x10,44,43516,block09,1774464,0.9522697115809116,0.5313569275143691
in100.floorssl.s0.e28x10,44,43516,block10,1774464,0.9441480515403935,0.5103355651763776
in100.floorssl.s0.e28x10,44,43516,block11,1774464,0.9317747081159279,0.47770896149624253
in100.floorssl.s0.e28x10,45,44505,backbone,21664896,0.9466710475635316,0.5013770807176262
in100.floorssl.s0.e28x10,45,44505,scaled48,21233664,0.9475772654367025,0.5022616479266475
in100.floorssl.s0.e28x10,45,44505,qkv,5308416,0.927628577904377,0.4705035148463087
in100.floorssl.s0.e28x10,45,44505,attn_proj,1769472,0.9258671308278524,0.4822334508074808
in100.floorssl.s0.e28x10,45,44505,fc1,7077888,0.9670502028343364,0.5377143619204071
in100.floorssl.s0.e28x10,45,44505,fc2,7077888,0.9480737280809187,0.4934565971093684
in100.floorssl.s0.e28x10,45,44505,block_ln,18432,0.8023662273575838,0.24405497647142743
in100.floorssl.s0.e28x10,45,44505,biases,51072,69.15935250509084,69.1572993686913
in100.floorssl.s0.e28x10,45,44505,patch_embed,295296,0.8705079187107033,0.35244032765029787
in100.floorssl.s0.e28x10,45,44505,pos_cls,76032,8.160509332988134,8.124963529425617
in100.floorssl.s0.e28x10,45,44505,final_ln,768,0.8219741111668825,0.21689879384809355
in100.floorssl.s0.e28x10,45,44505,projector_mlp,5517568,3.4804082613926925,3.3958382622735384
in100.floorssl.s0.e28x10,45,44505,block00,1774464,0.9115993250465628,0.42101784559214384
in100.floorssl.s0.e28x10,45,44505,block01,1774464,0.9592200728307294,0.5068153243843464
in100.floorssl.s0.e28x10,45,44505,block02,1774464,0.935977005002483,0.4743649743273616
in100.floorssl.s0.e28x10,45,44505,block03,1774464,0.9405099815648416,0.4877227492270734
in100.floorssl.s0.e28x10,45,44505,block04,1774464,0.9468488404460326,0.5057407288869226
in100.floorssl.s0.e28x10,45,44505,block05,1774464,0.9519178010647942,0.5152822514381908
in100.floorssl.s0.e28x10,45,44505,block06,1774464,0.9543892733708149,0.5217320426794538
in100.floorssl.s0.e28x10,45,44505,block07,1774464,0.9568684795964623,0.5255081508626435
in100.floorssl.s0.e28x10,45,44505,block08,1774464,0.9590131852050734,0.5312063603578162
in100.floorssl.s0.e28x10,45,44505,block09,1774464,0.9562379589416121,0.5280835671191134
in100.floorssl.s0.e28x10,45,44505,block10,1774464,0.9486677368466638,0.5081429130190608
in100.floorssl.s0.e28x10,45,44505,block11,1774464,0.9362542164360984,0.4752061532980702
in100.floorssl.s0.e28x10,46,45494,backbone,21664896,0.9505038626785769,0.49817718055309657
in100.floorssl.s0.e28x10,46,45494,scaled48,21233664,0.9514099461535331,0.49898747923958153
in100.floorssl.s0.e28x10,46,45494,qkv,5308416,0.931260010731165,0.4666211065056139
in100.floorssl.s0.e28x10,46,45494,attn_proj,1769472,0.929380437321292,0.47801538278118944
in100.floorssl.s0.e28x10,46,45494,fc1,7077888,0.9706634583323858,0.5342962662885089
in100.floorssl.s0.e28x10,46,45494,fc2,7077888,0.9523569777611739,0.49098827335140394
in100.floorssl.s0.e28x10,46,45494,block_ln,18432,0.8031104630666869,0.24303060760535752
in100.floorssl.s0.e28x10,46,45494,biases,51072,68.45426322679133,68.45188078021205
in100.floorssl.s0.e28x10,46,45494,patch_embed,295296,0.8744587110330796,0.34646532772650324
in100.floorssl.s0.e28x10,46,45494,pos_cls,76032,8.29882316110591,8.263794202935863
in100.floorssl.s0.e28x10,46,45494,final_ln,768,0.8260761273650472,0.21108788495915806
in100.floorssl.s0.e28x10,46,45494,projector_mlp,5517568,3.478108691254068,3.3924486970096583
in100.floorssl.s0.e28x10,46,45494,block00,1774464,0.9163838141580084,0.41848766963496226
in100.floorssl.s0.e28x10,46,45494,block01,1774464,0.9602707006274714,0.4980514335971195
in100.floorssl.s0.e28x10,46,45494,block02,1774464,0.9401602944747861,0.47162172340574926
in100.floorssl.s0.e28x10,46,45494,block03,1774464,0.9445407842690652,0.4848361677027349
in100.floorssl.s0.e28x10,46,45494,block04,1774464,0.9507498941577849,0.5029352859427434
in100.floorssl.s0.e28x10,46,45494,block05,1774464,0.9557994739004234,0.5123102068388088
in100.floorssl.s0.e28x10,46,45494,block06,1774464,0.9581405339272552,0.5186765343349192
in100.floorssl.s0.e28x10,46,45494,block07,1774464,0.9607772761459871,0.5227631313760813
in100.floorssl.s0.e28x10,46,45494,block08,1774464,0.9624876399109042,0.5277251521914372
in100.floorssl.s0.e28x10,46,45494,block09,1774464,0.9604532390282827,0.5257780258786815
in100.floorssl.s0.e28x10,46,45494,block10,1774464,0.9533405394630492,0.5067978361590674
in100.floorssl.s0.e28x10,46,45494,block11,1774464,0.9400003785528571,0.471589114980315
in100.floorssl.s0.e28x10,47,46483,backbone,21664896,0.9547700107654831,0.49650713123565315
in100.floorssl.s0.e28x10,47,46483,scaled48,21233664,0.9557116251784531,0.4972979429169678
in100.floorssl.s0.e28x10,47,46483,qkv,5308416,0.9366553789273648,0.46716516750949166
in100.floorssl.s0.e28x10,47,46483,attn_proj,1769472,0.9327375447659192,0.474292512443827
in100.floorssl.s0.e28x10,47,46483,fc1,7077888,0.9747657186295474,0.5323047139561073
in100.floorssl.s0.e28x10,47,46483,fc2,7077888,0.9562928905469201,0.4885204527498077
in100.floorssl.s0.e28x10,47,46483,block_ln,18432,0.8031468090910403,0.2434018386688514
in100.floorssl.s0.e28x10,47,46483,biases,51072,68.42725710645698,68.42438727922388
in100.floorssl.s0.e28x10,47,46483,patch_embed,295296,0.8784268532027638,0.34140470781878296
in100.floorssl.s0.e28x10,47,46483,pos_cls,76032,8.354175758332541,8.318758792060668
in100.floorssl.s0.e28x10,47,46483,final_ln,768,0.8306258391575426,0.20595947430573525
in100.floorssl.s0.e28x10,47,46483,projector_mlp,5517568,3.4756829502219486,3.388966488036819
in100.floorssl.s0.e28x10,47,46483,block00,1774464,0.9211782855883387,0.41739230968393787
in100.floorssl.s0.e28x10,47,46483,block01,1774464,0.96759672250928,0.5022116799982146
in100.floorssl.s0.e28x10,47,46483,block02,1774464,0.9447070862233159,0.47026780482270175
in100.floorssl.s0.e28x10,47,46483,block03,1774464,0.9484076478322344,0.4823046651195197
in100.floorssl.s0.e28x10,47,46483,block04,1774464,0.9543621604913031,0.49979961131607437
in100.floorssl.s0.e28x10,47,46483,block05,1774464,0.9594083153945853,0.5093111913063837
in100.floorssl.s0.e28x10,47,46483,block06,1774464,0.9616580533301818,0.5158077938126705
in100.floorssl.s0.e28x10,47,46483,block07,1774464,0.9643987879300848,0.5200232948785373
in100.floorssl.s0.e28x10,47,46483,block08,1774464,0.9658904863345068,0.5247234856752553
in100.floorssl.s0.e28x10,47,46483,block09,1774464,0.9643166764355814,0.5235782930673933
in100.floorssl.s0.e28x10,47,46483,block10,1774464,0.9575426635782301,0.5053024786411452
in100.floorssl.s0.e28x10,47,46483,block11,1774464,0.9447755932890752,0.47106294983121505
