method,role,store,j,theta,s_med,s_p10,s_p90,top5img_share,cls_energy
vicreg,control,in100.vicreg.s0.ext,0,18.17382501395066,14.245477542645478,2.806217158160968,39.49300280319285,0.16324155777126506,0.064171702351533
vicreg,control,in100.vicreg.s0.ext,1,10.297243105391443,8.906118855329204,2.5611630579586167,19.646651486464766,0.14386525639782308,0.05174825654515311
vicreg,control,in100.vicreg.s0.ext,2,9.141274974535913,7.599721216212024,2.5728114552829284,17.71462537022121,0.15358864225389435,0.05488971676144506
vicreg,control,in100.vicreg.s0.ext,3,7.559326075087366,6.2293725549152335,2.0079450236018705,14.655029493953613,0.15341895555355403,0.058591873894929695
vicreg,control,in100.vicreg.s0.ext,4,6.927930338126531,5.896499059494366,2.0808487497555945,12.994997089875044,0.14532841026753943,0.07166848499297504
vicreg,control,in100.vicreg.s0.ext,5,5.4413949599765,4.343767393659801,1.4886773800434745,10.794571680454968,0.1607435601492556,0.06412285318598139
vicreg,control,in100.vicreg.s0.ext,6,4.86677040366866,3.8542163130338567,1.3726729247922358,9.05529735081744,0.18186095950345751,0.042335249373278316
vicreg,control,in100.vicreg.s0.ext,7,3.8147315365982637,3.1805115645500592,1.1393458307001538,7.314365527699423,0.14835323042150475,0.04468461549014183
vicreg,control,in100.vicreg.s0.ext,8,3.577788242939575,2.855104314028333,1.0176844049916314,6.972839003269601,0.16113293291697608,0.04569568380183007
vicreg,control,in100.vicreg.s0.ext,9,3.4924044249937105,2.877605135894986,1.0530153988722672,6.726428032830585,0.15107225634962967,0.042174696990772975
vicreg,control,in100.vicreg.s0.ext,10,3.288162183187542,2.616841051075527,0.9296785202228749,6.493419193877026,0.16215739655899078,0.03900576665331782
vicreg,control,in100.vicreg.s0.ext,11,3.153967532454296,2.486283474308235,0.8838769979374352,6.177602100404937,0.1715055193176802,0.04694349038250342
vicreg,control,in100.vicreg.s0.ext,12,2.968244015343381,2.3740354543248587,0.8745485691014806,5.804836597918496,0.16081475660139286,0.046012443298266266
vicreg,control,in100.vicreg.s0.ext,13,2.9351333181112325,2.3788463161595352,0.8468946727820091,5.655100438360333,0.16138486310162045,0.04641066543350021
vicreg,control,in100.vicreg.s0.ext,14,2.805278604888644,2.346028757387661,0.8578118015761224,5.312127276905021,0.15378218959479145,0.04909921764524129
vicreg,control,in100.vicreg.s0.ext,15,2.77956653538932,2.32089234101948,0.8372208691438636,5.260958195260059,0.15153338355466756,0.04146125524377985
vicreg,control,in100.vicreg.s0.ext,16,2.64574658254035,2.134934865178712,0.7681999603065651,5.1191233553399025,0.16516087371259713,0.04224564371819915
vicreg,control,in100.vicreg.s0.ext,17,2.5705090237422374,2.0361469217042267,0.7311173088423599,4.979543820569594,0.16604768496349429,0.04327264765095242
vicreg,control,in100.vicreg.s0.ext,18,2.514718460697941,2.0558918612543686,0.7179135640958756,4.881077210523442,0.15748785648924196,0.04601351195417368
vicreg,control,in100.vicreg.s0.ext,19,2.46612425932585,1.9833011704769146,0.6937659301700416,4.785750564032878,0.1621221893103707,0.04457290071939185
vicreg,control,in100.vicreg.s0.ext,20,2.4205850487209237,2.0041306176444156,0.7173662703286573,4.655296017583985,0.15413525574543194,0.040821502334694414
vicreg,control,in100.vicreg.s0.ext,21,2.3558348747553337,1.91764119505341,0.6969284164651864,4.564274388483993,0.15296261747744402,0.051512550491059544
vicreg,control,in100.vicreg.s0.ext,22,2.292473783924941,1.8428917181484523,0.6716098036620504,4.4221862039388125,0.16164465069174064,0.04593624055748394
vicreg,control,in100.vicreg.s0.ext,23,2.259999223238892,1.8043623953751808,0.629685865485087,4.422325411742866,0.16862574329405366,0.04498022783674898
vicreg,control,in100.vicreg.s0.ext,24,2.232325424418001,1.7957728161196502,0.644617285766343,4.3632067435197515,0.16045681288247224,0.04506871505809389
vicreg,control,in100.vicreg.s0.ext,25,2.161890260844715,1.7509902781480238,0.6464173594867323,4.188772705299959,0.159104158734997,0.03679202689835271
vicreg,control,in100.vicreg.s0.ext,26,2.118808980438561,1.7063190235273322,0.6209264493771497,4.087155636247471,0.1631885647934833,0.0455611738682674
vicreg,control,in100.vicreg.s0.ext,27,2.0844304420466444,1.6861175090403746,0.6246498670969192,4.017317080024322,0.15836788177202907,0.050678787963714625
vicreg,control,in100.vicreg.s0.ext,28,2.0427384423352675,1.6798102569348439,0.6018410062487864,3.8847144803602625,0.15608617099623093,0.038282073135738476
vicreg,control,in100.vicreg.s0.ext,29,2.007681066821361,1.6373023284029762,0.5869808705137208,3.8824637813588896,0.160256392022164,0.05020630539632509
vicreg,control,in100.vicreg.s0.ext,30,1.9729571860723034,1.6126346141987453,0.5906660263536025,3.7920804803604464,0.15818163420373504,0.05296545197995279
vicreg,control,in100.vicreg.s0.ext,31,1.9594760233557345,1.5893629301670447,0.5766893996978943,3.7799714566382723,0.16180937068639978,0.05704595959395002
vicreg,control,in100.vicreg.s0.ext,32,1.9179632148183021,1.597964672651755,0.5649244180537359,3.657711454873177,0.1524533167905855,0.05079433153353832
vicreg,control,in100.vicreg.s0.ext,33,1.9112207974861624,1.581952659429236,0.5804404941652301,3.642548762890284,0.1535112167672109,0.05859293060278317
vicreg,control,in100.vicreg.s0.ext,34,1.87183164535064,1.5235734835734123,0.5398269116847968,3.587917260313015,0.16212662548630197,0.05240845671519164
vicreg,control,in100.vicreg.s0.ext,35,1.83867445547278,1.5030366034768572,0.5542797892505695,3.5725731615075755,0.1539007340148559,0.05111294922263983
vicreg,control,in100.vicreg.s0.ext,36,1.796552433549525,1.4809848661557103,0.5468383680918972,3.440358629241012,0.15339203409634478,0.04671100694401693
vicreg,control,in100.vicreg.s0.ext,37,1.7803613987238298,1.4461415158091069,0.5351746937448854,3.4205948931335235,0.15864599760101397,0.04921182466204172
vicreg,control,in100.vicreg.s0.ext,38,1.7666470166381703,1.4647538998174099,0.5643186878912682,3.354578484621952,0.15209644566164904,0.0420754932226346
vicreg,control,in100.vicreg.s0.ext,39,1.6903766661620026,1.3713640126052469,0.50538780798141,3.249114683124474,0.15780175218740605,0.056231123727787276
vicreg,control,in100.vicreg.s0.ext,40,1.6737710594232178,1.369589319001003,0.49605986321549117,3.244574089313181,0.15695690572048027,0.05570641283673356
vicreg,control,in100.vicreg.s0.ext,41,1.667492011859705,1.3492305053617222,0.503435867877337,3.245735329093654,0.15494695484179524,0.054781319688115865
vicreg,control,in100.vicreg.s0.ext,42,1.658898366325773,1.350779388041885,0.49543885607158283,3.1976336291945655,0.15712417181218616,0.04072468610985063
vicreg,control,in100.vicreg.s0.ext,43,1.6308928660166913,1.3316482904712261,0.4842906469408333,3.1385251331233426,0.15602382482214044,0.05029430115664792
vicreg,control,in100.vicreg.s0.ext,44,1.5971941681419703,1.3137725933672693,0.4857183568792119,3.0742586573924484,0.15311099695564068,0.08279047428178675
vicreg,control,in100.vicreg.s0.ext,45,1.55307183704554,1.2515331613420755,0.44545239728873437,3.0323820594670448,0.16236153502014078,0.04852525425923023
vicreg,control,in100.vicreg.s0.ext,46,1.5370190468678178,1.2604739145885415,0.4500273012197985,2.9540732231937765,0.15966165822617542,0.06607528110028953
vicreg,control,in100.vicreg.s0.ext,47,1.531959908367634,1.256726334316728,0.4555608169276202,2.944093963678135,0.15574089798478233,0.04938951825498812
vicreg,control,in100.vicreg.s0.ext,48,1.5133736587109945,1.246953010881545,0.4597735782015988,2.890887760046899,0.15396201005986881,0.05352965159447003
vicreg,control,in100.vicreg.s0.ext,49,1.4965352633062647,1.2217267202256847,0.46360841811527875,2.860940355121816,0.1561697039160278,0.06736247515984572
vicreg,control,in100.vicreg.s0.ext,50,1.4403624597800437,1.1846642131271286,0.419874403792928,2.787344184224399,0.15578276988016382,0.06736346462425488
vicreg,control,in100.vicreg.s0.ext,51,1.415137761794529,1.1590747493613924,0.42419726996104773,2.694527092945107,0.15627275996997247,0.05577665295664848
vicreg,control,in100.vicreg.s0.ext,52,1.3992533193865209,1.1478776876020151,0.41760339438108557,2.709246818603591,0.152039358611315,0.06433096098987516
vicreg,control,in100.vicreg.s0.ext,53,1.3878475009774047,1.1291859163123423,0.410049158248448,2.7007079177094253,0.1566201249228424,0.08612558636292858
vicreg,control,in100.vicreg.s0.ext,54,1.38158486666239,1.1415671580602944,0.4170737461611597,2.647136538459633,0.15468637562377874,0.07215142799103741
vicreg,control,in100.vicreg.s0.ext,55,1.359476075626023,1.121190928946155,0.40825289465532405,2.6007734139315195,0.1548428988412461,0.057534631278230226
vicreg,control,in100.vicreg.s0.ext,56,1.3394061038537635,1.08558846981786,0.39493797630008287,2.5640752498595223,0.15993248949684127,0.06813879496202402
vicreg,control,in100.vicreg.s0.ext,57,1.3248954885719126,1.0830692894377827,0.39375735151475066,2.5637065896064755,0.15689846942396687,0.07069282769668157
vicreg,control,in100.vicreg.s0.ext,58,1.3113630107720518,1.0692152905690318,0.3958614349069748,2.516523143149213,0.1567728905429808,0.061514424153542954
vicreg,control,in100.vicreg.s0.ext,59,1.2950025565216081,1.0618584358835519,0.3943273840044412,2.494267444804049,0.15328547170059575,0.06662320048207929
vicreg,control,in100.vicreg.s0.ext,60,1.2512351214710107,1.0283915968156907,0.356126355373056,2.436140854809174,0.1587944567112856,0.06141550807011134
vicreg,control,in100.vicreg.s0.ext,61,1.2434568824026284,1.0204725885051853,0.36874819034616013,2.3882685049723134,0.15596724182360705,0.07634701683777351
vicreg,control,in100.vicreg.s0.ext,62,1.2314847189020706,1.008987055939488,0.35844954893898234,2.4043658809951314,0.15310658033884475,0.07357017449847064
vicreg,control,in100.vicreg.s0.ext,63,1.2098241272561385,0.9864587061880215,0.36315674145967475,2.3267099147248387,0.1575353658232043,0.0728158968304193
vicreg,control,in100.vicreg.s0.ext,64,1.1955692364332402,0.9995605544453774,0.36402780393076273,2.2649408093865637,0.15113185709194238,0.07310891623321072
vicreg,control,in100.vicreg.s0.ext,65,1.168437189547772,0.9452343483196655,0.3391767144267617,2.2736934774730613,0.15915088316990858,0.051587654776303386
vicreg,control,in100.vicreg.s0.ext,66,1.1662780752056479,0.9595705740015446,0.3522915449917948,2.2717861982297443,0.1524962300407776,0.08165274580996963
vicreg,control,in100.vicreg.s0.ext,67,1.1487776497192366,0.9322924831320383,0.33527588290372234,2.2512894667913717,0.1559241163476018,0.07333211549228469
vicreg,control,in100.vicreg.s0.ext,68,1.1191428675412287,0.8997287887771579,0.32958307374019213,2.165456840072755,0.16171523252282463,0.11018880190892903
vicreg,control,in100.vicreg.s0.ext,69,1.1041595274195422,0.9110771434217737,0.3340360650520138,2.0899395140412094,0.15600529649019804,0.058090893250114586
vicreg,control,in100.vicreg.s0.ext,70,1.0979376950734154,0.9032795235960533,0.33302042017094435,2.099688972001909,0.15633990159071098,0.07974049466558057
vicreg,control,in100.vicreg.s0.ext,71,1.085056285565473,0.88268212861294,0.3172133848740929,2.110847781667919,0.15604369569707668,0.09400822818492538
vicreg,control,in100.vicreg.s0.ext,72,1.069255087724052,0.8694830582094855,0.3126219978203212,2.063935856865214,0.1587752622866077,0.09602117141677204
vicreg,control,in100.vicreg.s0.ext,73,1.0529968083420427,0.8549283727092263,0.30944299411634796,2.039738327344138,0.15626267084107504,0.06811040572518744
vicreg,control,in100.vicreg.s0.ext,74,1.0403088264006477,0.8487761706143588,0.30177567987914267,2.0166062626627466,0.15569114769738154,0.07341108388364836
vicreg,control,in100.vicreg.s0.ext,75,1.029326044184307,0.832305833646849,0.2939227209386096,1.999332423010761,0.15941851372208588,0.09483760146296034
vicreg,control,in100.vicreg.s0.ext,76,1.006010622816218,0.8261161562557381,0.3004310717654741,1.9457395750928934,0.1567085887547495,0.0966949653777037
vicreg,control,in100.vicreg.s0.ext,77,0.989061490012064,0.7968204706075073,0.2898721829501321,1.9135550395128638,0.1604928145406899,0.1095300224798928
vicreg,control,in100.vicreg.s0.ext,78,0.9826109750551364,0.8011921267186435,0.28849938817615156,1.9108297439340156,0.15745731373266939,0.08632910422254668
vicreg,control,in100.vicreg.s0.ext,79,0.9686971360549073,0.7959987393691692,0.27624788462303645,1.8548121389527574,0.15724166998576147,0.0959539135742568
vicreg,control,in100.vicreg.s0.ext,80,0.9500359227402141,0.7768367941072092,0.28622257853993577,1.8357625089533205,0.15436423312317638,0.08942793463536754
vicreg,control,in100.vicreg.s0.ext,81,0.9364854037947528,0.7554334123585014,0.2689804837069927,1.8333013543319898,0.15841047881688022,0.10772572324422541
vicreg,control,in100.vicreg.s0.ext,82,0.9251327070127645,0.7555106477177786,0.26708654912981716,1.7831544865553188,0.16120653208563934,0.08802112282443383
vicreg,control,in100.vicreg.s0.ext,83,0.9181977163089858,0.7512382566861766,0.2671799535082764,1.7722178453783284,0.15657292105822557,0.10089918945066001
vicreg,control,in100.vicreg.s0.ext,84,0.9072733630840457,0.7304377357844669,0.2609762717222712,1.762311275071259,0.16352163004219275,0.09749368144154363
vicreg,control,in100.vicreg.s0.ext,85,0.8864461101324418,0.7206325777270004,0.25628167941307584,1.7164864319019348,0.15982399948407738,0.10603691841075139
vicreg,control,in100.vicreg.s0.ext,86,0.8613413680063985,0.6979443130604541,0.25088271609839824,1.6588321019737515,0.15717920761502038,0.09177058397456221
vicreg,control,in100.vicreg.s0.ext,87,0.8561343290738547,0.6916244012102997,0.25471051651432797,1.639054814824685,0.16062151569705224,0.12033168594869052
vicreg,control,in100.vicreg.s0.ext,88,0.8451383122703765,0.6854791996584398,0.24409314994127426,1.6636182984688541,0.15771413329659628,0.08320988208995655
vicreg,control,in100.vicreg.s0.ext,89,0.8351679086067652,0.6673381925153921,0.23721302895838847,1.6524519502243178,0.16217774062437434,0.07602511408346381
vicreg,control,in100.vicreg.s0.ext,90,0.8100264287951613,0.6578539521131994,0.23403384773007901,1.5735595572980867,0.15893638610026473,0.10062114333402464
vicreg,control,in100.vicreg.s0.ext,91,0.8061572693328121,0.6421782282458581,0.23057977040677197,1.584922014559423,0.16279188426092311,0.11615385627124336
vicreg,control,in100.vicreg.s0.ext,92,0.7927799751160541,0.6420707992084814,0.2319766237884242,1.5437692609947713,0.16072949317215451,0.11019790814729662
vicreg,control,in100.vicreg.s0.ext,93,0.7795511232929921,0.6280175680199458,0.2238337857263686,1.510468220454775,0.16204281196423065,0.16849771580367545
vicreg,control,in100.vicreg.s0.ext,94,0.7667181011834452,0.6204123390775047,0.21780801765045243,1.4888521697503325,0.1622742514323871,0.11481299067379909
vicreg,control,in100.vicreg.s0.ext,95,0.7581981275033097,0.6063696717143976,0.22038607960780737,1.4872161784142455,0.16356581561550146,0.0904617136367005
vicreg,control,in100.vicreg.s0.ext,96,0.7496280005753846,0.6075837967788265,0.2140007382364779,1.4578634264739405,0.16227333079315034,0.10248035151786197
vicreg,control,in100.vicreg.s0.ext,97,0.7433595412823781,0.5952808315484466,0.21392277056991046,1.4626297150830345,0.1617102307193421,0.1161394187284869
vicreg,control,in100.vicreg.s0.ext,98,0.7200831193565644,0.5897618310177434,0.21917759503927872,1.3929516484345148,0.15502035516028587,0.1545206656591307
vicreg,control,in100.vicreg.s0.ext,99,0.7111586425841936,0.568585402637627,0.20267361681021426,1.3915132328262996,0.1639735427076674,0.1488609782393239
vicreg,control,in100.vicreg.s0.ext,100,0.7022216664319537,0.5586435290547452,0.19149864532384908,1.3990914508490604,0.16527234611358194,0.10866121889258747
vicreg,control,in100.vicreg.s0.ext,101,0.6964602093911811,0.5631212050719919,0.19989537429577067,1.3578451258573578,0.1597737350455687,0.10276405230012747
vicreg,control,in100.vicreg.s0.ext,102,0.6855400564351969,0.5563462911278254,0.19550456280450956,1.3345469186837815,0.1612371066379438,0.14204134120221165
vicreg,control,in100.vicreg.s0.ext,103,0.6763964617364268,0.5400935313453961,0.18925370867204372,1.3361599548866785,0.16445111318497832,0.12833351308471097
vicreg,control,in100.vicreg.s0.ext,104,0.6639043829092175,0.5433206758317829,0.1962329428347867,1.274880281167321,0.15803302674483052,0.14187134765712434
vicreg,control,in100.vicreg.s0.ext,105,0.6591847206923608,0.5326954231271127,0.1836055554920104,1.2899551801091937,0.1594894649003841,0.15205732790633103
vicreg,control,in100.vicreg.s0.ext,106,0.6438993311721327,0.5062133927755836,0.177029898158894,1.2724651663184834,0.17245480275545916,0.14557604702849156
vicreg,control,in100.vicreg.s0.ext,107,0.6337001715337925,0.5010500869747087,0.17555180767972506,1.2554595946206641,0.16657163219999532,0.11739168075802343
vicreg,control,in100.vicreg.s0.ext,108,0.6204513372252423,0.49716572201360987,0.1767311449659236,1.2140097397548513,0.16218133301729074,0.16221713292946494
vicreg,control,in100.vicreg.s0.ext,109,0.6080849924294256,0.48692666004468743,0.17279378898441036,1.1761510424568702,0.16336395219246455,0.10529081440504001
vicreg,control,in100.vicreg.s0.ext,110,0.6062353003829024,0.483069628856138,0.17122148544469318,1.1987885278487698,0.16304325884637436,0.1489196165549747
vicreg,control,in100.vicreg.s0.ext,111,0.5890906202110017,0.473118969651567,0.1683223841710449,1.162680774808146,0.1615945057790013,0.15041143697105727
vicreg,control,in100.vicreg.s0.ext,112,0.5846948841651541,0.46332933075188104,0.16138402398359986,1.1554689284158055,0.16788912448808066,0.18759427935191958
vicreg,control,in100.vicreg.s0.ext,113,0.5610697741881381,0.44663628543281686,0.15779824760813807,1.1025480476466873,0.16597309003070884,0.1823660497017096
vicreg,control,in100.vicreg.s0.ext,114,0.5516555679477385,0.4377197827687239,0.15107379765277543,1.0952100718656985,0.1658997157154337,0.1731447107099649
vicreg,control,in100.vicreg.s0.ext,115,0.5476381196363245,0.435003550125819,0.15095521491056432,1.0811572652830976,0.16584891675364258,0.17250581978057358
vicreg,control,in100.vicreg.s0.ext,116,0.52710463044488,0.42627046499797666,0.14703318806310162,1.027095825997035,0.1606581883248207,0.1592704452016998
vicreg,control,in100.vicreg.s0.ext,117,0.5218227992020875,0.409632146979265,0.1490126585810903,1.0239183011041,0.16667180775346685,0.20653371415780503
vicreg,control,in100.vicreg.s0.ext,118,0.5091820344704694,0.40687852418801573,0.14407850341289866,0.9998834180983354,0.16766478549680133,0.23966649535097317
vicreg,control,in100.vicreg.s0.ext,119,0.5027518046144688,0.3951356199120542,0.142503141166089,0.9837972936141544,0.16918232815372675,0.22652944511243933
vicreg,control,in100.vicreg.s0.ext,120,0.4965911876316598,0.39423511984797777,0.13750451807964878,0.9729891134705005,0.165880575666906,0.17076742789551033
vicreg,control,in100.vicreg.s0.ext,121,0.4808752136148413,0.38522992936155187,0.1346033224106688,0.9325709090235826,0.16571316929083652,0.20108321595706719
vicreg,control,in100.vicreg.s0.ext,122,0.47775601700115294,0.3796183490461329,0.13007922736159508,0.9305540812010906,0.168106951251946,0.21591107998388387
vicreg,control,in100.vicreg.s0.ext,123,0.4728480181863782,0.37381514515579334,0.1279877446315674,0.9314073282687351,0.1672609304711912,0.216016498797985
vicreg,control,in100.vicreg.s0.ext,124,0.4571945077219851,0.3554884193752422,0.12255457502134808,0.9088583141079422,0.17672578489210944,0.2707246625548473
vicreg,control,in100.vicreg.s0.ext,125,0.44980651156033136,0.3464576280892006,0.1180626508772235,0.9108412415711112,0.17424574521308758,0.2893434108372448
vicreg,control,in100.vicreg.s0.ext,126,0.44796824277057196,0.3538773823719922,0.1254520143778887,0.8827662352459105,0.16902132198290631,0.2897752656315109
vicreg,control,in100.vicreg.s0.ext,127,0.42827347820205297,0.3427723433369174,0.11707468990216026,0.836176873404714,0.16831633899887813,0.20136825035779313
vicreg,control,in100.vicreg.s0.ext,128,0.42016094018024963,0.33257442460391656,0.11317838860929626,0.8340923614509613,0.17277386220481103,0.2301571517107833
vicreg,control,in100.vicreg.s0.ext,129,0.41704124605467047,0.3224784175247726,0.10791593262288789,0.836055056578379,0.17638932817843195,0.21819087194060718
vicreg,control,in100.vicreg.s0.ext,130,0.40699031599439683,0.331162475306659,0.11240400658893941,0.7931850426034338,0.16414347215079952,0.30635517949685565
vicreg,control,in100.vicreg.s0.ext,131,0.39679167282488753,0.3117043171506585,0.10929772216805142,0.782015857918255,0.16775115334635532,0.15828588276448463
vicreg,control,in100.vicreg.s0.ext,132,0.38883641429700855,0.30370706884772025,0.10296625283191078,0.7645038458546798,0.1744875454909423,0.24273179699694455
vicreg,control,in100.vicreg.s0.ext,133,0.38137002326464736,0.2961709177912467,0.10266854837570319,0.7525129836800123,0.17326440959589515,0.21936024136945742
vicreg,control,in100.vicreg.s0.ext,134,0.3795831859430916,0.29537844442731676,0.10359736146168101,0.7480539528534391,0.17346091107577424,0.3307476562871516
vicreg,control,in100.vicreg.s0.ext,135,0.36975309467090445,0.2850589421309973,0.09731379808459839,0.7531711996731362,0.17692332743185132,0.30515899092860993
vicreg,control,in100.vicreg.s0.ext,136,0.3612189522928909,0.27541736027257235,0.09507416966632912,0.715603274673556,0.18774185111144762,0.32565928652006937
vicreg,control,in100.vicreg.s0.ext,137,0.34693105410327574,0.2527337970132847,0.0868825026991751,0.6966182026460249,0.2044333826865837,0.3165335766889593
vicreg,control,in100.vicreg.s0.ext,138,0.34163822458456494,0.26135332114173226,0.08981941754189336,0.6741172815086183,0.18529273193002582,0.31419129738911894
vicreg,control,in100.vicreg.s0.ext,139,0.3370780335838169,0.2553669878147823,0.086728791014586,0.6761049839102363,0.18780629110599514,0.3242981164435589
vicreg,control,in100.vicreg.s0.ext,140,0.3229079773300673,0.2470790601734454,0.08554624525469282,0.6506475098143653,0.17863320688475276,0.3487579952174071
vicreg,control,in100.vicreg.s0.ext,141,0.31654188974375835,0.2442342345981621,0.08161624429489003,0.6303393198628979,0.18007701751888208,0.3118367717294048
vicreg,control,in100.vicreg.s0.ext,142,0.3120251752946685,0.22779213035185344,0.07788524209998686,0.6326178712372319,0.19839229038039533,0.3449749205568277
vicreg,control,in100.vicreg.s0.ext,143,0.2981198732796785,0.22451625617927573,0.07569021305058543,0.6126448594294497,0.18504509116957066,0.3489027916411607
vicreg,control,in100.vicreg.s0.ext,144,0.290494129227291,0.2144851887619199,0.07156963411080115,0.5825982868550602,0.19715670410393357,0.3714246494076336
vicreg,control,in100.vicreg.s0.ext,145,0.2799430115831731,0.20947324122022098,0.06979238544394879,0.5645311743816319,0.18785572427905664,0.3981731428375138
vicreg,control,in100.vicreg.s0.ext,146,0.27722690042583953,0.2101914318944541,0.07103750890946932,0.5520436603446206,0.18881952511495098,0.3994813999376855
vicreg,control,in100.vicreg.s0.ext,147,0.2690131768118511,0.20462357665240416,0.07202434637330546,0.5329242468638321,0.18387370372408857,0.33143185213725374
vicreg,control,in100.vicreg.s0.ext,148,0.2644562070689198,0.19842619110891724,0.06534753630811695,0.5352382864336621,0.19024351039291126,0.33008579881426053
vicreg,control,in100.vicreg.s0.ext,149,0.2572310290264495,0.19207852722129862,0.06610686221101726,0.5125731861708077,0.19150056084551423,0.4161745906005093
vicreg,control,in100.vicreg.s0.ext,150,0.24655145097166073,0.18802983122636963,0.06178635847864985,0.49430767173080603,0.1867466310673466,0.3036744937987039
vicreg,control,in100.vicreg.s0.ext,151,0.240268085641579,0.17381653642100467,0.05705426893029387,0.48941191651424903,0.2052135563669693,0.4550848497703652
vicreg,control,in100.vicreg.s0.ext,152,0.23168589447052257,0.16931468495481158,0.05504406738780863,0.47954505833696137,0.1929132167815408,0.458854592541865
vicreg,control,in100.vicreg.s0.ext,153,0.2258069223568669,0.16459216814991595,0.05430899378194766,0.44801960728602835,0.2126755537011615,0.41005661938185334
vicreg,control,in100.vicreg.s0.ext,154,0.2205662960712918,0.16376559009156694,0.053961240033269034,0.4512713615111211,0.1965062727166101,0.39372789403869257
vicreg,control,in100.vicreg.s0.ext,155,0.21437544233884845,0.15203832444995144,0.05114418576770912,0.42220709776464727,0.22335416655451923,0.4365811903096594
vicreg,control,in100.vicreg.s0.ext,156,0.20499226604681012,0.14927099655429654,0.05021121397003394,0.4125245424966501,0.20321798351482026,0.40443899860506827
vicreg,control,in100.vicreg.s0.ext,157,0.20373023341061175,0.14031992627004802,0.04574802561207236,0.40979800302563013,0.22622043809591622,0.4443614225058351
vicreg,control,in100.vicreg.s0.ext,158,0.1865365989455396,0.12326243091297595,0.04079113540970169,0.36285345200608693,0.2634897522609924,0.5034629733965946
vicreg,control,in100.vicreg.s0.ext,159,0.1859110796847161,0.13107051869234504,0.04362523497237175,0.3757376748678302,0.21147875131121918,0.39431252492658636
vicreg,control,in100.vicreg.s0.ext,160,0.17714625398929829,0.12598683505390038,0.038844890949405665,0.36824920370726444,0.20876956977458866,0.41948476138029767
vicreg,control,in100.vicreg.s0.ext,161,0.16877116899575645,0.11286708921405683,0.035536301045257214,0.35177835885361336,0.2303256909788023,0.4538754661747985
vicreg,control,in100.vicreg.s0.ext,162,0.162453730305966,0.11090363256528266,0.03490669828893209,0.3415334303413058,0.22165004974169322,0.45602067068460367
vicreg,control,in100.vicreg.s0.ext,163,0.15469654002356006,0.10116082958091795,0.032442192452563585,0.3126412193629929,0.25430523534687927,0.46489111624507673
vicreg,control,in100.vicreg.s0.ext,164,0.14401063660419078,0.09206513692213518,0.029416196580875367,0.2987332627286336,0.2502567703270716,0.545276493849866
vicreg,control,in100.vicreg.s0.ext,165,0.13936232795188386,0.08630200031875378,0.028134603470153428,0.2888105538122599,0.26368151378110743,0.49640071718620027
vicreg,control,in100.vicreg.s0.ext,166,0.1334577932921133,0.09076716292477507,0.02872839753084691,0.28024132899586507,0.2244954708318908,0.4765201361932742
vicreg,control,in100.vicreg.s0.ext,167,0.12858193965255818,0.08806307546633065,0.026764526438066868,0.270667549838675,0.22232394598947589,0.5511133179103185
vicreg,control,in100.vicreg.s0.ext,168,0.11645812519656712,0.0680838757977661,0.021092682855278887,0.23501390108698483,0.29738251944348293,0.626928720403919
vicreg,control,in100.vicreg.s0.ext,169,0.10962332221508127,0.05927223587930913,0.017470805436385014,0.22990677064070517,0.31764296907546385,0.5431864963831022
vicreg,control,in100.vicreg.s0.ext,170,0.08930266036838595,0.04988551620351067,0.012019898717849831,0.2127218284527342,0.2565254327506935,0.7483464916435204
vicreg,control,in100.vicreg.s0.ext,171,0.07854428706043418,0.04924815370268593,0.013533519087791324,0.17321253263247988,0.23945172464853554,0.5937385326814799
vicreg,control,in100.vicreg.s0.ext,172,0.05112018621742278,0.031960397382759465,0.008740130002616364,0.11316131668141144,0.24141004027234175,0.7579867152316991
vicreg,treated,in100.vicreg.s0.e20f.ext,0,60.56218993063431,49.93246808358859,12.870138588164856,123.67180864638004,0.15385432058508886,0.06805612109403375
vicreg,treated,in100.vicreg.s0.e20f.ext,1,28.052350778395454,22.956490116217203,6.810238139178359,55.99428174540381,0.1537300655009068,0.04387182829343879
vicreg,treated,in100.vicreg.s0.e20f.ext,2,23.877890951308096,16.39063797080355,4.417505381628127,54.054116831073756,0.19129159756088715,0.037368182066036565
vicreg,treated,in100.vicreg.s0.e20f.ext,3,19.18097911365742,15.782776273482284,5.271126657133964,37.74083176061107,0.15613486564788379,0.043016280370247045
vicreg,treated,in100.vicreg.s0.e20f.ext,4,17.165146396479404,14.75185192713528,5.3888224839162735,32.04916629504016,0.1398047798333292,0.034172217900915854
vicreg,treated,in100.vicreg.s0.e20f.ext,5,13.331167574404716,11.296111088892472,3.913946436811828,25.291818468701774,0.14815724417616474,0.022681067236966106
vicreg,treated,in100.vicreg.s0.e20f.ext,6,12.20018692864373,9.424507982690791,2.7171042858933787,25.589727918061556,0.1639438606046447,0.03580223960955915
vicreg,treated,in100.vicreg.s0.e20f.ext,7,10.382110363022797,8.497982635647848,2.8623154414149927,20.147803453145627,0.15639798182529016,0.024806959884279375
vicreg,treated,in100.vicreg.s0.e20f.ext,8,9.296993420322739,7.897645450657321,2.8755909164096236,17.456293298619382,0.1451175985487885,0.019999241953247385
vicreg,treated,in100.vicreg.s0.e20f.ext,9,8.287327025318094,6.54091498188887,2.241551974809748,16.26512220564013,0.16666412176511494,0.027006802911504445
vicreg,treated,in100.vicreg.s0.e20f.ext,10,7.9187665791497945,6.621767143995899,2.4076009854629827,15.100713990982548,0.14993419703922836,0.028068596425555165
vicreg,treated,in100.vicreg.s0.e20f.ext,11,7.51259865531288,5.726516090197471,1.8179656884493107,15.427080278756407,0.18071889645794584,0.03140445331639192
vicreg,treated,in100.vicreg.s0.e20f.ext,12,6.79601168929796,5.327127770516777,1.7537170089434102,13.312691119915145,0.17825030219162763,0.019259569174372115
vicreg,treated,in100.vicreg.s0.e20f.ext,13,6.490429035886924,5.340845849191868,1.856768117819605,12.524100316840588,0.15437555697742045,0.02325739626959726
vicreg,treated,in100.vicreg.s0.e20f.ext,14,6.205844005550809,4.9919841898345485,1.668041846688651,12.445844471670586,0.15907710681581944,0.028567510568305702
vicreg,treated,in100.vicreg.s0.e20f.ext,15,6.036716947368516,4.899842473613289,1.6958514507527582,11.778400350376476,0.16103155701990216,0.02249210963956282
vicreg,treated,in100.vicreg.s0.e20f.ext,16,5.810821876580174,4.544480048550069,1.5239747542403568,11.496057420539744,0.17393920181472597,0.019686409994338936
vicreg,treated,in100.vicreg.s0.e20f.ext,17,5.488197764280342,4.446713713670496,1.5506069414153474,10.830859817397585,0.15579812232948298,0.02752029159206735
vicreg,treated,in100.vicreg.s0.e20f.ext,18,5.464776832645329,4.344852587524256,1.441356932155248,10.803190739226933,0.16498135420897328,0.02432699852057492
vicreg,treated,in100.vicreg.s0.e20f.ext,19,5.346982585977172,4.098329260513287,1.3339453960514158,10.82640299692073,0.18288028759003278,0.022884162008671178
vicreg,treated,in100.vicreg.s0.e20f.ext,20,5.057133721921212,4.045546698867309,1.4116193673814874,9.985374574942869,0.16236539006288078,0.017160171127247454
vicreg,treated,in100.vicreg.s0.e20f.ext,21,4.942000014015969,4.074493899154305,1.4317713420159857,9.47737658734014,0.15343886418492098,0.02042181243413107
vicreg,treated,in100.vicreg.s0.e20f.ext,22,4.672538264145525,3.9043575170298417,1.3342277224839436,9.004305219777917,0.15144939030792642,0.020188105604701613
vicreg,treated,in100.vicreg.s0.e20f.ext,23,4.651096178253668,3.7012499134702006,1.2820346251896149,9.21998978043348,0.16459359692045708,0.023658024207146043
vicreg,treated,in100.vicreg.s0.e20f.ext,24,4.4280816018718205,3.573647451987705,1.238417532930836,8.65431253893887,0.16101903263573547,0.018295511547412362
vicreg,treated,in100.vicreg.s0.e20f.ext,25,4.349517671415987,3.5512891619737568,1.2561359990921648,8.393330686393787,0.15803916045976246,0.01970697409853812
vicreg,treated,in100.vicreg.s0.e20f.ext,26,4.171386848054303,3.4315879775290834,1.2098008544797911,8.091814231901742,0.15333058524902168,0.01804099577712717
vicreg,treated,in100.vicreg.s0.e20f.ext,27,4.102191084414257,3.414711018731266,1.202185404536023,7.934831275001193,0.14839049489099418,0.025417576427670462
vicreg,treated,in100.vicreg.s0.e20f.ext,28,4.081352046883992,3.247497122554997,1.1590188657542817,7.92760751181008,0.16953464881766422,0.019397734663558354
vicreg,treated,in100.vicreg.s0.e20f.ext,29,3.9023525758436417,3.131960736548731,1.0937385605224814,7.614709772334147,0.15972679237796233,0.02135792215522163
vicreg,treated,in100.vicreg.s0.e20f.ext,30,3.833988431172715,3.1602561017109787,1.1071407614095587,7.379124891577922,0.15581957209360184,0.01898563648880084
vicreg,treated,in100.vicreg.s0.e20f.ext,31,3.7012406687690196,3.083589916368207,1.0952070792733741,7.1415406208395895,0.15038346090705468,0.023672657955857393
vicreg,treated,in100.vicreg.s0.e20f.ext,32,3.67428513845595,3.0581045410553154,1.080845531337296,7.018371831183073,0.14946245111543957,0.01982143973806031
vicreg,treated,in100.vicreg.s0.e20f.ext,33,3.6318518429319386,3.0281271637433016,1.080171127225178,7.018222596726297,0.14894103555696248,0.0221313961187867
vicreg,treated,in100.vicreg.s0.e20f.ext,34,3.537845142094042,2.9600283276271897,1.0453124087312309,6.787889809311741,0.14873865409794776,0.029593291129115976
vicreg,treated,in100.vicreg.s0.e20f.ext,35,3.5275064462532923,2.9036356620581696,1.0467653320712311,6.8198082673867875,0.152592176799675,0.01828532875410171
vicreg,treated,in100.vicreg.s0.e20f.ext,36,3.4284123746464004,2.853596746087968,0.9862039633645464,6.550949621298374,0.15160595397966772,0.01676711098952484
vicreg,treated,in100.vicreg.s0.e20f.ext,37,3.389597013608699,2.8039211828547415,1.0025312909841286,6.40659761412532,0.15588546855133603,0.021137394510924275
vicreg,treated,in100.vicreg.s0.e20f.ext,38,3.3714317154804174,2.7854353801855023,0.9747557108225858,6.47862070854448,0.15231887756086793,0.01949675020917079
vicreg,treated,in100.vicreg.s0.e20f.ext,39,3.24729061139378,2.6894400812073056,0.920878617922704,6.319910434767085,0.15328164348686588,0.018960822523615202
vicreg,treated,in100.vicreg.s0.e20f.ext,40,3.2226859985495824,2.65372245246795,0.9472410422946443,6.185424167479185,0.15245382042450403,0.016194336227601237
vicreg,treated,in100.vicreg.s0.e20f.ext,41,3.1809400405133736,2.589703841013613,0.9310124034939335,6.201017097980716,0.15501290047638822,0.015648869421137402
vicreg,treated,in100.vicreg.s0.e20f.ext,42,3.1450751390554417,2.5986050821115936,0.9238570833922085,6.104601036057997,0.15473773802875354,0.022575748943864868
vicreg,treated,in100.vicreg.s0.e20f.ext,43,3.0846477237743914,2.5633683662982687,0.9066761792913645,5.945951326312325,0.14843235050135356,0.020693222071111583
vicreg,treated,in100.vicreg.s0.e20f.ext,44,3.0793055846648256,2.5466847815093505,0.8879253511521772,5.925193543653696,0.15303517239972636,0.017641362972678588
vicreg,treated,in100.vicreg.s0.e20f.ext,45,3.047659189363397,2.4942999372638095,0.9081157772921873,5.945508138645592,0.15329281469676773,0.019968006670242594
vicreg,treated,in100.vicreg.s0.e20f.ext,46,3.008762271439516,2.4987710918635138,0.88223759518786,5.768046191193779,0.15160125609456584,0.026339790484554575
vicreg,treated,in100.vicreg.s0.e20f.ext,47,2.9796785195153377,2.449342845769172,0.8464586980240628,5.777999392725584,0.15535903051902186,0.022447759850814316
vicreg,treated,in100.vicreg.s0.e20f.ext,48,2.9696505482705144,2.460492611124203,0.8709650112572807,5.642645643890642,0.1511565618492013,0.02076479235123219
vicreg,treated,in100.vicreg.s0.e20f.ext,49,2.914367635244664,2.386215369443799,0.8666033960590177,5.592227170039789,0.15237142969066542,0.01907020026311339
vicreg,treated,in100.vicreg.s0.e20f.ext,50,2.897426361724241,2.4272284486978117,0.8424120098071484,5.5320448712209105,0.15163257844034297,0.01566023367063896
vicreg,treated,in100.vicreg.s0.e20f.ext,51,2.859169227268425,2.3765176450361736,0.8592916881757156,5.491505576107579,0.1491527076818792,0.025917592891380764
vicreg,treated,in100.vicreg.s0.e20f.ext,52,2.833576709493252,2.3537307454594423,0.844328233297458,5.436279083932195,0.1509449840764424,0.019412756291877248
vicreg,treated,in100.vicreg.s0.e20f.ext,53,2.8131812261761255,2.353151121811969,0.8275386716490144,5.346848365192871,0.1517139689212471,0.023388533273824782
vicreg,treated,in100.vicreg.s0.e20f.ext,54,2.7624617297192,2.2685341391594367,0.8176111601062864,5.315104151660169,0.15386048138603828,0.021595907063377502
vicreg,treated,in100.vicreg.s0.e20f.ext,55,2.749451655879061,2.28488149963582,0.8187327948491931,5.304057598484757,0.15102441392320762,0.026951054447013286
vicreg,treated,in100.vicreg.s0.e20f.ext,56,2.7209856294140162,2.248284220301265,0.835625139108909,5.22307894120987,0.15097023053993902,0.02194817552106863
vicreg,treated,in100.vicreg.s0.e20f.ext,57,2.702690990009434,2.2297112860011006,0.7841039978460155,5.172242018050632,0.1518714684795458,0.018100838188298655
vicreg,treated,in100.vicreg.s0.e20f.ext,58,2.680942409167089,2.212108805496274,0.7827418013991062,5.150389426730542,0.15674221338725136,0.01638411141791593
vicreg,treated,in100.vicreg.s0.e20f.ext,59,2.6546710992377514,2.1871231335959993,0.7797613207338278,5.1299857794899975,0.15213443064952034,0.02033234403577668
vicreg,treated,in100.vicreg.s0.e20f.ext,60,2.631334042576253,2.1621986537021325,0.7828948320707799,5.095538617257231,0.1526382782754968,0.019149298793321574
vicreg,treated,in100.vicreg.s0.e20f.ext,61,2.6047748412175453,2.1894915863443094,0.7790580469280352,4.985940332580522,0.14935409584554088,0.020725815856756476
vicreg,treated,in100.vicreg.s0.e20f.ext,62,2.5561623831254994,2.1180911304864587,0.7614061143135725,4.874312934570601,0.15127095781881184,0.02273152010218252
vicreg,treated,in100.vicreg.s0.e20f.ext,63,2.542298188914417,2.1064973721961957,0.7577191746866259,4.906261400916718,0.14946752548749964,0.015927835012586558
vicreg,treated,in100.vicreg.s0.e20f.ext,64,2.521818842518092,2.108034932719354,0.7595836012416533,4.772832870841106,0.15016965098828627,0.02140965443355797
vicreg,treated,in100.vicreg.s0.e20f.ext,65,2.513235226168088,2.054470142909753,0.7097851110642225,4.899754271122015,0.15498138103975204,0.015524115394397676
vicreg,treated,in100.vicreg.s0.e20f.ext,66,2.504392642136973,2.0506280201449276,0.730821142147674,4.802456164589432,0.15485563755334372,0.021560939711104316
vicreg,treated,in100.vicreg.s0.e20f.ext,67,2.483671713991992,2.0358476549852345,0.7215757673201144,4.810141547196363,0.15409235688169454,0.021612106855514786
vicreg,treated,in100.vicreg.s0.e20f.ext,68,2.452545207969411,2.039783040221876,0.7110725534183788,4.73430613364898,0.14997981695935503,0.019916670048444295
vicreg,treated,in100.vicreg.s0.e20f.ext,69,2.421408071032625,1.9653172796227838,0.7022252213003567,4.6803840925219085,0.15498130278252198,0.02534601034195898
vicreg,treated,in100.vicreg.s0.e20f.ext,70,2.392035796248274,1.9720315525229748,0.7081046543039207,4.590331307465495,0.15345965574280226,0.015196652823249134
vicreg,treated,in100.vicreg.s0.e20f.ext,71,2.367613147469859,1.9257136802898498,0.6884525908798266,4.597280403308804,0.15444760405561384,0.02646056534868689
vicreg,treated,in100.vicreg.s0.e20f.ext,72,2.354793855256929,1.9538770196126123,0.6972548543579031,4.453572832564971,0.151150690981124,0.025726254955545556
vicreg,treated,in100.vicreg.s0.e20f.ext,73,2.3439339079114334,1.9085518193937654,0.666023399133668,4.552085514061019,0.15490421322237272,0.026425528647157245
vicreg,treated,in100.vicreg.s0.e20f.ext,74,2.326962797732903,1.9377133644615854,0.6954246600184651,4.488551369811912,0.14903577930443973,0.015861760938940733
vicreg,treated,in100.vicreg.s0.e20f.ext,75,2.3124863823631188,1.906633957493625,0.6760677323017931,4.46585438432169,0.15214851154478734,0.019684485236999366
vicreg,treated,in100.vicreg.s0.e20f.ext,76,2.287915421023233,1.9015611033980826,0.6647476436641886,4.4064577571393695,0.15131125478586244,0.015920033387393055
vicreg,treated,in100.vicreg.s0.e20f.ext,77,2.2715616958870526,1.9036149203840056,0.6732638509581864,4.334171458271614,0.15131012970958282,0.02393421154851394
vicreg,treated,in100.vicreg.s0.e20f.ext,78,2.259422528660466,1.8882337738743074,0.6430356403304937,4.398905761229018,0.15019362580741527,0.02200828355628754
vicreg,treated,in100.vicreg.s0.e20f.ext,79,2.2395865789109997,1.869738538158193,0.6584467143754343,4.305279511295128,0.150372243612859,0.018098967329226386
vicreg,treated,in100.vicreg.s0.e20f.ext,80,2.219237064708484,1.8401414277958783,0.6703085784515217,4.262901397749313,0.15104099880616326,0.021354530743732794
vicreg,treated,in100.vicreg.s0.e20f.ext,81,2.2127205455292334,1.842713602847074,0.6487286287375175,4.212311756927924,0.15282753574059485,0.018010002119583285
vicreg,treated,in100.vicreg.s0.e20f.ext,82,2.181946389569065,1.8120684833054828,0.6473311046873285,4.221652913031017,0.15119494664526759,0.021785243062957454
vicreg,treated,in100.vicreg.s0.e20f.ext,83,2.1581890364452465,1.7760905915829084,0.637383869140824,4.161006709526591,0.15029797568066555,0.021599346806216356
vicreg,treated,in100.vicreg.s0.e20f.ext,84,2.1474753665190067,1.7934193180504585,0.6362122419859876,4.140624221100321,0.14801123590234244,0.017256202464552964
vicreg,treated,in100.vicreg.s0.e20f.ext,85,2.125982178501485,1.7685944834505776,0.6153249081758911,4.110420464214844,0.1496278135104871,0.022431704906089388
vicreg,treated,in100.vicreg.s0.e20f.ext,86,2.125036576204049,1.7547344640055242,0.6248881560342371,4.07981853180337,0.15251849745089838,0.021957631506200212
vicreg,treated,in100.vicreg.s0.e20f.ext,87,2.09779566602493,1.708490354687917,0.6022452024403335,4.051592245435752,0.15446296445570298,0.020440953730895706
vicreg,treated,in100.vicreg.s0.e20f.ext,88,2.0814569836130845,1.725461785936726,0.6095341053124198,3.9943794442786182,0.1523910685076768,0.020924432661572578
vicreg,treated,in100.vicreg.s0.e20f.ext,89,2.072576783431833,1.7065508034979464,0.5930035185005225,3.991567328413347,0.15813893165712545,0.02206754114883471
vicreg,treated,in100.vicreg.s0.e20f.ext,90,2.060823734807824,1.6731216134837388,0.5882508918768656,3.9632159007227488,0.15964899333928678,0.020563593647184783
vicreg,treated,in100.vicreg.s0.e20f.ext,91,2.040545835799803,1.6890263392450007,0.6150421016735679,3.9286177368569812,0.1495377072637304,0.016601113460849
vicreg,treated,in100.vicreg.s0.e20f.ext,92,2.0153441302409383,1.6405590758010455,0.5892013246609098,3.905699678202918,0.1543204260989276,0.022172929212826386
vicreg,treated,in100.vicreg.s0.e20f.ext,93,2.0092098893150534,1.6696090507084866,0.5833745030678925,3.8720049365172464,0.15261238394668694,0.02147749877495324
vicreg,treated,in100.vicreg.s0.e20f.ext,94,1.9923073190922154,1.644043912134549,0.5649245671597054,3.8616968194849135,0.15224863100554833,0.021153810163454217
vicreg,treated,in100.vicreg.s0.e20f.ext,95,1.9806878199224633,1.6332229643452036,0.5777785580347077,3.832178552245889,0.15163207072098087,0.018543058980352346
vicreg,treated,in100.vicreg.s0.e20f.ext,96,1.968017254394958,1.6309405895910256,0.5828971909296138,3.79743584482864,0.15233293940234016,0.0286708646935202
vicreg,treated,in100.vicreg.s0.e20f.ext,97,1.958680381835313,1.6198199734056664,0.5667572532038947,3.785521456041882,0.15133141240281675,0.02832201336496575
vicreg,treated,in100.vicreg.s0.e20f.ext,98,1.9497913341895075,1.633188515512806,0.5788461781258388,3.716690752304083,0.1476182227134782,0.021023969661646245
vicreg,treated,in100.vicreg.s0.e20f.ext,99,1.9364310157782085,1.5914574824489311,0.542853144037639,3.737689206488757,0.15615558257562998,0.020079416184480108
vicreg,treated,in100.vicreg.s0.e20f.ext,100,1.9217273892782605,1.580327791588473,0.565554819590853,3.7132592226146848,0.15535934696629417,0.01575473836375936
vicreg,treated,in100.vicreg.s0.e20f.ext,101,1.8987091406470162,1.5553738115640472,0.5454318755566266,3.7120836557612855,0.15341145505413456,0.027614382410667014
vicreg,treated,in100.vicreg.s0.e20f.ext,102,1.8932307943370315,1.5562537402778156,0.546615224554323,3.6816858771280145,0.1544422608017636,0.023282755390378697
vicreg,treated,in100.vicreg.s0.e20f.ext,103,1.8651597251066543,1.5305590982837023,0.5367473355920518,3.59974269231746,0.15389876829138668,0.01714747241177897
vicreg,treated,in100.vicreg.s0.e20f.ext,104,1.858351424341184,1.5316637317013755,0.5440842654575837,3.5677407075270353,0.1543335293412122,0.020724926077757107
vicreg,treated,in100.vicreg.s0.e20f.ext,105,1.8374862725907457,1.5213182822385152,0.5420969360220727,3.526828419801368,0.15220597892060014,0.0249012603464074
vicreg,treated,in100.vicreg.s0.e20f.ext,106,1.8358378487205078,1.5227157178205548,0.5336139711858653,3.5125476984727735,0.15304398562711388,0.01965829402078961
vicreg,treated,in100.vicreg.s0.e20f.ext,107,1.8175810370730159,1.5063388060212126,0.5231175825846663,3.532986200773152,0.1488635869104416,0.025919583215740557
vicreg,treated,in100.vicreg.s0.e20f.ext,108,1.8077609306578115,1.4777221431172283,0.524295444393295,3.5305670644013873,0.15417535884041986,0.023831246142124382
vicreg,treated,in100.vicreg.s0.e20f.ext,109,1.7944619680623592,1.47840982381119,0.5207529870784247,3.4917288896962275,0.1518112288984393,0.017743517212637738
vicreg,treated,in100.vicreg.s0.e20f.ext,110,1.7916473016154435,1.4783766869025627,0.5199373825487514,3.4707636295292787,0.15267327718379012,0.018311882735338993
vicreg,treated,in100.vicreg.s0.e20f.ext,111,1.7865259981391794,1.4747152867070281,0.5091168536590323,3.422808941580099,0.15334791951023416,0.026449395229628647
vicreg,treated,in100.vicreg.s0.e20f.ext,112,1.758358217574169,1.4301662683341336,0.5013823648125111,3.3728320053788927,0.15671920739146336,0.026026655739625138
vicreg,treated,in100.vicreg.s0.e20f.ext,113,1.7518799559344602,1.458595440586919,0.5185866059708057,3.326443206761378,0.150256501875988,0.018202213361133396
vicreg,treated,in100.vicreg.s0.e20f.ext,114,1.735944046434234,1.4412280822616892,0.5121054402957089,3.312638915539303,0.1496555414495741,0.02089686919082198
vicreg,treated,in100.vicreg.s0.e20f.ext,115,1.7141123894314418,1.4115130132337321,0.5018940995532333,3.317489552556433,0.15533749451982648,0.02579811298163238
vicreg,treated,in100.vicreg.s0.e20f.ext,116,1.7076559441153956,1.4055821256479197,0.49501248455766256,3.287219851480443,0.15556949231852793,0.026454509163356708
vicreg,treated,in100.vicreg.s0.e20f.ext,117,1.6878777816151704,1.3903503836382476,0.4863476031082708,3.2613806566888246,0.15294832955968243,0.022543713601133587
vicreg,treated,in100.vicreg.s0.e20f.ext,118,1.676277102477356,1.3807464699431868,0.49085121827249234,3.2075526719701006,0.15203237164968056,0.024010805419243064
vicreg,treated,in100.vicreg.s0.e20f.ext,119,1.6678509603215665,1.3781822828745574,0.47410105009213227,3.2210407845813473,0.15042715191152906,0.0236157080710669
vicreg,treated,in100.vicreg.s0.e20f.ext,120,1.654778386308751,1.3706010587726838,0.4885833181525164,3.2016586594565424,0.15268476452499505,0.021733998207646238
vicreg,treated,in100.vicreg.s0.e20f.ext,121,1.6486658944732235,1.3442537303532809,0.468843143484042,3.201723717371756,0.15461885868119782,0.021301394227768444
vicreg,treated,in100.vicreg.s0.e20f.ext,122,1.6368880632230813,1.3588524986399126,0.4809476778054946,3.1209285103658266,0.15350426688454805,0.02020516488473483
vicreg,treated,in100.vicreg.s0.e20f.ext,123,1.6293837356776346,1.3397249314199902,0.46036588182033483,3.2044362050449005,0.15382040590237783,0.027857134087165808
vicreg,treated,in100.vicreg.s0.e20f.ext,124,1.6233873981756555,1.3322720872297218,0.4752933577408588,3.1468798622598286,0.15464856121356205,0.02320343755720022
vicreg,treated,in100.vicreg.s0.e20f.ext,125,1.6038811996298503,1.3181673446623594,0.4585935366665068,3.110104947865733,0.1561193324966679,0.02585084331884094
vicreg,treated,in100.vicreg.s0.e20f.ext,126,1.5918475740102682,1.3058213762676762,0.45475586551176383,3.07523904574822,0.15478241371062007,0.02336204869639436
vicreg,treated,in100.vicreg.s0.e20f.ext,127,1.5854077155999957,1.2977742412399733,0.47273705301908253,3.0399827105333412,0.15457643502295398,0.02240928239428798
vicreg,treated,in100.vicreg.s0.e20f.ext,128,1.573328532176881,1.3004446365260298,0.45786160562795863,3.0409085419976596,0.15361069230004173,0.02782981408012908
vicreg,treated,in100.vicreg.s0.e20f.ext,129,1.5638796394669465,1.2744085028215806,0.4559885848651083,3.0174348657708503,0.15478337881338394,0.02087295539021202
vicreg,treated,in100.vicreg.s0.e20f.ext,130,1.5546449904658444,1.2593660222149157,0.4497174702345406,3.0474660552120643,0.15664675894842525,0.029255323772024715
vicreg,treated,in100.vicreg.s0.e20f.ext,131,1.550192677754215,1.2845185762685878,0.4431926276659763,3.005478361752063,0.15182773358940083,0.02653143433402584
vicreg,treated,in100.vicreg.s0.e20f.ext,132,1.5404119764159732,1.2648195529721997,0.45164796340379904,2.9566623423965854,0.15499734585916553,0.024484115619107648
vicreg,treated,in100.vicreg.s0.e20f.ext,133,1.525907915954121,1.2553655729831206,0.45303390397047605,2.9579937889378525,0.1520596918598877,0.023806148695306992
vicreg,treated,in100.vicreg.s0.e20f.ext,134,1.512988913098069,1.2364644984891031,0.44075250839673497,2.9119214839748007,0.1552603856537431,0.023924990254577717
vicreg,treated,in100.vicreg.s0.e20f.ext,135,1.5096163950847714,1.2415359388709701,0.43533646587387953,2.9357989274319714,0.15727909775737506,0.026542932438772596
vicreg,treated,in100.vicreg.s0.e20f.ext,136,1.4996604756125043,1.2288442754845774,0.42876911486553354,2.8828583611291805,0.152880906198414,0.023761249910697183
vicreg,treated,in100.vicreg.s0.e20f.ext,137,1.4875939431480758,1.2169608680667694,0.427623924047081,2.908872620801667,0.15251901868622075,0.025463239047062776
vicreg,treated,in100.vicreg.s0.e20f.ext,138,1.4798341372386943,1.2067177360813468,0.40849679407921324,2.8837043126435833,0.15700378937823453,0.025505887165939142
vicreg,treated,in100.vicreg.s0.e20f.ext,139,1.4745227464657245,1.2243235919250508,0.41928143277371305,2.846125116773681,0.1519693647072134,0.02593534336974547
vicreg,treated,in100.vicreg.s0.e20f.ext,140,1.4583670569128175,1.1948708089178819,0.41350610282712086,2.838572186899996,0.15617041442259316,0.020789217421017164
vicreg,treated,in100.vicreg.s0.e20f.ext,141,1.4505128170912562,1.1922921261285615,0.4065818357546446,2.841381413242175,0.15541221780035464,0.021932075065978874
vicreg,treated,in100.vicreg.s0.e20f.ext,142,1.4406003732249941,1.169553075281088,0.41518923812439434,2.8016987811589837,0.1559404395061828,0.03200076940649392
vicreg,treated,in100.vicreg.s0.e20f.ext,143,1.4359417634200515,1.1830768701273473,0.41473326025412294,2.7686931879175867,0.1552971206784548,0.024701183646004744
vicreg,treated,in100.vicreg.s0.e20f.ext,144,1.4213108837167576,1.167591247250626,0.394287538359251,2.744873047739954,0.1544521759812011,0.02448335647645198
vicreg,treated,in100.vicreg.s0.e20f.ext,145,1.4111921339973081,1.1559967903623027,0.3972083950183035,2.747554620344796,0.15490750740204232,0.027424314799625343
vicreg,treated,in100.vicreg.s0.e20f.ext,146,1.4054455594662172,1.1421602732551637,0.40322866808198654,2.736438492599039,0.15760442381167783,0.024628054912283138
vicreg,treated,in100.vicreg.s0.e20f.ext,147,1.3986332749910197,1.1390575940168421,0.3990394573686465,2.7102561455687812,0.15602544091177364,0.027079953349473235
vicreg,treated,in100.vicreg.s0.e20f.ext,148,1.3946657478968936,1.1466903263648895,0.4065981038599706,2.7081186000840574,0.1529055789900007,0.030085721263256343
vicreg,treated,in100.vicreg.s0.e20f.ext,149,1.3801246774074314,1.1323275762841785,0.39037709284321215,2.681943156491297,0.15399613157644496,0.024431269416592412
vicreg,treated,in100.vicreg.s0.e20f.ext,150,1.374467736317988,1.1162731443619096,0.38921220841952847,2.6766501660845416,0.15474159044904215,0.024457982600679593
vicreg,treated,in100.vicreg.s0.e20f.ext,151,1.357828195254176,1.113830870492761,0.3999746371585992,2.618693735622152,0.15392217308687878,0.029395234893968704
vicreg,treated,in100.vicreg.s0.e20f.ext,152,1.356699864133347,1.1058868791342433,0.38316972156366935,2.6383911570384364,0.15596145854678464,0.030058498607309407
vicreg,treated,in100.vicreg.s0.e20f.ext,153,1.3488602263707807,1.0971623169768838,0.38054033442205026,2.61638498842262,0.15554147056174497,0.01794885958642948
vicreg,treated,in100.vicreg.s0.e20f.ext,154,1.3415080826688603,1.097565421366724,0.3944742707686523,2.6035728426494202,0.1548674540877032,0.034132543743258636
vicreg,treated,in100.vicreg.s0.e20f.ext,155,1.3283708700839558,1.0926499765809827,0.3832051806311054,2.5837244484849813,0.15673414652012718,0.01883409455105595
vicreg,treated,in100.vicreg.s0.e20f.ext,156,1.3226929657441995,1.0814147461301642,0.36911845219365597,2.5841935495256543,0.1550327620783424,0.032025081036674785
vicreg,treated,in100.vicreg.s0.e20f.ext,157,1.3114774913777434,1.0764277864199987,0.37529791838604554,2.5811923175745015,0.15300711399188077,0.028605484592541797
vicreg,treated,in100.vicreg.s0.e20f.ext,158,1.3034720204797556,1.065678741544192,0.36773928601211775,2.5292057834312,0.15405219006913448,0.03382460129768722
vicreg,treated,in100.vicreg.s0.e20f.ext,159,1.2952183987376975,1.058247808897118,0.37631487792564705,2.5380378134871853,0.15462524178313106,0.030625972315373323
vicreg,treated,in100.vicreg.s0.e20f.ext,160,1.290968292195256,1.0567247757928628,0.36751242872499823,2.4982314221159996,0.15611351381670555,0.026083833437720572
vicreg,treated,in100.vicreg.s0.e20f.ext,161,1.2823347425482294,1.0659550365588606,0.3669942235371436,2.472915206952672,0.15304187574294845,0.03446541382493277
vicreg,treated,in100.vicreg.s0.e20f.ext,162,1.2803347626587176,1.0446917059343495,0.37336900630678865,2.493493656582701,0.15341872216984195,0.03215800084404813
vicreg,treated,in100.vicreg.s0.e20f.ext,163,1.2708384099943537,1.0353007923143789,0.3667384523752152,2.4595264597766353,0.1568179710195009,0.023184476255499336
vicreg,treated,in100.vicreg.s0.e20f.ext,164,1.2591464468417282,1.0282106379065146,0.36171625258404044,2.4443324953507823,0.15680890116646867,0.026555819762268385
vicreg,treated,in100.vicreg.s0.e20f.ext,165,1.2530016020095898,1.0169084784398152,0.35645535463874006,2.4237569913416817,0.15889904623900858,0.028059433585578927
vicreg,treated,in100.vicreg.s0.e20f.ext,166,1.2446488531268858,1.0057079554074722,0.34430876839164615,2.4397174390113956,0.16007359579036445,0.027248195195288233
vicreg,treated,in100.vicreg.s0.e20f.ext,167,1.234447183695483,1.0094800814876856,0.3537489055760264,2.399115189456365,0.15847631804928358,0.03928755604834571
vicreg,treated,in100.vicreg.s0.e20f.ext,168,1.2246170023101568,0.9981007205511061,0.3448970708030662,2.3659590683182796,0.15695052570742957,0.035062950251360046
vicreg,treated,in100.vicreg.s0.e20f.ext,169,1.2164650299153446,0.9858297431960512,0.3314031168474053,2.3705165815758904,0.15954862150824403,0.02785002177119475
vicreg,treated,in100.vicreg.s0.e20f.ext,170,1.2099310013144515,1.003481205350194,0.3358038646877097,2.321049329814537,0.15855334296867585,0.017480122581574345
vicreg,treated,in100.vicreg.s0.e20f.ext,171,1.1990082758549199,0.9798885595370699,0.3353526038219917,2.3460424347011326,0.15817358419675606,0.03677827690607553
vicreg,treated,in100.vicreg.s0.e20f.ext,172,1.1959411942727627,0.9809397849881796,0.3400651739955888,2.326765536071239,0.15760662586311316,0.02983357670607907
vicreg,treated,in100.vicreg.s0.e20f.ext,173,1.1808832106343448,0.9729257790841437,0.33082859440559925,2.275886310999978,0.15328800390305916,0.03498494381569823
vicreg,treated,in100.vicreg.s0.e20f.ext,174,1.1799609589007969,0.9653472629331763,0.33638942771709535,2.279864294062394,0.1553895300348193,0.038675370821303526
vicreg,treated,in100.vicreg.s0.e20f.ext,175,1.1694962890978682,0.9535937479662625,0.33776806457914627,2.2701462771144985,0.1547846356790077,0.026774175106656
vicreg,treated,in100.vicreg.s0.e20f.ext,176,1.1592058402813,0.9438171835860607,0.3252738388939924,2.2683284467498894,0.15699136857600313,0.03592681393723166
vicreg,treated,in100.vicreg.s0.e20f.ext,177,1.1547724326601079,0.9370511590394123,0.32175658064379736,2.2469674528831063,0.16066182021962283,0.03668061142757146
vicreg,treated,in100.vicreg.s0.e20f.ext,178,1.1465447631497252,0.9411488427415886,0.3248776452769299,2.232205301393442,0.15464937158663253,0.025549843055176408
vicreg,treated,in100.vicreg.s0.e20f.ext,179,1.1401743767447634,0.9265899123570436,0.3164135355285904,2.2164846664108837,0.16078203463216498,0.023571495471653593
vicreg,treated,in100.vicreg.s0.e20f.ext,180,1.1334417004392228,0.9156908724712258,0.324396556627463,2.2170225595127024,0.15807682987543176,0.0353829154127835
vicreg,treated,in100.vicreg.s0.e20f.ext,181,1.1264953683485992,0.9183025820384685,0.3183875069493108,2.1821797194125847,0.15681098352173128,0.03286244546524501
vicreg,treated,in100.vicreg.s0.e20f.ext,182,1.1161601839556685,0.9127631681692283,0.32067720596300203,2.147512831979016,0.15615919539174294,0.026300122103774515
vicreg,treated,in100.vicreg.s0.e20f.ext,183,1.111851343832942,0.8966070331491653,0.31216157027833147,2.193574472686353,0.15761725510806543,0.03662516990760555
vicreg,treated,in100.vicreg.s0.e20f.ext,184,1.0992678777234888,0.9015137814549816,0.3136278154365415,2.1326461403214227,0.15444803734741278,0.029321364886139997
vicreg,treated,in100.vicreg.s0.e20f.ext,185,1.0941671326674667,0.9050452669574248,0.30013690846301416,2.1260222982698704,0.15584751010184775,0.03457875320430808
vicreg,treated,in100.vicreg.s0.e20f.ext,186,1.0914333093909658,0.9013735445033382,0.3188829664062055,2.1008139720250876,0.15375069494951135,0.028344453761113907
vicreg,treated,in100.vicreg.s0.e20f.ext,187,1.0879530515299012,0.885011583782933,0.30114922068563277,2.1346133281002655,0.16090784636095695,0.04065571185818942
vicreg,treated,in100.vicreg.s0.e20f.ext,188,1.0825015406319478,0.8853480394595228,0.30403114741248444,2.1052067054868187,0.15653219110465363,0.042331493334345396
vicreg,treated,in100.vicreg.s0.e20f.ext,189,1.0678327442212663,0.8666134028253666,0.29101286401016296,2.114617733598439,0.1567845183691072,0.028513735951865602
vicreg,treated,in100.vicreg.s0.e20f.ext,190,1.0661174871634402,0.8646843399094297,0.295605103478849,2.0880421919369003,0.15946704129032074,0.029556957391178695
vicreg,treated,in100.vicreg.s0.e20f.ext,191,1.058150934195806,0.8537097185416782,0.29912251212827107,2.071375927953924,0.15861976940829237,0.02712195875113458
vicreg,treated,in100.vicreg.s0.e20f.ext,192,1.0408739184049043,0.8366070318511261,0.29352675713977044,2.029067053335329,0.15953614891328352,0.029173749099367003
vicreg,treated,in100.vicreg.s0.e20f.ext,193,1.0397484042386604,0.8518143549748528,0.2933716368073912,2.0293821394946816,0.1560684455341663,0.038984357424126675
vicreg,treated,in100.vicreg.s0.e20f.ext,194,1.0345109982967895,0.8497597672514143,0.30007258025138484,1.9930442991126032,0.15593250505524256,0.03617250898498416
vicreg,treated,in100.vicreg.s0.e20f.ext,195,1.0278574038535895,0.8351531349057124,0.2836063385683111,1.9867564211691702,0.1608574384036429,0.043816379510167015
vicreg,treated,in100.vicreg.s0.e20f.ext,196,1.0164635233825234,0.8302781592296955,0.29094420630512025,1.9865912993191817,0.15746678943220865,0.03621472691061315
vicreg,treated,in100.vicreg.s0.e20f.ext,197,1.013570246631333,0.8239770693152418,0.2834439094426914,1.9822994123619104,0.15981669500986845,0.03969371535849725
vicreg,treated,in100.vicreg.s0.e20f.ext,198,1.0046444555483869,0.8196738192487865,0.2850397121125578,1.9489574545076251,0.15592935609895553,0.03417845846185566
vicreg,treated,in100.vicreg.s0.e20f.ext,199,1.0020340307194788,0.8245837987578875,0.2809141878775016,1.94025697700126,0.15636685539259626,0.04211594674374727
vicreg,treated,in100.vicreg.s0.e20f.ext,200,0.9916328966035863,0.8025971581990425,0.27719248987142536,1.9610388115708248,0.15675747463069986,0.04284693929820379
vicreg,treated,in100.vicreg.s0.e20f.ext,201,0.9838570715059421,0.8000149239786616,0.2751979889195836,1.9070066379039652,0.15973273307964367,0.03130684908781499
vicreg,treated,in100.vicreg.s0.e20f.ext,202,0.9824575891622158,0.8062546581230459,0.2799735278984834,1.9074232147021914,0.15630928138459307,0.05938527053009574
vicreg,treated,in100.vicreg.s0.e20f.ext,203,0.9742952431056355,0.7952889100684006,0.2732359747396264,1.9109717126636323,0.1556205929202494,0.03457016273483918
vicreg,treated,in100.vicreg.s0.e20f.ext,204,0.9697458266568724,0.7851097816987542,0.26635887954142895,1.9034287515886388,0.16069673080870478,0.04068864417313467
vicreg,treated,in100.vicreg.s0.e20f.ext,205,0.9603275635000975,0.7659784015762428,0.26125734964520003,1.9031345428423363,0.1630906996615762,0.030667421257459207
vicreg,treated,in100.vicreg.s0.e20f.ext,206,0.9582388583741803,0.7825685630125474,0.2712761822103645,1.863973690029713,0.15569070162653773,0.039462226283966347
vicreg,treated,in100.vicreg.s0.e20f.ext,207,0.9520172769575284,0.7742843605231282,0.26535456594789647,1.8705251132896952,0.1577251275087041,0.050345553760083296
vicreg,treated,in100.vicreg.s0.e20f.ext,208,0.9443074049125098,0.7614908181074489,0.2623209957537748,1.8399929866708777,0.16091941223957176,0.0348095400971684
vicreg,treated,in100.vicreg.s0.e20f.ext,209,0.9403670240367229,0.7542132277904654,0.2595277944740469,1.8510378222461579,0.15833188561071052,0.04305538297670022
vicreg,treated,in100.vicreg.s0.e20f.ext,210,0.9325954780704462,0.7545815944839834,0.26412262919843044,1.827222828861927,0.16001097033270614,0.03658772826227643
vicreg,treated,in100.vicreg.s0.e20f.ext,211,0.9299245671064786,0.7566044341736249,0.2616194865062109,1.809628640506947,0.15640282982025122,0.037467347192569396
vicreg,treated,in100.vicreg.s0.e20f.ext,212,0.9245724789114959,0.7388260188383469,0.2579183536947578,1.78868040295009,0.16307937237723089,0.0367449013589179
vicreg,treated,in100.vicreg.s0.e20f.ext,213,0.9212059974729827,0.7507677837344453,0.2562745435495273,1.8057758330641103,0.15536388345833033,0.0449311401443949
vicreg,treated,in100.vicreg.s0.e20f.ext,214,0.9118349566307772,0.7419897336309667,0.2512135368954503,1.7685294826214821,0.15768277262687153,0.04799688614223825
vicreg,treated,in100.vicreg.s0.e20f.ext,215,0.9056675618892658,0.7345851789372023,0.24504645248913978,1.7796288220892578,0.1584393965632711,0.037942762691499474
vicreg,treated,in100.vicreg.s0.e20f.ext,216,0.8971465949527884,0.7250362259150376,0.25434779873207825,1.771048861872394,0.15563187639241208,0.03673730928932093
vicreg,treated,in100.vicreg.s0.e20f.ext,217,0.896787675423046,0.729707770765176,0.2444892337717555,1.7609443680523227,0.15829153322942432,0.04083069143091032
vicreg,treated,in100.vicreg.s0.e20f.ext,218,0.8904150898380158,0.725607208439037,0.25259020926487363,1.7309337877344195,0.15917939368179848,0.037491204513574024
vicreg,treated,in100.vicreg.s0.e20f.ext,219,0.8832929661739517,0.7152549216169914,0.24865289926998843,1.7151904633357342,0.16204665977169633,0.03681430496360639
vicreg,treated,in100.vicreg.s0.e20f.ext,220,0.8803829010808681,0.7191049376847649,0.24378428056849308,1.725215290666418,0.16097120442268636,0.049034021223667644
vicreg,treated,in100.vicreg.s0.e20f.ext,221,0.8722548845982739,0.7093919000603577,0.24498954177316548,1.6963363223081664,0.1575966026824946,0.049581886531900474
vicreg,treated,in100.vicreg.s0.e20f.ext,222,0.863367948482815,0.6954940144861542,0.23709989839263737,1.7095818885313379,0.16211996862074246,0.03706559366203625
vicreg,treated,in100.vicreg.s0.e20f.ext,223,0.8609355038682502,0.692398647141858,0.2380003398732974,1.6807127718896673,0.16074831329550127,0.04270470467008312
vicreg,treated,in100.vicreg.s0.e20f.ext,224,0.8552843948464932,0.6973946820608256,0.23819105075193417,1.6663223436677082,0.15944006608920805,0.052291020441482434
vicreg,treated,in100.vicreg.s0.e20f.ext,225,0.8495617819951399,0.6927914471827128,0.2360963360932982,1.644195611764914,0.1597386790981389,0.041099796984877146
vicreg,treated,in100.vicreg.s0.e20f.ext,226,0.8427527122059909,0.6831291949601073,0.2379347775991577,1.6282404581113532,0.1611975869011679,0.050767493804685725
vicreg,treated,in100.vicreg.s0.e20f.ext,227,0.8351838730961653,0.6810405511695858,0.2282395047832937,1.6296045284833882,0.161262155810637,0.042248234431814066
vicreg,treated,in100.vicreg.s0.e20f.ext,228,0.8314036105313195,0.677953325334937,0.23424932086292416,1.609713540234288,0.1574424155765836,0.04578308822701762
vicreg,treated,in100.vicreg.s0.e20f.ext,229,0.8179667929005965,0.661840385857025,0.22342798320084797,1.613520189398408,0.16085659893277227,0.05131411919047333
vicreg,treated,in100.vicreg.s0.e20f.ext,230,0.8148520544439893,0.6568963765636007,0.23036651099131533,1.6027232531028535,0.16012463332709437,0.03862262760600118
vicreg,treated,in100.vicreg.s0.e20f.ext,231,0.8107713948280569,0.6558038896044958,0.22615845058265957,1.5783883137992494,0.16030745896345758,0.04964383980177618
vicreg,treated,in100.vicreg.s0.e20f.ext,232,0.8046878515083657,0.6515727663666,0.22148323395821154,1.5758309231555365,0.1605963411297713,0.04982512488971018
vicreg,treated,in100.vicreg.s0.e20f.ext,233,0.7947066329547621,0.6469511302397828,0.2230724092263276,1.545335243593802,0.1595145689495702,0.05112623893608461
vicreg,treated,in100.vicreg.s0.e20f.ext,234,0.7911502558514849,0.640338680400893,0.22087173735009563,1.5654627556423628,0.1541440816196029,0.04541573107284995
vicreg,treated,in100.vicreg.s0.e20f.ext,235,0.7859141277633037,0.6321199916172797,0.2102746335006016,1.5581904833130138,0.16228036330448067,0.054254340706254005
vicreg,treated,in100.vicreg.s0.e20f.ext,236,0.7815786420946853,0.6254207710150103,0.21864082058332518,1.5316365641646115,0.1611926233914947,0.043501661941302006
vicreg,treated,in100.vicreg.s0.e20f.ext,237,0.7751569943944218,0.6209164539154997,0.2115143944344685,1.529730233347352,0.1586589399747547,0.06311736917332961
vicreg,treated,in100.vicreg.s0.e20f.ext,238,0.7729324259499435,0.6235340251721375,0.21111692482903346,1.504797021272874,0.1618765741990504,0.050159393029722554
vicreg,treated,in100.vicreg.s0.e20f.ext,239,0.7643099935104268,0.6122119486338033,0.2067240294927485,1.5077290958797602,0.16245858053343948,0.04742925179505437
vicreg,treated,in100.vicreg.s0.e20f.ext,240,0.7557962742265221,0.6139437908906991,0.20623016819488352,1.5023580598497752,0.15577778832575842,0.04506172420502374
vicreg,treated,in100.vicreg.s0.e20f.ext,241,0.7528675708693513,0.6044627316465878,0.20225985078558234,1.4881860268541647,0.16030285705031228,0.05087752900010064
vicreg,treated,in100.vicreg.s0.e20f.ext,242,0.7482098596698411,0.614906253624161,0.21050869222032823,1.4604716279669803,0.156581062296973,0.047188485091416925
vicreg,treated,in100.vicreg.s0.e20f.ext,243,0.7429803797224012,0.6011745109959483,0.19972349658649963,1.4700996440164293,0.16357854649546408,0.05659900315699293
vicreg,treated,in100.vicreg.s0.e20f.ext,244,0.7340007724693356,0.5938767362095597,0.20223507482235498,1.4236322445118328,0.1608096522292897,0.051798655046753454
vicreg,treated,in100.vicreg.s0.e20f.ext,245,0.7291574533651153,0.5855308831780585,0.199960316765995,1.4292290700719255,0.16106499266924235,0.05470629558680612
vicreg,treated,in100.vicreg.s0.e20f.ext,246,0.7248346952280086,0.5858777587516366,0.19376194266363655,1.419754191764472,0.15976939867831993,0.06496567628049124
vicreg,treated,in100.vicreg.s0.e20f.ext,247,0.7224282203617685,0.5815334415812042,0.20166519053403215,1.4258644115653387,0.15984166514445206,0.07515147724812055
vicreg,treated,in100.vicreg.s0.e20f.ext,248,0.7179151601773984,0.5867868732217183,0.20396176095440435,1.4054100175630428,0.15683283086198496,0.06109218812631655
vicreg,treated,in100.vicreg.s0.e20f.ext,249,0.7176855932051495,0.5741769870771098,0.20067320583236206,1.4296370048205087,0.15883435689901065,0.06289882248217134
vicreg,treated,in100.vicreg.s0.e20f.ext,250,0.7115861454672414,0.5705112860643293,0.1956847497956973,1.407134676458103,0.16198107221109623,0.07134039278408814
vicreg,treated,in100.vicreg.s0.e20f.ext,251,0.7062561659533668,0.5680217767326381,0.1957611456354932,1.398812479435882,0.15893424906966816,0.061937257158188534
vicreg,treated,in100.vicreg.s0.e20f.ext,252,0.7003574088322461,0.5611880804965657,0.19568457948878348,1.3877328732810301,0.1602184456895479,0.05621203304231127
vicreg,treated,in100.vicreg.s0.e20f.ext,253,0.695058649181111,0.5529361528330747,0.18798453527722525,1.3708247988588413,0.16485109526834793,0.08367585214827095
vicreg,treated,in100.vicreg.s0.e20f.ext,254,0.6928213675200117,0.564949377641575,0.19471174540015448,1.3523214529766263,0.15695400836494805,0.06719714423799443
vicreg,treated,in100.vicreg.s0.e20f.ext,255,0.6865093076551492,0.5502911870311646,0.19595361643852954,1.3341933363802072,0.15996027471666596,0.07416396608624927
vicreg,treated,in100.vicreg.s0.e20f.ext,256,0.6851513190055523,0.5549144591525039,0.1867634093220686,1.3310103903502006,0.16378858897241838,0.05702457304005652
vicreg,treated,in100.vicreg.s0.e20f.ext,257,0.6818763281684044,0.5468282262686173,0.18460054192418957,1.3546963912225352,0.16488358853763682,0.06870141850851275
vicreg,treated,in100.vicreg.s0.e20f.ext,258,0.6748927635544756,0.5447064689045641,0.1791194809280568,1.310254187969716,0.16463131908396614,0.07293951917196063
vicreg,treated,in100.vicreg.s0.e20f.ext,259,0.6708107608156166,0.5359986153495946,0.1831125616330599,1.3258388266176908,0.16013166048126254,0.06493163202246001
vicreg,treated,in100.vicreg.s0.e20f.ext,260,0.6612180712028692,0.5289479332281721,0.17940238502197503,1.3041079059887277,0.16400885957116434,0.06298659821808114
vicreg,treated,in100.vicreg.s0.e20f.ext,261,0.656572528524087,0.527271337639214,0.1783310781981634,1.304426874776252,0.16126559677706115,0.08587121627897501
vicreg,treated,in100.vicreg.s0.e20f.ext,262,0.6524874696625393,0.5248311445344958,0.17727639469275505,1.2909037902070344,0.16340271403718276,0.07223476652029162
vicreg,treated,in100.vicreg.s0.e20f.ext,263,0.6449075070365898,0.5141753443272785,0.17478465434541993,1.2760502353516667,0.1634405535699121,0.07873645695631587
vicreg,treated,in100.vicreg.s0.e20f.ext,264,0.6418190617899039,0.5126413239232976,0.16967825569334916,1.279814470097787,0.16401847042956466,0.09219337323981319
vicreg,treated,in100.vicreg.s0.e20f.ext,265,0.637308873451907,0.5134144604312838,0.1770921834511652,1.2540729867463334,0.1608894664691232,0.0763014165657646
vicreg,treated,in100.vicreg.s0.e20f.ext,266,0.6278470159098809,0.504691509413598,0.1722167312298585,1.2478557897800424,0.1617022309939712,0.06901456654146476
vicreg,treated,in100.vicreg.s0.e20f.ext,267,0.6258401405498842,0.49618821674128843,0.16720046581547165,1.2366975161400255,0.16664856125175206,0.11907564964818473
vicreg,treated,in100.vicreg.s0.e20f.ext,268,0.6215439911187652,0.4938758057954089,0.16753344376766896,1.2370840456151282,0.16334036847887604,0.09316328059357491
vicreg,treated,in100.vicreg.s0.e20f.ext,269,0.6198622440866421,0.49925362264453976,0.17394294532355753,1.2202311699100765,0.161000803873681,0.08763586040576346
vicreg,treated,in100.vicreg.s0.e20f.ext,270,0.6182776435008773,0.49505039180830446,0.16823344163659232,1.2270323771606595,0.1607675268220434,0.11096039702627078
vicreg,treated,in100.vicreg.s0.e20f.ext,271,0.6101710092433362,0.4939246632051283,0.16522573437288557,1.202347059588258,0.15970541597287885,0.0759252578286936
vicreg,treated,in100.vicreg.s0.e20f.ext,272,0.6050600511680624,0.4771889079884556,0.1675690935909877,1.2015791535352969,0.1632871703030986,0.07780027677480755
vicreg,treated,in100.vicreg.s0.e20f.ext,273,0.5977168273817773,0.4822849613971244,0.16670141490444176,1.1674807091301134,0.16065985362168425,0.08395093849679626
vicreg,treated,in100.vicreg.s0.e20f.ext,274,0.594998715323121,0.47821276686261815,0.16572731117556694,1.1669310869589877,0.15826404847519265,0.07341305059765928
vicreg,treated,in100.vicreg.s0.e20f.ext,275,0.5898529187225187,0.47012868483039927,0.16604132347311795,1.1700648474939979,0.16098131042580593,0.11060655498168576
vicreg,treated,in100.vicreg.s0.e20f.ext,276,0.5835077189164702,0.47520095787341354,0.15870228218369006,1.148616988120091,0.15964089096242415,0.09150048738649348
vicreg,treated,in100.vicreg.s0.e20f.ext,277,0.5791359221879608,0.46449245374082937,0.15680351835540096,1.1377073528926323,0.1622444975596096,0.08160148490828861
vicreg,treated,in100.vicreg.s0.e20f.ext,278,0.5736719766406326,0.4620241785811206,0.15286981911645378,1.1387993340397502,0.1622867687879004,0.10682308927715954
vicreg,treated,in100.vicreg.s0.e20f.ext,279,0.567934636733002,0.45226043426495816,0.15008806604352432,1.1416556988330804,0.16136853747572416,0.08040363258666144
vicreg,treated,in100.vicreg.s0.e20f.ext,280,0.5631264219621054,0.4446793674351709,0.15041028842912832,1.117137259540677,0.17062977675579,0.1033044123007581
vicreg,treated,in100.vicreg.s0.e20f.ext,281,0.5607192109313851,0.4455456677384803,0.15021796531611248,1.1117939133102044,0.1659464009287721,0.0973746464864582
vicreg,treated,in100.vicreg.s0.e20f.ext,282,0.5510894614180346,0.43549757847943826,0.1449481044829272,1.1054860703707536,0.16320287952466092,0.10088985485414412
vicreg,treated,in100.vicreg.s0.e20f.ext,283,0.5492600604522261,0.4380842978656622,0.14839323804467786,1.097449206980867,0.1655555781420636,0.09764562502140876
vicreg,treated,in100.vicreg.s0.e20f.ext,284,0.5457020672093753,0.4292299521883056,0.14813805150132398,1.0955445031913629,0.16766146253828873,0.08721754963679793
vicreg,treated,in100.vicreg.s0.e20f.ext,285,0.5388034582368583,0.4329114893528395,0.14664647985932738,1.0501383228975725,0.1701934540942091,0.16415727194663007
vicreg,treated,in100.vicreg.s0.e20f.ext,286,0.5371781866389411,0.42722371540362436,0.14448626423995573,1.062546579789044,0.16252239894327214,0.10246492163675663
vicreg,treated,in100.vicreg.s0.e20f.ext,287,0.5318107926237227,0.4181579137244579,0.14068424193707887,1.0525172916696384,0.17218494297803738,0.11971268448673576
vicreg,treated,in100.vicreg.s0.e20f.ext,288,0.5240612691619624,0.4051111741011193,0.1332345496562173,1.0513555422741314,0.17363935213688353,0.10935114730547045
vicreg,treated,in100.vicreg.s0.e20f.ext,289,0.5193640674150144,0.4071637429157358,0.13688968998711049,1.0297878049782982,0.17371577455800027,0.07624422291345236
vicreg,treated,in100.vicreg.s0.e20f.ext,290,0.5139004331444837,0.4105444394759743,0.13875675312739089,1.0139766284549756,0.1661820370691558,0.13807051422198144
vicreg,treated,in100.vicreg.s0.e20f.ext,291,0.5113404711042715,0.4121011814116744,0.13728427264604906,1.0114324782300892,0.16344261939487226,0.1301608565083418
vicreg,treated,in100.vicreg.s0.e20f.ext,292,0.5086416852465161,0.40440304995779497,0.13631393282015972,1.0122340401947312,0.16902134000280422,0.11782949573975313
vicreg,treated,in100.vicreg.s0.e20f.ext,293,0.506763835906631,0.3973867933057371,0.13461355534573644,1.0103855782743132,0.17249304558103615,0.08027171108593097
vicreg,treated,in100.vicreg.s0.e20f.ext,294,0.5025235645005264,0.39978261005962645,0.13778911329775995,0.9924873534845996,0.16577056427216508,0.13706124537892772
vicreg,treated,in100.vicreg.s0.e20f.ext,295,0.4939532605344913,0.39056458301977026,0.12987493470227277,0.9856942620052589,0.16561002329068766,0.1565359717220367
vicreg,treated,in100.vicreg.s0.e20f.ext,296,0.49074838543688243,0.3941471670155655,0.13415714133092427,0.9721684983843765,0.16411672309184513,0.10686033084824015
vicreg,treated,in100.vicreg.s0.e20f.ext,297,0.48707798497090177,0.38923437321431353,0.13083115306645432,0.9741264876005356,0.1647748838524831,0.12294705838016413
vicreg,treated,in100.vicreg.s0.e20f.ext,298,0.4825681663212176,0.37545914020128035,0.1248836054807037,0.9754863221735415,0.1685284508406468,0.10674522722874903
vicreg,treated,in100.vicreg.s0.e20f.ext,299,0.4768945396870517,0.37070382576449135,0.13055730026008622,0.941834548412389,0.1739893025540832,0.14733052570841668
vicreg,treated,in100.vicreg.s0.e20f.ext,300,0.46984458192656753,0.36796903763428906,0.12179711333209162,0.9332845695836175,0.16940941105545188,0.17659254822348225
vicreg,treated,in100.vicreg.s0.e20f.ext,301,0.469065236739482,0.36921691906379606,0.12170293608247133,0.9222426515625116,0.17049341329835663,0.1396625207198181
vicreg,treated,in100.vicreg.s0.e20f.ext,302,0.46046517637417056,0.3580391758351598,0.12296150938587509,0.9161736542738629,0.17355099050671882,0.1594199171400561
vicreg,treated,in100.vicreg.s0.e20f.ext,303,0.4561694578112915,0.35703870227732537,0.12348776409596271,0.9058020643261154,0.16714761526544503,0.15963523288324433
vicreg,treated,in100.vicreg.s0.e20f.ext,304,0.45389031264208807,0.35674843887449104,0.1201817076484256,0.9037406156561831,0.17055990890592473,0.18790119127661423
vicreg,treated,in100.vicreg.s0.e20f.ext,305,0.4489012505396847,0.3538608556048357,0.11589594534140435,0.900784970507613,0.17000695270652375,0.1374698561433202
vicreg,treated,in100.vicreg.s0.e20f.ext,306,0.4467387873543376,0.33548732554860416,0.10953901909226066,0.890548089411378,0.19554511823196374,0.21050847187979854
vicreg,treated,in100.vicreg.s0.e20f.ext,307,0.4407149109408881,0.3481815148808785,0.11414662258783423,0.8761164729224901,0.169453861440023,0.12009429253041956
vicreg,treated,in100.vicreg.s0.e20f.ext,308,0.4292785457976993,0.33917262695199873,0.1127045046911071,0.8585943062397737,0.16899981527723124,0.1474182328365442
vicreg,treated,in100.vicreg.s0.e20f.ext,309,0.42716673871002614,0.33810831244701633,0.1164972121711245,0.8270910717344514,0.17186221902936802,0.1583333204225724
vicreg,treated,in100.vicreg.s0.e20f.ext,310,0.42525242239321587,0.3320770002252962,0.11308196856134993,0.8445420553764742,0.1728660016921236,0.20744451144514722
vicreg,treated,in100.vicreg.s0.e20f.ext,311,0.416725581702397,0.32462471881355726,0.10875273109340691,0.8359111327005474,0.17195062651626275,0.16988378884807212
vicreg,treated,in100.vicreg.s0.e20f.ext,312,0.4139247598247926,0.3280925282693211,0.10799066124474062,0.829875329654431,0.16881730517783464,0.15577169092645582
vicreg,treated,in100.vicreg.s0.e20f.ext,313,0.4127369367596828,0.3148180498653804,0.10493872073574727,0.8247253012921563,0.1863855465705769,0.2143502311716098
vicreg,treated,in100.vicreg.s0.e20f.ext,314,0.40780800086514357,0.3250236274370758,0.10661962905935449,0.8198637435144892,0.16843931662561404,0.18582472897882296
vicreg,treated,in100.vicreg.s0.e20f.ext,315,0.3976289978980213,0.3097972468699216,0.10343143517333023,0.8021999690231819,0.17359606618224868,0.19491817403003114
vicreg,treated,in100.vicreg.s0.e20f.ext,316,0.3944010254162645,0.30178301253847895,0.10157527520256963,0.787658828163811,0.18262201401436154,0.19332748707744427
vicreg,treated,in100.vicreg.s0.e20f.ext,317,0.3891679388977543,0.3030304378417722,0.1014881686161437,0.7671508063117729,0.1759450352594011,0.20031715409057138
vicreg,treated,in100.vicreg.s0.e20f.ext,318,0.3853516272016948,0.2984570551444519,0.09946550588783874,0.7691774396326995,0.17629668248761673,0.20883044896752018
vicreg,treated,in100.vicreg.s0.e20f.ext,319,0.38285437949955115,0.2816581099418677,0.09363206939340143,0.782132846122211,0.1918212275915884,0.2343832611556651
vicreg,treated,in100.vicreg.s0.e20f.ext,320,0.3735342183181106,0.296903063259498,0.09702432706826929,0.7349526291606181,0.17110005489972308,0.1893575971597712
vicreg,treated,in100.vicreg.s0.e20f.ext,321,0.3684406702632959,0.290643106873665,0.09903050221525903,0.7351352872965572,0.16748034582293692,0.20998362876280133
vicreg,treated,in100.vicreg.s0.e20f.ext,322,0.365485989405797,0.2779490229208269,0.08862623987978549,0.7342550661679542,0.1865001518395286,0.3239896656968913
vicreg,treated,in100.vicreg.s0.e20f.ext,323,0.36300759891125167,0.2751219399537738,0.09185173046354651,0.7377799444719063,0.1773258901111067,0.19055762355410713
vicreg,treated,in100.vicreg.s0.e20f.ext,324,0.3595872204413433,0.27882735050329743,0.0922495596999185,0.7136425032749142,0.1765253976116131,0.1912251767984778
vicreg,treated,in100.vicreg.s0.e20f.ext,325,0.3540564655162004,0.26101504140143283,0.0849957530619335,0.7172592190987608,0.19334524658421018,0.27248259299329636
vicreg,treated,in100.vicreg.s0.e20f.ext,326,0.34987092651649904,0.26207923561730273,0.08552248295094719,0.7022998602691585,0.19025593125691057,0.2435944758610539
vicreg,treated,in100.vicreg.s0.e20f.ext,327,0.348443451765926,0.26496515416089406,0.08819414327435521,0.700127265867278,0.1815408004535364,0.2528736351159732
vicreg,treated,in100.vicreg.s0.e20f.ext,328,0.33834980553084765,0.24997214870276424,0.08145189232207524,0.6814721866309968,0.2000414666681443,0.29759938378301365
vicreg,treated,in100.vicreg.s0.e20f.ext,329,0.3350946963442535,0.25548329048928947,0.08543530888088119,0.6745777632981962,0.1843529565226313,0.23234541356516974
vicreg,treated,in100.vicreg.s0.e20f.ext,330,0.3328703592494304,0.2461415818343433,0.07936751501968912,0.669849194829827,0.2011076011559633,0.3094798114625101
vicreg,treated,in100.vicreg.s0.e20f.ext,331,0.3275951818297562,0.24744896337340577,0.0807884137488021,0.6615893127665314,0.18548909500787342,0.19730887395940475
vicreg,treated,in100.vicreg.s0.e20f.ext,332,0.32501759105365646,0.2379043235746499,0.07822779434761212,0.6567722023435557,0.20440278060029657,0.32700724303333817
vicreg,treated,in100.vicreg.s0.e20f.ext,333,0.3190994683114726,0.24831493533410984,0.0796023408867756,0.6494120645901043,0.17652695003120653,0.26302068597893286
vicreg,treated,in100.vicreg.s0.e20f.ext,334,0.3184561583031646,0.228025000580027,0.07250516002521548,0.655716744533722,0.20717944641638136,0.337502085777822
vicreg,treated,in100.vicreg.s0.e20f.ext,335,0.30801986080530663,0.2261276696514419,0.07317608118633659,0.6212275799614853,0.19983224303243297,0.2983445306897519
vicreg,treated,in100.vicreg.s0.e20f.ext,336,0.30069604518185106,0.2264437289372411,0.07413448543884013,0.604976160239216,0.18714432931116193,0.33583887458893896
vicreg,treated,in100.vicreg.s0.e20f.ext,337,0.2972266404449465,0.22594436994272793,0.07260456381558521,0.5967330414969465,0.19197789858541842,0.3318729956215861
vicreg,treated,in100.vicreg.s0.e20f.ext,338,0.2902713561450445,0.21242050498043602,0.06708120568396686,0.602804022686275,0.1941981577860009,0.3639032948022449
vicreg,treated,in100.vicreg.s0.e20f.ext,339,0.28765855835670884,0.20013813378814957,0.06826014357569071,0.5680692126997752,0.22981614610521053,0.4198703222601654
vicreg,treated,in100.vicreg.s0.e20f.ext,340,0.28594639357984125,0.2060036026331602,0.0661369101978837,0.5734727167840243,0.21086185739262459,0.3271262221249811
vicreg,treated,in100.vicreg.s0.e20f.ext,341,0.28043550244232085,0.20090618721949238,0.06287024002629905,0.5720754845123718,0.20592027845650174,0.31200363441233286
vicreg,treated,in100.vicreg.s0.e20f.ext,342,0.2769095788781724,0.20684165417709288,0.06737890876446656,0.5601076496389971,0.19614630712448636,0.344294026701003
vicreg,treated,in100.vicreg.s0.e20f.ext,343,0.27345929277137354,0.19224499528447578,0.06039653331632086,0.5455659128651842,0.22860933378423878,0.4350207992088726
vicreg,treated,in100.vicreg.s0.e20f.ext,344,0.2668412571952087,0.19868630604165782,0.061896441028428145,0.5350873503575426,0.19546972690476158,0.3387383644515021
vicreg,treated,in100.vicreg.s0.e20f.ext,345,0.2650933189372278,0.1815996491243485,0.05734366432993717,0.547467203107484,0.22237642375684977,0.3960254818820851
vicreg,treated,in100.vicreg.s0.e20f.ext,346,0.25929313574553287,0.18755423774193003,0.06087534489863814,0.5258827589382703,0.20589336383409576,0.35062123086954694
vicreg,treated,in100.vicreg.s0.e20f.ext,347,0.2558078486424083,0.1820845717240152,0.058408871405902806,0.5217040065347491,0.2124869057946834,0.45944532179745146
vicreg,treated,in100.vicreg.s0.e20f.ext,348,0.2542070080892178,0.18460726552672604,0.05689094714205923,0.5259864220386306,0.1983811393403957,0.3610830758883561
vicreg,treated,in100.vicreg.s0.e20f.ext,349,0.24959448428637876,0.17392517803360918,0.056752587052363586,0.4926093940665468,0.22777161552786232,0.42953546757260463
vicreg,treated,in100.vicreg.s0.e20f.ext,350,0.24775152970862124,0.1704136552965117,0.05396599918375217,0.488451536524573,0.24220332328029287,0.4413476423179395
vicreg,treated,in100.vicreg.s0.e20f.ext,351,0.24447142759577611,0.17252078805074725,0.05652794168170586,0.4903341423076508,0.21365082558214146,0.40713859071523745
vicreg,treated,in100.vicreg.s0.e20f.ext,352,0.23800537389101756,0.16669572195082338,0.05163434806311955,0.49723546161831206,0.2106817804295719,0.4199514877958794
vicreg,treated,in100.vicreg.s0.e20f.ext,353,0.23441018352060336,0.16810472693156062,0.05205103916083026,0.4850927946447291,0.2115120968074024,0.43710408661093014
vicreg,treated,in100.vicreg.s0.e20f.ext,354,0.2294453248186933,0.15928358256528025,0.050565124659560624,0.4607400780854773,0.23010750381294823,0.4647094461756228
vicreg,treated,in100.vicreg.s0.e20f.ext,355,0.22730290771479392,0.16003195489319638,0.04946635934215878,0.47469482105327626,0.20889498619673058,0.42706239939111357
vicreg,treated,in100.vicreg.s0.e20f.ext,356,0.22428954319833502,0.14157609559109882,0.04431160587750477,0.4656054736126184,0.2589021486518832,0.491509896990406
vicreg,treated,in100.vicreg.s0.e20f.ext,357,0.2174521971718262,0.15719971205725908,0.046652626527866906,0.45807426198286666,0.19716070957855789,0.43204470298800546
vicreg,treated,in100.vicreg.s0.e20f.ext,358,0.21251772728319865,0.1356164673891917,0.04039539867142449,0.4388368165669563,0.25993885476178835,0.48757979058478995
vicreg,treated,in100.vicreg.s0.e20f.ext,359,0.20518308405567398,0.1442962798288924,0.043629435625854696,0.4213165757477569,0.22191590254669158,0.5084770468673672
vicreg,treated,in100.vicreg.s0.e20f.ext,360,0.20338988069318897,0.1416950424629525,0.04454514979062595,0.4162211463420678,0.22321748099606156,0.4341754171898782
vicreg,treated,in100.vicreg.s0.e20f.ext,361,0.19809446769305888,0.13265450202948137,0.04010024877252945,0.41372654714052776,0.23823529116347658,0.49944949589826637
vicreg,treated,in100.vicreg.s0.e20f.ext,362,0.19030334385232608,0.1275797294473366,0.040518543139289744,0.38037427175259314,0.24354022460045346,0.5060730364025585
vicreg,treated,in100.vicreg.s0.e20f.ext,363,0.18779367267195288,0.11954754968989403,0.037763993415146545,0.374658311257356,0.27262596494811353,0.548665730801558
vicreg,treated,in100.vicreg.s0.e20f.ext,364,0.18525235946744065,0.12914688736990765,0.039645845910595806,0.3790429073166349,0.22609784793121784,0.47602694052198535
vicreg,treated,in100.vicreg.s0.e20f.ext,365,0.1820208271633269,0.12154936405055794,0.03627799713991434,0.36925298010681906,0.2463895903971554,0.531520532747228
vicreg,treated,in100.vicreg.s0.e20f.ext,366,0.17569054861640207,0.11318736392182377,0.035173998559756364,0.34327035778375137,0.2722247605118306,0.49455417840266513
vicreg,treated,in100.vicreg.s0.e20f.ext,367,0.16900518059586767,0.10283627653937977,0.0316098103543931,0.35147905544247887,0.27455008672042736,0.510160584303912
vicreg,treated,in100.vicreg.s0.e20f.ext,368,0.16279973037393844,0.09794993700022239,0.0297066560786856,0.3205125617522724,0.2922884303521698,0.499035817828934
vicreg,treated,in100.vicreg.s0.e20f.ext,369,0.15900706171099846,0.09243762546775863,0.02829387325433493,0.31949904875218077,0.2993585410713509,0.5818837654663654
vicreg,treated,in100.vicreg.s0.e20f.ext,370,0.15641883814159666,0.0795906347078328,0.024991024298343986,0.28589858605493795,0.3751935662868332,0.5476177043718846
vicreg,treated,in100.vicreg.s0.e20f.ext,371,0.1516651300325521,0.10343634240385721,0.029807996207109437,0.32482237433697225,0.21797343272176145,0.4208456316871823
vicreg,treated,in100.vicreg.s0.e20f.ext,372,0.14648550221831175,0.06710636303345385,0.021245915390944812,0.24638188461324725,0.4329981061160251,0.6052015051005715
vicreg,treated,in100.vicreg.s0.e20f.ext,373,0.14542647324356817,0.08985889190026336,0.026775908410794486,0.29888179583884766,0.2741766504210877,0.5129402739299384
vicreg,treated,in100.vicreg.s0.e20f.ext,374,0.13611294321339967,0.08093811842785972,0.023884042664921157,0.27367600831761973,0.2959800201971463,0.5331637874538881
vicreg,treated,in100.vicreg.s0.e20f.ext,375,0.13096714024399447,0.07587980171375061,0.02235622006483394,0.2772890729355241,0.28239444715692513,0.4924946120830034
vicreg,treated,in100.vicreg.s0.e20f.ext,376,0.12544400249656246,0.073005985329446,0.020980654513012398,0.2725177659762019,0.281399349992915,0.5559220675421499
vicreg,treated,in100.vicreg.s0.e20f.ext,377,0.12095444667119672,0.06998489524572823,0.020980412150033642,0.2416264368537252,0.3044045468867557,0.6536966398470697
vicreg,treated,in100.vicreg.s0.e20f.ext,378,0.1144951367269885,0.05144587557921014,0.015301861932040616,0.2044691647102177,0.42688832038271823,0.7115019309264008
vicreg,treated,in100.vicreg.s0.e20f.ext,379,0.10780009695867755,0.04994235062454858,0.01475829606791125,0.18822359840325165,0.41900151249916867,0.5953668460631202
vicreg,treated,in100.vicreg.s0.e20f.ext,380,0.09835207175008102,0.05747816768229763,0.014263828842903,0.22878129104910822,0.2550637142109819,0.7492159746056858
vicreg,treated,in100.vicreg.s0.e20f.ext,381,0.08633444809120688,0.05561676323827705,0.015130650475491229,0.19070465522131091,0.23746530790448755,0.5775756457643986
vicreg,treated,in100.vicreg.s0.e20f.ext,382,0.05654532666380327,0.036322188351951085,0.010236652351667838,0.12477938197425512,0.23279390547636652,0.7627890370468846
simclr,control,in100.simclr.s0.ext,0,9.554452857819191,9.12538478547166,1.1719409048598521,17.783162329514234,0.12313430527055841,0.06006760066094314
simclr,control,in100.simclr.s0.ext,1,4.0408004324511415,3.3735334152297165,1.24517604895519,7.726848277300604,0.14883804541161655,0.044802331530760096
simclr,control,in100.simclr.s0.ext,2,3.9371184918496915,3.0878987425104922,1.1671149611238467,7.602865923306104,0.1745992990344722,0.04645975099550109
simclr,control,in100.simclr.s0.ext,3,3.036894526302063,2.5222622386903297,1.0240368461886504,5.656720900104218,0.14798634218695678,0.05288658682206971
simclr,control,in100.simclr.s0.ext,4,2.9331082883719732,2.2447265602714745,0.8406551973551484,5.7885926368114395,0.1811788186603528,0.04362190680306017
simclr,control,in100.simclr.s0.ext,5,2.4548963864587328,1.9495216918746523,0.7652793073182883,4.597875681334682,0.1769925010645962,0.05627588888880763
simclr,control,in100.simclr.s0.ext,6,2.3987197835128136,1.9686088438058347,0.795530772648698,4.45105525563968,0.15947299837355966,0.0509504000829451
simclr,control,in100.simclr.s0.ext,7,2.218248925210706,1.7682674938269431,0.6655503158956034,4.237835874325622,0.1660067586459383,0.04103615882593921
simclr,control,in100.simclr.s0.ext,8,2.060311395420412,1.6023666626347557,0.6233553511836392,3.9640957341238447,0.17840218861667542,0.04276199778313132
simclr,control,in100.simclr.s0.ext,9,1.9916398999759308,1.6116211781343992,0.6150783669392794,3.856027581367835,0.16152530144225846,0.044951949765048675
simclr,control,in100.simclr.s0.ext,10,1.9646878902746454,1.613424774716199,0.6049501173912049,3.775115194870104,0.15689475014925996,0.04245367041770266
simclr,control,in100.simclr.s0.ext,11,1.9002285486463406,1.4616443545507378,0.5506308769978482,3.670484510572793,0.18348097509354055,0.04779136553945725
simclr,control,in100.simclr.s0.ext,12,1.8317739660871117,1.4107532367144318,0.5255019755582121,3.406701385592887,0.1931418365809699,0.06399014474524263
simclr,control,in100.simclr.s0.ext,13,1.8194455301394028,1.4494643598216206,0.5602518757894908,3.4751661821528566,0.16902037780481072,0.04994180641306568
simclr,control,in100.simclr.s0.ext,14,1.7855210794355312,1.431647861976653,0.5383851304777747,3.389773622661899,0.17043906632290337,0.04239403631349717
simclr,control,in100.simclr.s0.ext,15,1.7471973774394347,1.439724456596355,0.5420008929081446,3.302085558960394,0.1545659327457105,0.043855017310246304
simclr,control,in100.simclr.s0.ext,16,1.709165265673427,1.3863252035748808,0.5269835176948567,3.3078542480842414,0.15762749096033518,0.043511991977648296
simclr,control,in100.simclr.s0.ext,17,1.6969015716694085,1.3249908075160874,0.49983119382824237,3.2494918413541813,0.18406730000420962,0.037275108125698515
simclr,control,in100.simclr.s0.ext,18,1.6597000820723447,1.3528022284330778,0.5073138101773905,3.1877495224810257,0.15596365493533715,0.04434019334996211
simclr,control,in100.simclr.s0.ext,19,1.6301182073253293,1.3341364820571018,0.5061339589787276,3.1265342409284664,0.1579967760822058,0.04709859220225919
simclr,control,in100.simclr.s0.ext,20,1.6024873853667327,1.3133471901190834,0.5094710478664962,3.026277359205963,0.15405276010986818,0.046997631232345745
simclr,control,in100.simclr.s0.ext,21,1.5906462481105292,1.2909094378357608,0.4743118794066921,3.0463363892149737,0.15847610618121677,0.03779265406941489
simclr,control,in100.simclr.s0.ext,22,1.5675373574714044,1.2764639288389743,0.486343046760682,2.995057321358874,0.15777927218921084,0.05111968468818362
simclr,control,in100.simclr.s0.ext,23,1.5353918308388441,1.2518234813217939,0.48075128631078584,2.9437874877242303,0.15793041660954915,0.050764910223451726
simclr,control,in100.simclr.s0.ext,24,1.479071680608237,1.1856736781395067,0.4512100366865113,2.856409307321719,0.16523202987521765,0.03608847781627694
simclr,control,in100.simclr.s0.ext,25,1.4652771581956159,1.1834354692228792,0.4679855507555142,2.831673968173736,0.15869671722105927,0.048198645575871876
simclr,control,in100.simclr.s0.ext,26,1.4543290459784979,1.178860249119753,0.4535242982315907,2.7576358076364063,0.16145292626473134,0.05283255781906011
simclr,control,in100.simclr.s0.ext,27,1.4145431526020071,1.1283341221567138,0.4298895582710437,2.7293013071159034,0.16351077226251728,0.054684906724442595
simclr,control,in100.simclr.s0.ext,28,1.374146572785539,1.1264256340928154,0.42125176114309554,2.657673720632237,0.15674100658562312,0.05233207385087401
simclr,control,in100.simclr.s0.ext,29,1.3734348682300257,1.1091185438016378,0.4186273058592188,2.612824893813435,0.16176172280997575,0.06350983687047536
simclr,control,in100.simclr.s0.ext,30,1.3693212272694324,1.122267483034166,0.41614299926120285,2.6273723936038307,0.15459664107515386,0.05051161966849663
simclr,control,in100.simclr.s0.ext,31,1.3165637470659304,1.0548128423028205,0.3976607376205868,2.5522844895835015,0.16335124258570524,0.05674302605039308
simclr,control,in100.simclr.s0.ext,32,1.3018688570268935,1.0615495422335313,0.4035225482241028,2.509351341630081,0.15755914490516523,0.0640596385023281
simclr,control,in100.simclr.s0.ext,33,1.2915226139633642,1.0411808053861416,0.40027012884430935,2.46080687891934,0.15932273595471882,0.06375973894663234
simclr,control,in100.simclr.s0.ext,34,1.2855723492187583,1.0538666697266434,0.3892875315128725,2.4620857192635595,0.15824719336210208,0.06172113556737707
simclr,control,in100.simclr.s0.ext,35,1.2514720131476256,1.0210985398556742,0.375973608612429,2.419793919231408,0.1619374122113172,0.05900208807796745
simclr,control,in100.simclr.s0.ext,36,1.2389375216090526,1.0035094059514658,0.370397026112812,2.3848824890259617,0.16124990824787971,0.05600297330874723
simclr,control,in100.simclr.s0.ext,37,1.2252931828162925,0.9902252140721975,0.3766665445935604,2.3265777947980726,0.16093619319148747,0.061184633116664736
simclr,control,in100.simclr.s0.ext,38,1.1939176863813548,0.9661603774844116,0.3671575186974806,2.275426939845765,0.16034023678357254,0.06934750474362604
simclr,control,in100.simclr.s0.ext,39,1.188156745383305,0.9390696341744409,0.3483397761200503,2.3031778631584756,0.17002435195429605,0.10031015146152536
simclr,control,in100.simclr.s0.ext,40,1.1700670851203576,0.9457757707638654,0.35300466505522904,2.26267198828171,0.16222701302894882,0.07149606971167477
simclr,control,in100.simclr.s0.ext,41,1.1579154430353653,0.9282016905954542,0.35323573084604676,2.2267117479696745,0.15860122067584725,0.056723356015359945
simclr,control,in100.simclr.s0.ext,42,1.130785858851116,0.9134717863320112,0.3412342589210989,2.1712685547235138,0.16345490082619793,0.0644590566279108
simclr,control,in100.simclr.s0.ext,43,1.1054881247885575,0.8780179829492443,0.3254077146884118,2.137021703493091,0.17056721384012297,0.07607214051237504
simclr,control,in100.simclr.s0.ext,44,1.1026754889943406,0.8882860197074938,0.32426082973236403,2.1461584324220273,0.16348898491890468,0.07393385139484292
simclr,control,in100.simclr.s0.ext,45,1.0796339422434065,0.8727529955925842,0.3215621483260692,2.074674043868254,0.16400749747542348,0.07531980941064585
simclr,control,in100.simclr.s0.ext,46,1.072776719500126,0.8665730179468007,0.32573737076496456,2.0804710839409,0.16184293728851892,0.06672551246252086
simclr,control,in100.simclr.s0.ext,47,1.0386669831253172,0.8285635596471124,0.30185289795897224,2.0301433993379323,0.16426510476327447,0.07890033602553348
simclr,control,in100.simclr.s0.ext,48,1.0291811520399685,0.8208346333345717,0.31256563938258497,1.984589075820442,0.1645105404322179,0.08254530729390423
simclr,control,in100.simclr.s0.ext,49,1.0085125788597111,0.8151116561339109,0.2994113042812216,1.9483326845614524,0.15905560859513895,0.0683096605339001
simclr,control,in100.simclr.s0.ext,50,0.9930803855756967,0.7969625765861583,0.28912461573944165,1.956385846611676,0.16203380235706452,0.08012900354542563
simclr,control,in100.simclr.s0.ext,51,0.9752979455548628,0.7913608073999789,0.283206156169082,1.8926342597900825,0.1600913163597154,0.07944228069304816
simclr,control,in100.simclr.s0.ext,52,0.9576806966008911,0.766060029640198,0.2932851969788364,1.8519206869273548,0.1606903021969658,0.09682524414901217
simclr,control,in100.simclr.s0.ext,53,0.9495970777772699,0.7662907464744282,0.2848474883926003,1.8240042705278485,0.16128761946562528,0.07764316523010431
simclr,control,in100.simclr.s0.ext,54,0.926886025679693,0.7416807568717106,0.27866981269965635,1.8151080293639577,0.15830080789376755,0.059651576873503
simclr,control,in100.simclr.s0.ext,55,0.922480572313821,0.745667543825044,0.27885883078575324,1.7787318818232707,0.1603617877027937,0.08854919229793326
simclr,control,in100.simclr.s0.ext,56,0.9134099307440686,0.7454004035634194,0.27558299138602044,1.7458169297276436,0.1583453662473782,0.09779436393393506
simclr,control,in100.simclr.s0.ext,57,0.9063404477441385,0.7247959512555586,0.2651508821891283,1.7625711531205634,0.16452162608607143,0.09679914283752408
simclr,control,in100.simclr.s0.ext,58,0.8889882882131639,0.7107651480292967,0.2678823988478413,1.7152006134179074,0.1660492470406076,0.0972761296152273
simclr,control,in100.simclr.s0.ext,59,0.8798594660225223,0.7043720326138978,0.2585638707780146,1.7127135459572735,0.16486023583185722,0.08373683765562358
simclr,control,in100.simclr.s0.ext,60,0.8568284745986637,0.6723433288184827,0.24134411756666768,1.689540997853301,0.1688194401647616,0.0818880402043677
simclr,control,in100.simclr.s0.ext,61,0.8454924984539463,0.6803712798182037,0.25833812448821536,1.6325748668451345,0.1605414992206583,0.10802586574141587
simclr,control,in100.simclr.s0.ext,62,0.8426931174536468,0.6612308529388229,0.2458701198332718,1.6540637622199261,0.16728158390330883,0.09492884275700222
simclr,control,in100.simclr.s0.ext,63,0.8166819656525589,0.6524087068828444,0.24115803572052777,1.574070733499337,0.16570877049035665,0.10483300903419876
simclr,control,in100.simclr.s0.ext,64,0.8060092454540992,0.6338592983094283,0.23373213853669042,1.5944892256205045,0.16651950488114622,0.11048925137754356
simclr,control,in100.simclr.s0.ext,65,0.7901425305061414,0.6322178805017935,0.23573505925312555,1.5410970124873224,0.16124743949087172,0.1076060877509908
simclr,control,in100.simclr.s0.ext,66,0.7764938709357291,0.6153850233059467,0.22669908177435608,1.5275620651084216,0.16591222762856914,0.1203159214021369
simclr,control,in100.simclr.s0.ext,67,0.7715730852028007,0.6118762603920423,0.22317281119798438,1.5104669732942093,0.1654060756029149,0.07280590788395189
simclr,control,in100.simclr.s0.ext,68,0.7600706748038114,0.5952521962992141,0.21831468451942668,1.5168492832020481,0.168603456373683,0.12826439787467264
simclr,control,in100.simclr.s0.ext,69,0.7558585320735743,0.6066528599878751,0.22509008267220149,1.4620937642358183,0.16132682488383998,0.0923568311603303
simclr,control,in100.simclr.s0.ext,70,0.7495173230741489,0.5879049329078623,0.20963157998755394,1.4710045408043997,0.17211631440046393,0.11048393649854277
simclr,control,in100.simclr.s0.ext,71,0.7309125688663768,0.5859395956332621,0.21143666943349015,1.4350721091491736,0.16265761847300111,0.1331132241502617
simclr,control,in100.simclr.s0.ext,72,0.7166201777293527,0.5644518714048744,0.20396890359993644,1.4171110587106652,0.1664909515167994,0.14265576154917856
simclr,control,in100.simclr.s0.ext,73,0.7060316791862596,0.5527284647852535,0.20307528776710415,1.3861660990710278,0.168964956613415,0.13313063987418874
simclr,control,in100.simclr.s0.ext,74,0.6866814806644144,0.5513215909574182,0.20353818410170907,1.3239715632670959,0.16551461586422025,0.12216590988929335
simclr,control,in100.simclr.s0.ext,75,0.6777140024907045,0.5351212090573718,0.18439386614748618,1.3404915707357072,0.1691708265496321,0.1333758460349919
simclr,control,in100.simclr.s0.ext,76,0.6699118827069519,0.5359308279872859,0.19523368456046186,1.2989415176639667,0.16544149143560546,0.10809495756420662
simclr,control,in100.simclr.s0.ext,77,0.6635025553750523,0.5240276776563699,0.19204260709388746,1.2914442418685628,0.16879469869211186,0.12708471182578074
simclr,control,in100.simclr.s0.ext,78,0.6439884839715385,0.5135812394846426,0.19038305695316002,1.2391684760855082,0.16743459700335622,0.13624614266892338
simclr,control,in100.simclr.s0.ext,79,0.6359453116033237,0.5008207396623521,0.18367772153779577,1.2554912858859866,0.169643302854281,0.16111231243341415
simclr,control,in100.simclr.s0.ext,80,0.6309828883211399,0.5002804938431684,0.1816089788171059,1.2251359830529862,0.168911945058388,0.15869775933758232
simclr,control,in100.simclr.s0.ext,81,0.6258622932535246,0.4941371274362406,0.178295865004299,1.220592159231809,0.16886384141210356,0.13421499806100234
simclr,control,in100.simclr.s0.ext,82,0.612541969198253,0.4776580944755352,0.17230301806586337,1.199143277293134,0.17532521104430568,0.12954902650074468
simclr,control,in100.simclr.s0.ext,83,0.6069757730901474,0.4810922965801453,0.1708685925626957,1.1867563139614152,0.17048646157490632,0.20936460070161356
simclr,control,in100.simclr.s0.ext,84,0.596161347538217,0.4634304362070759,0.16874957667468693,1.1708077658907727,0.1709406337318406,0.16682198600195974
simclr,control,in100.simclr.s0.ext,85,0.5821425432485665,0.4594729873342663,0.1683636627012945,1.1490444084807772,0.16844925461994906,0.16859948194829547
simclr,control,in100.simclr.s0.ext,86,0.5705656105730329,0.4445987438765372,0.15465945892485095,1.1474868882076452,0.17163425697367507,0.13535422909510492
simclr,control,in100.simclr.s0.ext,87,0.5576178296163721,0.4317063299602515,0.1542503140359051,1.1043817067056956,0.17529925420048184,0.18104032061481498
simclr,control,in100.simclr.s0.ext,88,0.5406304125698436,0.4226269936724011,0.15270630715671463,1.0641312584589848,0.1723351691884218,0.14445271231746365
simclr,control,in100.simclr.s0.ext,89,0.535615055921126,0.40644728930903307,0.14186539152739236,1.0689645688632714,0.18288124171711517,0.12883468802910425
simclr,control,in100.simclr.s0.ext,90,0.5289527914072828,0.4211992116343399,0.15138584432765972,1.0213499852053343,0.16921852319092048,0.1614719128526833
simclr,control,in100.simclr.s0.ext,91,0.510354273315768,0.3943118936250274,0.13885322920124735,1.0218019295540588,0.1756264928622649,0.1797926438041746
simclr,control,in100.simclr.s0.ext,92,0.4990735061671406,0.39645834208347097,0.14529328272954556,0.9604256651474326,0.16628595384030934,0.2238694647457874
simclr,control,in100.simclr.s0.ext,93,0.4961292914729409,0.3752194366051891,0.1322503175985831,0.9938524630719562,0.18432662078375195,0.14094123500104977
simclr,control,in100.simclr.s0.ext,94,0.4793235190131894,0.37166064845518687,0.13163238324607882,0.9521194138983662,0.17587977820531092,0.16420048434864654
simclr,control,in100.simclr.s0.ext,95,0.46863777407297064,0.3705282309709485,0.132436098939302,0.9224009643434924,0.16719639859219737,0.18884986696616926
simclr,control,in100.simclr.s0.ext,96,0.46084167437579426,0.36204577436429464,0.12758827841733847,0.9121974792981796,0.17460737692212183,0.2117154257956665
simclr,control,in100.simclr.s0.ext,97,0.4489679581616857,0.3507748840077787,0.12266315321134254,0.897658281471199,0.1703341654385936,0.2161371893511315
simclr,control,in100.simclr.s0.ext,98,0.4427775765959399,0.3452808459435742,0.12358534747344506,0.8747810098131293,0.1760703918184077,0.23487437909368258
simclr,control,in100.simclr.s0.ext,99,0.43065323576077597,0.32520378263688543,0.1112345962341851,0.8676225322914864,0.18523570822257324,0.21309819222531887
simclr,control,in100.simclr.s0.ext,100,0.419988217251648,0.3212057635042688,0.11425710255034693,0.8359127252406116,0.17626936279231695,0.22402248649751413
simclr,control,in100.simclr.s0.ext,101,0.4032196704874449,0.3145477201601343,0.11045426949584165,0.7932030319329139,0.17291414503158273,0.24464970705111333
simclr,control,in100.simclr.s0.ext,102,0.38903308747073656,0.30670260273938066,0.10766590154735094,0.7634996262351488,0.17153536124050017,0.2325223268159674
simclr,control,in100.simclr.s0.ext,103,0.3883835070470227,0.2988498948388971,0.10451636046251249,0.7706890961291545,0.17653000568380076,0.30781428821169926
simclr,control,in100.simclr.s0.ext,104,0.38457228274373734,0.2974429481659327,0.10758889507344113,0.757026416556249,0.17350346365200936,0.2426496043730986
simclr,control,in100.simclr.s0.ext,105,0.3705552566590754,0.2789079340766184,0.09805387477711139,0.7392382470753599,0.18346637345703887,0.24772081674345128
simclr,control,in100.simclr.s0.ext,106,0.35890760284439654,0.2700248179088425,0.09149551540738877,0.7386925355152685,0.18195494482811247,0.27306084142978737
simclr,control,in100.simclr.s0.ext,107,0.3517819689371049,0.27259336520856214,0.09402184715819002,0.7043274838480187,0.17500723658392325,0.23068201910899863
simclr,control,in100.simclr.s0.ext,108,0.3473742021416087,0.26602190435581397,0.09383588823967312,0.6864104474844935,0.1796023436925578,0.2619713692001813
simclr,control,in100.simclr.s0.ext,109,0.3349746308123568,0.2561960115697892,0.09074457587836658,0.6622278271634378,0.1801857513132364,0.22575276263203725
simclr,control,in100.simclr.s0.ext,110,0.31830463447646057,0.2437354486630264,0.08741616282051085,0.6408373785828664,0.17606444348592543,0.3108323652270859
simclr,control,in100.simclr.s0.ext,111,0.31611165706547883,0.2453892520886013,0.08635016126299716,0.6285827597895329,0.18066599835278238,0.2714454395360603
simclr,control,in100.simclr.s0.ext,112,0.29361957486068047,0.22468754926458076,0.07957620460382989,0.5885205994287691,0.1745850884942919,0.2742072335199919
simclr,control,in100.simclr.s0.ext,113,0.2817232004269775,0.21407884472033636,0.07586688262509136,0.5626863168199885,0.18404601122897493,0.3881911945682781
simclr,control,in100.simclr.s0.ext,114,0.27271243601291034,0.20473228190897516,0.07181322606399189,0.5478048698092666,0.1868181493355237,0.24112299235951234
simclr,control,in100.simclr.s0.ext,115,0.26748006273192426,0.20192462092237734,0.06890361886598695,0.538566365356771,0.18615297521964133,0.28481390655071176
simclr,control,in100.simclr.s0.ext,116,0.25212007708568374,0.17985308914555076,0.062207829588486925,0.5154623992920225,0.2035266881890446,0.319240858410496
simclr,control,in100.simclr.s0.ext,117,0.2480428960245921,0.18775556964074389,0.06570771042297614,0.5010368793491218,0.18183633982097105,0.3599547095297565
simclr,control,in100.simclr.s0.ext,118,0.24235184487409936,0.18323868809418226,0.06157802349207557,0.4891926222479872,0.18665459666973028,0.4225899467461812
simclr,control,in100.simclr.s0.ext,119,0.23310970148017207,0.16954816435952652,0.05734164160814547,0.4786050617343426,0.1958559310550239,0.2824277520091384
simclr,control,in100.simclr.s0.ext,120,0.2209194887623537,0.15703924689740206,0.053102839089364993,0.4518599150037939,0.20725648442781278,0.3589400801780787
simclr,control,in100.simclr.s0.ext,121,0.19288195064246075,0.13841878630222182,0.045495945812229266,0.40017749075791104,0.19518158117747178,0.3013643644348633
simclr,control,in100.simclr.s0.ext,122,0.17133643155305553,0.11870554717565067,0.037745099385388545,0.3644869030907356,0.21455314595420258,0.3895024622380664
simclr,control,in100.simclr.s0.ext,123,0.16514659231632603,0.11519044776935192,0.037415402915779356,0.33979511238136745,0.2145353180176703,0.42101868924794394
simclr,control,in100.simclr.s0.ext,124,0.16302011770108993,0.119625238744804,0.03941668965527932,0.33311328540750607,0.19745063390210826,0.3577014057675354
simclr,control,in100.simclr.s0.ext,125,0.12149107770541398,0.08283407722889623,0.024660881581178042,0.26237018893484587,0.2108602717098211,0.6711940811531211
simclr,control,in100.simclr.s0.ext,126,0.10006174462573895,0.0704691550186513,0.0223034198759289,0.21091426019901519,0.2038661146033975,0.4686177140426773
simclr,control,in100.simclr.s0.ext,127,0.05749954160046395,0.03788791930625761,0.010566246453176532,0.12337484644250656,0.23142005420183479,0.7182484572365009
simclr,treated,in100.simclr.s0.e20f.ext,0,28.77829543404097,24.58589019855213,9.711264046779203,52.2986102655448,0.14599814565481786,0.04625499621605601
simclr,treated,in100.simclr.s0.e20f.ext,1,24.081443905391783,18.553102947512116,6.569393139647928,47.03239218277671,0.18567147399152145,0.03640059061868678
simclr,treated,in100.simclr.s0.e20f.ext,2,20.98015194010638,17.714566078573668,6.168991329768501,40.01688972054007,0.14613320505748295,0.04286065230229382
simclr,treated,in100.simclr.s0.e20f.ext,3,18.785628840723938,16.243633803907457,5.848572654440658,34.827686830531505,0.13665512494833318,0.03213561613007266
simclr,treated,in100.simclr.s0.e20f.ext,4,14.668892617752048,12.668162116322293,3.0384283945758592,29.073535433845702,0.14479375457768787,0.03376708354071811
simclr,treated,in100.simclr.s0.e20f.ext,5,13.489097519414349,11.910797764484577,4.409658469801547,24.718609318946882,0.1342475887353064,0.0374828744210176
simclr,treated,in100.simclr.s0.e20f.ext,6,11.523698502596929,9.23550571718448,2.7780064286396318,23.63652929712725,0.16084337238193994,0.04434267287534316
simclr,treated,in100.simclr.s0.e20f.ext,7,10.037431678216796,6.5626411087297045,2.2989874519151847,19.589617369255166,0.25907302272415655,0.02826802441445185
simclr,treated,in100.simclr.s0.e20f.ext,8,8.34533421063769,6.880446489710595,2.52234833640974,16.063100505841557,0.14880407702010784,0.027147172499204078
simclr,treated,in100.simclr.s0.e20f.ext,9,8.267995391474035,6.267252127793793,2.1679495892726437,16.85966996469704,0.17987958025729056,0.027442520608036494
simclr,treated,in100.simclr.s0.e20f.ext,10,7.335829512189709,6.088516515443157,2.2699693377888437,13.83970472880279,0.1530271891256055,0.028510419233258578
simclr,treated,in100.simclr.s0.e20f.ext,11,6.033518843006807,4.920766140070193,1.7751256604038406,11.37815903297248,0.1654074153228515,0.026288296096268978
simclr,treated,in100.simclr.s0.e20f.ext,12,5.722253622501424,4.868988184467885,1.7021642166752997,10.881793630501926,0.1446565027084623,0.027629314130915336
simclr,treated,in100.simclr.s0.e20f.ext,13,5.477189478718987,4.524094412628639,1.7123269924255125,10.391773953557834,0.15368394071787725,0.027714070423228186
simclr,treated,in100.simclr.s0.e20f.ext,14,5.474351630476808,4.583546327753543,1.687002993033141,10.371330475570543,0.14748569790211732,0.0197427102305754
simclr,treated,in100.simclr.s0.e20f.ext,15,5.020542952663631,4.159244061076848,1.582296481373109,9.479608721275365,0.1530940523505874,0.02114941442035377
simclr,treated,in100.simclr.s0.e20f.ext,16,4.924269638624443,4.028940771848686,1.5043575637709132,9.314957605768502,0.15703498047204764,0.023574796934506564
simclr,treated,in100.simclr.s0.e20f.ext,17,4.577878567338819,3.8854146039869297,1.5078913292794713,8.534068083158438,0.14513790310446403,0.02737650183062005
simclr,treated,in100.simclr.s0.e20f.ext,18,4.430700686434293,3.5274020095044283,1.3209890039198149,8.092821770477299,0.18387721115660374,0.018347597389967305
simclr,treated,in100.simclr.s0.e20f.ext,19,4.2777040577016505,3.5987941299792214,1.3462319896433281,8.06292806325394,0.14893200304635135,0.022736301134609286
simclr,treated,in100.simclr.s0.e20f.ext,20,4.172671936059864,3.424198426542276,1.2773299352605456,7.835305464918553,0.16316595095738878,0.022333431445287356
simclr,treated,in100.simclr.s0.e20f.ext,21,4.023682449143404,3.327158202856939,1.2633756013345707,7.649000125950857,0.15225320998105324,0.02119197358855072
simclr,treated,in100.simclr.s0.e20f.ext,22,3.9803834429317653,3.3112375189130416,1.2616944486561623,7.529482917084577,0.15132911156591553,0.0259600691598125
simclr,treated,in100.simclr.s0.e20f.ext,23,3.9209620185069083,3.2702358445774253,1.2476951906085367,7.439950881825793,0.14892025176509407,0.01834404429093901
simclr,treated,in100.simclr.s0.e20f.ext,24,3.7496719171986608,3.036984925332405,1.1637195198767758,7.0347286590584055,0.16699444121767418,0.01997219789169464
simclr,treated,in100.simclr.s0.e20f.ext,25,3.7357475200638417,3.1231419581890805,1.1661576561719191,7.012350167575104,0.15105404989355836,0.021416079914934483
simclr,treated,in100.simclr.s0.e20f.ext,26,3.6097346462267934,3.013271485827622,1.1318373324980204,6.847939539103042,0.15073373429393308,0.018125232407607127
simclr,treated,in100.simclr.s0.e20f.ext,27,3.575106593161544,2.968486058201783,1.1081704636645984,6.773038461424248,0.1533578714128686,0.016502742071259586
simclr,treated,in100.simclr.s0.e20f.ext,28,3.512011434672534,2.9273266810617065,1.1073189515124733,6.603439125277905,0.15249006020484226,0.02432486980057551
simclr,treated,in100.simclr.s0.e20f.ext,29,3.4073767347473796,2.867470399276172,1.083197923873742,6.420991934847315,0.14715235312165278,0.02747483908005931
simclr,treated,in100.simclr.s0.e20f.ext,30,3.3622985656546382,2.776949802537962,1.0371088051351354,6.356986356380179,0.15323217740769415,0.02053026642851661
simclr,treated,in100.simclr.s0.e20f.ext,31,3.305362096013404,2.6871752170197176,0.9952078705789551,6.21335683928776,0.16593026768263866,0.025475500548634223
simclr,treated,in100.simclr.s0.e20f.ext,32,3.254938193984199,2.691200564744622,1.023265099269076,6.139278549828413,0.1511403530448425,0.020554071324438303
simclr,treated,in100.simclr.s0.e20f.ext,33,3.2114236750963823,2.705287823027092,1.0147556674427696,5.9916508706370895,0.14592915370086043,0.023149487043432768
simclr,treated,in100.simclr.s0.e20f.ext,34,3.201207214933073,2.667199284663692,1.0326113894206228,6.011594122713015,0.14992040275846438,0.023018127780268433
simclr,treated,in100.simclr.s0.e20f.ext,35,3.1453035245347,2.653240640963479,1.0204826817817119,5.824629872121012,0.149501229464213,0.018966409335163865
simclr,treated,in100.simclr.s0.e20f.ext,36,3.1217467318305845,2.5541384563184257,0.9426271536714568,5.960108858925282,0.1557718148987041,0.01463222231911013
simclr,treated,in100.simclr.s0.e20f.ext,37,3.0684113538383926,2.569482737534525,0.9583583569006864,5.822091163856462,0.1496905662991503,0.022567791129788493
simclr,treated,in100.simclr.s0.e20f.ext,38,3.029457117652592,2.570372777176919,0.9810096827948732,5.6760995221187285,0.14722090784512387,0.019481132323172765
simclr,treated,in100.simclr.s0.e20f.ext,39,2.98901017553152,2.4647608645623427,0.9074388225571147,5.7049973341946645,0.15285452622900178,0.021059740647427782
simclr,treated,in100.simclr.s0.e20f.ext,40,2.9356883669507527,2.4628223185178184,0.9171183088983316,5.505761702023729,0.14964556464760323,0.021134219254903903
simclr,treated,in100.simclr.s0.e20f.ext,41,2.8862771547821087,2.412818412355552,0.911052111638481,5.400485729511352,0.1498042003126781,0.023252449535717847
simclr,treated,in100.simclr.s0.e20f.ext,42,2.85954570204981,2.3923539332113655,0.892153590862524,5.457585629033692,0.14800797355657033,0.020059578860725017
simclr,treated,in100.simclr.s0.e20f.ext,43,2.8471911080394214,2.363800868648588,0.8863073838392046,5.4246090348582845,0.14808489372972838,0.022037240107052075
simclr,treated,in100.simclr.s0.e20f.ext,44,2.845102703581082,2.315489544872047,0.875119023637888,5.362339470137112,0.16050680193109454,0.019862200255341203
simclr,treated,in100.simclr.s0.e20f.ext,45,2.831178189301758,2.364597541830495,0.9112106145105286,5.3680399114208175,0.14962853080613606,0.022185590560684084
simclr,treated,in100.simclr.s0.e20f.ext,46,2.760266492007114,2.3015045381204398,0.8721313929118171,5.251034517063077,0.14532435255305473,0.02070731436473867
simclr,treated,in100.simclr.s0.e20f.ext,47,2.7393877225836207,2.3048808575029454,0.8490727531606514,5.179543986965276,0.14708890149889278,0.020404932603411804
simclr,treated,in100.simclr.s0.e20f.ext,48,2.7177277475582655,2.2916651853741605,0.8675788967678647,5.119308532117227,0.1466738480524197,0.018536595388358237
simclr,treated,in100.simclr.s0.e20f.ext,49,2.710398693028958,2.229577971156197,0.8154166685695539,5.170344520602124,0.1534987390447603,0.018039360390376562
simclr,treated,in100.simclr.s0.e20f.ext,50,2.658418857589039,2.2452712692630072,0.8606075744872234,4.967737519759123,0.14591882421151545,0.026110507446222512
simclr,treated,in100.simclr.s0.e20f.ext,51,2.655009247796309,2.2031299082697755,0.815237028018731,5.1067681623036565,0.14874580464728435,0.01972567603214596
simclr,treated,in100.simclr.s0.e20f.ext,52,2.6388455672530835,2.1775793917079826,0.8091404739074991,5.022002390261527,0.15479230097779575,0.015685971170377507
simclr,treated,in100.simclr.s0.e20f.ext,53,2.5970834954658684,2.1463841829447174,0.8059494677238938,4.943579176748374,0.1490984757248034,0.020703642264664635
simclr,treated,in100.simclr.s0.e20f.ext,54,2.5763442214750585,2.1573465297935814,0.82932438353146,4.88365597468275,0.14663690320868872,0.021774185041897834
simclr,treated,in100.simclr.s0.e20f.ext,55,2.5461432661761547,2.1325819733861784,0.7959692576180881,4.832873349848695,0.14778150011412508,0.02197255883545065
simclr,treated,in100.simclr.s0.e20f.ext,56,2.527021469684836,2.096298402818998,0.800816951706893,4.789020507716929,0.14996123906115102,0.016585041042627046
simclr,treated,in100.simclr.s0.e20f.ext,57,2.4947693274361376,2.070306105617038,0.7838432171672967,4.758956042637343,0.15219264273903002,0.031953678568926586
simclr,treated,in100.simclr.s0.e20f.ext,58,2.4902539020006595,2.064031287779529,0.7716205611251233,4.706895779917658,0.15187141913666355,0.019829141487429182
simclr,treated,in100.simclr.s0.e20f.ext,59,2.4586022258835,2.063789444890843,0.7791137521642918,4.695997814984271,0.14575851114213562,0.02195581797248509
simclr,treated,in100.simclr.s0.e20f.ext,60,2.4313098448118375,2.0128832248440225,0.7644146297183254,4.6116301415929035,0.14959899007574134,0.020546076179281298
simclr,treated,in100.simclr.s0.e20f.ext,61,2.4175115720194595,2.0423812939470816,0.7620318055764077,4.568222639985835,0.14788433549416513,0.021198785993275234
simclr,treated,in100.simclr.s0.e20f.ext,62,2.4056101108481833,1.9961506308458488,0.7629271759976385,4.4981420218770225,0.15112098373871696,0.020607382917121983
simclr,treated,in100.simclr.s0.e20f.ext,63,2.3997532554202485,1.9843094669554846,0.7493817989028143,4.582664507834271,0.15207807164081383,0.028554237736205402
simclr,treated,in100.simclr.s0.e20f.ext,64,2.373889812656966,1.9974718540036553,0.7517933956963967,4.435286714786768,0.14961747258787264,0.02140135307798575
simclr,treated,in100.simclr.s0.e20f.ext,65,2.362162677032271,1.9780928111086684,0.7410509763751516,4.477492271280087,0.14907041698898693,0.01652721469292411
simclr,treated,in100.simclr.s0.e20f.ext,66,2.345294794277322,1.9536304921309617,0.7293492667043215,4.455776701130106,0.14917742031283873,0.019984392707481487
simclr,treated,in100.simclr.s0.e20f.ext,67,2.310537266564499,1.926177984222098,0.7088211879489268,4.386772997419543,0.14882621485416017,0.019861636834824937
simclr,treated,in100.simclr.s0.e20f.ext,68,2.278939110266784,1.891955285312924,0.713901396068754,4.3597285713962535,0.15041457976835657,0.022375681501133893
simclr,treated,in100.simclr.s0.e20f.ext,69,2.268182978490894,1.8859004525825955,0.7011845108983881,4.363888525426742,0.15033423137704788,0.021170407198498595
simclr,treated,in100.simclr.s0.e20f.ext,70,2.2470357370542824,1.8816557043710262,0.6858606758535988,4.266568837318853,0.1509203451938521,0.017366800494914267
simclr,treated,in100.simclr.s0.e20f.ext,71,2.231697025599629,1.8383542432546078,0.7007613020344352,4.175294575471795,0.15507214450976947,0.024799926863477095
simclr,treated,in100.simclr.s0.e20f.ext,72,2.217222398664304,1.841311702488602,0.6991696226176481,4.1746590973302675,0.15069009659515534,0.021861293680519176
simclr,treated,in100.simclr.s0.e20f.ext,73,2.189578008445963,1.8062460952777464,0.6669109460228085,4.208788785699233,0.1521689379586934,0.018961357283947555
simclr,treated,in100.simclr.s0.e20f.ext,74,2.1672843861477005,1.8097541035129265,0.6785796314969615,4.084835943450032,0.15082070041907686,0.018821657364854725
simclr,treated,in100.simclr.s0.e20f.ext,75,2.152375435230623,1.7971359903163813,0.6892466736711895,4.103047033018319,0.1480673126790665,0.025550299518792
simclr,treated,in100.simclr.s0.e20f.ext,76,2.1498582588346835,1.777498439534202,0.660698176856991,4.092569802717262,0.1504912907205761,0.023218363116345488
simclr,treated,in100.simclr.s0.e20f.ext,77,2.133889614140654,1.755446332203367,0.6543064584192141,4.132206364920281,0.1497709785144128,0.021431285320537192
simclr,treated,in100.simclr.s0.e20f.ext,78,2.124427299557397,1.774015769147458,0.6623999071558988,3.988822604477059,0.150444235597823,0.026201989377595894
simclr,treated,in100.simclr.s0.e20f.ext,79,2.1077053047191634,1.76414131875832,0.6465194354969794,3.9889333795741164,0.14905535137727316,0.015212915881869172
simclr,treated,in100.simclr.s0.e20f.ext,80,2.0870590848188693,1.7327728759740828,0.6442609331445328,3.9440698747784033,0.15273404207924665,0.028751157222581813
simclr,treated,in100.simclr.s0.e20f.ext,81,2.05527729728715,1.7250549801504809,0.6427360048723184,3.894948244236726,0.14903489430011768,0.01994351232589766
simclr,treated,in100.simclr.s0.e20f.ext,82,2.0305655163302907,1.703350442834592,0.6207310899959004,3.867364902720889,0.1480654427565711,0.020060661101939523
simclr,treated,in100.simclr.s0.e20f.ext,83,2.0168225896524237,1.6809418498795683,0.6199854495848877,3.7883166699112016,0.15187747086987044,0.028893048934263175
simclr,treated,in100.simclr.s0.e20f.ext,84,2.007334205391193,1.658532604151404,0.6273594491035968,3.818260794377465,0.15306266762830473,0.03346523641606163
simclr,treated,in100.simclr.s0.e20f.ext,85,1.9947606004652454,1.629186395605167,0.6101733716113518,3.835477162578785,0.1529002167681641,0.01858177362308832
simclr,treated,in100.simclr.s0.e20f.ext,86,1.9729511914812206,1.613174974536189,0.6013374511129976,3.7555466853854838,0.15449318921144942,0.03353067749982258
simclr,treated,in100.simclr.s0.e20f.ext,87,1.9687095070248564,1.6321840888539694,0.609364383239969,3.7371488864049756,0.149955603880391,0.02242247864413728
simclr,treated,in100.simclr.s0.e20f.ext,88,1.9312244740116964,1.6048426663113005,0.5978950307954859,3.7361067567721333,0.14614146931451003,0.021619446480439355
simclr,treated,in100.simclr.s0.e20f.ext,89,1.9195240720583944,1.5918126220367965,0.5912118031922707,3.669276236822375,0.1506696287813588,0.023579250672042678
simclr,treated,in100.simclr.s0.e20f.ext,90,1.9120362015911643,1.5747740257629355,0.5992858855917644,3.6468821667839126,0.1512708155436502,0.024476338967229016
simclr,treated,in100.simclr.s0.e20f.ext,91,1.903098385634035,1.5828504517867332,0.5920125723862538,3.6235300806255997,0.14844451303607045,0.021566914468485177
simclr,treated,in100.simclr.s0.e20f.ext,92,1.8786526151522265,1.5625694128653413,0.5635847311956445,3.551987190017868,0.15565120574977595,0.022081473539441187
simclr,treated,in100.simclr.s0.e20f.ext,93,1.8678151898805413,1.5394313522928575,0.5788301294518677,3.5992939872186582,0.15206829276687117,0.029849270433013834
simclr,treated,in100.simclr.s0.e20f.ext,94,1.8590940132286937,1.5440295614541926,0.572125326874697,3.5227707815709732,0.1498353656570708,0.021024385670585684
simclr,treated,in100.simclr.s0.e20f.ext,95,1.8439823349233844,1.5157354274442947,0.5617608561418581,3.504605606720315,0.1538041321827401,0.027648763907441552
simclr,treated,in100.simclr.s0.e20f.ext,96,1.8339380013916995,1.5102362346901317,0.5511297133114347,3.536786608609722,0.1519214902011043,0.03168303803115926
simclr,treated,in100.simclr.s0.e20f.ext,97,1.8311431290312545,1.5165113744521017,0.5512804170936897,3.479261644236864,0.15144543740044575,0.023406384579809158
simclr,treated,in100.simclr.s0.e20f.ext,98,1.8194340520419505,1.505957189921384,0.5608390317049898,3.4641543465925553,0.15034693642985994,0.02616035016097154
simclr,treated,in100.simclr.s0.e20f.ext,99,1.8059461108066774,1.5203925573420767,0.5475201100380256,3.4177705691893348,0.15087326188384417,0.0292605400232457
simclr,treated,in100.simclr.s0.e20f.ext,100,1.7886543596509734,1.484711282100183,0.5553979170431442,3.4202360994435534,0.1507963853597799,0.0232343300574771
simclr,treated,in100.simclr.s0.e20f.ext,101,1.7784726750241242,1.4815745831672942,0.5422034705110689,3.3614207071327318,0.15213624797655137,0.022067387325913176
simclr,treated,in100.simclr.s0.e20f.ext,102,1.769005519608735,1.479660655599536,0.5498542204527757,3.356233609997053,0.14997851268913479,0.023512994807761006
simclr,treated,in100.simclr.s0.e20f.ext,103,1.7505262557681485,1.4432891801186538,0.530727154461236,3.396602429759294,0.15229561779131343,0.031775941124719105
simclr,treated,in100.simclr.s0.e20f.ext,104,1.7456570875094763,1.4409047478857286,0.5392659865847624,3.351070977770817,0.15173984108460295,0.020692945885052817
simclr,treated,in100.simclr.s0.e20f.ext,105,1.7386018226934816,1.447893316025629,0.5367271123679422,3.317019924447361,0.1492329400476198,0.024728692899244148
simclr,treated,in100.simclr.s0.e20f.ext,106,1.7123641042979174,1.4163243813898347,0.5203309557634814,3.2613889185521776,0.15213228756417907,0.03147044040448934
simclr,treated,in100.simclr.s0.e20f.ext,107,1.7032735244825596,1.3954873896840816,0.5150143421533097,3.290918424508731,0.15521584056286974,0.029948928982456446
simclr,treated,in100.simclr.s0.e20f.ext,108,1.7028822617898072,1.4027884940834394,0.5258073933004304,3.248792443146714,0.15318472092428873,0.02796328268603727
simclr,treated,in100.simclr.s0.e20f.ext,109,1.6923415464855918,1.3956676520670526,0.5063966708552802,3.278264201439123,0.15495928832325934,0.023779414140998413
simclr,treated,in100.simclr.s0.e20f.ext,110,1.6909306395547177,1.3812474834125292,0.5098055615625755,3.2282094034028783,0.15561695956571775,0.03385221370262319
simclr,treated,in100.simclr.s0.e20f.ext,111,1.6738024876491693,1.3650732774761947,0.5161733224729164,3.1961735471115196,0.15286051114325408,0.025403544215779828
simclr,treated,in100.simclr.s0.e20f.ext,112,1.6643277400670156,1.3801557720111488,0.5168295893254906,3.197729685499502,0.15035640505190262,0.034117181166673234
simclr,treated,in100.simclr.s0.e20f.ext,113,1.6569090466312797,1.3777530867161916,0.49630723192452236,3.1870024670322725,0.1510886782344079,0.03797223366223025
simclr,treated,in100.simclr.s0.e20f.ext,114,1.641913277501628,1.3572719894504475,0.5222675934802458,3.1273586418604333,0.15021963843426098,0.026678376331417755
simclr,treated,in100.simclr.s0.e20f.ext,115,1.6314795821754524,1.3489606698434689,0.4886361735026515,3.1106325778148967,0.1551587162125627,0.02779007870170168
simclr,treated,in100.simclr.s0.e20f.ext,116,1.6211938547129492,1.336406968906845,0.48708319048808313,3.102971833580001,0.15383637975174133,0.01790552746550045
simclr,treated,in100.simclr.s0.e20f.ext,117,1.6045618985524055,1.3321625362285978,0.4888232588800936,3.067186091677926,0.153058071195988,0.026970363191524304
simclr,treated,in100.simclr.s0.e20f.ext,118,1.5830317566031447,1.3003370406314003,0.48751086057750453,3.041947042717797,0.15136588478519716,0.025893215225281034
simclr,treated,in100.simclr.s0.e20f.ext,119,1.575804259760483,1.292040374876221,0.4732086665401778,3.037618171958001,0.1515988895419996,0.018953628594923996
simclr,treated,in100.simclr.s0.e20f.ext,120,1.56496148551659,1.2877064994009433,0.47526715893109,2.987142886931002,0.15495167336185722,0.03409716090113379
simclr,treated,in100.simclr.s0.e20f.ext,121,1.5594803686118057,1.2927300097465881,0.46624428753305003,2.9782288743846457,0.1514017418239747,0.019775686534985466
simclr,treated,in100.simclr.s0.e20f.ext,122,1.548893502240454,1.279353772726151,0.469520195752237,2.9610763400510733,0.15448808724618693,0.022806248461007032
simclr,treated,in100.simclr.s0.e20f.ext,123,1.5356022521903705,1.248085632753618,0.4580800314991032,3.0308571724801747,0.1535397441868452,0.022299269659547573
simclr,treated,in100.simclr.s0.e20f.ext,124,1.5194128116372727,1.255966709287913,0.4535818666321239,2.9124066698647955,0.1505109247687892,0.029470989451632987
simclr,treated,in100.simclr.s0.e20f.ext,125,1.5039401701787718,1.2492296442562876,0.4616868790729666,2.8765272905471586,0.15032095216651323,0.026241019236785235
simclr,treated,in100.simclr.s0.e20f.ext,126,1.4943551511073163,1.2444572946642167,0.44828856934784794,2.8472790319432506,0.15185358512985953,0.02607310217693367
simclr,treated,in100.simclr.s0.e20f.ext,127,1.487897945526957,1.2287147944320005,0.43286828731132876,2.8558515296205904,0.1530018177433595,0.03420039470934224
simclr,treated,in100.simclr.s0.e20f.ext,128,1.481293421990272,1.2186895985627872,0.44952869238453985,2.858438794614262,0.1537942346185692,0.025318739931634904
simclr,treated,in100.simclr.s0.e20f.ext,129,1.4634922029666384,1.2053367301018634,0.4287326401515437,2.793010900184443,0.1562523360437925,0.028873966425245888
simclr,treated,in100.simclr.s0.e20f.ext,130,1.4580207144834931,1.1992226144415432,0.443524712074467,2.7544200226750815,0.15534728988835866,0.021843436400136237
simclr,treated,in100.simclr.s0.e20f.ext,131,1.4540063376128922,1.2000170146515692,0.42261247714955985,2.8414251947852764,0.15340162820741368,0.02786159150350368
simclr,treated,in100.simclr.s0.e20f.ext,132,1.4503934246399703,1.1757987352527812,0.4137530978690659,2.8446721161544795,0.15538347380603215,0.029995956030327623
simclr,treated,in100.simclr.s0.e20f.ext,133,1.4401000808847484,1.1656647497297161,0.4369854369150233,2.779749308438859,0.15621604590491694,0.03239531441263238
simclr,treated,in100.simclr.s0.e20f.ext,134,1.4285136864054315,1.169926994074401,0.4207150829380373,2.7688502658929917,0.15420554186255558,0.03444197414272289
simclr,treated,in100.simclr.s0.e20f.ext,135,1.4111166379484448,1.1472372238915005,0.41883887874008136,2.776343491301075,0.15451653096696896,0.027664287381832627
simclr,treated,in100.simclr.s0.e20f.ext,136,1.4019217090889777,1.145684355221526,0.42745509362121564,2.7141774539399646,0.15354921607268093,0.025966583536890023
simclr,treated,in100.simclr.s0.e20f.ext,137,1.3964079948625758,1.1478829319524078,0.40480696705392716,2.6797564394443456,0.15711700784264576,0.03085574638094073
simclr,treated,in100.simclr.s0.e20f.ext,138,1.38649435596289,1.1494323802508877,0.39913320700138905,2.638957537596211,0.15385026381798242,0.0355151675119702
simclr,treated,in100.simclr.s0.e20f.ext,139,1.3848114928273971,1.1180353831344667,0.3969612582423422,2.7217666626861328,0.15789797946145886,0.024022076714419072
simclr,treated,in100.simclr.s0.e20f.ext,140,1.3760099880425587,1.114559199924717,0.3955393922863416,2.684416612977033,0.15596532162919102,0.03047231739939155
simclr,treated,in100.simclr.s0.e20f.ext,141,1.3698223996351735,1.1227149191298629,0.40145790622865685,2.687372219539898,0.15406199717431002,0.036090472235658956
simclr,treated,in100.simclr.s0.e20f.ext,142,1.3606124672862188,1.1163782135808549,0.4068395326745293,2.6147448510660745,0.15406060259495533,0.03465792536583615
simclr,treated,in100.simclr.s0.e20f.ext,143,1.3497530519000038,1.108683365977698,0.40074224548322823,2.6243840832995518,0.15433328752989403,0.03249932809609372
simclr,treated,in100.simclr.s0.e20f.ext,144,1.3426272298085202,1.1098764569265378,0.4000596022888024,2.5667314308206097,0.15219039770914872,0.027620376571754774
simclr,treated,in100.simclr.s0.e20f.ext,145,1.3304144476428932,1.0966085812061697,0.39930437238487515,2.5488419709220778,0.1571845398144828,0.031127383920943413
simclr,treated,in100.simclr.s0.e20f.ext,146,1.3228932533496542,1.091405797973371,0.3864001641722445,2.586256763891824,0.15416064477426866,0.04024069383670758
simclr,treated,in100.simclr.s0.e20f.ext,147,1.3121390513483442,1.081558359542608,0.40291779443277237,2.477615296739562,0.15550640708778107,0.038255814065890424
simclr,treated,in100.simclr.s0.e20f.ext,148,1.3056144935114624,1.0764704188516565,0.3927784033979395,2.497738512392148,0.15243259077589652,0.03073939889325583
simclr,treated,in100.simclr.s0.e20f.ext,149,1.2962722014908195,1.0525607181627419,0.37137993649792583,2.5291088899083127,0.15419411875961556,0.02572198656565437
simclr,treated,in100.simclr.s0.e20f.ext,150,1.2840874522571681,1.0424401518950237,0.3800367257907077,2.4930590604810434,0.1580554521018714,0.024730596034714745
simclr,treated,in100.simclr.s0.e20f.ext,151,1.2744990206454323,1.0491740190202634,0.38964608738715456,2.431934832754726,0.15435727083167777,0.03179994317244387
simclr,treated,in100.simclr.s0.e20f.ext,152,1.2692353174986435,1.0274849562933581,0.3677733570488305,2.4668211426303066,0.15938738425133886,0.03654386334436485
simclr,treated,in100.simclr.s0.e20f.ext,153,1.2615490447639688,1.031711087362717,0.38184521352961004,2.41878381730298,0.15192687997948556,0.031712789383426115
simclr,treated,in100.simclr.s0.e20f.ext,154,1.2555672095282402,1.0153437212339442,0.3704200248932203,2.440949838345631,0.15969547963537248,0.03651289800063712
simclr,treated,in100.simclr.s0.e20f.ext,155,1.2285843564050347,1.017372546757525,0.3690031424927578,2.3433755842237947,0.15262013154962104,0.0473498015670033
simclr,treated,in100.simclr.s0.e20f.ext,156,1.2257860244221908,0.9998624276936987,0.3504203602645076,2.360100670795048,0.15841886701706356,0.04058588868645529
simclr,treated,in100.simclr.s0.e20f.ext,157,1.2175174758128586,0.9892510143485487,0.3622023896018929,2.3589267554497253,0.15875441320384598,0.030462370233509953
simclr,treated,in100.simclr.s0.e20f.ext,158,1.2104785807123428,0.9893195683457592,0.35925419712006,2.308460036481369,0.1594014418915062,0.036216439311972326
simclr,treated,in100.simclr.s0.e20f.ext,159,1.2038236704143166,0.9861066309171882,0.35488015989457433,2.3204238627808573,0.1579410629721507,0.03331645539844209
simclr,treated,in100.simclr.s0.e20f.ext,160,1.1981399327164923,0.9747757745449153,0.34766727825802224,2.326125233031241,0.1582968388710991,0.03183782881253048
simclr,treated,in100.simclr.s0.e20f.ext,161,1.1921758881989586,0.9801031381267388,0.3458707869164279,2.3115430437321005,0.15648043629339073,0.03104876650663118
simclr,treated,in100.simclr.s0.e20f.ext,162,1.1882283352711753,0.9823303262410601,0.3508030835837691,2.2702868232154145,0.15432278720334855,0.033938959368073236
simclr,treated,in100.simclr.s0.e20f.ext,163,1.172833092820109,0.9514000566319558,0.3325328276269421,2.268552861334595,0.1577510116329642,0.035921515026876696
simclr,treated,in100.simclr.s0.e20f.ext,164,1.1678325650318488,0.9391111987044863,0.3384139831399119,2.3032487576283778,0.15725475904042177,0.02966092261040118
simclr,treated,in100.simclr.s0.e20f.ext,165,1.163821762684497,0.9418109668342045,0.33228366147894683,2.3053909611332544,0.1560703538171693,0.03731740163581783
simclr,treated,in100.simclr.s0.e20f.ext,166,1.1535482733901616,0.9402192551885853,0.33678622170111083,2.241466977729442,0.15788533851435746,0.02951111420127575
simclr,treated,in100.simclr.s0.e20f.ext,167,1.14855418493666,0.9307566052731816,0.33713259996874406,2.243342547348426,0.1574047974183559,0.037581791562847223
simclr,treated,in100.simclr.s0.e20f.ext,168,1.1333992750276134,0.911921907813815,0.32618638260896365,2.2097652753944423,0.16263668459720967,0.033958503598351404
simclr,treated,in100.simclr.s0.e20f.ext,169,1.127544794944305,0.9274596370493042,0.3217228829198758,2.178056423350138,0.15576253484003744,0.031068485951715373
simclr,treated,in100.simclr.s0.e20f.ext,170,1.1225365164101677,0.8993320727031802,0.32424816687279195,2.1890487522116016,0.15911904269716626,0.03819422495993327
simclr,treated,in100.simclr.s0.e20f.ext,171,1.1178656832290779,0.8986745486854175,0.31799138924499204,2.172393346140924,0.1582898730247796,0.032915296069609884
simclr,treated,in100.simclr.s0.e20f.ext,172,1.1106721406552507,0.8926083476259665,0.3114316763159399,2.168388372802348,0.15912724585378774,0.03117718872158577
simclr,treated,in100.simclr.s0.e20f.ext,173,1.1031030179528385,0.8932686400865696,0.3162511905635762,2.1475250739713494,0.15953653498702766,0.03456021063830158
simclr,treated,in100.simclr.s0.e20f.ext,174,1.0888219240292025,0.8738672235541336,0.31256957669765373,2.1368519843941742,0.15984752856970014,0.03615652355014553
simclr,treated,in100.simclr.s0.e20f.ext,175,1.0770700447867065,0.8791575587321672,0.31280572973260384,2.074096937644333,0.15546192265798542,0.03199445729132935
simclr,treated,in100.simclr.s0.e20f.ext,176,1.0754114346854442,0.8713365658369201,0.31088589077490764,2.098435857870747,0.15840308030285316,0.035616391273528086
simclr,treated,in100.simclr.s0.e20f.ext,177,1.0703046090616446,0.8629317535004031,0.30535502873182446,2.0907824612533186,0.15910938614972633,0.03745138821016056
simclr,treated,in100.simclr.s0.e20f.ext,178,1.0638138315936791,0.8738293073472659,0.30523548827994057,2.0388852143274354,0.15766310578671422,0.04130784236680002
simclr,treated,in100.simclr.s0.e20f.ext,179,1.0557134789428542,0.8501365385987538,0.2982852062227737,2.0952935278450915,0.16265270130454426,0.035890550850074185
simclr,treated,in100.simclr.s0.e20f.ext,180,1.0485017398403158,0.8582420834635105,0.3046288675616118,2.051706400453717,0.15571601794347184,0.04243258598154217
simclr,treated,in100.simclr.s0.e20f.ext,181,1.0448063596444461,0.8402684617181932,0.296391770697445,2.036524634375755,0.16431603291672656,0.03200880881307718
simclr,treated,in100.simclr.s0.e20f.ext,182,1.0393154166898886,0.8330185676993684,0.29438544139975914,2.023803328985513,0.1607111969414443,0.04194493594437864
simclr,treated,in100.simclr.s0.e20f.ext,183,1.0353188464296985,0.8433162082791981,0.3054328825236641,2.0057320694933134,0.15635877940911502,0.029413802874008174
simclr,treated,in100.simclr.s0.e20f.ext,184,1.0226466164868937,0.8155703329893617,0.2810238756273482,2.0436800895240905,0.16275276565167046,0.03840907419209485
simclr,treated,in100.simclr.s0.e20f.ext,185,1.0124066406778245,0.8209708321311466,0.30028919552994865,1.9660742497159107,0.15502394649555284,0.04193282423977644
simclr,treated,in100.simclr.s0.e20f.ext,186,1.0014021715074473,0.81335439543263,0.2886156608897919,1.9405001664455848,0.15821156567036876,0.0399883321448883
simclr,treated,in100.simclr.s0.e20f.ext,187,0.9910404053381288,0.8055221772040315,0.29043658814148626,1.9123606869359797,0.15663495880650347,0.03809142408211072
simclr,treated,in100.simclr.s0.e20f.ext,188,0.9870724239596619,0.7908510500058121,0.277436685232089,1.9449922544459741,0.16000788929752266,0.0454318988737056
simclr,treated,in100.simclr.s0.e20f.ext,189,0.9845405224364168,0.8091581927792504,0.2819397085677566,1.8911896505589187,0.15746598054549776,0.044609794425787976
simclr,treated,in100.simclr.s0.e20f.ext,190,0.9788683867955247,0.7896799552875031,0.27759043190823085,1.9069147896377896,0.16190347574985708,0.042257924493970506
simclr,treated,in100.simclr.s0.e20f.ext,191,0.9727957416667858,0.7958181472608062,0.27953004162364026,1.874742195769638,0.15720607152784608,0.04889736946638697
simclr,treated,in100.simclr.s0.e20f.ext,192,0.9603997765703813,0.7806173765556048,0.2731124386108053,1.8734858946015647,0.16028317867148953,0.04135116032817217
simclr,treated,in100.simclr.s0.e20f.ext,193,0.9539577508281032,0.7731712491800661,0.26920634878803956,1.8674337211415768,0.15957434548673857,0.04161928214186685
simclr,treated,in100.simclr.s0.e20f.ext,194,0.9463004882861049,0.761145376629046,0.26266778539673685,1.8714323900646188,0.1652232675736862,0.05026199353786586
simclr,treated,in100.simclr.s0.e20f.ext,195,0.9431604598818729,0.7643630733728637,0.2646873436614036,1.856807511471126,0.15696841469099299,0.0440868739047865
simclr,treated,in100.simclr.s0.e20f.ext,196,0.9383981359067041,0.7537530663950646,0.26500532996413023,1.8407599754867745,0.16224777067939683,0.0407601339866751
simclr,treated,in100.simclr.s0.e20f.ext,197,0.9377344292870406,0.7599544690587043,0.26913904266881256,1.8372480993835905,0.16046164850680208,0.039482221099047615
simclr,treated,in100.simclr.s0.e20f.ext,198,0.9223648675724911,0.7419799343962634,0.2640183945073105,1.8160047451576369,0.16149044360961337,0.03798620062810963
simclr,treated,in100.simclr.s0.e20f.ext,199,0.9174867852290057,0.7442608358877153,0.26638866630900404,1.7882887155430072,0.1582757412377555,0.05253213427160187
simclr,treated,in100.simclr.s0.e20f.ext,200,0.9143020045909219,0.7222894514434415,0.258013695873842,1.792828636381252,0.16702178303518364,0.04521296976732492
simclr,treated,in100.simclr.s0.e20f.ext,201,0.9077282054274313,0.7120900838697711,0.24803216731461808,1.821624998421099,0.1649964704361312,0.045111346130811684
simclr,treated,in100.simclr.s0.e20f.ext,202,0.8950515318138755,0.714430237259486,0.25507637957429513,1.7554624060491075,0.15830786059059698,0.037064657885523954
simclr,treated,in100.simclr.s0.e20f.ext,203,0.891012255523833,0.7218296436502556,0.248392282760444,1.7533784912982056,0.16333158491741684,0.051324747080159536
simclr,treated,in100.simclr.s0.e20f.ext,204,0.8824427968082607,0.7081606186853635,0.24769746652065663,1.721154119892579,0.16012335565035063,0.03497306196525845
simclr,treated,in100.simclr.s0.e20f.ext,205,0.8772086938213095,0.7002706198121444,0.2562560682601499,1.7154489827596042,0.16179516610533273,0.03841169125715362
simclr,treated,in100.simclr.s0.e20f.ext,206,0.8725860362098067,0.6910504938917147,0.25256271396893254,1.6985118988057588,0.16398740656254926,0.04009004217197418
simclr,treated,in100.simclr.s0.e20f.ext,207,0.8718107262100027,0.6893511889135122,0.24160467139567982,1.7191997867535174,0.1659642070970907,0.048793158175666394
simclr,treated,in100.simclr.s0.e20f.ext,208,0.8674882012922164,0.6894804582640508,0.2445847167285586,1.6873428957784382,0.16692799674034897,0.049188244899613195
simclr,treated,in100.simclr.s0.e20f.ext,209,0.8576644706826373,0.6936617619860326,0.25070888917075684,1.673298586263181,0.1564481315590931,0.053501498784412564
simclr,treated,in100.simclr.s0.e20f.ext,210,0.8487058046258111,0.6910182757573642,0.2411247470792143,1.6551661223894942,0.15651236702261273,0.0485109147464772
simclr,treated,in100.simclr.s0.e20f.ext,211,0.8439739729081555,0.6714000257793813,0.23289393016666673,1.658463264403992,0.16397307577823955,0.04314075903038381
simclr,treated,in100.simclr.s0.e20f.ext,212,0.8338509586168458,0.6684094457714475,0.23407368760318387,1.6398630240798822,0.1630797446143596,0.041960459352216165
simclr,treated,in100.simclr.s0.e20f.ext,213,0.8305953699930335,0.6532460132927649,0.2311386185628253,1.6269582563119482,0.17001201147226944,0.05752221080890774
simclr,treated,in100.simclr.s0.e20f.ext,214,0.8257029150688544,0.6655743227668138,0.2310211451526563,1.6205943728565586,0.16178639705812176,0.06244962906276044
simclr,treated,in100.simclr.s0.e20f.ext,215,0.8209094912456403,0.6607789547369659,0.2331503171923284,1.596977150663243,0.16137215121325094,0.055978280090873314
simclr,treated,in100.simclr.s0.e20f.ext,216,0.8149375837647549,0.6434424351141499,0.22181664160998552,1.6212054198772505,0.16857858899085995,0.044001388944106344
simclr,treated,in100.simclr.s0.e20f.ext,217,0.80855470415578,0.6408238447751866,0.21964479664059708,1.5930039001609337,0.1659093868343989,0.057636181715072884
simclr,treated,in100.simclr.s0.e20f.ext,218,0.7969304625338485,0.6331520050220593,0.21839247055333263,1.582327695921374,0.16241901849484874,0.054013037825986966
simclr,treated,in100.simclr.s0.e20f.ext,219,0.7916159606100143,0.6315886630781551,0.2276986646220817,1.5607408332758306,0.16180498639159094,0.05574995964629639
simclr,treated,in100.simclr.s0.e20f.ext,220,0.7811782819837788,0.6293022582408496,0.2170959457524286,1.539172456735486,0.16107113884980334,0.050897181272751044
simclr,treated,in100.simclr.s0.e20f.ext,221,0.7799168955875246,0.6181576052968996,0.2158908365084709,1.5335626752274745,0.1672415592903998,0.05036186743438408
simclr,treated,in100.simclr.s0.e20f.ext,222,0.7781841046335765,0.6185384273342902,0.21522627843742032,1.5306601119738925,0.1650950843432667,0.058477313890551386
simclr,treated,in100.simclr.s0.e20f.ext,223,0.7645025721028395,0.6074398124379181,0.2151511236881154,1.4937613824733995,0.16742348363148907,0.05906490695853241
simclr,treated,in100.simclr.s0.e20f.ext,224,0.7633357665710118,0.6069984352460934,0.2108197699447574,1.4948247992339514,0.16670050963132158,0.05565910844757961
simclr,treated,in100.simclr.s0.e20f.ext,225,0.756948230057588,0.5907221145180573,0.20430287809863154,1.518680035315049,0.17029671280486516,0.06038691397090468
simclr,treated,in100.simclr.s0.e20f.ext,226,0.7536762248171801,0.5966458171032527,0.21028381042757519,1.5053760796600808,0.16379303057511446,0.05420312636924961
simclr,treated,in100.simclr.s0.e20f.ext,227,0.7463402621185032,0.5960222861925639,0.20535980118949182,1.4872745579347528,0.16427838940207415,0.057535625787669596
simclr,treated,in100.simclr.s0.e20f.ext,228,0.7389762115839806,0.5919454740364567,0.19931404743035294,1.455327763470398,0.16399175472443672,0.0691225104151022
simclr,treated,in100.simclr.s0.e20f.ext,229,0.7306985361378715,0.5752922141089502,0.19449529705311272,1.4599100248665497,0.1697867992077974,0.05552168280678669
simclr,treated,in100.simclr.s0.e20f.ext,230,0.7254615909575272,0.5836174605188856,0.20459930654213632,1.4238369480463777,0.15920499164100166,0.06726818335382131
simclr,treated,in100.simclr.s0.e20f.ext,231,0.7203926802445811,0.5745718902894839,0.20394304596487978,1.4141814962457178,0.16615496276237798,0.06238578724192915
simclr,treated,in100.simclr.s0.e20f.ext,232,0.7122016767732298,0.5595529369592139,0.1919429120747373,1.42993962472404,0.16910232376167628,0.06978386227514881
simclr,treated,in100.simclr.s0.e20f.ext,233,0.7113435409673442,0.55430597720313,0.18934598956248658,1.4173206859780447,0.17094031551225566,0.08772303147960912
simclr,treated,in100.simclr.s0.e20f.ext,234,0.7011509923086086,0.5579524041411716,0.1898028313844258,1.3950540351308285,0.16357995225549068,0.06388278757988398
simclr,treated,in100.simclr.s0.e20f.ext,235,0.69675468510699,0.5517028843214882,0.1884824481335223,1.382241726944609,0.17016282052524676,0.0686083849261839
simclr,treated,in100.simclr.s0.e20f.ext,236,0.6903275849616114,0.5495886628912828,0.1883413857942962,1.371354128661107,0.16605634952148923,0.058010803696990326
simclr,treated,in100.simclr.s0.e20f.ext,237,0.688361805669246,0.5421297141595598,0.18672312709897054,1.3630979367166074,0.1670678759228206,0.057276778400398846
simclr,treated,in100.simclr.s0.e20f.ext,238,0.6793433644596615,0.5356585204883444,0.18419403370516305,1.3610408144866648,0.16425238428251038,0.07392823199756073
simclr,treated,in100.simclr.s0.e20f.ext,239,0.6731182524094801,0.5321291091083244,0.18447851946875762,1.3240754435720345,0.16708431237043578,0.07390794077748103
simclr,treated,in100.simclr.s0.e20f.ext,240,0.6712718106902641,0.5237939277036052,0.18370958321195416,1.339654359607255,0.16883947232888058,0.07353673177155728
simclr,treated,in100.simclr.s0.e20f.ext,241,0.6685083371770673,0.5239627732789154,0.17817089194474872,1.3195298062200382,0.17072596520027017,0.06896635947558011
simclr,treated,in100.simclr.s0.e20f.ext,242,0.6645104874421713,0.518796508790778,0.18272417524630666,1.327541376540048,0.1659572183737633,0.06451270151290565
simclr,treated,in100.simclr.s0.e20f.ext,243,0.6593941483552014,0.5275831669698396,0.18214409095023876,1.2965304045223323,0.16604810810473,0.0749350685654051
simclr,treated,in100.simclr.s0.e20f.ext,244,0.6509810288578152,0.5176906278099876,0.18187663910484667,1.275057074473967,0.16602553396259773,0.0764089197541783
simclr,treated,in100.simclr.s0.e20f.ext,245,0.6448629723377062,0.5023842359562345,0.1733887779707569,1.2822091992727214,0.1695561027830495,0.07288349712435316
simclr,treated,in100.simclr.s0.e20f.ext,246,0.641321973121608,0.49642524871452753,0.17095750755410924,1.2691978304131146,0.17697237828356516,0.07370836573987474
simclr,treated,in100.simclr.s0.e20f.ext,247,0.6386012448979193,0.502299185728547,0.17425870274071342,1.2499201632908832,0.1672150726026384,0.08190586713045014
simclr,treated,in100.simclr.s0.e20f.ext,248,0.6361885450978702,0.5025873877415997,0.1711624258008733,1.2381519660888558,0.168360004084452,0.07381377680102884
simclr,treated,in100.simclr.s0.e20f.ext,249,0.6232632512829458,0.4881471681503462,0.17038001448186815,1.2361295049533063,0.17254858289812616,0.09338644622632206
simclr,treated,in100.simclr.s0.e20f.ext,250,0.6183272369534716,0.4859779432010547,0.16667215489870962,1.2217492143666209,0.17068544959885076,0.07932771798595102
simclr,treated,in100.simclr.s0.e20f.ext,251,0.6175854923152599,0.48568237966964267,0.16785756627706572,1.2215078388068759,0.1692857496006685,0.0974840921501591
simclr,treated,in100.simclr.s0.e20f.ext,252,0.6131191844084234,0.4810647654247237,0.16750111725800126,1.2270113532760958,0.16867000590570744,0.08403612142700935
simclr,treated,in100.simclr.s0.e20f.ext,253,0.6069331561540633,0.4787196441965147,0.16536329205852132,1.2050672867484975,0.1661677512421334,0.102299570520788
simclr,treated,in100.simclr.s0.e20f.ext,254,0.6051401384217326,0.4739437236662137,0.15637140306002315,1.2067055399714806,0.16984719432533943,0.07125403927302458
simclr,treated,in100.simclr.s0.e20f.ext,255,0.5952104665218215,0.46611097191875583,0.16158165588631734,1.1844155812521289,0.16872417555364017,0.09513268836804288
simclr,treated,in100.simclr.s0.e20f.ext,256,0.5941122599430071,0.46057593100561345,0.15323031338784807,1.1872934127816066,0.17493173346444188,0.0715737425437265
simclr,treated,in100.simclr.s0.e20f.ext,257,0.5786640692158872,0.4582535361913078,0.16145453697996165,1.150822274700182,0.16782470571139435,0.07075190085358422
simclr,treated,in100.simclr.s0.e20f.ext,258,0.5756095850543973,0.45763454316821806,0.15548517235775494,1.1333921336594803,0.16881779584226558,0.08257777821049896
simclr,treated,in100.simclr.s0.e20f.ext,259,0.5730472299462925,0.45150915623138177,0.15047518702500803,1.134008609820046,0.16959780649265213,0.06002931689640263
simclr,treated,in100.simclr.s0.e20f.ext,260,0.5709490902928602,0.43766124562446285,0.1437223126276771,1.162355496898343,0.1780547166795496,0.10256091721208158
simclr,treated,in100.simclr.s0.e20f.ext,261,0.5623978134674759,0.4375507283237195,0.15121913078179527,1.1194824747381824,0.17084101146345518,0.09893548789140733
simclr,treated,in100.simclr.s0.e20f.ext,262,0.5574784555969227,0.43617121724858954,0.14473344513017908,1.120068505452544,0.1687298692474696,0.08610706976977571
simclr,treated,in100.simclr.s0.e20f.ext,263,0.5522938866017784,0.42989382108750657,0.14966145101515144,1.104423932219842,0.16852140494582862,0.08441770463383971
simclr,treated,in100.simclr.s0.e20f.ext,264,0.5462496472444985,0.42815180361369165,0.14861176748765365,1.0938835055710947,0.16784442783776785,0.09824591806368989
simclr,treated,in100.simclr.s0.e20f.ext,265,0.5420939338907305,0.4189218117245582,0.14016390355249134,1.089750612226277,0.1747018323077045,0.08809680582379219
simclr,treated,in100.simclr.s0.e20f.ext,266,0.5370917197921619,0.41999965775828485,0.14279408469308033,1.062500844782865,0.17102761556585586,0.09650950547073057
simclr,treated,in100.simclr.s0.e20f.ext,267,0.5281425236708397,0.4120117025847896,0.13853059089909184,1.0550034769178622,0.17110215028799555,0.09909318162588901
simclr,treated,in100.simclr.s0.e20f.ext,268,0.5188057125558175,0.40322351082486807,0.13668251217465588,1.0367955480922508,0.1708622235785078,0.1143265583302594
simclr,treated,in100.simclr.s0.e20f.ext,269,0.5148594187974465,0.4021660307394938,0.13617347976599628,1.028497496827043,0.17168554217680987,0.1060044418971557
simclr,treated,in100.simclr.s0.e20f.ext,270,0.509415381123673,0.395192360398653,0.13562285050051276,1.023070532049144,0.1704986049923325,0.11739470732202519
simclr,treated,in100.simclr.s0.e20f.ext,271,0.5041095968868775,0.3914426404715477,0.1298670984124836,1.016718157601845,0.17415958108020327,0.09282532536837797
simclr,treated,in100.simclr.s0.e20f.ext,272,0.5030564344280181,0.39607221988087493,0.1352866680246914,1.0118860483034524,0.16697173122064815,0.13848459178651973
simclr,treated,in100.simclr.s0.e20f.ext,273,0.5006898305376085,0.3790872113061061,0.12728368250713498,1.0022804676426942,0.18751455935674835,0.11440820509687938
simclr,treated,in100.simclr.s0.e20f.ext,274,0.49507218585225327,0.38970490461180013,0.13506153576639943,0.9848921210315785,0.16838469557480895,0.11800042193937144
simclr,treated,in100.simclr.s0.e20f.ext,275,0.49009800388016267,0.37328438778538164,0.12339940472175179,0.9871103650328208,0.18167884008748938,0.09964546177310364
simclr,treated,in100.simclr.s0.e20f.ext,276,0.48725499025618824,0.3655636485344587,0.12147297265101822,0.995508013561915,0.18627713031487844,0.11762302837225219
simclr,treated,in100.simclr.s0.e20f.ext,277,0.48252478920993874,0.3699737270632122,0.12490699396401773,0.9711316467891301,0.17638052397636564,0.09295580836114256
simclr,treated,in100.simclr.s0.e20f.ext,278,0.48117445910742196,0.3751900180888181,0.12826680049331615,0.9671162722832366,0.1723546507409034,0.11731269998885263
simclr,treated,in100.simclr.s0.e20f.ext,279,0.47703910503784563,0.36262291314149003,0.1192521175031023,0.9575240756166843,0.18683752863914416,0.13659659801139717
simclr,treated,in100.simclr.s0.e20f.ext,280,0.466952585648701,0.3557732219854569,0.11896349625015427,0.9547546258353848,0.18129561804110433,0.10227145878090109
simclr,treated,in100.simclr.s0.e20f.ext,281,0.463041694561302,0.35627724067013766,0.11866917468696439,0.9215733971545707,0.17971091931438626,0.16560767673774152
simclr,treated,in100.simclr.s0.e20f.ext,282,0.4562717996395051,0.3546336608504015,0.11917729320685369,0.9150074677665989,0.1717318869114835,0.15495583623986403
simclr,treated,in100.simclr.s0.e20f.ext,283,0.4526330878853569,0.3411809962589755,0.1153159847625608,0.91567463607052,0.18228477264967083,0.15635895754375187
simclr,treated,in100.simclr.s0.e20f.ext,284,0.44905699796048165,0.3475012178885986,0.11517181247407339,0.9127736894616592,0.17396387341012676,0.14369960723256836
simclr,treated,in100.simclr.s0.e20f.ext,285,0.4436631673816886,0.34181716104567605,0.11202258240111372,0.8925751825781165,0.1759416798301216,0.12513848169053665
simclr,treated,in100.simclr.s0.e20f.ext,286,0.43958164808007405,0.34549161027798625,0.11649472083857088,0.8723899667394125,0.1707545878295382,0.17694394215993348
simclr,treated,in100.simclr.s0.e20f.ext,287,0.4362940385578574,0.33167092020250555,0.1091284737162669,0.8899280470316224,0.1789294323536641,0.16017619126244495
simclr,treated,in100.simclr.s0.e20f.ext,288,0.4340144155218495,0.33865978540971153,0.11515498009784479,0.871724217765875,0.170089645763636,0.13778962785708107
simclr,treated,in100.simclr.s0.e20f.ext,289,0.42716017301856135,0.33025414596191277,0.11259803670500974,0.8645963943750653,0.17403983490505823,0.18755563560278132
simclr,treated,in100.simclr.s0.e20f.ext,290,0.4240125744773505,0.3289818297590109,0.10854326355554156,0.857011770115544,0.17721049738633718,0.1341467052618408
simclr,treated,in100.simclr.s0.e20f.ext,291,0.4168655874728945,0.3142077866843372,0.10538028356976219,0.8448102449450869,0.1785937341991431,0.19154877552476268
simclr,treated,in100.simclr.s0.e20f.ext,292,0.41401910023602767,0.31140464644395405,0.10156103870856764,0.8281471101668407,0.1895705192779017,0.09834196883579188
simclr,treated,in100.simclr.s0.e20f.ext,293,0.4089971859376441,0.30820647764446363,0.10067460483619131,0.8421559606677659,0.18118263151109454,0.1886166836571039
simclr,treated,in100.simclr.s0.e20f.ext,294,0.4068747483962677,0.30604766311719966,0.10311570027683761,0.8248806768125857,0.18516222189642378,0.17768189168368498
simclr,treated,in100.simclr.s0.e20f.ext,295,0.4001750314717927,0.2991368213241735,0.09992028473444739,0.8070405520192561,0.1873264063338345,0.1749069261215426
simclr,treated,in100.simclr.s0.e20f.ext,296,0.39147432008988886,0.3042629496335285,0.10158366662338603,0.7752657320544034,0.1747946834601143,0.20813624026728533
simclr,treated,in100.simclr.s0.e20f.ext,297,0.38556693793328745,0.29150908050687063,0.09985073934594102,0.7841634183397144,0.18147454402151664,0.2108655764494883
simclr,treated,in100.simclr.s0.e20f.ext,298,0.3835895458705176,0.289983781571205,0.09737192783633383,0.7682982395377829,0.186697571287438,0.20856352302893202
simclr,treated,in100.simclr.s0.e20f.ext,299,0.3764397494291347,0.2812466476041638,0.0948718049853042,0.7638506338642287,0.18616111845365058,0.2041782445846672
simclr,treated,in100.simclr.s0.e20f.ext,300,0.37366345915951,0.2816841551124828,0.09371185481602617,0.7443325401802752,0.1909529756750643,0.2158668487448817
simclr,treated,in100.simclr.s0.e20f.ext,301,0.3717289431158889,0.2881332597897217,0.09563712723764652,0.7471543968800717,0.17603821663068842,0.1873389291323426
simclr,treated,in100.simclr.s0.e20f.ext,302,0.36608075534545054,0.26832793572264346,0.0884170210579092,0.7453019705331337,0.19657329457322004,0.19682873848500754
simclr,treated,in100.simclr.s0.e20f.ext,303,0.3608568102318147,0.27237896311426946,0.09104307047258807,0.7292189255779384,0.18365700821925007,0.2344143944383168
simclr,treated,in100.simclr.s0.e20f.ext,304,0.359144974088881,0.26893115742729296,0.092248306001802,0.72454524968276,0.18803530462469667,0.23669377120076507
simclr,treated,in100.simclr.s0.e20f.ext,305,0.35339671622245983,0.26864090073346314,0.09005912857131866,0.7270560374759732,0.1788664782916102,0.19387827830484103
simclr,treated,in100.simclr.s0.e20f.ext,306,0.35163267970590717,0.2623277227150187,0.08649381075161162,0.7169495356017684,0.19390912860085266,0.24412077614062658
simclr,treated,in100.simclr.s0.e20f.ext,307,0.34642912981617213,0.26084798326102515,0.08541171134705282,0.6998862949460303,0.187935800902465,0.2540403913959124
simclr,treated,in100.simclr.s0.e20f.ext,308,0.3414395139038445,0.25770300569155247,0.08851081230916821,0.6762973278039475,0.19036751900344548,0.2773596814078935
simclr,treated,in100.simclr.s0.e20f.ext,309,0.3378961652439787,0.2500112468841147,0.0847111300436652,0.690942252001327,0.19235880143561573,0.19766923555636592
simclr,treated,in100.simclr.s0.e20f.ext,310,0.3332372999314385,0.24745634093338653,0.08164847205466866,0.6845753219982047,0.1928805492921934,0.28646820940012857
simclr,treated,in100.simclr.s0.e20f.ext,311,0.3297882651831799,0.2464823120484783,0.08419925224866132,0.6580715919393523,0.19074882202478083,0.1902235454463892
simclr,treated,in100.simclr.s0.e20f.ext,312,0.32126737334533173,0.23794891562358855,0.07872330813088113,0.6548063364378149,0.1937844895590126,0.29997185700775836
simclr,treated,in100.simclr.s0.e20f.ext,313,0.31945953799340887,0.23321976280713877,0.07713531370293865,0.6317276892277311,0.20803682854212785,0.3018496653795159
simclr,treated,in100.simclr.s0.e20f.ext,314,0.3131687403099873,0.2263574583990433,0.07537844139057004,0.633929583934977,0.20624746914626166,0.3076298031383258
simclr,treated,in100.simclr.s0.e20f.ext,315,0.3106074865578592,0.21871045216550333,0.07156485846330667,0.6509400989934256,0.2050619425690442,0.21988461590569916
simclr,treated,in100.simclr.s0.e20f.ext,316,0.3069359216119463,0.21470123905480698,0.07079681861057975,0.6068287951898416,0.22765844358007803,0.3541528081142961
simclr,treated,in100.simclr.s0.e20f.ext,317,0.3039205209137302,0.22671105688181226,0.07571663018140852,0.613920728378821,0.19205986153029658,0.2713426745340674
simclr,treated,in100.simclr.s0.e20f.ext,318,0.2977877024408362,0.21576427748779775,0.06992246402061959,0.615963110158762,0.19998256629279432,0.3215360081170588
simclr,treated,in100.simclr.s0.e20f.ext,319,0.29773574172740963,0.21994912952878148,0.07365327875090555,0.6071714147288034,0.19066019824888536,0.31588797234207117
simclr,treated,in100.simclr.s0.e20f.ext,320,0.29117656988756513,0.2173643614534055,0.070581996369529,0.5887295267268308,0.19202560106721442,0.3052833145514883
simclr,treated,in100.simclr.s0.e20f.ext,321,0.2856357197024373,0.20766222637253073,0.0675757658020247,0.5818545067805637,0.20152755835697103,0.25817030426713194
simclr,treated,in100.simclr.s0.e20f.ext,322,0.28197123668884094,0.20465177979658986,0.06732080432319859,0.5871715987588706,0.19416210652927793,0.33136803594494274
simclr,treated,in100.simclr.s0.e20f.ext,323,0.2733551819599233,0.20361986387015596,0.06631428141730973,0.5536485915314676,0.1906070174836194,0.31296499050182425
simclr,treated,in100.simclr.s0.e20f.ext,324,0.27145761058681006,0.19790224740302056,0.06560917523891929,0.558125125400988,0.19681044194776778,0.29985912439296425
simclr,treated,in100.simclr.s0.e20f.ext,325,0.26875255150623073,0.1977854639205403,0.06420729054413268,0.5451270313285393,0.19910822158565722,0.34356906534439746
simclr,treated,in100.simclr.s0.e20f.ext,326,0.2636254863345501,0.18933572394187378,0.06084444368114395,0.5370401435049348,0.2091816328452293,0.3487921683676346
simclr,treated,in100.simclr.s0.e20f.ext,327,0.2569518698831674,0.18338181059158554,0.059951099582767,0.5252208745530238,0.21096758267575083,0.3850896883782141
simclr,treated,in100.simclr.s0.e20f.ext,328,0.25391399471195086,0.18758071030169116,0.06030549506465468,0.5180090858512616,0.19472520360263226,0.3447742545124736
simclr,treated,in100.simclr.s0.e20f.ext,329,0.24450967952088637,0.17170409959850763,0.055352830007752866,0.51141130070394,0.20974778297768826,0.3858225922321115
simclr,treated,in100.simclr.s0.e20f.ext,330,0.24087928260256772,0.17596907221888464,0.05665526169779716,0.49265637519458233,0.19854130678775878,0.3343642690119145
simclr,treated,in100.simclr.s0.e20f.ext,331,0.23826889414986396,0.1653782360605317,0.05209268030535846,0.4868898367011075,0.21877079867156582,0.4204214534383182
simclr,treated,in100.simclr.s0.e20f.ext,332,0.23214235520678816,0.17172607011811816,0.05549504245234168,0.4690779581898915,0.19247284958125654,0.36713587185503627
simclr,treated,in100.simclr.s0.e20f.ext,333,0.22578191046898324,0.14897102323867928,0.049296775083204035,0.4374304957939183,0.26464108424847416,0.5074531844285545
simclr,treated,in100.simclr.s0.e20f.ext,334,0.2217284579541205,0.15745685536981785,0.05225600820122809,0.43011049462244844,0.2214542084868553,0.36928870366182737
simclr,treated,in100.simclr.s0.e20f.ext,335,0.21669683703622494,0.1490471364293866,0.04780672715700777,0.43525905573092544,0.22765090932896714,0.4130325371582655
simclr,treated,in100.simclr.s0.e20f.ext,336,0.2130384854192844,0.1276901129392407,0.04052549050334464,0.3992187794694451,0.31110750364696066,0.5033041393623023
simclr,treated,in100.simclr.s0.e20f.ext,337,0.1997642960778842,0.12445936789503709,0.04009618658810835,0.3897587065828541,0.28387294910385896,0.4650846135462689
simclr,treated,in100.simclr.s0.e20f.ext,338,0.19821844107870448,0.12865239561794756,0.03901547471156084,0.40671589712781564,0.25490038024291545,0.3997376806221729
simclr,treated,in100.simclr.s0.e20f.ext,339,0.18954130245006462,0.12084309848086922,0.0385175887598248,0.37694300328452063,0.26807753198893164,0.4130206889635295
simclr,treated,in100.simclr.s0.e20f.ext,340,0.18408065461614015,0.13065590537391306,0.04140962328493185,0.38359392520653934,0.2083616278659987,0.3911771502998145
simclr,treated,in100.simclr.s0.e20f.ext,341,0.17673647992996247,0.12068483270183028,0.038687465862788914,0.36389965698173177,0.22355585516287685,0.45911411575643757
simclr,treated,in100.simclr.s0.e20f.ext,342,0.16384924391498207,0.07937457787432692,0.02578807923714537,0.2872275122295766,0.4064375231961872,0.5902714571688504
simclr,treated,in100.simclr.s0.e20f.ext,343,0.15687573914601377,0.10528379858968301,0.033019052882182647,0.3210337030658152,0.24043436017269826,0.4517471723967278
simclr,treated,in100.simclr.s0.e20f.ext,344,0.15461744289340976,0.09833943604369916,0.032251440389596514,0.3051136256731733,0.26251824578832716,0.41602878622040357
simclr,treated,in100.simclr.s0.e20f.ext,345,0.15093893488733895,0.07741367837396385,0.025755715308026384,0.24768195210014474,0.402916162932761,0.5622875289820723
simclr,treated,in100.simclr.s0.e20f.ext,346,0.1487753313684955,0.08685743970095386,0.02718821847596944,0.2835905043594861,0.31487357585602627,0.40566284619486837
simclr,treated,in100.simclr.s0.e20f.ext,347,0.14037430149834632,0.08367810000210148,0.02579600797356813,0.2888683837660787,0.285089688543721,0.5584936486405503
simclr,treated,in100.simclr.s0.e20f.ext,348,0.13656015275432812,0.07147568896517827,0.022089197886760725,0.2771786148213606,0.34150095912696116,0.5983780945186341
simclr,treated,in100.simclr.s0.e20f.ext,349,0.12194191994592489,0.07712796641336772,0.02277406085356218,0.2557991653059818,0.2476430775181228,0.5273508269918156
simclr,treated,in100.simclr.s0.e20f.ext,350,0.118483047031521,0.06009385478158866,0.0181181178451054,0.2405809080974087,0.3468566474124161,0.5981518276702417
simclr,treated,in100.simclr.s0.e20f.ext,351,0.11659636116589135,0.06285560661638998,0.019377962535045826,0.22675988921434312,0.3390929173946416,0.6160951410637465
simclr,treated,in100.simclr.s0.e20f.ext,352,0.10279898484588483,0.06670332006636064,0.018224873556364967,0.23260628074648804,0.22477004537482834,0.6657590237465371
simclr,treated,in100.simclr.s0.e20f.ext,353,0.08724141175295581,0.0568242400087585,0.016479615607632846,0.19137543546443983,0.22346821977794148,0.6365135701420557
simclr,treated,in100.simclr.s0.e20f.ext,354,0.05751472482979558,0.038360162503352745,0.010986970070373386,0.12484746613450859,0.22080420973054704,0.7576945338504758
byol,control,in100.byol.s0.ext,0,27.964888446155683,25.090538535706905,8.408042707549798,51.11903874028556,0.12910546008544016,0.06433426023321523
byol,control,in100.byol.s0.ext,1,19.477056552471282,16.74219510115922,5.513598394585761,37.1050797059704,0.143498844345961,0.09677997881660856
byol,control,in100.byol.s0.ext,2,15.127432983220139,12.366245614312891,4.170043093922337,29.558484507201392,0.16003190811208826,0.06042359761389784
byol,control,in100.byol.s0.ext,3,12.88368890575041,11.165064341947785,4.241237575555468,23.73555248641383,0.135341502066705,0.049197876905649564
byol,control,in100.byol.s0.ext,4,10.803535564349296,8.94764029275534,3.4223240490654816,19.954940675269647,0.16043265292275055,0.058749157183518974
byol,control,in100.byol.s0.ext,5,7.477806769575807,5.88228246152844,2.126303845417899,14.605064337351603,0.17244477585002352,0.054348324928123096
byol,control,in100.byol.s0.ext,6,5.844837118964921,5.135267092432139,2.147354930034337,10.336611844258316,0.13321292778078503,0.05896549906558057
byol,control,in100.byol.s0.ext,7,4.980512891866025,4.03047233121608,1.496424691786434,9.519429893536559,0.15996112032206097,0.047529866518189544
byol,control,in100.byol.s0.ext,8,4.369681452367485,3.544734286347282,1.275494900100368,8.420980261566587,0.1644980199355179,0.06359671776067537
byol,control,in100.byol.s0.ext,9,4.016287388338862,3.4193611676401265,1.3893567227538903,7.36266880270561,0.14445118554141692,0.05681440009380175
byol,control,in100.byol.s0.ext,10,3.9063263516819777,2.981449867591029,1.10206380647511,7.709081548465957,0.18160817420086214,0.052240402783652724
byol,control,in100.byol.s0.ext,11,3.3780432102835185,2.6181913497434,0.9438918605200105,6.635107930489993,0.1792915559807448,0.046962936025413154
byol,control,in100.byol.s0.ext,12,3.2105314386689496,2.6402279197539698,1.0475592774119489,6.0575239209412715,0.15770474650860697,0.045231788689760924
byol,control,in100.byol.s0.ext,13,3.0452709249146275,2.540876855136439,0.9811396076651666,5.700483750024495,0.15041161600617006,0.07521454878770867
byol,control,in100.byol.s0.ext,14,2.707722166488704,2.2009753790361204,0.8552488905785214,5.054962910930029,0.1624994957198055,0.04589069135217466
byol,control,in100.byol.s0.ext,15,2.620955299258217,2.1220113081451917,0.817185239733833,5.001521661017323,0.16101762481506912,0.0496679952142923
byol,control,in100.byol.s0.ext,16,2.604944770489211,2.0289840546244147,0.7715198844034115,5.036777502483104,0.17657578388292486,0.05804129104057937
byol,control,in100.byol.s0.ext,17,2.5579269084860052,2.07292878553144,0.7947588268264314,4.918591424426514,0.16035367078565968,0.05689105300570604
byol,control,in100.byol.s0.ext,18,2.3771027774095432,1.9078876643420448,0.7411070865803984,4.568852223269787,0.1643791992752602,0.0644997924035412
byol,control,in100.byol.s0.ext,19,2.2950602666541946,1.8937670940887332,0.7446988947060751,4.288489710421439,0.15783364098497843,0.06259009355552
byol,control,in100.byol.s0.ext,20,2.2499581187693374,1.8415992577936406,0.6901001174310607,4.263020604321388,0.15575039854089148,0.05314595640905338
byol,control,in100.byol.s0.ext,21,2.2113099765153565,1.823131760164287,0.719369467503497,4.154157199550382,0.15332129580428971,0.0574067980870442
byol,control,in100.byol.s0.ext,22,2.154112166917213,1.793435121891335,0.727271015093412,4.002302693776617,0.1469671527592608,0.0714835177167303
byol,control,in100.byol.s0.ext,23,2.09492218423753,1.707521022974789,0.6702446497038617,3.9600432491797255,0.15709555596566618,0.050130533024058774
byol,control,in100.byol.s0.ext,24,2.0028271806674742,1.6566259100307812,0.636513097521276,3.7181785959557345,0.15650278220973954,0.04486844476691666
byol,control,in100.byol.s0.ext,25,1.9327900247886864,1.5543582054452671,0.6077179595061738,3.670321610716167,0.1637851342560363,0.06264277559970255
byol,control,in100.byol.s0.ext,26,1.8593656264326754,1.5094706263276698,0.5868180131829922,3.5388152399955968,0.162315633905305,0.060058920646346235
byol,control,in100.byol.s0.ext,27,1.8160984553679789,1.48637664941166,0.5923601912888428,3.44344621812148,0.15558373353363497,0.053667979072454346
byol,control,in100.byol.s0.ext,28,1.760096604391105,1.4552634680042675,0.5592768783332616,3.3541257411508654,0.15659073906879983,0.06657138920509724
byol,control,in100.byol.s0.ext,29,1.7292091594858192,1.4054548228043402,0.5390972191422736,3.263391542285436,0.16170683171645653,0.06971310026990421
byol,control,in100.byol.s0.ext,30,1.6947482894753487,1.4114599789330997,0.5548333939777723,3.177600285706365,0.1524566898837036,0.06747259909716216
byol,control,in100.byol.s0.ext,31,1.6572290549128326,1.3400985864534651,0.5104111300396971,3.1590011157564755,0.1628259175448582,0.0544720677990489
byol,control,in100.byol.s0.ext,32,1.6112022023508004,1.2812256398583872,0.485678055008836,3.110359791863785,0.1657385008389868,0.05055340059654779
byol,control,in100.byol.s0.ext,33,1.5754652665544797,1.2819387076530142,0.48898957761716283,2.997061232831758,0.16363558135566325,0.08186885111706661
byol,control,in100.byol.s0.ext,34,1.5006797787823427,1.2245361855097663,0.4729382027646672,2.87256083781761,0.1531971810190215,0.06715584265899587
byol,control,in100.byol.s0.ext,35,1.4872409829412043,1.22649439080367,0.4817323801440881,2.8131375207044353,0.15376374612968488,0.09248798147987289
byol,control,in100.byol.s0.ext,36,1.4510467625939867,1.1816807253360375,0.4589063808172421,2.748611297800558,0.1593709905131513,0.06930143529976665
byol,control,in100.byol.s0.ext,37,1.431345663420817,1.1777103894854546,0.4501611346397865,2.6892689278759216,0.15703813086561952,0.06678513291564327
byol,control,in100.byol.s0.ext,38,1.3895211509497978,1.1169382522386688,0.433556904007311,2.7031506463560073,0.16019633434426012,0.09495634431148323
byol,control,in100.byol.s0.ext,39,1.3469333869802822,1.1133995492299467,0.4264439425854005,2.552167837407391,0.15295664264155598,0.07096578604018611
byol,control,in100.byol.s0.ext,40,1.3298021803480025,1.0669131528160845,0.4100959567634278,2.518392439566768,0.16115369496045243,0.05656522200104616
byol,control,in100.byol.s0.ext,41,1.2968668419633258,1.0576241557292656,0.39951604642678207,2.4645290834835385,0.1578416485356554,0.07262993491496215
byol,control,in100.byol.s0.ext,42,1.291381794055415,1.045983316557213,0.4102904284529065,2.458389665008384,0.15946309550451812,0.07052863351527919
byol,control,in100.byol.s0.ext,43,1.252430883721463,1.0314072325411312,0.4053623909498712,2.357457079415616,0.15551130122007834,0.08955202617886719
byol,control,in100.byol.s0.ext,44,1.2350648173755385,1.0258925489049497,0.3941811759992409,2.328456706990736,0.15361840548886155,0.07014126745845548
byol,control,in100.byol.s0.ext,45,1.2141037153848093,1.0049463551366546,0.38154150823663524,2.3087174286749104,0.15203564057434737,0.1053547161215732
byol,control,in100.byol.s0.ext,46,1.1431052620556816,0.9507677167842141,0.3651905034252923,2.148279152805331,0.154889166659423,0.08793729515623676
byol,control,in100.byol.s0.ext,47,1.1122980106742755,0.9063237929878396,0.3458277570427139,2.118526795996338,0.1554621196529286,0.08431250454311683
byol,control,in100.byol.s0.ext,48,1.0898043454097193,0.8841205657733064,0.33762158448523244,2.1065399117863652,0.16086413102926567,0.1253157910248515
byol,control,in100.byol.s0.ext,49,1.073183694413324,0.8836374476173177,0.33681493374768073,2.0143869557624536,0.15672185996089663,0.05342303859171191
byol,control,in100.byol.s0.ext,50,1.0303504675924464,0.8263761406322727,0.3131775284936689,1.9770223093117751,0.16469500431444542,0.08034674501291969
byol,control,in100.byol.s0.ext,51,0.988225010701315,0.7856921697925101,0.2962347162662416,1.9192671015016043,0.16547459531400766,0.12173151758260752
byol,control,in100.byol.s0.ext,52,0.9846013617178324,0.7868111307436333,0.3055678338586699,1.8698999066582833,0.16652571983980521,0.11372818578078257
byol,control,in100.byol.s0.ext,53,0.9593502261951569,0.7748941341477498,0.2884720694834861,1.8558818064457425,0.1596096960020912,0.07476646681144083
byol,control,in100.byol.s0.ext,54,0.9347361143773754,0.7620107176301415,0.2848357509388746,1.7974603860400975,0.1605950640588573,0.09753547503677164
byol,control,in100.byol.s0.ext,55,0.9083724143867903,0.7337171275491864,0.281484171807954,1.73756860742374,0.1600008114467959,0.13403174068622714
byol,control,in100.byol.s0.ext,56,0.8803596299634413,0.7168973626176032,0.27253737427984587,1.6857158019324299,0.15969250403060944,0.09709246403905994
byol,control,in100.byol.s0.ext,57,0.865539846287055,0.6810764113175374,0.260210665054974,1.6624514915621194,0.17363071301702857,0.11443979966248703
byol,control,in100.byol.s0.ext,58,0.8383178281115282,0.6791705752251238,0.2503700842833015,1.6097197066383988,0.16087214129599364,0.10583094528909638
byol,control,in100.byol.s0.ext,59,0.8038688748568675,0.6400902213879537,0.24103463079144644,1.5564446471460858,0.16355841286666292,0.12183525982491247
byol,control,in100.byol.s0.ext,60,0.8000345484177164,0.6525538322993256,0.2448521812610857,1.5322911919366367,0.15788272844398704,0.07913564275225023
byol,control,in100.byol.s0.ext,61,0.7541602833962322,0.6089780170282794,0.22820924412452978,1.47098358253863,0.16142979789088666,0.17538645167367034
byol,control,in100.byol.s0.ext,62,0.7269103997831394,0.5858815022973516,0.21874117851991728,1.3988657212245312,0.16449441907108012,0.15426613689317137
byol,control,in100.byol.s0.ext,63,0.7220479203473895,0.5758711299071314,0.2157264988822875,1.4018699502958656,0.16565668943350093,0.11309257182773119
byol,control,in100.byol.s0.ext,64,0.6960572479916852,0.5675781021492841,0.20416204634090934,1.3357975047926622,0.15963435388084757,0.18910772329914657
byol,control,in100.byol.s0.ext,65,0.6860603368231176,0.5456262326391059,0.20249201347140472,1.3369258312590053,0.16726229412325488,0.11606681355207046
byol,control,in100.byol.s0.ext,66,0.6486006540706429,0.5116524402145175,0.192201066727251,1.273551673030283,0.166739161312787,0.0835479968150793
byol,control,in100.byol.s0.ext,67,0.6371103669036056,0.5084242708858366,0.18982208937081574,1.2294556723582355,0.16390856593434372,0.14981179909856185
byol,control,in100.byol.s0.ext,68,0.6173122332836749,0.48702860947966126,0.18314000360446755,1.215086805562356,0.16786627825948613,0.11838926068565236
byol,control,in100.byol.s0.ext,69,0.587065433434606,0.47337310208137284,0.17533739512148622,1.1444450317225316,0.15994298220470432,0.14993518143668091
byol,control,in100.byol.s0.ext,70,0.5759331574648022,0.4619028802105828,0.17027497269405312,1.119817588206051,0.1633624135324165,0.19338081693323414
byol,control,in100.byol.s0.ext,71,0.5743925640593671,0.45477224769466174,0.16895387154937613,1.1283197904533329,0.16993675277112338,0.16871584994818775
byol,control,in100.byol.s0.ext,72,0.5629181563954069,0.4499006620812199,0.16403027641710954,1.1023279733769276,0.1635580190723306,0.16283215521220362
byol,control,in100.byol.s0.ext,73,0.5386682244820461,0.4222369798543845,0.15053261171779045,1.0470829475710237,0.17324602589429,0.16667043163373102
byol,control,in100.byol.s0.ext,74,0.5260345582025555,0.4298698773291365,0.15796496275921304,1.0088916795657257,0.16249691459327864,0.16504483552678736
byol,control,in100.byol.s0.ext,75,0.493082206297019,0.3934326135846892,0.1418796098648558,0.9527533766842851,0.16748472367717127,0.20580544055960281
byol,control,in100.byol.s0.ext,76,0.4861557407693648,0.3812027096281537,0.13784228207179525,0.9479256679018242,0.17551263112956594,0.17154159239536249
byol,control,in100.byol.s0.ext,77,0.46712203185030227,0.3715765488486869,0.13614336772250676,0.9117084058170235,0.16693180603399307,0.2425220182467793
byol,control,in100.byol.s0.ext,78,0.4595940664200953,0.35304525054539554,0.1281125258405622,0.9149751875772547,0.17529062602745804,0.14863293367581348
byol,control,in100.byol.s0.ext,79,0.42763936252864354,0.32944396015685595,0.11909789855922928,0.8528661766649438,0.17749723671270976,0.17902518185302893
byol,control,in100.byol.s0.ext,80,0.42047436944524735,0.3124764688918912,0.11101376433639515,0.8431960539173278,0.1955799192823816,0.2150020371979027
byol,control,in100.byol.s0.ext,81,0.4027238349204954,0.3151153158112838,0.11376182566462914,0.7900292379735273,0.17306315786613016,0.24748684654900696
byol,control,in100.byol.s0.ext,82,0.382432011952253,0.2881825946035665,0.09858446056851812,0.7622302309044914,0.18687415550837772,0.19029451970475475
byol,control,in100.byol.s0.ext,83,0.37388650055789074,0.2849750199534786,0.10340764701217299,0.7387496813390878,0.18163955970198983,0.239023960782896
byol,control,in100.byol.s0.ext,84,0.3481247756229407,0.26550495670142227,0.0944744320533915,0.6874806597244323,0.18368855986702587,0.2631037104038404
byol,control,in100.byol.s0.ext,85,0.3400482520779375,0.25695066683101,0.09483715093662237,0.6788521739976972,0.18151028798228044,0.29190630075459295
byol,control,in100.byol.s0.ext,86,0.3379894095167757,0.2578645836928433,0.0909287169192643,0.6773458281835758,0.1793354834371223,0.23139066254984
byol,control,in100.byol.s0.ext,87,0.3176280052300753,0.23952666957241253,0.08513322022867803,0.6301351501849544,0.18686151204744728,0.2430967472364645
byol,control,in100.byol.s0.ext,88,0.3058345879683693,0.23161428251492486,0.08287781019649293,0.6050877860356015,0.18685954209391115,0.24216210201180427
byol,control,in100.byol.s0.ext,89,0.29538442402653664,0.2176597333968634,0.07911553841792354,0.5855934646560186,0.19821882428655993,0.291248573144065
byol,control,in100.byol.s0.ext,90,0.28327335924270275,0.19696399528327935,0.06978951968127556,0.5681188786060047,0.22358474537011497,0.3185133632461187
byol,control,in100.byol.s0.ext,91,0.2727606485397176,0.19490915125445077,0.06729277177134516,0.5424403348459033,0.21348656024745757,0.2871819729462749
byol,control,in100.byol.s0.ext,92,0.2632351876447645,0.19830852674686733,0.06730480966176475,0.52558308120988,0.1891336941635582,0.32959600462057154
byol,control,in100.byol.s0.ext,93,0.25948088518312173,0.18763154748723,0.06629638978745098,0.49544740178435104,0.21886141302586065,0.3352706467129334
byol,control,in100.byol.s0.ext,94,0.2517775653142861,0.18681591649266166,0.06413191876027219,0.49565051762826906,0.2030057255155724,0.3090347837290669
byol,control,in100.byol.s0.ext,95,0.23381271418030192,0.16973215195296346,0.05698685755629505,0.46676263598108886,0.20259780635429944,0.24927756028475445
byol,control,in100.byol.s0.ext,96,0.2269592587408886,0.16714558056357548,0.05870341480392378,0.4524084987130979,0.19849924563632024,0.3928043644864154
byol,control,in100.byol.s0.ext,97,0.21128369854652343,0.1260559661094391,0.041575589980987246,0.4215636418487584,0.29272520993091977,0.4923045746248204
byol,control,in100.byol.s0.ext,98,0.20229082004041946,0.12920411286189937,0.043707487772069384,0.40618246750479664,0.2603347769693189,0.35420299673910804
byol,control,in100.byol.s0.ext,99,0.18417048042341502,0.11742526680293494,0.04012335980126733,0.36343317145898824,0.26717488664945044,0.40565516581022193
byol,control,in100.byol.s0.ext,100,0.17564170694198633,0.10060648557488105,0.032436707495805316,0.353231336507036,0.30612764279222693,0.4518444105121028
byol,control,in100.byol.s0.ext,101,0.16908629216287996,0.1076783277105125,0.03473135616316369,0.3490001261988326,0.25764119825440956,0.39522143972093554
byol,control,in100.byol.s0.ext,102,0.1556558664885329,0.08770213315563868,0.027993225710488914,0.30282843331686543,0.3130047149189375,0.4861355829860624
byol,control,in100.byol.s0.ext,103,0.1356599114689416,0.07909542689385436,0.026172415987227776,0.26567853405613756,0.30850257742519516,0.4700767226559451
byol,control,in100.byol.s0.ext,104,0.1307525873619804,0.05588283349775184,0.01689692848919402,0.27261830264203196,0.3883769645080171,0.4821152506706966
byol,control,in100.byol.s0.ext,105,0.12264380837688153,0.08358772465626799,0.026351278264828124,0.2646770646949857,0.21223641076400587,0.6707970351785723
byol,control,in100.byol.s0.ext,106,0.09880668727263464,0.06822151940941126,0.02146207344610928,0.20394608464419228,0.22174629966785264,0.45931424452106123
byol,control,in100.byol.s0.ext,107,0.05992489442176799,0.04005326965415137,0.01266229449901285,0.12492085207442641,0.2319521071054372,0.7170549201016803
byol,treated,in100.byol.s0.e20f.ext,0,83.03275874555506,68.62516320387462,14.71954889711915,171.1526029616438,0.15356908869659103,0.10181619858810607
byol,treated,in100.byol.s0.e20f.ext,1,49.21334600833899,25.442606468620426,6.6644936966306645,127.8461894036387,0.2115272656238148,0.09228289771484428
byol,treated,in100.byol.s0.e20f.ext,2,41.7091367612978,32.73762174103754,9.868976079307112,85.46064783126283,0.1687703807437013,0.09091666313124955
byol,treated,in100.byol.s0.e20f.ext,3,33.1063306846542,25.695381991602602,7.600714913435709,68.86212218931097,0.16686629219848698,0.06362267740218107
byol,treated,in100.byol.s0.e20f.ext,4,30.04334517125819,25.085684083610474,8.265804701111898,58.71982894270088,0.14936735313141644,0.05747791028507944
byol,treated,in100.byol.s0.e20f.ext,5,23.45351656977741,17.663715015398626,5.535227518806614,46.158065420401456,0.20040077397026823,0.051114497805982824
byol,treated,in100.byol.s0.e20f.ext,6,22.647523832046794,18.461141130973402,5.811195083388546,44.811214816597335,0.1574434622980976,0.04342773249377478
byol,treated,in100.byol.s0.e20f.ext,7,17.654977347441324,13.57887819904308,3.8415049869314926,37.13908185577406,0.17218984838138468,0.04387878835055123
byol,treated,in100.byol.s0.e20f.ext,8,16.970211914352664,12.00686126289974,3.7048576234179422,35.92237458552179,0.2058141337251994,0.03260954060533502
byol,treated,in100.byol.s0.e20f.ext,9,15.846301802231336,13.439197088349763,4.607120922247713,30.306410678731606,0.14367039535724674,0.03649982989603647
byol,treated,in100.byol.s0.e20f.ext,10,13.77289980279558,11.286720641976945,3.8009306913384084,27.153591057915257,0.1563290273845126,0.043894419965855455
byol,treated,in100.byol.s0.e20f.ext,11,12.843506736892888,10.292447402730584,3.519604194284466,25.455099380955083,0.16197478542602192,0.04533878218870062
byol,treated,in100.byol.s0.e20f.ext,12,11.98115761252109,9.965385676289298,3.527851758286466,22.960293925504786,0.14875754529335816,0.04499564588252153
byol,treated,in100.byol.s0.e20f.ext,13,10.814489398698587,9.028977313085747,3.1172143066936058,20.82139017421061,0.15254412700534062,0.03487852549990051
byol,treated,in100.byol.s0.e20f.ext,14,10.010475975247463,8.241822552198759,2.9407187352423856,19.300379179756135,0.15422428488336531,0.03231736541920909
byol,treated,in100.byol.s0.e20f.ext,15,8.241317015025642,6.638846048935406,2.3165124471982423,16.13495419751948,0.16228203261387777,0.034937140494114394
byol,treated,in100.byol.s0.e20f.ext,16,7.890196355188602,6.377909730728759,2.1633156098623725,15.609504100382436,0.15549566358776828,0.0257186162189513
byol,treated,in100.byol.s0.e20f.ext,17,7.282204992361085,6.071757219299325,2.122962552298139,13.9242137231121,0.14942327994478757,0.028402103679977208
byol,treated,in100.byol.s0.e20f.ext,18,7.048022997990128,5.54977330065501,1.8336062999005511,14.078461798456779,0.17291662781331035,0.025410095589110494
byol,treated,in100.byol.s0.e20f.ext,19,6.75215495069497,5.56565569192781,1.9732945999183396,12.964266203739093,0.1503839363996022,0.03389651064809278
byol,treated,in100.byol.s0.e20f.ext,20,6.550069793570819,5.0749650850702315,1.7308965431109615,12.829515125687376,0.183242918822023,0.025433072465363506
byol,treated,in100.byol.s0.e20f.ext,21,6.155471277799383,5.062669175141027,1.8148797030848205,11.892079675893788,0.1515538328408319,0.026464119779459817
byol,treated,in100.byol.s0.e20f.ext,22,6.103470094104921,5.038946854389151,1.7968041912865027,11.737695758804135,0.15242611531630168,0.028963049887632458
byol,treated,in100.byol.s0.e20f.ext,23,5.967868012360686,4.853960984365591,1.6970340674868614,11.686092263128565,0.15661471261925367,0.02785506735533882
byol,treated,in100.byol.s0.e20f.ext,24,5.74135303668113,4.798165313495284,1.6778690480475935,11.129290637298624,0.14946391551961696,0.03016753157423797
byol,treated,in100.byol.s0.e20f.ext,25,5.684137427702272,4.716740950157131,1.6596977176537921,10.91673995927594,0.15242818363095828,0.027646282722559642
byol,treated,in100.byol.s0.e20f.ext,26,5.365242249208315,4.47674621566758,1.6485395526743494,10.177339047830293,0.15054417118875535,0.02410713764609557
byol,treated,in100.byol.s0.e20f.ext,27,5.321056930590729,4.419143397276889,1.6041605501699985,10.15737672948493,0.15220816927845313,0.029572373168822018
byol,treated,in100.byol.s0.e20f.ext,28,5.008553525438819,4.141489024266347,1.4587234284356985,9.566531545703503,0.15485440371817108,0.04058419123002013
byol,treated,in100.byol.s0.e20f.ext,29,4.9934025431612,4.161692663453373,1.5065045398446881,9.563110064452635,0.1507390617673919,0.024530049179846275
byol,treated,in100.byol.s0.e20f.ext,30,4.777676888458504,3.9878196771916343,1.3781485901214532,9.14712526315231,0.1516222490117386,0.03053241904475674
byol,treated,in100.byol.s0.e20f.ext,31,4.631168280111781,3.9122891654589225,1.4459280565111614,8.75302861939971,0.14591693853319454,0.02004338756941409
byol,treated,in100.byol.s0.e20f.ext,32,4.58002373604152,3.736260351360669,1.2916910820752776,8.91349130858642,0.15668816513833878,0.03035546050471861
byol,treated,in100.byol.s0.e20f.ext,33,4.512461469089299,3.68255813469142,1.2888963063252108,8.740955592830776,0.15672113630616363,0.022093754763844068
byol,treated,in100.byol.s0.e20f.ext,34,4.427995939720943,3.720878770164208,1.3654747283237874,8.311427440315041,0.15126622339271587,0.02351359976171644
byol,treated,in100.byol.s0.e20f.ext,35,4.316527759102991,3.6231999208539905,1.2988771986545056,8.272289482717735,0.15051840712632888,0.02829511351226017
byol,treated,in100.byol.s0.e20f.ext,36,4.1786639750958985,3.4568151990284814,1.2684325348314323,8.076094637707433,0.1508502003870353,0.02923268439666149
byol,treated,in100.byol.s0.e20f.ext,37,4.145727661982872,3.444847456988829,1.2716356190915254,7.909969920714386,0.14910531720115794,0.028206244835426487
byol,treated,in100.byol.s0.e20f.ext,38,4.081984279842551,3.430711088505256,1.231056593108899,7.708793491652597,0.14738401243146126,0.02243274141477113
byol,treated,in100.byol.s0.e20f.ext,39,3.98305202320327,3.316242718564999,1.1676495228469592,7.612339025456763,0.15207261063951943,0.02909466907678532
byol,treated,in100.byol.s0.e20f.ext,40,3.9383495443198733,3.3466407219006697,1.1625866491474632,7.428978139744468,0.14876638965272293,0.027754142747103496
byol,treated,in100.byol.s0.e20f.ext,41,3.857486158263745,3.227519746561191,1.1615528614919293,7.325772238937288,0.14728439094663234,0.020984440257796663
byol,treated,in100.byol.s0.e20f.ext,42,3.816914272116318,3.146544971120182,1.1447946626861696,7.308440197813796,0.15331330089276965,0.023952132788448877
byol,treated,in100.byol.s0.e20f.ext,43,3.804038574411188,3.160112856536799,1.1438704395392156,7.245157858792217,0.14855784405719671,0.026446047711076642
byol,treated,in100.byol.s0.e20f.ext,44,3.6967738921755626,3.120352780660604,1.1055366484755622,7.060371787197118,0.14827559810020063,0.02761708698493489
byol,treated,in100.byol.s0.e20f.ext,45,3.6739025259485643,3.082724529784512,1.1112417469788092,7.011822740688066,0.1483498335425541,0.031207702622687693
byol,treated,in100.byol.s0.e20f.ext,46,3.65229938314091,3.0955223891369625,1.1134970916658855,6.918088291056043,0.143906678359874,0.01959129083586047
byol,treated,in100.byol.s0.e20f.ext,47,3.562020442058098,2.9903495989767355,1.0604951038322903,6.764697629627832,0.14656965383584608,0.02780290361713847
byol,treated,in100.byol.s0.e20f.ext,48,3.4927011006163946,2.9568612955612403,1.0908313721351366,6.53051555023886,0.14627883208400466,0.024209935610598636
byol,treated,in100.byol.s0.e20f.ext,49,3.4199708473248114,2.8839942661434694,1.0617126628507858,6.371188532376809,0.14789257561888663,0.02094523416410039
byol,treated,in100.byol.s0.e20f.ext,50,3.4016860305818533,2.8119506523518494,1.0092924276305852,6.421426922618495,0.15423121987375057,0.03073260042228533
byol,treated,in100.byol.s0.e20f.ext,51,3.3789128584310517,2.8218593249289103,1.0177507810208792,6.487401309499425,0.14765455586962858,0.024495462917315705
byol,treated,in100.byol.s0.e20f.ext,52,3.3441998167322353,2.8138514730267277,1.0194866128362983,6.316337943238997,0.14959166069099153,0.03134223189821554
byol,treated,in100.byol.s0.e20f.ext,53,3.283888022867066,2.7458068124364354,0.9920202230255197,6.309844177126696,0.14467898835323303,0.027349939478763297
byol,treated,in100.byol.s0.e20f.ext,54,3.2615341241445193,2.729326344493942,1.0019918988605965,6.165252594368378,0.1509484562189762,0.026558323453156233
byol,treated,in100.byol.s0.e20f.ext,55,3.2154054330640083,2.735575268247393,1.00261301540903,6.0294717275507725,0.14579565308005632,0.023070026603494786
byol,treated,in100.byol.s0.e20f.ext,56,3.1657845299332203,2.6871330049473228,0.9745309680855304,6.022876353306653,0.1467704523262291,0.026913774112742015
byol,treated,in100.byol.s0.e20f.ext,57,3.150039403969855,2.6232042512446463,0.9157701978825412,6.088689597242192,0.1495936474504571,0.02344708165017608
byol,treated,in100.byol.s0.e20f.ext,58,3.13128056473813,2.6199683523110857,0.9222777748477959,5.92905443926733,0.15057011681249738,0.03078935378103954
byol,treated,in100.byol.s0.e20f.ext,59,3.0939162742159403,2.6026655720995393,0.9551936278700189,5.811879445826394,0.14642142295973612,0.027498332064518502
byol,treated,in100.byol.s0.e20f.ext,60,3.0669454346439267,2.5654031460395963,0.8951911990268778,5.864335175052998,0.15211354850678635,0.023443278982593015
byol,treated,in100.byol.s0.e20f.ext,61,3.015279137018359,2.537536232000913,0.9369303129831283,5.651510812642167,0.14792871502683777,0.03035654728468797
byol,treated,in100.byol.s0.e20f.ext,62,2.9974943599722423,2.5185257520877586,0.9174324532978677,5.68674995585688,0.1471833984287414,0.02793813413545933
byol,treated,in100.byol.s0.e20f.ext,63,2.968762931577128,2.509351493101679,0.8866297173990966,5.607076563111006,0.14617757060009992,0.02492854532369594
byol,treated,in100.byol.s0.e20f.ext,64,2.910428213061159,2.4363557790798476,0.8645123697278392,5.5732608599184745,0.14560084494306352,0.02480861050455331
byol,treated,in100.byol.s0.e20f.ext,65,2.88375346362962,2.406345847919431,0.8819600106608209,5.466804367330528,0.14841183834688987,0.027723397491970832
byol,treated,in100.byol.s0.e20f.ext,66,2.861398198901404,2.404541764104084,0.8617336573932506,5.375353413637798,0.14828114602089287,0.023060500013633592
byol,treated,in100.byol.s0.e20f.ext,67,2.8322876688997924,2.3853433949943232,0.8320666302575896,5.4446401310421955,0.14685510573325444,0.021056218723481384
byol,treated,in100.byol.s0.e20f.ext,68,2.801992304945859,2.349010911725654,0.845870298930382,5.324603949109566,0.1490556344148585,0.025198643193373296
byol,treated,in100.byol.s0.e20f.ext,69,2.7762789775931696,2.3401416949753475,0.841970297723072,5.221422899013386,0.14830922760431883,0.03331254438834697
byol,treated,in100.byol.s0.e20f.ext,70,2.726369559300067,2.294091238097936,0.8188878031417355,5.177380648552283,0.14899880218226463,0.026550674584982663
byol,treated,in100.byol.s0.e20f.ext,71,2.716073486144217,2.257630897980672,0.8316564642879412,5.163725604460841,0.14968695954744052,0.024835974486116394
byol,treated,in100.byol.s0.e20f.ext,72,2.6992769930712166,2.2866165990122997,0.8430683112371379,5.084938251130532,0.14416514553623389,0.02360044205840915
byol,treated,in100.byol.s0.e20f.ext,73,2.653509342021745,2.234186291658967,0.8084166841301825,4.99832716682246,0.1454887342621308,0.02642052357270465
byol,treated,in100.byol.s0.e20f.ext,74,2.641175176263008,2.1859245054867804,0.7857773139939926,5.036394011885337,0.15320475470076417,0.024835620259857763
byol,treated,in100.byol.s0.e20f.ext,75,2.611139187461852,2.1930589593926215,0.8081093959303679,4.944355153924437,0.14811039086519087,0.03553067972372314
byol,treated,in100.byol.s0.e20f.ext,76,2.5804203853672147,2.1491674411735886,0.7699660182105063,4.9081310032926835,0.1480523819997795,0.035275077024145
byol,treated,in100.byol.s0.e20f.ext,77,2.5541158399391315,2.145143125228428,0.7719144358418847,4.8696467058036985,0.14928395363842678,0.026655130437288017
byol,treated,in100.byol.s0.e20f.ext,78,2.5231641820354858,2.151099247377854,0.7602367796142485,4.770838939973841,0.14333186350753657,0.019101333934694785
byol,treated,in100.byol.s0.e20f.ext,79,2.4932323466989037,2.069052175433841,0.7574110023319071,4.776442907540746,0.14813654933246273,0.02942205789432792
byol,treated,in100.byol.s0.e20f.ext,80,2.4813760794084634,2.0910853399629614,0.7769655509324129,4.67114520760318,0.1441035969020568,0.028938026107617074
byol,treated,in100.byol.s0.e20f.ext,81,2.4765924063521116,2.07029611119917,0.7373418012532968,4.700333420475573,0.15354142074646138,0.023534882748203548
byol,treated,in100.byol.s0.e20f.ext,82,2.420112048136422,2.0359188045673413,0.7281073717146671,4.574223456188631,0.15001071053722742,0.026310141867354177
byol,treated,in100.byol.s0.e20f.ext,83,2.3968780379901653,1.998382367210295,0.7307494655711697,4.527830057280703,0.14629713953388923,0.03448321277526291
byol,treated,in100.byol.s0.e20f.ext,84,2.382438817637071,1.997900495549238,0.707626778986393,4.52403222892899,0.15001142093889955,0.03498203408279629
byol,treated,in100.byol.s0.e20f.ext,85,2.3572380142491625,1.9784564842204342,0.7145881194244075,4.435535436838074,0.1502066369836791,0.0356514672777258
byol,treated,in100.byol.s0.e20f.ext,86,2.3464678272198736,1.9698348060316846,0.7237562969079554,4.419566966419829,0.1475638058030946,0.03129616528686838
byol,treated,in100.byol.s0.e20f.ext,87,2.3242847075461768,1.9238968249811172,0.71586452259515,4.430384324778891,0.14732744496451505,0.0359580577274844
byol,treated,in100.byol.s0.e20f.ext,88,2.3042166718175423,1.9399841754403149,0.703065270675922,4.397760284018836,0.1454997469272753,0.025142164623676563
byol,treated,in100.byol.s0.e20f.ext,89,2.299493529012051,1.932864723124353,0.698169396859267,4.325340340376631,0.1484465306632069,0.028676805225514312
byol,treated,in100.byol.s0.e20f.ext,90,2.276887449967512,1.9102374748688256,0.6997251640460617,4.347723041274098,0.1463865220523136,0.02514165675604644
byol,treated,in100.byol.s0.e20f.ext,91,2.261637325221604,1.8966133771513782,0.697444992220596,4.293049029409059,0.15207107720324553,0.02627466856979459
byol,treated,in100.byol.s0.e20f.ext,92,2.234812096336814,1.865056886486038,0.6492216364217459,4.242604306251334,0.15426754491468347,0.032083680580688376
byol,treated,in100.byol.s0.e20f.ext,93,2.2232189268653175,1.8902699029354453,0.6805130264894503,4.20598261904425,0.14635901478979163,0.02842247667889607
byol,treated,in100.byol.s0.e20f.ext,94,2.197870885610726,1.8441486458823526,0.6788977340107067,4.150942504454841,0.14920663319323552,0.036187485463168356
byol,treated,in100.byol.s0.e20f.ext,95,2.178514986764699,1.8363487772336375,0.653417387537272,4.15889802935679,0.1476312764937139,0.031307154185564776
byol,treated,in100.byol.s0.e20f.ext,96,2.161381695152821,1.8069527821245703,0.6606539492174798,4.10742392815563,0.1511163746849873,0.03111706181859147
byol,treated,in100.byol.s0.e20f.ext,97,2.1370467528223864,1.7827020487017378,0.6309739923576402,4.09363365950723,0.14699817346769986,0.027313269843736183
byol,treated,in100.byol.s0.e20f.ext,98,2.118478813602491,1.7474752507021303,0.6098439547478073,4.078329843726576,0.15160192508864248,0.03166378414764434
byol,treated,in100.byol.s0.e20f.ext,99,2.1065453539580608,1.7439950435806553,0.6303772738194006,4.054741258620749,0.15061808304613775,0.03205613655412831
byol,treated,in100.byol.s0.e20f.ext,100,2.0945156167702583,1.7560244571526233,0.6192649787471305,3.9920964788319298,0.1494119487330955,0.02697803928320438
byol,treated,in100.byol.s0.e20f.ext,101,2.079849859931067,1.734256785691854,0.6371833471200432,3.9717804039781117,0.14932038740026496,0.02803191144692399
byol,treated,in100.byol.s0.e20f.ext,102,2.048328610035782,1.6972568542572863,0.6036752867966932,3.889129119162666,0.15260279033640914,0.037902838332173144
byol,treated,in100.byol.s0.e20f.ext,103,2.0261371675596074,1.7090210176480172,0.6076474266749197,3.860430278707734,0.14668754531107372,0.027348963408269648
byol,treated,in100.byol.s0.e20f.ext,104,2.0215767294000453,1.6988682159350263,0.6014944097395679,3.854573603720036,0.14648144021623843,0.03400768227194142
byol,treated,in100.byol.s0.e20f.ext,105,2.0023383601259095,1.6716015243034934,0.5977673996318108,3.8205213774995563,0.14971939259266484,0.024448669248502312
byol,treated,in100.byol.s0.e20f.ext,106,1.9766947486180808,1.6349802277060128,0.5741727454426668,3.8183213290760945,0.15238714452648255,0.04284706475098517
byol,treated,in100.byol.s0.e20f.ext,107,1.9755241342352634,1.6414935451275987,0.5810455255888722,3.7923295610325756,0.15104634374865766,0.03881637164501215
byol,treated,in100.byol.s0.e20f.ext,108,1.947892903535676,1.635064380824221,0.5925497394374315,3.6597365748899273,0.14907997280793592,0.02650485646207912
byol,treated,in100.byol.s0.e20f.ext,109,1.9321363738831374,1.613369022758826,0.5703284068246273,3.66462502976308,0.15077163014857162,0.030101705322198427
byol,treated,in100.byol.s0.e20f.ext,110,1.8994632155834459,1.6020678765167782,0.5767101525792783,3.5770519245542434,0.14573207803423688,0.024959872130934372
byol,treated,in100.byol.s0.e20f.ext,111,1.8875880300603716,1.5919786284315105,0.5725608225271974,3.5761212759497463,0.14717208688710093,0.036432336311153495
byol,treated,in100.byol.s0.e20f.ext,112,1.8827159708346672,1.5777980746833782,0.5709584897520615,3.576096546164859,0.14768400744450758,0.035185719038303497
byol,treated,in100.byol.s0.e20f.ext,113,1.8735977152161838,1.5813840291855505,0.5829580264106744,3.5258225464505912,0.14525025871503358,0.051926939348226134
byol,treated,in100.byol.s0.e20f.ext,114,1.8517739112831841,1.550049094655146,0.563639005251759,3.4868474140049495,0.15091021589591166,0.03140491068817382
byol,treated,in100.byol.s0.e20f.ext,115,1.8209992671815594,1.4882846097268998,0.5354082410556501,3.451444711942538,0.15596298814432927,0.03730372355678005
byol,treated,in100.byol.s0.e20f.ext,116,1.8163860840332087,1.515150110732319,0.5488870844195464,3.4668015265472256,0.15058792370884405,0.033010169425656245
byol,treated,in100.byol.s0.e20f.ext,117,1.8045190026099729,1.5034250204843658,0.5474979566002228,3.448805573925794,0.14999237539275068,0.03719270042169205
byol,treated,in100.byol.s0.e20f.ext,118,1.7880473816899634,1.4752545640478578,0.5356238584750177,3.4225493154753974,0.15074948500030314,0.026018476692661795
byol,treated,in100.byol.s0.e20f.ext,119,1.7760544589366072,1.480198352329364,0.5167560499311905,3.391099422468277,0.1482129002016989,0.03093551811404793
byol,treated,in100.byol.s0.e20f.ext,120,1.761438641841865,1.4800998830957277,0.5262602916471864,3.384910979522386,0.14641692386759936,0.023255681022242444
byol,treated,in100.byol.s0.e20f.ext,121,1.7509495092612741,1.456014989711431,0.5142889033557939,3.3336710805698138,0.15123698520958226,0.028044580271922148
byol,treated,in100.byol.s0.e20f.ext,122,1.7318129126500184,1.4335695911500372,0.5072929055912597,3.331383169439696,0.1520794218885369,0.027663107214561646
byol,treated,in100.byol.s0.e20f.ext,123,1.7198669018480235,1.4406828418099495,0.5177801253410519,3.298103906732271,0.14808480146554295,0.03162130112417683
byol,treated,in100.byol.s0.e20f.ext,124,1.6993702430389543,1.4163079190546466,0.5194392832249359,3.2168229653548064,0.14804468951771654,0.0397295791017439
byol,treated,in100.byol.s0.e20f.ext,125,1.6911476670503407,1.4145828792267439,0.520279002397797,3.2012629011850273,0.1476289148044596,0.04522306809181657
byol,treated,in100.byol.s0.e20f.ext,126,1.6819865746811735,1.408766782846008,0.5037984001085071,3.187501962951747,0.1496856741056585,0.041562959175434455
byol,treated,in100.byol.s0.e20f.ext,127,1.664429521629462,1.3960353180732774,0.4951759179066122,3.1548924131144482,0.15155210964954924,0.03203786556883261
byol,treated,in100.byol.s0.e20f.ext,128,1.6500886782139315,1.3683181016859898,0.49790761217195256,3.145201809836509,0.14944860622428854,0.02662886144535449
byol,treated,in100.byol.s0.e20f.ext,129,1.641705782217597,1.376561588592931,0.4819800397845837,3.124603034594076,0.14945523394005564,0.03721619016924974
byol,treated,in100.byol.s0.e20f.ext,130,1.6306022652941834,1.35182223291423,0.48309898425865627,3.111703297524899,0.15094435401112696,0.02832711057316516
byol,treated,in100.byol.s0.e20f.ext,131,1.620079338092451,1.3408654367222916,0.48054415488045127,3.1269614211263845,0.15199221318404416,0.048225313087120504
byol,treated,in100.byol.s0.e20f.ext,132,1.593080969352368,1.335996583388234,0.4819186746992505,3.04022976748831,0.1477427784883465,0.03154145036311517
byol,treated,in100.byol.s0.e20f.ext,133,1.5875757749245447,1.3143616186548581,0.4557498140128785,3.0912089916403205,0.15066656845664136,0.040628719498694996
byol,treated,in100.byol.s0.e20f.ext,134,1.5678383457770082,1.3011519378394962,0.45878929567051513,2.9628238689828943,0.1547712658710277,0.03932950981403362
byol,treated,in100.byol.s0.e20f.ext,135,1.5639562925955481,1.3028181907610628,0.455720086861155,3.0155829485661094,0.15088323315806476,0.03749670163137123
byol,treated,in100.byol.s0.e20f.ext,136,1.5474349041311461,1.2921749956114452,0.4512732473577545,2.9543276549354474,0.14951487872957114,0.03632044776395099
byol,treated,in100.byol.s0.e20f.ext,137,1.5466078609381844,1.2975132078216032,0.45678592506395016,2.9591012232702902,0.15060160147780213,0.04840303144765389
byol,treated,in100.byol.s0.e20f.ext,138,1.540679672951309,1.2790020841742407,0.45277675913935533,2.959914568715436,0.15222531713098994,0.044091855440098034
byol,treated,in100.byol.s0.e20f.ext,139,1.5320146680108464,1.2702998028259511,0.4609057274844543,2.9467998656559287,0.15079539893672853,0.038127461571399415
byol,treated,in100.byol.s0.e20f.ext,140,1.5120116479532546,1.2471709717588508,0.4453266273746724,2.928343298659437,0.1541429654263021,0.03904840405405493
byol,treated,in100.byol.s0.e20f.ext,141,1.4986320655919214,1.2598009617419623,0.45511363017255335,2.8455485509856695,0.1457515692834295,0.043968081257287614
byol,treated,in100.byol.s0.e20f.ext,142,1.4778185036461362,1.2348364673093097,0.445034664779242,2.82694083565473,0.1515852099314428,0.03756148189679923
byol,treated,in100.byol.s0.e20f.ext,143,1.4581417848361875,1.2070858137669238,0.446222180939951,2.821336410253239,0.15073740276894845,0.033093447885963204
byol,treated,in100.byol.s0.e20f.ext,144,1.452326750827772,1.2112416009634903,0.43450075381888376,2.773652067644922,0.15227173952525164,0.040867329946828984
byol,treated,in100.byol.s0.e20f.ext,145,1.4462003416166545,1.200796438195381,0.419231138628736,2.819562709816114,0.15001056466110443,0.04554606716123774
byol,treated,in100.byol.s0.e20f.ext,146,1.4318749400800173,1.1976331757418883,0.43655644895111156,2.7056103926211015,0.14738486234315584,0.036406684719278534
byol,treated,in100.byol.s0.e20f.ext,147,1.4185928679313455,1.1831822998628476,0.4251699841527986,2.696900759754449,0.1510200591725856,0.04149668943762916
byol,treated,in100.byol.s0.e20f.ext,148,1.4117739295108631,1.1660943182038177,0.41388732454731303,2.74486503036269,0.151947411528791,0.03964297037320123
byol,treated,in100.byol.s0.e20f.ext,149,1.386650970810827,1.1476961354518753,0.4175083829368192,2.646345174485476,0.15145362378979754,0.04589685822101961
byol,treated,in100.byol.s0.e20f.ext,150,1.3858848715782757,1.1326169463079432,0.4045266916394322,2.721883157730916,0.15418725459027874,0.051587367788363266
byol,treated,in100.byol.s0.e20f.ext,151,1.3563356890476725,1.1374442277959922,0.40629278912129996,2.6013947429481874,0.14851388649651318,0.06309431472284921
byol,treated,in100.byol.s0.e20f.ext,152,1.3522460612262344,1.118400028249017,0.4044231274966002,2.6023663987802923,0.1483754130727752,0.047620273974964995
byol,treated,in100.byol.s0.e20f.ext,153,1.3339839624760224,1.1204550919924507,0.39944055178840704,2.5527880156427893,0.147273735003039,0.04635515773625471
byol,treated,in100.byol.s0.e20f.ext,154,1.3216999792940693,1.0997715686473382,0.39143937550611874,2.53242285293068,0.15032508491877325,0.03548409101388772
byol,treated,in100.byol.s0.e20f.ext,155,1.3188943506340618,1.0937462629692347,0.3910334554293776,2.534196767891447,0.15249522759514103,0.045128648241130616
byol,treated,in100.byol.s0.e20f.ext,156,1.3151294048368338,1.0932695259414018,0.3806073555522768,2.528502659455123,0.15188178852958661,0.04763080976895598
byol,treated,in100.byol.s0.e20f.ext,157,1.2963914022821759,1.0636255162945933,0.37274870458006026,2.5034360270907543,0.15475808920988227,0.036754356371787776
byol,treated,in100.byol.s0.e20f.ext,158,1.2819619379305276,1.0617079040687079,0.38102907306453826,2.4467575144340112,0.1511077458912004,0.04949007788461889
byol,treated,in100.byol.s0.e20f.ext,159,1.277199292774974,1.0628635766097065,0.3729537770359669,2.430620563174551,0.15055833426822107,0.05187876761491758
byol,treated,in100.byol.s0.e20f.ext,160,1.2588696921870473,1.0391226387844714,0.3668701074029517,2.4173561223567064,0.15392632702056958,0.052255992598996555
byol,treated,in100.byol.s0.e20f.ext,161,1.246445807903219,1.0308195222860528,0.3585203214182392,2.4167104426401265,0.1504552845796413,0.041936290700296974
byol,treated,in100.byol.s0.e20f.ext,162,1.2430010978879245,1.0250113777132328,0.372575926088505,2.3629839833418194,0.15241052759880547,0.04520307908376899
byol,treated,in100.byol.s0.e20f.ext,163,1.2312624477041927,1.0156567538272836,0.3553111381623038,2.374051241309809,0.15548854649558233,0.048470781000327416
byol,treated,in100.byol.s0.e20f.ext,164,1.2289537498703427,1.018184688540468,0.368435210860615,2.3675401516863452,0.14828435386685135,0.04859663446258142
byol,treated,in100.byol.s0.e20f.ext,165,1.2245056931100236,1.0101516999883953,0.3501257125313279,2.338905346950603,0.15405783042842117,0.04193185528292998
byol,treated,in100.byol.s0.e20f.ext,166,1.198911236351513,0.9949552216138664,0.3458298875086003,2.3139894453100345,0.15400900194879968,0.05138436448437122
byol,treated,in100.byol.s0.e20f.ext,167,1.1905860097456424,0.9811651999614285,0.33822730032152565,2.30252325829087,0.15357810911259742,0.05604022938685782
byol,treated,in100.byol.s0.e20f.ext,168,1.18941628898883,0.9915722882954667,0.3461351163733318,2.2946200990103343,0.15338994246908377,0.04584392490394639
byol,treated,in100.byol.s0.e20f.ext,169,1.1675723887360514,0.9767844088555176,0.34482497083555996,2.2409265715988544,0.1513028707317999,0.051155110864226847
byol,treated,in100.byol.s0.e20f.ext,170,1.154848180792529,0.9640304316334891,0.32691888933973523,2.203821574203253,0.15257215331867882,0.05167765827342482
byol,treated,in100.byol.s0.e20f.ext,171,1.1500247183399952,0.9498760893559403,0.33784171019797504,2.216301772013104,0.1519301856412892,0.04668394794925458
byol,treated,in100.byol.s0.e20f.ext,172,1.1351710438367797,0.9443542623142243,0.3261871692837711,2.171384387348905,0.15243279289745648,0.07027089511529827
byol,treated,in100.byol.s0.e20f.ext,173,1.1265612922652797,0.9351552410656131,0.3368110231895238,2.163914499662238,0.15351325772289248,0.04885564004951116
byol,treated,in100.byol.s0.e20f.ext,174,1.1153528230579906,0.9222405000286304,0.3264533424362826,2.1372975872256434,0.15479313935102174,0.051154078599627256
byol,treated,in100.byol.s0.e20f.ext,175,1.107096987701038,0.9137894243599822,0.3170562110564994,2.1138085782348837,0.1507495330731534,0.05829561350324122
byol,treated,in100.byol.s0.e20f.ext,176,1.097290665048655,0.9136458088764989,0.319622654647441,2.092263210665325,0.15500477067906793,0.06468368707549658
byol,treated,in100.byol.s0.e20f.ext,177,1.0906543194192797,0.90082890253304,0.32306238839555673,2.0945949199826464,0.15294036303316222,0.05671001814302144
byol,treated,in100.byol.s0.e20f.ext,178,1.0834661475325624,0.8873766466014551,0.3151448192644066,2.1078555995541475,0.15471255794623381,0.057182345978169825
byol,treated,in100.byol.s0.e20f.ext,179,1.061205740874812,0.8600837898948934,0.29392151443387715,2.067375637752684,0.15658571691026357,0.04674554654512292
byol,treated,in100.byol.s0.e20f.ext,180,1.056523199745253,0.8612892658310443,0.2955869219944585,2.0686053778740274,0.15814131683270513,0.05525294555767407
byol,treated,in100.byol.s0.e20f.ext,181,1.046023476695403,0.8701564586978856,0.29564578975122013,1.9977410993109412,0.15448938439144735,0.05991421667954047
byol,treated,in100.byol.s0.e20f.ext,182,1.0311882895678164,0.8501643010674778,0.2958185788090426,1.9958356578767424,0.15576363181618538,0.058721567774722316
byol,treated,in100.byol.s0.e20f.ext,183,1.0302989261904283,0.8372476629703423,0.2952887577147353,1.9856925528087657,0.15574008341970183,0.06619464116196168
byol,treated,in100.byol.s0.e20f.ext,184,1.0212800950861294,0.8425263041728965,0.29755707321737884,1.9541296504569905,0.15305772234620615,0.07208101010333952
byol,treated,in100.byol.s0.e20f.ext,185,1.0104107580084043,0.8246071751024904,0.2971379486306991,1.9549832958354008,0.15899871769421853,0.062010407163994766
byol,treated,in100.byol.s0.e20f.ext,186,0.9947402824615185,0.817326981954631,0.2912856806143984,1.9355220426079776,0.15219764377144687,0.057419291868626966
byol,treated,in100.byol.s0.e20f.ext,187,0.9887154927589729,0.8127117254984901,0.28600848076652136,1.9147399344179181,0.15557422810001734,0.04965318343842506
byol,treated,in100.byol.s0.e20f.ext,188,0.9767244872409442,0.8057071937809639,0.27787447296821705,1.888216913557071,0.15680975039084483,0.0639596523509532
byol,treated,in100.byol.s0.e20f.ext,189,0.969837877996016,0.7934317130868568,0.2803602121029438,1.8944305263589996,0.15566233231027052,0.07045744912892532
byol,treated,in100.byol.s0.e20f.ext,190,0.963101738619421,0.7930085095852093,0.28499859815042256,1.8252394907036555,0.15438790155020604,0.06669463889381275
byol,treated,in100.byol.s0.e20f.ext,191,0.950156663272306,0.7835387201812323,0.2698152209997285,1.8342415196582984,0.15415248726759673,0.07856288815898888
byol,treated,in100.byol.s0.e20f.ext,192,0.942280206969928,0.7720303118798062,0.26957871221901225,1.8296598307706209,0.152670660308976,0.07656996652478863
byol,treated,in100.byol.s0.e20f.ext,193,0.9372560877739219,0.7730525622213462,0.2708724088816556,1.8193382684689443,0.1534759665713304,0.06931336581960748
byol,treated,in100.byol.s0.e20f.ext,194,0.9322518010530831,0.760869933271381,0.2646072449431153,1.8110414665187478,0.15786971492705965,0.06272723659709006
byol,treated,in100.byol.s0.e20f.ext,195,0.9153779858001541,0.7521992067467526,0.272408202044879,1.7487031507703938,0.1539261669404017,0.05826960031306669
byol,treated,in100.byol.s0.e20f.ext,196,0.9126452433315025,0.7499969230587535,0.25537537344538547,1.776464459061324,0.15502942433011943,0.09040878464606561
byol,treated,in100.byol.s0.e20f.ext,197,0.9067165849771843,0.7394497403616864,0.24933704934297418,1.7715528077069944,0.15765900865203814,0.05340710136451745
byol,treated,in100.byol.s0.e20f.ext,198,0.8949142444097188,0.7377157635235567,0.25289072073396746,1.7366164077522408,0.15732508625232894,0.07820477235678001
byol,treated,in100.byol.s0.e20f.ext,199,0.8737241773450811,0.7207748288556974,0.25225757521144915,1.696982783019332,0.15376234793847857,0.07313669310478554
byol,treated,in100.byol.s0.e20f.ext,200,0.8704074514467582,0.7151678256059082,0.25201008632093264,1.7016559800689415,0.15607096629955067,0.07057116106773012
byol,treated,in100.byol.s0.e20f.ext,201,0.8624976831985073,0.7032084252023019,0.23734775097823022,1.6891047030314146,0.15708465254143536,0.060051999732226094
byol,treated,in100.byol.s0.e20f.ext,202,0.8566304947117203,0.708152985113468,0.2459443049763247,1.6435578389344652,0.1555767240093548,0.06399496553704591
byol,treated,in100.byol.s0.e20f.ext,203,0.8428252884238631,0.6978810074591103,0.24539689698326506,1.6347204863952038,0.153898651583318,0.06615443087041395
byol,treated,in100.byol.s0.e20f.ext,204,0.83855142820279,0.6779791071355753,0.23590153016021817,1.6316920653910651,0.15902897885924355,0.06488582604843385
byol,treated,in100.byol.s0.e20f.ext,205,0.8309273595752591,0.6776074806344947,0.24106970362883584,1.622758345147019,0.15423856987381376,0.0820673939012066
byol,treated,in100.byol.s0.e20f.ext,206,0.8236993931489971,0.6668780929650786,0.23899055788676335,1.6024178421330588,0.15893981949354802,0.07230871873888386
byol,treated,in100.byol.s0.e20f.ext,207,0.8135211421005248,0.6657922491634454,0.22609326072333016,1.578816282249218,0.15932510321809024,0.07611415091966031
byol,treated,in100.byol.s0.e20f.ext,208,0.7978039790808354,0.6444941833494794,0.21659875352225313,1.5686041790754075,0.15879184234442228,0.06538210157968821
byol,treated,in100.byol.s0.e20f.ext,209,0.7925895702818245,0.6463358484039334,0.22094238570951402,1.5604993542072143,0.15993192497160305,0.09028504411055857
byol,treated,in100.byol.s0.e20f.ext,210,0.783836067532637,0.640660258432932,0.22347890820151964,1.5208631729150992,0.1565673391986126,0.0641104923181321
byol,treated,in100.byol.s0.e20f.ext,211,0.7785286301497539,0.6353820044766264,0.2269672593016332,1.5207789036522785,0.1580450722762971,0.083048709478207
byol,treated,in100.byol.s0.e20f.ext,212,0.7639313287573133,0.6198777687453361,0.21399071266742775,1.5013739726502506,0.15815566289787122,0.0757639666473803
byol,treated,in100.byol.s0.e20f.ext,213,0.755643995463745,0.6116600726963984,0.21267379866620803,1.467944907464663,0.1595366004544786,0.06882157993392397
byol,treated,in100.byol.s0.e20f.ext,214,0.7426357494694147,0.6030359143435782,0.2057323760288302,1.4436082186530663,0.15962117285857189,0.1315447384872178
byol,treated,in100.byol.s0.e20f.ext,215,0.7362572282781268,0.5923257698971989,0.20184594941340375,1.4387309139483322,0.16258586288702687,0.07933784139043251
byol,treated,in100.byol.s0.e20f.ext,216,0.7304457494437286,0.5986840076283151,0.2082499485757462,1.4209459359268108,0.15642020552784658,0.07830459846756511
byol,treated,in100.byol.s0.e20f.ext,217,0.71399269941588,0.5813314647979366,0.19615182541283752,1.389261754587377,0.1582742123106854,0.07570141970107215
byol,treated,in100.byol.s0.e20f.ext,218,0.7131840547668447,0.5794181489159036,0.20638515722360393,1.3990182077255786,0.15785133328188666,0.10357581550875543
byol,treated,in100.byol.s0.e20f.ext,219,0.7066754398495876,0.5678005332158506,0.19690379473533431,1.3887850691825365,0.1602052579788067,0.09159567114329184
byol,treated,in100.byol.s0.e20f.ext,220,0.6967221235627731,0.5631825685818455,0.20082163871559228,1.3406367344260752,0.16128057004405078,0.08511237838619269
byol,treated,in100.byol.s0.e20f.ext,221,0.6881459733997775,0.5567916445637493,0.19332298920456614,1.3426786825747221,0.1615537386542756,0.09818481410194135
byol,treated,in100.byol.s0.e20f.ext,222,0.6795750420580905,0.5451979190701783,0.18808524905426854,1.3364686480912191,0.16330180920079215,0.11235716121074038
byol,treated,in100.byol.s0.e20f.ext,223,0.672609393781099,0.5483848310470825,0.19091633434274483,1.3020137944344634,0.1583718691424359,0.08605905137749625
byol,treated,in100.byol.s0.e20f.ext,224,0.6646759918493065,0.5405217422437041,0.19249308242833219,1.2787530794645547,0.16185442404736192,0.09805340221067561
byol,treated,in100.byol.s0.e20f.ext,225,0.6595992538168448,0.5333209090835624,0.18206687775652636,1.2845969236996142,0.1632533330374318,0.06499777882730273
byol,treated,in100.byol.s0.e20f.ext,226,0.6417259979450326,0.5215742990299231,0.175568290248418,1.2392858707141463,0.16029073303060368,0.09209145769010783
byol,treated,in100.byol.s0.e20f.ext,227,0.6402324608956877,0.5148776036800822,0.17325688813747575,1.2590479391507134,0.1622800526907572,0.11331495353544055
byol,treated,in100.byol.s0.e20f.ext,228,0.6349595988641842,0.5135484278393903,0.1764892472605722,1.2349720412845075,0.1623657116636208,0.10318128935823306
byol,treated,in100.byol.s0.e20f.ext,229,0.627301323274274,0.5069061889933676,0.17614819538855767,1.2178290236335414,0.16170627718733885,0.0868539706630334
byol,treated,in100.byol.s0.e20f.ext,230,0.6097390378081776,0.4890574560457186,0.16707812323187785,1.2112666482081498,0.15639544385157703,0.16064711581981644
byol,treated,in100.byol.s0.e20f.ext,231,0.6077860548176732,0.49592705441259793,0.1669505276458756,1.1834342524305572,0.16132836610923673,0.1266476190605891
byol,treated,in100.byol.s0.e20f.ext,232,0.5939389329736294,0.47596597468306623,0.16413124910201732,1.1700613619213465,0.16327389139449103,0.10356951263205913
byol,treated,in100.byol.s0.e20f.ext,233,0.5926571418856715,0.4786329157837079,0.16678765272657706,1.1522351546667289,0.16267225330180562,0.1292012842722718
byol,treated,in100.byol.s0.e20f.ext,234,0.5871420400566679,0.4773230135531178,0.16429074089061263,1.154954022586907,0.1601844270228853,0.14302797797422684
byol,treated,in100.byol.s0.e20f.ext,235,0.5733706001359037,0.4548471378302503,0.15211349393317028,1.145655223214525,0.16706662802740313,0.08954953470675471
byol,treated,in100.byol.s0.e20f.ext,236,0.5665468817856422,0.45211012377236326,0.15282066911045258,1.1019182167699808,0.1694390184061095,0.12814989006105557
byol,treated,in100.byol.s0.e20f.ext,237,0.5565311783773208,0.4487863676233193,0.15178256503198767,1.0773686764927473,0.16397925869211227,0.1519121212514097
byol,treated,in100.byol.s0.e20f.ext,238,0.5512181261869831,0.44458634005147224,0.1570241906812741,1.0654898819274994,0.1635134949016815,0.14667244164812893
byol,treated,in100.byol.s0.e20f.ext,239,0.5441462182537665,0.43793172140602477,0.15053025788986035,1.0524686769842335,0.16457039653612412,0.14755025326601098
byol,treated,in100.byol.s0.e20f.ext,240,0.5343702106893211,0.42355204082628967,0.14508475692346115,1.0463864717369988,0.17201965747445752,0.10530059916804735
byol,treated,in100.byol.s0.e20f.ext,241,0.5274595898894897,0.42737672095138124,0.13919282602424177,1.0511087549518872,0.16181501370247664,0.18320532015127966
byol,treated,in100.byol.s0.e20f.ext,242,0.523119449668978,0.4241510273080179,0.15087910852871445,1.0226812255119355,0.15795388524248782,0.15797592172674393
byol,treated,in100.byol.s0.e20f.ext,243,0.5111352670990323,0.418774232680414,0.14604370828522764,0.979365606741132,0.1609024399078462,0.18466428477679886
byol,treated,in100.byol.s0.e20f.ext,244,0.49990192347339574,0.3972794297774328,0.13415377908954038,0.9755120638399148,0.17198315375225734,0.1668917948910426
byol,treated,in100.byol.s0.e20f.ext,245,0.4966989095476826,0.3976621009692203,0.1404280829320007,0.9744855999560184,0.16183495309337925,0.1615482875889253
byol,treated,in100.byol.s0.e20f.ext,246,0.4898433883637255,0.38810344333642166,0.13249348540480255,0.9763079672023113,0.1667753462117103,0.1859437172255626
byol,treated,in100.byol.s0.e20f.ext,247,0.48217552303641864,0.3789195627165264,0.12718723506236712,0.9627831912073332,0.17094991038863924,0.1944401410753516
byol,treated,in100.byol.s0.e20f.ext,248,0.4806580471609389,0.39153940767704576,0.1306481688318764,0.9342215319430636,0.163657360743712,0.11918351873893573
byol,treated,in100.byol.s0.e20f.ext,249,0.4664500395078573,0.3677649155483373,0.12907724700621148,0.9173837546988017,0.16776899520349217,0.14330549743284243
byol,treated,in100.byol.s0.e20f.ext,250,0.45765522457795377,0.3620544514357612,0.12264008969849914,0.9129187168565746,0.16888351505191798,0.19180878335133644
byol,treated,in100.byol.s0.e20f.ext,251,0.4413842212798859,0.34869383780074426,0.1168665690319586,0.8776040686419477,0.16387239833237752,0.14612451727052478
byol,treated,in100.byol.s0.e20f.ext,252,0.4389750856442551,0.3411753970711355,0.11580337513981705,0.8701587821981493,0.17942770808873335,0.22984331870732944
byol,treated,in100.byol.s0.e20f.ext,253,0.43179126281204877,0.3410393756161843,0.11536044815961322,0.8590837066789696,0.1671439451796042,0.16433332468127143
byol,treated,in100.byol.s0.e20f.ext,254,0.4251617164023178,0.3298978402940461,0.11144782225335412,0.8485966220906305,0.17128519093325295,0.2273639498673845
byol,treated,in100.byol.s0.e20f.ext,255,0.4219646997231221,0.33090256402314033,0.11307976231492947,0.8376987170304121,0.17537752335833826,0.22130816133290096
byol,treated,in100.byol.s0.e20f.ext,256,0.4130105117323199,0.3197090427139677,0.10960950157437127,0.8151934771546491,0.1820300524030378,0.28087766457202257
byol,treated,in100.byol.s0.e20f.ext,257,0.40732376914096036,0.3181491353121505,0.11258618558262146,0.8076649913439866,0.17411997851046102,0.2553403661058186
byol,treated,in100.byol.s0.e20f.ext,258,0.4038078617260597,0.3182930541379015,0.1092644186071726,0.8011659024954398,0.1725596501047725,0.17857237303991677
byol,treated,in100.byol.s0.e20f.ext,259,0.39596257859329137,0.3108899613268312,0.10486197355097596,0.7949939312358207,0.17234908373001737,0.2180188657319035
byol,treated,in100.byol.s0.e20f.ext,260,0.38815644679954353,0.29498273714293577,0.0993265712708811,0.7717774567912925,0.18163860822187128,0.24934948936686993
byol,treated,in100.byol.s0.e20f.ext,261,0.38314493297975044,0.297564340414557,0.10121910582525902,0.7617021610964426,0.17560468799278206,0.2723311980333816
byol,treated,in100.byol.s0.e20f.ext,262,0.3720058745765469,0.29047608904111305,0.10052717602907109,0.7341106242201412,0.18013225442806582,0.1937310220560388
byol,treated,in100.byol.s0.e20f.ext,263,0.36460516134604054,0.27889370496512467,0.09552574611307216,0.7246525923021158,0.17977305620406475,0.1813401739454575
byol,treated,in100.byol.s0.e20f.ext,264,0.36360311818388624,0.2728230137870272,0.09149256242949003,0.7199050222052927,0.19936367103579303,0.28648572745262496
byol,treated,in100.byol.s0.e20f.ext,265,0.3580468728496518,0.2726157391349714,0.09083595354163955,0.7086246491382042,0.1873934109888113,0.2851726764735956
byol,treated,in100.byol.s0.e20f.ext,266,0.35137775046460074,0.26399312763258254,0.08906342282829817,0.6994683399195917,0.19319836716216113,0.3334086077123544
byol,treated,in100.byol.s0.e20f.ext,267,0.34624786275344943,0.2648089618731756,0.08830993075333876,0.7013781677997104,0.1838212527262246,0.21222744787987746
byol,treated,in100.byol.s0.e20f.ext,268,0.338810547762861,0.26163705956441713,0.08809731592011676,0.6783433204961632,0.17390120750209356,0.24023394703296122
byol,treated,in100.byol.s0.e20f.ext,269,0.33106434371703,0.25979274933939767,0.08679256268761298,0.6590036517882559,0.1720664309253069,0.2586572097917522
byol,treated,in100.byol.s0.e20f.ext,270,0.3245283727609001,0.24455727903545663,0.08501360066244099,0.651885160273192,0.18954899039443482,0.350951209511281
byol,treated,in100.byol.s0.e20f.ext,271,0.3161535094066778,0.24211184705533614,0.08297915261887524,0.6268376733430795,0.18422957367881113,0.2843640146319877
byol,treated,in100.byol.s0.e20f.ext,272,0.3073331918260795,0.2251305002311815,0.07829735099549107,0.6192359153977885,0.19732448843574787,0.34983055924357276
byol,treated,in100.byol.s0.e20f.ext,273,0.30258409788082247,0.22431869386476158,0.07948750007158895,0.6016149592631691,0.19721355927243361,0.29452748498283066
byol,treated,in100.byol.s0.e20f.ext,274,0.29779852727032485,0.22498176404873801,0.07372394590077629,0.6024126229353413,0.1924197467424972,0.36096706235293746
byol,treated,in100.byol.s0.e20f.ext,275,0.2920772808432317,0.2135403436702549,0.07089601820840484,0.5929542616518062,0.20086295879958743,0.3862265745297645
byol,treated,in100.byol.s0.e20f.ext,276,0.28269103896999703,0.20150447875456007,0.06958276331154546,0.5728554638028168,0.2077367073526627,0.3319101073433285
byol,treated,in100.byol.s0.e20f.ext,277,0.2764309393712492,0.20090990795517294,0.06306079204074634,0.5499097134094072,0.21081314822944308,0.349069651123337
byol,treated,in100.byol.s0.e20f.ext,278,0.2723175136494598,0.1987879273479484,0.06829952424647301,0.5510821378484758,0.2007234780493703,0.3568937108009753
byol,treated,in100.byol.s0.e20f.ext,279,0.2707614629259184,0.18580975750955736,0.059483652980994034,0.5612560301993719,0.22321026483572767,0.3376136251340295
byol,treated,in100.byol.s0.e20f.ext,280,0.26547082374085024,0.1850045032456321,0.058892620372555424,0.5470850145679,0.21902561239350857,0.4215661713942505
byol,treated,in100.byol.s0.e20f.ext,281,0.2586722154009447,0.18629179559429165,0.06202161589586028,0.5151882223694294,0.210605481185954,0.33783890589428833
byol,treated,in100.byol.s0.e20f.ext,282,0.25444494392071565,0.18471421119603593,0.06215818245782777,0.5155922325702301,0.20304266644525612,0.38107270639757196
byol,treated,in100.byol.s0.e20f.ext,283,0.24420926929515194,0.17984801271525755,0.058340640787118196,0.5016213518726794,0.19485683217342617,0.3180132785733924
byol,treated,in100.byol.s0.e20f.ext,284,0.24312280036274633,0.16554152955006712,0.052765752765400124,0.47027725372963686,0.249846949139571,0.4223727243704137
byol,treated,in100.byol.s0.e20f.ext,285,0.23804295834648184,0.17663482828089622,0.06010736926856773,0.48398147472172476,0.1928663123806345,0.4141781987184081
byol,treated,in100.byol.s0.e20f.ext,286,0.23086394632762353,0.16147367080975822,0.05524084064991049,0.4761740916836815,0.21039780123304055,0.3700881943316167
byol,treated,in100.byol.s0.e20f.ext,287,0.22114624531119423,0.14974852336195787,0.04696605520034702,0.45228905187829443,0.23111050005347944,0.3182575324682631
byol,treated,in100.byol.s0.e20f.ext,288,0.21405926544884377,0.1487953873296687,0.04933429293659295,0.4289334120194008,0.22936654431252332,0.4982968980371285
byol,treated,in100.byol.s0.e20f.ext,289,0.2077532266135201,0.13117563385240205,0.04324167314811924,0.42041646050705034,0.2670501632297772,0.4831660367009058
byol,treated,in100.byol.s0.e20f.ext,290,0.20422785934736135,0.142047399325271,0.04241500657867497,0.4222701730186369,0.2204319604647241,0.432173608614088
byol,treated,in100.byol.s0.e20f.ext,291,0.19789945056610117,0.13779851556434514,0.04274200085277622,0.41372655897109445,0.2109458546780042,0.474286922981011
byol,treated,in100.byol.s0.e20f.ext,292,0.1932421755423697,0.13172572848671432,0.0419689862898295,0.4029960593753017,0.22590248498811452,0.46060687476850765
byol,treated,in100.byol.s0.e20f.ext,293,0.18632562544081815,0.11145821568453482,0.036258685193019426,0.35515198893139455,0.3076792893358714,0.4938700877472012
byol,treated,in100.byol.s0.e20f.ext,294,0.1795112237371512,0.12168618029045866,0.040264063077681746,0.3669475438398153,0.22874255710634775,0.42196443045465004
byol,treated,in100.byol.s0.e20f.ext,295,0.1738030873496169,0.10815909985544692,0.034628312719266495,0.3334660300563191,0.29269484167356435,0.5166487108190089
byol,treated,in100.byol.s0.e20f.ext,296,0.1715040767043895,0.10790780142579684,0.03379602814378785,0.34232003897045143,0.27225250332005957,0.4570869370631271
byol,treated,in100.byol.s0.e20f.ext,297,0.16692569383611727,0.1058763268504807,0.033969354136764045,0.3250660573773326,0.2775960527040929,0.41261536861169434
byol,treated,in100.byol.s0.e20f.ext,298,0.16117412741304524,0.08963177694370947,0.028348053266688353,0.31783097926422016,0.3232787892766902,0.5875269921109328
byol,treated,in100.byol.s0.e20f.ext,299,0.14993032986848057,0.082776490024564,0.025844445281535147,0.29382462929066905,0.32789157831263216,0.5318339950563437
byol,treated,in100.byol.s0.e20f.ext,300,0.1469586377845634,0.09119413573813703,0.029136754170362496,0.3013676939946506,0.2656955092358291,0.41865145108207796
byol,treated,in100.byol.s0.e20f.ext,301,0.14082275326887567,0.08720145327726046,0.027279419179244323,0.2686604625129137,0.29561671690789365,0.5062555729749616
byol,treated,in100.byol.s0.e20f.ext,302,0.13675892172601317,0.06465417040011426,0.02138999469135291,0.21673407058011723,0.4386691465185838,0.6178118045220086
byol,treated,in100.byol.s0.e20f.ext,303,0.12806358964271036,0.06817771600115398,0.022446282508660275,0.23153143185609204,0.36493793910590044,0.5351204747047195
byol,treated,in100.byol.s0.e20f.ext,304,0.12044710824715243,0.06422418334812757,0.01937788807613005,0.2661607553233579,0.30145313125548323,0.587353847277597
byol,treated,in100.byol.s0.e20f.ext,305,0.11951822662575118,0.06614610595788939,0.020862864540446037,0.2289752245291439,0.33459796794431296,0.5070556697306714
byol,treated,in100.byol.s0.e20f.ext,306,0.1134135927278891,0.06241975171022792,0.01908316278738411,0.23962164194402547,0.3140758077517691,0.6542648855786121
byol,treated,in100.byol.s0.e20f.ext,307,0.1082271141878935,0.04890080906105444,0.014232297634989797,0.2132067211828754,0.39653628193002266,0.650314446167102
byol,treated,in100.byol.s0.e20f.ext,308,0.10573383358092325,0.05080241485509146,0.016219043375893003,0.1867973026441838,0.402516273269005,0.6327335606485712
byol,treated,in100.byol.s0.e20f.ext,309,0.09266046367031298,0.056850441128072526,0.014859697630585221,0.21212786316183438,0.24100352002188602,0.7284233469242005
byol,treated,in100.byol.s0.e20f.ext,310,0.08038053154798877,0.051083159016789684,0.014683377946456976,0.17499112320786042,0.24125506376746667,0.6123788963957296
byol,treated,in100.byol.s0.e20f.ext,311,0.05260413390920952,0.03409597317621384,0.009468622006772672,0.1139233679372143,0.23311442344897743,0.767737397482163
dino,control,in100.dino.s0.ext,0,75.84158416686374,34.6640182774308,4.167913188127848,199.03492490736593,0.19331976510449014,0.14326089613559248
dino,control,in100.dino.s0.ext,1,39.1383699756019,35.46591142270933,7.821182882442535,75.25718473976865,0.13468760052380124,0.07487836367079055
dino,control,in100.dino.s0.ext,2,18.25213679076206,16.909096090126916,1.4442479164769577,36.356835262446765,0.13378175059266428,0.0422331240459207
dino,control,in100.dino.s0.ext,3,12.310380225183941,10.183402484930895,3.4301671391091695,24.063245040189788,0.14928847955807747,0.03825863527468897
dino,control,in100.dino.s0.ext,4,10.425025692613623,8.044409160543701,2.577929893162651,21.358134861752408,0.16799464639581926,0.059982440022541696
dino,control,in100.dino.s0.ext,5,9.847872004491899,8.02485097246926,3.058209228696097,18.754451018138266,0.15494733735188843,0.03891199619592861
dino,control,in100.dino.s0.ext,6,7.36428570396376,5.972473515834929,2.30728301343045,14.156799085674555,0.15984398311356654,0.05156101050435812
dino,control,in100.dino.s0.ext,7,5.835853277681526,4.943748842803995,1.9994196676871039,10.776962088507533,0.144140704371418,0.0439476769259245
dino,control,in100.dino.s0.ext,8,5.686344262598138,4.710379225392458,1.8067782177485687,10.819714254999857,0.1502245305140738,0.03933802204896041
dino,control,in100.dino.s0.ext,9,5.347202655900313,4.509897156496839,1.7604546358358963,9.996808007548928,0.14373887185226117,0.027273005081808938
dino,control,in100.dino.s0.ext,10,4.869131634031966,3.953165789034074,1.5364953613237244,9.190680112200104,0.15979423357622388,0.03722903826229387
dino,control,in100.dino.s0.ext,11,4.702157419128255,3.8148600490195794,1.4521539249399653,9.049949954742635,0.15866649737843216,0.05336407413459203
dino,control,in100.dino.s0.ext,12,4.475846941093631,3.585638633164036,1.394943754524221,8.624691540590444,0.1630961119832112,0.046050580936981965
dino,control,in100.dino.s0.ext,13,4.228729397003816,3.456874444373334,1.3442274887956223,7.873180523203456,0.16207083628717553,0.047323390169762815
dino,control,in100.dino.s0.ext,14,4.004349953239596,3.3796486107559858,1.2910609705967862,7.494766976850847,0.14688922145234962,0.03533421497793128
dino,control,in100.dino.s0.ext,15,3.982558889573157,3.2239425093974092,1.2419633372052377,7.601834992284862,0.15927697074289104,0.03068280816311574
dino,control,in100.dino.s0.ext,16,3.7931490815588895,3.2073013353023647,1.2637975832519226,7.100830282537362,0.14277331224684528,0.03888765194821203
dino,control,in100.dino.s0.ext,17,3.705918503637643,3.082898466155227,1.2026406523352282,6.964494005428219,0.15376317952854576,0.03965205825361014
dino,control,in100.dino.s0.ext,18,3.475802234080754,2.963008105407482,1.1576856658111079,6.432630655342438,0.14395169433978472,0.04069783716361153
dino,control,in100.dino.s0.ext,19,3.4526467489902086,2.888519374356557,1.1433387368972772,6.426222315625292,0.15004083921610345,0.0279844579348619
dino,control,in100.dino.s0.ext,20,3.372048286910544,2.852159770131866,1.106034020507268,6.312701856741495,0.14520613379758304,0.040140867198681145
dino,control,in100.dino.s0.ext,21,3.3275403757933475,2.8104606092703737,1.1125856004787054,6.134699718051349,0.1466206645350696,0.03637840130963191
dino,control,in100.dino.s0.ext,22,3.2511100212182527,2.701116224180156,1.0391540088699946,6.074341311531935,0.15162747477410887,0.03228626738774789
dino,control,in100.dino.s0.ext,23,3.1040041439604984,2.6548969894172005,1.0532004511753912,5.753578837698244,0.14073015696991029,0.03760687662610103
dino,control,in100.dino.s0.ext,24,3.057312957004754,2.491075013889523,0.9904903130098902,5.613043904238782,0.169843365133664,0.034652123371686945
dino,control,in100.dino.s0.ext,25,3.0316181591850775,2.524660764024392,1.021530010853539,5.644462152215122,0.14501053706473616,0.030245406254937216
dino,control,in100.dino.s0.ext,26,2.977812521464956,2.5012346853532117,0.9844700877281943,5.512768850392422,0.1459700566170338,0.046817738978470275
dino,control,in100.dino.s0.ext,27,2.940258397631684,2.49918710266168,0.9820429948601391,5.474304250228129,0.14351329538134325,0.03396885533922184
dino,control,in100.dino.s0.ext,28,2.906561512235261,2.4934648689663703,0.991646222600322,5.3353624748078055,0.14171238453131865,0.027358601458474765
dino,control,in100.dino.s0.ext,29,2.7721339545310135,2.316081446285242,0.9111194442983988,5.18140151158498,0.1489258187072593,0.030017755871789516
dino,control,in100.dino.s0.ext,30,2.764260273741217,2.3394592380409716,0.9158354573842313,5.131432969461322,0.14571484458012152,0.03293842255735108
dino,control,in100.dino.s0.ext,31,2.7096201494724945,2.2680058633683533,0.8790179725194879,5.121184431199807,0.14690192362822377,0.02622146537517635
dino,control,in100.dino.s0.ext,32,2.6813752472908035,2.2753301645861654,0.8954516952959921,4.957579015565558,0.14566319907769912,0.03342785182482855
dino,control,in100.dino.s0.ext,33,2.646294833653681,2.2285216588759296,0.8884008299520254,4.998359157775505,0.14472339385377742,0.03283839959696178
dino,control,in100.dino.s0.ext,34,2.58924791446949,2.170845062251456,0.8372742445345907,4.767184140962799,0.1482083869339118,0.03102600186338674
dino,control,in100.dino.s0.ext,35,2.5771712617721727,2.1956215680077733,0.8797670883066998,4.738780290455638,0.14358080766064846,0.04531489651908058
dino,control,in100.dino.s0.ext,36,2.534539410576692,2.1572779999965572,0.8496712891634162,4.69995224888077,0.14288634648725979,0.03188567603388444
dino,control,in100.dino.s0.ext,37,2.4697816195921516,2.07317630174187,0.8234430764168669,4.56481776070145,0.14514069989580766,0.037621399227893856
dino,control,in100.dino.s0.ext,38,2.4468844405007713,2.067813625656636,0.7945551397093945,4.552673875806728,0.14350128331205583,0.03705225499631522
dino,control,in100.dino.s0.ext,39,2.434168366451311,2.0521378502081005,0.7920815805810085,4.540116799081375,0.1482682959651713,0.03290255495662509
dino,control,in100.dino.s0.ext,40,2.3836973868938185,1.9970113326833028,0.791799391925599,4.414753841807117,0.14902784547848488,0.03751283713833481
dino,control,in100.dino.s0.ext,41,2.37266748589743,1.9994318242934668,0.7893925119387846,4.426740323211525,0.1467350047348017,0.040701595293142476
dino,control,in100.dino.s0.ext,42,2.3333013191876506,1.994041764990281,0.789801628304368,4.339140772311335,0.14097431965456383,0.030207521606405566
dino,control,in100.dino.s0.ext,43,2.3163142519325914,1.9828636833862767,0.7695707804497375,4.289150647096192,0.14041547945756314,0.03938061698166266
dino,control,in100.dino.s0.ext,44,2.2953965108456194,1.92503063880666,0.737694582328803,4.320202461377776,0.14606105963944482,0.04344915582230769
dino,control,in100.dino.s0.ext,45,2.26690893620671,1.905812369786827,0.7775328379485296,4.196564507073187,0.14254732975816795,0.043191893897194245
dino,control,in100.dino.s0.ext,46,2.2219498985799198,1.8414248447177255,0.7167917478932713,4.1635653995973305,0.1520053178611356,0.04279988058834956
dino,control,in100.dino.s0.ext,47,2.2018564281155313,1.8604300307793822,0.7231390594412558,4.117864550662305,0.14585610061425944,0.04154046866761743
dino,control,in100.dino.s0.ext,48,2.1845345448451616,1.8277061976634217,0.7277216825329794,4.083234067233928,0.14521786187436303,0.03527528137176647
dino,control,in100.dino.s0.ext,49,2.1576920856385198,1.8436152175628233,0.7261798176713896,3.9707539020959346,0.14290221833000838,0.04340595375627439
dino,control,in100.dino.s0.ext,50,2.1521293568186355,1.828142747828291,0.7259882851409636,3.987194220574946,0.1429824311242002,0.033898454031013096
dino,control,in100.dino.s0.ext,51,2.1285162724824214,1.7996530736332184,0.7247708948795071,3.916607249327392,0.14469490043543276,0.04563272644148473
dino,control,in100.dino.s0.ext,52,2.108246135238183,1.7640135402826993,0.6944215318047946,3.9390982850524923,0.14656450402556678,0.03270207375660863
dino,control,in100.dino.s0.ext,53,2.075189109230476,1.7441461013705433,0.6868292167071138,3.869616177382959,0.14375316529415366,0.03355477512487616
dino,control,in100.dino.s0.ext,54,2.0632681976718787,1.747870673969814,0.6831168282340733,3.8202074723188044,0.14604675959548588,0.04504107530099633
dino,control,in100.dino.s0.ext,55,2.0413084431358848,1.7293813791664518,0.6660360277229561,3.813499439830351,0.14626809523186474,0.04355414053772375
dino,control,in100.dino.s0.ext,56,2.0263496615355554,1.6788665078585985,0.6891881212157207,3.8068339112046066,0.14605629858255967,0.03985810192838772
dino,control,in100.dino.s0.ext,57,1.9986193433048143,1.6834777735847994,0.6725262109682538,3.6778013010778783,0.1463709197197136,0.04135225037081985
dino,control,in100.dino.s0.ext,58,1.9856304105900855,1.6724394915942522,0.6599618223551691,3.6876567560414366,0.14598448848702575,0.05383973051251753
dino,control,in100.dino.s0.ext,59,1.9658865256730773,1.6336191517063363,0.6444096431632701,3.7142489137255645,0.14947064115869918,0.03734965733709373
dino,control,in100.dino.s0.ext,60,1.9606112739217432,1.646071598532282,0.6439394854297528,3.6719101551810995,0.1497014240055249,0.05585703544175721
dino,control,in100.dino.s0.ext,61,1.926942220451633,1.6471024097119282,0.6614333273571044,3.561505806617626,0.14061792473249698,0.0470968656593789
dino,control,in100.dino.s0.ext,62,1.907849285963964,1.6154428416940043,0.6350511355774285,3.5571148704639,0.14414760549271888,0.04687020119730713
dino,control,in100.dino.s0.ext,63,1.8720440087116192,1.5646851809473423,0.6105547599812594,3.511138284030609,0.14873669324778507,0.043507011594983824
dino,control,in100.dino.s0.ext,64,1.8468821618412492,1.5659409118152348,0.6291886988543811,3.4412298491528945,0.14493615070019972,0.04001508828981985
dino,control,in100.dino.s0.ext,65,1.8286862548586607,1.5398537390478788,0.6096182562777969,3.424567876986717,0.1456189163396803,0.04490291486388827
dino,control,in100.dino.s0.ext,66,1.81803811004507,1.5287240314774357,0.6222626472549303,3.3627428439038636,0.1465014024663617,0.03475108713251766
dino,control,in100.dino.s0.ext,67,1.8104302745832164,1.5308786985927214,0.5918021380864423,3.3978496185612164,0.14468293054137965,0.04089555581283182
dino,control,in100.dino.s0.ext,68,1.781804668002015,1.4886109740574245,0.5729977383171844,3.3634468369354713,0.15199536685210926,0.033672229860281185
dino,control,in100.dino.s0.ext,69,1.7728655515320404,1.482734353577964,0.5817247997178351,3.313157844736188,0.14802596575603066,0.04575250544057579
dino,control,in100.dino.s0.ext,70,1.750284687579749,1.467808229061898,0.5948293515356607,3.208989043054815,0.14863362165463234,0.04231797823285126
dino,control,in100.dino.s0.ext,71,1.7341902917194263,1.474187100034526,0.5729193507725784,3.278117055058493,0.14233455106398432,0.05287419322721818
dino,control,in100.dino.s0.ext,72,1.7098966032092326,1.4412360422910402,0.5750074991722337,3.1704931257535027,0.14481512064797533,0.05482088384472959
dino,control,in100.dino.s0.ext,73,1.7057969421612502,1.432825050028673,0.557112926882998,3.209875106506264,0.1481133524271942,0.04834204398066459
dino,control,in100.dino.s0.ext,74,1.6863641444134845,1.4284694100632804,0.5542256790781255,3.1133302226963324,0.14846991459442319,0.04284115052292212
dino,control,in100.dino.s0.ext,75,1.6625807070778544,1.4015189302960316,0.5400366887676157,3.112729860116239,0.1459231449589057,0.050554002093518895
dino,control,in100.dino.s0.ext,76,1.6452332020160798,1.386791799381913,0.5434642298345844,3.059883338901196,0.14447418740515172,0.03583230458937261
dino,control,in100.dino.s0.ext,77,1.642686076580904,1.375124093703834,0.5310154109834726,3.0751447367132494,0.14757534171794998,0.04250945873189366
dino,control,in100.dino.s0.ext,78,1.6226130710693147,1.3504976536543642,0.5288526345098709,3.056984929555273,0.14985601685333266,0.042982253905344665
dino,control,in100.dino.s0.ext,79,1.5862684667238085,1.3426816568714866,0.5263423861798374,2.9508021374227273,0.14602400294605983,0.04970684470992525
dino,control,in100.dino.s0.ext,80,1.5773823855557434,1.3305596063392433,0.5242064335227158,2.946798869553204,0.14396717629690006,0.039009503311038064
dino,control,in100.dino.s0.ext,81,1.567116788538043,1.3213831914409524,0.5170977091990191,2.9349464764066733,0.14576229932879317,0.045140839962053446
dino,control,in100.dino.s0.ext,82,1.546914843793513,1.3151121227391713,0.5152404987657839,2.8653615733051114,0.14400947857033605,0.042349054797182005
dino,control,in100.dino.s0.ext,83,1.5378655969393127,1.2789041899291012,0.4894162132136428,2.908586567687627,0.1497446077570585,0.04914409258980923
dino,control,in100.dino.s0.ext,84,1.5251885347348761,1.2849730255872247,0.5017036775959188,2.8343552656834996,0.14464201347297198,0.05408548256236501
dino,control,in100.dino.s0.ext,85,1.5067245178583117,1.2750834255321564,0.506517967151853,2.8118406877665927,0.14455716088111598,0.05184792530079013
dino,control,in100.dino.s0.ext,86,1.4852020134689774,1.2451598502668353,0.4848086250289542,2.7973052978655173,0.14564835155836486,0.053833395875526685
dino,control,in100.dino.s0.ext,87,1.4659299520831963,1.224017058681976,0.4796101539981657,2.7499129204185357,0.1491645547590483,0.0517938265875853
dino,control,in100.dino.s0.ext,88,1.4507394257398774,1.2131529101214564,0.47041401065286814,2.7417174650334837,0.14729825335498106,0.07474624754037516
dino,control,in100.dino.s0.ext,89,1.4368500793913646,1.2011398211368562,0.46739025408687285,2.6886092208663794,0.1467793291755586,0.05848274272095345
dino,control,in100.dino.s0.ext,90,1.430735398498779,1.2061664860699182,0.46216441911283745,2.6823983629726844,0.14763226054208045,0.054239427986749036
dino,control,in100.dino.s0.ext,91,1.4018784821043968,1.1866643123518084,0.4665241778552914,2.5896806545458384,0.14388554198547973,0.06478326509615714
dino,control,in100.dino.s0.ext,92,1.3894054891554015,1.1665028163438085,0.4550089256065507,2.6364796304504003,0.14645167114130575,0.07290192929180281
dino,control,in100.dino.s0.ext,93,1.3763297441123084,1.1402659527612615,0.4317746907313338,2.623540629460039,0.1480642780341479,0.05135012803389749
dino,control,in100.dino.s0.ext,94,1.3699176240789444,1.1452359788659647,0.4437405827667643,2.5908668959022294,0.14564951103669027,0.05666335765785147
dino,control,in100.dino.s0.ext,95,1.3476233394023343,1.1550797329650546,0.4322746463954392,2.5131149843890213,0.14535865168843254,0.05725888258666147
dino,control,in100.dino.s0.ext,96,1.3382661737084165,1.1110950587227841,0.44798435365381023,2.515736827755279,0.14775330109921794,0.04485456227087506
dino,control,in100.dino.s0.ext,97,1.3353746831856013,1.130942050342482,0.44227473066363315,2.504003790984219,0.1436158839827192,0.0674441410258362
dino,control,in100.dino.s0.ext,98,1.3212150329263777,1.1086611767669097,0.4265799925576418,2.4779570935964026,0.14905374216784806,0.05559161623493733
dino,control,in100.dino.s0.ext,99,1.3150540448133423,1.0898345905817286,0.41505048291167107,2.5103953446705343,0.1488818573209867,0.06470273015698211
dino,control,in100.dino.s0.ext,100,1.294846786057004,1.0890636172551598,0.42142942658283494,2.4193999216903364,0.14637181859832257,0.051028251669756684
dino,control,in100.dino.s0.ext,101,1.2870658663253312,1.0677580144442445,0.416229418883457,2.4457419496564436,0.1494494465031793,0.08133425803406055
dino,control,in100.dino.s0.ext,102,1.2704578781322977,1.058871619589977,0.4094132233112888,2.4018559738227605,0.15055350772022352,0.07695552269925968
dino,control,in100.dino.s0.ext,103,1.2521965592599584,1.0539020983614842,0.40721139709608384,2.3460864646937276,0.14859265593077972,0.07310059588159203
dino,control,in100.dino.s0.ext,104,1.23061889335341,1.0390673365083085,0.39970386851243406,2.2729639905673724,0.14818905395752602,0.04523274434690279
dino,control,in100.dino.s0.ext,105,1.2232138978452498,1.0095228854068266,0.39313223719281537,2.3226398903390093,0.15145371256807713,0.06310028306289645
dino,control,in100.dino.s0.ext,106,1.2131414494239114,1.0006688659304466,0.39227225610545535,2.308363076870686,0.15419896516614556,0.07805478667630951
dino,control,in100.dino.s0.ext,107,1.1949076746275793,0.9919219072149215,0.3825800547637942,2.24011614617286,0.14902089521136547,0.05143959563231342
dino,control,in100.dino.s0.ext,108,1.1924591307053276,0.9850212449685505,0.3792611287999361,2.258629308863202,0.15136418228508589,0.0630445951758079
dino,control,in100.dino.s0.ext,109,1.1733291388918876,0.9802574037838689,0.3781754472638025,2.213117618510805,0.14777618918615765,0.06479888505172317
dino,control,in100.dino.s0.ext,110,1.1600738664250865,0.9677293906133113,0.36962244699093744,2.1886216386763673,0.1510939350019907,0.06847939107382713
dino,control,in100.dino.s0.ext,111,1.1475785956137086,0.9441819507176601,0.3652131810905746,2.1427628544958006,0.15372938666909622,0.0692231129963515
dino,control,in100.dino.s0.ext,112,1.1335955620139553,0.9300731195829629,0.35834610899289077,2.1549329546754037,0.15284627096741396,0.07224977468747402
dino,control,in100.dino.s0.ext,113,1.1215520847211908,0.9282469116939768,0.3461152153521186,2.1437528412789097,0.15494779338646306,0.06296219645328777
dino,control,in100.dino.s0.ext,114,1.115933547149346,0.9265229475416877,0.3538248171996473,2.0988540649257232,0.15006712985097775,0.07524317645293496
dino,control,in100.dino.s0.ext,115,1.0963339459871695,0.9055542636017718,0.3392651447640202,2.0723045219726117,0.15167340636820417,0.07301511657091525
dino,control,in100.dino.s0.ext,116,1.0865579191926824,0.9080388108265808,0.3497647466127565,2.046199002850487,0.15203210250642665,0.06898379053527648
dino,control,in100.dino.s0.ext,117,1.0728208097468999,0.8814160036169225,0.33713317833087614,2.030788741308957,0.15466553252440415,0.07027727778001971
dino,control,in100.dino.s0.ext,118,1.0631270563752655,0.8744079416391158,0.3379276014524301,1.9907029671278336,0.15624528797378634,0.07041363368575784
dino,control,in100.dino.s0.ext,119,1.0545008455635159,0.8676865107763648,0.33087159409181777,2.016355572239462,0.15221724048173438,0.08789517054142644
dino,control,in100.dino.s0.ext,120,1.0217160657438875,0.8416186460278166,0.3237237685222615,1.9498308869062706,0.15172422751393363,0.09507510017255051
dino,control,in100.dino.s0.ext,121,1.0192606690210573,0.8496477237529998,0.32598089178808876,1.9329619129657885,0.14903572838616766,0.07351773855957838
dino,control,in100.dino.s0.ext,122,1.0179405146927134,0.834925383805559,0.3128628123756559,1.940134944739843,0.1561461181500056,0.0855325412445418
dino,control,in100.dino.s0.ext,123,1.006108758636808,0.8353409319643506,0.318166612888915,1.884963825206213,0.1509275686057539,0.11469500744955397
dino,control,in100.dino.s0.ext,124,1.0032519687663541,0.8224533647352945,0.3113523498833482,1.930290389950482,0.15178720065495452,0.06878828626495338
dino,control,in100.dino.s0.ext,125,0.9950694352880232,0.8148663801690763,0.30820533054011284,1.880596870173047,0.15309451122700476,0.09387150784073472
dino,control,in100.dino.s0.ext,126,0.9804459572176062,0.8164124259546397,0.31425423170043676,1.856180293061667,0.15332193442932207,0.098314259069175
dino,control,in100.dino.s0.ext,127,0.9630428012506561,0.8011799704874065,0.3009077040659422,1.8215618049384348,0.15581516139906534,0.09130215795857786
dino,control,in100.dino.s0.ext,128,0.9596850359302965,0.7925666191658258,0.303094072965727,1.813743856462337,0.15578266861344986,0.08765131897553674
dino,control,in100.dino.s0.ext,129,0.9474082670677465,0.7890180382712133,0.29673438724194806,1.8002218049595335,0.14903878008141427,0.08078304142231323
dino,control,in100.dino.s0.ext,130,0.9332322630618927,0.7701526181554712,0.292156838947278,1.7715030184473601,0.15285263648176156,0.0865060806451686
dino,control,in100.dino.s0.ext,131,0.9263820509287242,0.7646467657583103,0.29095227337471063,1.7657602449389302,0.15142774917747195,0.07795365585103388
dino,control,in100.dino.s0.ext,132,0.9186343067543575,0.7607802557847698,0.2904099495347155,1.7464003825709167,0.15327587008441107,0.0926709184607586
dino,control,in100.dino.s0.ext,133,0.8992615291239845,0.7491550615995051,0.28743943340160566,1.69912575459853,0.14997031693974913,0.07033647585488502
dino,control,in100.dino.s0.ext,134,0.8839812494645035,0.7313339987487686,0.284819254381799,1.6936298081252232,0.15141326045067785,0.10860484756496146
dino,control,in100.dino.s0.ext,135,0.875628756115654,0.7225408326745609,0.2723657062213554,1.6655277014335323,0.15393106106630616,0.1033189803736045
dino,control,in100.dino.s0.ext,136,0.8650816900511568,0.71593936227769,0.2692681594586747,1.6271306262189624,0.15501414492354088,0.09256194376253335
dino,control,in100.dino.s0.ext,137,0.860312991859119,0.7109725394784272,0.2689093112952062,1.59533416800396,0.1509389542298452,0.1170172638552994
dino,control,in100.dino.s0.ext,138,0.8447488781510306,0.6951815881013991,0.2592138589830516,1.6239980997765948,0.15447448924983037,0.11279504089227049
dino,control,in100.dino.s0.ext,139,0.837459417582302,0.676656775104507,0.25970433825278294,1.6291338639662194,0.15725651858887407,0.11088831826658144
dino,control,in100.dino.s0.ext,140,0.8289764265890829,0.6768945348982602,0.2561800173117824,1.587607612184421,0.15864353483034196,0.1361962979163708
dino,control,in100.dino.s0.ext,141,0.820976965298188,0.6673248057614288,0.2572725124262663,1.552687824176118,0.15740933685123734,0.07900204051285777
dino,control,in100.dino.s0.ext,142,0.819306558419896,0.6644966954365793,0.2516587566987252,1.582153233110187,0.1573804446128909,0.07509626354311517
dino,control,in100.dino.s0.ext,143,0.804734072807512,0.6553611822837753,0.24634425662054596,1.5361292220576899,0.15625367592685818,0.07941978544739844
dino,control,in100.dino.s0.ext,144,0.794260348942926,0.6522179860846258,0.2401512244583426,1.5179685567439962,0.1552943928436121,0.10043289058084195
dino,control,in100.dino.s0.ext,145,0.7905724749211847,0.6482724470658774,0.24287042019858043,1.493862803272465,0.15627501654142414,0.12976542416919293
dino,control,in100.dino.s0.ext,146,0.7793652504443822,0.6264753738279633,0.23228054166122786,1.5069379956923377,0.16276214123265256,0.09340977148737613
dino,control,in100.dino.s0.ext,147,0.767689546218649,0.6235833289053447,0.23357037584277632,1.4949324157575243,0.15469593846290491,0.08115307492046388
dino,control,in100.dino.s0.ext,148,0.7609180218347416,0.6096370652654741,0.22904392168433388,1.4760530130408336,0.15893958338570546,0.12665844767393125
dino,control,in100.dino.s0.ext,149,0.7433566163834726,0.6095704221142486,0.23037561659051198,1.413323258819212,0.15685927426454901,0.1311741417303485
dino,control,in100.dino.s0.ext,150,0.7361085878276032,0.603247141535467,0.2243359460865173,1.4193653864478875,0.15333853103493697,0.12673715790695636
dino,control,in100.dino.s0.ext,151,0.7327759901947491,0.6023658881576752,0.22509456676238374,1.4110673364938835,0.15466593016854605,0.09058546797934869
dino,control,in100.dino.s0.ext,152,0.7216512423666,0.5844815500191838,0.2184955566024627,1.3853751932889071,0.15643491762863024,0.14513239303160158
dino,control,in100.dino.s0.ext,153,0.7143185347616953,0.5752655983418355,0.21276515595825843,1.3831463757515714,0.1606167978000151,0.10885157046487585
dino,control,in100.dino.s0.ext,154,0.69914792228338,0.566661749768379,0.21435959056805196,1.3537210537248332,0.1580256052216777,0.12875924426410124
dino,control,in100.dino.s0.ext,155,0.6940449148214419,0.5690616558258984,0.21172458728428892,1.336840111341859,0.153326783158977,0.15359928455332258
dino,control,in100.dino.s0.ext,156,0.6804060395299797,0.5398650982095267,0.19789234127497987,1.32800518864596,0.16584370652425365,0.10170967965594782
dino,control,in100.dino.s0.ext,157,0.6687047035610812,0.5454264502867878,0.19992268545138894,1.2912838508484559,0.16065353756935807,0.1808300900762123
dino,control,in100.dino.s0.ext,158,0.6599610399946612,0.5384241126297425,0.20204178206523343,1.261697471529974,0.1572887765553847,0.1381479921058749
dino,control,in100.dino.s0.ext,159,0.6538308519005774,0.5296407295117247,0.1966050394858418,1.263384990876723,0.15851177409292863,0.13869698818403284
dino,control,in100.dino.s0.ext,160,0.6503024976826299,0.5251157976619572,0.19415760378764735,1.2586654911584971,0.1606770935271813,0.18046784008008238
dino,control,in100.dino.s0.ext,161,0.6422090332532739,0.5181632262774098,0.19127323383221764,1.2553082629893562,0.15939662470181043,0.13495051230309416
dino,control,in100.dino.s0.ext,162,0.6184324207837794,0.49235312152067223,0.17834836005787202,1.206689496949277,0.16333272416513067,0.12104977575200236
dino,control,in100.dino.s0.ext,163,0.6132527355204833,0.4904283854806212,0.17593453568287998,1.1986004735337448,0.16809906258112328,0.1473910005594924
dino,control,in100.dino.s0.ext,164,0.6087711477689955,0.4919747485700363,0.18345565171159853,1.1780095623117461,0.16293841733101191,0.20151337751524584
dino,control,in100.dino.s0.ext,165,0.6012176791775898,0.47989798965991914,0.18413661124227473,1.1518168141376106,0.1652298256589236,0.18487109727268414
dino,control,in100.dino.s0.ext,166,0.5840669288722448,0.4697228152880931,0.1757336912437501,1.1349449733453365,0.1648070993324094,0.1512469297427051
dino,control,in100.dino.s0.ext,167,0.5773371547233107,0.4598145657695295,0.16583632590568567,1.124035130330075,0.16510828556220128,0.15818510674719918
dino,control,in100.dino.s0.ext,168,0.5753042387205279,0.4661564848869975,0.1752028535050442,1.1110057276394691,0.15971843825425883,0.15454358496783133
dino,control,in100.dino.s0.ext,169,0.551339134117663,0.4407239445762585,0.16763200219311683,1.050047647369069,0.16262910915154205,0.2072654948134553
dino,control,in100.dino.s0.ext,170,0.5461751555004876,0.4397223708014045,0.15986126229409367,1.052883600525131,0.16393466178745444,0.1551265572710227
dino,control,in100.dino.s0.ext,171,0.5346875627291015,0.4242556114394622,0.1592044715738744,1.0399485390472607,0.1632554423009383,0.20755332582593908
dino,control,in100.dino.s0.ext,172,0.5187165326229525,0.41766834655736423,0.1568490323389529,1.0083630189576094,0.16083201338133749,0.19429966928261286
dino,control,in100.dino.s0.ext,173,0.5168383418860614,0.40192043963417845,0.149530280741751,1.0138620872557518,0.17173892529997353,0.18031082281616753
dino,control,in100.dino.s0.ext,174,0.5074405025488368,0.40844731093707626,0.15230773831013936,0.9866459795577093,0.1594624033168895,0.19432447442529477
dino,control,in100.dino.s0.ext,175,0.4957238961015357,0.39482503585394957,0.14312965787253978,0.9743027155930433,0.16259967448840162,0.2058658875591201
dino,control,in100.dino.s0.ext,176,0.48762250068570206,0.3867329509261447,0.1395306773258403,0.9491557992351717,0.16961476501130768,0.1883022430981469
dino,control,in100.dino.s0.ext,177,0.4822076479718419,0.3866329401555113,0.14165477827498849,0.9308761299764171,0.16264053151814525,0.27806358362030886
dino,control,in100.dino.s0.ext,178,0.46584463101748164,0.3717180820479735,0.1350627251651354,0.8984649838754404,0.16748284998080612,0.20159453741921557
dino,control,in100.dino.s0.ext,179,0.45815911903001033,0.3639494807050078,0.13285271608609445,0.8989259895540482,0.1612162676640565,0.22832044809067106
dino,control,in100.dino.s0.ext,180,0.44569574814301155,0.34914963892494544,0.12585996223195545,0.8759038618883485,0.17271151204085858,0.262039906881466
dino,control,in100.dino.s0.ext,181,0.4370016007043627,0.34579692534228107,0.1256252641957483,0.8504081886503683,0.16790118772553517,0.2771159747395278
dino,control,in100.dino.s0.ext,182,0.42235951574494507,0.3351117094743431,0.1252751462780236,0.8245232735980051,0.16451491483827363,0.2700919322643507
dino,control,in100.dino.s0.ext,183,0.41059595721825193,0.32649155458439794,0.11820969994957804,0.800846980009574,0.16820930935122214,0.2158279677522254
dino,control,in100.dino.s0.ext,184,0.4045354701052982,0.31704742031896027,0.11574786067815143,0.786875395514824,0.17484058148116544,0.23917844882035152
dino,control,in100.dino.s0.ext,185,0.39620128259488996,0.31333926248104327,0.11415257029275572,0.7623467555172605,0.17266126214331698,0.21757455054917307
dino,control,in100.dino.s0.ext,186,0.3880729199689359,0.30458836920615284,0.11097778281135219,0.7590144267737423,0.17227805413741928,0.2644255092277661
dino,control,in100.dino.s0.ext,187,0.3763263494768486,0.29636952666999483,0.10417481155127542,0.7417958955232002,0.1699785122419581,0.2623685991379585
dino,control,in100.dino.s0.ext,188,0.36879777072069114,0.2949079940708547,0.10814181224832049,0.7216726023535434,0.16028405157718578,0.2742529462250607
dino,control,in100.dino.s0.ext,189,0.3616077013163931,0.28725726997099277,0.10211920682201252,0.7105197185287371,0.16857267583989397,0.30929446190005466
dino,control,in100.dino.s0.ext,190,0.3434407578148683,0.27440025752346486,0.10063305944854706,0.671397388571326,0.16449895999216968,0.31817644255187627
dino,control,in100.dino.s0.ext,191,0.34132861457351854,0.2667398481691118,0.09568396322753886,0.6704601097806696,0.17305555357198776,0.31029985327513326
dino,control,in100.dino.s0.ext,192,0.3271199152705704,0.2547459873739656,0.09011131260488536,0.6442081146247701,0.17545604542205562,0.31718762470577994
dino,control,in100.dino.s0.ext,193,0.31575621341251325,0.2447219082611105,0.08517577438834345,0.6332458681192259,0.17555001366428546,0.2654560280987468
dino,control,in100.dino.s0.ext,194,0.3086383990458157,0.23809587568977986,0.08421969146953394,0.611960485051829,0.1758367167961258,0.31616124289446096
dino,control,in100.dino.s0.ext,195,0.29492526147098164,0.23089946389601218,0.08361141521284295,0.5786188357048785,0.16962277314903296,0.29894848673884183
dino,control,in100.dino.s0.ext,196,0.29284236807521163,0.22844325706606738,0.07955891591959441,0.5817753311487442,0.17419100618693528,0.2989325166550732
dino,control,in100.dino.s0.ext,197,0.2706960753710128,0.20738320903211688,0.07049127626147939,0.5370367604190204,0.18035638505782461,0.2901751351110802
dino,control,in100.dino.s0.ext,198,0.26600952747298656,0.21098757185638364,0.07174755512319118,0.5265651839053137,0.16998387670687207,0.20106205832096524
dino,control,in100.dino.s0.ext,199,0.2570718735778379,0.1939802555717124,0.0683412588394329,0.5143477382434952,0.18370815635747684,0.3618201161302077
dino,control,in100.dino.s0.ext,200,0.24826639314398688,0.19226768368018948,0.06845461961751141,0.4891584808976276,0.17696154871507844,0.34973870042771116
dino,control,in100.dino.s0.ext,201,0.2415928010141781,0.18196606908916818,0.06614796038179858,0.4840775168016273,0.18372449046417597,0.28089902725590365
dino,control,in100.dino.s0.ext,202,0.2268082238920407,0.17715715843852825,0.06278252547161128,0.45155507962540864,0.1718694829738908,0.3316925434998501
dino,control,in100.dino.s0.ext,203,0.21279538968920841,0.15986786729484215,0.0545293391565411,0.4374659220632129,0.18201224618255432,0.42914113941460086
dino,control,in100.dino.s0.ext,204,0.18923042300777795,0.1461964101362877,0.051074692777693026,0.37630214179485355,0.17768944187686614,0.35412728853014974
dino,control,in100.dino.s0.ext,205,0.17886044447600627,0.13214777077159112,0.04435730944542649,0.3643192998069648,0.1956394020263513,0.3813107725028586
dino,control,in100.dino.s0.ext,206,0.1583517449869161,0.11798259904846566,0.03932806347609648,0.3226704685955797,0.18851966858959665,0.384599922242414
dino,control,in100.dino.s0.ext,207,0.12566504966963798,0.09007718841509871,0.02821739936941683,0.2636281586560818,0.20360635682961153,0.6609630976766765
dino,control,in100.dino.s0.ext,208,0.10651387502048397,0.07747733957471852,0.026428508786273563,0.21792024748986213,0.1936233348141064,0.38784695203355946
dino,control,in100.dino.s0.ext,209,0.06350621295227164,0.044806084424734875,0.014424158380464786,0.13197711476869856,0.21256628722803336,0.7257308950637641
dino,treated,in100.dino.s0.e20fwlo.extL,0,110.5377926386667,80.79916685353479,20.55736013476994,236.58244922378597,0.15194461408655482,0.1637885681494281
dino,treated,in100.dino.s0.e20fwlo.extL,1,72.49065615937785,64.0772163748224,11.841908019216422,140.09743581629496,0.14777220339681757,0.11171882386483453
dino,treated,in100.dino.s0.e20fwlo.extL,2,24.771264429327992,21.152909038963337,6.539198729243397,47.75463666299849,0.14183895864462742,0.06168128568863313
dino,treated,in100.dino.s0.e20fwlo.extL,3,19.54379041431306,16.586310076955222,5.969368084338185,36.74290615243514,0.14228143327421802,0.04518529537750319
dino,treated,in100.dino.s0.e20fwlo.extL,4,17.780431067180185,15.337371106764612,6.199307188448508,32.3536174878161,0.13729962967458112,0.046157832954751746
dino,treated,in100.dino.s0.e20fwlo.extL,5,16.071276557531267,13.265938469913285,4.711905333992435,30.968858174908355,0.15031064754220178,0.033918795685659205
dino,treated,in100.dino.s0.e20fwlo.extL,6,15.483483926275488,13.626583343860991,3.529780809038812,30.080257871679724,0.13690757703958298,0.030417182248425247
dino,treated,in100.dino.s0.e20fwlo.extL,7,14.618458569240861,11.367054884943105,4.311640336771046,29.190251166427714,0.16648004698792632,0.04121817549378132
dino,treated,in100.dino.s0.e20fwlo.extL,8,12.294465456399099,10.11729468964976,3.623784657006566,23.757390789430428,0.15127097762834754,0.043465534803648884
dino,treated,in100.dino.s0.e20fwlo.extL,9,9.628826970078334,8.074282366445356,3.1722382273118064,17.81431161901877,0.14863395849982833,0.03132725951080137
dino,treated,in100.dino.s0.e20fwlo.extL,10,9.01965285705144,7.077374019478928,2.612199896268433,17.68767673321758,0.17123753330514788,0.03449111906088426
dino,treated,in100.dino.s0.e20fwlo.extL,11,7.782946007578623,6.824053001642815,2.824654695446606,13.964229672126185,0.13209221494490314,0.034857424765981845
dino,treated,in100.dino.s0.e20fwlo.extL,12,7.540964984074985,6.363156796467742,2.390736712657331,14.272252229381724,0.14742851728165232,0.03201813043864483
dino,treated,in100.dino.s0.e20fwlo.extL,13,6.904055820753175,5.741497731934274,2.2902350711763693,12.977539627597967,0.1523432878373622,0.03162418976964161
dino,treated,in100.dino.s0.e20fwlo.extL,14,6.274263041657482,5.3122020101462315,2.120558747960894,11.565490036456863,0.14321667789695838,0.025036670874122056
dino,treated,in100.dino.s0.e20fwlo.extL,15,6.018476703614211,5.191828302157017,2.1139224423199146,10.900725919356608,0.13556801320573464,0.030033768423335876
dino,treated,in100.dino.s0.e20fwlo.extL,16,5.598901255292471,4.832613368005919,1.9625873578265542,10.235246636837735,0.13639522476527582,0.025751060212550077
dino,treated,in100.dino.s0.e20fwlo.extL,17,5.478676542664598,4.578457530305095,1.7672207786352765,10.356245253256096,0.1486112420313988,0.029274891344713484
dino,treated,in100.dino.s0.e20fwlo.extL,18,5.364903604971828,4.456585825234887,1.760737713113851,10.036314416045137,0.15222932309628842,0.02535925334255116
dino,treated,in100.dino.s0.e20fwlo.extL,19,5.124126005650503,4.343103653735051,1.7081685370885782,9.523715173601083,0.1481016220153519,0.02433805079171324
dino,treated,in100.dino.s0.e20fwlo.extL,20,5.0865707459039875,4.221492125352304,1.6485322079071263,9.593591681629395,0.15151517895088532,0.038389635280742275
dino,treated,in100.dino.s0.e20fwlo.extL,21,5.025974363340151,4.186306047000153,1.6117626806203136,9.413236980120969,0.15115009127854426,0.03147650495971744
dino,treated,in100.dino.s0.e20fwlo.extL,22,4.912550896462578,4.179074810829851,1.6625604803727745,9.08012282005062,0.1430142126893722,0.034432299184653424
dino,treated,in100.dino.s0.e20fwlo.extL,23,4.832313981949911,4.0911146283361255,1.6456938514339954,8.984029531432864,0.14049434640264946,0.033544137174015644
dino,treated,in100.dino.s0.e20fwlo.extL,24,4.523298506356541,3.7783266887140643,1.445248376782978,8.465807219382718,0.15275335881508348,0.030529167836918187
dino,treated,in100.dino.s0.e20fwlo.extL,25,4.504555228928903,3.855169684207393,1.5134327006154749,8.313708328008452,0.1414952642048917,0.021495111866109248
dino,treated,in100.dino.s0.e20fwlo.extL,26,4.344744572846473,3.645687080201093,1.4853244836702013,8.038708178851088,0.14234708650482636,0.022741035819388414
dino,treated,in100.dino.s0.e20fwlo.extL,27,4.2842263223436845,3.6398139955187663,1.4762236266533648,7.9659969450766,0.14125607184761052,0.02127247942840766
dino,treated,in100.dino.s0.e20fwlo.extL,28,4.184899010791819,3.5702946966982045,1.427592251880372,7.6657977361868594,0.14214685309656147,0.02375039237737377
dino,treated,in100.dino.s0.e20fwlo.extL,29,4.094321687487267,3.4762899969850034,1.4047224052705236,7.636202208543579,0.14456563580749035,0.03792828031706623
dino,treated,in100.dino.s0.e20fwlo.extL,30,4.068820565926516,3.432711871023895,1.3543059380724967,7.588345091583401,0.14371326885230232,0.031149803523195893
dino,treated,in100.dino.s0.e20fwlo.extL,31,3.9638935915284437,3.4213876190068806,1.3544625255637577,7.302324763500681,0.1389365849665631,0.025162552563096657
dino,treated,in100.dino.s0.e20fwlo.extL,32,3.9412706186509694,3.3426412512066745,1.3492281184308252,7.281420330008782,0.1468553993869163,0.03372676615043344
dino,treated,in100.dino.s0.e20fwlo.extL,33,3.898812331442951,3.250067061932286,1.3068337135166168,7.183573869444602,0.15156754577112128,0.026087488211486008
dino,treated,in100.dino.s0.e20fwlo.extL,34,3.819288247789558,3.2470578878337744,1.306442567137301,6.977809054318461,0.14487605025653177,0.025177844374522033
dino,treated,in100.dino.s0.e20fwlo.extL,35,3.7931947090022646,3.2599679820516863,1.301642376595721,6.903879830656559,0.13987120594026786,0.033624924859729274
dino,treated,in100.dino.s0.e20fwlo.extL,36,3.7507116617289102,3.2256041650081357,1.2661349030877966,6.934872073511363,0.14016942335522925,0.02172494486015148
dino,treated,in100.dino.s0.e20fwlo.extL,37,3.712749985864905,3.1555345960632826,1.2394146980294978,6.8995573820605856,0.1434600496169571,0.022566694525012112
dino,treated,in100.dino.s0.e20fwlo.extL,38,3.610598501442367,3.033843974786995,1.184980292937583,6.733340152631421,0.14590758488722846,0.02428362447808875
dino,treated,in100.dino.s0.e20fwlo.extL,39,3.5384997590897727,3.018512996745727,1.2040613044876156,6.5706881036668205,0.14137647504591155,0.027329869279537292
dino,treated,in100.dino.s0.e20fwlo.extL,40,3.5224715484736633,3.0354023750388874,1.2019895267509384,6.431661293058878,0.14158003274945716,0.01713613848812803
dino,treated,in100.dino.s0.e20fwlo.extL,41,3.499411591113651,2.987211140413834,1.1894929347650256,6.515457524948908,0.14099524740562466,0.03750633609019015
dino,treated,in100.dino.s0.e20fwlo.extL,42,3.423261588609622,2.8974999095767764,1.147883291588447,6.271396731698098,0.14863389169011193,0.03455498463438711
dino,treated,in100.dino.s0.e20fwlo.extL,43,3.3852167538594804,2.8831702044064373,1.1525062883527621,6.2462643088957845,0.14013128405364778,0.01921299417854727
dino,treated,in100.dino.s0.e20fwlo.extL,44,3.359140028599546,2.850755703682954,1.13098553487613,6.260752035713904,0.14216737699770193,0.021744685928921335
dino,treated,in100.dino.s0.e20fwlo.extL,45,3.350364919712806,2.8515568463800176,1.1270465208110185,6.159745087216094,0.14381136947112463,0.025861310764815168
dino,treated,in100.dino.s0.e20fwlo.extL,46,3.321476420437277,2.852601373887177,1.1372195175641866,6.123396809636817,0.14024260093301125,0.028099149765641544
dino,treated,in100.dino.s0.e20fwlo.extL,47,3.2643874898319427,2.7916740488677885,1.1369939498164678,6.0046059649904855,0.14037330128462458,0.023520468441592085
dino,treated,in100.dino.s0.e20fwlo.extL,48,3.2181382212616736,2.772092886452259,1.116211441143854,5.799286569902972,0.13796170097838942,0.024045974893679687
dino,treated,in100.dino.s0.e20fwlo.extL,49,3.1870866183881805,2.73823355777472,1.1213460208664596,5.8145693394307845,0.13862458706368744,0.023731745782776602
dino,treated,in100.dino.s0.e20fwlo.extL,50,3.175523459806123,2.7072664185934565,1.0802320862523296,5.85264813571326,0.14002960658169541,0.017635498642735652
dino,treated,in100.dino.s0.e20fwlo.extL,51,3.145337654224418,2.705446042710718,1.0786162497684015,5.7947381269360365,0.13952394453425457,0.021489509880844727
dino,treated,in100.dino.s0.e20fwlo.extL,52,3.135329220436454,2.6729227966516285,1.0632806369428554,5.825131895735707,0.14297643503171326,0.026094930638594412
dino,treated,in100.dino.s0.e20fwlo.extL,53,3.0915207743575803,2.6293755376747074,1.0723785026514847,5.715835711510557,0.1393993562775873,0.02320866287810115
dino,treated,in100.dino.s0.e20fwlo.extL,54,3.0850453525099466,2.63668005210779,1.0451879857395183,5.68656240481493,0.14067857208516718,0.027762538355486466
dino,treated,in100.dino.s0.e20fwlo.extL,55,3.0316451901584607,2.584247892095652,1.037280084022422,5.585998156905028,0.14459093368865172,0.03208839560209955
dino,treated,in100.dino.s0.e20fwlo.extL,56,3.0129432677291463,2.567823435318795,1.0463120294321393,5.513219893048485,0.14318015881265844,0.02855726576538331
dino,treated,in100.dino.s0.e20fwlo.extL,57,2.9940012155760525,2.52386792230355,1.033630469180529,5.5340704137774726,0.14280698364107497,0.02555007981284088
dino,treated,in100.dino.s0.e20fwlo.extL,58,2.9612271549531517,2.538648491964522,1.013670537006047,5.404661767755231,0.1414194484798745,0.01870825327918402
dino,treated,in100.dino.s0.e20fwlo.extL,59,2.9403798672964165,2.5152408285878924,1.0099493420522423,5.350696818183058,0.14461891425721773,0.025212007306797225
dino,treated,in100.dino.s0.e20fwlo.extL,60,2.9025463961485154,2.4730265097008175,0.9999749617380477,5.3445430471287985,0.14082258538761513,0.027501666672284885
dino,treated,in100.dino.s0.e20fwlo.extL,61,2.8821546839643783,2.462612849234466,1.010068324283594,5.277393069814127,0.13924255894020118,0.0278627992643451
dino,treated,in100.dino.s0.e20fwlo.extL,62,2.8612472250313368,2.441797120299131,0.9608785169864407,5.324590084454829,0.14134992143840083,0.02123133149307513
dino,treated,in100.dino.s0.e20fwlo.extL,63,2.852428152499847,2.4165930047211015,0.9488809519419887,5.221432160264255,0.14805759155350937,0.026331934246040013
dino,treated,in100.dino.s0.e20fwlo.extL,64,2.8401279209675656,2.4315599001510133,0.9650424077250743,5.182218698490151,0.1398769592115046,0.035289645462661084
dino,treated,in100.dino.s0.e20fwlo.extL,65,2.7950155432307313,2.4148116007219746,0.9495207030300972,5.167290977672419,0.13890943090143348,0.03155086556818136
dino,treated,in100.dino.s0.e20fwlo.extL,66,2.778368819343018,2.384742570184118,0.9582723020570164,5.104443862981428,0.1400279970506217,0.024518777625510406
dino,treated,in100.dino.s0.e20fwlo.extL,67,2.743826980503971,2.3059211643647055,0.9159813837084091,5.083758659224948,0.14629908366829397,0.022664367369728246
dino,treated,in100.dino.s0.e20fwlo.extL,68,2.740942801791727,2.321056949009354,0.9360173345962179,5.0791661213913875,0.1426521274420249,0.035444835538458494
dino,treated,in100.dino.s0.e20fwlo.extL,69,2.719494695967679,2.307407265962995,0.9056485216774306,4.994071162248754,0.14333502949343685,0.018522904291043172
dino,treated,in100.dino.s0.e20fwlo.extL,70,2.71344302462236,2.335759040520899,0.9306739150629889,5.023451476666157,0.13912805533508116,0.024039742739433594
dino,treated,in100.dino.s0.e20fwlo.extL,71,2.684563328417918,2.3042054903739615,0.9285090262610848,4.929946419721492,0.13863211595025618,0.032607720158075455
dino,treated,in100.dino.s0.e20fwlo.extL,72,2.6645922900618935,2.263684587560976,0.8992162485020587,4.900929920179571,0.141051468097246,0.022367936158807816
dino,treated,in100.dino.s0.e20fwlo.extL,73,2.6452106183521953,2.2660101667512453,0.9133884121601735,4.891178290192249,0.14278024742921408,0.024816450616545166
dino,treated,in100.dino.s0.e20fwlo.extL,74,2.633527700381016,2.2502489902000007,0.9091948114078925,4.834503456204548,0.14253723165418458,0.025248954817401633
dino,treated,in100.dino.s0.e20fwlo.extL,75,2.6113372044178695,2.241705185835136,0.8886747519889928,4.79688632800421,0.14081248668347132,0.022297413166313795
dino,treated,in100.dino.s0.e20fwlo.extL,76,2.594837377251021,2.2245015395954573,0.8814293570536209,4.788491782505753,0.1398684299771908,0.027279560997204074
dino,treated,in100.dino.s0.e20fwlo.extL,77,2.5779510667240473,2.1982546985236233,0.8681245717010052,4.745172194185939,0.144195476023278,0.0240091728176799
dino,treated,in100.dino.s0.e20fwlo.extL,78,2.566975103346584,2.2039789346750953,0.8569531257577452,4.705047536395433,0.14217875798937865,0.028369465575778897
dino,treated,in100.dino.s0.e20fwlo.extL,79,2.547821589088394,2.1594485530781773,0.8739751214983159,4.75136452445595,0.14114902075441416,0.03412755467531885
dino,treated,in100.dino.s0.e20fwlo.extL,80,2.544394056786049,2.1791756362781185,0.8714078895647677,4.6485534104874775,0.14162948713601098,0.02181147238195595
dino,treated,in100.dino.s0.e20fwlo.extL,81,2.522089699724973,2.1476141386756584,0.8915976151200067,4.668312584731481,0.13891862123755166,0.02491475155932976
dino,treated,in100.dino.s0.e20fwlo.extL,82,2.4897194556276614,2.1356459331253754,0.8703153247321448,4.557959785326838,0.13771306610955425,0.025194967162103434
dino,treated,in100.dino.s0.e20fwlo.extL,83,2.4836509925483012,2.122637282338429,0.8560698232039655,4.5416764553872335,0.14272051992892945,0.024110311821432237
dino,treated,in100.dino.s0.e20fwlo.extL,84,2.46285697863267,2.0953593862327313,0.8280063074910553,4.554784082759132,0.14418057506349952,0.03202778490187498
dino,treated,in100.dino.s0.e20fwlo.extL,85,2.4572188195199636,2.1095591447145794,0.8321836477653114,4.518642553888225,0.14197505866247145,0.03534763702639547
dino,treated,in100.dino.s0.e20fwlo.extL,86,2.425307560071464,2.0916610768644075,0.8541600393463353,4.399698660211289,0.1412462753957974,0.03244484243299502
dino,treated,in100.dino.s0.e20fwlo.extL,87,2.4089126570611654,2.0613067099408537,0.8320558009100886,4.422287398046878,0.14044701407298,0.03350692544914189
dino,treated,in100.dino.s0.e20fwlo.extL,88,2.4037949578387146,2.063340694866555,0.8236951748558391,4.42604980206018,0.14096352056596861,0.028234698571618085
dino,treated,in100.dino.s0.e20fwlo.extL,89,2.3995485809455745,2.040947871884822,0.8138523157048176,4.430228224002407,0.14243829160944838,0.024884973553598352
dino,treated,in100.dino.s0.e20fwlo.extL,90,2.3558983541841463,1.9835871750881884,0.8109155262326999,4.310015441542272,0.14234596534385882,0.01859259874137278
dino,treated,in100.dino.s0.e20fwlo.extL,91,2.3351309415823684,1.9857291555958114,0.7797368255013455,4.299977911843577,0.14240808951001022,0.028642623380232882
dino,treated,in100.dino.s0.e20fwlo.extL,92,2.331826651468563,1.9837542940739155,0.7727020251955095,4.284447982578106,0.14653606757805385,0.023011711396876775
dino,treated,in100.dino.s0.e20fwlo.extL,93,2.324973935585537,1.9465336568771825,0.7890489364562236,4.300821336656946,0.1436691761863467,0.02776414168111606
dino,treated,in100.dino.s0.e20fwlo.extL,94,2.308604433847075,1.970753517558236,0.7951401706323744,4.2848993342480295,0.14161263702678525,0.027851011840442502
dino,treated,in100.dino.s0.e20fwlo.extL,95,2.3023052921026883,1.9682682015305164,0.7768207491957143,4.214076134453356,0.14127008965589283,0.03248783504493831
dino,treated,in100.dino.s0.e20fwlo.extL,96,2.291247115120722,1.949160465655976,0.796380760809355,4.239479047440503,0.13989025952868736,0.021950983431561245
dino,treated,in100.dino.s0.e20fwlo.extL,97,2.267445862190268,1.9684852821001804,0.7715995602300568,4.146590274639279,0.14162315305454073,0.0362746533346062
dino,treated,in100.dino.s0.e20fwlo.extL,98,2.247744361144976,1.8998908998714614,0.757434524935296,4.166353233071422,0.14538211587195912,0.027837931834827925
dino,treated,in100.dino.s0.e20fwlo.extL,99,2.228231678051441,1.8960670910366104,0.7443734665552625,4.12235680011889,0.14278942057203198,0.0275429784920143
dino,treated,in100.dino.s0.e20fwlo.extL,100,2.2212505112468826,1.9055422659336538,0.750912035228269,4.133844468138646,0.14083789678749264,0.024529103355683944
dino,treated,in100.dino.s0.e20fwlo.extL,101,2.2103997729479854,1.87820156702051,0.7402575309895897,4.128349737709355,0.14344641614097958,0.030796413866952307
dino,treated,in100.dino.s0.e20fwlo.extL,102,2.191400186191981,1.8713307671548431,0.7383197172871213,4.039421842173812,0.14081273387021068,0.03249044213567578
dino,treated,in100.dino.s0.e20fwlo.extL,103,2.1720784199281846,1.8470089718871896,0.7184001626022335,4.055431132193866,0.142569694503584,0.028264986247284088
dino,treated,in100.dino.s0.e20fwlo.extL,104,2.166167354239445,1.8507171261359727,0.7402012195674502,3.9694213806940746,0.1400369006068565,0.029080630867758743
dino,treated,in100.dino.s0.e20fwlo.extL,105,2.152382217071161,1.8430590146843107,0.7533679309121804,3.9354176769201814,0.14156222825053472,0.023370174152591766
dino,treated,in100.dino.s0.e20fwlo.extL,106,2.130920230646528,1.8208240917943304,0.721767885861682,3.939853265824271,0.14244538578185215,0.03735305715091827
dino,treated,in100.dino.s0.e20fwlo.extL,107,2.104659468597326,1.8102084533257161,0.7302844859967866,3.8490429686309233,0.13966479976135082,0.02724078113676366
dino,treated,in100.dino.s0.e20fwlo.extL,108,2.0895194255219884,1.7739580322230633,0.6923453872330145,3.8484299785990084,0.1434234378056139,0.027519402460556664
dino,treated,in100.dino.s0.e20fwlo.extL,109,2.084611651177211,1.7885640802876992,0.725647921987233,3.83350620721409,0.13801449167305876,0.02663226855305432
dino,treated,in100.dino.s0.e20fwlo.extL,110,2.069733788853988,1.7577699827635918,0.7071552298338606,3.803867836303062,0.14368077850540334,0.02899826006612042
dino,treated,in100.dino.s0.e20fwlo.extL,111,2.0577184470659757,1.7469698713687376,0.7064588067937032,3.8072260845959316,0.14167155325709535,0.031031872555104634
dino,treated,in100.dino.s0.e20fwlo.extL,112,2.0472917900892322,1.7411604997287027,0.6930298610156893,3.7664722727485462,0.1431238498062014,0.036555725620516025
dino,treated,in100.dino.s0.e20fwlo.extL,113,2.031367038861266,1.7219093093888596,0.6896669785966545,3.773815095788574,0.14222758949985126,0.035496555481755974
dino,treated,in100.dino.s0.e20fwlo.extL,114,2.02576787900408,1.6997793771735217,0.6853745497372133,3.7994182880380842,0.14211025307427144,0.028365882281830873
dino,treated,in100.dino.s0.e20fwlo.extL,115,2.0098947651702725,1.7098713472476663,0.686839214914514,3.665916273050873,0.14095716774281516,0.027067439166737865
dino,treated,in100.dino.s0.e20fwlo.extL,116,2.002351518057962,1.7029840308975142,0.688496385156898,3.6968927063002974,0.14332707742984624,0.026258545510748466
dino,treated,in100.dino.s0.e20fwlo.extL,117,1.9862404313053634,1.6843494922020077,0.6735117589906116,3.6741579417323145,0.14155794790019935,0.02524102461325652
dino,treated,in100.dino.s0.e20fwlo.extL,118,1.9714828562660318,1.685006808404834,0.6797862677536753,3.640009534038673,0.14184118194995715,0.028445678149810794
dino,treated,in100.dino.s0.e20fwlo.extL,119,1.9670974990027752,1.6663714782156727,0.6688151237297398,3.637968108159839,0.14308023679415555,0.027990085518417227
dino,treated,in100.dino.s0.e20fwlo.extL,120,1.9490316473817684,1.6605601166365151,0.6611459173417669,3.6048584454699837,0.13981628982629274,0.03926441720586462
dino,treated,in100.dino.s0.e20fwlo.extL,121,1.9324193966214953,1.644566626148873,0.6611022227931395,3.558938833389196,0.14361846299840245,0.02502609192399733
dino,treated,in100.dino.s0.e20fwlo.extL,122,1.923561276871061,1.6423225544480036,0.672269843888665,3.5419437243154843,0.1410196662753086,0.030038484742109288
dino,treated,in100.dino.s0.e20fwlo.extL,123,1.909258400141531,1.645471446069033,0.6635050962332186,3.4960541807077234,0.13929423469743363,0.032189651601098095
dino,treated,in100.dino.s0.e20fwlo.extL,124,1.9044893038693775,1.6009876982180717,0.6446596327506914,3.5397386167001614,0.14385605921602526,0.02974728332657973
dino,treated,in100.dino.s0.e20fwlo.extL,125,1.8874387812844708,1.6163988325884264,0.6365833134196754,3.465360272629584,0.14252924443713988,0.035063432192647966
dino,treated,in100.dino.s0.e20fwlo.extL,126,1.8811873516157398,1.6092824692295742,0.6434887873353027,3.4534129585145905,0.13949649387534166,0.031479180724315686
dino,treated,in100.dino.s0.e20fwlo.extL,127,1.850316956932131,1.5752612351905175,0.6296195495617222,3.4051812432079904,0.1422004462751837,0.02800880722567105
dino,treated,in100.dino.s0.e20fwlo.extL,128,1.8468945192066477,1.5584699499110426,0.6242805673959715,3.41552521944368,0.14490990751402727,0.02673290304444991
dino,treated,in100.dino.s0.e20fwlo.extL,129,1.8415338693944294,1.5693135849988549,0.6275925602757424,3.4050056418085752,0.14153748044640274,0.03761682413828983
dino,treated,in100.dino.s0.e20fwlo.extL,130,1.829749236248731,1.5612903438625034,0.6343469699478931,3.3928832317724082,0.1409618403260528,0.025364308797904984
dino,treated,in100.dino.s0.e20fwlo.extL,131,1.8236310614921458,1.5424025082670445,0.6174487695113938,3.379609528358749,0.14462058751351262,0.03347057731945593
dino,treated,in100.dino.s0.e20fwlo.extL,132,1.8146402306856186,1.5419274025767278,0.6142951572099843,3.3713128959629315,0.1421983285884099,0.028395264497057506
dino,treated,in100.dino.s0.e20fwlo.extL,133,1.7941866165267026,1.5392185274822077,0.6201579610886299,3.3305357140886236,0.14194782514810528,0.029576333047314374
dino,treated,in100.dino.s0.e20fwlo.extL,134,1.7905762720919778,1.5134228233944182,0.5981258832767686,3.3288404291438143,0.14450654100391946,0.03500418861196699
dino,treated,in100.dino.s0.e20fwlo.extL,135,1.7797412917492605,1.5296312572487172,0.5981824184680037,3.275945705446789,0.1435717880530092,0.042310951624230875
dino,treated,in100.dino.s0.e20fwlo.extL,136,1.7711963149676921,1.5077354531425753,0.5968129315090632,3.2510947372911065,0.14080301655734123,0.026749570343189567
dino,treated,in100.dino.s0.e20fwlo.extL,137,1.7614281329530557,1.4935579324224575,0.6006205552966741,3.234529615523811,0.14363585881873533,0.04014467777706414
dino,treated,in100.dino.s0.e20fwlo.extL,138,1.7537279074384369,1.482662823861275,0.5868676793593227,3.290067327265941,0.14328243452785577,0.026745216670335487
dino,treated,in100.dino.s0.e20fwlo.extL,139,1.7437625857595958,1.4858409204831675,0.5897508759037513,3.2140799256188632,0.14553937971731984,0.030025118261539016
dino,treated,in100.dino.s0.e20fwlo.extL,140,1.7327149289846189,1.439927609799461,0.5637658879815576,3.2659528483492677,0.1464858301244312,0.03515340226295058
dino,treated,in100.dino.s0.e20fwlo.extL,141,1.7197803485688363,1.4664441968112367,0.5831940835926112,3.1870229405790607,0.14264044349304666,0.03459821432158146
dino,treated,in100.dino.s0.e20fwlo.extL,142,1.704189754293576,1.4540539850292924,0.572420595330818,3.1363940448391947,0.13755206887602478,0.034075237026725685
dino,treated,in100.dino.s0.e20fwlo.extL,143,1.6887191791841583,1.4387136525611204,0.5666592095287294,3.100549907647202,0.1439916454328676,0.032866018488600796
dino,treated,in100.dino.s0.e20fwlo.extL,144,1.6795828321653181,1.4111725412270872,0.5575194484619861,3.1393086739811347,0.1443143265895994,0.03351661893665399
dino,treated,in100.dino.s0.e20fwlo.extL,145,1.6695314636807272,1.4202415585964239,0.5697400883435912,3.077408643812529,0.1406740614266684,0.0346516878281383
dino,treated,in100.dino.s0.e20fwlo.extL,146,1.659872565372495,1.422821585637085,0.5584725754316832,3.0597872945426015,0.1412533715401469,0.047021141326435846
dino,treated,in100.dino.s0.e20fwlo.extL,147,1.6446727692491967,1.3944911814323318,0.5472565920653364,3.0617135460543246,0.14510287737627403,0.04247414110646216
dino,treated,in100.dino.s0.e20fwlo.extL,148,1.64222092247523,1.4080305387872403,0.551786441414052,3.0008026052169803,0.14100899552717705,0.03886633303512947
dino,treated,in100.dino.s0.e20fwlo.extL,149,1.6245623062880958,1.3790879656040487,0.5334414571701184,3.0247794532973713,0.1449741602812877,0.035630017623869394
dino,treated,in100.dino.s0.e20fwlo.extL,150,1.6100166232642468,1.3620990863482212,0.5442330851407476,2.971887168718947,0.14438806607565927,0.03860779482506991
dino,treated,in100.dino.s0.e20fwlo.extL,151,1.6050249072788905,1.3618910239273796,0.5367700341029211,2.980444831545921,0.14302533232270573,0.04867696218723313
dino,treated,in100.dino.s0.e20fwlo.extL,152,1.5962284482435851,1.3545225888285857,0.5442560269474568,2.9445931813615633,0.14023762250755803,0.03433468747949667
dino,treated,in100.dino.s0.e20fwlo.extL,153,1.5889114081314104,1.3405559842524024,0.5517681162255273,2.9204090387900417,0.14320785578321,0.02661568465949022
dino,treated,in100.dino.s0.e20fwlo.extL,154,1.585104802776843,1.3462345966113531,0.5353690669114655,2.935511346100125,0.14309941123630465,0.043286571084443386
dino,treated,in100.dino.s0.e20fwlo.extL,155,1.5739864444524698,1.3307455482931958,0.5294160895622511,2.919900259021983,0.14497161824890134,0.03348308796699279
dino,treated,in100.dino.s0.e20fwlo.extL,156,1.5676039394895613,1.3113150656989954,0.5175588423445793,2.964409261801211,0.14595062805170791,0.04437115187943946
dino,treated,in100.dino.s0.e20fwlo.extL,157,1.5566785923596669,1.3093324913663333,0.5191675196905152,2.9106418380130874,0.14432348140325527,0.036764391331848806
dino,treated,in100.dino.s0.e20fwlo.extL,158,1.5488348886535848,1.325012966502321,0.5211469042414066,2.8479347439255482,0.1431537868306698,0.04245140861022866
dino,treated,in100.dino.s0.e20fwlo.extL,159,1.5331534174762267,1.2970750467497303,0.5086092202013782,2.822973867853681,0.14566032748102722,0.04020466110238738
dino,treated,in100.dino.s0.e20fwlo.extL,160,1.5190281061121291,1.2931888810035463,0.5212053658968601,2.8019519850999637,0.1437895474394134,0.04817831143308986
dino,treated,in100.dino.s0.e20fwlo.extL,161,1.512795921790234,1.2933290697689341,0.5050470387904444,2.7939778082092057,0.1436787566265992,0.040218363700012014
dino,treated,in100.dino.s0.e20fwlo.extL,162,1.5086954429978647,1.2814330143928494,0.5020029171678185,2.7897238153595696,0.14462522547932966,0.04702181688111195
dino,treated,in100.dino.s0.e20fwlo.extL,163,1.4938328537906669,1.2654131999966407,0.4962088300672835,2.7803510023073255,0.1438668772643536,0.038732504109281654
dino,treated,in100.dino.s0.e20fwlo.extL,164,1.489911846073603,1.261110400306504,0.5006158981071149,2.7469251048326426,0.1447996636504011,0.03512597606370718
dino,treated,in100.dino.s0.e20fwlo.extL,165,1.4827589009364015,1.2420991431920243,0.48868693770059823,2.8113391152568474,0.14471817139077822,0.034375255566316
dino,treated,in100.dino.s0.e20fwlo.extL,166,1.4747054429625126,1.2484427306407997,0.48345963581177837,2.7519926558257004,0.14317035057687566,0.03827924912350316
dino,treated,in100.dino.s0.e20fwlo.extL,167,1.4587165531322046,1.2446830182669308,0.4915749391791092,2.7090646621879846,0.14529736732728948,0.0410685009172783
dino,treated,in100.dino.s0.e20fwlo.extL,168,1.4525743718823216,1.2216852640026294,0.4851275100679341,2.725546316597254,0.14501594148188954,0.0557062282198759
dino,treated,in100.dino.s0.e20fwlo.extL,169,1.4485397259149286,1.2310549732844245,0.4748898600936052,2.6991935400879927,0.14444017253042338,0.04106292471482511
dino,treated,in100.dino.s0.e20fwlo.extL,170,1.4342701875073198,1.2107319160991215,0.4853604128438876,2.66053866639049,0.14817175669609844,0.03460591677487128
dino,treated,in100.dino.s0.e20fwlo.extL,171,1.4238857563432938,1.205442579431336,0.47617876192566394,2.6345032337186045,0.14300062758661106,0.044491636437732913
dino,treated,in100.dino.s0.e20fwlo.extL,172,1.4156620823451276,1.1947633631075767,0.4698816021605401,2.594652608785499,0.14522168217308062,0.04202112904516219
dino,treated,in100.dino.s0.e20fwlo.extL,173,1.4080550609471238,1.1970639549472268,0.4649914006521477,2.6035442462736573,0.14387033442006944,0.04326923114941468
dino,treated,in100.dino.s0.e20fwlo.extL,174,1.3943561200757377,1.1905343717081573,0.4617738143497119,2.5808646356198737,0.14443725622937842,0.04627557910459186
dino,treated,in100.dino.s0.e20fwlo.extL,175,1.388362984208531,1.1762752451155927,0.47359995708581204,2.572035845714748,0.1453879763779049,0.04273353657165184
dino,treated,in100.dino.s0.e20fwlo.extL,176,1.3810305427852494,1.163458349689829,0.46755814559377146,2.558457264536974,0.14527615832272456,0.043667038122597895
dino,treated,in100.dino.s0.e20fwlo.extL,177,1.3755255579672099,1.1578900887146923,0.4593833959514022,2.5705633461087616,0.1462436944922942,0.05130623033072529
dino,treated,in100.dino.s0.e20fwlo.extL,178,1.3653267917327767,1.1537394268920829,0.457488467154113,2.541912229774312,0.144806360987493,0.05721554469754747
dino,treated,in100.dino.s0.e20fwlo.extL,179,1.3559940777620298,1.1485589478571634,0.44761114690010895,2.524945785474515,0.14241199456593048,0.06328321445990928
dino,treated,in100.dino.s0.e20fwlo.extL,180,1.3357547829814236,1.1195642045365948,0.4521493860017758,2.4970274582345833,0.14459835091607678,0.03984431455193663
dino,treated,in100.dino.s0.e20fwlo.extL,181,1.3327515094694433,1.127647278781124,0.4461487054107986,2.4566575368103636,0.14541681523378452,0.0348785871531315
dino,treated,in100.dino.s0.e20fwlo.extL,182,1.321074175667988,1.1189100586411151,0.4454866349945135,2.448875614582701,0.14469806407237726,0.05102287846270388
dino,treated,in100.dino.s0.e20fwlo.extL,183,1.315977234757317,1.118127711475743,0.4327157474556691,2.4494517467873718,0.14624914120272423,0.05383319423688818
dino,treated,in100.dino.s0.e20fwlo.extL,184,1.308244565425811,1.1041675292831417,0.43449310020077614,2.4283427029328126,0.1441867873510866,0.04949757697397617
dino,treated,in100.dino.s0.e20fwlo.extL,185,1.2953750123185688,1.0874251037285751,0.4394494733754135,2.415085421813,0.14448940384164027,0.0450269683441176
dino,treated,in100.dino.s0.e20fwlo.extL,186,1.281972872684531,1.0761861103107089,0.4272012794405072,2.38885391559796,0.14697004309830342,0.057572122611706196
dino,treated,in100.dino.s0.e20fwlo.extL,187,1.2764069478803468,1.0728087558486774,0.426156961761484,2.3599746888939674,0.14648411180361295,0.04871622150524955
dino,treated,in100.dino.s0.e20fwlo.extL,188,1.2695530452275938,1.0564517269539362,0.4116369068994057,2.41355105663743,0.14866229431071254,0.0430397192564645
dino,treated,in100.dino.s0.e20fwlo.extL,189,1.2613363312990118,1.0580616327355852,0.41342924371420753,2.3423753164498464,0.14640654127428915,0.0476602940927445
dino,treated,in100.dino.s0.e20fwlo.extL,190,1.2518947424827906,1.0534914844680086,0.4165938208519059,2.3430124122433287,0.14781673860419353,0.05556159672415456
dino,treated,in100.dino.s0.e20fwlo.extL,191,1.2410550756812395,1.0331704458594442,0.4007489171247174,2.3380720249677207,0.1485716476945256,0.045402301113117806
dino,treated,in100.dino.s0.e20fwlo.extL,192,1.2340888495372377,1.0373594435722109,0.4067427960690001,2.295434983423863,0.14790145885275205,0.06568720934577443
dino,treated,in100.dino.s0.e20fwlo.extL,193,1.2270512345603906,1.0239893990608504,0.41093375310947444,2.3013632273795768,0.14680827199964339,0.03601626083651291
dino,treated,in100.dino.s0.e20fwlo.extL,194,1.2198806395120294,1.0234466755302987,0.4084992605181542,2.301842967440236,0.14520691566591962,0.05642121831149077
dino,treated,in100.dino.s0.e20fwlo.extL,195,1.2117306409315782,1.0226662741855277,0.4029668422344415,2.2446389649835488,0.14635050889267887,0.051348491793171205
dino,treated,in100.dino.s0.e20fwlo.extL,196,1.196966626764448,1.0087222301986967,0.3942866202324255,2.220226432781345,0.14686292351753014,0.0629989334493639
dino,treated,in100.dino.s0.e20fwlo.extL,197,1.1900917193453453,0.9958108641860453,0.3915851094599368,2.2287923703024215,0.14747259448012165,0.061865323184915465
dino,treated,in100.dino.s0.e20fwlo.extL,198,1.1818247517066018,0.9916775380282805,0.3918633763245812,2.2120744501390424,0.1470859529196551,0.06025930720379285
dino,treated,in100.dino.s0.e20fwlo.extL,199,1.174450365645702,0.9903932493245873,0.3863973655349911,2.201677523999637,0.1462916269507429,0.055984586480074504
dino,treated,in100.dino.s0.e20fwlo.extL,200,1.1694963706570294,0.9858923436417202,0.3794263822850632,2.1869671110917404,0.14699996322430187,0.043501857214954406
dino,treated,in100.dino.s0.e20fwlo.extL,201,1.1598902381726361,0.9813949001489437,0.38489325853512435,2.148277141782313,0.14509435799238643,0.06533531449123732
dino,treated,in100.dino.s0.e20fwlo.extL,202,1.1536768168867018,0.980678871756038,0.38150268969745743,2.1700812630928197,0.14594369928008513,0.06065885094804954
dino,treated,in100.dino.s0.e20fwlo.extL,203,1.1469310116674656,0.9673297922141201,0.3728373600696662,2.121449915879977,0.14893346543272196,0.0566261315583465
dino,treated,in100.dino.s0.e20fwlo.extL,204,1.1411065345170044,0.9553917066549025,0.3672956172039743,2.1334302867725814,0.14918331273955168,0.06810978121026783
dino,treated,in100.dino.s0.e20fwlo.extL,205,1.136421966569525,0.9611520122181454,0.36463440927584,2.1472479035501406,0.14456970668668528,0.060656820484408465
dino,treated,in100.dino.s0.e20fwlo.extL,206,1.1220913016323073,0.9377191139653409,0.3620967685255642,2.109822817643907,0.14700247395423047,0.06934298685673582
dino,treated,in100.dino.s0.e20fwlo.extL,207,1.1105993338805455,0.9303498678480766,0.3673111853023017,2.0838280946245558,0.14612194109400845,0.06888077325842346
dino,treated,in100.dino.s0.e20fwlo.extL,208,1.104737977829273,0.9354237570404158,0.369038212885794,2.0677102802048597,0.14756286224937173,0.0653421887121016
dino,treated,in100.dino.s0.e20fwlo.extL,209,1.100338910435641,0.9110504265551251,0.34968103977788045,2.0787141079401215,0.15187382701724111,0.05606213568497756
dino,treated,in100.dino.s0.e20fwlo.extL,210,1.0925562108,0.9085044522377127,0.3604947325956753,2.048159397576258,0.14906988163737042,0.0547230708153963
dino,treated,in100.dino.s0.e20fwlo.extL,211,1.0873816802621696,0.914308783692477,0.3498829915891279,2.051471047994462,0.14857746638923525,0.0644718256838262
dino,treated,in100.dino.s0.e20fwlo.extL,212,1.084644942192778,0.9226234639124534,0.36056394144369913,2.0098394584449455,0.14652797918497354,0.06029469117925361
dino,treated,in100.dino.s0.e20fwlo.extL,213,1.0766100093187596,0.9001483917978845,0.35398747650470036,2.03266738958362,0.14704371866811586,0.05146954421017894
dino,treated,in100.dino.s0.e20fwlo.extL,214,1.0697598684928653,0.8938080652111678,0.33740380555623295,2.0052857923725145,0.14914816190539237,0.05041032390751675
dino,treated,in100.dino.s0.e20fwlo.extL,215,1.065957091032567,0.8823461564545911,0.3505521768918463,1.9964202067538648,0.14956645724583129,0.06054214126791744
dino,treated,in100.dino.s0.e20fwlo.extL,216,1.0474671280738754,0.8586064936811999,0.32425990504225,1.982141240445192,0.15757602374179208,0.06480968985628378
dino,treated,in100.dino.s0.e20fwlo.extL,217,1.03998463875165,0.8727991413424014,0.33913044377249435,1.928150653637885,0.14837232826032765,0.05339205621192673
dino,treated,in100.dino.s0.e20fwlo.extL,218,1.0387264779789886,0.8585662931591197,0.3231579935954397,1.97722957707597,0.15196031582395025,0.04480420140972872
dino,treated,in100.dino.s0.e20fwlo.extL,219,1.029582421639954,0.8665605345280516,0.33299305911578997,1.9149982733342705,0.14659348771722513,0.06599566512394545
dino,treated,in100.dino.s0.e20fwlo.extL,220,1.0193455209969002,0.8585497558386668,0.3308773049054095,1.9144329744824453,0.14675669974530464,0.07554070422793012
dino,treated,in100.dino.s0.e20fwlo.extL,221,1.018503863575982,0.8524425266512385,0.3285216676994609,1.9123408959718733,0.15070205451108704,0.07066211870894552
dino,treated,in100.dino.s0.e20fwlo.extL,222,1.0073850235971697,0.8402128669638023,0.3222204080449112,1.9038856046208352,0.15138045386395174,0.06742933843786159
dino,treated,in100.dino.s0.e20fwlo.extL,223,0.9943682561408912,0.8282541154076725,0.32377322319556523,1.8602040875582582,0.15144127053455694,0.07354427758860543
dino,treated,in100.dino.s0.e20fwlo.extL,224,0.9844754522602581,0.8176752698121083,0.3146672197804318,1.846592436506495,0.14880167498923264,0.07586114062451069
dino,treated,in100.dino.s0.e20fwlo.extL,225,0.9752336957065234,0.8187810070078382,0.31504647642832595,1.8273862687370792,0.14784062293212,0.0679671769561061
dino,treated,in100.dino.s0.e20fwlo.extL,226,0.9677221659816779,0.8091405669165139,0.309590967590169,1.8184720575139537,0.1514710356134,0.08776807500916302
dino,treated,in100.dino.s0.e20fwlo.extL,227,0.9640300853336428,0.7996487341371585,0.3045697234809286,1.8185301381586945,0.15114525672914988,0.06842364395695268
dino,treated,in100.dino.s0.e20fwlo.extL,228,0.9586362465979126,0.8022238026096966,0.30728324332603385,1.809180270701964,0.150583330870616,0.09194785828564839
dino,treated,in100.dino.s0.e20fwlo.extL,229,0.9533288556294437,0.7871836450784961,0.3033387081727128,1.7912517355883257,0.15217100764582983,0.08734062209972641
dino,treated,in100.dino.s0.e20fwlo.extL,230,0.9462360545929512,0.7953285553826084,0.3016936811336111,1.7802819538825996,0.14918539173731254,0.0632184934456194
dino,treated,in100.dino.s0.e20fwlo.extL,231,0.9382869869650351,0.790791735517806,0.3040356063205749,1.7541520770562593,0.1473400917859478,0.09579992534232584
dino,treated,in100.dino.s0.e20fwlo.extL,232,0.9306967922359145,0.7856439138152453,0.2999777550599482,1.7298635727123244,0.14833483965466104,0.09091773281052683
dino,treated,in100.dino.s0.e20fwlo.extL,233,0.9214440191897292,0.7613122402592212,0.28793231778831646,1.735995315109702,0.15511533560309065,0.07276449916687995
dino,treated,in100.dino.s0.e20fwlo.extL,234,0.9106451932508723,0.751325862612731,0.28816735245675296,1.7349711315667555,0.14999814613084925,0.0860369538359262
dino,treated,in100.dino.s0.e20fwlo.extL,235,0.9037127862334392,0.7537525018162559,0.2914142551680725,1.7031234520201395,0.14929410075701943,0.09423458699818286
dino,treated,in100.dino.s0.e20fwlo.extL,236,0.8933349131339158,0.7349928061817612,0.2807211191792426,1.6897955322552618,0.15526149058871658,0.06628591771172465
dino,treated,in100.dino.s0.e20fwlo.extL,237,0.890704168431024,0.7354857539778117,0.2791024930160826,1.6893778148411251,0.15338582785975124,0.0842287444836925
dino,treated,in100.dino.s0.e20fwlo.extL,238,0.8822958760203382,0.7328425840994709,0.2784952126191654,1.6896957516530875,0.1501279010243297,0.08778140726180345
dino,treated,in100.dino.s0.e20fwlo.extL,239,0.8794014841420751,0.7310972801563751,0.28105191873379404,1.6548611464006742,0.15074508253344926,0.08765480920053373
dino,treated,in100.dino.s0.e20fwlo.extL,240,0.8705453976071785,0.7246356845053376,0.2765496993069525,1.6595354005475407,0.14861701537294086,0.07743108097871476
dino,treated,in100.dino.s0.e20fwlo.extL,241,0.8656050778977039,0.7215054857267513,0.27839399978878054,1.6199519817851358,0.14968109051731693,0.10056504071713945
dino,treated,in100.dino.s0.e20fwlo.extL,242,0.8579238231680206,0.7072742321487291,0.27097224356603317,1.6351941327130344,0.15186715193929168,0.07724512697774352
dino,treated,in100.dino.s0.e20fwlo.extL,243,0.8537564676474646,0.7110442835184955,0.27107490915104493,1.6045957074022723,0.15110845686695493,0.08378073711412708
dino,treated,in100.dino.s0.e20fwlo.extL,244,0.8395931122183872,0.6971194546094575,0.26439993125564215,1.581939312950256,0.15066656480144924,0.10423534320759271
dino,treated,in100.dino.s0.e20fwlo.extL,245,0.8353248623126787,0.6906472414577641,0.26551016045089343,1.5705189010880765,0.15479919191448935,0.08122190846147548
dino,treated,in100.dino.s0.e20fwlo.extL,246,0.8292606976655613,0.6895908435458105,0.2662246092873347,1.5593280164380376,0.15012225674338128,0.08447456685453973
dino,treated,in100.dino.s0.e20fwlo.extL,247,0.8273747315156379,0.6893411749112621,0.26737822577828,1.554928695430358,0.1500210881557016,0.10216221234609554
dino,treated,in100.dino.s0.e20fwlo.extL,248,0.8138655344452592,0.6759455966817143,0.25888724820485226,1.5323466313458884,0.15157806560080955,0.09663189185797329
dino,treated,in100.dino.s0.e20fwlo.extL,249,0.8037739534105791,0.6702302512903124,0.2606615108105873,1.5239512667248958,0.1473225850348191,0.10602914555702216
dino,treated,in100.dino.s0.e20fwlo.extL,250,0.8030748339205149,0.6657865910145693,0.2579022940510791,1.543963229000202,0.14885258023374118,0.10783859544584862
dino,treated,in100.dino.s0.e20fwlo.extL,251,0.7932005762577047,0.6481307529373744,0.24617869573202456,1.5299596209181434,0.1547027772394535,0.09247413350608263
dino,treated,in100.dino.s0.e20fwlo.extL,252,0.7917823052193691,0.6496576920345527,0.2465064889697214,1.5234385271524855,0.15546220432798602,0.08582453305153556
dino,treated,in100.dino.s0.e20fwlo.extL,253,0.787117419689613,0.639747688496741,0.24590067654024148,1.4841421116907296,0.1576801615372145,0.09220432656912778
dino,treated,in100.dino.s0.e20fwlo.extL,254,0.7785114696724913,0.6478519218555573,0.24169525751707516,1.4699328129715292,0.15001722425865774,0.0949247771212041
dino,treated,in100.dino.s0.e20fwlo.extL,255,0.7687180792068162,0.6269706875630134,0.23453960841880772,1.4615350037806885,0.15615242152990005,0.09504924109211896
dino,treated,in100.dino.s0.e20fwlo.extL,256,0.7662971022224134,0.6310790378660622,0.24044437051942144,1.451624020851661,0.1520276653277546,0.10674393471983155
dino,treated,in100.dino.s0.e20fwlo.extL,257,0.7554802878671045,0.6156939269117536,0.238018784762263,1.4385228707324924,0.15729957815335213,0.1054595870538832
dino,treated,in100.dino.s0.e20fwlo.extL,258,0.7475429866500413,0.6151550451453074,0.23832595203844562,1.408898660720712,0.1541148698752245,0.08513586886606583
dino,treated,in100.dino.s0.e20fwlo.extL,259,0.7359842688193499,0.6049162923784718,0.23743876847915016,1.3933000081260607,0.1505368123907987,0.11946792081007933
dino,treated,in100.dino.s0.e20fwlo.extL,260,0.7324685823951441,0.6032199214676238,0.23167342933008403,1.3810364420402685,0.15454920244274709,0.11529588924841151
dino,treated,in100.dino.s0.e20fwlo.extL,261,0.7232998798010805,0.593553525992818,0.22742248245074698,1.3833694619851054,0.15518622832203838,0.11097236910470108
dino,treated,in100.dino.s0.e20fwlo.extL,262,0.7218805424999452,0.5937978084193953,0.22862652194465113,1.3749804954070612,0.1539092655096188,0.1041073728599848
dino,treated,in100.dino.s0.e20fwlo.extL,263,0.7152653580638841,0.5901464582592687,0.22084977887265958,1.3432625696546983,0.15418777551433901,0.12097820926519062
dino,treated,in100.dino.s0.e20fwlo.extL,264,0.7050834707879277,0.5865428984386001,0.22402457321332578,1.3373252186128894,0.1524098470925415,0.10119132727775819
dino,treated,in100.dino.s0.e20fwlo.extL,265,0.7009659052608069,0.5645672826068813,0.21761225846671772,1.3397870481031184,0.15796534773646262,0.13322177400451787
dino,treated,in100.dino.s0.e20fwlo.extL,266,0.6932521138831841,0.5684980320464623,0.21978371712865744,1.3109622073668867,0.1546648477097874,0.14207813015975856
dino,treated,in100.dino.s0.e20fwlo.extL,267,0.6864253758445928,0.5642336734476436,0.21199512862849973,1.3085784805144058,0.15712431507050498,0.11829477513120967
dino,treated,in100.dino.s0.e20fwlo.extL,268,0.6854583518840813,0.5586244573389512,0.21763529234270423,1.3236532552715534,0.1545059965955958,0.16203419155762627
dino,treated,in100.dino.s0.e20fwlo.extL,269,0.6681141623301586,0.5434962156354907,0.2055181289270945,1.291927156755665,0.15918192237473067,0.09506774433827121
dino,treated,in100.dino.s0.e20fwlo.extL,270,0.6640194681954814,0.5465500307427875,0.20644080854891347,1.2642006551966127,0.1535920562702973,0.11491614267063906
dino,treated,in100.dino.s0.e20fwlo.extL,271,0.6564265271982236,0.5366177282178901,0.20341310542283558,1.2578546254055836,0.1574177688296266,0.13045278968055965
dino,treated,in100.dino.s0.e20fwlo.extL,272,0.6488578578019307,0.5334276666109175,0.2029806922920455,1.2343816815286603,0.1542662909163339,0.14404128396795765
dino,treated,in100.dino.s0.e20fwlo.extL,273,0.6423523068565375,0.5266101425956056,0.19744041995015468,1.2236450273901072,0.1554349498264171,0.15976700102038913
dino,treated,in100.dino.s0.e20fwlo.extL,274,0.6344287795808047,0.5175574761537023,0.19455688145160585,1.2063410857715824,0.1596040350392465,0.12987473144019013
dino,treated,in100.dino.s0.e20fwlo.extL,275,0.628527435551759,0.5132725204924506,0.19496968562592687,1.2049224152468065,0.15553538553985555,0.11067574611332258
dino,treated,in100.dino.s0.e20fwlo.extL,276,0.6191302243255618,0.506410136479897,0.19283834073499764,1.1814516045725723,0.15740572938924605,0.16134455693764774
dino,treated,in100.dino.s0.e20fwlo.extL,277,0.61265957516595,0.5004341692224888,0.1897184001124122,1.1816758653913093,0.15668314078267753,0.14154234930270182
dino,treated,in100.dino.s0.e20fwlo.extL,278,0.6039341544830332,0.5009399583942818,0.192356965814575,1.1441683039197759,0.15155342531534283,0.1711125255952173
dino,treated,in100.dino.s0.e20fwlo.extL,279,0.5987221173684962,0.48825150176487614,0.18402877964996622,1.1477628954562842,0.15604342675670743,0.1417390964383976
dino,treated,in100.dino.s0.e20fwlo.extL,280,0.5931668689673263,0.48681151843793713,0.1841327394999673,1.1239408514768041,0.15353356376232863,0.15013433284926603
dino,treated,in100.dino.s0.e20fwlo.extL,281,0.5899504451107181,0.482281589614571,0.18057872781767753,1.1339229372797166,0.15679002660508548,0.13628099827477225
dino,treated,in100.dino.s0.e20fwlo.extL,282,0.5841095329275021,0.47726167315950085,0.18109030947749016,1.108259209088663,0.16006517484196736,0.17074605766541195
dino,treated,in100.dino.s0.e20fwlo.extL,283,0.5777462888737847,0.4645816699061267,0.1773044648193853,1.115581510069422,0.16269896608402568,0.15148357944085789
dino,treated,in100.dino.s0.e20fwlo.extL,284,0.5673366098004746,0.45978595816284124,0.1720164635180233,1.0909143024063912,0.16114410392399198,0.1772151054883933
dino,treated,in100.dino.s0.e20fwlo.extL,285,0.5563729744969245,0.4461981556771898,0.16441464917916404,1.0888293886499756,0.15870220782174335,0.15794947625273004
dino,treated,in100.dino.s0.e20fwlo.extL,286,0.5502796185115388,0.44577518923366094,0.16686931646909586,1.069112774160007,0.15629934454256722,0.1433323013630683
dino,treated,in100.dino.s0.e20fwlo.extL,287,0.536652669598197,0.4364593041691265,0.16502237963346073,1.0271534593262144,0.15730933523941118,0.18804994298962485
dino,treated,in100.dino.s0.e20fwlo.extL,288,0.5306407554059842,0.42980070902664735,0.15999910543025395,1.0164283936005392,0.15781740705961658,0.18319072707516582
dino,treated,in100.dino.s0.e20fwlo.extL,289,0.5282451885681416,0.42833568759012436,0.161395779675945,1.0168328975050571,0.15982562779807624,0.18811791249930276
dino,treated,in100.dino.s0.e20fwlo.extL,290,0.5266828718604816,0.4307437584517055,0.16054815576472506,1.0182717298496793,0.15566236684624726,0.20647265857889396
dino,treated,in100.dino.s0.e20fwlo.extL,291,0.519598031294254,0.41902648357242855,0.15563977164435028,0.9856733122938365,0.1654341252191877,0.23535308721549028
dino,treated,in100.dino.s0.e20fwlo.extL,292,0.5137680240219312,0.4144368221901962,0.15379097498511915,0.9856511307544447,0.16222844472216444,0.14713895982770264
dino,treated,in100.dino.s0.e20fwlo.extL,293,0.5018504975636686,0.39948687015355255,0.14632895716950464,0.9607117130797842,0.16832760272696395,0.21831895301178733
dino,treated,in100.dino.s0.e20fwlo.extL,294,0.4948563879978847,0.3926194801026594,0.14640049801994923,0.9657896472679939,0.16964937483516399,0.17734924063178176
dino,treated,in100.dino.s0.e20fwlo.extL,295,0.4857571415834865,0.3883487222500096,0.14517259224875328,0.9369001385618047,0.16277603554376716,0.20204805468302098
dino,treated,in100.dino.s0.e20fwlo.extL,296,0.47976271661244296,0.39771744183016244,0.14876161643241995,0.9132139241888884,0.15537780391654246,0.23024788226310122
dino,treated,in100.dino.s0.e20fwlo.extL,297,0.4640133834092086,0.37584570708168075,0.13802174781271398,0.9054492072894561,0.16051444459834605,0.22371405592989535
dino,treated,in100.dino.s0.e20fwlo.extL,298,0.45671596013504434,0.3737040270955111,0.1372470493881748,0.8759281192410849,0.15973286362376846,0.21729284760160536
dino,treated,in100.dino.s0.e20fwlo.extL,299,0.4545252097589248,0.35595267532013675,0.13255142399263983,0.9021293397477366,0.17020559678029473,0.24550283092100336
dino,treated,in100.dino.s0.e20fwlo.extL,300,0.44666099796695996,0.36397379550992864,0.13580302721184156,0.8620765560666955,0.15640613428130992,0.18088117750399682
dino,treated,in100.dino.s0.e20fwlo.extL,301,0.4398016283353162,0.3500630440446529,0.12834955297714304,0.8531467609775293,0.1687008490775814,0.2493919843056822
dino,treated,in100.dino.s0.e20fwlo.extL,302,0.43779169452407185,0.35446907467973987,0.13168696835824162,0.8332871208174393,0.16282797238193567,0.2764395899188402
dino,treated,in100.dino.s0.e20fwlo.extL,303,0.43032923987220123,0.34461843792321556,0.12905518691414022,0.8337744829076811,0.16232370257325676,0.20602798802005087
dino,treated,in100.dino.s0.e20fwlo.extL,304,0.4189422466798671,0.3281954362663426,0.12027709141685942,0.8178822353808799,0.17505772209289241,0.22731102765500785
dino,treated,in100.dino.s0.e20fwlo.extL,305,0.4108048609878468,0.3281018124294913,0.12235203152011857,0.7965238991888092,0.1631525515406256,0.2637067080024104
dino,treated,in100.dino.s0.e20fwlo.extL,306,0.4056875932760229,0.31907507810874547,0.12059753908795386,0.8056135449435713,0.16632063394826543,0.3173246102078634
dino,treated,in100.dino.s0.e20fwlo.extL,307,0.38906539847190413,0.30853528445654566,0.11258055793638662,0.7580607856330895,0.16975194326570472,0.2794699195024151
dino,treated,in100.dino.s0.e20fwlo.extL,308,0.38104716238710695,0.30422164441646693,0.11091943198747518,0.7340131899316699,0.16683151578753622,0.2833360004422129
dino,treated,in100.dino.s0.e20fwlo.extL,309,0.3699693342162035,0.2928989229223682,0.10837783015223251,0.7204810638080459,0.1670686213324505,0.2727047882376219
dino,treated,in100.dino.s0.e20fwlo.extL,310,0.3653822961926066,0.290857602824393,0.10521830322087157,0.7156158463472547,0.16479130350028492,0.2708671097535009
dino,treated,in100.dino.s0.e20fwlo.extL,311,0.3566381433700714,0.28290256470684727,0.10482877196336458,0.6921078925030774,0.16584782086983393,0.2873743593867016
dino,treated,in100.dino.s0.e20fwlo.extL,312,0.3560753189016552,0.27671256651607395,0.10226812418330801,0.705020195408967,0.17300075947851046,0.33407169679459153
dino,treated,in100.dino.s0.e20fwlo.extL,313,0.34192497311146663,0.2746834350953854,0.10212617179510855,0.6637427169126874,0.16239759640203855,0.33087884063834166
dino,treated,in100.dino.s0.e20fwlo.extL,314,0.33604869346724653,0.2654113798629998,0.09702577010458129,0.6648369958141677,0.16771785470117026,0.3772318023442876
dino,treated,in100.dino.s0.e20fwlo.extL,315,0.31861072571761506,0.245618939963448,0.0885405614131531,0.6345530083180886,0.17552238749405197,0.26856023637844434
dino,treated,in100.dino.s0.e20fwlo.extL,316,0.3158828730827488,0.25266591474366884,0.0929624015850391,0.6114628596143536,0.16233504294717715,0.3546231157331308
dino,treated,in100.dino.s0.e20fwlo.extL,317,0.3116652201161056,0.2508532828399458,0.0946436537744993,0.6013479509998592,0.1619738767771569,0.3468843073626468
dino,treated,in100.dino.s0.e20fwlo.extL,318,0.3018925166582259,0.2311225449457704,0.0844772080485211,0.5900468103310702,0.18289015223952587,0.38787154634255705
dino,treated,in100.dino.s0.e20fwlo.extL,319,0.2874262713567631,0.22129992447299102,0.08034963237970562,0.5707137667985129,0.17621079956004582,0.2879635395010022
dino,treated,in100.dino.s0.e20fwlo.extL,320,0.28480321690434196,0.22333093728069933,0.07917171650875862,0.5560676814996869,0.1780444670823996,0.38339138167637415
dino,treated,in100.dino.s0.e20fwlo.extL,321,0.27359464218451823,0.21608169808423738,0.07695025461788248,0.5458713264976284,0.16742536104391123,0.32736040314089654
dino,treated,in100.dino.s0.e20fwlo.extL,322,0.2652363457129986,0.20673330754306668,0.07294954210904336,0.5172227751521339,0.1794321355748138,0.32641975102057236
dino,treated,in100.dino.s0.e20fwlo.extL,323,0.26331370847909746,0.2013237663385029,0.07281501689418282,0.5231884700470277,0.17934322830396432,0.3684514196509998
dino,treated,in100.dino.s0.e20fwlo.extL,324,0.25543185797978973,0.20145730283380686,0.07332626461790036,0.5002359510460829,0.16799142321645644,0.3521623786881682
dino,treated,in100.dino.s0.e20fwlo.extL,325,0.2386852031808496,0.17795620530276288,0.06310129290167654,0.49376004184682626,0.17952428082654381,0.2668245164923453
dino,treated,in100.dino.s0.e20fwlo.extL,326,0.2322033111258017,0.18006521391927294,0.06543013899699339,0.46070812505326764,0.17369800299270907,0.3200791265437096
dino,treated,in100.dino.s0.e20fwlo.extL,327,0.22820567362271504,0.17607222962612237,0.06459352822723463,0.4549337965627897,0.1729323392864555,0.3875182667472329
dino,treated,in100.dino.s0.e20fwlo.extL,328,0.2136221213507871,0.16869327314202726,0.06180749910964365,0.4165234462300273,0.16882969331955736,0.3493578525727032
dino,treated,in100.dino.s0.e20fwlo.extL,329,0.19495390975045992,0.14485133027020397,0.04779906802114045,0.3994012116040183,0.187160920176936,0.45524275695295513
dino,treated,in100.dino.s0.e20fwlo.extL,330,0.18269657292530614,0.14093518154308315,0.049593991500150404,0.36308872571845063,0.18174531071701217,0.3613102885960815
dino,treated,in100.dino.s0.e20fwlo.extL,331,0.17649318493286348,0.13039281342735715,0.045693689813412736,0.3518176825985906,0.20016948917248614,0.43070995588354466
dino,treated,in100.dino.s0.e20fwlo.extL,332,0.15830586832867335,0.11765636712174832,0.04068582798900592,0.3220850460321282,0.18770234403699104,0.39756660983395214
dino,treated,in100.dino.s0.e20fwlo.extL,333,0.12167595842341637,0.08319515592930553,0.026304869118076647,0.2602781513959699,0.21481083499409226,0.702612344593319
dino,treated,in100.dino.s0.e20fwlo.extL,334,0.10745224068153633,0.07982790359382354,0.027354020901866304,0.21819157173193823,0.1916402969794801,0.4068148481295871
dino,treated,in100.dino.s0.e20fwlo.extL,335,0.06596821874484904,0.04615284233534468,0.015601477077168956,0.1354298990019253,0.21411349732792498,0.7425870366983751
dino,treated-overshoot,in100.dino.s0.e20f.ext,0,240.9807084209722,213.70325199013394,89.383607808321,426.6414654486054,0.1258628284392136,0.22264995084668818
dino,treated-overshoot,in100.dino.s0.e20f.ext,1,157.68103765925005,139.310418817886,56.683705523154075,281.3201372051547,0.1318411711302161,0.19829074239041952
dino,treated-overshoot,in100.dino.s0.e20f.ext,2,135.3830146662997,122.66790285565114,52.839080803040694,234.36170992176747,0.12050329646046239,0.17965008623012987
dino,treated-overshoot,in100.dino.s0.e20f.ext,3,127.57403824127682,112.35766480882884,46.94338014399598,229.11570646566784,0.13036932524052505,0.15691282953761315
dino,treated-overshoot,in100.dino.s0.e20f.ext,4,103.84796611502047,91.16328266711167,38.56184675331796,186.6877409073022,0.1302351877628484,0.15390651905644812
dino,treated-overshoot,in100.dino.s0.e20f.ext,5,95.3820383874582,83.81769614268799,34.95039648016893,171.3607054732706,0.12830696678726364,0.11830125019321126
dino,treated-overshoot,in100.dino.s0.e20f.ext,6,82.05119908859587,72.9488200496262,32.38113454400339,142.06219659179294,0.12880077555147892,0.11017176462851642
dino,treated-overshoot,in100.dino.s0.e20f.ext,7,77.15160194776143,67.92111191168033,28.677491077110126,136.62626209647658,0.12987737053551449,0.10165483633127918
dino,treated-overshoot,in100.dino.s0.e20f.ext,8,75.36125785115759,67.73564469286454,28.291588861508156,133.5838601524536,0.1231303269422909,0.07741146509256155
dino,treated-overshoot,in100.dino.s0.e20f.ext,9,67.88757204949184,60.635308281503534,25.650959332300097,119.49350959529926,0.1256450028591664,0.06655672234702498
dino,treated-overshoot,in100.dino.s0.e20f.ext,10,63.034985291417875,56.07242570289722,23.871516861617735,111.77091142812282,0.1261926718272973,0.08619446199561662
dino,treated-overshoot,in100.dino.s0.e20f.ext,11,52.67614275906545,46.803019535090144,19.53726123012557,94.23227881788924,0.12843664649958575,0.09406933471766905
dino,treated-overshoot,in100.dino.s0.e20f.ext,12,51.69976421069048,45.739683618586795,19.609203184414845,91.60081640954212,0.12978714952276685,0.08112365481360277
dino,treated-overshoot,in100.dino.s0.e20f.ext,13,49.61945316811277,44.16131070661303,18.490826363636323,88.66922919917131,0.12702315121785215,0.0842085049145163
dino,treated-overshoot,in100.dino.s0.e20f.ext,14,48.44567307648553,42.416919893242344,17.689746197274395,87.38814071842032,0.13540770771618094,0.06695639401258148
dino,treated-overshoot,in100.dino.s0.e20f.ext,15,44.74715197863075,38.53324200601725,15.21405047700998,83.1013792962902,0.13741576494106703,0.06101416737302635
dino,treated-overshoot,in100.dino.s0.e20f.ext,16,42.776546687606164,37.626035257700096,15.170239433825534,76.58923439667261,0.13225086399882763,0.041997628978644876
dino,treated-overshoot,in100.dino.s0.e20f.ext,17,40.60023544939964,34.96248939854728,14.692595420574344,74.15014504711013,0.1363370517844666,0.08650184748675156
dino,treated-overshoot,in100.dino.s0.e20f.ext,18,38.14455461484399,33.92114880893264,14.64363029290149,66.9362001143366,0.12654460565574316,0.05294422005403038
dino,treated-overshoot,in100.dino.s0.e20f.ext,19,36.626185611259565,32.20732192366056,13.580979012026665,65.5153426222811,0.1302311918269159,0.04930090625110889
dino,treated-overshoot,in100.dino.s0.e20f.ext,20,36.40083193587907,32.00675728825344,13.350054642619163,65.11392119673928,0.13119492175332956,0.06747307991749103
dino,treated-overshoot,in100.dino.s0.e20f.ext,21,33.85375609479303,29.746181840872225,12.431535442693635,60.50007294505186,0.13248155677046533,0.05494251811304367
dino,treated-overshoot,in100.dino.s0.e20f.ext,22,32.38213766724583,28.487588275184734,11.819502226565044,57.892958027933524,0.13148430175977205,0.06565259263874874
dino,treated-overshoot,in100.dino.s0.e20f.ext,23,31.82556000555832,27.658301152089507,11.44311309538092,57.47522925557494,0.13283070266675773,0.06422102632577592
dino,treated-overshoot,in100.dino.s0.e20f.ext,24,30.73895644922746,26.81529307135714,11.189060626511619,55.578209864422504,0.1337720626399838,0.05260528691580215
dino,treated-overshoot,in100.dino.s0.e20f.ext,25,30.29161534146961,26.504664331939725,11.321482757965029,53.83590214617291,0.13362446378680415,0.042232385992626374
dino,treated-overshoot,in100.dino.s0.e20f.ext,26,28.45481853736935,24.928974280144033,10.303848345747726,50.96004242666797,0.13212891398684615,0.041367356168106176
dino,treated-overshoot,in100.dino.s0.e20f.ext,27,27.79822269084709,24.503666988070897,10.702227690702829,48.87370494590325,0.1282262049129475,0.05871474355011031
dino,treated-overshoot,in100.dino.s0.e20f.ext,28,27.366930324910516,23.676202471532754,9.908767778811926,49.66505341415025,0.13456179502634857,0.04767573443819395
dino,treated-overshoot,in100.dino.s0.e20f.ext,29,26.483740902163074,23.185177253379095,9.382152420494037,48.221958561262525,0.13448014610781495,0.042512155847983166
dino,treated-overshoot,in100.dino.s0.e20f.ext,30,24.92035970570979,21.85720664244597,9.417523400896648,44.117081445724395,0.13038189883081083,0.06304596826541572
dino,treated-overshoot,in100.dino.s0.e20f.ext,31,24.581954965079134,21.57075836887576,8.964011228579677,43.82705548082786,0.13142774727836157,0.0518094120851653
dino,treated-overshoot,in100.dino.s0.e20f.ext,32,24.117599175637967,20.969412288028494,8.82755695367395,42.983623731152015,0.13752843400307788,0.046150362390385266
dino,treated-overshoot,in100.dino.s0.e20f.ext,33,23.5994164795496,20.827885113310863,8.80752030579325,42.13757484246202,0.12942223948609685,0.035026911149874815
dino,treated-overshoot,in100.dino.s0.e20f.ext,34,22.49504777847722,19.38551208230596,7.8485545626648845,41.02797700574559,0.13703450802295095,0.049336623735040074
dino,treated-overshoot,in100.dino.s0.e20f.ext,35,22.17088816636622,19.285467967450757,8.068847400197363,39.847390891678884,0.13265236400751787,0.04384453644531774
dino,treated-overshoot,in100.dino.s0.e20f.ext,36,20.510705776897904,17.985830595740648,7.3934058621435765,36.564199210635614,0.1310246897325949,0.04030691597156741
dino,treated-overshoot,in100.dino.s0.e20f.ext,37,20.458270006895575,17.86925526395722,7.551326333377607,36.21585907243982,0.13167455317722457,0.042648237128793474
dino,treated-overshoot,in100.dino.s0.e20f.ext,38,19.963511257540272,17.55019399680574,7.457776253948781,35.56474765121304,0.12891437735266684,0.03708952211008969
dino,treated-overshoot,in100.dino.s0.e20f.ext,39,19.19596117601713,16.559283178414617,6.853206479802876,34.69885719240356,0.13697264197243111,0.04668124065649693
dino,treated-overshoot,in100.dino.s0.e20f.ext,40,18.95380531661576,16.275402621347013,6.582211500041564,34.65939499475526,0.1401818555136816,0.041132440009547445
dino,treated-overshoot,in100.dino.s0.e20f.ext,41,18.50814104522582,16.311087321855346,6.933533632630929,32.99489169678998,0.1305198404268971,0.04539656549262881
dino,treated-overshoot,in100.dino.s0.e20f.ext,42,18.389855077640178,15.787955137534919,6.479335354088043,33.290756603200684,0.14190475512160253,0.039298982419586986
dino,treated-overshoot,in100.dino.s0.e20f.ext,43,18.097302649863718,15.87929593174276,6.439645692602945,32.55052301213399,0.1314534834863731,0.039332420387669265
dino,treated-overshoot,in100.dino.s0.e20f.ext,44,17.718758789265888,15.461854975323867,6.322536234694888,32.02823416327109,0.1341510138657083,0.03791997925740442
dino,treated-overshoot,in100.dino.s0.e20f.ext,45,17.488873310541255,15.037354172744575,5.91889513144909,31.999154791502086,0.14237545604818777,0.04604966793286903
dino,treated-overshoot,in100.dino.s0.e20f.ext,46,16.908237596994887,14.678551367669613,6.286631183078311,30.523264104486923,0.1327551047757985,0.03736192412902398
dino,treated-overshoot,in100.dino.s0.e20f.ext,47,16.82531344120089,14.552154571494915,6.133679830003115,30.327620217444853,0.13777901717163452,0.03765553424847516
dino,treated-overshoot,in100.dino.s0.e20f.ext,48,16.425904983105077,14.448396090958777,5.963800946127914,29.52225274718818,0.13182622902635632,0.03512593243656823
dino,treated-overshoot,in100.dino.s0.e20f.ext,49,15.952256063941512,13.792890487037814,5.6625228302747415,29.05552944907027,0.13698729435408463,0.034063266412675444
dino,treated-overshoot,in100.dino.s0.e20f.ext,50,15.924632662888223,13.810642778832541,5.738941453379305,29.01070014739306,0.13481781241474275,0.037881816020017174
dino,treated-overshoot,in100.dino.s0.e20f.ext,51,15.780944095358395,13.730728959044676,5.873500905850837,28.420758096681446,0.13478632805743865,0.0360843970390929
dino,treated-overshoot,in100.dino.s0.e20f.ext,52,15.19010503453685,13.237100408288338,5.544059897008879,27.3129938439394,0.13308997263970695,0.028863482569900477
dino,treated-overshoot,in100.dino.s0.e20f.ext,53,14.924486766461174,13.107930060471645,5.326027597072847,26.765421421602,0.13425009416500874,0.03358366875342314
dino,treated-overshoot,in100.dino.s0.e20f.ext,54,14.472868516433921,12.507330125566886,5.197336564603001,26.14864640516317,0.13633236558705553,0.043241870321479775
dino,treated-overshoot,in100.dino.s0.e20f.ext,55,14.10184952885779,12.215486931740493,4.951724229207631,25.629323532521248,0.1379841662062383,0.04096354097439162
dino,treated-overshoot,in100.dino.s0.e20f.ext,56,13.857180725473054,12.140811232458521,5.130603463045777,24.793368261820387,0.13258358287016894,0.038410386456009624
dino,treated-overshoot,in100.dino.s0.e20f.ext,57,13.452134020388634,11.636133511146237,4.820283450404998,24.423650890802193,0.13720683447106624,0.04284486311739299
dino,treated-overshoot,in100.dino.s0.e20f.ext,58,13.233209431931916,11.752438460148358,4.884195488333264,23.512408238839683,0.13193065536641452,0.033496783041537644
dino,treated-overshoot,in100.dino.s0.e20f.ext,59,13.009585569580988,11.253006034190367,4.75980040665382,23.596525724071977,0.13484845081017946,0.03468479968814143
dino,treated-overshoot,in100.dino.s0.e20f.ext,60,12.742311198976846,11.123504642279055,4.749326232618794,23.042149462304607,0.1301354170775358,0.031216520120414187
dino,treated-overshoot,in100.dino.s0.e20f.ext,61,12.539631814497543,10.916674431719688,4.580942192933688,22.288461682773974,0.13440307223974324,0.028703890292552353
dino,treated-overshoot,in100.dino.s0.e20f.ext,62,12.44435033230998,10.80288978774158,4.613065269171909,22.338569227944955,0.1363653401254953,0.03639620487066266
dino,treated-overshoot,in100.dino.s0.e20f.ext,63,11.919002888292558,10.277995367896775,4.2237265994956426,21.578066934242294,0.13632681795434293,0.035088174720467824
dino,treated-overshoot,in100.dino.s0.e20f.ext,64,11.792332920555491,10.247873119631432,4.18291656106245,21.277946962396793,0.13364949478916663,0.03974065854845666
dino,treated-overshoot,in100.dino.s0.e20f.ext,65,11.539850143442283,10.134656825313296,4.271905397079871,20.561482580746105,0.1301849113578049,0.03374439666265033
dino,treated-overshoot,in100.dino.s0.e20f.ext,66,11.38433319801419,9.834814321816536,3.9758411474314657,20.731052751760465,0.13980496043519547,0.03153105977001111
dino,treated-overshoot,in100.dino.s0.e20f.ext,67,11.287950080928294,9.82256458841675,4.053294670213809,20.41481029595951,0.13494778836230378,0.028409573839485485
dino,treated-overshoot,in100.dino.s0.e20f.ext,68,11.19493975659561,9.693366152557457,4.158681193410396,20.002779962218955,0.1354914293090249,0.029653650087376547
dino,treated-overshoot,in100.dino.s0.e20f.ext,69,10.96051231937208,9.463795781569404,3.9273278624703005,19.72735821024569,0.13852534928200977,0.03168490597995883
dino,treated-overshoot,in100.dino.s0.e20f.ext,70,10.71648195332394,9.395348029563674,3.8728405734650373,19.28884191920025,0.1316028131922495,0.03616645252912789
dino,treated-overshoot,in100.dino.s0.e20f.ext,71,10.596249763161474,9.327931936449342,3.8755839012659097,18.757693992598416,0.13242784882200964,0.03748227179552177
dino,treated-overshoot,in100.dino.s0.e20f.ext,72,10.467307573584451,9.070641964007317,3.81980266592276,18.944897540590368,0.13609048694228087,0.030618603543064477
dino,treated-overshoot,in100.dino.s0.e20f.ext,73,10.11606458992315,8.948445958952862,3.737586293375616,17.958778688202987,0.1315300074538676,0.026974229521182162
dino,treated-overshoot,in100.dino.s0.e20f.ext,74,10.024145418274406,8.831544501411763,3.782420623907362,17.697059025413058,0.12893903650099994,0.02932824349114417
dino,treated-overshoot,in100.dino.s0.e20f.ext,75,9.797237940917952,8.541207002634371,3.6063639804491827,17.589600184182906,0.13558127206629808,0.03423731696288596
dino,treated-overshoot,in100.dino.s0.e20f.ext,76,9.697640003124894,8.566054065011162,3.696253981385825,16.97948342478046,0.13075502480259507,0.027432687484427433
dino,treated-overshoot,in100.dino.s0.e20f.ext,77,9.551695197876962,8.314887450783237,3.5319159507088753,17.170742039368342,0.1334482981091929,0.040893786863597424
dino,treated-overshoot,in100.dino.s0.e20f.ext,78,9.407343114198355,8.275276645897044,3.4546082448552085,16.776888334094643,0.1319737906348205,0.03689713389987263
dino,treated-overshoot,in100.dino.s0.e20f.ext,79,9.29892691865498,8.036250639795904,3.378579140291606,16.858064691956546,0.1371919992889103,0.025075577828583873
dino,treated-overshoot,in100.dino.s0.e20f.ext,80,9.122863109828947,7.819477385701328,3.396167440790585,16.510216204695446,0.1365326753362115,0.02600128757496893
dino,treated-overshoot,in100.dino.s0.e20f.ext,81,8.885261570267163,7.76756181975874,3.241789433845104,15.998575329993127,0.1339087823984977,0.031900143702408935
dino,treated-overshoot,in100.dino.s0.e20f.ext,82,8.772143027292405,7.686574951351621,3.2225964234233584,15.722570442230122,0.13158438143689952,0.03090249722330834
dino,treated-overshoot,in100.dino.s0.e20f.ext,83,8.694626479752912,7.648819295911735,3.1861942286982856,15.613925920730855,0.13088000286343188,0.030957850116367435
dino,treated-overshoot,in100.dino.s0.e20f.ext,84,8.621125186874458,7.41523382061548,3.046328279180429,15.720609298236521,0.13973330131358888,0.027377639743020987
dino,treated-overshoot,in100.dino.s0.e20f.ext,85,8.370134567960237,7.28893083973108,3.1376241618798533,14.991450589932802,0.13363909379716898,0.028049519339401755
dino,treated-overshoot,in100.dino.s0.e20f.ext,86,8.335642534048967,7.277972213614002,3.1461352492621564,14.900669197493581,0.13192357634336666,0.02796484482910679
dino,treated-overshoot,in100.dino.s0.e20f.ext,87,8.261726642700697,7.238769458063213,3.06409167737646,14.75658989509996,0.13207641279226884,0.028817438348777667
dino,treated-overshoot,in100.dino.s0.e20f.ext,88,8.032883193826185,7.092057528872662,2.9346564242054236,14.362232401937622,0.13091768074985663,0.035046386390308194
dino,treated-overshoot,in100.dino.s0.e20f.ext,89,7.990151208149368,6.95970820714763,2.926077817589853,14.493298663657018,0.13343644804244054,0.028157600842839105
dino,treated-overshoot,in100.dino.s0.e20f.ext,90,7.8930982855150384,6.882320468777337,2.935225976319705,14.219671106843812,0.13089725080922324,0.03292892607771264
dino,treated-overshoot,in100.dino.s0.e20f.ext,91,7.6753111787609125,6.739552213178966,2.7774842779116207,13.751074323530833,0.13382572713984078,0.04048655943394501
dino,treated-overshoot,in100.dino.s0.e20f.ext,92,7.598526357387473,6.647881631279247,2.7724827264241787,13.56351255864274,0.1355540097313088,0.03214202087252574
dino,treated-overshoot,in100.dino.s0.e20f.ext,93,7.47428630085264,6.494319068105698,2.6835650035604,13.34956790755717,0.13778758435724295,0.029721173794804257
dino,treated-overshoot,in100.dino.s0.e20f.ext,94,7.348620894803655,6.406342142284798,2.694363690794345,13.101963744050636,0.1327327843604025,0.025770834510766276
dino,treated-overshoot,in100.dino.s0.e20f.ext,95,7.311181850898824,6.40540782206577,2.6599318727280874,13.12031920522362,0.13210831686646435,0.031055179151871743
dino,treated-overshoot,in100.dino.s0.e20f.ext,96,7.076340920259541,6.214865167099914,2.629957167838561,12.706123741417086,0.13016360337157712,0.02975643911048269
dino,treated-overshoot,in100.dino.s0.e20f.ext,97,6.98446518894455,6.148386916581416,2.607726458354517,12.449629722887563,0.13190861591719819,0.039535768134726965
dino,treated-overshoot,in100.dino.s0.e20f.ext,98,6.822628616588818,5.947946605165242,2.5056441662528406,12.161770815759729,0.1348698072316546,0.026829473779063858
dino,treated-overshoot,in100.dino.s0.e20f.ext,99,6.773024866414591,5.9382338804411,2.4925947579205188,12.16819963551025,0.13277705039685347,0.025483947460554
dino,treated-overshoot,in100.dino.s0.e20f.ext,100,6.720595276387282,5.87004637093608,2.4532331852037657,11.949591052761157,0.1349981412984096,0.027070479904282924
dino,treated-overshoot,in100.dino.s0.e20f.ext,101,6.593693863941357,5.7445738557687225,2.440097147817855,11.835219472984807,0.13129613063603404,0.02470189093326994
dino,treated-overshoot,in100.dino.s0.e20f.ext,102,6.524713439029029,5.691384809650167,2.427989577174843,11.556065992221917,0.13186007430130378,0.02522238440052449
dino,treated-overshoot,in100.dino.s0.e20f.ext,103,6.330493636921817,5.5565335213540115,2.3438595388001584,11.371771704260137,0.13306911598122567,0.031445831826993176
dino,treated-overshoot,in100.dino.s0.e20f.ext,104,6.30778337365463,5.512556839544502,2.3029703422837824,11.346346931521577,0.13338619035938612,0.029158728067274046
dino,treated-overshoot,in100.dino.s0.e20f.ext,105,6.253640077054699,5.506929094797222,2.2668328753678266,11.171531052521956,0.13533527992718,0.02857673436138072
dino,treated-overshoot,in100.dino.s0.e20f.ext,106,6.1314788781618645,5.3430176382431105,2.2309270563584453,10.989668942625967,0.1327663479079843,0.0338768198118949
dino,treated-overshoot,in100.dino.s0.e20f.ext,107,6.073999140124057,5.282203625973363,2.249799129397206,10.950777900966703,0.13249422807974898,0.028064526268466138
dino,treated-overshoot,in100.dino.s0.e20f.ext,108,6.010489156429311,5.279858836020752,2.2513121325160577,10.599681000401171,0.1313368010972753,0.033166470397823215
dino,treated-overshoot,in100.dino.s0.e20f.ext,109,5.950273044780973,5.153541494831439,2.221635473074643,10.698989057615501,0.13427249363959226,0.024110552328184584
dino,treated-overshoot,in100.dino.s0.e20f.ext,110,5.924655543538676,5.2277110870729615,2.225902288339044,10.56424203342279,0.13079025245989054,0.029939184428009788
dino,treated-overshoot,in100.dino.s0.e20f.ext,111,5.7562740684973335,5.070325430597536,2.1335469512915255,10.355437365415346,0.13195835129003328,0.035785737590382866
dino,treated-overshoot,in100.dino.s0.e20f.ext,112,5.72129291468519,5.037333644628857,2.1788891546383953,10.070061998583336,0.13021594865433325,0.02735724842913388
dino,treated-overshoot,in100.dino.s0.e20f.ext,113,5.635221065931289,5.0131401933602096,2.1362523563056395,9.929356029981825,0.13052054475552555,0.02575591821989197
dino,treated-overshoot,in100.dino.s0.e20f.ext,114,5.601637300874027,4.949205112753814,2.0651054751724303,9.962800075897109,0.13031222670663695,0.028238430940995034
dino,treated-overshoot,in100.dino.s0.e20f.ext,115,5.54705561901502,4.862322630130999,2.0481531788501885,9.897543732991913,0.1343078868899778,0.02320665440418249
dino,treated-overshoot,in100.dino.s0.e20f.ext,116,5.38747244616722,4.777593990291178,2.0149445359072167,9.585526165523724,0.12996059577221566,0.038222982295775386
dino,treated-overshoot,in100.dino.s0.e20f.ext,117,5.346237044898978,4.727626781611582,2.027026264006829,9.34023748582496,0.12936744858922544,0.022730553821912833
dino,treated-overshoot,in100.dino.s0.e20f.ext,118,5.292748499574179,4.613750300130712,1.9339658578732,9.438498532590177,0.13465064922028563,0.02460218638669175
dino,treated-overshoot,in100.dino.s0.e20f.ext,119,5.2634033410053584,4.609423108125574,1.9367456557277936,9.471334994263765,0.13383787244194312,0.029740812670115364
dino,treated-overshoot,in100.dino.s0.e20f.ext,120,5.169144389625984,4.561168684986154,1.9172901420965391,9.158476816803098,0.13206773967507038,0.03393309460282733
dino,treated-overshoot,in100.dino.s0.e20f.ext,121,5.148275254926447,4.538726259237329,1.9255740208292653,9.216149838722195,0.13024999285004416,0.037672530128562635
dino,treated-overshoot,in100.dino.s0.e20f.ext,122,5.008430026079112,4.402178378817947,1.8999414355849018,8.80976099179832,0.13082385396675933,0.027905445023229506
dino,treated-overshoot,in100.dino.s0.e20f.ext,123,4.920622504471505,4.287754245503235,1.830843283332998,8.878820303317532,0.13369407955308468,0.022978557914288333
dino,treated-overshoot,in100.dino.s0.e20f.ext,124,4.860280711415384,4.2468646778645684,1.7716005281565237,8.776671412159898,0.13265642304076414,0.037982047396570115
dino,treated-overshoot,in100.dino.s0.e20f.ext,125,4.8054057319071095,4.236906904936733,1.8315773871695675,8.508260305704427,0.12897996310585094,0.019568142893933677
dino,treated-overshoot,in100.dino.s0.e20f.ext,126,4.770318207393291,4.179915177649868,1.781763601610524,8.513446629759489,0.1322935299891337,0.027949848694951235
dino,treated-overshoot,in100.dino.s0.e20f.ext,127,4.764173080128677,4.185005438638023,1.7750746237760586,8.519571024077367,0.13003180666187528,0.028810642685148456
dino,treated-overshoot,in100.dino.s0.e20f.ext,128,4.608759518210651,4.048588592266817,1.7385753584160502,8.173293992017229,0.1318418758249434,0.021801860283217126
dino,treated-overshoot,in100.dino.s0.e20f.ext,129,4.558436965096432,4.011283192110607,1.7352504777698146,8.137681120088205,0.13057298927988525,0.03821605000444536
dino,treated-overshoot,in100.dino.s0.e20f.ext,130,4.526598103842954,3.966521939162523,1.7088511357199565,8.021928308893223,0.13226860795811132,0.03838646424825503
dino,treated-overshoot,in100.dino.s0.e20f.ext,131,4.485610920584833,3.9442633108254435,1.687129812571023,8.066718156353568,0.12975660602153954,0.030420347288593684
dino,treated-overshoot,in100.dino.s0.e20f.ext,132,4.431694025022353,3.89636438321397,1.6661033435520425,7.8456061845494744,0.12910303870220935,0.023864630290818076
dino,treated-overshoot,in100.dino.s0.e20f.ext,133,4.416867861935666,3.8770209239265725,1.655011392681182,7.847199551047326,0.13001171485149982,0.022914598851469615
dino,treated-overshoot,in100.dino.s0.e20f.ext,134,4.349355844619068,3.7864023363719133,1.6336226200520905,7.7917485401850275,0.13239415178245445,0.03177369352553361
dino,treated-overshoot,in100.dino.s0.e20f.ext,135,4.296513781491274,3.8045497930687966,1.58704462630355,7.653148280650963,0.13194656415348918,0.023667557715897663
dino,treated-overshoot,in100.dino.s0.e20f.ext,136,4.266655447402863,3.7506928705685008,1.6360258065343836,7.539489892460242,0.13129255136428467,0.029119846455033512
dino,treated-overshoot,in100.dino.s0.e20f.ext,137,4.2162492348463365,3.720814341674177,1.5679303462416654,7.448362343109654,0.1329263041948355,0.022771743144601838
dino,treated-overshoot,in100.dino.s0.e20f.ext,138,4.156438837897244,3.6668088867235973,1.5274778758464485,7.414210878437013,0.13042377296012797,0.032654151044194266
dino,treated-overshoot,in100.dino.s0.e20f.ext,139,4.070589920812898,3.5856635385875673,1.5159938863870228,7.238549139336427,0.12905425599487494,0.02723798883773314
dino,treated-overshoot,in100.dino.s0.e20f.ext,140,4.040385156040139,3.5538766721928674,1.4832181420068693,7.195217462622069,0.13177534346199477,0.03424312567767787
dino,treated-overshoot,in100.dino.s0.e20f.ext,141,3.996701650056577,3.479392367990008,1.472486610005699,7.069324125774362,0.13423863705067282,0.0365621455815719
dino,treated-overshoot,in100.dino.s0.e20f.ext,142,3.9455815654241095,3.4814347353297586,1.4928736951162058,7.022284039488042,0.1309440501219091,0.03018810784805397
dino,treated-overshoot,in100.dino.s0.e20f.ext,143,3.9010171255110295,3.433966799472425,1.4748495182528512,6.89871101024825,0.12974326699393068,0.03948884737141821
dino,treated-overshoot,in100.dino.s0.e20f.ext,144,3.8960680339178846,3.398619875215341,1.4168506921420885,6.992530754171897,0.1340344539087505,0.03076820361749982
dino,treated-overshoot,in100.dino.s0.e20f.ext,145,3.84427517536906,3.383398785419362,1.4365540085216928,6.877125681380896,0.1312257195409764,0.02590559315488426
dino,treated-overshoot,in100.dino.s0.e20f.ext,146,3.791674769126588,3.3440236291749192,1.4158715793317753,6.747612225930822,0.1302966430575405,0.023616320681421294
dino,treated-overshoot,in100.dino.s0.e20f.ext,147,3.716602347669133,3.254908187666045,1.3750361874145307,6.642551708816702,0.132351703902091,0.03142155696737966
dino,treated-overshoot,in100.dino.s0.e20f.ext,148,3.700314137386813,3.2190515387095333,1.376357414637821,6.68178207208404,0.1322156717520402,0.031055405054034094
dino,treated-overshoot,in100.dino.s0.e20f.ext,149,3.637450047129504,3.1711134760797113,1.3503344514531057,6.4991714410935995,0.13409195656312184,0.03213364670875692
dino,treated-overshoot,in100.dino.s0.e20f.ext,150,3.594659897489409,3.1804237450197146,1.3379497712058968,6.403677730102871,0.13052906033880407,0.036703404811996736
dino,treated-overshoot,in100.dino.s0.e20f.ext,151,3.5406046869588494,3.0944933972244932,1.3175492115167686,6.231466575227006,0.1321585567083386,0.029140379422066535
dino,treated-overshoot,in100.dino.s0.e20f.ext,152,3.5361888196948956,3.0981436795989277,1.317022143644586,6.272425783096582,0.13256056240585534,0.03458195346636607
dino,treated-overshoot,in100.dino.s0.e20f.ext,153,3.5011325585344344,3.086633313409513,1.2703330851809729,6.232262482180679,0.13417418860410263,0.026367987509351886
dino,treated-overshoot,in100.dino.s0.e20f.ext,154,3.4741135969504007,3.030278656369527,1.306609993727317,6.202950663381149,0.1321106596318178,0.03936492438489177
dino,treated-overshoot,in100.dino.s0.e20f.ext,155,3.4069280052874578,3.014908039638221,1.295686009539789,6.023450713039138,0.1293909573829942,0.03218389075876219
dino,treated-overshoot,in100.dino.s0.e20f.ext,156,3.344621109041249,2.907838620467706,1.2482160679244458,5.972242274233458,0.13473873508817727,0.02933915890768792
dino,treated-overshoot,in100.dino.s0.e20f.ext,157,3.3369140072154515,2.939753653089479,1.2283712621306508,5.939315115951575,0.13209105414145017,0.03599322246365972
dino,treated-overshoot,in100.dino.s0.e20f.ext,158,3.300873396696728,2.905131911696045,1.2328525431473125,5.833689871135314,0.13082357532876823,0.037672631001726915
dino,treated-overshoot,in100.dino.s0.e20f.ext,159,3.2773279392896977,2.8948595403649118,1.2339145039382564,5.8077575893513105,0.1333997539493499,0.027690720254831293
dino,treated-overshoot,in100.dino.s0.e20f.ext,160,3.237904050142899,2.839179305588254,1.2124731238470303,5.739945096651924,0.13170093757193557,0.025632580259227402
dino,treated-overshoot,in100.dino.s0.e20f.ext,161,3.2012390412021863,2.802534960773004,1.1808469481711443,5.715922411260235,0.13309001386309077,0.023860478859929816
dino,treated-overshoot,in100.dino.s0.e20f.ext,162,3.183718357607141,2.792444824214403,1.1849942257786699,5.695863090771209,0.13047323879434408,0.033322885674330824
dino,treated-overshoot,in100.dino.s0.e20f.ext,163,3.162067938758654,2.7479836070722277,1.1856078720664815,5.636001896055425,0.13385389766944492,0.031770962652615524
dino,treated-overshoot,in100.dino.s0.e20f.ext,164,3.1360520081660828,2.754267854769483,1.1558932043771415,5.605380226270772,0.1311438058836446,0.042552661239845094
dino,treated-overshoot,in100.dino.s0.e20f.ext,165,3.0956351806593685,2.7188728232947916,1.1372247233648938,5.567678618041144,0.13636213196985375,0.03241622180927096
dino,treated-overshoot,in100.dino.s0.e20f.ext,166,3.070600187014455,2.690769727927144,1.125991497293126,5.5187512393831435,0.1329558794604677,0.0362539508524822
dino,treated-overshoot,in100.dino.s0.e20f.ext,167,3.0376642608530244,2.6778292352267785,1.130855827870101,5.411060539685623,0.13163864609855913,0.030817327392008695
dino,treated-overshoot,in100.dino.s0.e20f.ext,168,3.021173044720199,2.665839653014399,1.1155262201215856,5.415167412108662,0.13261335165506957,0.03433614341779778
dino,treated-overshoot,in100.dino.s0.e20f.ext,169,2.9715464660218873,2.581945824748119,1.0909980023413317,5.305493796034582,0.1337443922172595,0.03898747385911496
dino,treated-overshoot,in100.dino.s0.e20f.ext,170,2.9488796347551474,2.607401325958649,1.105316130741923,5.248506740927202,0.13055300134524087,0.037914889413356224
dino,treated-overshoot,in100.dino.s0.e20f.ext,171,2.9065216091656345,2.545881040198431,1.0612111408748244,5.249266511880394,0.13401684654140172,0.03403318683321174
dino,treated-overshoot,in100.dino.s0.e20f.ext,172,2.875320843653789,2.5250587945270366,1.0666836352120892,5.127397827059135,0.13171797327005685,0.03711851070913614
dino,treated-overshoot,in100.dino.s0.e20f.ext,173,2.8662169158814517,2.519305116834346,1.0604109676260114,5.084583420620546,0.13224113202998639,0.029506264158119345
dino,treated-overshoot,in100.dino.s0.e20f.ext,174,2.8286699911519873,2.4694701996404578,1.0713200464266952,5.022844528425977,0.1329214558616613,0.033282697941804044
dino,treated-overshoot,in100.dino.s0.e20f.ext,175,2.8123654784088647,2.459706895898065,1.0514598763638434,5.089642921832194,0.13299743667170089,0.04663486657431328
dino,treated-overshoot,in100.dino.s0.e20f.ext,176,2.749101257637315,2.4172467334162393,1.0156431989644554,4.930146283034681,0.131398091907612,0.045249942405741414
dino,treated-overshoot,in100.dino.s0.e20f.ext,177,2.743344809261608,2.395077595118054,1.0197615338263133,4.925381169954296,0.13250878661417165,0.026228410158781575
dino,treated-overshoot,in100.dino.s0.e20f.ext,178,2.704056651776218,2.3760369831348447,0.9916888183538769,4.857222886485195,0.13006133004325748,0.02746501993024554
dino,treated-overshoot,in100.dino.s0.e20f.ext,179,2.6683342180842318,2.3388296899514263,0.9744761828741735,4.76238510745031,0.13306646988611584,0.032538817572274864
dino,treated-overshoot,in100.dino.s0.e20f.ext,180,2.661612239738628,2.315224849956722,0.9769221344542897,4.782146256758392,0.1354693960199355,0.03150118728370709
dino,treated-overshoot,in100.dino.s0.e20f.ext,181,2.6261106521952438,2.2944803270738534,0.9808860463882682,4.701390257333134,0.13336539948825488,0.04344130371260614
dino,treated-overshoot,in100.dino.s0.e20f.ext,182,2.6129525281988335,2.2887087166126814,0.961752274987383,4.737840375151903,0.13306951208527795,0.026272331613631978
dino,treated-overshoot,in100.dino.s0.e20f.ext,183,2.590428747060207,2.2619889731657943,0.9474167296321432,4.69235987248119,0.13228113450287138,0.03459423074467997
dino,treated-overshoot,in100.dino.s0.e20f.ext,184,2.5684548716932296,2.229981129122576,0.9293279304458484,4.60635486531532,0.1342363903119445,0.031181387086537966
dino,treated-overshoot,in100.dino.s0.e20f.ext,185,2.537090886709569,2.211578551181919,0.9384408336652912,4.52012827535627,0.13325009367508545,0.035191707596686606
dino,treated-overshoot,in100.dino.s0.e20f.ext,186,2.522338799634566,2.1725502018874643,0.914787822077433,4.5439105912799835,0.13758849920751612,0.03684475909414512
dino,treated-overshoot,in100.dino.s0.e20f.ext,187,2.46167424304014,2.164313156518716,0.8827042420284129,4.413994547510912,0.13447366767625732,0.045055636487391325
dino,treated-overshoot,in100.dino.s0.e20f.ext,188,2.443642416237541,2.1383864075074315,0.8891241095199663,4.419415584184694,0.13292762076620904,0.033713201885560304
dino,treated-overshoot,in100.dino.s0.e20f.ext,189,2.415853712570938,2.1207709081463273,0.8988598869414336,4.34366609206663,0.13220066300225605,0.04306037854636283
dino,treated-overshoot,in100.dino.s0.e20f.ext,190,2.381779975368597,2.068653969863761,0.8848472360269729,4.296800858605452,0.13314147523120573,0.03301770418680625
dino,treated-overshoot,in100.dino.s0.e20f.ext,191,2.352501899696017,2.03093938157705,0.847044164113126,4.232210043194988,0.1379659252052951,0.0377140502824864
dino,treated-overshoot,in100.dino.s0.e20f.ext,192,2.3398963027077895,2.037291988748674,0.8791100886446515,4.143675861242084,0.13331068259764758,0.031220314647423374
dino,treated-overshoot,in100.dino.s0.e20f.ext,193,2.3328280319710997,2.052411617711406,0.8479694867632978,4.130546042006192,0.13227650005841007,0.028355279295435624
dino,treated-overshoot,in100.dino.s0.e20f.ext,194,2.3184279810965625,2.020817647184506,0.8501380256999972,4.15149908985014,0.13470117060280912,0.038541089191266996
dino,treated-overshoot,in100.dino.s0.e20f.ext,195,2.2911164056153055,1.983983567384135,0.8382241253403249,4.141421866245495,0.1345664340839633,0.04689463295030989
dino,treated-overshoot,in100.dino.s0.e20f.ext,196,2.2801650888894,1.9705892606972644,0.8407053089663159,4.1168587055477746,0.1351037451419004,0.04263572177813407
dino,treated-overshoot,in100.dino.s0.e20f.ext,197,2.2559716407000296,1.9589801681808763,0.8277395257035937,4.0449710436369735,0.13469623677097525,0.041243110848783286
dino,treated-overshoot,in100.dino.s0.e20f.ext,198,2.2334900500359347,1.9380385985573736,0.8031524441658839,4.034894920973947,0.13609716099867714,0.03255855431390418
dino,treated-overshoot,in100.dino.s0.e20f.ext,199,2.212827743672773,1.9383945032179035,0.8144821656141351,3.944520437620262,0.13328776506363443,0.051941432405989515
dino,treated-overshoot,in100.dino.s0.e20f.ext,200,2.1792665065950594,1.8602477134303563,0.7945261086700982,3.930278678086087,0.13741166687910478,0.046646338629974554
dino,treated-overshoot,in100.dino.s0.e20f.ext,201,2.169041369538399,1.9096635080481899,0.7797849971299982,3.8821647889043427,0.13211426473090607,0.04793321657606107
dino,treated-overshoot,in100.dino.s0.e20f.ext,202,2.142297124677838,1.8649292611242154,0.7706371045308399,3.8953306964106087,0.1348891034716189,0.0382213215422557
dino,treated-overshoot,in100.dino.s0.e20f.ext,203,2.1407188288666186,1.8678024704853176,0.7582430566170844,3.8744966323171783,0.13623789637483802,0.03839203388967356
dino,treated-overshoot,in100.dino.s0.e20f.ext,204,2.115576524610105,1.8355724738166428,0.7654167924918781,3.8439341833004144,0.13463910537633328,0.040659681581844645
dino,treated-overshoot,in100.dino.s0.e20f.ext,205,2.1120786243999525,1.856675485825238,0.7740013039559911,3.7716501883849567,0.13076128781087834,0.027175127949741466
dino,treated-overshoot,in100.dino.s0.e20f.ext,206,2.063124711060559,1.7903640763041957,0.747819456785924,3.721846748376915,0.1343419406972621,0.039836054763876375
dino,treated-overshoot,in100.dino.s0.e20f.ext,207,2.0372767893382924,1.7743964081338102,0.7518330407734397,3.7060682418927073,0.1351120091935123,0.0323441110173557
dino,treated-overshoot,in100.dino.s0.e20f.ext,208,2.0192472637521313,1.7582391665677866,0.7357372160337613,3.6400575522343632,0.13709305516789763,0.04183832569608291
dino,treated-overshoot,in100.dino.s0.e20f.ext,209,2.001054925772299,1.740163933409418,0.7257178571611307,3.6294432747613263,0.13655355417938092,0.04594739432017998
dino,treated-overshoot,in100.dino.s0.e20f.ext,210,1.9799751852586744,1.725314172280549,0.7086123941610929,3.595258817169356,0.13710765976812128,0.04318393918113924
dino,treated-overshoot,in100.dino.s0.e20f.ext,211,1.9700928002977078,1.7137000696207223,0.7233061860136144,3.54748085679474,0.1352793296112701,0.03682968033432325
dino,treated-overshoot,in100.dino.s0.e20f.ext,212,1.957275105705874,1.704653488741564,0.7098562177174355,3.546480588748037,0.13364014723883638,0.05462084252331027
dino,treated-overshoot,in100.dino.s0.e20f.ext,213,1.9477548308460368,1.693867667189889,0.6960463866528721,3.5415529343266137,0.13843986691931243,0.03693476118332287
dino,treated-overshoot,in100.dino.s0.e20f.ext,214,1.9198088337008317,1.6765777965410578,0.6847981054570563,3.44914156765996,0.13449680342009895,0.04150783913353223
dino,treated-overshoot,in100.dino.s0.e20f.ext,215,1.9037232153094004,1.6471937596085549,0.6834510166087212,3.4452572027053345,0.1360977133298171,0.03704400399197428
dino,treated-overshoot,in100.dino.s0.e20f.ext,216,1.8882866176182105,1.627232078917765,0.6912994637671579,3.4337703891570204,0.13705007187768684,0.04579861268963036
dino,treated-overshoot,in100.dino.s0.e20f.ext,217,1.8656583921374683,1.6287423068236797,0.6701897061183888,3.3586286840352306,0.13432274873026231,0.040039465607927545
dino,treated-overshoot,in100.dino.s0.e20f.ext,218,1.8550455466347342,1.606461247337435,0.6618862618798023,3.357464937985111,0.1383400045592084,0.04353582519844621
dino,treated-overshoot,in100.dino.s0.e20f.ext,219,1.841401810028844,1.599760419462338,0.6662455979037417,3.3208473417651176,0.13621440198225693,0.036227357433515385
dino,treated-overshoot,in100.dino.s0.e20f.ext,220,1.8302482895187946,1.5786127001066936,0.6684013727219964,3.3291062863644743,0.13436124929973495,0.04027800696695193
dino,treated-overshoot,in100.dino.s0.e20f.ext,221,1.7968307020586032,1.5492672041183346,0.6417846631970466,3.2614750818890585,0.13804155488901973,0.04444789544344159
dino,treated-overshoot,in100.dino.s0.e20f.ext,222,1.7858045453384053,1.5428347849808317,0.6293044653374106,3.228594204551565,0.13941765248679805,0.04862346263122655
dino,treated-overshoot,in100.dino.s0.e20f.ext,223,1.768392693549834,1.5275694933108919,0.6302033904356629,3.2156750720365372,0.13846176877750993,0.04573753040226836
dino,treated-overshoot,in100.dino.s0.e20f.ext,224,1.7591674914756372,1.5246411198089498,0.6332310011998882,3.1489217706297543,0.13679276478779565,0.05034675771619065
dino,treated-overshoot,in100.dino.s0.e20f.ext,225,1.7407462381263878,1.5060752268768316,0.6314933333166928,3.1508513835541705,0.13592107693577682,0.043424629349381905
dino,treated-overshoot,in100.dino.s0.e20f.ext,226,1.7334137176310533,1.4904157018445665,0.616606979830613,3.126488642347531,0.1389792977169453,0.04446682910269418
dino,treated-overshoot,in100.dino.s0.e20f.ext,227,1.7152928559099634,1.485068460342072,0.6236963647447954,3.1166924823199698,0.136931199027454,0.05316466386919582
dino,treated-overshoot,in100.dino.s0.e20f.ext,228,1.7028264078331754,1.4683432261638134,0.6016053405394339,3.0875271098464823,0.1392715011321917,0.05805394763789733
dino,treated-overshoot,in100.dino.s0.e20f.ext,229,1.698239600440119,1.4612464093898052,0.6058837653846451,3.079150977963186,0.13783760697528805,0.041209276611093824
dino,treated-overshoot,in100.dino.s0.e20f.ext,230,1.662001890803705,1.4346269452742118,0.5969905784829899,2.9975747426686667,0.137237173319294,0.056278562820509
dino,treated-overshoot,in100.dino.s0.e20f.ext,231,1.6594460651314578,1.4173663088666917,0.5949586134175411,3.0183227954698655,0.1382043060975702,0.04024688660092396
dino,treated-overshoot,in100.dino.s0.e20f.ext,232,1.630091837404238,1.41021479485164,0.5929046604331137,2.971546161958109,0.13634292153153954,0.05043241266038237
dino,treated-overshoot,in100.dino.s0.e20f.ext,233,1.61495187438264,1.3940910028575186,0.5711212303176891,2.8979926848284396,0.14058543426034323,0.04305058088822902
dino,treated-overshoot,in100.dino.s0.e20f.ext,234,1.6045670173363527,1.3911469947084307,0.5726640119152295,2.9053566720699746,0.13546199041605228,0.0730205735512243
dino,treated-overshoot,in100.dino.s0.e20f.ext,235,1.5984551983589206,1.3775437784044484,0.5699446189539874,2.919309650833816,0.13836786147860772,0.043533914827081556
dino,treated-overshoot,in100.dino.s0.e20f.ext,236,1.5785885862927607,1.3569607563679473,0.5685390806457172,2.862657095907702,0.13702419721867928,0.045961672481142336
dino,treated-overshoot,in100.dino.s0.e20f.ext,237,1.5555729886831426,1.3245524869073924,0.5326996561545735,2.86838971799456,0.1426208375900509,0.051389708611545404
dino,treated-overshoot,in100.dino.s0.e20f.ext,238,1.5469270843893341,1.3261404326696815,0.5478049369284841,2.8197914582253283,0.13949624457422935,0.06409623311893711
dino,treated-overshoot,in100.dino.s0.e20f.ext,239,1.5431868100449773,1.3276630939283767,0.5587496372952375,2.8199793793648174,0.13796583473832977,0.05811218463378638
dino,treated-overshoot,in100.dino.s0.e20f.ext,240,1.5214047920997484,1.3184993123140325,0.5437448606805835,2.7402516027180934,0.13599007209290606,0.050717958859907986
dino,treated-overshoot,in100.dino.s0.e20f.ext,241,1.5159064448071242,1.2991523851450968,0.5410756510147919,2.7685288188407324,0.13648767591796473,0.0586854684438219
dino,treated-overshoot,in100.dino.s0.e20f.ext,242,1.5079545715319613,1.3019580818820065,0.5368248040002651,2.753553912890001,0.13893386071863534,0.05570271262136723
dino,treated-overshoot,in100.dino.s0.e20f.ext,243,1.493694429297565,1.288802332926442,0.5316968587976147,2.7170449131509202,0.13723114872118336,0.06175201294815995
dino,treated-overshoot,in100.dino.s0.e20f.ext,244,1.4722468882348891,1.2712670129819643,0.5164602563758496,2.7004534048345614,0.1388313831556456,0.0477119040019348
dino,treated-overshoot,in100.dino.s0.e20f.ext,245,1.4597626696534223,1.2713379661389665,0.5204700739697249,2.6530357131778968,0.1364698325671378,0.049585551449441094
dino,treated-overshoot,in100.dino.s0.e20f.ext,246,1.4501995792982838,1.2429064374666332,0.519139472156215,2.622519072937973,0.13897044307049425,0.0463438761010355
dino,treated-overshoot,in100.dino.s0.e20f.ext,247,1.4333342834320455,1.2260754260056532,0.5035746582420983,2.6199188584714834,0.14041729164538092,0.051881786855555306
dino,treated-overshoot,in100.dino.s0.e20f.ext,248,1.4234577876429453,1.2198228425824384,0.5005017260465818,2.607183455930616,0.13974756410016761,0.05862432735113471
dino,treated-overshoot,in100.dino.s0.e20f.ext,249,1.4002871292752088,1.1982009591001797,0.49160531172484095,2.554790204649233,0.13997533538738186,0.05581509518843725
dino,treated-overshoot,in100.dino.s0.e20f.ext,250,1.394034516003642,1.1998620160544955,0.49261344931692863,2.510801496429092,0.1393749203210261,0.06753834451217808
dino,treated-overshoot,in100.dino.s0.e20f.ext,251,1.3764558856206468,1.1673324930018345,0.48317681888734504,2.5333943032523,0.1435831217929214,0.04975020577791385
dino,treated-overshoot,in100.dino.s0.e20f.ext,252,1.3699587786546614,1.1756921739724089,0.47661962318860285,2.5020688270031273,0.13809177478025386,0.0727366170955267
dino,treated-overshoot,in100.dino.s0.e20f.ext,253,1.3664178861151461,1.1731238823281966,0.48199135520108366,2.4825310145868675,0.13905526290532486,0.06984179223414641
dino,treated-overshoot,in100.dino.s0.e20f.ext,254,1.3452487015416792,1.1526985686179367,0.4621759404848968,2.4833007437330035,0.14018298350885494,0.06104462250200785
dino,treated-overshoot,in100.dino.s0.e20f.ext,255,1.3374194238673858,1.151737629403705,0.4694377596372198,2.4445964515291783,0.13840714596078246,0.07069731898085102
dino,treated-overshoot,in100.dino.s0.e20f.ext,256,1.3213257011871091,1.128572101870416,0.4578623720046518,2.428411646471326,0.13931082039363435,0.07384617974926627
dino,treated-overshoot,in100.dino.s0.e20f.ext,257,1.3100492521959786,1.1187129837501588,0.4465111935236233,2.4123404243244435,0.1411349266695995,0.07110470582939056
dino,treated-overshoot,in100.dino.s0.e20f.ext,258,1.295686131026233,1.1002030174311157,0.4596364121499115,2.3629962181176642,0.14393351786154035,0.06142535388136202
dino,treated-overshoot,in100.dino.s0.e20f.ext,259,1.2874176032882938,1.0910035796567932,0.44808054645963735,2.361223425288609,0.14191857262199822,0.07295265380992126
dino,treated-overshoot,in100.dino.s0.e20f.ext,260,1.2704719212497644,1.082880871918145,0.44697652696186124,2.3197727490284348,0.14150129747354892,0.07366051213228372
dino,treated-overshoot,in100.dino.s0.e20f.ext,261,1.2536690383018683,1.0779337601333776,0.44425171504499256,2.277544455693721,0.14057976377413486,0.06985442635313817
dino,treated-overshoot,in100.dino.s0.e20f.ext,262,1.2412548310075033,1.063970521943198,0.44680371699481886,2.24466511480529,0.14153395681152806,0.0558878065545334
dino,treated-overshoot,in100.dino.s0.e20f.ext,263,1.2306525566209412,1.046349008157469,0.42741322993754943,2.2710125102124414,0.14080710061140803,0.07104262567825038
dino,treated-overshoot,in100.dino.s0.e20f.ext,264,1.2252714308297386,1.03882253676169,0.4292023365358013,2.272154817665876,0.14343517069910844,0.06022351227037084
dino,treated-overshoot,in100.dino.s0.e20f.ext,265,1.2116300035347494,1.0395210903470002,0.42005618163606473,2.2141407132162008,0.139673461986004,0.07513734498043528
dino,treated-overshoot,in100.dino.s0.e20f.ext,266,1.20712352878951,1.0326737655266092,0.4212111581071608,2.2079592715208136,0.13970626359774044,0.0728266107838467
dino,treated-overshoot,in100.dino.s0.e20f.ext,267,1.184074636642912,1.0034958153019795,0.41084911813617636,2.210919734617886,0.143443187209927,0.05535893778252318
dino,treated-overshoot,in100.dino.s0.e20f.ext,268,1.1811790203668715,1.0069203383798024,0.40309485904266673,2.1674190702530005,0.1451501969346027,0.08180804974745375
dino,treated-overshoot,in100.dino.s0.e20f.ext,269,1.1723108065435965,1.00448741631608,0.41038679833355884,2.145344018658387,0.14096090545795564,0.07860969797437944
dino,treated-overshoot,in100.dino.s0.e20f.ext,270,1.1535319489037426,0.9799280348083294,0.39434561669267887,2.110465427187539,0.1426605104315351,0.09578890437077338
dino,treated-overshoot,in100.dino.s0.e20f.ext,271,1.1418402320377872,0.9672464709233479,0.3830924568948669,2.1130382525385243,0.14676214788514338,0.06905750911489157
dino,treated-overshoot,in100.dino.s0.e20f.ext,272,1.1283774134000526,0.9539958231858416,0.3868818820441591,2.060982723341963,0.14437086791172557,0.07322483584336406
dino,treated-overshoot,in100.dino.s0.e20f.ext,273,1.1245317552870815,0.954509920832872,0.3911170421195548,2.0628682612785627,0.14303545622308658,0.08549141620054476
dino,treated-overshoot,in100.dino.s0.e20f.ext,274,1.1156998426007618,0.9473770108552648,0.37249449906906457,2.061479095870375,0.14605021542783658,0.0829075927328039
dino,treated-overshoot,in100.dino.s0.e20f.ext,275,1.1059872833983169,0.9360331789132869,0.3805074807426033,2.0191180139200107,0.1456880015673825,0.07417103106980683
dino,treated-overshoot,in100.dino.s0.e20f.ext,276,1.094184607790874,0.9327949533910251,0.37434558685476427,1.9974373064769646,0.1427319201088976,0.06746565383333604
dino,treated-overshoot,in100.dino.s0.e20f.ext,277,1.0887219100262746,0.9242454916805887,0.37279993713205467,2.003284582250228,0.14214020422506796,0.0751479436760069
dino,treated-overshoot,in100.dino.s0.e20f.ext,278,1.0700349758907393,0.9069064551918893,0.36575424148427665,1.9639158177780558,0.14448579498440897,0.06707702231063185
dino,treated-overshoot,in100.dino.s0.e20f.ext,279,1.056126553637595,0.891978921495518,0.3632903109204134,1.9533849480953822,0.14454148692025087,0.09389787145077648
dino,treated-overshoot,in100.dino.s0.e20f.ext,280,1.048796308051587,0.8976238645736723,0.36090402685704936,1.9149236858221261,0.1439518654815515,0.084514356840277
dino,treated-overshoot,in100.dino.s0.e20f.ext,281,1.0413727307832439,0.8810955657802424,0.3490900575869605,1.9228509330065304,0.14405370385308586,0.09701168404794246
dino,treated-overshoot,in100.dino.s0.e20f.ext,282,1.0323208288167214,0.8801814811144311,0.34825558660911865,1.90119002107239,0.14117866879690286,0.09028633915467366
dino,treated-overshoot,in100.dino.s0.e20f.ext,283,1.028506035269008,0.8753608277007449,0.3481081949279455,1.9031668881919825,0.14345903406602628,0.09006852307708199
dino,treated-overshoot,in100.dino.s0.e20f.ext,284,1.0233939996253845,0.8605755873342571,0.3517850284133438,1.8959446870099952,0.14346969618408426,0.10442787828289792
dino,treated-overshoot,in100.dino.s0.e20f.ext,285,1.0096380125214226,0.8571997862406238,0.3445816743726034,1.862706639821789,0.14288384334296633,0.1025599805877027
dino,treated-overshoot,in100.dino.s0.e20f.ext,286,0.9962570341883799,0.8435698562411023,0.33516312232232454,1.8498013203929773,0.14443379226970168,0.1264860154786442
dino,treated-overshoot,in100.dino.s0.e20f.ext,287,0.9937432989403607,0.8398008548910667,0.33653514820868735,1.8435430259610202,0.14388039398533006,0.10546235997443314
dino,treated-overshoot,in100.dino.s0.e20f.ext,288,0.9835664392764604,0.8165914918737663,0.3237666400755142,1.8456776365998975,0.14804205758499164,0.08035894221566364
dino,treated-overshoot,in100.dino.s0.e20f.ext,289,0.9808418964441047,0.8250883646132825,0.3240114833331754,1.8235256389655758,0.1490435963511652,0.11775552479769816
dino,treated-overshoot,in100.dino.s0.e20f.ext,290,0.96531552366129,0.8064919412857917,0.3279917390688139,1.7745619393973375,0.14683522136427496,0.09038536524965708
dino,treated-overshoot,in100.dino.s0.e20f.ext,291,0.9567390604631724,0.8025728121708702,0.31283575833923327,1.784416899650896,0.14517574388677754,0.09592072358139773
dino,treated-overshoot,in100.dino.s0.e20f.ext,292,0.9485901187105577,0.7935774036757899,0.32549049512713446,1.7675002007482548,0.14568614360417848,0.11440546071964572
dino,treated-overshoot,in100.dino.s0.e20f.ext,293,0.9418152268095893,0.7970111704293227,0.3224761444544457,1.7473461887095532,0.148191042981105,0.11435881997921403
dino,treated-overshoot,in100.dino.s0.e20f.ext,294,0.9286557446877924,0.7856079146906627,0.31417530771683694,1.721375517327197,0.1454861024249431,0.0903795190805706
dino,treated-overshoot,in100.dino.s0.e20f.ext,295,0.9188231922611664,0.7605685115178904,0.3102937236419319,1.7245669289388807,0.1488438783237613,0.10285863489843788
dino,treated-overshoot,in100.dino.s0.e20f.ext,296,0.9137591671273119,0.7645189771126721,0.2984313637384508,1.6960273425550552,0.14972538280158168,0.09134455650938904
dino,treated-overshoot,in100.dino.s0.e20f.ext,297,0.904084977178059,0.758422248631706,0.30859248720236915,1.6775868098302644,0.14656829341531752,0.10328143435135584
dino,treated-overshoot,in100.dino.s0.e20f.ext,298,0.8984043055263398,0.7477594325955407,0.30280021065774765,1.6828210954425304,0.14727076893470523,0.12017284506441755
dino,treated-overshoot,in100.dino.s0.e20f.ext,299,0.8902943296737057,0.7384787087137028,0.29414297084890734,1.685170366204024,0.148951640887295,0.09574110876647651
dino,treated-overshoot,in100.dino.s0.e20f.ext,300,0.886005281236409,0.7409619540634742,0.2955254223044069,1.6657005655731623,0.1480726935007991,0.09150609504411833
dino,treated-overshoot,in100.dino.s0.e20f.ext,301,0.8805589986964475,0.7404874431063591,0.29466232070711806,1.6345942453947953,0.1461273320422579,0.12817295865893205
dino,treated-overshoot,in100.dino.s0.e20f.ext,302,0.8675515003931097,0.7372837422147995,0.2854715123781773,1.6129885691319057,0.14501793581606914,0.1140608644391536
dino,treated-overshoot,in100.dino.s0.e20f.ext,303,0.8594658624495232,0.7185166835738522,0.2891786042678366,1.6168258934091329,0.14647772894306774,0.1065346389118517
dino,treated-overshoot,in100.dino.s0.e20f.ext,304,0.8561328825211069,0.7079039405187286,0.28481441773306015,1.616962975930342,0.1511948145279171,0.10126638698868935
dino,treated-overshoot,in100.dino.s0.e20f.ext,305,0.8422622644190081,0.7103842235197129,0.2853779952908164,1.5779502992564312,0.14606704943860271,0.1152904807442374
dino,treated-overshoot,in100.dino.s0.e20f.ext,306,0.8271687967552265,0.6885193365423756,0.27586373178146106,1.535926680617162,0.1506710486155013,0.1215781863103372
dino,treated-overshoot,in100.dino.s0.e20f.ext,307,0.8232390666647149,0.6897572628789114,0.2683620617451818,1.5483058078799061,0.14684632463838768,0.10448989071122552
dino,treated-overshoot,in100.dino.s0.e20f.ext,308,0.8127509975418569,0.6700628545379311,0.2658649043868988,1.5257381836106623,0.15389938517607568,0.12397936807552211
dino,treated-overshoot,in100.dino.s0.e20f.ext,309,0.8087296903889216,0.6759036043754028,0.26420623418121686,1.5162356250564295,0.15224811601724345,0.09368975085580417
dino,treated-overshoot,in100.dino.s0.e20f.ext,310,0.7990421816563468,0.6602214417897375,0.2590096709600267,1.502385003051725,0.15555210365532712,0.1030237063196885
dino,treated-overshoot,in100.dino.s0.e20f.ext,311,0.7953489213540598,0.6568160201891895,0.26277470782771595,1.4981591357541657,0.15089784813640275,0.16022539379387354
dino,treated-overshoot,in100.dino.s0.e20f.ext,312,0.7890728267363688,0.6669471540646441,0.2619301649138944,1.4701188137858947,0.14594245121605284,0.13000508486159779
dino,treated-overshoot,in100.dino.s0.e20f.ext,313,0.7724127039045573,0.6471280306114978,0.25196317330640755,1.4287547619658874,0.15108927923194704,0.14185882120722848
dino,treated-overshoot,in100.dino.s0.e20f.ext,314,0.7688004970626945,0.6497099355937054,0.25562322471391646,1.4221328039019434,0.1459338227861351,0.18233225867188418
dino,treated-overshoot,in100.dino.s0.e20f.ext,315,0.761708891507745,0.6363343132537025,0.2509563397216911,1.431556536445991,0.14862201212504184,0.1816449554035273
dino,treated-overshoot,in100.dino.s0.e20f.ext,316,0.7473237099488859,0.6285948842185967,0.25300530281834493,1.3880594179496877,0.14963982371815446,0.1418607455796676
dino,treated-overshoot,in100.dino.s0.e20f.ext,317,0.7413471708651908,0.6221147742568034,0.24396342168895188,1.3908207023485177,0.14876332848327653,0.1305504711888335
dino,treated-overshoot,in100.dino.s0.e20f.ext,318,0.7346528141677788,0.614793595069665,0.2374126167867379,1.3888815446642548,0.14995896780639398,0.15630595482867177
dino,treated-overshoot,in100.dino.s0.e20f.ext,319,0.7197809830008558,0.6011477208148097,0.2347198742621423,1.3571514695028388,0.15012436335484786,0.13921924124424095
dino,treated-overshoot,in100.dino.s0.e20f.ext,320,0.7163421693403701,0.5983033276140195,0.23952423870126474,1.3336177898848751,0.14859172333587933,0.14529302695890847
dino,treated-overshoot,in100.dino.s0.e20f.ext,321,0.7045256854529864,0.5842964409426152,0.22577921102630108,1.3289278107569278,0.15172038847388405,0.15903786407318965
dino,treated-overshoot,in100.dino.s0.e20f.ext,322,0.6959779505577046,0.578262648475846,0.22856583401565592,1.3074820962478828,0.15180727173130604,0.20179947834826048
dino,treated-overshoot,in100.dino.s0.e20f.ext,323,0.6944913310901476,0.5752364414843594,0.2240274749329507,1.312696012322972,0.15242781006872785,0.1796963560035908
dino,treated-overshoot,in100.dino.s0.e20f.ext,324,0.690028863261885,0.5695917975898545,0.22122298535380433,1.303165086705664,0.15284938394970102,0.15622608774578806
dino,treated-overshoot,in100.dino.s0.e20f.ext,325,0.6771540164871013,0.5571553419237374,0.2156287530264466,1.2689267782282934,0.15628992608833445,0.1697812223798257
dino,treated-overshoot,in100.dino.s0.e20f.ext,326,0.6757849371036089,0.5552678415335874,0.21626975482514565,1.2543840551960788,0.15820179917269137,0.1595485895279307
dino,treated-overshoot,in100.dino.s0.e20f.ext,327,0.6601696064881515,0.5448689849982231,0.21217162612632784,1.237944521601795,0.15590684537801022,0.16692905662725863
dino,treated-overshoot,in100.dino.s0.e20f.ext,328,0.649745980864164,0.5298959161566128,0.208486399993211,1.2407283816443562,0.15235881517020583,0.22589443007894774
dino,treated-overshoot,in100.dino.s0.e20f.ext,329,0.6460901358746393,0.5379103970135057,0.21065274237669507,1.203616837540657,0.15113646328900804,0.17738883194541508
dino,treated-overshoot,in100.dino.s0.e20f.ext,330,0.6373716727069477,0.5206890105149573,0.19814112970651523,1.223383481443665,0.1557964316515616,0.1982788870578272
dino,treated-overshoot,in100.dino.s0.e20f.ext,331,0.6325389458468627,0.513971207213014,0.1928011152283992,1.2108754351014224,0.15967194152315514,0.1703062349361383
dino,treated-overshoot,in100.dino.s0.e20f.ext,332,0.6295767656819513,0.5192476440965303,0.20061441711130013,1.1995538016141405,0.15223162678748,0.16725107734757294
dino,treated-overshoot,in100.dino.s0.e20f.ext,333,0.6189482993904979,0.5125980740841876,0.19416973797383788,1.1740801069131765,0.151884743548859,0.13646722509110132
dino,treated-overshoot,in100.dino.s0.e20f.ext,334,0.6040970484863021,0.4884536440163181,0.18058708357997058,1.1652726020290152,0.1603333277634469,0.16456863656163193
dino,treated-overshoot,in100.dino.s0.e20f.ext,335,0.5926546931430755,0.48783970788972864,0.18528390624701838,1.1204888149060321,0.1537154694520462,0.20502122818244822
dino,treated-overshoot,in100.dino.s0.e20f.ext,336,0.5887561146450329,0.4771688817437542,0.18509875758196098,1.1181027592736348,0.15884426386558714,0.2072329197721696
dino,treated-overshoot,in100.dino.s0.e20f.ext,337,0.5879483963348274,0.47783054243308,0.17909747256363726,1.1297866043961682,0.1575339202708867,0.20255627372371404
dino,treated-overshoot,in100.dino.s0.e20f.ext,338,0.5766391184747409,0.46753125786459393,0.17769682056561076,1.1042255983530946,0.16049045817557867,0.21396913680557264
dino,treated-overshoot,in100.dino.s0.e20f.ext,339,0.5568519922763252,0.4506087446756232,0.17515781823315893,1.0686100826195704,0.1565163814088305,0.19839323302788814
dino,treated-overshoot,in100.dino.s0.e20f.ext,340,0.5553550255098024,0.4540544424363395,0.17489572730337766,1.0494575487157625,0.15897303135571947,0.25000306244793963
dino,treated-overshoot,in100.dino.s0.e20f.ext,341,0.5496325700124658,0.4513699397698372,0.17157597727866733,1.0468573073031027,0.15435024292916338,0.27246810259240467
dino,treated-overshoot,in100.dino.s0.e20f.ext,342,0.5470179613877142,0.4417514932560773,0.16526070452072,1.0587234219169712,0.15986285315272739,0.2265316790630247
dino,treated-overshoot,in100.dino.s0.e20f.ext,343,0.5302862320963203,0.42688865954272887,0.16457736427098496,1.0108392161214546,0.16266688489936615,0.22964187340175066
dino,treated-overshoot,in100.dino.s0.e20f.ext,344,0.5236874863579708,0.42335851815744124,0.1557893953359647,1.006512301448696,0.16149011804533617,0.21743803510688894
dino,treated-overshoot,in100.dino.s0.e20f.ext,345,0.5157772045768981,0.42001329012632427,0.1585599571152773,0.9887072236328571,0.1575145806085154,0.24226343589017924
dino,treated-overshoot,in100.dino.s0.e20f.ext,346,0.5067583299523989,0.4085936757618468,0.15465712964019662,0.9825033862949318,0.16447329284377862,0.22268382738908168
dino,treated-overshoot,in100.dino.s0.e20f.ext,347,0.5016906486182473,0.40607475091290446,0.14717561782701127,0.9785474190612324,0.1609306958105379,0.24000006587764083
dino,treated-overshoot,in100.dino.s0.e20f.ext,348,0.4943278609575635,0.4115627610324277,0.1533774892747708,0.9414865322336815,0.15201725783731168,0.24775795324424166
dino,treated-overshoot,in100.dino.s0.e20f.ext,349,0.4836674485652727,0.38265319893818495,0.14446151473462568,0.9357608305708112,0.16584686677396923,0.22766798530190469
dino,treated-overshoot,in100.dino.s0.e20f.ext,350,0.4789155652545008,0.3859126925883152,0.14552214486403794,0.9208865868077363,0.1594366959473546,0.24957431621698606
dino,treated-overshoot,in100.dino.s0.e20f.ext,351,0.4665344582532931,0.37349783842538287,0.14347005721219913,0.9008078347334082,0.16232993059389786,0.31837457643134903
dino,treated-overshoot,in100.dino.s0.e20f.ext,352,0.4525448252242675,0.3679799543790456,0.1386490452193752,0.866114191917647,0.15833699409722657,0.2608513467536948
dino,treated-overshoot,in100.dino.s0.e20f.ext,353,0.4386237302035025,0.3524119954917434,0.12591893967118853,0.8491763010281385,0.16637728434573748,0.26626864781553716
dino,treated-overshoot,in100.dino.s0.e20f.ext,354,0.4379909327873879,0.3527648108401194,0.1320577989970276,0.8421950295566331,0.16381187028609356,0.3262973589402344
dino,treated-overshoot,in100.dino.s0.e20f.ext,355,0.42552601933581397,0.3348761125826646,0.12264911967266139,0.8329715674135677,0.16932878853998648,0.31257578622472026
dino,treated-overshoot,in100.dino.s0.e20f.ext,356,0.4118141480502495,0.3280933313002776,0.12106553692854143,0.8012530381597535,0.16425404308892683,0.2632708884284801
dino,treated-overshoot,in100.dino.s0.e20f.ext,357,0.4088870638875176,0.3301983973018899,0.12361328995371329,0.7861828239201399,0.1608262630795454,0.33316634544899587
dino,treated-overshoot,in100.dino.s0.e20f.ext,358,0.4059472821347317,0.32303789732800015,0.11855740106202088,0.7821917158782061,0.16414359503436307,0.28528332133258805
dino,treated-overshoot,in100.dino.s0.e20f.ext,359,0.3870784542909454,0.3116982407643709,0.1165479781723914,0.7493133219552167,0.16126620584037904,0.3035812127911891
dino,treated-overshoot,in100.dino.s0.e20f.ext,360,0.3756808445149443,0.302978174581793,0.11225709796289969,0.7226497690571827,0.16068671216022795,0.3646329181734718
dino,treated-overshoot,in100.dino.s0.e20f.ext,361,0.36976192770401606,0.2943051828194184,0.11042337353134385,0.7084453736077293,0.1680486223103507,0.35252087061954135
dino,treated-overshoot,in100.dino.s0.e20f.ext,362,0.36107563010080185,0.28157468178085543,0.10355802461302135,0.7135811182430367,0.1694907746849597,0.3463541421489517
dino,treated-overshoot,in100.dino.s0.e20f.ext,363,0.3558281558021752,0.2760445421387552,0.1028052652663752,0.6996135646979428,0.17650723083852948,0.41529759469252636
dino,treated-overshoot,in100.dino.s0.e20f.ext,364,0.3532058897002091,0.2754739217267004,0.10099599517981091,0.6968673742974199,0.1699009434013602,0.28559082269604
dino,treated-overshoot,in100.dino.s0.e20f.ext,365,0.3469700088433691,0.2710395917233769,0.10009207969067228,0.6801658730010466,0.1694966343093624,0.3903424147510778
dino,treated-overshoot,in100.dino.s0.e20f.ext,366,0.33865405503996876,0.26662499858004396,0.09474979903403893,0.6641093899072498,0.1685630260012432,0.37335344037038815
dino,treated-overshoot,in100.dino.s0.e20f.ext,367,0.324021533430181,0.25107750894235803,0.0885357445580948,0.6357679991921775,0.17763219105806752,0.2897851113912933
dino,treated-overshoot,in100.dino.s0.e20f.ext,368,0.306688989629532,0.24404776432085817,0.08933077539304016,0.6003920617469978,0.16571517638486125,0.33853998975973637
dino,treated-overshoot,in100.dino.s0.e20f.ext,369,0.30204426356326464,0.23568708163839458,0.08483313913661586,0.5972984865554947,0.17253997770246463,0.29727746922503245
dino,treated-overshoot,in100.dino.s0.e20f.ext,370,0.2957713499514591,0.2343892341047726,0.08333762196941571,0.5860239747448053,0.17083167108068228,0.3344877653502229
dino,treated-overshoot,in100.dino.s0.e20f.ext,371,0.28681275034049286,0.22232367071094034,0.08046332504218144,0.5724390240233439,0.1715363236358855,0.39083516503466165
dino,treated-overshoot,in100.dino.s0.e20f.ext,372,0.26405934752610316,0.20697770143721206,0.07565932846998079,0.5182193097352361,0.17073842025609315,0.2909605219996805
dino,treated-overshoot,in100.dino.s0.e20f.ext,373,0.2602137534508591,0.20263379743819454,0.07227925147182658,0.515396157948264,0.17678784018185295,0.4403897989199192
dino,treated-overshoot,in100.dino.s0.e20f.ext,374,0.24055893616291027,0.18216960517906255,0.06432097067667343,0.4791813362930255,0.18303010951438026,0.3686867673646381
dino,treated-overshoot,in100.dino.s0.e20f.ext,375,0.23159629225458134,0.1768531855119248,0.06153470111455062,0.4613625572802977,0.17860340865736524,0.28473583493321397
dino,treated-overshoot,in100.dino.s0.e20f.ext,376,0.20855206823103814,0.15531906028359738,0.05483636867555058,0.4238481128095954,0.18525458016660187,0.3289860403252511
dino,treated-overshoot,in100.dino.s0.e20f.ext,377,0.17614059446036107,0.1291997817788016,0.045541015113481506,0.3647272508559655,0.1950660633882678,0.7202418751373979
dino,treated-overshoot,in100.dino.s0.e20f.ext,378,0.1531936894411012,0.11708968029961328,0.041595862365322006,0.3052947105014024,0.18255722374817038,0.3662389860171629
dino,treated-overshoot,in100.dino.s0.e20f.ext,379,0.11291073905962687,0.08736957900678638,0.0319835358510185,0.22068866073421364,0.18206132269832875,0.6809124062064814
lejepa,control,in100.lejepa.s0.ext,0,4.329610009394248,3.328917566649853,1.0540196709615473,8.756739106506446,0.17582439623871737,0.07344761998320708
lejepa,control,in100.lejepa.s0.ext,1,3.667846267066125,3.079916996630684,1.0413307538218834,7.129320953373279,0.14503138609791888,0.07686528152360758
lejepa,control,in100.lejepa.s0.ext,2,2.81059333931451,2.371179401032961,0.8857558661208348,5.22232013779691,0.1459342405454818,0.08504954294149361
lejepa,control,in100.lejepa.s0.ext,3,2.4031933806504915,1.4713479327397407,0.46524354760070225,4.852191324035983,0.2781619580404861,0.07062247097342478
lejepa,control,in100.lejepa.s0.ext,4,2.088320315284955,1.6750364390928885,0.6175580381753614,4.043872451372902,0.1646923796787206,0.07640376234785347
lejepa,control,in100.lejepa.s0.ext,5,2.0220913752663052,1.5643498565221674,0.5655483475825074,3.966444819388413,0.17488903626485586,0.060795977982971594
lejepa,control,in100.lejepa.s0.ext,6,1.926534077732942,1.4278387650301871,0.44454298686122534,3.9987764481594192,0.18444621741321446,0.04898666036485411
lejepa,control,in100.lejepa.s0.ext,7,1.6609927325654275,1.2844468065999124,0.44199243065112265,3.2957700091512194,0.18178299778281604,0.05647297868803159
lejepa,control,in100.lejepa.s0.ext,8,1.600247858787229,1.2532270398292216,0.42681432186232876,3.1816088302051146,0.16990000918621492,0.07828623693102112
lejepa,control,in100.lejepa.s0.ext,9,1.5470535530448752,1.21310295595454,0.4283027761030141,3.0732877053687777,0.16861578855253745,0.07114552636448351
lejepa,control,in100.lejepa.s0.ext,10,1.5257097590714135,1.22842308608693,0.4280730850987344,2.9506568127227215,0.1609626639253533,0.06525414280452708
lejepa,control,in100.lejepa.s0.ext,11,1.4585128748328464,1.1247549159517622,0.3996003548434908,2.878575026410414,0.17622776062595324,0.05578994201644386
lejepa,control,in100.lejepa.s0.ext,12,1.395749603472354,1.0917457315325398,0.3769110902990588,2.7608887009616883,0.1749743804030411,0.061553809942172535
lejepa,control,in100.lejepa.s0.ext,13,1.3205623004732863,1.0300720244513046,0.355108621826827,2.6560744455015524,0.17199343636169356,0.06297090461170776
lejepa,control,in100.lejepa.s0.ext,14,1.3009976422670664,1.0331109853588354,0.3634779646183747,2.5495975591767808,0.16707556517490033,0.08973926322644302
lejepa,control,in100.lejepa.s0.ext,15,1.2836997599994664,1.003019100909353,0.3413002096965158,2.575166803064664,0.16835256727434328,0.0703791410709777
lejepa,control,in100.lejepa.s0.ext,16,1.2218606781864447,0.9544146596458298,0.3339624838358866,2.433131702876349,0.1701917995747774,0.07718702454298336
lejepa,control,in100.lejepa.s0.ext,17,1.2032184430125108,0.9380215405445624,0.3268947404768313,2.4034803643476232,0.17147959693787312,0.07911317309202683
lejepa,control,in100.lejepa.s0.ext,18,1.1806068965930578,0.9239376707432226,0.31233532052422,2.376383161380752,0.17117036090885795,0.08186144965184967
lejepa,control,in100.lejepa.s0.ext,19,1.1436013683210746,0.90323255947408,0.31404625217819243,2.278050689234828,0.1683993583939126,0.07743322510557635
lejepa,control,in100.lejepa.s0.ext,20,1.1254051835732328,0.885701146700457,0.29682086949146763,2.2201572724220253,0.17376497514214814,0.07906173854894039
lejepa,control,in100.lejepa.s0.ext,21,1.0906646979282186,0.858651049255875,0.30240109250285024,2.1582359318264133,0.1688498301926187,0.08918656874132354
lejepa,control,in100.lejepa.s0.ext,22,1.0791765325453508,0.8441532581014182,0.2896163994238998,2.155300856417028,0.17040063652166854,0.07579726304405426
lejepa,control,in100.lejepa.s0.ext,23,1.0755021172972516,0.8394882031113359,0.2909552543151962,2.152508283779931,0.16930884523427192,0.0781178002240338
lejepa,control,in100.lejepa.s0.ext,24,1.0105244944783038,0.7949941085253791,0.2625906800318273,2.0115419254691913,0.16736272836964833,0.10355688432664287
lejepa,control,in100.lejepa.s0.ext,25,0.9912125815258228,0.7725947498783661,0.2657391462072448,1.9868740875312507,0.17145989531035488,0.08845430006258584
lejepa,control,in100.lejepa.s0.ext,26,0.9654448743979732,0.7709724203115431,0.2653987808301592,1.901946179235544,0.16573917536376437,0.10959341412529047
lejepa,control,in100.lejepa.s0.ext,27,0.9432005122065751,0.7492589696929255,0.25951327205358093,1.875142605187093,0.16738691701021982,0.11692779982117713
lejepa,control,in100.lejepa.s0.ext,28,0.926089204090335,0.7329328809510394,0.25509272148706313,1.8220805500856632,0.17067926864813665,0.12990400679196254
lejepa,control,in100.lejepa.s0.ext,29,0.9078532340391317,0.719194819734287,0.2444135438342607,1.7969125392538507,0.16580631716317645,0.08912704410247338
lejepa,control,in100.lejepa.s0.ext,30,0.883086495152686,0.6947537416564702,0.2401600318776239,1.711326918563754,0.17750129881975632,0.12951700054609155
lejepa,control,in100.lejepa.s0.ext,31,0.8697722873574828,0.6813078757347593,0.22750542002516969,1.726815943624394,0.17392678163123362,0.12026269598165105
lejepa,control,in100.lejepa.s0.ext,32,0.8557609498339873,0.6694278154745326,0.2287582838290031,1.6928697320685966,0.17096660847227899,0.09742347553249854
lejepa,control,in100.lejepa.s0.ext,33,0.8308429560289515,0.6474426474953938,0.22273407461667877,1.6520324227036816,0.17398791162908717,0.11922974215976997
lejepa,control,in100.lejepa.s0.ext,34,0.8171183339028102,0.6351169603980814,0.21556018485272307,1.6179986929697159,0.1723754990525925,0.1361437027121639
lejepa,control,in100.lejepa.s0.ext,35,0.786196426407865,0.606667034712286,0.20484778071518295,1.5898044635477546,0.17592749755088513,0.11338995735607477
lejepa,control,in100.lejepa.s0.ext,36,0.7635668291698701,0.5897888427605933,0.1997087380797056,1.5304072790076184,0.17333800030787033,0.1277272928846708
lejepa,control,in100.lejepa.s0.ext,37,0.7563677240444594,0.5944636294718132,0.20879226428240333,1.495084790960624,0.17047726250363465,0.12667494819958267
lejepa,control,in100.lejepa.s0.ext,38,0.7279761298343999,0.5714142663510393,0.19606799816016734,1.4407916662600946,0.1695171929134364,0.11564612902480859
lejepa,control,in100.lejepa.s0.ext,39,0.7263976640328647,0.5570636073955929,0.18850585706554543,1.4597307022083763,0.17633976022300116,0.13961210791339398
lejepa,control,in100.lejepa.s0.ext,40,0.7131177096727328,0.5538415852589802,0.18724599149808233,1.4311443605298826,0.17377988841604392,0.1433165053170233
lejepa,control,in100.lejepa.s0.ext,41,0.6786980136277153,0.5282998695375689,0.17973491885168888,1.3465199024565737,0.1742454001750739,0.1654475425559946
lejepa,control,in100.lejepa.s0.ext,42,0.6763061306507105,0.5305471797461017,0.1795982637429467,1.3397345585856766,0.16990878272855933,0.1417970799455978
lejepa,control,in100.lejepa.s0.ext,43,0.6591956053035339,0.5071499743814603,0.17449207492558086,1.3230967219947296,0.1726160456185184,0.12288299284693634
lejepa,control,in100.lejepa.s0.ext,44,0.6342296299143474,0.4943322037805047,0.1679729504347205,1.246491789001208,0.17345524587505043,0.11227549313356101
lejepa,control,in100.lejepa.s0.ext,45,0.625783427229527,0.48370197507187157,0.17375543355915404,1.2470586260997842,0.1722507997817693,0.20248710290604646
lejepa,control,in100.lejepa.s0.ext,46,0.610037030371319,0.47421822275288883,0.16890475379196912,1.2034093024718127,0.17089770736532964,0.21526092646255557
lejepa,control,in100.lejepa.s0.ext,47,0.5996403256826937,0.4545439076880383,0.1509583124252651,1.2257140150195982,0.18143768622916748,0.12212692803399178
lejepa,control,in100.lejepa.s0.ext,48,0.5885342700844401,0.44701867965146924,0.15002228114215496,1.1852720117515592,0.17742876788372838,0.12258042751986364
lejepa,control,in100.lejepa.s0.ext,49,0.5723419587448497,0.434712858616486,0.14863759950522515,1.1453279520686837,0.1780138977274512,0.19133410369211246
lejepa,control,in100.lejepa.s0.ext,50,0.5663845510609132,0.43278242635636754,0.14540983516697778,1.1470205622623932,0.1765780937965151,0.20533681898188041
lejepa,control,in100.lejepa.s0.ext,51,0.5535378591043917,0.4308982872116357,0.14347199344019337,1.100975352741126,0.17800477899303643,0.18015536931539472
lejepa,control,in100.lejepa.s0.ext,52,0.5388332744622188,0.4156600251041296,0.13871323009640035,1.0938958510756105,0.17227577160599614,0.15381272371900023
lejepa,control,in100.lejepa.s0.ext,53,0.5252565405104116,0.4059531578430601,0.14004745648157085,1.0401594710038433,0.1813966285595348,0.19708371801245178
lejepa,control,in100.lejepa.s0.ext,54,0.5038288383809241,0.3873653210884691,0.13564954818694522,1.0223848434370548,0.17458886176564326,0.24089487147268898
lejepa,control,in100.lejepa.s0.ext,55,0.4917724846925564,0.3795515824375698,0.12988040339522486,0.9733717489108041,0.1785119301116192,0.21530888874157492
lejepa,control,in100.lejepa.s0.ext,56,0.4701663805785873,0.35991321481588073,0.12159272581795096,0.9535167412608492,0.17731611009478598,0.26131022414965516
lejepa,control,in100.lejepa.s0.ext,57,0.44809165459469547,0.34515497084947566,0.1156280767249326,0.912523360319757,0.17672570834576437,0.2480850372932124
lejepa,control,in100.lejepa.s0.ext,58,0.42737039644167846,0.3342138523633028,0.11443489136078241,0.8502413490255779,0.17293858802411471,0.27658084669091293
lejepa,control,in100.lejepa.s0.ext,59,0.41642508690800795,0.32711134159534905,0.10909745373466488,0.8314990257473878,0.1715604359135049,0.31680085852330847
lejepa,control,in100.lejepa.s0.ext,60,0.397549300775009,0.3002844837395904,0.10040755378688572,0.8083194754576722,0.18392537318629507,0.24077046460924226
lejepa,control,in100.lejepa.s0.ext,61,0.38646838016520546,0.3001964965803501,0.1019475221742861,0.7748052723902207,0.17261173848043704,0.26955479418299405
lejepa,control,in100.lejepa.s0.ext,62,0.3557346681086505,0.26825538128638365,0.0883724738942497,0.7289801979432841,0.17944596633863386,0.2927947460734567
lejepa,control,in100.lejepa.s0.ext,63,0.324805606102298,0.24356671779149391,0.07991899564761563,0.6631947254778928,0.18410935585386864,0.314098745600828
lejepa,control,in100.lejepa.s0.ext,64,0.30789662814779556,0.22559139909531817,0.07216784432971342,0.6343282068867853,0.19030144005870933,0.27978902249284016
lejepa,control,in100.lejepa.s0.ext,65,0.30310406460778494,0.22524586130710747,0.07691993774561141,0.6178578485372989,0.1947025173847521,0.30760494356940443
lejepa,control,in100.lejepa.s0.ext,66,0.27602675643098057,0.20729855113638956,0.06903209814935861,0.5549696703110406,0.18930522952098158,0.37067781982409387
lejepa,control,in100.lejepa.s0.ext,67,0.25596309557774033,0.18924274016008477,0.06263371293811049,0.5213092010800184,0.19088404748960214,0.3616537955483192
lejepa,control,in100.lejepa.s0.ext,68,0.24035173543512378,0.173116489995742,0.054107329871019794,0.5019101158660881,0.20241726493769713,0.35430722073042803
lejepa,control,in100.lejepa.s0.ext,69,0.209621303220585,0.14940269398909145,0.04641081288938125,0.43778648815447024,0.20341840924684398,0.3552444573364305
lejepa,control,in100.lejepa.s0.ext,70,0.2041951102058118,0.14397054066718235,0.045113751437586495,0.42531635982796895,0.21066108698480407,0.3248011050701279
lejepa,control,in100.lejepa.s0.ext,71,0.19364238615687787,0.1365290168132752,0.04303695493396031,0.40360563058738785,0.2130179845612558,0.4220488552298378
lejepa,control,in100.lejepa.s0.ext,72,0.1892208239662395,0.13118931334860162,0.041210225693146724,0.3930036677973344,0.217452834124223,0.4624628118694932
lejepa,control,in100.lejepa.s0.ext,73,0.16446041564034375,0.11416492852906547,0.03478066557750858,0.3472803345793954,0.21644713125287585,0.4334496277892273
lejepa,control,in100.lejepa.s0.ext,74,0.1634986183009786,0.10657484037266693,0.03432462989546344,0.3440045531271608,0.23837354269931985,0.45783941920939447
lejepa,control,in100.lejepa.s0.ext,75,0.15887924651949403,0.10887876406192576,0.032243854285233416,0.3413078581500634,0.21409858826809247,0.4149920810382957
lejepa,control,in100.lejepa.s0.ext,76,0.15057498623225632,0.10067240591550713,0.03132866019824334,0.31224042892942755,0.23310061545898667,0.48301876775819363
lejepa,control,in100.lejepa.s0.ext,77,0.1482984782586218,0.10446645488429826,0.033498990317035036,0.3057731902572191,0.2123383790364028,0.39674657999709395
lejepa,control,in100.lejepa.s0.ext,78,0.13653883332558128,0.09040680146718845,0.02845936493172465,0.27768355789932453,0.24234405312483145,0.46097938653091314
lejepa,control,in100.lejepa.s0.ext,79,0.12982833908985342,0.0863669896217691,0.02645487737370678,0.27455942163728453,0.2332913628822412,0.49386023332139445
lejepa,control,in100.lejepa.s0.ext,80,0.11989218675024389,0.07968786526815394,0.02365879149646872,0.2574227557602779,0.22532857093833303,0.4361231736117577
lejepa,control,in100.lejepa.s0.ext,81,0.11620536297837236,0.07642214893158494,0.022489317685694597,0.24353111872130223,0.23772635731865133,0.41070702544856763
lejepa,control,in100.lejepa.s0.ext,82,0.11501792222779998,0.07322269898296169,0.02124700119762443,0.25403503963111634,0.23607852088320944,0.42339690440654515
lejepa,control,in100.lejepa.s0.ext,83,0.10525945708530683,0.06905712314466958,0.019889006324408983,0.2232464851662429,0.23710046231941065,0.4737806463777816
lejepa,control,in100.lejepa.s0.ext,84,0.10325079039677461,0.06634380787506955,0.020495137337957738,0.21459487402169136,0.2508180877777783,0.5906843449870572
lejepa,control,in100.lejepa.s0.ext,85,0.09676862546160116,0.06377378965340219,0.019361043336167044,0.2053375060826702,0.2290622015260494,0.5595142818691354
lejepa,control,in100.lejepa.s0.ext,86,0.08723766658349637,0.05362007220575924,0.01670242222204307,0.1811481725633477,0.2732590269068867,0.5092156143233528
lejepa,control,in100.lejepa.s0.ext,87,0.08441136554766204,0.0534791611955337,0.015772302693312645,0.17939843593703914,0.2479392042283985,0.6423966666030073
lejepa,control,in100.lejepa.s0.ext,88,0.0826215237156259,0.04873844554296282,0.014196403877993896,0.1700635531416181,0.2904027957439809,0.6356205589843175
lejepa,control,in100.lejepa.s0.ext,89,0.07586773305611547,0.04506282211442475,0.013463361106073275,0.15876504208330053,0.28384863997864945,0.7088859887771065
lejepa,control,in100.lejepa.s0.ext,90,0.06872631395056907,0.03089880506151481,0.009278996965200292,0.10098670634481134,0.47618899667748765,0.6054967416335528
lejepa,control,in100.lejepa.s0.ext,91,0.05821998778579283,0.02936645323332575,0.007815384286408742,0.11655638450816394,0.3553050538619344,0.7111820722459586
lejepa,control,in100.lejepa.s0.ext,92,0.05280569148829682,0.02942650576808475,0.007468138452803027,0.12090997584952598,0.2751693417432688,0.7990160572787527
lejepa,control,in100.lejepa.s0.ext,93,0.0362096934511973,0.020865687804725308,0.0052665792643988504,0.0822376709554211,0.27018676403476977,0.799257094431381
lejepa,treated,in100.lejepa.s0.e20f.ext,0,25.73021087930702,12.310899329425766,3.0709421597940723,58.17707903698826,0.34262307256702557,0.06589732914648817
lejepa,treated,in100.lejepa.s0.e20f.ext,1,19.05259143537862,13.15465393818801,3.397241270378894,43.01936400730192,0.18893556167649678,0.04333165433637357
lejepa,treated,in100.lejepa.s0.e20f.ext,2,16.80929536313588,12.141724992733886,2.978371322220294,36.309814195980685,0.19318079801092405,0.05963250941777009
lejepa,treated,in100.lejepa.s0.e20f.ext,3,15.014785302715708,12.623504173187673,4.008329932965778,28.829372757103464,0.15122074014716425,0.05364846032653573
lejepa,treated,in100.lejepa.s0.e20f.ext,4,12.325235516296852,10.339265907680167,3.4202108243629805,23.932754235203557,0.15292166141867278,0.0319794214911163
lejepa,treated,in100.lejepa.s0.e20f.ext,5,10.889714763972183,9.179211393274526,3.153843039674009,20.734054806415656,0.14414019212237955,0.033936615337578156
lejepa,treated,in100.lejepa.s0.e20f.ext,6,10.18466787857141,8.324964297734489,2.6106122824755396,19.694972855634937,0.15834058341930943,0.03449033630676301
lejepa,treated,in100.lejepa.s0.e20f.ext,7,9.10240506119526,7.5343837073674385,2.370985524319826,17.80207182505129,0.15463238654295058,0.044159614256323
lejepa,treated,in100.lejepa.s0.e20f.ext,8,8.42597734904813,6.372076050986081,2.0179392595349768,16.988304479037684,0.18813158641956787,0.0353916220360892
lejepa,treated,in100.lejepa.s0.e20f.ext,9,7.32678816875963,5.338504306125181,1.6420766630727786,14.739970298083232,0.2127308481439282,0.043373056777942835
lejepa,treated,in100.lejepa.s0.e20f.ext,10,6.387049637634702,5.159268835785553,1.6397376688034266,12.859063132810915,0.1581248735530985,0.052448092781200016
lejepa,treated,in100.lejepa.s0.e20f.ext,11,5.812040315725431,4.2086285152929666,1.2084318086741404,12.401321178137305,0.19247788635794977,0.04018552312750523
lejepa,treated,in100.lejepa.s0.e20f.ext,12,5.359185352977393,4.364515246337044,1.3760542985332649,10.63416513853582,0.1600201502277116,0.035150790006703764
lejepa,treated,in100.lejepa.s0.e20f.ext,13,5.2065582590985615,4.225864393033719,1.3441260125737686,10.276462525192809,0.16062307730590875,0.032744495339942004
lejepa,treated,in100.lejepa.s0.e20f.ext,14,4.637443198405819,3.689900975377232,1.2407158792508075,9.142941723966056,0.1648257545348371,0.031459619912463606
lejepa,treated,in100.lejepa.s0.e20f.ext,15,4.211492892352488,3.2694776490116926,1.0785027854597746,8.398619390719242,0.17637410724828062,0.02955426411333365
lejepa,treated,in100.lejepa.s0.e20f.ext,16,4.02916551425457,3.2086107138717104,1.0288534389061457,8.031473394134322,0.16037830859085156,0.02426859425768887
lejepa,treated,in100.lejepa.s0.e20f.ext,17,3.892243617194616,3.1596660312585363,1.0270795140949058,7.667535160508654,0.16463830674856383,0.026312327383602608
lejepa,treated,in100.lejepa.s0.e20f.ext,18,3.691100175932675,2.981052484006102,0.9405838070359255,7.314084776431021,0.15953255888204562,0.026335813940999993
lejepa,treated,in100.lejepa.s0.e20f.ext,19,3.5850509386180605,2.86072143008942,0.9054452679562565,7.110371232080577,0.1697607719687568,0.02380857964485356
lejepa,treated,in100.lejepa.s0.e20f.ext,20,3.483325232722751,2.7599091451510813,0.9293023956824211,6.854235637360956,0.1740854572742134,0.026474817762125586
lejepa,treated,in100.lejepa.s0.e20f.ext,21,3.4026889543579806,2.7458689350261904,0.9000317242814604,6.7322564753580885,0.16038290331850885,0.024606348032001055
lejepa,treated,in100.lejepa.s0.e20f.ext,22,3.3402874732927343,2.678691906242107,0.8686717235829101,6.61615975411719,0.16421599649550603,0.02515405867846653
lejepa,treated,in100.lejepa.s0.e20f.ext,23,3.2966786448055863,2.6787791695357015,0.8842627714992491,6.45226504924242,0.1577857123753597,0.03088744125101376
lejepa,treated,in100.lejepa.s0.e20f.ext,24,3.2671903001619427,2.6444229998631594,0.8776974596841866,6.383316081666628,0.16243017185800718,0.019976215134921933
lejepa,treated,in100.lejepa.s0.e20f.ext,25,3.189238939364679,2.6377201186026813,0.8755426285914392,6.121238830140081,0.15755472619011032,0.03148229306963227
lejepa,treated,in100.lejepa.s0.e20f.ext,26,3.1249925336643245,2.5325874012636915,0.8275100656356382,6.113774109378261,0.1623490751190021,0.024416765278759852
lejepa,treated,in100.lejepa.s0.e20f.ext,27,3.0769668580896226,2.4819357456291504,0.7932353883631197,6.109242024639175,0.16086987069410122,0.023790983667538654
lejepa,treated,in100.lejepa.s0.e20f.ext,28,3.029729774795093,2.4156875817426453,0.7626649939906349,6.010854202526703,0.16855462844739472,0.02065175442489168
lejepa,treated,in100.lejepa.s0.e20f.ext,29,2.9743919273642625,2.2970331112531897,0.735636282112681,6.0254767683777875,0.17515294021398706,0.01900774735168502
lejepa,treated,in100.lejepa.s0.e20f.ext,30,2.9223731278732434,2.345309010501249,0.793829268602368,5.771841622765321,0.16173439257390035,0.020171121255841272
lejepa,treated,in100.lejepa.s0.e20f.ext,31,2.8932172130294975,2.3361938288954907,0.7737848470279232,5.760136776576952,0.16034537357864492,0.02620215098384808
lejepa,treated,in100.lejepa.s0.e20f.ext,32,2.8595015891401543,2.3218544463073494,0.7396213096936539,5.664305292390024,0.1591523654908496,0.02582307788765616
lejepa,treated,in100.lejepa.s0.e20f.ext,33,2.852341737759155,2.325717693828744,0.7467398087544598,5.622700727553937,0.15984163601720255,0.02467463506037413
lejepa,treated,in100.lejepa.s0.e20f.ext,34,2.77957025458088,2.2244508946602295,0.719932683660338,5.561351789427784,0.16487726862144708,0.02353562222353051
lejepa,treated,in100.lejepa.s0.e20f.ext,35,2.7480424007652826,2.2040534002652974,0.7250706444912626,5.44559584948796,0.16578035927563775,0.030006410121523937
lejepa,treated,in100.lejepa.s0.e20f.ext,36,2.728052078156659,2.1736532339314825,0.7207131244682158,5.429195429134874,0.1613126527725165,0.0254541647609032
lejepa,treated,in100.lejepa.s0.e20f.ext,37,2.691065624314489,2.1796750063145858,0.7222153583933716,5.305460072741446,0.1582740126873348,0.023310716775586472
lejepa,treated,in100.lejepa.s0.e20f.ext,38,2.650344912062391,2.139528391515394,0.6871601320007417,5.2553233976940845,0.16262512759432496,0.01931957236915202
lejepa,treated,in100.lejepa.s0.e20f.ext,39,2.6409086657728573,2.1220111332488174,0.719259361454945,5.209558050279639,0.15999721925503768,0.029131514225640958
lejepa,treated,in100.lejepa.s0.e20f.ext,40,2.5574363614951015,2.0724852887988057,0.6698279576284092,5.042458857710913,0.16169848313275928,0.032287769860510705
lejepa,treated,in100.lejepa.s0.e20f.ext,41,2.5311651422102623,2.012313125884347,0.6543543620796975,5.043883947482181,0.16370298970884165,0.022807921515166286
lejepa,treated,in100.lejepa.s0.e20f.ext,42,2.5204370420764866,2.016630467424834,0.6619707064322791,5.048600315529118,0.1631706555160812,0.02221998823615867
lejepa,treated,in100.lejepa.s0.e20f.ext,43,2.4759744679226867,1.9959512403794348,0.6497722234645504,4.8657570317414,0.16264737204746726,0.03295700207656605
lejepa,treated,in100.lejepa.s0.e20f.ext,44,2.4655016450739273,2.0035582202880327,0.6512312600997554,4.870643496270133,0.15979453302917793,0.02981770596329343
lejepa,treated,in100.lejepa.s0.e20f.ext,45,2.4229409254005456,1.9395320925464716,0.6328072744173022,4.802263827714797,0.16715386393349374,0.021956038136602452
lejepa,treated,in100.lejepa.s0.e20f.ext,46,2.4133704100542563,1.946081635865079,0.6542832559097321,4.738650236058961,0.1604461144358345,0.025877134380540495
lejepa,treated,in100.lejepa.s0.e20f.ext,47,2.4063343510279553,1.9003669504164964,0.6357760872031005,4.770070190160708,0.16648441318167934,0.021308795405429976
lejepa,treated,in100.lejepa.s0.e20f.ext,48,2.3707521135801466,1.9473230786689952,0.6337380095670201,4.672328841999558,0.1570084467212461,0.020798760070398013
lejepa,treated,in100.lejepa.s0.e20f.ext,49,2.3207582188133453,1.848241663450981,0.619601274091081,4.647193437533004,0.16396430563089617,0.026033716501230528
lejepa,treated,in100.lejepa.s0.e20f.ext,50,2.308906644928119,1.8487325719514223,0.6203638194354114,4.565570136022107,0.16009990138134086,0.02608627519679631
lejepa,treated,in100.lejepa.s0.e20f.ext,51,2.2811747817165746,1.8300857800397132,0.5885843422299518,4.635008642613521,0.16160992218180206,0.022194890659897347
lejepa,treated,in100.lejepa.s0.e20f.ext,52,2.2638544945080574,1.8243436139947082,0.5926545079914702,4.46417973686155,0.15927467268864984,0.021552421901665602
lejepa,treated,in100.lejepa.s0.e20f.ext,53,2.2570311274507846,1.8299671941713629,0.5890222267643874,4.417496118557549,0.1593123734728903,0.022114750691605463
lejepa,treated,in100.lejepa.s0.e20f.ext,54,2.23802499586807,1.8176179288479282,0.6148359876708489,4.350872825280557,0.1579521948571416,0.022010696164347112
lejepa,treated,in100.lejepa.s0.e20f.ext,55,2.1976058912516505,1.7853275617022573,0.5757099352391174,4.327834295057387,0.16274981622098705,0.030106845350606606
lejepa,treated,in100.lejepa.s0.e20f.ext,56,2.192442843850938,1.7744569262650078,0.5732012194745861,4.286315733891347,0.16390625357137514,0.018776699903908206
lejepa,treated,in100.lejepa.s0.e20f.ext,57,2.1769410801846623,1.7614173573073635,0.5791087461316524,4.220320889402647,0.1606806166093653,0.025392817830270486
lejepa,treated,in100.lejepa.s0.e20f.ext,58,2.1567341107366973,1.7376245231200202,0.5694461595896506,4.291307563433961,0.16134039152191587,0.028548802884033567
lejepa,treated,in100.lejepa.s0.e20f.ext,59,2.1453144678749383,1.7429082552006256,0.5687144023823005,4.24066527698039,0.1607535831801235,0.021866664880606325
lejepa,treated,in100.lejepa.s0.e20f.ext,60,2.133097146961142,1.7088505174264161,0.5633474474890511,4.230936308852267,0.162974565464222,0.02611965600165066
lejepa,treated,in100.lejepa.s0.e20f.ext,61,2.1150753201277133,1.7190551377463774,0.5602351713307808,4.11699091103451,0.1620355571618685,0.022987678548846483
lejepa,treated,in100.lejepa.s0.e20f.ext,62,2.0935911412281416,1.6964877409908277,0.560517280209958,4.079911738656425,0.15984245407586786,0.022638605379803414
lejepa,treated,in100.lejepa.s0.e20f.ext,63,2.0867604961910837,1.6862075719264267,0.5643749500460259,4.1110659353599655,0.1609083510765695,0.03249657165942682
lejepa,treated,in100.lejepa.s0.e20f.ext,64,2.0501488636909313,1.6481814602799103,0.5424073213948807,4.038009691860706,0.16125883878773378,0.027352914092782843
lejepa,treated,in100.lejepa.s0.e20f.ext,65,2.023498144191221,1.6266549380817503,0.5503946411173944,3.994297769928743,0.1629718457043781,0.02896631860651444
lejepa,treated,in100.lejepa.s0.e20f.ext,66,2.0209770239406324,1.653066699866446,0.5414794224234973,3.9788726586852117,0.1577826920825303,0.025426556295320934
lejepa,treated,in100.lejepa.s0.e20f.ext,67,1.9923089612835867,1.607850956485384,0.5277745645846826,3.939343205451576,0.1602872556630541,0.029203863897712356
lejepa,treated,in100.lejepa.s0.e20f.ext,68,1.9763392288455166,1.5789714508386772,0.5114282904028253,3.9475099703237913,0.16199626584708404,0.020787281708123665
lejepa,treated,in100.lejepa.s0.e20f.ext,69,1.9533610058926263,1.5916520176219375,0.518435390926887,3.8855242298447714,0.158031780545972,0.02116115036195103
lejepa,treated,in100.lejepa.s0.e20f.ext,70,1.9427148837319876,1.5601399429763787,0.5226791588393881,3.797268919164858,0.16200054036149095,0.028015209744576323
lejepa,treated,in100.lejepa.s0.e20f.ext,71,1.9379017365435434,1.571387281199899,0.5296515409493651,3.800142751237398,0.15969339837345142,0.02904538004025844
lejepa,treated,in100.lejepa.s0.e20f.ext,72,1.9300183794645556,1.573949171796626,0.5146672858564816,3.8208935064035296,0.1606214047523732,0.025399566672312718
lejepa,treated,in100.lejepa.s0.e20f.ext,73,1.9218309554479427,1.5428479514431,0.5054328984659806,3.7960794016413986,0.16096689365702016,0.02550543713349407
lejepa,treated,in100.lejepa.s0.e20f.ext,74,1.9047510954543259,1.5246219450759155,0.5025361361294698,3.7812370854131827,0.16143910582422422,0.024052165228105007
lejepa,treated,in100.lejepa.s0.e20f.ext,75,1.8736782479373317,1.4873302811839904,0.4949907687130239,3.7305278399907045,0.16290094924545145,0.030132673589558966
lejepa,treated,in100.lejepa.s0.e20f.ext,76,1.8675343661936847,1.4997092622045298,0.5051958092194742,3.643883246878002,0.1587890559983064,0.04162480803670698
lejepa,treated,in100.lejepa.s0.e20f.ext,77,1.8473234812217103,1.4806795289968724,0.4750930738674619,3.6696005035208663,0.16256471728349356,0.02489339576281377
lejepa,treated,in100.lejepa.s0.e20f.ext,78,1.8343807899040911,1.4588343027484232,0.4851054423314239,3.6817591542495895,0.1624903370001177,0.029779586470328162
lejepa,treated,in100.lejepa.s0.e20f.ext,79,1.806008825953332,1.4705312611064107,0.48575121518924785,3.5346050431990563,0.15934942910461272,0.03062648394503268
lejepa,treated,in100.lejepa.s0.e20f.ext,80,1.8008206323294471,1.4399442767296209,0.4684250295284595,3.5597327073870537,0.163832037147702,0.026915246032751448
lejepa,treated,in100.lejepa.s0.e20f.ext,81,1.7698327999909296,1.417548312718071,0.4655880981914061,3.5400223191260505,0.16229283040372847,0.025654342614357867
lejepa,treated,in100.lejepa.s0.e20f.ext,82,1.7450784417081024,1.410799771739254,0.4524113556952056,3.4272071779835804,0.16129916678908285,0.03019860746051086
lejepa,treated,in100.lejepa.s0.e20f.ext,83,1.7271188940278381,1.4035173851570455,0.4628673838199165,3.372061113313435,0.1611620351921051,0.032716314114027686
lejepa,treated,in100.lejepa.s0.e20f.ext,84,1.7216512793479621,1.3867686334953264,0.4463228673974546,3.419373829014702,0.16229339034639093,0.034224960947258534
lejepa,treated,in100.lejepa.s0.e20f.ext,85,1.7047912028064236,1.3673441445743375,0.44534428165171613,3.397464019703615,0.1617506010790032,0.025783978993314957
lejepa,treated,in100.lejepa.s0.e20f.ext,86,1.689552235300517,1.3496838845922907,0.43005176223875136,3.34937131747875,0.16650038352475233,0.0334889017379733
lejepa,treated,in100.lejepa.s0.e20f.ext,87,1.6701143155558626,1.3404744968241107,0.45661436124271093,3.2798280716109023,0.1601405590239775,0.029343774537437056
lejepa,treated,in100.lejepa.s0.e20f.ext,88,1.6552614839867794,1.3240457422513991,0.45014701307538,3.27450498408379,0.16400240698662077,0.024985446447040312
lejepa,treated,in100.lejepa.s0.e20f.ext,89,1.6387285761805974,1.316321262556663,0.42699707260237285,3.2822204309823366,0.1635126971919268,0.03139428028413935
lejepa,treated,in100.lejepa.s0.e20f.ext,90,1.63543449133579,1.3132726233818697,0.43395719515656134,3.2372743815723766,0.15886182644692176,0.028320018806354482
lejepa,treated,in100.lejepa.s0.e20f.ext,91,1.6109352929656784,1.2920465366099823,0.428153877197105,3.209518539615851,0.15995561092227084,0.03211701630258031
lejepa,treated,in100.lejepa.s0.e20f.ext,92,1.596839567959964,1.2724319659593861,0.4093342754651494,3.182698779666055,0.16519588072268934,0.03694147088872264
lejepa,treated,in100.lejepa.s0.e20f.ext,93,1.5810365959028816,1.2794978527053482,0.42478525922044413,3.1350976852212757,0.15997701750026122,0.03702766171384229
lejepa,treated,in100.lejepa.s0.e20f.ext,94,1.5706089924123623,1.2611160871281801,0.4155812589590584,3.1120818129135674,0.162281854905067,0.028781002152070276
lejepa,treated,in100.lejepa.s0.e20f.ext,95,1.5543847366352217,1.248933870607078,0.4072053498756679,3.108121152715284,0.16312197921270666,0.03317965195111726
lejepa,treated,in100.lejepa.s0.e20f.ext,96,1.541041349596617,1.2330566062323363,0.393964225859991,3.0591332829579345,0.16449108270397253,0.03426043523088829
lejepa,treated,in100.lejepa.s0.e20f.ext,97,1.5313911080055937,1.235642011805079,0.4120345976971118,2.999770306176656,0.15932770299032725,0.03452769266943232
lejepa,treated,in100.lejepa.s0.e20f.ext,98,1.5298499866873876,1.2183017397800557,0.38295477378713777,3.096070457943911,0.1632120011285679,0.0375169900401996
lejepa,treated,in100.lejepa.s0.e20f.ext,99,1.503180375113055,1.2147546213911342,0.3881211175720219,2.971888719938526,0.1602647723095213,0.0314006000283253
lejepa,treated,in100.lejepa.s0.e20f.ext,100,1.4945815452494917,1.20086690421696,0.38598952195276476,2.979856576727138,0.1642246089912691,0.03865580042308777
lejepa,treated,in100.lejepa.s0.e20f.ext,101,1.489541222954068,1.193376638313099,0.37417336056554656,2.9853028299421083,0.16351305096042976,0.038091452288544485
lejepa,treated,in100.lejepa.s0.e20f.ext,102,1.4733750482872772,1.1863955722666695,0.3968688940928868,2.922755509688,0.1591764603808256,0.02955601516997164
lejepa,treated,in100.lejepa.s0.e20f.ext,103,1.4658360411228653,1.1631880800191037,0.38338113122879935,2.9432397647205297,0.16468275666037804,0.03727863798640202
lejepa,treated,in100.lejepa.s0.e20f.ext,104,1.4420456155294121,1.1566227339320325,0.3886969646808568,2.842331421578253,0.15885815469884593,0.028206979873463513
lejepa,treated,in100.lejepa.s0.e20f.ext,105,1.4368281325013383,1.1418778957595408,0.3808493951602871,2.8726444923641066,0.16342469259229173,0.03070539346858401
lejepa,treated,in100.lejepa.s0.e20f.ext,106,1.4291973755468879,1.1531160493712793,0.37065758664291454,2.8062711317807074,0.162883332071493,0.028946240214900273
lejepa,treated,in100.lejepa.s0.e20f.ext,107,1.416676399105181,1.1222439824403585,0.36646854520165134,2.8185624192386354,0.16542507633857784,0.029081334791767083
lejepa,treated,in100.lejepa.s0.e20f.ext,108,1.4100461913007571,1.1316835472209406,0.35719577162675087,2.8088011863746423,0.16381833505630022,0.028864467347336626
lejepa,treated,in100.lejepa.s0.e20f.ext,109,1.3959767027317478,1.1172372860238968,0.3745355981647147,2.7672024963995914,0.16028019730083415,0.03311662966675246
lejepa,treated,in100.lejepa.s0.e20f.ext,110,1.3746676529037503,1.1161258646195271,0.3573428649651324,2.7364484023665723,0.1578429940581214,0.03335226591900162
lejepa,treated,in100.lejepa.s0.e20f.ext,111,1.3709457444672948,1.0958033150290216,0.36059145198656767,2.739600651986658,0.16055879337581583,0.03826706823967525
lejepa,treated,in100.lejepa.s0.e20f.ext,112,1.3654849584561548,1.0859601496660996,0.3392600256183791,2.7317359721212373,0.16582130866714015,0.03166279038091769
lejepa,treated,in100.lejepa.s0.e20f.ext,113,1.3432251711504488,1.0756819069217805,0.34510492793889874,2.6990513346227636,0.16251560885769803,0.030909524498394965
lejepa,treated,in100.lejepa.s0.e20f.ext,114,1.3349382409306467,1.0626079835987263,0.3525650065193548,2.643805109045055,0.16191671474790087,0.03978077758415002
lejepa,treated,in100.lejepa.s0.e20f.ext,115,1.3151457056042546,1.054919243676706,0.34646427667161356,2.614214039121783,0.16074246661776848,0.03371895608084223
lejepa,treated,in100.lejepa.s0.e20f.ext,116,1.3131134401684443,1.05659634533196,0.3399911042960608,2.593617044182202,0.1625984422977335,0.03050040958945164
lejepa,treated,in100.lejepa.s0.e20f.ext,117,1.3095663456665545,1.039182407231619,0.33915888133530947,2.624744916470631,0.16281731688923337,0.04034898031817194
lejepa,treated,in100.lejepa.s0.e20f.ext,118,1.2928523706894985,1.0256524901267963,0.32490289879117856,2.571418461402898,0.16909888093327732,0.04112261470519162
lejepa,treated,in100.lejepa.s0.e20f.ext,119,1.2793979757832783,1.037617990983517,0.33076799033579013,2.550674021703362,0.16130553096556816,0.03049947229482281
lejepa,treated,in100.lejepa.s0.e20f.ext,120,1.2691414719114367,1.0124848712596903,0.3266707283866064,2.510604239158608,0.16301043498626344,0.04546014401958095
lejepa,treated,in100.lejepa.s0.e20f.ext,121,1.2501535460079243,1.0055669713385789,0.33414676207493177,2.479008760752542,0.15996413043546168,0.03121050654511183
lejepa,treated,in100.lejepa.s0.e20f.ext,122,1.2440649403892463,0.9957042429041925,0.32748060370401383,2.464399074606151,0.16083228699604812,0.02671601520586605
lejepa,treated,in100.lejepa.s0.e20f.ext,123,1.2294748250284115,0.9843251420244163,0.31324790997228324,2.4589522891483515,0.16629872561739031,0.05016991888187313
lejepa,treated,in100.lejepa.s0.e20f.ext,124,1.2197870117309204,0.9609543244876462,0.30715516178581687,2.464499790461359,0.16636036956593897,0.04206724093536136
lejepa,treated,in100.lejepa.s0.e20f.ext,125,1.2081677482088076,0.9682683641529118,0.30921381245356533,2.4046906096149168,0.1633868452734558,0.04230174581806944
lejepa,treated,in100.lejepa.s0.e20f.ext,126,1.197900915108119,0.9733127054235828,0.3107883058024031,2.3895904589224073,0.1605174696822905,0.04971952968715703
lejepa,treated,in100.lejepa.s0.e20f.ext,127,1.1765700968672679,0.9389951625041946,0.299473613255165,2.36599014851942,0.16431796587875871,0.037596249444696
lejepa,treated,in100.lejepa.s0.e20f.ext,128,1.1699592150026803,0.9301179033623437,0.3021835098659152,2.3291034035724243,0.16293171379712848,0.04031172395960168
lejepa,treated,in100.lejepa.s0.e20f.ext,129,1.1681512591252112,0.944264352494872,0.3068059509023152,2.306549636510895,0.16332025588124707,0.043519479714258055
lejepa,treated,in100.lejepa.s0.e20f.ext,130,1.1555385790693242,0.9144277465167958,0.30322593395476366,2.309889520044552,0.1626935768896321,0.039444518826985686
lejepa,treated,in100.lejepa.s0.e20f.ext,131,1.1533554438385007,0.9148162161814055,0.297887856309903,2.3054162239093023,0.16563156796349623,0.05647227430433076
lejepa,treated,in100.lejepa.s0.e20f.ext,132,1.1365767147704597,0.9048617962739316,0.29360803782339934,2.2479082835827247,0.16562571860037828,0.043646634851454855
lejepa,treated,in100.lejepa.s0.e20f.ext,133,1.1277925534711646,0.8907365292385754,0.2854786376803849,2.2675996781951704,0.1639184514812175,0.04491348023460527
lejepa,treated,in100.lejepa.s0.e20f.ext,134,1.123966850564346,0.8974928139730545,0.28285773040055706,2.2619092482421213,0.16437241177766898,0.04650030968857008
lejepa,treated,in100.lejepa.s0.e20f.ext,135,1.113208655019319,0.9007136768135962,0.28155703599064524,2.2233680469467494,0.1638308609282997,0.043041146355251296
lejepa,treated,in100.lejepa.s0.e20f.ext,136,1.1097862490884667,0.8857233820810653,0.27973663923073905,2.2270802821952316,0.16349110622192137,0.04900871636192721
lejepa,treated,in100.lejepa.s0.e20f.ext,137,1.0878038598691055,0.8732708426921796,0.2816579212442158,2.187103224559234,0.1661939545938014,0.03476795273259433
lejepa,treated,in100.lejepa.s0.e20f.ext,138,1.0784650574150263,0.8591677165740049,0.2775374990116757,2.15876671252289,0.16620920176640797,0.03923644451912676
lejepa,treated,in100.lejepa.s0.e20f.ext,139,1.0666447790972293,0.8565378172802955,0.2764531089321991,2.128422158774932,0.15806242307889473,0.050852466381644444
lejepa,treated,in100.lejepa.s0.e20f.ext,140,1.0604943008164396,0.8373283889643588,0.26294083165246196,2.1389642122325814,0.16548315395588523,0.04374165864382956
lejepa,treated,in100.lejepa.s0.e20f.ext,141,1.0477093758960916,0.8310706158291723,0.26482326662917194,2.103055904555843,0.16511811537406693,0.0418968711171759
lejepa,treated,in100.lejepa.s0.e20f.ext,142,1.0397417742284545,0.8048527171087276,0.25369626009644697,2.0965277180721933,0.16880891890811384,0.051160715349761736
lejepa,treated,in100.lejepa.s0.e20f.ext,143,1.0323146653804758,0.8229144491952569,0.25313973541322077,2.0519080435534582,0.1691789430468326,0.04178066673095207
lejepa,treated,in100.lejepa.s0.e20f.ext,144,1.0307617805948057,0.8241288092192733,0.26576997903343913,2.0620835171428284,0.16387184124909362,0.03493352520037271
lejepa,treated,in100.lejepa.s0.e20f.ext,145,1.0217184076337011,0.7913138621816566,0.2566616192416988,2.0540134842575912,0.17027572433049154,0.04393034591308196
lejepa,treated,in100.lejepa.s0.e20f.ext,146,0.9976726954677169,0.7963417001967084,0.24867747049017466,1.9956108177709584,0.16461823380588333,0.0529468664405855
lejepa,treated,in100.lejepa.s0.e20f.ext,147,0.9902289810918392,0.7909262561254418,0.2507496715514024,1.9825034085799003,0.16396591660262325,0.06577673261951594
lejepa,treated,in100.lejepa.s0.e20f.ext,148,0.9837896299237977,0.7792392644408949,0.2548103646869412,1.9748399199063202,0.16340569058872528,0.04025358385978195
lejepa,treated,in100.lejepa.s0.e20f.ext,149,0.9801204162708873,0.783887314905596,0.25196174967959656,1.96375613708042,0.16205880696575004,0.061980458811210094
lejepa,treated,in100.lejepa.s0.e20f.ext,150,0.9667422701838497,0.7697508917305333,0.2459446087110426,1.9247240934388108,0.16370144929404856,0.05910492231599203
lejepa,treated,in100.lejepa.s0.e20f.ext,151,0.9596142218705629,0.764017929159909,0.2402006674693227,1.8991652975701323,0.16617379072690455,0.05311590091956156
lejepa,treated,in100.lejepa.s0.e20f.ext,152,0.9453088712605472,0.7585287846989481,0.2405766828551553,1.8644425120709025,0.16287849505770616,0.05953279910750583
lejepa,treated,in100.lejepa.s0.e20f.ext,153,0.9375152519058289,0.7470354650424903,0.23038713038008996,1.8889077899346023,0.16556994156494095,0.06517587584206451
lejepa,treated,in100.lejepa.s0.e20f.ext,154,0.9297845678738567,0.728835664904617,0.22563652941099416,1.8743502965654255,0.16913168532073466,0.05134432813937004
lejepa,treated,in100.lejepa.s0.e20f.ext,155,0.917406782729331,0.7274433966557234,0.23223291897602474,1.8347021004382964,0.1643137732966193,0.045370995981168144
lejepa,treated,in100.lejepa.s0.e20f.ext,156,0.9073475623825509,0.7152317877594924,0.22251743274642719,1.8355624853769132,0.1673812061266516,0.06674949569405522
lejepa,treated,in100.lejepa.s0.e20f.ext,157,0.9005017392189741,0.7158260878845722,0.23513049692839208,1.785386171911537,0.1659532737519651,0.05710095588120463
lejepa,treated,in100.lejepa.s0.e20f.ext,158,0.8920144080018892,0.7084937345658651,0.2207665850293557,1.7978508574287255,0.16794479753854158,0.06187274686235398
lejepa,treated,in100.lejepa.s0.e20f.ext,159,0.8777446508236787,0.6883983862066059,0.21358569449320872,1.7788007336468574,0.16909768405071593,0.07569474785647932
lejepa,treated,in100.lejepa.s0.e20f.ext,160,0.8766473770737903,0.6919493040700917,0.2199634539648862,1.7678330306933308,0.1694337022627666,0.0658630626726357
lejepa,treated,in100.lejepa.s0.e20f.ext,161,0.871069811950157,0.6953272634678267,0.21931088592631748,1.7430239919847699,0.1654785371381497,0.07273298420648663
lejepa,treated,in100.lejepa.s0.e20f.ext,162,0.8606080981000853,0.6817853328099255,0.21944093845881876,1.7051997231437632,0.1679055767282045,0.058938978093825735
lejepa,treated,in100.lejepa.s0.e20f.ext,163,0.8582437681651442,0.685058902323246,0.21501524413155657,1.7169278706842193,0.16485542599703332,0.060997810348136824
lejepa,treated,in100.lejepa.s0.e20f.ext,164,0.8447310764730254,0.6682740424300371,0.20949414039131128,1.7029354559246397,0.16651568591589805,0.07877139135838483
lejepa,treated,in100.lejepa.s0.e20f.ext,165,0.8320281251099597,0.6510785472090836,0.21386052433367597,1.6506182712538915,0.17176450729650533,0.06472003124117894
lejepa,treated,in100.lejepa.s0.e20f.ext,166,0.8274706101767222,0.658800976021048,0.20328407763467984,1.6569490164483076,0.16622412684351334,0.06458735036148221
lejepa,treated,in100.lejepa.s0.e20f.ext,167,0.8197120143180296,0.6558539780246218,0.20888410876261035,1.6370823724794759,0.16510498214544925,0.05630132398235225
lejepa,treated,in100.lejepa.s0.e20f.ext,168,0.8078682516884251,0.6357122620713178,0.20047534199431505,1.6267820245466684,0.17058720104350386,0.07091774694078476
lejepa,treated,in100.lejepa.s0.e20f.ext,169,0.7995028184683259,0.634242198990103,0.19594818037159834,1.6104006715061117,0.1678027743600565,0.060282381108103605
lejepa,treated,in100.lejepa.s0.e20f.ext,170,0.7925783636582873,0.6220700107784731,0.19956790822501566,1.5883435862150368,0.17035789357145162,0.0865171250731902
lejepa,treated,in100.lejepa.s0.e20f.ext,171,0.7825965845818832,0.623885136745701,0.19164432172775797,1.5848234185034953,0.1656114871905426,0.077598322962804
lejepa,treated,in100.lejepa.s0.e20f.ext,172,0.7745243209809168,0.6117963248815719,0.1989935358699716,1.5631401577796529,0.16568967469737955,0.09190019305523042
lejepa,treated,in100.lejepa.s0.e20f.ext,173,0.7612737571908373,0.6008643635941229,0.1838521949956157,1.5266146105695277,0.17016924843033676,0.08315103951647894
lejepa,treated,in100.lejepa.s0.e20f.ext,174,0.758932308832186,0.5859844760140196,0.18666170503230312,1.5437033223573646,0.1707050001870897,0.06293052675380639
lejepa,treated,in100.lejepa.s0.e20f.ext,175,0.7575576779485594,0.6003612752953116,0.19164545456718182,1.5174579649787328,0.16869208850585032,0.08212311446694612
lejepa,treated,in100.lejepa.s0.e20f.ext,176,0.7336414734092502,0.5772599221312831,0.18918130761724314,1.472763889057989,0.16893619567487492,0.101925329299276
lejepa,treated,in100.lejepa.s0.e20f.ext,177,0.7328917605777115,0.5762824453770017,0.17990422768621883,1.4807199978593333,0.17224762811171607,0.06214696210879417
lejepa,treated,in100.lejepa.s0.e20f.ext,178,0.7207923711456823,0.5608829743910126,0.17674348236774848,1.4836254372368496,0.16961323488102212,0.09467083703757853
lejepa,treated,in100.lejepa.s0.e20f.ext,179,0.7152743915886206,0.5594340539169282,0.1719508246336603,1.4505474063979156,0.17170977063293003,0.07710075770493703
lejepa,treated,in100.lejepa.s0.e20f.ext,180,0.7115363370594175,0.5503654996096952,0.16325080581679907,1.4422678462693117,0.17349724917948517,0.07986516338033676
lejepa,treated,in100.lejepa.s0.e20f.ext,181,0.6929408267765653,0.535852020671198,0.16652168387327868,1.40677067080512,0.17308175661354872,0.077300838893399
lejepa,treated,in100.lejepa.s0.e20f.ext,182,0.6860197246418409,0.5437445392352918,0.16452398594530065,1.3843780710523312,0.16793563639344275,0.1075419434053631
lejepa,treated,in100.lejepa.s0.e20f.ext,183,0.6786108028830472,0.529215432914294,0.16477802191356813,1.3758761456689117,0.17254046520817623,0.10873957309814435
lejepa,treated,in100.lejepa.s0.e20f.ext,184,0.6758265763348462,0.5369329192944067,0.16670019123197635,1.36226272733683,0.16932676734866417,0.11216878967172471
lejepa,treated,in100.lejepa.s0.e20f.ext,185,0.6685080892828433,0.5241076244629801,0.1627855529328649,1.3505602419719718,0.17088918301437453,0.09805757926034281
lejepa,treated,in100.lejepa.s0.e20f.ext,186,0.6629937881620213,0.5175457505201153,0.16054052953652678,1.340418864086249,0.17281168291818672,0.08616298947889539
lejepa,treated,in100.lejepa.s0.e20f.ext,187,0.6533668437829316,0.5140424481843548,0.16045313239803008,1.3183147960017298,0.1700079894966276,0.09012524182994852
lejepa,treated,in100.lejepa.s0.e20f.ext,188,0.643607040276258,0.49784397087855464,0.15612826715928943,1.304251862601149,0.17181020020565632,0.11492090721229531
lejepa,treated,in100.lejepa.s0.e20f.ext,189,0.6419309488339561,0.5062954921335844,0.1581591300941723,1.293638578685992,0.16885409843380378,0.13068315953004525
lejepa,treated,in100.lejepa.s0.e20f.ext,190,0.6365251851073761,0.4930244599872462,0.15532826199079178,1.2791191505083868,0.17281933340381275,0.09583167434505599
lejepa,treated,in100.lejepa.s0.e20f.ext,191,0.6333325623717847,0.48700322090712655,0.14901426688547534,1.2879079682346641,0.17425425832936822,0.08778486077976094
lejepa,treated,in100.lejepa.s0.e20f.ext,192,0.6241712976232844,0.4919116119301298,0.1554633952813946,1.2554766346490065,0.17054307902451876,0.10694673884873897
lejepa,treated,in100.lejepa.s0.e20f.ext,193,0.6128465799965058,0.46842600153894415,0.1483601846152104,1.2572096333049647,0.17561820977066736,0.12937980422879755
lejepa,treated,in100.lejepa.s0.e20f.ext,194,0.6085274211948828,0.47161932969006104,0.14281518584890543,1.2521014777839088,0.1730980823216007,0.11676711826434225
lejepa,treated,in100.lejepa.s0.e20f.ext,195,0.5969870409947136,0.4673541898693132,0.14197955529054235,1.2014023358643788,0.1728853128867954,0.12389597987251123
lejepa,treated,in100.lejepa.s0.e20f.ext,196,0.5897829810676088,0.4571034491598295,0.14269852736837751,1.1969644387041307,0.17622443825789808,0.10887856092390188
lejepa,treated,in100.lejepa.s0.e20f.ext,197,0.5812446377135109,0.45024735588875664,0.14360372467316648,1.178667334056132,0.17443733438699668,0.14006803934291306
lejepa,treated,in100.lejepa.s0.e20f.ext,198,0.5706990910288114,0.4362106614343836,0.1377831075270092,1.162067848574178,0.1750512655389589,0.0966668202066911
lejepa,treated,in100.lejepa.s0.e20f.ext,199,0.5698055385069978,0.4407012181182052,0.13572808844376655,1.1629948161671473,0.17312901120457375,0.10503125822986263
lejepa,treated,in100.lejepa.s0.e20f.ext,200,0.5580291084376395,0.4355653581218777,0.13915487457026304,1.126992758345795,0.17277500591110878,0.13601409275318582
lejepa,treated,in100.lejepa.s0.e20f.ext,201,0.5545331543893585,0.4369613927595465,0.13377009943475832,1.1142033011751005,0.17388016899512151,0.13274242784684678
lejepa,treated,in100.lejepa.s0.e20f.ext,202,0.5456854526743101,0.4235504642441652,0.1301782082045057,1.1012928656145293,0.17587425056556072,0.09987434238676009
lejepa,treated,in100.lejepa.s0.e20f.ext,203,0.5323428458755685,0.405641482871869,0.12047511488251107,1.0988969630075271,0.18115493633071234,0.1009216439612067
lejepa,treated,in100.lejepa.s0.e20f.ext,204,0.5205058527090755,0.39638827950230227,0.12183318340135875,1.0654075667552827,0.1774462950231685,0.1295921842177135
lejepa,treated,in100.lejepa.s0.e20f.ext,205,0.5121527363109198,0.3992980172844665,0.1241733564154916,1.0400687705501712,0.17413073890350805,0.1479499936338982
lejepa,treated,in100.lejepa.s0.e20f.ext,206,0.5079490451553648,0.3975495417264623,0.11883071526353842,1.0299212089196712,0.17176608460305381,0.1641848818378428
lejepa,treated,in100.lejepa.s0.e20f.ext,207,0.4980417853974757,0.3877646332489087,0.12018659644195374,1.0162268539621808,0.16874525124996878,0.16966162631666343
lejepa,treated,in100.lejepa.s0.e20f.ext,208,0.4939657885163161,0.38261633499542214,0.12450948782061363,0.994838788332045,0.17444182282757803,0.1693789801774341
lejepa,treated,in100.lejepa.s0.e20f.ext,209,0.47885703048592126,0.3693913270672917,0.11669959156813654,0.9662262391251719,0.1737975513025489,0.14527508127828523
lejepa,treated,in100.lejepa.s0.e20f.ext,210,0.46417029616824784,0.3509665096765625,0.10702252235945585,0.9631539813303182,0.18127974858840903,0.18593121060970244
lejepa,treated,in100.lejepa.s0.e20f.ext,211,0.46105050925345886,0.3578568013657084,0.11005740026925646,0.9285827910797991,0.1754220493773482,0.137104221908555
lejepa,treated,in100.lejepa.s0.e20f.ext,212,0.45854196549544274,0.3425021985908963,0.10317805355813044,0.9448071258552367,0.19038347496757896,0.15381131677404242
lejepa,treated,in100.lejepa.s0.e20f.ext,213,0.4573790055727852,0.3517081382166865,0.10994302526642878,0.9428398307244696,0.17243240035430307,0.1362521357036127
lejepa,treated,in100.lejepa.s0.e20f.ext,214,0.4495586912539469,0.3440312480081127,0.11041181532467222,0.9212050645221933,0.17639894805176437,0.16017810972621596
lejepa,treated,in100.lejepa.s0.e20f.ext,215,0.43891986998733246,0.3323124460741935,0.10136799148761759,0.9088664058939406,0.18196377676768566,0.18673429326233382
lejepa,treated,in100.lejepa.s0.e20f.ext,216,0.43358285921799417,0.3318788912975397,0.10099719053827703,0.8862190040623548,0.18346209811957814,0.1548958270530675
lejepa,treated,in100.lejepa.s0.e20f.ext,217,0.42674138711465553,0.3230173804866926,0.10161373090400673,0.8513935989921003,0.18272242275863562,0.15797322809419986
lejepa,treated,in100.lejepa.s0.e20f.ext,218,0.4171711509664333,0.3213288669597552,0.09566620131454942,0.8556724805814124,0.17674492985847584,0.20185809603692553
lejepa,treated,in100.lejepa.s0.e20f.ext,219,0.4019226709643496,0.3145713675401669,0.09864394537875477,0.8157032054846579,0.17266546615823608,0.23832060605595462
lejepa,treated,in100.lejepa.s0.e20f.ext,220,0.39960347363213544,0.3042597467741512,0.09344660283485659,0.8171154656546041,0.18118401907395343,0.17775277383644006
lejepa,treated,in100.lejepa.s0.e20f.ext,221,0.39363149068090175,0.30233124417359264,0.09508554108435617,0.8102641389524303,0.1781434629523782,0.24480043515535826
lejepa,treated,in100.lejepa.s0.e20f.ext,222,0.38003313422063134,0.2926494492360123,0.09025007370719497,0.7801114724828022,0.17678308020515499,0.2773680762149725
lejepa,treated,in100.lejepa.s0.e20f.ext,223,0.3791254910606654,0.29141906473288814,0.09090900845051988,0.773795366794047,0.1753634122021492,0.2176102592440502
lejepa,treated,in100.lejepa.s0.e20f.ext,224,0.36939258846545975,0.28207544867849116,0.08352694918098451,0.7658045994476425,0.18214585015648577,0.22927645823821266
lejepa,treated,in100.lejepa.s0.e20f.ext,225,0.3618811631643027,0.27240689267655627,0.08621044784053972,0.7440493766160297,0.1828843457172055,0.21632517517135674
lejepa,treated,in100.lejepa.s0.e20f.ext,226,0.3579535636538129,0.26678236826676793,0.07951386082802166,0.7407415172169813,0.19176489418478534,0.21638244267114332
lejepa,treated,in100.lejepa.s0.e20f.ext,227,0.34534018574249653,0.2563817916457851,0.07585506477666529,0.7200368372131092,0.18798226283005354,0.19231139232371397
lejepa,treated,in100.lejepa.s0.e20f.ext,228,0.34503083372903426,0.2597737605713931,0.08430224553253075,0.7046120267319121,0.18600199907052153,0.2223708736022809
lejepa,treated,in100.lejepa.s0.e20f.ext,229,0.3386642528780548,0.2561314060359301,0.07621565336731023,0.6976795219105928,0.1845490363565068,0.19097477032257656
lejepa,treated,in100.lejepa.s0.e20f.ext,230,0.33233640388285574,0.254783462857355,0.07790445251890998,0.6788932474382302,0.17808415297710492,0.21632773407364397
lejepa,treated,in100.lejepa.s0.e20f.ext,231,0.3238772998449371,0.24114266503198592,0.07122442061301928,0.6624165255275573,0.19064609109992905,0.3105004413814976
lejepa,treated,in100.lejepa.s0.e20f.ext,232,0.3209076321289113,0.2434850368404164,0.07639455599659224,0.6552705215236595,0.18294346272462747,0.2580089912701448
lejepa,treated,in100.lejepa.s0.e20f.ext,233,0.3095175157924587,0.23574082776293093,0.07063571553642335,0.6400656713748942,0.1831566699095039,0.27539405835152725
lejepa,treated,in100.lejepa.s0.e20f.ext,234,0.30757895182323336,0.22995526145523715,0.0696254911942536,0.6276138813569659,0.19042313687902504,0.2835588870773675
lejepa,treated,in100.lejepa.s0.e20f.ext,235,0.2969489659052889,0.22406345956346072,0.06767934039546214,0.6124997050348756,0.18378992818331227,0.23959321851867021
lejepa,treated,in100.lejepa.s0.e20f.ext,236,0.29487580435087996,0.2233574534498624,0.06964125122835106,0.6097118443947739,0.1824997827537746,0.32683079884664734
lejepa,treated,in100.lejepa.s0.e20f.ext,237,0.27840753302558685,0.20792040766002787,0.065122247017889,0.5714447689911937,0.18819972011570496,0.3079331421025458
lejepa,treated,in100.lejepa.s0.e20f.ext,238,0.27553019594884604,0.20643741286478945,0.06304165935342156,0.5694217626498531,0.18413877221451386,0.291336090099572
lejepa,treated,in100.lejepa.s0.e20f.ext,239,0.2711339098592181,0.2000304896877364,0.06003017348162606,0.5584896507657324,0.1886869868424129,0.32584663220220217
lejepa,treated,in100.lejepa.s0.e20f.ext,240,0.25553022585248153,0.18723850740977527,0.054975617469082375,0.5319982552907517,0.1940084331488424,0.3723503841083931
lejepa,treated,in100.lejepa.s0.e20f.ext,241,0.25292610216750555,0.18281878880342173,0.05555834005494767,0.5228747696200434,0.19966108719082307,0.35752683453887024
lejepa,treated,in100.lejepa.s0.e20f.ext,242,0.2506500254497458,0.17669805518773668,0.05429079255577353,0.5169636915918883,0.2136396797493041,0.3922856257126193
lejepa,treated,in100.lejepa.s0.e20f.ext,243,0.2457743314616592,0.17328265931886244,0.049046716588946174,0.5098892389050176,0.21524142262275373,0.3533438083552605
lejepa,treated,in100.lejepa.s0.e20f.ext,244,0.2367794389993665,0.17235169778708215,0.05044366429558596,0.49318672759120685,0.1948446146177189,0.4146078671428606
lejepa,treated,in100.lejepa.s0.e20f.ext,245,0.23405884223767934,0.17125255764238181,0.051500975753686416,0.4841421849234788,0.19970966004193427,0.37870605456938283
lejepa,treated,in100.lejepa.s0.e20f.ext,246,0.2271829104055485,0.16568923043070571,0.048978519529252806,0.47146458098305616,0.2024246688271552,0.4158151197230155
lejepa,treated,in100.lejepa.s0.e20f.ext,247,0.2177455975150096,0.1587775377109979,0.048422509597474024,0.44537208825522534,0.19893220276055243,0.44604443620129286
lejepa,treated,in100.lejepa.s0.e20f.ext,248,0.21524712006612864,0.15471443774803256,0.045525971984847015,0.4501594877064017,0.19665632648379033,0.37031100654463733
lejepa,treated,in100.lejepa.s0.e20f.ext,249,0.20753121417556528,0.14894922003447125,0.04459192446358463,0.4288031644658179,0.20784536742431728,0.45044970213596125
lejepa,treated,in100.lejepa.s0.e20f.ext,250,0.20384949018495246,0.14824156200691258,0.043731260026710114,0.4222898624932903,0.1998646723175851,0.4059400166823302
lejepa,treated,in100.lejepa.s0.e20f.ext,251,0.2002015809749331,0.14130097249166562,0.041787176919583925,0.41171912705164015,0.21992746847200934,0.43285884552798587
lejepa,treated,in100.lejepa.s0.e20f.ext,252,0.19494519860485124,0.13848505050278614,0.04204239601198081,0.4052112646988004,0.2136305556856073,0.45121053028957336
lejepa,treated,in100.lejepa.s0.e20f.ext,253,0.1877911542383904,0.1363540590187904,0.03929147268799773,0.3833151564316802,0.20439957335132555,0.3807785366504337
lejepa,treated,in100.lejepa.s0.e20f.ext,254,0.18580683045705831,0.12934369682156696,0.039015245990090236,0.37884087291623136,0.22355591594422988,0.49857113089905425
lejepa,treated,in100.lejepa.s0.e20f.ext,255,0.182848104060858,0.1300396488004577,0.03840822296756173,0.3836786420794825,0.20632462159403592,0.48766694627724866
lejepa,treated,in100.lejepa.s0.e20f.ext,256,0.18121285917045282,0.12939244958723553,0.03852248976398906,0.3795590800190806,0.21177043196316117,0.46561584568892445
lejepa,treated,in100.lejepa.s0.e20f.ext,257,0.17723655107539968,0.12403727423375821,0.03606485615688823,0.37439777935698526,0.2093817820772211,0.43688369324873627
lejepa,treated,in100.lejepa.s0.e20f.ext,258,0.17311778777416967,0.11521174936350409,0.03406675137879249,0.3505004738004923,0.2511785964998992,0.6029007447482091
lejepa,treated,in100.lejepa.s0.e20f.ext,259,0.16271516244944156,0.10980172737791977,0.03339499575889527,0.3345647496579752,0.23691974064795032,0.5405282887745488
lejepa,treated,in100.lejepa.s0.e20f.ext,260,0.15969442489359387,0.10956717248865117,0.03133530421170377,0.33676944379378965,0.21941174377517528,0.4552659363395547
lejepa,treated,in100.lejepa.s0.e20f.ext,261,0.15152216291027407,0.10306036463565636,0.029993854564969075,0.32178507626653347,0.22175233311485024,0.5321437696563931
lejepa,treated,in100.lejepa.s0.e20f.ext,262,0.14493328443186307,0.0984563770155531,0.026743733004910702,0.31074510519483173,0.2192414903322055,0.5468531883744725
lejepa,treated,in100.lejepa.s0.e20f.ext,263,0.14304178044475352,0.09661967588452958,0.026903559714349774,0.3017415471049609,0.2266403622735716,0.5690837209301916
lejepa,treated,in100.lejepa.s0.e20f.ext,264,0.135113910847016,0.09301809159356933,0.025508324612346277,0.2847575741300074,0.21903625640927465,0.4608809647540053
lejepa,treated,in100.lejepa.s0.e20f.ext,265,0.13432966580140496,0.08964000806143746,0.025510184144608698,0.28514490943239157,0.2305052241361466,0.5217566391114339
lejepa,treated,in100.lejepa.s0.e20f.ext,266,0.12894950663991958,0.08782922911898183,0.02395341267049266,0.2767358058744011,0.22349792854404507,0.530487588904379
lejepa,treated,in100.lejepa.s0.e20f.ext,267,0.12183431501380963,0.08311617626997257,0.02413496975898998,0.2601243110891824,0.21821096779672433,0.48052447066168824
lejepa,treated,in100.lejepa.s0.e20f.ext,268,0.11968901336341453,0.07221433301044886,0.02034343993696265,0.254839009448725,0.27458053876280497,0.4798128782432107
lejepa,treated,in100.lejepa.s0.e20f.ext,269,0.1105375226220711,0.06891754836253394,0.018930478157546046,0.22383035555192377,0.275423466326175,0.483149715480235
lejepa,treated,in100.lejepa.s0.e20f.ext,270,0.1067484877612574,0.06833227284597579,0.01871317917182909,0.23181589189939442,0.24775606877873696,0.5012577926754157
lejepa,treated,in100.lejepa.s0.e20f.ext,271,0.10392933357584301,0.0695656014306613,0.019128470349745394,0.22557802337219132,0.22183914604213212,0.4734350770834982
lejepa,treated,in100.lejepa.s0.e20f.ext,272,0.10140287470857656,0.06253810669509258,0.016757645056468415,0.22013367740468154,0.2517264440176858,0.6559022341074358
lejepa,treated,in100.lejepa.s0.e20f.ext,273,0.09130584978506687,0.05810407974994691,0.01485270211043106,0.20534334437835175,0.2346847903274298,0.5732932661759245
lejepa,treated,in100.lejepa.s0.e20f.ext,274,0.08672794077972508,0.053104613204721984,0.014366786076240281,0.18626137599414871,0.26461624425701613,0.5456700610248549
lejepa,treated,in100.lejepa.s0.e20f.ext,275,0.0838866550606614,0.04845470520455947,0.013432154873836002,0.18255246413459794,0.27604612704007686,0.6055341371785772
lejepa,treated,in100.lejepa.s0.e20f.ext,276,0.08055219126475989,0.049914969334490855,0.013269390836772312,0.1645957169392008,0.2769900917699173,0.5736548178227838
lejepa,treated,in100.lejepa.s0.e20f.ext,277,0.07544111488081433,0.044440577883703564,0.012069916233441492,0.1643983931652333,0.28057651157912805,0.601253023130798
lejepa,treated,in100.lejepa.s0.e20f.ext,278,0.07067020077186568,0.03993518292194116,0.010812177031165288,0.14994271402263676,0.29783264234484236,0.6752014551306488
lejepa,treated,in100.lejepa.s0.e20f.ext,279,0.06820172670919979,0.03640186780997062,0.009725237660941856,0.13924098466894796,0.33018635322962225,0.6592604262793345
lejepa,treated,in100.lejepa.s0.e20f.ext,280,0.06566621224220313,0.0353922171245343,0.00944903300130713,0.14234283870037356,0.31658144850630515,0.746030667162875
lejepa,treated,in100.lejepa.s0.e20f.ext,281,0.055172091125231845,0.030112261974147098,0.006947919380439513,0.12606026960800326,0.2829248659281131,0.7411479001124793
lejepa,treated,in100.lejepa.s0.e20f.ext,282,0.050125407079624686,0.026987285654782495,0.0067579715887784615,0.11511210782835156,0.2914253158285824,0.7984613101765163
lejepa,treated,in100.lejepa.s0.e20f.ext,283,0.03472015137226842,0.020011090020437827,0.00504075776814293,0.07845438750361383,0.2714465477278813,0.8039198440298984
ours,control,in100.floorssl.s0.d256vm4zonly.extL,0,6.711322141930559,5.488279503065558,1.64303785288167,13.1146079336204,0.16519259688400278,0.04576379686803239
ours,control,in100.floorssl.s0.d256vm4zonly.extL,1,4.2431897089891875,3.3037765253644533,0.9924994475395917,8.628457109665806,0.17115312519376613,0.04776541151785072
ours,control,in100.floorssl.s0.d256vm4zonly.extL,2,2.9642402915875743,2.3362443694643478,0.8044334507656162,5.863533389010213,0.1708280276854103,0.04517144068578895
ours,control,in100.floorssl.s0.d256vm4zonly.extL,3,2.474804741245715,1.8225611364868648,0.6250146405163156,4.9797937151204374,0.19955082377032332,0.04331891327285644
ours,control,in100.floorssl.s0.d256vm4zonly.extL,4,2.3481434117101374,1.6965695781390144,0.567145200379464,4.759719901364206,0.2032244661270367,0.0370213165184769
ours,control,in100.floorssl.s0.d256vm4zonly.extL,5,2.2839695221824057,1.6297739444653518,0.5463165353748174,4.402988783738165,0.23150981875605064,0.026934781474128974
ours,control,in100.floorssl.s0.d256vm4zonly.extL,6,2.1910103261919702,1.5464137611852884,0.5055720075051674,4.3965518970921575,0.21923423660884778,0.041923960505396464
ours,control,in100.floorssl.s0.d256vm4zonly.extL,7,1.9887363716825543,1.51231841490595,0.545516654534645,3.923958734987684,0.18356514111761463,0.034053238349647366
ours,control,in100.floorssl.s0.d256vm4zonly.extL,8,1.9504042167028486,1.5211836296271448,0.5323891388266087,3.814047338628228,0.1782398165354499,0.0327376653423317
ours,control,in100.floorssl.s0.d256vm4zonly.extL,9,1.8938570183663899,1.4806941616527358,0.5249279029009886,3.7140477396818055,0.1725660495408027,0.046066890723394475
ours,control,in100.floorssl.s0.d256vm4zonly.extL,10,1.84683623565616,1.3979075925316407,0.48127569956443855,3.6517561878932883,0.18909127166004122,0.03788325602820572
ours,control,in100.floorssl.s0.d256vm4zonly.extL,11,1.7898466211396253,1.3794133067149328,0.4897599014751007,3.582659714891237,0.17647933633997814,0.030138750177516157
ours,control,in100.floorssl.s0.d256vm4zonly.extL,12,1.7662106142912635,1.3546164507725624,0.5022618698760732,3.4372505769360875,0.1809146291784017,0.02236614786575765
ours,control,in100.floorssl.s0.d256vm4zonly.extL,13,1.694949587001839,1.3542516252137382,0.4844611903574117,3.3201816552237053,0.16170726562898124,0.043741144102162066
ours,control,in100.floorssl.s0.d256vm4zonly.extL,14,1.685230067363237,1.2391112458290923,0.42960339830562744,3.397368085653156,0.19889486290806285,0.040262292314417227
ours,control,in100.floorssl.s0.d256vm4zonly.extL,15,1.6516239060554947,1.276568999124192,0.44212622844336374,3.285592181247516,0.17630327210648772,0.0369442298828797
ours,control,in100.floorssl.s0.d256vm4zonly.extL,16,1.6132211005382386,1.2479588859699833,0.43901397289154803,3.229628224989183,0.1726982490408229,0.03643232699781538
ours,control,in100.floorssl.s0.d256vm4zonly.extL,17,1.590502759344661,1.2435038785559267,0.45038798424124177,3.1650372485850733,0.16806309102459752,0.028628293309155697
ours,control,in100.floorssl.s0.d256vm4zonly.extL,18,1.581104180898302,1.240133148812666,0.44189840643940814,3.1072541835639447,0.17106215559725702,0.035557513670714934
ours,control,in100.floorssl.s0.d256vm4zonly.extL,19,1.5624777020934832,1.2234021027903004,0.42611308836562795,3.090245213499698,0.17318351918347988,0.03516247834332551
ours,control,in100.floorssl.s0.d256vm4zonly.extL,20,1.5110588926011224,1.1696547465351361,0.40715876829854364,3.0034199836685236,0.1726030480163927,0.029929403317663746
ours,control,in100.floorssl.s0.d256vm4zonly.extL,21,1.5024166250515525,1.1842064026508337,0.4087969650787549,2.9848585799110245,0.1672920163707919,0.04637496785213398
ours,control,in100.floorssl.s0.d256vm4zonly.extL,22,1.4824033079153882,1.166690858237975,0.41833620559845647,2.9089691441599608,0.16772393269184382,0.04048530242958577
ours,control,in100.floorssl.s0.d256vm4zonly.extL,23,1.4531283614645352,1.1081257834162261,0.37733777865705703,2.91127670096594,0.18516906986620257,0.04303562298030454
ours,control,in100.floorssl.s0.d256vm4zonly.extL,24,1.4267605373955037,1.101199201722868,0.37361864721766774,2.8400757672972023,0.18060195564316617,0.045447693868557994
ours,control,in100.floorssl.s0.d256vm4zonly.extL,25,1.3993545789107762,1.0773026936538024,0.3671892980992759,2.816759414289176,0.17547399919781795,0.047359173162270535
ours,control,in100.floorssl.s0.d256vm4zonly.extL,26,1.3852390202003386,1.074908131187648,0.3708826609370501,2.748050618307666,0.17606766846066818,0.04401439664917864
ours,control,in100.floorssl.s0.d256vm4zonly.extL,27,1.3791104582275036,1.0651624312709695,0.3712368099136007,2.734881968386145,0.17773387215703762,0.0605141680219101
ours,control,in100.floorssl.s0.d256vm4zonly.extL,28,1.3518153025228574,1.0757920608058522,0.3857773285179781,2.6363964790843397,0.16669614209669303,0.0423454160230881
ours,control,in100.floorssl.s0.d256vm4zonly.extL,29,1.3070985175310446,1.0086542030285974,0.34973486423256084,2.6324550238917888,0.17678942954629157,0.04613407226499675
ours,control,in100.floorssl.s0.d256vm4zonly.extL,30,1.2982244773233043,1.0109974011131098,0.35335680699440786,2.563725259222446,0.1752028954936075,0.03651594956627215
ours,control,in100.floorssl.s0.d256vm4zonly.extL,31,1.278480317251659,0.9920909902922785,0.3547494654803022,2.4951901654814033,0.1750555901729422,0.04816911470379891
ours,control,in100.floorssl.s0.d256vm4zonly.extL,32,1.2575101446417494,0.9791041606302745,0.3477141958505939,2.488038931315086,0.17080838146528202,0.03500152218665124
ours,control,in100.floorssl.s0.d256vm4zonly.extL,33,1.2545398598701134,0.9820100316064282,0.3378210225303434,2.5255982979348124,0.16954181015476705,0.04757099610985431
ours,control,in100.floorssl.s0.d256vm4zonly.extL,34,1.2417736197268974,0.974233078891214,0.33643807192545605,2.4554106215016787,0.17059236445915263,0.041110974281431505
ours,control,in100.floorssl.s0.d256vm4zonly.extL,35,1.2288663859281992,0.9508882909035477,0.33447116419115325,2.471269729951055,0.17008464787852215,0.06145411104018551
ours,control,in100.floorssl.s0.d256vm4zonly.extL,36,1.2020244734591172,0.9257024224932949,0.32196226472108974,2.4095505008802567,0.17767893423767453,0.057503219070201686
ours,control,in100.floorssl.s0.d256vm4zonly.extL,37,1.199567080641918,0.9358366243417305,0.31949057284884647,2.3951964488771393,0.17331269274622982,0.047130624789897234
ours,control,in100.floorssl.s0.d256vm4zonly.extL,38,1.1851020525264544,0.9265258966335589,0.31938823898638646,2.367556043857841,0.169462727846309,0.0390533709260856
ours,control,in100.floorssl.s0.d256vm4zonly.extL,39,1.1597693656947832,0.8824153439827185,0.3003924039222353,2.3374099432848823,0.1825378139954265,0.04367676571243071
ours,control,in100.floorssl.s0.d256vm4zonly.extL,40,1.1542304903065168,0.8910857945981242,0.3135917460752588,2.2954657197454456,0.17447659097010793,0.057181586129437446
ours,control,in100.floorssl.s0.d256vm4zonly.extL,41,1.1274053893413878,0.8769228941859403,0.3122009041576281,2.2436373825170093,0.16908544349555457,0.04630581621841451
ours,control,in100.floorssl.s0.d256vm4zonly.extL,42,1.1190472899554929,0.8796660396478911,0.30283839027455206,2.2257357297116958,0.16991408216832793,0.05443245798582673
ours,control,in100.floorssl.s0.d256vm4zonly.extL,43,1.1108855367249124,0.8774193265976711,0.3163175638001041,2.1848216991059313,0.16849421304854706,0.04932920998466806
ours,control,in100.floorssl.s0.d256vm4zonly.extL,44,1.0983791933787583,0.8487324889679047,0.3018629961246844,2.215167303078386,0.17295138355116543,0.05568005337248763
ours,control,in100.floorssl.s0.d256vm4zonly.extL,45,1.0865612507894118,0.8518924850786088,0.3044734146143638,2.13151256700508,0.16898702454945086,0.07563016310474255
ours,control,in100.floorssl.s0.d256vm4zonly.extL,46,1.0618663993905282,0.8337360583799156,0.2931545106010941,2.087092268366876,0.17087095492821544,0.056272566635135995
ours,control,in100.floorssl.s0.d256vm4zonly.extL,47,1.0577599073431065,0.8345270151472115,0.29055744759840935,2.093386721668919,0.17008847810567154,0.056202436296429154
ours,control,in100.floorssl.s0.d256vm4zonly.extL,48,1.0495586580155045,0.8243985090526318,0.28654617754981615,2.10119560080919,0.16933747379336572,0.055756092507961846
ours,control,in100.floorssl.s0.d256vm4zonly.extL,49,1.0456076628121083,0.8265376498132063,0.289274036846963,2.059937787730975,0.16750372565656596,0.04726225454706944
ours,control,in100.floorssl.s0.d256vm4zonly.extL,50,1.0199286997330677,0.7941700527506552,0.2720507636429479,2.013063559008455,0.17324369078662477,0.05925352160521042
ours,control,in100.floorssl.s0.d256vm4zonly.extL,51,1.0013080128640832,0.7839756729875491,0.26488722092232225,1.9705598526022452,0.1718013295572314,0.0731092359051497
ours,control,in100.floorssl.s0.d256vm4zonly.extL,52,0.9916520407776216,0.7726971402100725,0.26862117545695824,1.978785098758582,0.17438776590562996,0.060157987908438966
ours,control,in100.floorssl.s0.d256vm4zonly.extL,53,0.9861812282383239,0.7659147370636692,0.27615145408332087,1.9698679755402406,0.16970435422607266,0.06149942221099664
ours,control,in100.floorssl.s0.d256vm4zonly.extL,54,0.9807384432090547,0.7671610155830202,0.2748637402119614,1.9461632818165342,0.16962023357606415,0.07861255549599178
ours,control,in100.floorssl.s0.d256vm4zonly.extL,55,0.9624906130428653,0.747838439564702,0.2580553515169656,1.9092229650515993,0.17558023632458827,0.06693923859544824
ours,control,in100.floorssl.s0.d256vm4zonly.extL,56,0.9527395538681305,0.7449875936100174,0.2632972130103449,1.8727161191716746,0.1750853213529789,0.060500324687275994
ours,control,in100.floorssl.s0.d256vm4zonly.extL,57,0.9414525830888205,0.7324786958410964,0.25124761040043536,1.8669104307109343,0.1703160335955334,0.06068481580434795
ours,control,in100.floorssl.s0.d256vm4zonly.extL,58,0.9361800145467558,0.7336062594079749,0.2505382976347765,1.8770998189210548,0.17139310292201218,0.05743375181482875
ours,control,in100.floorssl.s0.d256vm4zonly.extL,59,0.922221648109878,0.7085800433970355,0.24562962016119763,1.8541570964765266,0.17342261454850963,0.06530250413527974
ours,control,in100.floorssl.s0.d256vm4zonly.extL,60,0.9137276525266882,0.7070855073880782,0.2417205834551226,1.8356338323120498,0.174853028275966,0.05920337187856786
ours,control,in100.floorssl.s0.d256vm4zonly.extL,61,0.9026030859671761,0.6971669754415657,0.23947393203756306,1.802503302542035,0.174928389956895,0.07182134648737047
ours,control,in100.floorssl.s0.d256vm4zonly.extL,62,0.8951462703017684,0.6998383492790018,0.23977650304929082,1.7739154800455903,0.17007952469450918,0.06468899396449078
ours,control,in100.floorssl.s0.d256vm4zonly.extL,63,0.8877985514708203,0.6923506954451222,0.24737971552097088,1.7506463937286818,0.17081589984152715,0.06257091941044535
ours,control,in100.floorssl.s0.d256vm4zonly.extL,64,0.880453762628375,0.6909713536073054,0.23332280327062419,1.7663086517697675,0.1668992613345257,0.08500345348000302
ours,control,in100.floorssl.s0.d256vm4zonly.extL,65,0.8635362602818362,0.6784498967185622,0.23859420281805777,1.7038841312544069,0.17153850069183854,0.07661170149896064
ours,control,in100.floorssl.s0.d256vm4zonly.extL,66,0.8523640106518215,0.6485438125073503,0.2229466044056478,1.7265515837528147,0.181025201188891,0.06470782202450093
ours,control,in100.floorssl.s0.d256vm4zonly.extL,67,0.8452970168779553,0.6567519539918812,0.23629343352275423,1.6782344897252013,0.17376490858585697,0.06305339676092327
ours,control,in100.floorssl.s0.d256vm4zonly.extL,68,0.8338231130173144,0.622783305644544,0.2130126914386795,1.6696640293680394,0.1913839082721789,0.07543780720838868
ours,control,in100.floorssl.s0.d256vm4zonly.extL,69,0.8243213293992645,0.6404737156465266,0.2249553225030006,1.6421416219127223,0.17287543397497718,0.08971780049271455
ours,control,in100.floorssl.s0.d256vm4zonly.extL,70,0.812022140309019,0.6343253670336124,0.2189777283002023,1.6216191875694772,0.17095112131842477,0.07884301567726232
ours,control,in100.floorssl.s0.d256vm4zonly.extL,71,0.8076881575326008,0.6223762691632034,0.21455259373818217,1.5993575595364051,0.1787649942952424,0.076040493162979
ours,control,in100.floorssl.s0.d256vm4zonly.extL,72,0.7931283948069529,0.6149747973341289,0.20436318284420943,1.6024361755926688,0.17352183717885522,0.11102823334036914
ours,control,in100.floorssl.s0.d256vm4zonly.extL,73,0.781795363591972,0.6043444361583965,0.20686851168931358,1.5484128735640343,0.17672972885161564,0.07932761515746672
ours,control,in100.floorssl.s0.d256vm4zonly.extL,74,0.7677520923770186,0.5855958055856649,0.1940204585791249,1.5450462376381673,0.18035642642682162,0.10092147198726066
ours,control,in100.floorssl.s0.d256vm4zonly.extL,75,0.763698857027835,0.5940188620378353,0.2009789712536592,1.5336453132553907,0.17286540760611177,0.07216725382557442
ours,control,in100.floorssl.s0.d256vm4zonly.extL,76,0.7567455297537826,0.5867269263956476,0.20250655679723087,1.5335137498937375,0.17496305780443308,0.11770439242260966
ours,control,in100.floorssl.s0.d256vm4zonly.extL,77,0.7413094505991648,0.5612780585739421,0.1942679341038143,1.4602743229366473,0.18288345570039044,0.1161728869629203
ours,control,in100.floorssl.s0.d256vm4zonly.extL,78,0.7319735808009173,0.5760627488219419,0.19635811289764035,1.4540821428915391,0.17178870966669468,0.1132755685665032
ours,control,in100.floorssl.s0.d256vm4zonly.extL,79,0.7276872024596834,0.559797346847386,0.19088847956448146,1.4605753736088456,0.17638483588933673,0.09163080667440772
ours,control,in100.floorssl.s0.d256vm4zonly.extL,80,0.7111623931138096,0.5569799500978853,0.18588816614587408,1.4258312258707355,0.17507037599783323,0.10734984106286738
ours,control,in100.floorssl.s0.d256vm4zonly.extL,81,0.7043177230047871,0.5429830131879537,0.18622805508022525,1.4115762216704106,0.17973580319912527,0.1016492984919323
ours,control,in100.floorssl.s0.d256vm4zonly.extL,82,0.7016720716600146,0.5412067609754483,0.188760177908648,1.4088397517625202,0.17469147218358855,0.0923653122586582
ours,control,in100.floorssl.s0.d256vm4zonly.extL,83,0.6928538251329812,0.530366135225129,0.18910702744344343,1.3904639923244035,0.17379215439040818,0.09183816822839791
ours,control,in100.floorssl.s0.d256vm4zonly.extL,84,0.6769317783759426,0.5280319035738678,0.18048948871021087,1.3521487228204105,0.17092376488636354,0.09698968999906935
ours,control,in100.floorssl.s0.d256vm4zonly.extL,85,0.6725426829451213,0.5292579264089332,0.1810952349279535,1.3323615960267294,0.17228512895046824,0.09728976303682142
ours,control,in100.floorssl.s0.d256vm4zonly.extL,86,0.6668005314213438,0.5170110170347675,0.17432338790227922,1.3358349132771246,0.17639314042067236,0.11307692931931354
ours,control,in100.floorssl.s0.d256vm4zonly.extL,87,0.657722181805398,0.5059752201450435,0.1664265912109123,1.3348608170609073,0.17449512643377524,0.11634364644765291
ours,control,in100.floorssl.s0.d256vm4zonly.extL,88,0.6502055515151232,0.4913078735859334,0.16774080007912018,1.265910471732608,0.19230034832778947,0.11244588874196576
ours,control,in100.floorssl.s0.d256vm4zonly.extL,89,0.6401675088195306,0.4957329694887951,0.16721555272742888,1.290305174117338,0.1709373775483826,0.10564201069570121
ours,control,in100.floorssl.s0.d256vm4zonly.extL,90,0.6274734711552887,0.46968813580893887,0.16225385614903448,1.2771910147247776,0.1822170952219932,0.14554633280899054
ours,control,in100.floorssl.s0.d256vm4zonly.extL,91,0.620141121602186,0.4820282453351794,0.16839149378584706,1.2246321870154022,0.1738624833001262,0.12411216785138056
ours,control,in100.floorssl.s0.d256vm4zonly.extL,92,0.6162049569080016,0.46666761453647,0.1595376611143467,1.21583491359824,0.19010063373321243,0.16358812224431013
ours,control,in100.floorssl.s0.d256vm4zonly.extL,93,0.6041112860956532,0.47047986774456874,0.15678199191485379,1.2033435228377534,0.1773183968485844,0.12804123475986767
ours,control,in100.floorssl.s0.d256vm4zonly.extL,94,0.6011230673880136,0.4610165470727139,0.15729730690049565,1.2234525255155273,0.17360797768255046,0.11294046059014985
ours,control,in100.floorssl.s0.d256vm4zonly.extL,95,0.595657909744077,0.4640391772522636,0.15621920033659484,1.1987448707495296,0.17124640244889094,0.12580125770382375
ours,control,in100.floorssl.s0.d256vm4zonly.extL,96,0.591394042662192,0.4515869901893849,0.15353954289278338,1.1898129580775305,0.17671443860218367,0.12170856839010384
ours,control,in100.floorssl.s0.d256vm4zonly.extL,97,0.5874163824241785,0.44782517127644783,0.15527812845591596,1.1902675414554702,0.1761072565662189,0.125515082039545
ours,control,in100.floorssl.s0.d256vm4zonly.extL,98,0.5688226966159914,0.44633850944360826,0.15265516530161885,1.1431868165799437,0.16780148092512773,0.12605430977551924
ours,control,in100.floorssl.s0.d256vm4zonly.extL,99,0.5659955390952173,0.4366551616748625,0.1519658368415858,1.1404892749729902,0.1775997958957766,0.14025452636478372
ours,control,in100.floorssl.s0.d256vm4zonly.extL,100,0.5626552146789433,0.4313631655344411,0.14326534879515368,1.1354182688150034,0.17991509821510113,0.1444642657911359
ours,control,in100.floorssl.s0.d256vm4zonly.extL,101,0.5405431018869518,0.4143120830915376,0.13842734018214845,1.0901405259161334,0.17597397350396876,0.15015649696127184
ours,control,in100.floorssl.s0.d256vm4zonly.extL,102,0.5308135755503898,0.3994978247190992,0.13720612068648066,1.066404680657926,0.18773306343751098,0.16040413019151795
ours,control,in100.floorssl.s0.d256vm4zonly.extL,103,0.5247141629476549,0.4045747460197311,0.13276893225656794,1.052938705533798,0.17778692385549824,0.15790965708094848
ours,control,in100.floorssl.s0.d256vm4zonly.extL,104,0.5084444992028587,0.39063934090811386,0.1313192636690266,1.023259942126754,0.17793204460545664,0.1665135136963875
ours,control,in100.floorssl.s0.d256vm4zonly.extL,105,0.5040781962767524,0.38430244995642265,0.12818517509832705,1.0122971726115044,0.18070604335424373,0.16143430513504736
ours,control,in100.floorssl.s0.d256vm4zonly.extL,106,0.49232744486126895,0.3761019038276357,0.12941859626462127,0.9961473908750886,0.17424283695102033,0.15371766809135654
ours,control,in100.floorssl.s0.d256vm4zonly.extL,107,0.488650469594178,0.3678154810563097,0.12207309530855462,0.9908067730028788,0.1848071676843024,0.14398674194939048
ours,control,in100.floorssl.s0.d256vm4zonly.extL,108,0.47967167140740585,0.36673094544092105,0.12232029450916836,0.9698551507152139,0.18008376207665916,0.17365544669266694
ours,control,in100.floorssl.s0.d256vm4zonly.extL,109,0.4704637786488848,0.3569252692811844,0.12098345371112736,0.9467355342563438,0.1767546133123556,0.16667601613345798
ours,control,in100.floorssl.s0.d256vm4zonly.extL,110,0.46077313589754293,0.3485578683403844,0.11551397999660444,0.9370807908528046,0.18334759542861098,0.1905811565785651
ours,control,in100.floorssl.s0.d256vm4zonly.extL,111,0.45541070541875917,0.3472990809661748,0.11761780324647295,0.9121121986202827,0.18030844780639374,0.16517866598722608
ours,control,in100.floorssl.s0.d256vm4zonly.extL,112,0.4536129882401035,0.34338371733295125,0.11766787819087127,0.9318310394264927,0.1803147370089869,0.1699458091237583
ours,control,in100.floorssl.s0.d256vm4zonly.extL,113,0.43906350677979583,0.32594414501076824,0.11028051655057851,0.900770539410793,0.18487243321159183,0.21324205794309986
ours,control,in100.floorssl.s0.d256vm4zonly.extL,114,0.43323330226743584,0.32892413873200593,0.11139634245212433,0.8816197776115262,0.1789529977179226,0.18845457057929607
ours,control,in100.floorssl.s0.d256vm4zonly.extL,115,0.42464650382755753,0.3263803870174232,0.10992516913898012,0.8545753335276096,0.1768453544825652,0.1919009508425636
ours,control,in100.floorssl.s0.d256vm4zonly.extL,116,0.42010392263224244,0.32120694230496094,0.1050860164616261,0.8485044052593256,0.17915835803674895,0.18593831068035674
ours,control,in100.floorssl.s0.d256vm4zonly.extL,117,0.4174441911159273,0.31754105909079555,0.10180869325122449,0.8571056702929265,0.17913479725848674,0.17775771329084528
ours,control,in100.floorssl.s0.d256vm4zonly.extL,118,0.41270213726648663,0.31385819866932674,0.10769701890317822,0.8226832723177369,0.18405891216830833,0.21515155390868024
ours,control,in100.floorssl.s0.d256vm4zonly.extL,119,0.4006113075982414,0.2965296780819686,0.09650765751459786,0.8186408460260872,0.19249774198135022,0.199080760667545
ours,control,in100.floorssl.s0.d256vm4zonly.extL,120,0.3965523835990993,0.2976872564760791,0.09845334219493465,0.7929038794836347,0.1904969448376542,0.20147004669479196
ours,control,in100.floorssl.s0.d256vm4zonly.extL,121,0.3912255362403314,0.29340662734945855,0.09913782319832237,0.7895613150154243,0.18390972720155252,0.22505121365583539
ours,control,in100.floorssl.s0.d256vm4zonly.extL,122,0.38066404881313154,0.28281560452383214,0.09566054851035488,0.7838127526361305,0.18424126940554417,0.23718827561645678
ours,control,in100.floorssl.s0.d256vm4zonly.extL,123,0.37868689384505433,0.28556339775795175,0.09467314697512746,0.7708238288665418,0.18533258019852014,0.2579428025994657
ours,control,in100.floorssl.s0.d256vm4zonly.extL,124,0.368102152116731,0.2806348780841554,0.09413095330849519,0.7472169098844981,0.18425677425890102,0.21196216046604044
ours,control,in100.floorssl.s0.d256vm4zonly.extL,125,0.362459061650889,0.2761386098618309,0.09248915935361261,0.7382968758316804,0.17759292671325708,0.24298278229028816
ours,control,in100.floorssl.s0.d256vm4zonly.extL,126,0.3535116520392373,0.2655199107160293,0.08792689067742777,0.7229280743165091,0.1797437122052366,0.16254835183872574
ours,control,in100.floorssl.s0.d256vm4zonly.extL,127,0.346574117296512,0.26393943195189873,0.09018914919435222,0.7059538190120416,0.17897025865854563,0.23156604127160332
ours,control,in100.floorssl.s0.d256vm4zonly.extL,128,0.33906871865323135,0.2539219095437584,0.08598661337795907,0.6905193203167956,0.18494300572336994,0.2518538198149251
ours,control,in100.floorssl.s0.d256vm4zonly.extL,129,0.33059330467368336,0.2519704397704722,0.08326693884082824,0.6613248639122902,0.18358126765686905,0.2683282691522955
ours,control,in100.floorssl.s0.d256vm4zonly.extL,130,0.32919180838003137,0.24333919644277108,0.08431549902976904,0.675955636146477,0.1896839150360587,0.23437975499612057
ours,control,in100.floorssl.s0.d256vm4zonly.extL,131,0.32263803328079377,0.23841698074615147,0.07762375904397997,0.6640431384458289,0.1921109055995125,0.26371709409325284
ours,control,in100.floorssl.s0.d256vm4zonly.extL,132,0.3126042773126061,0.2268677804888029,0.07500928076151242,0.6228113714655461,0.20690210760617153,0.2804217213702346
ours,control,in100.floorssl.s0.d256vm4zonly.extL,133,0.30284639135595426,0.2269967106400918,0.07257457013335475,0.6242490603293348,0.18861031862179628,0.34873083429356866
ours,control,in100.floorssl.s0.d256vm4zonly.extL,134,0.29423082693382435,0.22015752144378253,0.07627956024800624,0.5943018128714215,0.1857659834301363,0.3219955022287843
ours,control,in100.floorssl.s0.d256vm4zonly.extL,135,0.2894824818160396,0.2115551615404127,0.06912209858528358,0.6027961499934609,0.19303874748226987,0.30562168453223754
ours,control,in100.floorssl.s0.d256vm4zonly.extL,136,0.2886743987910562,0.21595326615992919,0.07237479006418635,0.5911666454519633,0.18664309849764338,0.29636757462738983
ours,control,in100.floorssl.s0.d256vm4zonly.extL,137,0.27827083995180335,0.20594656371286568,0.0673502419571504,0.5652044865587882,0.194818838614567,0.2546401378339828
ours,control,in100.floorssl.s0.d256vm4zonly.extL,138,0.2711974172148614,0.20490761181399306,0.06650017797586542,0.5458813471644008,0.18325075370104743,0.34951621845229086
ours,control,in100.floorssl.s0.d256vm4zonly.extL,139,0.2616276833310318,0.18868180889396813,0.06307168604182724,0.5310042610643522,0.1993364967546159,0.3525521692683269
ours,control,in100.floorssl.s0.d256vm4zonly.extL,140,0.2603372752115628,0.18813212688968725,0.06069512928465506,0.5333508741160231,0.1992147374907143,0.4249189845758108
ours,control,in100.floorssl.s0.d256vm4zonly.extL,141,0.25651919042407506,0.18817625862527118,0.060174727673334136,0.5281928047322556,0.19654095441280203,0.3315637791653554
ours,control,in100.floorssl.s0.d256vm4zonly.extL,142,0.24826041982308486,0.18001044728158938,0.05773736751937899,0.5056031181592043,0.20568299911783686,0.38491123416928474
ours,control,in100.floorssl.s0.d256vm4zonly.extL,143,0.24465130626905116,0.17828412382557685,0.05815969792688046,0.5014268135479697,0.19807076229765594,0.30779282409881736
ours,control,in100.floorssl.s0.d256vm4zonly.extL,144,0.24122646597082184,0.1683421055238951,0.052797654140663,0.502086615148436,0.21295674441701345,0.33043697355889
ours,control,in100.floorssl.s0.d256vm4zonly.extL,145,0.22687530467861824,0.16115154518156888,0.05156654946058378,0.4684720688712289,0.20976929025874128,0.33228413720865907
ours,control,in100.floorssl.s0.d256vm4zonly.extL,146,0.2207403213799855,0.15912366715586052,0.051856565966022825,0.45099146273229196,0.20121385203801478,0.40861368641807305
ours,control,in100.floorssl.s0.d256vm4zonly.extL,147,0.2157196200373733,0.15226478393586668,0.050196370261329,0.4581493204524852,0.20929788076949088,0.3265163255049148
ours,control,in100.floorssl.s0.d256vm4zonly.extL,148,0.2146142333988801,0.15567019989035544,0.049969715868355774,0.44090821279023973,0.20231735655373612,0.36532444865634955
ours,control,in100.floorssl.s0.d256vm4zonly.extL,149,0.20914354574942168,0.13893989770573587,0.04512776944816039,0.4375697013113793,0.22922409350965442,0.449977704266393
ours,control,in100.floorssl.s0.d256vm4zonly.extL,150,0.20526753813086568,0.14104210747890672,0.04519951379259265,0.4128363799345007,0.23246970116128318,0.39402458759383696
ours,control,in100.floorssl.s0.d256vm4zonly.extL,151,0.19744540494666796,0.14025261741461287,0.04553664378383069,0.40963434602539645,0.2040280292156146,0.4084712204548093
ours,control,in100.floorssl.s0.d256vm4zonly.extL,152,0.1904751452232491,0.13489658912464658,0.0438391489988906,0.3922248311806562,0.20661644509484217,0.46343883448956036
ours,control,in100.floorssl.s0.d256vm4zonly.extL,153,0.1881825168918807,0.13140320703337466,0.04203998061113371,0.38313428753324985,0.21923310325579845,0.4560267360232438
ours,control,in100.floorssl.s0.d256vm4zonly.extL,154,0.17852252037803246,0.12287630010583725,0.03771370593944294,0.37379946570113765,0.21839988478423472,0.31395744328271374
ours,control,in100.floorssl.s0.d256vm4zonly.extL,155,0.17255980868167073,0.12226953471297813,0.03908468709750122,0.3540013387592052,0.21051908294730398,0.34117261350371486
ours,control,in100.floorssl.s0.d256vm4zonly.extL,156,0.16948392756882494,0.11702670062335221,0.03875144779785355,0.34018464359252654,0.2239017571709068,0.43760179149820994
ours,control,in100.floorssl.s0.d256vm4zonly.extL,157,0.1608837888243387,0.10517629424055772,0.0334971311467731,0.32543239623124676,0.2526659475413623,0.4635774905862512
ours,control,in100.floorssl.s0.d256vm4zonly.extL,158,0.15573984523393974,0.10753974541916564,0.03386503453872513,0.31751004233129315,0.2214672099167038,0.4416354953275444
ours,control,in100.floorssl.s0.d256vm4zonly.extL,159,0.15303938364004047,0.10705684271362731,0.03430922192967136,0.3192190277253679,0.21447284096223393,0.48442983569712306
ours,control,in100.floorssl.s0.d256vm4zonly.extL,160,0.14684205375188825,0.09573831682112215,0.029599191434847825,0.31054698760704247,0.2377457882401549,0.5485627013285886
ours,control,in100.floorssl.s0.d256vm4zonly.extL,161,0.14308863132638763,0.0954153516930631,0.03026378530765994,0.2883428636845195,0.2410577485035753,0.4634908413743785
ours,control,in100.floorssl.s0.d256vm4zonly.extL,162,0.1399977908126962,0.0898612864337073,0.02892539531896327,0.27916782652658656,0.26441977095789415,0.4585317181346802
ours,control,in100.floorssl.s0.d256vm4zonly.extL,163,0.13708388758688542,0.09211251477944617,0.029382662046516524,0.2833439141402854,0.23266799964589838,0.5401956291125531
ours,control,in100.floorssl.s0.d256vm4zonly.extL,164,0.1296662556006903,0.07844767849625175,0.024394017195624413,0.2629861721788181,0.28888199408160503,0.4461686869961901
ours,control,in100.floorssl.s0.d256vm4zonly.extL,165,0.12218981780240161,0.07892357745216935,0.02429930818311651,0.25524606859389604,0.2482932970910132,0.5068301805198184
ours,control,in100.floorssl.s0.d256vm4zonly.extL,166,0.11774127694322382,0.0742541421905677,0.023092260883540678,0.2482781821578464,0.249423250362341,0.5679562931439535
ours,control,in100.floorssl.s0.d256vm4zonly.extL,167,0.1075831760641766,0.05979615780115524,0.018219793354874593,0.2225447974439236,0.31721684695879787,0.5870242765097976
ours,control,in100.floorssl.s0.d256vm4zonly.extL,168,0.10376989017443264,0.06841822726074287,0.021008804828049895,0.21905944069493885,0.2398287386313507,0.4252769273021595
ours,control,in100.floorssl.s0.d256vm4zonly.extL,169,0.10201138286581471,0.05709657275659584,0.0173031178309822,0.20323304315874624,0.3178972168624885,0.5579397280595799
ours,control,in100.floorssl.s0.d256vm4zonly.extL,170,0.10050997980212424,0.059380522521862725,0.018321614693297877,0.20884001222213072,0.2836986165632795,0.5100403329448626
ours,control,in100.floorssl.s0.d256vm4zonly.extL,171,0.09098040605484597,0.048429659194433275,0.014287494611643563,0.17087643053295562,0.3530829386077311,0.6029613037422319
ours,control,in100.floorssl.s0.d256vm4zonly.extL,172,0.08953445626861332,0.04512070554493293,0.013663906783291636,0.1576411739297304,0.38881480035756877,0.5992475092786423
ours,control,in100.floorssl.s0.d256vm4zonly.extL,173,0.08188456572816703,0.04398937683579124,0.012477730444725221,0.16261945096748004,0.3390624609020883,0.5624024380607516
ours,control,in100.floorssl.s0.d256vm4zonly.extL,174,0.0763231799154444,0.038546583184648375,0.01154028560528253,0.1419201687222672,0.3716097871430089,0.6711667084901233
ours,control,in100.floorssl.s0.d256vm4zonly.extL,175,0.07478275021759066,0.03892618204015587,0.011250088292210454,0.15267956494598084,0.3334771749110481,0.7273893026904514
ours,control,in100.floorssl.s0.d256vm4zonly.extL,176,0.07313119678483569,0.03403196701268933,0.010070430396128857,0.13653347225478854,0.4063351730852242,0.7326736230563102
ours,control,in100.floorssl.s0.d256vm4zonly.extL,177,0.0659531866261515,0.03059604903692916,0.009064153907825815,0.12418203815335915,0.4004511322683213,0.6235084402251472
ours,control,in100.floorssl.s0.d256vm4zonly.extL,178,0.05409759034236373,0.025986558159202998,0.006411048961867568,0.12065855361001937,0.3328196649990296,0.764958616410661
ours,control,in100.floorssl.s0.d256vm4zonly.extL,179,0.045814754952189354,0.02351563266460103,0.006048664677090093,0.10436755964761912,0.30430776641329044,0.7949368062547838
ours,control,in100.floorssl.s0.d256vm4zonly.extL,180,0.033636728560405414,0.01931687522664738,0.005088084078245238,0.07462496114152935,0.27471091360638084,0.8068082390158721
ours,treated,in100.floorssl.s0.d256vm4.extL,0,13.956828677777565,6.190093886759394,1.1108513931037156,38.767791420517746,0.24088346793201562,0.03450534920988672
ours,treated,in100.floorssl.s0.d256vm4.extL,1,9.48668587327007,7.454244107992727,2.1437049678345255,19.502417674356533,0.16329819125799022,0.02506429891007402
ours,treated,in100.floorssl.s0.d256vm4.extL,2,9.023894059278382,7.080169048086532,2.046565432018439,18.56229753628033,0.1667101744516216,0.018609683415465816
ours,treated,in100.floorssl.s0.d256vm4.extL,3,8.36261516142508,6.6737122046749136,1.811145160569019,17.22170790055557,0.16377568127860256,0.020154750963997593
ours,treated,in100.floorssl.s0.d256vm4.extL,4,6.34968769320117,4.992216785487869,1.4481606491755483,12.965816296923984,0.16788701407003767,0.02887146586572965
ours,treated,in100.floorssl.s0.d256vm4.extL,5,6.095688968074412,4.2684131346228025,1.2391749547249948,12.931982499126887,0.21557430752977555,0.019434879229243873
ours,treated,in100.floorssl.s0.d256vm4.extL,6,5.509844700644705,4.330162146804572,1.2532276131071378,11.22885941681051,0.1706758008797585,0.026853877787932197
ours,treated,in100.floorssl.s0.d256vm4.extL,7,5.03205231283977,3.9298840066884235,1.147140778932477,10.35050567030593,0.16675460753790056,0.02215291453140404
ours,treated,in100.floorssl.s0.d256vm4.extL,8,4.727261105954193,3.44355887823847,0.9609861737487887,9.955829728325128,0.19658010198094433,0.025621178225165103
ours,treated,in100.floorssl.s0.d256vm4.extL,9,4.130176909709053,3.0148341223183643,0.8882301101447384,8.622045003450417,0.19393162062245564,0.02036604752116397
ours,treated,in100.floorssl.s0.d256vm4.extL,10,4.082895949948538,3.1541656269606784,0.9224505103902256,8.315746644123168,0.17897183885551393,0.022390468746146426
ours,treated,in100.floorssl.s0.d256vm4.extL,11,3.807955660337176,2.6367103235187335,0.71384499530975,7.703639053755572,0.23899517159176226,0.02009957206419217
ours,treated,in100.floorssl.s0.d256vm4.extL,12,3.6002885355444305,2.6426205910884475,0.7675326350013549,7.481301434828263,0.1939253838714577,0.020107135128526177
ours,treated,in100.floorssl.s0.d256vm4.extL,13,3.4689913338306915,2.6220366806384883,0.8143957480633742,7.048887293185306,0.18173634018150656,0.014778870960214826
ours,treated,in100.floorssl.s0.d256vm4.extL,14,3.2684290805199026,2.4461867139685953,0.7260537778497167,6.731802290375969,0.18933840595222093,0.022982912536642187
ours,treated,in100.floorssl.s0.d256vm4.extL,15,3.1569121171793753,2.461167219619819,0.737756027306764,6.425666338829037,0.1702273317381658,0.01910017493804432
ours,treated,in100.floorssl.s0.d256vm4.extL,16,3.076092501109282,2.362668777609335,0.7033492654174751,6.353869189278843,0.17465482332040325,0.018763326418171255
ours,treated,in100.floorssl.s0.d256vm4.extL,17,3.0376263235294925,2.2379164450017424,0.642069273853068,6.2273080469921345,0.19565446674934933,0.01687806759729082
ours,treated,in100.floorssl.s0.d256vm4.extL,18,2.9559905696789275,2.2761006742671364,0.6630817624072194,6.0035118292307335,0.17912524343584102,0.020992000681341893
ours,treated,in100.floorssl.s0.d256vm4.extL,19,2.904370690792841,2.262744977444113,0.6744706320481404,5.970837289874049,0.16989141697946755,0.014253912164249498
ours,treated,in100.floorssl.s0.d256vm4.extL,20,2.861326550219162,2.198266671211294,0.6502586045153713,5.90758271886237,0.17475802162810786,0.019894668091989223
ours,treated,in100.floorssl.s0.d256vm4.extL,21,2.815538140082481,2.1047252603612816,0.6387026193545975,5.9094157246853705,0.1813132739688633,0.016204869232974938
ours,treated,in100.floorssl.s0.d256vm4.extL,22,2.767683239796326,2.080921660276682,0.6287672052953533,5.784903090119355,0.17646590283170938,0.013706735055326387
ours,treated,in100.floorssl.s0.d256vm4.extL,23,2.7281067180226977,2.0883066249628413,0.6169812613618474,5.652258717569663,0.17620226700209213,0.01979444173473385
ours,treated,in100.floorssl.s0.d256vm4.extL,24,2.7040176581742092,2.0494947650514894,0.6096664807619272,5.574087891876261,0.17999442724203507,0.012473302331334812
ours,treated,in100.floorssl.s0.d256vm4.extL,25,2.6749825117490653,2.033758021480258,0.5986923747487863,5.531010304476066,0.18299696309918922,0.01917229227563422
ours,treated,in100.floorssl.s0.d256vm4.extL,26,2.590518218965374,1.9782091724810256,0.5825281359543503,5.418117682500109,0.17339623274418597,0.017487589520099264
ours,treated,in100.floorssl.s0.d256vm4.extL,27,2.5774015383032514,1.962466917711657,0.5884701606047449,5.274460129130949,0.1751374045654546,0.01647555279280311
ours,treated,in100.floorssl.s0.d256vm4.extL,28,2.537636825760584,1.9517141218424978,0.5820080555013737,5.135031631275048,0.17781477280595395,0.01140492403347246
ours,treated,in100.floorssl.s0.d256vm4.extL,29,2.5275323925721267,1.9681283716148226,0.5587985265072164,5.196682112630904,0.17145423250348185,0.02295113490559224
ours,treated,in100.floorssl.s0.d256vm4.extL,30,2.5186354707264353,1.9141347656995502,0.5665939282732582,5.159482254001224,0.18111474026572075,0.018138144736885024
ours,treated,in100.floorssl.s0.d256vm4.extL,31,2.489471478392323,1.9085060133469591,0.5840403019317865,5.126844905645905,0.1771396353101125,0.012520495633224578
ours,treated,in100.floorssl.s0.d256vm4.extL,32,2.455242136953021,1.8990230101981247,0.5715308486691966,4.985942238152554,0.17800427183427203,0.019147170695366374
ours,treated,in100.floorssl.s0.d256vm4.extL,33,2.4109822541010906,1.8429779478728698,0.5353142444116337,4.986732856002891,0.17954110152797964,0.0170581818320447
ours,treated,in100.floorssl.s0.d256vm4.extL,34,2.4049654565794794,1.8569836887598932,0.5394840760563429,4.874933660157665,0.17359581937159901,0.012993694210818923
ours,treated,in100.floorssl.s0.d256vm4.extL,35,2.384597494492555,1.8280257391322245,0.5246795864971933,4.926484515610177,0.17585170754060794,0.019668155519128906
ours,treated,in100.floorssl.s0.d256vm4.extL,36,2.3755424099652767,1.831228844684733,0.5656074652191543,4.89158407575161,0.1711031412817258,0.01634664696029708
ours,treated,in100.floorssl.s0.d256vm4.extL,37,2.3346402627401805,1.8011356027048107,0.5363798993821925,4.836204686979639,0.17148787036015267,0.013044058001876128
ours,treated,in100.floorssl.s0.d256vm4.extL,38,2.2868309739815773,1.7476048290419381,0.5337744249500854,4.8124329622880815,0.17698381807946492,0.01921380303774536
ours,treated,in100.floorssl.s0.d256vm4.extL,39,2.2487599757514305,1.7312656184792512,0.5405213961058325,4.646049951094346,0.17179505745037432,0.013297934729232136
ours,treated,in100.floorssl.s0.d256vm4.extL,40,2.231162305590752,1.7432471735953374,0.5186716570067973,4.559844651635717,0.17430813473243353,0.019706597103074052
ours,treated,in100.floorssl.s0.d256vm4.extL,41,2.2081559812183182,1.6857180353157024,0.49449605170503685,4.537290753188874,0.17900963743241552,0.019308676388094984
ours,treated,in100.floorssl.s0.d256vm4.extL,42,2.1995343388985757,1.6938740599821518,0.4963962830323137,4.5396642777993605,0.1752537646927332,0.014291926599272196
ours,treated,in100.floorssl.s0.d256vm4.extL,43,2.1788212560224225,1.6865940222375304,0.4924852646436913,4.501264444257166,0.17688137935582404,0.014719893833587789
ours,treated,in100.floorssl.s0.d256vm4.extL,44,2.157790662444738,1.6643332558347592,0.49520340499536547,4.453792011148972,0.17134750511592306,0.018650109461535797
ours,treated,in100.floorssl.s0.d256vm4.extL,45,2.14726066471949,1.6581552198604959,0.49499644247528407,4.423676371814225,0.17207820216282965,0.015045532746558737
ours,treated,in100.floorssl.s0.d256vm4.extL,46,2.1432079441107827,1.6313729313705667,0.4815425544911227,4.453899840403804,0.17866166181840978,0.014460095391648014
ours,treated,in100.floorssl.s0.d256vm4.extL,47,2.1072735439254737,1.6529155952746684,0.47982012273519925,4.291675831421096,0.169954479376151,0.014279087327261474
ours,treated,in100.floorssl.s0.d256vm4.extL,48,2.1036324091607255,1.6193130008579135,0.4773877863944557,4.321451145356284,0.17497524865200836,0.01431987043327783
ours,treated,in100.floorssl.s0.d256vm4.extL,49,2.0876830036680203,1.5824119975562232,0.4762727981504248,4.3205803624525805,0.1776110792864114,0.014392764311471224
ours,treated,in100.floorssl.s0.d256vm4.extL,50,2.0613350907366117,1.57618919364165,0.4657467437027613,4.25616180339941,0.17479770560348085,0.017348229387623152
ours,treated,in100.floorssl.s0.d256vm4.extL,51,2.0344737763463283,1.5636844726346786,0.46228181280646286,4.2389552646833755,0.17598637490765043,0.013399145576702772
ours,treated,in100.floorssl.s0.d256vm4.extL,52,2.0243949388673745,1.5750653844716653,0.46638419818099447,4.188119334414751,0.16903960724445852,0.023832928496396507
ours,treated,in100.floorssl.s0.d256vm4.extL,53,2.0098893450793507,1.5307468299884008,0.4554451338431306,4.170160446512695,0.1770997270749375,0.01661590239522618
ours,treated,in100.floorssl.s0.d256vm4.extL,54,1.9886826507314983,1.5352582733279951,0.4681577160700368,4.139792307745513,0.17420015915139642,0.017857802625630092
ours,treated,in100.floorssl.s0.d256vm4.extL,55,1.9604024401900593,1.5047975078984406,0.4550766968848514,4.054247488378431,0.1730979869574673,0.018014125409194753
ours,treated,in100.floorssl.s0.d256vm4.extL,56,1.948175153918019,1.4905270831347708,0.47052884276269663,3.989128224478978,0.17473817320221974,0.015756957749091517
ours,treated,in100.floorssl.s0.d256vm4.extL,57,1.9292842217486559,1.461755015484604,0.44275369797125036,4.013325938428616,0.17306979476509393,0.01748041861900231
ours,treated,in100.floorssl.s0.d256vm4.extL,58,1.9107082775957769,1.4522173995094416,0.43488573008176507,3.9302981509460087,0.17456707941366398,0.021267478337089262
ours,treated,in100.floorssl.s0.d256vm4.extL,59,1.9066224782062928,1.4912303671828488,0.4224710200226997,3.911963468957662,0.16986095374689744,0.021458935023608655
ours,treated,in100.floorssl.s0.d256vm4.extL,60,1.8860089842711765,1.4445786020925828,0.4225395557212,3.904738408731712,0.17587139565705567,0.018533377430505316
ours,treated,in100.floorssl.s0.d256vm4.extL,61,1.8749912795726678,1.4161550649131571,0.4154385740881678,3.872338029738963,0.1813632313843685,0.01913393298789602
ours,treated,in100.floorssl.s0.d256vm4.extL,62,1.863710812224017,1.4298541241472527,0.4277347610978167,3.841937544178447,0.17564326968784041,0.018468044925113777
ours,treated,in100.floorssl.s0.d256vm4.extL,63,1.8462099037381947,1.4065655202767409,0.42706940090043904,3.793276695941676,0.17788170583268398,0.01612658231181785
ours,treated,in100.floorssl.s0.d256vm4.extL,64,1.8304332997575832,1.4041448277185282,0.4082551672941847,3.7864248924215236,0.17596279444004273,0.01679887259313154
ours,treated,in100.floorssl.s0.d256vm4.extL,65,1.811920074496138,1.390317407205127,0.4139938595363961,3.7710250838660895,0.17530539613893667,0.023649085756634526
ours,treated,in100.floorssl.s0.d256vm4.extL,66,1.8041289917364478,1.3742203794766779,0.40495115693977773,3.783582397705803,0.1749446053030617,0.019867640285064412
ours,treated,in100.floorssl.s0.d256vm4.extL,67,1.7893575022157293,1.3608762447378364,0.3986563573559229,3.6974805484927233,0.17740882845501812,0.013265608920137633
ours,treated,in100.floorssl.s0.d256vm4.extL,68,1.778149094157648,1.3567647098920554,0.3969928402621524,3.644728891989732,0.17739148432992044,0.014783462869689363
ours,treated,in100.floorssl.s0.d256vm4.extL,69,1.7734066321639153,1.3656639562369728,0.4069896316127608,3.618045823670293,0.1766560480798197,0.01960931494370191
ours,treated,in100.floorssl.s0.d256vm4.extL,70,1.7546063067807482,1.3691645773468593,0.4013664799217242,3.6012985966475095,0.172446439132214,0.01771682807695068
ours,treated,in100.floorssl.s0.d256vm4.extL,71,1.7490586114801,1.3240751426809982,0.39835982308492185,3.633189665691629,0.18145791633191186,0.018857559242344633
ours,treated,in100.floorssl.s0.d256vm4.extL,72,1.7399048633849223,1.337981661030712,0.3890994765380231,3.5779420863049043,0.1740580929981837,0.015834566849265482
ours,treated,in100.floorssl.s0.d256vm4.extL,73,1.7215904337883579,1.3224006489884925,0.3951597662828803,3.549501176058206,0.17296288431266074,0.022776725225026998
ours,treated,in100.floorssl.s0.d256vm4.extL,74,1.7029426317832963,1.311956355972566,0.39119674638666696,3.4646433253550484,0.17373085346074318,0.014387980669434888
ours,treated,in100.floorssl.s0.d256vm4.extL,75,1.7001169797715865,1.3086630354836615,0.3938408103610765,3.4935046704599464,0.17428359336223673,0.023415334781340832
ours,treated,in100.floorssl.s0.d256vm4.extL,76,1.679946730363234,1.2940456744665179,0.3866981969496506,3.4675978849934843,0.1741103093466523,0.022904992645268782
ours,treated,in100.floorssl.s0.d256vm4.extL,77,1.6722381069384862,1.271123034118638,0.37240277122531346,3.4646084658605973,0.17572527832612467,0.024892778459024715
ours,treated,in100.floorssl.s0.d256vm4.extL,78,1.6599920951734701,1.2629079220486976,0.3704288433483216,3.3954969161529642,0.17678159850345124,0.01856926139410376
ours,treated,in100.floorssl.s0.d256vm4.extL,79,1.6526833391644502,1.274693235677669,0.38209686224781064,3.385180593733277,0.17533721344490122,0.017292972499925847
ours,treated,in100.floorssl.s0.d256vm4.extL,80,1.6458592826026543,1.2770349266587186,0.37573622051019756,3.3788207287991447,0.1711862224420556,0.016278966316423105
ours,treated,in100.floorssl.s0.d256vm4.extL,81,1.6298556058880356,1.2651038265557804,0.37735549336031404,3.3264692049026805,0.17742040385582464,0.01695234499485901
ours,treated,in100.floorssl.s0.d256vm4.extL,82,1.612021349618688,1.2104001934715365,0.34976302407187126,3.3890636352116044,0.17523232488788873,0.01676073256096729
ours,treated,in100.floorssl.s0.d256vm4.extL,83,1.6019911578487644,1.2325312243518542,0.3603169575763326,3.2874712466017457,0.17701858970862575,0.02091310093124873
ours,treated,in100.floorssl.s0.d256vm4.extL,84,1.5834061814361207,1.2202605441252938,0.3569729678884645,3.2678494288481836,0.1742749659178478,0.019051494610080485
ours,treated,in100.floorssl.s0.d256vm4.extL,85,1.5804702829109152,1.2132333774043167,0.3548357126684357,3.2549987702795438,0.1763717004578484,0.021738114233376196
ours,treated,in100.floorssl.s0.d256vm4.extL,86,1.5712819115915895,1.202845394383794,0.35342231466956703,3.2142723418437975,0.17853549185198153,0.023930458218563704
ours,treated,in100.floorssl.s0.d256vm4.extL,87,1.5690339399279778,1.2086462676862406,0.35392501769904533,3.228419410086491,0.17302631684257444,0.022221953375028886
ours,treated,in100.floorssl.s0.d256vm4.extL,88,1.5501822575118416,1.2053500072025085,0.35420997272683297,3.2272525856953003,0.16984768871822906,0.01590927334649867
ours,treated,in100.floorssl.s0.d256vm4.extL,89,1.544236970161487,1.2071673645890404,0.3598823673473839,3.1771228006747547,0.17308609720070112,0.02087385965778614
ours,treated,in100.floorssl.s0.d256vm4.extL,90,1.5379385352260255,1.162136292979791,0.3377190987621606,3.2505040978371103,0.17720737341359352,0.02418986377720798
ours,treated,in100.floorssl.s0.d256vm4.extL,91,1.5309917944769402,1.1761297430940656,0.34292257774112345,3.1728997886929937,0.17678189924084323,0.018767147378223693
ours,treated,in100.floorssl.s0.d256vm4.extL,92,1.5097880452995067,1.158049481043125,0.3395319570836336,3.134467210438035,0.17661633121368034,0.0139817858340075
ours,treated,in100.floorssl.s0.d256vm4.extL,93,1.5034930300283387,1.162434340001321,0.34866775877770534,3.084935548819222,0.17499831240543653,0.020127141196971007
ours,treated,in100.floorssl.s0.d256vm4.extL,94,1.4850728909407824,1.1306847230875743,0.3440935350007885,3.0446041499951493,0.17856090894978757,0.01910521119488428
ours,treated,in100.floorssl.s0.d256vm4.extL,95,1.471791008795506,1.1338298818683414,0.3383813175235679,3.085617856632413,0.16834274716028735,0.01924884453218437
ours,treated,in100.floorssl.s0.d256vm4.extL,96,1.4695050753331813,1.1139450673715585,0.32461271215068066,3.032731974938127,0.17894104330353983,0.016654831950907577
ours,treated,in100.floorssl.s0.d256vm4.extL,97,1.4600697631431785,1.129716103072818,0.3392955512043934,3.0026465451843323,0.17403128617995045,0.019467775724685915
ours,treated,in100.floorssl.s0.d256vm4.extL,98,1.4526344608075061,1.118553376789461,0.32892865323845843,2.9817842812769175,0.17475727098866092,0.020262807671865887
ours,treated,in100.floorssl.s0.d256vm4.extL,99,1.4403533809811355,1.1088223207876347,0.3317215535285231,2.9629531841986414,0.17608773767346766,0.020661226895813643
ours,treated,in100.floorssl.s0.d256vm4.extL,100,1.4353386195345461,1.0992286247094196,0.32744393227591734,2.977879147851282,0.1755586943779596,0.019418860402531723
ours,treated,in100.floorssl.s0.d256vm4.extL,101,1.4256139611019736,1.0946401473052614,0.3294119394916089,2.955512881931657,0.1742525442477515,0.021524584334561826
ours,treated,in100.floorssl.s0.d256vm4.extL,102,1.4236531643054153,1.1039128973533434,0.33309446250721664,2.9321153520950243,0.17439997407058594,0.01864609336204163
ours,treated,in100.floorssl.s0.d256vm4.extL,103,1.410276972608262,1.0700062193503848,0.3223682476490289,2.9191355588114334,0.176541009538877,0.019557242373971277
ours,treated,in100.floorssl.s0.d256vm4.extL,104,1.3899521878098942,1.0618977983999143,0.3115067019140592,2.898872408734635,0.17714843687840862,0.021470083491799484
ours,treated,in100.floorssl.s0.d256vm4.extL,105,1.3763133793124498,1.0548742074721795,0.3093244031067415,2.8425410622607385,0.1731749713659564,0.02434094897660155
ours,treated,in100.floorssl.s0.d256vm4.extL,106,1.3653331627990604,1.0476466622599796,0.29779551432113677,2.846646037541815,0.1770500298273921,0.023367888722115628
ours,treated,in100.floorssl.s0.d256vm4.extL,107,1.3561911135843234,1.0294711335032716,0.30255272698900426,2.8353684779032533,0.17561898638413195,0.020339213176101677
ours,treated,in100.floorssl.s0.d256vm4.extL,108,1.352323653955257,1.0456825742418423,0.29683695600415566,2.7987262223064495,0.1725351268114899,0.024082781949597554
ours,treated,in100.floorssl.s0.d256vm4.extL,109,1.3333293136916087,1.0199028255151465,0.3020208174502373,2.7570039890402107,0.1747547770682887,0.020699858257785038
ours,treated,in100.floorssl.s0.d256vm4.extL,110,1.3243678616667054,1.0203407881646072,0.29406746738929934,2.71317488418847,0.17792965044563647,0.021902485044359717
ours,treated,in100.floorssl.s0.d256vm4.extL,111,1.3225322520713703,0.999115461934341,0.2884733673830916,2.7773324182726107,0.1788406871746737,0.020876136342632908
ours,treated,in100.floorssl.s0.d256vm4.extL,112,1.3103454609326257,1.0279430644178937,0.31097570624842535,2.666236869828548,0.17083554698055614,0.021930151607277917
ours,treated,in100.floorssl.s0.d256vm4.extL,113,1.299787657398032,1.0022873359959166,0.2959719850223742,2.702967786157942,0.17329628373592823,0.016830451413009272
ours,treated,in100.floorssl.s0.d256vm4.extL,114,1.28843857227906,0.9746614817988382,0.29260964952515284,2.682088390186686,0.17531947796664032,0.017344409077236108
ours,treated,in100.floorssl.s0.d256vm4.extL,115,1.2862268864395674,0.9877284813221694,0.29196238736642516,2.7030893081965397,0.17458305530964374,0.023811578871626046
ours,treated,in100.floorssl.s0.d256vm4.extL,116,1.274377092305254,0.9728767778766394,0.28966057389239896,2.6309831512839175,0.17883489048220172,0.02882580167297905
ours,treated,in100.floorssl.s0.d256vm4.extL,117,1.2691016912659037,0.9782519811407293,0.28113953965454935,2.610629155821757,0.17473002430786153,0.021173627531654783
ours,treated,in100.floorssl.s0.d256vm4.extL,118,1.2576485827181048,0.9518902829418813,0.2798148544208015,2.6197257345783167,0.1789908503342509,0.019532387227952863
ours,treated,in100.floorssl.s0.d256vm4.extL,119,1.2490131933372937,0.9480804697471241,0.28268358922837195,2.6116955872307166,0.17843365000368075,0.023491027882666434
ours,treated,in100.floorssl.s0.d256vm4.extL,120,1.2436952290199075,0.945039918982037,0.2708784443737104,2.586892452143393,0.17871731422627735,0.025785576446538606
ours,treated,in100.floorssl.s0.d256vm4.extL,121,1.2283105495057662,0.9323259836365994,0.27379081199937566,2.57115186216785,0.17680381207362605,0.018983300774713642
ours,treated,in100.floorssl.s0.d256vm4.extL,122,1.2228177025098617,0.9308864644939119,0.27147246284336524,2.5473208924968502,0.17711453186631945,0.026067676564049198
ours,treated,in100.floorssl.s0.d256vm4.extL,123,1.2133679051211201,0.9233347747074447,0.2669157843853633,2.5466276075940386,0.18042044103715732,0.023064745319641963
ours,treated,in100.floorssl.s0.d256vm4.extL,124,1.2095802435636689,0.9306607593794658,0.2745095891000777,2.488665286951591,0.17617027586470657,0.02282671191157927
ours,treated,in100.floorssl.s0.d256vm4.extL,125,1.1967125400064025,0.9185921285416963,0.27495259272902084,2.486609927742276,0.17596432531375833,0.02401210704876522
ours,treated,in100.floorssl.s0.d256vm4.extL,126,1.1860040679349195,0.9011873973469344,0.26347904629271685,2.4829917714623972,0.17803802480462386,0.025750776287442538
ours,treated,in100.floorssl.s0.d256vm4.extL,127,1.1820435170238004,0.9041251818329339,0.26425102939740663,2.438254241176213,0.17816126944059008,0.021346769554498844
ours,treated,in100.floorssl.s0.d256vm4.extL,128,1.169166419099429,0.8866186341014162,0.2592740353899729,2.4058943887772095,0.17694421746570277,0.017572000531803765
ours,treated,in100.floorssl.s0.d256vm4.extL,129,1.1669357529341438,0.8883518575649836,0.2599738724513928,2.438524006844905,0.17749420160834156,0.022064528060859567
ours,treated,in100.floorssl.s0.d256vm4.extL,130,1.161330672595479,0.883626319147261,0.2740556094718845,2.4008000317342955,0.17792964984249726,0.021320979655164867
ours,treated,in100.floorssl.s0.d256vm4.extL,131,1.1526697766096736,0.8765762792606085,0.2500864364883826,2.3925679039313232,0.17623185235478178,0.023491639525321913
ours,treated,in100.floorssl.s0.d256vm4.extL,132,1.150369231684044,0.881521797025234,0.25910142484678644,2.379573748145288,0.17404182360646878,0.022628144264428544
ours,treated,in100.floorssl.s0.d256vm4.extL,133,1.1450272697744606,0.8699636827363444,0.2532502054303316,2.42094382345421,0.17638336857141168,0.025472842657959318
ours,treated,in100.floorssl.s0.d256vm4.extL,134,1.1301481109660767,0.8571925832433274,0.25093014060607427,2.3723675643356286,0.17795380540287084,0.030390676009870585
ours,treated,in100.floorssl.s0.d256vm4.extL,135,1.119478734753711,0.8552893703647023,0.2469699275331235,2.329494030457812,0.17576879184249858,0.03367901579894505
ours,treated,in100.floorssl.s0.d256vm4.extL,136,1.1108852035126122,0.854869375051976,0.25474694671624487,2.291025111401505,0.17541638242484006,0.02755290504494901
ours,treated,in100.floorssl.s0.d256vm4.extL,137,1.1082000974091781,0.8483475569346777,0.2408271056528119,2.3186796545281587,0.17770443302849148,0.026460185918359996
ours,treated,in100.floorssl.s0.d256vm4.extL,138,1.102729556163294,0.8394805824344165,0.24362750361108376,2.2939934513280624,0.18019473498462002,0.02215068670428372
ours,treated,in100.floorssl.s0.d256vm4.extL,139,1.0936303434974692,0.8346840008343976,0.23204815871802642,2.2815405441609466,0.1812819305721467,0.02767801096756564
ours,treated,in100.floorssl.s0.d256vm4.extL,140,1.0848884957507534,0.8214278799889323,0.23553369476772879,2.2551072389623856,0.18171134319614823,0.02447201070373626
ours,treated,in100.floorssl.s0.d256vm4.extL,141,1.0810268484340682,0.8251894112696585,0.24832497329661427,2.22389349478495,0.17777995769421132,0.02315684895329138
ours,treated,in100.floorssl.s0.d256vm4.extL,142,1.0719703640529323,0.7929664447324787,0.23167959802498858,2.27464889322508,0.18206114239308632,0.03574425707234234
ours,treated,in100.floorssl.s0.d256vm4.extL,143,1.0666869838078772,0.8042831733279415,0.23313389253261035,2.226335851847494,0.18470824488844922,0.022274762554264974
ours,treated,in100.floorssl.s0.d256vm4.extL,144,1.0572398780403736,0.8017443176992063,0.23109478750841614,2.2027189422744002,0.1768610205046924,0.02426977779569734
ours,treated,in100.floorssl.s0.d256vm4.extL,145,1.0489221759858183,0.7996613036928107,0.23467617326717816,2.1705748628987678,0.17547099855147408,0.0253934698545679
ours,treated,in100.floorssl.s0.d256vm4.extL,146,1.0406572920878512,0.8086318510809067,0.23365482246710353,2.130951698294526,0.17421715975955587,0.03335700259011954
ours,treated,in100.floorssl.s0.d256vm4.extL,147,1.0369271572982801,0.7950466584188876,0.2379491876008673,2.138732245524492,0.17314753129900953,0.024355616634647363
ours,treated,in100.floorssl.s0.d256vm4.extL,148,1.0288277461490707,0.7778537471048139,0.22902014942634386,2.1630406359996823,0.17930067678553568,0.018758635198467193
ours,treated,in100.floorssl.s0.d256vm4.extL,149,1.0275365133034473,0.7793005290413744,0.2302373317537992,2.1345616989390432,0.17799940406706247,0.0239342707765192
ours,treated,in100.floorssl.s0.d256vm4.extL,150,1.0170586803806483,0.7844750248897273,0.22866610928450326,2.080571473358869,0.17814163629868165,0.025380364914388068
ours,treated,in100.floorssl.s0.d256vm4.extL,151,1.0146860794851376,0.7694452493737639,0.21672350987405511,2.149886442661127,0.17633167020261262,0.038297054467750266
ours,treated,in100.floorssl.s0.d256vm4.extL,152,1.0063252220969015,0.767417773488333,0.22060243018839018,2.093383636092819,0.17840654478939794,0.02659059065294219
ours,treated,in100.floorssl.s0.d256vm4.extL,153,0.998770453786423,0.741644903746685,0.2132355729580394,2.111733490679959,0.18252850933739076,0.02875001613772975
ours,treated,in100.floorssl.s0.d256vm4.extL,154,0.9931745551871399,0.7469268818276948,0.2145653943878641,2.083653557195925,0.1803730773746621,0.02596568414175244
ours,treated,in100.floorssl.s0.d256vm4.extL,155,0.9824377819652536,0.7405635190000357,0.21359566051362477,2.031325141966783,0.18153659816993484,0.019528992680228455
ours,treated,in100.floorssl.s0.d256vm4.extL,156,0.9783037669656904,0.7404477382186923,0.21980789270279358,2.015937041075345,0.1776317212854674,0.0296673362650529
ours,treated,in100.floorssl.s0.d256vm4.extL,157,0.9610822086244486,0.7310441065566167,0.21228191152047735,1.9955239234571942,0.17818381853999404,0.030264409189086506
ours,treated,in100.floorssl.s0.d256vm4.extL,158,0.9564794666568621,0.7216528947207244,0.2102811090995836,2.0071343583540635,0.17729609537534397,0.02784755999462807
ours,treated,in100.floorssl.s0.d256vm4.extL,159,0.952400369582584,0.7168093031150791,0.20279313046611372,1.9838747400581251,0.18022282518152993,0.027946687832524995
ours,treated,in100.floorssl.s0.d256vm4.extL,160,0.9508794024490299,0.7232710714488746,0.1996770186574274,1.9868637720041198,0.17992286928628604,0.030689964748466806
ours,treated,in100.floorssl.s0.d256vm4.extL,161,0.9419729581523755,0.718260340706097,0.20635932255259182,1.9634052765258059,0.17831904712776,0.030697413162434635
ours,treated,in100.floorssl.s0.d256vm4.extL,162,0.936804177946383,0.7055904737902221,0.2093046698417391,1.9567682708284324,0.1792190935690794,0.02494158670472497
ours,treated,in100.floorssl.s0.d256vm4.extL,163,0.9319631605415422,0.704993616558899,0.2066523923847408,1.9677583292912633,0.1774415644336393,0.041991929723377924
ours,treated,in100.floorssl.s0.d256vm4.extL,164,0.9257524589964409,0.6973691636485728,0.19941800896386974,1.9204384553704368,0.18275905368017234,0.02940032326785245
ours,treated,in100.floorssl.s0.d256vm4.extL,165,0.9247793958924948,0.699623790953918,0.201210033399376,1.9239474684418372,0.1811313336995501,0.032456710892921965
ours,treated,in100.floorssl.s0.d256vm4.extL,166,0.9154526078907163,0.7016003739724717,0.20292888318401042,1.893201744822102,0.17847540649003932,0.03750580880533289
ours,treated,in100.floorssl.s0.d256vm4.extL,167,0.9089323035488024,0.6670622063463465,0.19212857622375412,1.9132097598278424,0.18457893857374472,0.030891618527548726
ours,treated,in100.floorssl.s0.d256vm4.extL,168,0.9013560497098919,0.6811389572755562,0.19537535098839176,1.8541119260639602,0.184270084483373,0.03245836387705827
ours,treated,in100.floorssl.s0.d256vm4.extL,169,0.8876430293061995,0.6643391997565056,0.1933957655104003,1.861414138837483,0.18185884228201996,0.036344715550416386
ours,treated,in100.floorssl.s0.d256vm4.extL,170,0.8868607859908046,0.6755349981209692,0.19474516899135058,1.8474191516983234,0.177083461738696,0.02716685701956126
ours,treated,in100.floorssl.s0.d256vm4.extL,171,0.882446330824132,0.6670821059475263,0.19784636030495506,1.8390534952014552,0.17957398728648127,0.03833311556139269
ours,treated,in100.floorssl.s0.d256vm4.extL,172,0.8698411347008193,0.662330965970003,0.18790519906217462,1.8222778700739473,0.17838192105346826,0.03593571050967518
ours,treated,in100.floorssl.s0.d256vm4.extL,173,0.8673968456096378,0.6636420807803867,0.1861095760878216,1.8056201827300367,0.17645061749336607,0.03840744378144443
ours,treated,in100.floorssl.s0.d256vm4.extL,174,0.8627451995598617,0.6486396221301306,0.19523346861937552,1.7943094149763803,0.18194577783255078,0.025439591425365157
ours,treated,in100.floorssl.s0.d256vm4.extL,175,0.8562930002130146,0.6464366376881387,0.19275199415008223,1.7965293464224088,0.17877267379005068,0.03218708636624068
ours,treated,in100.floorssl.s0.d256vm4.extL,176,0.848602199385861,0.6434786915483568,0.17925019373437695,1.7764836360103928,0.17717858828079266,0.025132728118024205
ours,treated,in100.floorssl.s0.d256vm4.extL,177,0.8406218967787165,0.6417330051076537,0.18477823760470322,1.7252628652159836,0.1783807545114425,0.031669343526308825
ours,treated,in100.floorssl.s0.d256vm4.extL,178,0.8376788758844053,0.6315811691923191,0.18260058909214577,1.7551861613799968,0.17951106319245283,0.05607677489157133
ours,treated,in100.floorssl.s0.d256vm4.extL,179,0.8271135970640469,0.6290421754327442,0.18293763747881508,1.7074404988488867,0.17732804061374322,0.0347793149699093
ours,treated,in100.floorssl.s0.d256vm4.extL,180,0.8192538439100945,0.6231896665657874,0.17757138407475884,1.7150138854587287,0.1776494007942995,0.04766393209037685
ours,treated,in100.floorssl.s0.d256vm4.extL,181,0.815064883708825,0.6095325154953033,0.17967722321009957,1.6933039816889415,0.18088583732265917,0.029742036010787024
ours,treated,in100.floorssl.s0.d256vm4.extL,182,0.8013848108873495,0.6054724118928778,0.17867375521431453,1.6650479103214175,0.17954982220328364,0.029357187475351897
ours,treated,in100.floorssl.s0.d256vm4.extL,183,0.798107861741128,0.6036784968290672,0.17675311244599926,1.659068498308334,0.17956822149317841,0.03536273019479104
ours,treated,in100.floorssl.s0.d256vm4.extL,184,0.7963815490682956,0.5961424076568548,0.1725173837366472,1.6678640204206043,0.18110621989537823,0.03172001395472113
ours,treated,in100.floorssl.s0.d256vm4.extL,185,0.7896019421652806,0.6037548224738589,0.18053915719805422,1.611022038544866,0.17723394762831168,0.02942601263965149
ours,treated,in100.floorssl.s0.d256vm4.extL,186,0.7832075417654756,0.5947774450169234,0.1732428656439297,1.6341722619752048,0.177657888304775,0.03290822344464837
ours,treated,in100.floorssl.s0.d256vm4.extL,187,0.7780696776140205,0.5881855337118136,0.17572029876902512,1.6210820562431263,0.17885941681794157,0.04091860678220563
ours,treated,in100.floorssl.s0.d256vm4.extL,188,0.7763406453496663,0.5836130879320407,0.16971440064466128,1.627649649467571,0.18076078491665995,0.036869865518579514
ours,treated,in100.floorssl.s0.d256vm4.extL,189,0.7665869895120228,0.5803949998952411,0.16377178121424096,1.5958649158579983,0.18158781306923846,0.038208968002371065
ours,treated,in100.floorssl.s0.d256vm4.extL,190,0.7628416048050742,0.576706161028897,0.16960563670780182,1.5950762752424403,0.17853066020749062,0.031712526858738876
ours,treated,in100.floorssl.s0.d256vm4.extL,191,0.7549527354647542,0.5751424854726999,0.16577938720496918,1.5679084843502593,0.1770473848978692,0.04703672315651523
ours,treated,in100.floorssl.s0.d256vm4.extL,192,0.7488423078852319,0.5651861503684439,0.161638241043357,1.5524355395577354,0.17934051189959274,0.04471998469046546
ours,treated,in100.floorssl.s0.d256vm4.extL,193,0.7458918533130386,0.5673841673242361,0.1580201581370418,1.5572917001226443,0.17944339691246353,0.0373675310010229
ours,treated,in100.floorssl.s0.d256vm4.extL,194,0.7370831360329249,0.5530739495157435,0.15813240844105247,1.5552011023714647,0.18148288307236343,0.02887326452532628
ours,treated,in100.floorssl.s0.d256vm4.extL,195,0.7336180669568412,0.5448819816014114,0.1573723139820612,1.559744085054452,0.18344915152818317,0.039536936096726226
ours,treated,in100.floorssl.s0.d256vm4.extL,196,0.7228741964358192,0.5377189038530154,0.15076197722613643,1.513374444951502,0.1832201977522783,0.039150403798791755
ours,treated,in100.floorssl.s0.d256vm4.extL,197,0.7207751564663188,0.5459213169126678,0.16012492584863763,1.497637959589928,0.17753190052889448,0.04495837398647975
ours,treated,in100.floorssl.s0.d256vm4.extL,198,0.7159281693364505,0.5456812918453502,0.16003212802677313,1.4880691251282272,0.17950525861674735,0.039330809488540536
ours,treated,in100.floorssl.s0.d256vm4.extL,199,0.7073376768701765,0.5301755515048703,0.15223812527119862,1.481541944864038,0.18145861396521545,0.05132360224796022
ours,treated,in100.floorssl.s0.d256vm4.extL,200,0.7024539282665875,0.5293028566034275,0.15480506449532846,1.45966393002186,0.18263275103450008,0.04838179767525055
ours,treated,in100.floorssl.s0.d256vm4.extL,201,0.6978661350922829,0.5226458798051896,0.14642259955364756,1.454937777012303,0.1857203875139312,0.04363626940550227
ours,treated,in100.floorssl.s0.d256vm4.extL,202,0.6950565885059676,0.5166426953983299,0.14826693079093475,1.4446022119560415,0.18478342308068516,0.0426168930163451
ours,treated,in100.floorssl.s0.d256vm4.extL,203,0.6886505827418106,0.5215071045597972,0.1472942564671281,1.4162841930431598,0.1826640925520113,0.042281375271787984
ours,treated,in100.floorssl.s0.d256vm4.extL,204,0.685447932628481,0.5082134364308345,0.1497678052503504,1.4416420428746,0.18275836495774614,0.03769568598177335
ours,treated,in100.floorssl.s0.d256vm4.extL,205,0.6836575989164895,0.5121638219397954,0.14939030705074588,1.437932103385329,0.17941525539348954,0.05064717891528006
ours,treated,in100.floorssl.s0.d256vm4.extL,206,0.6752355775659027,0.5169226827091673,0.14944610941782777,1.4007894483606937,0.17762819739571556,0.043583588421983926
ours,treated,in100.floorssl.s0.d256vm4.extL,207,0.6704013149843769,0.5068862740405377,0.14518004646293445,1.4049104317228285,0.18058219682606313,0.040837377393430206
ours,treated,in100.floorssl.s0.d256vm4.extL,208,0.6628899136275372,0.4963526627140154,0.14094596948159605,1.3835216572536932,0.18269175501723728,0.06170095354186234
ours,treated,in100.floorssl.s0.d256vm4.extL,209,0.6580775139884883,0.49492042236033473,0.14593052856374658,1.3756552869868348,0.1794332944994794,0.041561856514246945
ours,treated,in100.floorssl.s0.d256vm4.extL,210,0.6546031788485516,0.49151648588665964,0.13930804285298992,1.3764383392009938,0.1815672496764239,0.05583212941456352
ours,treated,in100.floorssl.s0.d256vm4.extL,211,0.6447082193254553,0.4898770258973508,0.14216040877887756,1.322840682394434,0.17771612526899547,0.03378778913489384
ours,treated,in100.floorssl.s0.d256vm4.extL,212,0.6412562601338205,0.48809207569599355,0.14462733062472125,1.3373354596769054,0.1774319808974611,0.05248557282589024
ours,treated,in100.floorssl.s0.d256vm4.extL,213,0.6346366230195847,0.4784117358419638,0.13880385274721663,1.3334569720136058,0.17954404242316868,0.0453497355839985
ours,treated,in100.floorssl.s0.d256vm4.extL,214,0.6307413705751334,0.4784273277676871,0.14021687788196938,1.3061175703229455,0.17956884657618685,0.04121389222941159
ours,treated,in100.floorssl.s0.d256vm4.extL,215,0.6274457341917611,0.47210725191491276,0.1352719479405595,1.2991978297133224,0.18291440519278337,0.049329556255868254
ours,treated,in100.floorssl.s0.d256vm4.extL,216,0.6231174874861147,0.46808139817541605,0.1338353245483176,1.3100252127279826,0.18120960498391647,0.051813558221234415
ours,treated,in100.floorssl.s0.d256vm4.extL,217,0.6134377518333425,0.4615497102038407,0.13178986299322384,1.2841898429076304,0.17999154064269882,0.05858078379546279
ours,treated,in100.floorssl.s0.d256vm4.extL,218,0.6076234966603534,0.46078481489466566,0.1297022459879272,1.261033759097957,0.18133095884751013,0.04901742532944617
ours,treated,in100.floorssl.s0.d256vm4.extL,219,0.6043792857809842,0.45940799884072775,0.12977778237032103,1.2705366778647724,0.17959993751275516,0.06807171856537071
ours,treated,in100.floorssl.s0.d256vm4.extL,220,0.6013186709383169,0.4587951317822002,0.12982479282145432,1.251012462823841,0.17687646409484947,0.06791139912518317
ours,treated,in100.floorssl.s0.d256vm4.extL,221,0.599153577236578,0.45156803510582116,0.13453428937749792,1.245695463798664,0.1810757769318524,0.05269819800657137
ours,treated,in100.floorssl.s0.d256vm4.extL,222,0.584199531841729,0.4366012669609177,0.12690232488112954,1.2272269357596883,0.18100389657529745,0.066128368804431
ours,treated,in100.floorssl.s0.d256vm4.extL,223,0.5768202461314865,0.431765451391942,0.12502251936187966,1.192623971641078,0.18137375311875312,0.06516243702203671
ours,treated,in100.floorssl.s0.d256vm4.extL,224,0.57561561018013,0.4346526196595547,0.12412653936427351,1.1987031721594705,0.18179569268402934,0.05336773040628211
ours,treated,in100.floorssl.s0.d256vm4.extL,225,0.5700776579987328,0.4292200213064494,0.12048712909912747,1.1974121426319597,0.1809095765640306,0.07765809615098931
ours,treated,in100.floorssl.s0.d256vm4.extL,226,0.5638228690971411,0.4238012435405624,0.11681017851586922,1.1845036569235465,0.18234365281363932,0.07006512766389339
ours,treated,in100.floorssl.s0.d256vm4.extL,227,0.5626786788866663,0.4210779817361564,0.11856804453144229,1.1915173484240267,0.17956675413473736,0.05480656297491618
ours,treated,in100.floorssl.s0.d256vm4.extL,228,0.5545976548923843,0.4183320861910541,0.11940392542282896,1.190946831180506,0.17922911556298016,0.06728518758632117
ours,treated,in100.floorssl.s0.d256vm4.extL,229,0.5484582104264587,0.4129029606698815,0.121395332505244,1.1408296141961323,0.18110348857582856,0.056149703992637356
ours,treated,in100.floorssl.s0.d256vm4.extL,230,0.5438078653558085,0.4150462034445517,0.1152430376482844,1.1284204984350388,0.1784147477816561,0.062198724513427284
ours,treated,in100.floorssl.s0.d256vm4.extL,231,0.540543168646929,0.4091022154006333,0.1158238512532462,1.1277228675060642,0.17660906062619397,0.08263212449791556
ours,treated,in100.floorssl.s0.d256vm4.extL,232,0.5334332752512114,0.3979602907182994,0.11603251291533369,1.1014344025709066,0.1845829238282514,0.09778948067581447
ours,treated,in100.floorssl.s0.d256vm4.extL,233,0.5314546466022699,0.40138289796454996,0.11905219847961639,1.1122165695306374,0.1795372936522601,0.07755122019870568
ours,treated,in100.floorssl.s0.d256vm4.extL,234,0.5233013191948823,0.39314206388428224,0.11262324020129065,1.0902569512108997,0.18222533469926913,0.05717044944649961
ours,treated,in100.floorssl.s0.d256vm4.extL,235,0.5138717583615615,0.3789704602159869,0.1080933708118755,1.0734692947819342,0.18556094273374868,0.07887336051370605
ours,treated,in100.floorssl.s0.d256vm4.extL,236,0.5081891493010914,0.3833521290477962,0.11142220387449495,1.0645789318497623,0.18018532989685063,0.0740011350696909
ours,treated,in100.floorssl.s0.d256vm4.extL,237,0.506837828464915,0.3727602537824209,0.10522443288489483,1.0588399020497499,0.1880422994365475,0.059160356070408975
ours,treated,in100.floorssl.s0.d256vm4.extL,238,0.5053383527605664,0.3851034927673581,0.10627573766484036,1.0537400279167828,0.18091036631335755,0.0786899586857739
ours,treated,in100.floorssl.s0.d256vm4.extL,239,0.5004871940914231,0.37476323219462204,0.10960029709840875,1.0542019401830576,0.18181940163988236,0.06347560531943358
ours,treated,in100.floorssl.s0.d256vm4.extL,240,0.4986652270279452,0.3722219527722857,0.10569457089312184,1.0341430268083132,0.1874430413669452,0.07407585808560148
ours,treated,in100.floorssl.s0.d256vm4.extL,241,0.49311150419617156,0.3665589544957959,0.1066414082431623,1.0391443748219282,0.1860327240748153,0.07630741829364236
ours,treated,in100.floorssl.s0.d256vm4.extL,242,0.48483141125143453,0.36138448548680835,0.10605335741701662,1.0160172557468448,0.17985718558525804,0.09538079284423397
ours,treated,in100.floorssl.s0.d256vm4.extL,243,0.48330467155701656,0.3599271707764217,0.10302449104118687,1.003370569101855,0.18552151596534316,0.0846501251413895
ours,treated,in100.floorssl.s0.d256vm4.extL,244,0.4749618261939005,0.3530107053085604,0.10025584401169192,0.9988334315186018,0.18276499634441673,0.10930529562586278
ours,treated,in100.floorssl.s0.d256vm4.extL,245,0.46578092961383705,0.3497070343638573,0.09928164321567566,0.9723018000730307,0.18276287656810009,0.07287071534515849
ours,treated,in100.floorssl.s0.d256vm4.extL,246,0.46206750438768424,0.3419329298690154,0.0951117718455981,0.9704616164020753,0.19163673937760856,0.08196003056229038
ours,treated,in100.floorssl.s0.d256vm4.extL,247,0.459352000505381,0.34628913381482446,0.10285869188724384,0.9598122563929087,0.18143983488266283,0.07147529231506307
ours,treated,in100.floorssl.s0.d256vm4.extL,248,0.45585576734989164,0.3363618058675815,0.09746672385669998,0.9653760781353342,0.1864432693007682,0.07782048791560565
ours,treated,in100.floorssl.s0.d256vm4.extL,249,0.45088410483611624,0.3368037689285791,0.09598556624594325,0.9432995805535194,0.17922346376177814,0.07896284967425336
ours,treated,in100.floorssl.s0.d256vm4.extL,250,0.446025908706581,0.3375662973521283,0.09500469334131878,0.9296774927815774,0.17967625426439884,0.0707039629169292
ours,treated,in100.floorssl.s0.d256vm4.extL,251,0.44101481010762783,0.3306425126952015,0.09190954383823866,0.9275810170995468,0.1810347613212209,0.08788265114293273
ours,treated,in100.floorssl.s0.d256vm4.extL,252,0.43793935429766156,0.32698877628680845,0.09417128725370111,0.9208064918460801,0.18358056347714838,0.11449682007532357
ours,treated,in100.floorssl.s0.d256vm4.extL,253,0.43142613717119005,0.3239413751166456,0.09403989736044505,0.8884363663134536,0.18462763855524664,0.1175484914218886
ours,treated,in100.floorssl.s0.d256vm4.extL,254,0.4258702076191739,0.3212634385087342,0.09732585001327143,0.868978802257948,0.18349450831420114,0.11376240586664049
ours,treated,in100.floorssl.s0.d256vm4.extL,255,0.42566389884602085,0.32181584636027616,0.08746864723069472,0.9008613271974776,0.1828907460617211,0.1079993196814328
ours,treated,in100.floorssl.s0.d256vm4.extL,256,0.41978300686967057,0.31704861463529693,0.09097512630141262,0.8714766625466632,0.1819786814427463,0.07996271370849188
ours,treated,in100.floorssl.s0.d256vm4.extL,257,0.41817908506420354,0.3141427473625288,0.09384298289695976,0.8811150486511952,0.18349822672802407,0.07379486708654538
ours,treated,in100.floorssl.s0.d256vm4.extL,258,0.40965813875050255,0.3097904947467589,0.09068207929078169,0.8604317619333596,0.17836357546675755,0.110652837657977
ours,treated,in100.floorssl.s0.d256vm4.extL,259,0.4042409816522475,0.30542374818304224,0.08612666102801748,0.8254816329043793,0.1845179031115857,0.08630858042828829
ours,treated,in100.floorssl.s0.d256vm4.extL,260,0.40395424720184225,0.30225287452124927,0.08503148935926956,0.8536614300680095,0.1836221541732753,0.13333480479307125
ours,treated,in100.floorssl.s0.d256vm4.extL,261,0.40169465578492325,0.30011756052829,0.08744171658862877,0.8408031756782052,0.18154840239364345,0.09786999859628465
ours,treated,in100.floorssl.s0.d256vm4.extL,262,0.39961408825781186,0.2981360657049715,0.08302563480009549,0.8390055834618009,0.18910507553656403,0.08429282467263727
ours,treated,in100.floorssl.s0.d256vm4.extL,263,0.39318988522023074,0.29161488922426826,0.08514072448485238,0.8188695389801492,0.18933795009454946,0.10948034431507603
ours,treated,in100.floorssl.s0.d256vm4.extL,264,0.391981834639235,0.29122330468594726,0.07981755428834439,0.8228562378882646,0.18546744856421885,0.13564782870917672
ours,treated,in100.floorssl.s0.d256vm4.extL,265,0.3831765920845438,0.27875877960245926,0.07801827833403996,0.8035835322786372,0.19568382136398016,0.11809994368490537
ours,treated,in100.floorssl.s0.d256vm4.extL,266,0.3774598560693035,0.280052183107617,0.08172529712032586,0.7888138968739576,0.18916848164412348,0.14316320393759802
ours,treated,in100.floorssl.s0.d256vm4.extL,267,0.37386696545843084,0.27613984183213314,0.08163067582497523,0.7886831311580104,0.18405440571137244,0.11121152513138258
ours,treated,in100.floorssl.s0.d256vm4.extL,268,0.3701239167393705,0.2766962368971506,0.0825272964220189,0.7760768000001217,0.18277296902497403,0.12014740194823126
ours,treated,in100.floorssl.s0.d256vm4.extL,269,0.36915887605535985,0.27732425009758566,0.07790280644307604,0.7629027975604877,0.186679531387151,0.11800047712341132
ours,treated,in100.floorssl.s0.d256vm4.extL,270,0.36321985797340006,0.27018105074399146,0.0763719438742576,0.7635955612548296,0.18697271494885773,0.1517380355828774
ours,treated,in100.floorssl.s0.d256vm4.extL,271,0.35984785194451147,0.26639037333436766,0.07698576309956659,0.7491870356019076,0.1897327846905657,0.11363726566971874
ours,treated,in100.floorssl.s0.d256vm4.extL,272,0.35697037678321153,0.26412085384996997,0.0754791595058342,0.7424772108933244,0.1894374158491904,0.0863035828468686
ours,treated,in100.floorssl.s0.d256vm4.extL,273,0.35497087677211153,0.2584083932572848,0.07492390605396172,0.7487442278226691,0.19363750147315073,0.10078505970085291
ours,treated,in100.floorssl.s0.d256vm4.extL,274,0.3490035754967466,0.25938142942219666,0.07355069770080781,0.7368845997827675,0.18533146376907347,0.11954708198641638
ours,treated,in100.floorssl.s0.d256vm4.extL,275,0.34401937903081115,0.2558432340534249,0.07644962696973788,0.7250284366682036,0.18459348910717963,0.1586122617955407
ours,treated,in100.floorssl.s0.d256vm4.extL,276,0.33884330147654534,0.2509905038802557,0.06981682354973516,0.7136198951924335,0.19112286603313416,0.12938964494687974
ours,treated,in100.floorssl.s0.d256vm4.extL,277,0.3348712914117479,0.24677212949851363,0.06677617967328163,0.7023388544234408,0.19393201763284554,0.14646663344171715
ours,treated,in100.floorssl.s0.d256vm4.extL,278,0.3248541228922981,0.24158995962809843,0.07032785770483044,0.6813417448795753,0.18680175261309426,0.1390547162965746
ours,treated,in100.floorssl.s0.d256vm4.extL,279,0.32363539511088046,0.2350115736712946,0.06315087656884207,0.6872501615437226,0.19527466029721427,0.1692950028716031
ours,treated,in100.floorssl.s0.d256vm4.extL,280,0.3190069897506137,0.23471526519647534,0.06776333689980857,0.6605344156641397,0.19236053588705307,0.17173423029464516
ours,treated,in100.floorssl.s0.d256vm4.extL,281,0.3152750592301282,0.22987601337920294,0.06470615912378214,0.6659237579274797,0.19272322174974132,0.17309791344950218
ours,treated,in100.floorssl.s0.d256vm4.extL,282,0.3117172888505458,0.2308372349668591,0.06699571098665005,0.6477601079234502,0.18917930117987686,0.1427961562915046
ours,treated,in100.floorssl.s0.d256vm4.extL,283,0.3053915458195403,0.22788402098755278,0.06617783276673357,0.6311011985969921,0.18800689726518566,0.1592920813005831
ours,treated,in100.floorssl.s0.d256vm4.extL,284,0.30442427459628885,0.2202272621865003,0.06305253884574256,0.6345561673068746,0.19921554709011075,0.16168263133087613
ours,treated,in100.floorssl.s0.d256vm4.extL,285,0.30377677709384665,0.2214455939631751,0.06421874163363443,0.639062514316517,0.19763442303880524,0.16781715693027974
ours,treated,in100.floorssl.s0.d256vm4.extL,286,0.300438206288533,0.22174090523676104,0.06282807931663319,0.6230368391034994,0.1890008404502215,0.184957925896768
ours,treated,in100.floorssl.s0.d256vm4.extL,287,0.2948500453901397,0.21802193234896522,0.06327874326120403,0.6145292967069079,0.1886985494718681,0.12488039747802974
ours,treated,in100.floorssl.s0.d256vm4.extL,288,0.2941778657697518,0.21579787041514856,0.05975107236069623,0.6198732689316335,0.19476943235901228,0.1650931469637965
ours,treated,in100.floorssl.s0.d256vm4.extL,289,0.2882377646539018,0.2138772084734876,0.05868795987678537,0.6097557645601112,0.18979682008691368,0.21352390432412263
ours,treated,in100.floorssl.s0.d256vm4.extL,290,0.28506538849003454,0.20605225521194126,0.05823087615475215,0.601707632137441,0.1948073335452892,0.22638739898661822
ours,treated,in100.floorssl.s0.d256vm4.extL,291,0.2780938180338072,0.19984768105795359,0.05484533986211175,0.5912227611651626,0.19846839914907777,0.21887730827429938
ours,treated,in100.floorssl.s0.d256vm4.extL,292,0.27532232826675457,0.1956926105876016,0.05693355676804364,0.574739390838525,0.20430216540319174,0.1980742471651385
ours,treated,in100.floorssl.s0.d256vm4.extL,293,0.2715605284003139,0.19455607877451303,0.05411387546302588,0.5791821327162926,0.20116033698721436,0.24931275723948493
ours,treated,in100.floorssl.s0.d256vm4.extL,294,0.27079718056481905,0.19366292017103703,0.05446101924006524,0.5670137494845884,0.19775219606255284,0.20043353926487306
ours,treated,in100.floorssl.s0.d256vm4.extL,295,0.2704648496131512,0.19220603676700992,0.0553079391082528,0.5651045557224523,0.20910480010398683,0.2828267643601812
ours,treated,in100.floorssl.s0.d256vm4.extL,296,0.26409867072337617,0.19298074170309576,0.052814087245846075,0.5564098281429234,0.19770461675659928,0.17586804633355474
ours,treated,in100.floorssl.s0.d256vm4.extL,297,0.2556060358055515,0.18595677283858836,0.05226154638200725,0.5399291546328567,0.19865783611414797,0.19615187237547335
ours,treated,in100.floorssl.s0.d256vm4.extL,298,0.25453427456623734,0.1814436514129784,0.05308827020106559,0.5370830455628717,0.20430656269373884,0.19409643764314005
ours,treated,in100.floorssl.s0.d256vm4.extL,299,0.252616753331424,0.1822110752332754,0.05123813920130344,0.5286419948491953,0.20348126855377904,0.22957315544421494
ours,treated,in100.floorssl.s0.d256vm4.extL,300,0.25060663098559294,0.17858725339208714,0.050152311018505445,0.5272631950113627,0.20606498164550344,0.20450282171936482
ours,treated,in100.floorssl.s0.d256vm4.extL,301,0.24457468564895798,0.1750972364023191,0.050380074735915714,0.5147087170894112,0.197867543558175,0.2611450394748074
ours,treated,in100.floorssl.s0.d256vm4.extL,302,0.2401218105510875,0.17015476726502443,0.04880313481069734,0.5059790449464383,0.20545158194991114,0.21724365240940194
ours,treated,in100.floorssl.s0.d256vm4.extL,303,0.23794254467022588,0.1690620086439798,0.047907929161466176,0.5085000149602578,0.20437036206990178,0.3543484097471137
ours,treated,in100.floorssl.s0.d256vm4.extL,304,0.23452453708520732,0.16512513133819062,0.045600424584711745,0.48938720189427115,0.21821237464054083,0.24667185556092902
ours,treated,in100.floorssl.s0.d256vm4.extL,305,0.2311177001860202,0.1614525194335725,0.045316493262635316,0.4849370838966264,0.21943615733181088,0.27941508193107994
ours,treated,in100.floorssl.s0.d256vm4.extL,306,0.2298511843548027,0.15855128846185054,0.04662143032511387,0.480097841617384,0.21329787231712766,0.29148047730854076
ours,treated,in100.floorssl.s0.d256vm4.extL,307,0.2273450161774483,0.16583308425712773,0.04640096905271992,0.47888707398107366,0.19691764163805237,0.2714129619450437
ours,treated,in100.floorssl.s0.d256vm4.extL,308,0.21887513402621428,0.1504329686357942,0.042897614470913385,0.45763499670899993,0.2173646793072567,0.3660449189239749
ours,treated,in100.floorssl.s0.d256vm4.extL,309,0.21661419404652793,0.1536033270013394,0.04474810473247696,0.45836127579252,0.20719600320558848,0.293288252437325
ours,treated,in100.floorssl.s0.d256vm4.extL,310,0.21356994627305295,0.15220849628977934,0.04425595564005993,0.4476731016803021,0.20534477071136242,0.27689377763606643
ours,treated,in100.floorssl.s0.d256vm4.extL,311,0.20926341004603466,0.14437089269495612,0.0403819480248435,0.4457742795554827,0.213915502201921,0.3457453785369753
ours,treated,in100.floorssl.s0.d256vm4.extL,312,0.20508818265817094,0.14335832164374748,0.04064577651427019,0.43465520992054996,0.21543070541535625,0.30936740742571717
ours,treated,in100.floorssl.s0.d256vm4.extL,313,0.20273658603973155,0.13700463682318875,0.03961411602725624,0.424602189890108,0.22447082124436932,0.340590318114653
ours,treated,in100.floorssl.s0.d256vm4.extL,314,0.20190193296095382,0.13777465053500249,0.039140685334438464,0.42001968440294213,0.2285489265429707,0.36410198694747486
ours,treated,in100.floorssl.s0.d256vm4.extL,315,0.19568071017514066,0.12886673263345771,0.03724505816214702,0.4135762797436503,0.23343003848342006,0.42409614689704667
ours,treated,in100.floorssl.s0.d256vm4.extL,316,0.19372059828202956,0.1340710853105778,0.0389610886483906,0.406073922294254,0.21819427994334953,0.25170462697725965
ours,treated,in100.floorssl.s0.d256vm4.extL,317,0.19094023355073805,0.13225290321414204,0.03763019917365311,0.40373503952250805,0.2188433883334492,0.3350054407693901
ours,treated,in100.floorssl.s0.d256vm4.extL,318,0.18803059040519052,0.13059422959530137,0.037021759450695746,0.3944333603083613,0.21937078076412092,0.3394212925229575
ours,treated,in100.floorssl.s0.d256vm4.extL,319,0.1852126071313556,0.12300060926588695,0.032280572990400234,0.3913035681499267,0.23959247573181155,0.3904100422510187
ours,treated,in100.floorssl.s0.d256vm4.extL,320,0.18337444343714498,0.12838394759455762,0.036133102945781995,0.3827895811709081,0.21513823603834978,0.3776182729819792
ours,treated,in100.floorssl.s0.d256vm4.extL,321,0.1770256425338638,0.12015851686390905,0.03431022075353788,0.37432844392277226,0.22839246414354955,0.39460408111080986
ours,treated,in100.floorssl.s0.d256vm4.extL,322,0.17474443590019043,0.1141516148507343,0.030996645847378355,0.3732674729978083,0.24060499742976352,0.4449817928394172
ours,treated,in100.floorssl.s0.d256vm4.extL,323,0.174173667674545,0.11531016417365583,0.029865031593062762,0.37056082571970417,0.23523754745365189,0.4562428047895072
ours,treated,in100.floorssl.s0.d256vm4.extL,324,0.16855623581621834,0.11096796343555991,0.029861076083927077,0.358110619112526,0.2361172624536522,0.4808458280269445
ours,treated,in100.floorssl.s0.d256vm4.extL,325,0.1642133989394267,0.10779426674367512,0.029254758536349502,0.3505420612975162,0.23862425226951128,0.36738913334520334
ours,treated,in100.floorssl.s0.d256vm4.extL,326,0.16084578612347022,0.10876423542794947,0.03006986368252727,0.3448296546061744,0.2206580179932438,0.3896236817899687
ours,treated,in100.floorssl.s0.d256vm4.extL,327,0.15935702051304843,0.10475407583010782,0.03049949649875486,0.3266233863612006,0.2471856705032042,0.4308404547985971
ours,treated,in100.floorssl.s0.d256vm4.extL,328,0.15661224591648404,0.09793935074131394,0.027183328444265423,0.31310707599813176,0.27635167387687826,0.5000162634095573
ours,treated,in100.floorssl.s0.d256vm4.extL,329,0.1536767251155106,0.09741069207529418,0.02616087189837444,0.3346457836382522,0.24637718585891977,0.44982645885898065
ours,treated,in100.floorssl.s0.d256vm4.extL,330,0.1524450646335,0.10333843944828933,0.028845733385720065,0.3214800980403547,0.23001305400019897,0.46667916747329047
ours,treated,in100.floorssl.s0.d256vm4.extL,331,0.14717463719265964,0.09874010450391753,0.026647299190402582,0.32065478396524744,0.22541420270379123,0.4276857836696649
ours,treated,in100.floorssl.s0.d256vm4.extL,332,0.1428664011132413,0.09678397194769,0.026698038659893116,0.3044414730003628,0.22848339985127236,0.42888561008434556
ours,treated,in100.floorssl.s0.d256vm4.extL,333,0.14210091263600153,0.0958548775809608,0.026215363662970764,0.3006896990354386,0.23309758478411324,0.4158674464699928
ours,treated,in100.floorssl.s0.d256vm4.extL,334,0.13927139539918162,0.08715986930210912,0.023318693596318208,0.30591199949791065,0.2508980652719236,0.4939759508054217
ours,treated,in100.floorssl.s0.d256vm4.extL,335,0.1371038368220195,0.08799735778037043,0.025375904757609202,0.28308384068584397,0.2523475417544447,0.5187429015417626
ours,treated,in100.floorssl.s0.d256vm4.extL,336,0.1347305907624263,0.08615863506974422,0.024724050270764738,0.2855442137438656,0.24799506519772752,0.5371008583586532
ours,treated,in100.floorssl.s0.d256vm4.extL,337,0.13089492754091464,0.07775841759027557,0.022301109322406438,0.2589097980459379,0.30073744299099153,0.5502739001669981
ours,treated,in100.floorssl.s0.d256vm4.extL,338,0.12888838929861454,0.07865008143398786,0.022561946683619185,0.2669733692038958,0.27847907397541993,0.5126216100554148
ours,treated,in100.floorssl.s0.d256vm4.extL,339,0.12832855341495902,0.08001774930608065,0.021962558516416826,0.2744960061215206,0.2584014491824927,0.49476506793709196
ours,treated,in100.floorssl.s0.d256vm4.extL,340,0.12559060345395776,0.07216755937455258,0.02130469554995441,0.2411893757746984,0.32667436807689565,0.608735043830483
ours,treated,in100.floorssl.s0.d256vm4.extL,341,0.1238169958469199,0.07573537691486934,0.021724293350749307,0.25239664277867896,0.2861801600282085,0.4767485226462408
ours,treated,in100.floorssl.s0.d256vm4.extL,342,0.11960127165007013,0.07263405117610675,0.020198970788918618,0.2418814037542635,0.28659767674498926,0.5245191041372184
ours,treated,in100.floorssl.s0.d256vm4.extL,343,0.1152494180989375,0.07509162284712145,0.01994155039134446,0.24379100484333682,0.2426663827692735,0.5114864565430215
ours,treated,in100.floorssl.s0.d256vm4.extL,344,0.11320433621765631,0.06764403424941634,0.019727179374183036,0.2233412129449337,0.2986829135699318,0.5449332106746412
ours,treated,in100.floorssl.s0.d256vm4.extL,345,0.11213967720354522,0.06632360364847942,0.018543081064624264,0.24709838967259998,0.27054048692200117,0.5814467822939089
ours,treated,in100.floorssl.s0.d256vm4.extL,346,0.1101811101272268,0.06712286436156628,0.018241704559800134,0.2373503865561292,0.26345113070651816,0.5898996508946225
ours,treated,in100.floorssl.s0.d256vm4.extL,347,0.10704564009307718,0.06284930559556332,0.017856050593526695,0.22392957519443718,0.2868489657787228,0.569237458337859
ours,treated,in100.floorssl.s0.d256vm4.extL,348,0.10557252820574353,0.0643804757870771,0.017642294963698957,0.22461967824135662,0.2712816881741893,0.5230704665458745
ours,treated,in100.floorssl.s0.d256vm4.extL,349,0.10267682761671265,0.0595638476174287,0.015891727829175417,0.218972726353659,0.29091124980780825,0.5984750550685799
ours,treated,in100.floorssl.s0.d256vm4.extL,350,0.09925576842594422,0.05346414448913843,0.014784574618683754,0.20829942407257324,0.32215420314669374,0.5742363303437081
ours,treated,in100.floorssl.s0.d256vm4.extL,351,0.09664177710910403,0.053086803995061785,0.015096240402053162,0.18799312200111987,0.3382643911321578,0.6295395073213527
ours,treated,in100.floorssl.s0.d256vm4.extL,352,0.09203567153501677,0.05269603605766124,0.01479433206135214,0.18723179639188078,0.309031442786285,0.6644742252838934
ours,treated,in100.floorssl.s0.d256vm4.extL,353,0.09070878892366388,0.05420889921839567,0.014422752103901553,0.19476298261160616,0.2696355505787485,0.5315949465389013
ours,treated,in100.floorssl.s0.d256vm4.extL,354,0.088787654256612,0.042773877395922026,0.011652871993076018,0.1778672048476665,0.3724595825790209,0.6911074348171807
ours,treated,in100.floorssl.s0.d256vm4.extL,355,0.08718763984510772,0.04334880333689266,0.012689856227982426,0.1629531209556814,0.381262602017788,0.6830276865913687
ours,treated,in100.floorssl.s0.d256vm4.extL,356,0.0822203335545935,0.04783809159310731,0.012933840435514519,0.16782444736897445,0.29893042566569317,0.5610308617404322
ours,treated,in100.floorssl.s0.d256vm4.extL,357,0.07913525482523966,0.03908911884953871,0.01069187921420504,0.1555017428000897,0.3749401512529946,0.6535209191064786
ours,treated,in100.floorssl.s0.d256vm4.extL,358,0.07812212394565043,0.046785474435869806,0.013023117235932092,0.1637424091110872,0.274278784388962,0.5719238904523586
ours,treated,in100.floorssl.s0.d256vm4.extL,359,0.07712508936302603,0.04170523509230614,0.011851619994375093,0.14982596603755757,0.3372541442003375,0.6275231229286732
ours,treated,in100.floorssl.s0.d256vm4.extL,360,0.07097281686873938,0.04039228214836574,0.01116396153170101,0.1387177023086048,0.3176012710915854,0.5321839521643204
ours,treated,in100.floorssl.s0.d256vm4.extL,361,0.06702098576238895,0.03032201593730413,0.00817927563864081,0.12853708856920587,0.40541395721139584,0.7126112191082025
ours,treated,in100.floorssl.s0.d256vm4.extL,362,0.0664856912562426,0.0317256905938193,0.009582201029132655,0.10920460753957309,0.4256199304306903,0.6606607522646002
ours,treated,in100.floorssl.s0.d256vm4.extL,363,0.06337692405967342,0.032826522583725384,0.009154719100835028,0.11664091426614842,0.3760121860031755,0.651781956505371
ours,treated,in100.floorssl.s0.d256vm4.extL,364,0.05924530343106338,0.029234811432357417,0.008675150481120117,0.10790605617927154,0.389407331286213,0.7188379139826551
ours,treated,in100.floorssl.s0.d256vm4.extL,365,0.05866500136678513,0.03060514576473966,0.008269240162752432,0.11834366313335658,0.343045367792461,0.7149522841644957
ours,treated,in100.floorssl.s0.d256vm4.extL,366,0.05471000764889855,0.02800736796410612,0.00791008947414002,0.09975055406626442,0.38533086973562747,0.6589922766033292
ours,treated,in100.floorssl.s0.d256vm4.extL,367,0.05181670047940954,0.026189778087473886,0.006860034925933183,0.11129185463695386,0.33559832757529223,0.6648820462261636
ours,treated,in100.floorssl.s0.d256vm4.extL,368,0.04587349618979893,0.020044562017982763,0.0047649352471129626,0.10327435307595056,0.3604991081145883,0.7877233907816558
ours,treated,in100.floorssl.s0.d256vm4.extL,369,0.04063648562194409,0.01944633324708271,0.004738405034836912,0.09323332151517782,0.33244542397347077,0.8069700665738754
ours,treated,in100.floorssl.s0.d256vm4.extL,370,0.030835461167747158,0.016541859628143543,0.003725293579650504,0.07221506306817038,0.2840612000851459,0.8136863978306984
visreg,control,in100.visreg.s0.extL,0,6.577316670410168,4.985288876963855,1.3404180240378902,13.995950165982073,0.18016710903047,0.10133693278733107
visreg,control,in100.visreg.s0.extL,1,4.606873583994696,3.7349195082018882,1.1533111053566145,9.164664904492714,0.1602048050984137,0.08787152842524155
visreg,control,in100.visreg.s0.extL,2,3.470971318673854,2.8439686262034973,0.9540809036999437,6.74675591172057,0.15590151212425288,0.060608168972087144
visreg,control,in100.visreg.s0.extL,3,2.9185314196433785,1.993160153236043,0.6839375081680322,5.5614533485067605,0.25424006185402953,0.07305754886078666
visreg,control,in100.visreg.s0.extL,4,2.467987510425972,1.9968761564537407,0.7068449038308705,4.804764655598141,0.1595585809774654,0.061407118722228565
visreg,control,in100.visreg.s0.extL,5,2.254389285503274,1.7965334083505338,0.635191758105839,4.3793698731249044,0.16964164670229123,0.05842717072170041
visreg,control,in100.visreg.s0.extL,6,2.0871561696136443,1.6040312220800201,0.5316070609873832,4.1962406279491,0.1771122882847937,0.0646208900693298
visreg,control,in100.visreg.s0.extL,7,2.0281384953708343,1.6194346813603138,0.554621393758678,3.992071978639406,0.1631618753181452,0.0565978389548311
visreg,control,in100.visreg.s0.extL,8,1.892108777566735,1.4823815197881125,0.5019103470192391,3.713515232497563,0.1804021286804579,0.05075520053999539
visreg,control,in100.visreg.s0.extL,9,1.8533375813604869,1.4770493329196617,0.5042093681978066,3.646086282366529,0.16622960323398248,0.06488328675567409
visreg,control,in100.visreg.s0.extL,10,1.7944783172062622,1.4183296441742272,0.4953984426355738,3.5439619500121977,0.16841226433680773,0.06341033357119491
visreg,control,in100.visreg.s0.extL,11,1.6988633147517,1.3369356921008129,0.46918983630883015,3.3406804796447642,0.1662975674616279,0.06897024968266469
visreg,control,in100.visreg.s0.extL,12,1.6797030590494875,1.2563865117593016,0.41459626081443995,3.3421915431207307,0.19727754385540644,0.07377359964423995
visreg,control,in100.visreg.s0.extL,13,1.636092349541943,1.2830894197517955,0.4478552764605826,3.229156364200219,0.16954884031620768,0.0622819890044825
visreg,control,in100.visreg.s0.extL,14,1.5728756294523076,1.2382745410160463,0.4336510262355353,3.0436036537609654,0.1718330840637383,0.07868678059344608
visreg,control,in100.visreg.s0.extL,15,1.557156757911397,1.2332851739724195,0.4308473911548277,3.0479960682566056,0.16619382062595048,0.05661188390233316
visreg,control,in100.visreg.s0.extL,16,1.5385109544793085,1.221629010994163,0.4184386803134189,3.0642310131064363,0.16569421784137592,0.07176283973130841
visreg,control,in100.visreg.s0.extL,17,1.4774269376942748,1.1745108965760034,0.41398927888492176,2.9060268320288594,0.16619693320822226,0.05142993995604117
visreg,control,in100.visreg.s0.extL,18,1.4657705764878317,1.1566355568141775,0.4013635913334733,2.8517615442766915,0.1708053551580624,0.05527289894371187
visreg,control,in100.visreg.s0.extL,19,1.4211555105173277,1.1250085136153887,0.3919503853303551,2.8489576675701196,0.16660984529803027,0.05660412536491013
visreg,control,in100.visreg.s0.extL,20,1.3811658692928155,1.080860481234775,0.3750045923493479,2.7465020150902024,0.1707866434118713,0.06886510718622796
visreg,control,in100.visreg.s0.extL,21,1.3670988773475439,1.0913638009392117,0.368761092374253,2.6892168277594624,0.16656785205459929,0.06606827228235526
visreg,control,in100.visreg.s0.extL,22,1.3156601105885,1.0328200152276659,0.3651024426086408,2.5669498643104007,0.1687364785127323,0.07377696059688016
visreg,control,in100.visreg.s0.extL,23,1.2925889826805184,1.0261405884362802,0.350234619039666,2.561804572263786,0.16840792479615319,0.08500955690980612
visreg,control,in100.visreg.s0.extL,24,1.2697382976151363,1.0099912408420568,0.3490223792867282,2.4768536264540155,0.16719810234913246,0.07222044819408469
visreg,control,in100.visreg.s0.extL,25,1.2501820510488155,0.9943428097002527,0.35430353344902943,2.454817798044851,0.16354330636365313,0.07951096386871448
visreg,control,in100.visreg.s0.extL,26,1.2373213455289156,0.9581576431252959,0.33494493022932836,2.468537863209805,0.17358970373819888,0.0785735606906874
visreg,control,in100.visreg.s0.extL,27,1.2024507087944503,0.9370691628237461,0.3202551654168948,2.3887136682264036,0.17032576450389925,0.0673730510425613
visreg,control,in100.visreg.s0.extL,28,1.1779832650245663,0.9344204174501105,0.32742959808144406,2.310002772436684,0.16628249458704553,0.06914217560190092
visreg,control,in100.visreg.s0.extL,29,1.1400266544121334,0.890228100330196,0.30744174054580725,2.2651754269152766,0.16918502619202908,0.06942868407994685
visreg,control,in100.visreg.s0.extL,30,1.1313478263810492,0.8961004159159487,0.31308564190805394,2.2306903252692494,0.16463223335520205,0.08639582910040207
visreg,control,in100.visreg.s0.extL,31,1.1005147946683267,0.873213011391372,0.29789367262006466,2.1806635542987873,0.16901778047307647,0.09267340710177681
visreg,control,in100.visreg.s0.extL,32,1.0812620560414345,0.834128113121656,0.2935284081384097,2.1618906540777374,0.17548330089237693,0.07181932474051574
visreg,control,in100.visreg.s0.extL,33,1.0648346327399627,0.851991395402983,0.301210923891798,2.1109215437489706,0.1665905285629827,0.07790839536935694
visreg,control,in100.visreg.s0.extL,34,1.0332880916237603,0.8100471129737002,0.2855248513282123,2.072356719317609,0.16590471053633077,0.08828476010205782
visreg,control,in100.visreg.s0.extL,35,1.0294693798268835,0.8287669598905575,0.2814417759812347,2.020723310943396,0.1641221442351853,0.09910842386192403
visreg,control,in100.visreg.s0.extL,36,1.0010672784306243,0.7925614520123448,0.27354270743896303,1.9905335356305114,0.16460839925383214,0.08528919268488014
visreg,control,in100.visreg.s0.extL,37,0.9854980232338291,0.7827190868551683,0.2669323820422513,1.955989205636808,0.16276481200588194,0.09018671065643247
visreg,control,in100.visreg.s0.extL,38,0.9702798076044642,0.7727278961049285,0.26604036399645326,1.9289886313473232,0.16441416030207082,0.1058790098745121
visreg,control,in100.visreg.s0.extL,39,0.9652551050696491,0.7583640597065657,0.25659567143995526,1.9158042769500865,0.1709069208316024,0.11287009264573152
visreg,control,in100.visreg.s0.extL,40,0.9465253616772813,0.7470150700309963,0.2578896394141198,1.8931798881251332,0.16460619074378322,0.09424054690048139
visreg,control,in100.visreg.s0.extL,41,0.9387905013310043,0.7300612811293961,0.2567089312794765,1.861927915731533,0.17127470483205842,0.09813989982511888
visreg,control,in100.visreg.s0.extL,42,0.9172586769360047,0.7278418395743063,0.2509379005134886,1.8106495922183787,0.16699760802144592,0.09595877317471635
visreg,control,in100.visreg.s0.extL,43,0.9101414942490789,0.7172836663549831,0.25157373168529007,1.800110926896067,0.1693262549605353,0.10478808589729226
visreg,control,in100.visreg.s0.extL,44,0.8710032133286574,0.6818991090325389,0.23403594346835538,1.7546606553331556,0.16957582252487255,0.1312120894104388
visreg,control,in100.visreg.s0.extL,45,0.8534914755325903,0.6704699387149486,0.22430822557009528,1.7047403272505608,0.1713719094092965,0.12142512412444698
visreg,control,in100.visreg.s0.extL,46,0.8346252095922325,0.6524672021670405,0.22945901543270975,1.6572295671659432,0.17035960627700295,0.14565117455865126
visreg,control,in100.visreg.s0.extL,47,0.8270081627497567,0.6517869072733166,0.22684378283181403,1.6621843410356547,0.16605730106176633,0.124606434097742
visreg,control,in100.visreg.s0.extL,48,0.8050644392375171,0.6346886984502191,0.2154153188234519,1.597636096243633,0.16902746996570947,0.0958510044273134
visreg,control,in100.visreg.s0.extL,49,0.7982648773063502,0.628944305015945,0.2138180181050823,1.5884159989959046,0.17005897613822085,0.1103188885080858
visreg,control,in100.visreg.s0.extL,50,0.7741832664346369,0.6126690429694109,0.21078475496918658,1.5376787782216954,0.16378050126344967,0.10378777060877363
visreg,control,in100.visreg.s0.extL,51,0.7686704279097949,0.61127604556598,0.20741501862810488,1.5166414352012132,0.16810960194753158,0.14898305556014896
visreg,control,in100.visreg.s0.extL,52,0.7379681544536869,0.5788898439973091,0.20457316020839098,1.4657510722661986,0.16828350394977837,0.15769478921916336
visreg,control,in100.visreg.s0.extL,53,0.7019441208374148,0.5392426866154536,0.18051822477342894,1.4186471372911753,0.17501686489669147,0.15050016577450648
visreg,control,in100.visreg.s0.extL,54,0.6931807766556661,0.5426902153256019,0.1829062260134333,1.3819751169979477,0.17023458521832913,0.12478217196590234
visreg,control,in100.visreg.s0.extL,55,0.6699325431983895,0.5219307231220661,0.1774328181113593,1.3275701936718214,0.1698571788816109,0.18877945352556316
visreg,control,in100.visreg.s0.extL,56,0.6677209346312755,0.5280721511992899,0.17718225682918035,1.3232852602034633,0.1685003423031441,0.14307756921981607
visreg,control,in100.visreg.s0.extL,57,0.6662035126957868,0.526743665750151,0.17728048421889667,1.3043483510760296,0.17121012272029001,0.20374357218807362
visreg,control,in100.visreg.s0.extL,58,0.6434446677129181,0.5075596623301563,0.17289045190616228,1.2846983325109798,0.16754060732933287,0.13397787355133414
visreg,control,in100.visreg.s0.extL,59,0.6163142692442207,0.4808809675886938,0.1639409033841666,1.2253391428295657,0.17256121033388508,0.14050724409063203
visreg,control,in100.visreg.s0.extL,60,0.6132590215376013,0.4717267602036518,0.15606363740626777,1.2208890597907198,0.17746914931962968,0.1865699168525342
visreg,control,in100.visreg.s0.extL,61,0.5904774246701083,0.463491558234698,0.15762276912965736,1.1719958751278505,0.1702056220046285,0.16856336605793626
visreg,control,in100.visreg.s0.extL,62,0.5797047274486626,0.4440348010109312,0.14638607165586873,1.1739143089605215,0.1728235753180625,0.15460210195221574
visreg,control,in100.visreg.s0.extL,63,0.5646643007611754,0.44101697858979094,0.15196920298480163,1.1234513264285095,0.17251171020279027,0.21688198895511487
visreg,control,in100.visreg.s0.extL,64,0.5591213607701986,0.42930289800694077,0.1420365225790452,1.1272110352067333,0.1759838031180533,0.21276375252543547
visreg,control,in100.visreg.s0.extL,65,0.5372124842371806,0.41319150375798674,0.1432094026643903,1.0909043941289787,0.17347704539089964,0.17954036237251902
visreg,control,in100.visreg.s0.extL,66,0.5293758629339831,0.4133365846747526,0.14119779162712642,1.0487638919754956,0.17299521536490084,0.1468701834431515
visreg,control,in100.visreg.s0.extL,67,0.5162088528106555,0.39891537705003643,0.13717919727177688,1.0384624605523192,0.17257257285510602,0.2677419079626428
visreg,control,in100.visreg.s0.extL,68,0.5095080822023822,0.3867174219268789,0.12796596053150947,1.034578507724751,0.1816342095811034,0.23627794085867634
visreg,control,in100.visreg.s0.extL,69,0.5049585654306348,0.3883146931658551,0.12745946506261668,1.0114600624352483,0.17686233001224919,0.2157690694156273
visreg,control,in100.visreg.s0.extL,70,0.45833523903980905,0.3516256710151142,0.11563377814911309,0.9224615497670761,0.1766442976336718,0.27963167658581595
visreg,control,in100.visreg.s0.extL,71,0.4468127453217816,0.34565222587974564,0.11663343635184631,0.8984017080133071,0.1767909440113399,0.2832070624475724
visreg,control,in100.visreg.s0.extL,72,0.42314364916025987,0.3213527426342758,0.10810814520430898,0.8548830521587071,0.17905688613185322,0.22434132718798375
visreg,control,in100.visreg.s0.extL,73,0.40019063958352,0.3062482107712333,0.10200399345581071,0.8145196324645233,0.17753555133762935,0.26222831161114096
visreg,control,in100.visreg.s0.extL,74,0.39039831360545046,0.3021994614492354,0.09985485826951478,0.7895114016026746,0.17803916252530277,0.25790999224691524
visreg,control,in100.visreg.s0.extL,75,0.382142135701344,0.29572050984383075,0.10047504379038087,0.7590712535448852,0.18002440497663594,0.29693878896792086
visreg,control,in100.visreg.s0.extL,76,0.3698727418660031,0.28304637087275886,0.09566831736779323,0.7404621393424241,0.1815882195057442,0.34883131197679373
visreg,control,in100.visreg.s0.extL,77,0.363868202936598,0.2792510627749965,0.09261149693834729,0.7358544350818967,0.18048724606728117,0.3336027430347187
visreg,control,in100.visreg.s0.extL,78,0.31708627553849383,0.24448090114223398,0.08180913788855444,0.6399480800513689,0.17787835209389552,0.3655099572193863
visreg,control,in100.visreg.s0.extL,79,0.3100030876174253,0.23017109086518378,0.07610109509972313,0.6411344792219027,0.18572935095832474,0.28786455987572707
visreg,control,in100.visreg.s0.extL,80,0.2854553307106803,0.21068269027146105,0.06543291125079735,0.5873025218774892,0.1896005707017483,0.2685479300779315
visreg,control,in100.visreg.s0.extL,81,0.2814128836549935,0.20793200604661766,0.0666565852558072,0.5738473440080488,0.19366361852245256,0.354830218169669
visreg,control,in100.visreg.s0.extL,82,0.2549108948219999,0.18224840169925446,0.05881568309775452,0.5297188732024725,0.20098533511456768,0.3303927957167314
visreg,control,in100.visreg.s0.extL,83,0.24436784468622688,0.17570921075995627,0.0548118918735214,0.5070371201348823,0.20349754916446577,0.35480638083658084
visreg,control,in100.visreg.s0.extL,84,0.23422939247126295,0.16494097127793883,0.04996350008772058,0.4926598148525914,0.20638630687044346,0.2843116961753218
visreg,control,in100.visreg.s0.extL,85,0.2206502466679465,0.16033278292643682,0.050218346105206306,0.45544930598117545,0.1992144616528614,0.40375136678017604
visreg,control,in100.visreg.s0.extL,86,0.21268296271426124,0.15002038910412496,0.04356287296649256,0.4492463592291976,0.20038494191587694,0.3569785173649438
visreg,control,in100.visreg.s0.extL,87,0.204849846526814,0.15011400397684327,0.04536954735258174,0.4237347117825204,0.19418529447560298,0.22713414094448572
visreg,control,in100.visreg.s0.extL,88,0.1980683585664061,0.13938285899360175,0.042965110884930685,0.40780024217171534,0.21146468379523545,0.3633963652293792
visreg,control,in100.visreg.s0.extL,89,0.19022535653841038,0.13566760239270556,0.04055234789658598,0.4018412852363283,0.19899280461100852,0.29988526987597874
visreg,control,in100.visreg.s0.extL,90,0.17668148810865336,0.12406874167761786,0.036789370599864694,0.3762960949724856,0.20995707854842574,0.361839644938608
visreg,control,in100.visreg.s0.extL,91,0.16992112094194448,0.11999989141137765,0.03711957725810566,0.35463244662204485,0.20966834100664064,0.4601473595308274
visreg,control,in100.visreg.s0.extL,92,0.16657755998578805,0.11525667394260558,0.035349349333040854,0.34940508798321795,0.2161293670806631,0.4097342590199941
visreg,control,in100.visreg.s0.extL,93,0.15339318031830076,0.10385933838946056,0.03020635305509349,0.3273399588110494,0.22611737495277426,0.467192277266771
visreg,control,in100.visreg.s0.extL,94,0.14901308251680123,0.10348958670159276,0.031189147065034742,0.313081350938598,0.2093002071798594,0.39618293337332394
visreg,control,in100.visreg.s0.extL,95,0.14596450007794784,0.09949003345256185,0.029073458661621997,0.30959449452273197,0.21755981147811004,0.4637366747355272
visreg,control,in100.visreg.s0.extL,96,0.1379750652428825,0.0911160533657594,0.027247311019006987,0.29216279557848024,0.23267258420434797,0.4324209777160815
visreg,control,in100.visreg.s0.extL,97,0.13394411145268056,0.0908194233708126,0.02673808307422085,0.28632193473619794,0.21759973081626208,0.3555642614888799
visreg,control,in100.visreg.s0.extL,98,0.13029512691404144,0.08424229185619143,0.02466257825735588,0.28197851003189855,0.23632994025579318,0.27503165059788703
visreg,control,in100.visreg.s0.extL,99,0.12073540342217856,0.07809746343433453,0.021234843232969775,0.26010946762610765,0.23415344310320016,0.5327360667775181
visreg,control,in100.visreg.s0.extL,100,0.11154891829692393,0.07580041571146065,0.022720649803396685,0.23907280705409362,0.2149763922388726,0.4105679317930841
visreg,control,in100.visreg.s0.extL,101,0.10308151157395685,0.06758869795496775,0.019402516225675938,0.22244654863914218,0.23353741574711925,0.49339421064154754
visreg,control,in100.visreg.s0.extL,102,0.09909300616970346,0.06339218373042879,0.018175650482931544,0.21174484623561377,0.24634040329128767,0.577278187428021
visreg,control,in100.visreg.s0.extL,103,0.09082209089572994,0.0513092389389729,0.014406564282961956,0.19664743874206095,0.29197406370444434,0.6735722428867561
visreg,control,in100.visreg.s0.extL,104,0.08814118800070117,0.05224436816470736,0.014251402245474769,0.19590373138972314,0.26642669687388015,0.5050752348614741
visreg,control,in100.visreg.s0.extL,105,0.06583398109718148,0.036912571853280514,0.00848186363198196,0.15419833734486932,0.2648346062524653,0.6482575836741106
visreg,control,in100.visreg.s0.extL,106,0.05763227626255052,0.030487741546477244,0.0073453169820022705,0.13737404234084516,0.27784977322117405,0.7379179268117526
visreg,control,in100.visreg.s0.extL,107,0.03862160983571432,0.022375694267144502,0.005729972786880763,0.08653196165639297,0.26391374196801726,0.7764394688114378
visreg,treated,in100.visreg.s0.visregf.extL,0,74.49779820605433,59.56700471430349,19.312074386272354,149.0720101712465,0.16125235433984164,0.07059551387012482
visreg,treated,in100.visreg.s0.visregf.extL,1,62.62976530019558,49.22142628168301,16.792231418228326,123.94537295450314,0.17301978465431977,0.1005780886514399
visreg,treated,in100.visreg.s0.visregf.extL,2,44.651176428116074,38.52168362034176,13.620270927900624,83.85302776775347,0.13900238108194912,0.07937892595284658
visreg,treated,in100.visreg.s0.visregf.extL,3,39.88662285036026,26.710748264389288,8.96888150590571,78.59280613580749,0.25187396260206507,0.06555941740693343
visreg,treated,in100.visreg.s0.visregf.extL,4,36.0305212613039,30.419546550035264,11.32710891940622,68.16902641526856,0.1434730014691322,0.05885432708025781
visreg,treated,in100.visreg.s0.visregf.extL,5,32.948776575341526,27.46442425880167,9.70390162794091,63.3420206493076,0.14840563722423414,0.05949027480787771
visreg,treated,in100.visreg.s0.visregf.extL,6,32.36532784124656,26.256210696811266,9.066449107686495,62.598711332942834,0.1574448865059203,0.05026723850943528
visreg,treated,in100.visreg.s0.visregf.extL,7,28.68064725805835,24.133248846167866,8.460830643443384,54.723281922840144,0.146876373228496,0.047300441394701714
visreg,treated,in100.visreg.s0.visregf.extL,8,26.686846927001284,21.821360701536648,7.867571223227552,51.34977175534847,0.15031520984098365,0.06040594468811539
visreg,treated,in100.visreg.s0.visregf.extL,9,25.569701319567713,20.736073151778726,7.452093027339036,49.68885814929599,0.15825679052990682,0.04668094472775311
visreg,treated,in100.visreg.s0.visregf.extL,10,23.338261213466094,19.513019791204755,6.854241721726835,44.75280414571021,0.14708201216690145,0.034507723616655384
visreg,treated,in100.visreg.s0.visregf.extL,11,21.568907577634338,18.002105169222922,6.394933224643826,41.15537597351883,0.15201937403743013,0.039541693046305955
visreg,treated,in100.visreg.s0.visregf.extL,12,20.369312497920102,16.44636505884458,6.0165610769412705,39.781633127252505,0.15642646173454172,0.03298733774423117
visreg,treated,in100.visreg.s0.visregf.extL,13,19.452854941358233,16.363046528003196,6.120129132041893,36.58551724005744,0.14572932929493745,0.042679986144358625
visreg,treated,in100.visreg.s0.visregf.extL,14,18.313847129223934,14.978959429160032,5.5437807921540925,35.33392261763358,0.15613633157840145,0.047605905674654586
visreg,treated,in100.visreg.s0.visregf.extL,15,17.785917801915975,14.679439688000784,5.166089081723339,34.32356475025482,0.1538343539020685,0.03391592420445698
visreg,treated,in100.visreg.s0.visregf.extL,16,16.120244038811112,13.409936576932616,5.0241495561938025,30.5139215882665,0.15020638723162535,0.034408000592735036
visreg,treated,in100.visreg.s0.visregf.extL,17,15.756476957396542,13.24263106836135,4.985784664374069,29.651019029892318,0.14473721811513662,0.030573749980005106
visreg,treated,in100.visreg.s0.visregf.extL,18,15.319382739863032,13.048700080626304,4.779211387965925,28.898750390107473,0.14251872407002825,0.02921930960028057
visreg,treated,in100.visreg.s0.visregf.extL,19,14.314934981791014,11.470360604154436,3.928184186502335,28.560430230711223,0.16174520170709583,0.03314711523753038
visreg,treated,in100.visreg.s0.visregf.extL,20,13.941155189135655,11.455811908071269,3.939241430446858,27.05431298390897,0.15546042246021077,0.03117260159002435
visreg,treated,in100.visreg.s0.visregf.extL,21,13.648593726978044,11.018702078815636,4.040848678701268,26.135354272879454,0.16278245685242795,0.022364839406425575
visreg,treated,in100.visreg.s0.visregf.extL,22,12.773777771301445,10.171599648201127,3.6833811456292436,25.164231407421084,0.1596875457925509,0.024220633820033127
visreg,treated,in100.visreg.s0.visregf.extL,23,12.22544523202436,10.208494929546037,3.7291126588245174,23.336571154845416,0.14846832678908906,0.03220598461779546
visreg,treated,in100.visreg.s0.visregf.extL,24,11.799469838367248,8.831159758527363,3.117342155135941,22.957293249860456,0.19641497292304638,0.03377103153123235
visreg,treated,in100.visreg.s0.visregf.extL,25,11.289906883511218,8.872906939402633,3.1235258940651733,22.28897895196372,0.17409766876711164,0.032210487650999216
visreg,treated,in100.visreg.s0.visregf.extL,26,10.922245348957418,9.051860012479676,3.374668784328575,20.814882566990203,0.15010777540538495,0.03184265864878951
visreg,treated,in100.visreg.s0.visregf.extL,27,10.714428206697974,8.814223941998355,3.273471438069909,20.375504949676223,0.1529324425260096,0.033103686293153856
visreg,treated,in100.visreg.s0.visregf.extL,28,10.340926431643853,8.547402902599934,3.152843438912574,19.73340886864445,0.1478054565514587,0.025740217472252577
visreg,treated,in100.visreg.s0.visregf.extL,29,9.62266773757422,7.854751557408884,2.7511950879559532,18.743723228481404,0.15565408335773936,0.02881918469735951
visreg,treated,in100.visreg.s0.visregf.extL,30,9.488392240158582,7.817622110715975,2.9532596367471333,17.91604997348211,0.1592444003049552,0.029569111218166064
visreg,treated,in100.visreg.s0.visregf.extL,31,9.20953104901834,7.352825550365888,2.633649330280453,18.102434277628294,0.16112151330755417,0.02082029998889857
visreg,treated,in100.visreg.s0.visregf.extL,32,8.905015757197697,7.270113257271216,2.588447757892688,17.008084449884795,0.15702387836152737,0.023384400662553175
visreg,treated,in100.visreg.s0.visregf.extL,33,8.402575137103558,6.73474885320995,2.381800278414887,16.5069597057882,0.16255206461609667,0.03058493570907298
visreg,treated,in100.visreg.s0.visregf.extL,34,8.365404330508463,6.66469133392676,2.402844745027568,16.494880596912004,0.16204138322920728,0.027320285965349765
visreg,treated,in100.visreg.s0.visregf.extL,35,7.819920377443732,6.4874550322774365,2.3786808537290827,14.876324555263613,0.15237871003477854,0.029913694357334607
visreg,treated,in100.visreg.s0.visregf.extL,36,7.648436169967876,6.357318789753058,2.317085350595171,14.508427755080529,0.15277298232291642,0.03312511917981451
visreg,treated,in100.visreg.s0.visregf.extL,37,7.300644153375385,5.608810581805654,2.0448767448025893,14.591906382202298,0.17898277293743373,0.02862966701425767
visreg,treated,in100.visreg.s0.visregf.extL,38,7.18152164611605,5.947317845173281,2.194479502220107,13.79084211896783,0.14913732949984268,0.02505672504138119
visreg,treated,in100.visreg.s0.visregf.extL,39,6.986831814490416,5.790921287246843,2.049806176625153,13.375538101391427,0.15189667119199876,0.029314782360385868
visreg,treated,in100.visreg.s0.visregf.extL,40,6.791809460781725,5.69032045214505,2.1203188550087613,12.851725906715915,0.15199136697544757,0.02462678306293068
visreg,treated,in100.visreg.s0.visregf.extL,41,6.57049536373141,5.231583194594171,1.840915241909112,12.727019097907784,0.17395758555080398,0.03171450780100281
visreg,treated,in100.visreg.s0.visregf.extL,42,6.442501187386371,5.333443770583587,1.9214968165317732,12.326274089760165,0.1517040993959947,0.027536750392571228
visreg,treated,in100.visreg.s0.visregf.extL,43,6.050924763637311,4.914317429747168,1.7801800903468585,11.666523300672004,0.1594141263750901,0.02781259297443664
visreg,treated,in100.visreg.s0.visregf.extL,44,5.989114185314573,5.011459676071315,1.9007088131898693,11.373780359544128,0.14765878263028162,0.022324276066483937
visreg,treated,in100.visreg.s0.visregf.extL,45,5.7843996460355225,4.835841185471091,1.766418153806923,10.978046508336801,0.14925226164314817,0.02319227585717532
visreg,treated,in100.visreg.s0.visregf.extL,46,5.6691714997841105,4.762269714384193,1.754486134577864,10.72354613369807,0.14381237649705342,0.021694186048997786
visreg,treated,in100.visreg.s0.visregf.extL,47,5.604513850595132,4.694942205260769,1.7398994312553195,10.549045394375337,0.1499819630667698,0.024654997207758496
visreg,treated,in100.visreg.s0.visregf.extL,48,5.458025479681211,4.475531225304644,1.6116176924509065,10.567281462734396,0.15548753628980244,0.023134879278181655
visreg,treated,in100.visreg.s0.visregf.extL,49,5.4087105639556095,4.31271635984808,1.5807021356516693,10.608406775049657,0.16503616177376756,0.022147805555727814
visreg,treated,in100.visreg.s0.visregf.extL,50,5.333924864510926,4.4296334359262755,1.6690313934556067,10.169017659683423,0.14974704747962142,0.024225661288318073
visreg,treated,in100.visreg.s0.visregf.extL,51,5.143050563930369,4.240333413160533,1.607183139808593,9.769240737479569,0.1526010988639737,0.02680675235298816
visreg,treated,in100.visreg.s0.visregf.extL,52,5.107260251070304,4.1858154240508085,1.5787680049518458,9.791975112128531,0.15104932066767393,0.03183105033852332
visreg,treated,in100.visreg.s0.visregf.extL,53,5.010882508872661,4.169559822080544,1.5717691942810714,9.585046357937236,0.14784191129960267,0.02686206453784158
visreg,treated,in100.visreg.s0.visregf.extL,54,4.9176111974233265,4.150054214346987,1.5347513590926396,9.262005121327627,0.14738722813474112,0.024122389978812112
visreg,treated,in100.visreg.s0.visregf.extL,55,4.76893453164783,4.032374609657072,1.4928150853676996,8.929022072624214,0.1469724609749756,0.02631196869359736
visreg,treated,in100.visreg.s0.visregf.extL,56,4.655882050605353,3.7437592762223524,1.3655740741721027,8.81739561908349,0.16622305960851771,0.023697286231126373
visreg,treated,in100.visreg.s0.visregf.extL,57,4.551531345025254,3.7988448299952275,1.4197240642036983,8.502021243570306,0.1525068851052076,0.021022349261164818
visreg,treated,in100.visreg.s0.visregf.extL,58,4.47975776001512,3.767890919743851,1.4302715162180466,8.391041078384774,0.14874647604396787,0.021691993001318806
visreg,treated,in100.visreg.s0.visregf.extL,59,4.381656392831713,3.72213399717368,1.3719608248976418,8.234189563851496,0.14314189297952987,0.019806834314035276
visreg,treated,in100.visreg.s0.visregf.extL,60,4.262154803278051,3.540697757753297,1.31293942570935,8.079857526033091,0.15002897813573907,0.021698163082904662
visreg,treated,in100.visreg.s0.visregf.extL,61,4.243044375454281,3.5797833922287103,1.3408088134385525,7.836883218898055,0.14517384435944833,0.020306924670915952
visreg,treated,in100.visreg.s0.visregf.extL,62,4.175490222530229,3.4809580634145814,1.3262302459311048,7.897879221252812,0.14824416708416369,0.020136257622389533
visreg,treated,in100.visreg.s0.visregf.extL,63,4.117061903975704,3.4562436557205864,1.3105323511554654,7.808004426268608,0.14418488686427042,0.019778728625425634
visreg,treated,in100.visreg.s0.visregf.extL,64,4.01179898312825,3.361073596602766,1.2562420129476575,7.542470603601212,0.15059420782425503,0.02341106284001731
visreg,treated,in100.visreg.s0.visregf.extL,65,3.990349268467666,3.3589614199490416,1.2349373347464057,7.540710861856284,0.1483318897510122,0.021777575295820216
visreg,treated,in100.visreg.s0.visregf.extL,66,3.86758547459471,3.2195451637116417,1.2352415245380335,7.282394906274941,0.14885475184626207,0.02052491447706847
visreg,treated,in100.visreg.s0.visregf.extL,67,3.836437423781705,3.1698017925454587,1.1633198753315341,7.375738070518506,0.15223146429756723,0.025347118226258427
visreg,treated,in100.visreg.s0.visregf.extL,68,3.818619909298461,3.1773616187782663,1.2145295503626254,7.242631200739578,0.14693719684781795,0.03164932697407806
visreg,treated,in100.visreg.s0.visregf.extL,69,3.774977783739634,3.199952188472227,1.1774969935230954,7.133046889600627,0.14570989156567277,0.023999917828871134
visreg,treated,in100.visreg.s0.visregf.extL,70,3.729047276779274,3.14625381933216,1.1933096273782366,7.024604299830195,0.14648583386064204,0.01766048663175321
visreg,treated,in100.visreg.s0.visregf.extL,71,3.6945962252365248,3.1041880438403613,1.1483553032695553,6.982058014039912,0.1498206139113351,0.020140107444539333
visreg,treated,in100.visreg.s0.visregf.extL,72,3.6676681384480854,3.0143155060107563,1.1255679737465187,7.047727528832157,0.15272772385613212,0.02434514887900815
visreg,treated,in100.visreg.s0.visregf.extL,73,3.6145266547685484,3.0399025986942574,1.1222712143282967,6.812349100110403,0.14573374238850428,0.024579447021121824
visreg,treated,in100.visreg.s0.visregf.extL,74,3.5510322400247496,2.9425964245194427,1.0855605151391432,6.750129799014693,0.15433982159398935,0.023163647263741663
visreg,treated,in100.visreg.s0.visregf.extL,75,3.458424163538635,2.8991484260975993,1.0739701810918902,6.528297770460582,0.15031274401020198,0.016644659145895694
visreg,treated,in100.visreg.s0.visregf.extL,76,3.445738769735643,2.9004066511822844,1.0530871097912653,6.452071305889977,0.14915676037511122,0.018636022884437487
visreg,treated,in100.visreg.s0.visregf.extL,77,3.38465018552613,2.834174254752325,1.0197510149056004,6.439284191053674,0.15101103431639193,0.02457450473427734
visreg,treated,in100.visreg.s0.visregf.extL,78,3.3586571753183017,2.833582373791315,1.0533057502634608,6.298227533440108,0.1459753720848298,0.020650821517113515
visreg,treated,in100.visreg.s0.visregf.extL,79,3.3273546902327324,2.7502439685867706,1.0420065863390036,6.294083383170655,0.15557043681216573,0.028782324318918803
visreg,treated,in100.visreg.s0.visregf.extL,80,3.315102019581298,2.710617366395268,1.0016396628992987,6.245696208049341,0.156307786189374,0.02351732589012866
visreg,treated,in100.visreg.s0.visregf.extL,81,3.2335289857696177,2.6796932266811604,0.9965300910617946,6.1990274765471804,0.15007578209981187,0.021126447453640722
visreg,treated,in100.visreg.s0.visregf.extL,82,3.2102851221488113,2.6683692560756214,1.0057527276625977,6.03832076735438,0.1474201596299641,0.028772819566022564
visreg,treated,in100.visreg.s0.visregf.extL,83,3.1935118971069247,2.6765014031774395,0.9927116366324785,6.077090815957662,0.14767017210301336,0.033439045802906915
visreg,treated,in100.visreg.s0.visregf.extL,84,3.156065301207182,2.669333662273521,1.0223399878960804,5.9067862520015755,0.14354389310653387,0.02429297962125486
visreg,treated,in100.visreg.s0.visregf.extL,85,3.1206961196553924,2.57629278652022,0.972846733324906,5.9817774975489355,0.15041651679818072,0.02484550255354398
visreg,treated,in100.visreg.s0.visregf.extL,86,3.082977700314811,2.5725464227205523,0.9513588318250522,5.853214697201666,0.1505427189819318,0.01752142647829947
visreg,treated,in100.visreg.s0.visregf.extL,87,3.068818626563826,2.586933659206365,0.9897775317448875,5.717415111603132,0.1469105460712508,0.02900835361080227
visreg,treated,in100.visreg.s0.visregf.extL,88,3.0541476789251436,2.533338952307324,0.9619887169248171,5.826746283514281,0.14916032589097275,0.018355689671296332
visreg,treated,in100.visreg.s0.visregf.extL,89,2.988412429991462,2.50365465391089,0.9406955728897495,5.646805713943725,0.14827843216151826,0.0244036140784652
visreg,treated,in100.visreg.s0.visregf.extL,90,2.964415384022406,2.4584433726156174,0.9148156415105506,5.69643361057967,0.147513429957617,0.023404550023145707
visreg,treated,in100.visreg.s0.visregf.extL,91,2.9348101320335975,2.4539888924331335,0.9309139412735888,5.520552276431212,0.14769928756660572,0.019289039138102183
visreg,treated,in100.visreg.s0.visregf.extL,92,2.918048160419015,2.4373939342214914,0.9268410645922917,5.514292682893522,0.14797797624760317,0.02390636607139071
visreg,treated,in100.visreg.s0.visregf.extL,93,2.887210476215548,2.4076792687797326,0.8774930188298398,5.529115173823683,0.15082171068949018,0.025050074153094036
visreg,treated,in100.visreg.s0.visregf.extL,94,2.852385468673928,2.410869890034439,0.8904003623729685,5.397677014031072,0.14878376557907194,0.0272416317662786
visreg,treated,in100.visreg.s0.visregf.extL,95,2.831592224414995,2.361047329912795,0.8648414948596724,5.4062024834678075,0.1503800493328684,0.018836758423217345
visreg,treated,in100.visreg.s0.visregf.extL,96,2.801531752360999,2.31838647338298,0.8755462736994588,5.407964486701752,0.14770730970269036,0.026611106485094255
visreg,treated,in100.visreg.s0.visregf.extL,97,2.773551039819595,2.3029854309769786,0.864238828118628,5.321306400877699,0.14934355184244252,0.022878055910972205
visreg,treated,in100.visreg.s0.visregf.extL,98,2.744701848472203,2.2849439401107734,0.8594631764578978,5.2375554567742,0.14906653902997596,0.025046510301678655
visreg,treated,in100.visreg.s0.visregf.extL,99,2.726091379768354,2.2609556729979454,0.8561261591373206,5.219375377785523,0.14939995815280924,0.021894140421971988
visreg,treated,in100.visreg.s0.visregf.extL,100,2.6999269814320694,2.243203512046362,0.8327722809783611,5.13665648303463,0.14889832914589105,0.022027897523724346
visreg,treated,in100.visreg.s0.visregf.extL,101,2.686176711801169,2.2635497509552307,0.8446116533060274,5.052366542306712,0.14793511722795358,0.022315614162133304
visreg,treated,in100.visreg.s0.visregf.extL,102,2.6679382064590853,2.2221502641669524,0.8190003677703052,5.102460693428092,0.15009327397684774,0.02195191632894386
visreg,treated,in100.visreg.s0.visregf.extL,103,2.6453605953149673,2.194299179500491,0.8029208407333818,5.028555709000467,0.15101030690935308,0.025164293294840406
visreg,treated,in100.visreg.s0.visregf.extL,104,2.603014663408674,2.162385592168076,0.7883937903817009,4.981098169363711,0.1524975428893688,0.025252796946134814
visreg,treated,in100.visreg.s0.visregf.extL,105,2.573637019382508,2.1299287969433878,0.7969034306918515,4.920769389703488,0.14979939888526053,0.025644375135180367
visreg,treated,in100.visreg.s0.visregf.extL,106,2.538373068362199,2.104872774668232,0.7928664605834749,4.8278125043132105,0.14933116733210644,0.02157204432082096
visreg,treated,in100.visreg.s0.visregf.extL,107,2.5276179862964203,2.1339951423149213,0.8023445350993088,4.769088560288812,0.1440952468259897,0.017167966768356635
visreg,treated,in100.visreg.s0.visregf.extL,108,2.5074051028494124,2.080709658916245,0.7664735722019341,4.783899023696582,0.15089583188942435,0.026037774372891054
visreg,treated,in100.visreg.s0.visregf.extL,109,2.4703654293519457,2.0511950160994776,0.7475821686880401,4.71973095172739,0.14769133167511872,0.027109407582326522
visreg,treated,in100.visreg.s0.visregf.extL,110,2.4529855209665037,2.0565455204437777,0.7960404899791949,4.626565203225727,0.1467698635916962,0.024833901335397545
visreg,treated,in100.visreg.s0.visregf.extL,111,2.4467031131183687,2.039037011938009,0.7524483020142477,4.61750406529804,0.1485387832756107,0.02706011178482042
visreg,treated,in100.visreg.s0.visregf.extL,112,2.441136576741115,2.0037031611463165,0.7492628083684092,4.672952746724329,0.15173312628228117,0.029808318082734896
visreg,treated,in100.visreg.s0.visregf.extL,113,2.4164789827074027,2.029410465945248,0.738531490283855,4.612794604569196,0.14887692647091452,0.02164604947214217
visreg,treated,in100.visreg.s0.visregf.extL,114,2.4033967418740194,1.991498901527132,0.7578605304104425,4.573589814414904,0.14813035653013046,0.025522600024321093
visreg,treated,in100.visreg.s0.visregf.extL,115,2.38364878078459,1.9760556642289746,0.7278947586033395,4.576240282895823,0.149281079758676,0.019727212553381782
visreg,treated,in100.visreg.s0.visregf.extL,116,2.3515001827256357,1.964182384144459,0.7225083341577827,4.457138195633041,0.15072518877646643,0.021042100153316808
visreg,treated,in100.visreg.s0.visregf.extL,117,2.3464821501995248,1.95835359968597,0.7244562888600315,4.446791948658309,0.15192724443213063,0.021046470863167535
visreg,treated,in100.visreg.s0.visregf.extL,118,2.3261429210196214,1.9211768874232247,0.7050796812652721,4.470808147843437,0.15184262320475503,0.02476295892943861
visreg,treated,in100.visreg.s0.visregf.extL,119,2.3107217061404737,1.929176704283452,0.7138307583262021,4.360119966334662,0.14818329125540958,0.02901383266957804
visreg,treated,in100.visreg.s0.visregf.extL,120,2.2889872416040435,1.911454892720236,0.7209572278616198,4.354629947314773,0.1480383107036744,0.021552888464379673
visreg,treated,in100.visreg.s0.visregf.extL,121,2.2648313780089775,1.8691368829175432,0.6931191661114189,4.293204492704733,0.15105665435494603,0.03275146065694632
visreg,treated,in100.visreg.s0.visregf.extL,122,2.2492753984187384,1.8692391322524333,0.6924198978322212,4.25826092086761,0.1499156977166604,0.022746116874218552
visreg,treated,in100.visreg.s0.visregf.extL,123,2.2360220108775786,1.8544825047510165,0.6801116835354256,4.3108625118861505,0.14935684405641841,0.02303274808799384
visreg,treated,in100.visreg.s0.visregf.extL,124,2.218445887868816,1.8529570936753514,0.6843959977541663,4.226380682351532,0.149786675009183,0.02378261012307827
visreg,treated,in100.visreg.s0.visregf.extL,125,2.1955610707451654,1.8426624282885484,0.6832263149010229,4.170942530082997,0.14781208863874423,0.02892084898370286
visreg,treated,in100.visreg.s0.visregf.extL,126,2.1722351816610357,1.7876137407838815,0.6859027572781401,4.095423338264574,0.15203498212958474,0.025835961948943206
visreg,treated,in100.visreg.s0.visregf.extL,127,2.1606668056305995,1.8021429285911932,0.6713004256424461,4.122182260810367,0.14911588326836933,0.02820337784045385
visreg,treated,in100.visreg.s0.visregf.extL,128,2.1447534581350824,1.7809550207254905,0.6666613585864679,4.109458196828822,0.14830846589480617,0.024389843811380096
visreg,treated,in100.visreg.s0.visregf.extL,129,2.1220949443257613,1.7679346328331929,0.6464302976252632,4.020876668371681,0.15069809386994756,0.02333079048693044
visreg,treated,in100.visreg.s0.visregf.extL,130,2.0978813818601076,1.753619304428982,0.6460859023423153,3.9967318895073203,0.14840506037567053,0.02847054991094609
visreg,treated,in100.visreg.s0.visregf.extL,131,2.09145093508969,1.7497471855962132,0.6318015144668248,3.9330013211011097,0.14561533478318167,0.024166550875765448
visreg,treated,in100.visreg.s0.visregf.extL,132,2.064564129254567,1.71860182318526,0.6372679782693466,3.9499386870990616,0.1495684309267728,0.027017104354423935
visreg,treated,in100.visreg.s0.visregf.extL,133,2.0604523951198246,1.6945358487909266,0.6515651467004759,3.8751944844561796,0.1541807633541619,0.021926984910921786
visreg,treated,in100.visreg.s0.visregf.extL,134,2.055367287872893,1.6910241442170117,0.643552210323284,3.901977000351645,0.15100919951875483,0.026309114104050527
visreg,treated,in100.visreg.s0.visregf.extL,135,2.0231438373284356,1.683092140637792,0.6111568499485097,3.8718951271691164,0.15080687882581817,0.02956892287042084
visreg,treated,in100.visreg.s0.visregf.extL,136,2.011158395268914,1.67093449541946,0.6136378250798219,3.7955401581992425,0.1512770738005965,0.04388503087057147
visreg,treated,in100.visreg.s0.visregf.extL,137,2.0027828746323895,1.653827120316965,0.6127061837780527,3.83758314184568,0.14993590918256258,0.026484665059690694
visreg,treated,in100.visreg.s0.visregf.extL,138,1.9860904916460644,1.6477172520972125,0.5990636998887507,3.8098973081743672,0.15131851740502386,0.03152619177832084
visreg,treated,in100.visreg.s0.visregf.extL,139,1.9704953357106916,1.6402109821709792,0.5790371518619336,3.807792826011246,0.15200484376143697,0.02719733515479003
visreg,treated,in100.visreg.s0.visregf.extL,140,1.950267038619932,1.6018036222589824,0.5990988793208466,3.762903745360261,0.15130114016898605,0.03149585415687978
visreg,treated,in100.visreg.s0.visregf.extL,141,1.931693043530938,1.5888187829130054,0.5986752228039383,3.679282753987357,0.15141087619269009,0.030136235241016555
visreg,treated,in100.visreg.s0.visregf.extL,142,1.9223788114014684,1.5817793417127721,0.5847327700876216,3.7125193010209285,0.15232227320221206,0.03540088219267172
visreg,treated,in100.visreg.s0.visregf.extL,143,1.905730885370884,1.5808884031329669,0.5761294476959349,3.6107973727073825,0.1531991898613626,0.026776694964916616
visreg,treated,in100.visreg.s0.visregf.extL,144,1.9007594077802914,1.559161516915761,0.588197794344214,3.6370867096152537,0.15164094143243012,0.03335517845587904
visreg,treated,in100.visreg.s0.visregf.extL,145,1.88724475377268,1.5746328307881954,0.567999036600512,3.582716521228331,0.14986000567992336,0.028782488446213825
visreg,treated,in100.visreg.s0.visregf.extL,146,1.8775187603068908,1.567260662904566,0.5817621206899926,3.5633539146856337,0.14882546968707716,0.02728262339035949
visreg,treated,in100.visreg.s0.visregf.extL,147,1.865157835602165,1.5339031693763154,0.5613462650715655,3.5625639848108803,0.1535670322054903,0.022620320354664655
visreg,treated,in100.visreg.s0.visregf.extL,148,1.8587549437433857,1.5526811271860925,0.5678608331953525,3.53969962945692,0.1495362507438122,0.042623847969926736
visreg,treated,in100.visreg.s0.visregf.extL,149,1.8398437783842516,1.511888531575657,0.5569494251481704,3.4980649797448073,0.15297546025008582,0.025617521419528153
visreg,treated,in100.visreg.s0.visregf.extL,150,1.8019921706806874,1.513315506083479,0.5559507339437527,3.4234976949274336,0.14903086287843878,0.03725714461770866
visreg,treated,in100.visreg.s0.visregf.extL,151,1.7824125649093383,1.4831855427954146,0.5461141610136403,3.3976630044463487,0.1530051849063825,0.029311114691166037
visreg,treated,in100.visreg.s0.visregf.extL,152,1.7749253306330013,1.472736726228184,0.544687847151522,3.402445547795398,0.15210084417712247,0.027822486606513635
visreg,treated,in100.visreg.s0.visregf.extL,153,1.758095377900434,1.4566470896163195,0.5207351534332753,3.3915922092811415,0.15481463436082007,0.03809563622090452
visreg,treated,in100.visreg.s0.visregf.extL,154,1.754466359837261,1.4596526108798993,0.5341616907944653,3.3822964957459254,0.14975493484903796,0.027563614875536855
visreg,treated,in100.visreg.s0.visregf.extL,155,1.7361890122797579,1.43374431494362,0.5436012766346946,3.317849544407106,0.15240345594180857,0.027895521694585167
visreg,treated,in100.visreg.s0.visregf.extL,156,1.734203598351276,1.4314344582208134,0.5125866892419643,3.334609799522027,0.1516336983331043,0.028707668014577428
visreg,treated,in100.visreg.s0.visregf.extL,157,1.7031086716826223,1.4109646191083998,0.5094933037225569,3.256874573058433,0.15532660495703526,0.02386746711543519
visreg,treated,in100.visreg.s0.visregf.extL,158,1.6909234733736456,1.3923107953316929,0.5025508840182358,3.2588767056405614,0.15161611035902864,0.03454738659067629
visreg,treated,in100.visreg.s0.visregf.extL,159,1.682733205391044,1.3936519181494487,0.514805470984241,3.1853993312138544,0.1528108186195103,0.028968267814795445
visreg,treated,in100.visreg.s0.visregf.extL,160,1.6710838991072225,1.3810856031293963,0.5005805456182333,3.193593111776887,0.153337048697411,0.04126622360256897
visreg,treated,in100.visreg.s0.visregf.extL,161,1.6609882072882458,1.3708847354308866,0.5066784688089907,3.148501430828068,0.15196426684807543,0.03796345951615985
visreg,treated,in100.visreg.s0.visregf.extL,162,1.652786968528242,1.348727749994512,0.492478230243942,3.1817265477885814,0.1564340092337875,0.029317764012915627
visreg,treated,in100.visreg.s0.visregf.extL,163,1.6352095456993625,1.3624070528636434,0.500548507831901,3.1039802832229415,0.15012511422488087,0.033640213743155505
visreg,treated,in100.visreg.s0.visregf.extL,164,1.6206812754181208,1.3373628076888662,0.4912363391765063,3.0858998689596886,0.15295494828580192,0.03610402228412471
visreg,treated,in100.visreg.s0.visregf.extL,165,1.6037334811197757,1.3206515923650721,0.492150149899397,3.065946521354147,0.15063181878106063,0.0385578985990212
visreg,treated,in100.visreg.s0.visregf.extL,166,1.5918011436329425,1.3213436872557636,0.4853640116435918,3.0560345505116198,0.1503271991850145,0.03680225958970384
visreg,treated,in100.visreg.s0.visregf.extL,167,1.5866883932636409,1.303185127846202,0.4849592610214249,3.066091380262887,0.15434871039997058,0.03591686463736891
visreg,treated,in100.visreg.s0.visregf.extL,168,1.565489256693409,1.3120947621762122,0.4806884950518738,2.992344681181033,0.14881901018319257,0.032008602793982356
visreg,treated,in100.visreg.s0.visregf.extL,169,1.55816742024753,1.2763359467616255,0.47491067819929966,2.9826670960367787,0.1543400562503619,0.03279166320311376
visreg,treated,in100.visreg.s0.visregf.extL,170,1.549600303403683,1.2705061576041476,0.4625302978779291,2.9857439016629277,0.15381167708932517,0.03776962492195396
visreg,treated,in100.visreg.s0.visregf.extL,171,1.5409372575269162,1.263242223490698,0.4633222186632556,2.958313357890309,0.15350570552003273,0.035350936111483724
visreg,treated,in100.visreg.s0.visregf.extL,172,1.5328427899925432,1.2676852601907758,0.4661979509316284,2.9343331028688673,0.15361824607513092,0.04599502846237732
visreg,treated,in100.visreg.s0.visregf.extL,173,1.5167465980392745,1.2635308006831159,0.46261191051367456,2.8841052557722033,0.15127037710752866,0.03403456941687122
visreg,treated,in100.visreg.s0.visregf.extL,174,1.5059246752128534,1.2430864047496455,0.4478524952449432,2.8940192664723,0.15253094697131767,0.0310882949850125
visreg,treated,in100.visreg.s0.visregf.extL,175,1.4925288225872397,1.2295310001216277,0.4471859733341404,2.8819879854451287,0.15075258817595646,0.035969872031919155
visreg,treated,in100.visreg.s0.visregf.extL,176,1.4869210458463566,1.2279867382352994,0.45703191007632904,2.8185982798220777,0.1527976102592667,0.029341169043142715
visreg,treated,in100.visreg.s0.visregf.extL,177,1.473378475151826,1.2010949535471402,0.4416090111926041,2.839944188246671,0.1572047804956767,0.040654038147441215
visreg,treated,in100.visreg.s0.visregf.extL,178,1.4560015751143187,1.2014463655893888,0.4310720635443072,2.8174508590183818,0.15124736710575995,0.048534591797007816
visreg,treated,in100.visreg.s0.visregf.extL,179,1.4461535118271711,1.194901197527181,0.43132319436615024,2.78204370709491,0.15181471234760086,0.04152590368888242
visreg,treated,in100.visreg.s0.visregf.extL,180,1.432978956270462,1.179866869607919,0.4176745831614868,2.7407777181958086,0.1525202228023269,0.039796219643008085
visreg,treated,in100.visreg.s0.visregf.extL,181,1.421292430703741,1.1571591954134681,0.43433877597375736,2.735443998183546,0.15204602493659494,0.05199942574089492
visreg,treated,in100.visreg.s0.visregf.extL,182,1.4173210501636095,1.1618545481412745,0.4255824311116203,2.7218583721682266,0.15531741361947848,0.02929433360412155
visreg,treated,in100.visreg.s0.visregf.extL,183,1.3970224613732172,1.1460518491520257,0.4194137834179879,2.699578658190326,0.15321464492720846,0.03970844547776516
visreg,treated,in100.visreg.s0.visregf.extL,184,1.3834197075281933,1.1344898515763515,0.41067595934500994,2.655259243049857,0.15568779128188312,0.03732452433268466
visreg,treated,in100.visreg.s0.visregf.extL,185,1.3755982868040284,1.124747390176199,0.40451684184041486,2.674152639211602,0.15311229824041786,0.04174687381380937
visreg,treated,in100.visreg.s0.visregf.extL,186,1.3658256603135415,1.1311334639683288,0.41986779761153536,2.592083055157823,0.1515322898944394,0.04239649804956286
visreg,treated,in100.visreg.s0.visregf.extL,187,1.3574608827343488,1.1117773870442265,0.3969530729209428,2.607294636348662,0.15738766418417305,0.03788572520660943
visreg,treated,in100.visreg.s0.visregf.extL,188,1.3376575324587987,1.1002428519409382,0.39104911655059305,2.5543263161069394,0.15618093359002427,0.03323188957310954
visreg,treated,in100.visreg.s0.visregf.extL,189,1.3320201790231054,1.0952439037973423,0.40313341339874154,2.5593203495530696,0.15312174731464687,0.039293961705398915
visreg,treated,in100.visreg.s0.visregf.extL,190,1.3147498623755602,1.070215566155167,0.39118531513836785,2.5324358650291856,0.1564713689508818,0.05193108285203282
visreg,treated,in100.visreg.s0.visregf.extL,191,1.3026085382002985,1.0735668730462116,0.37945367947879927,2.510226267975741,0.15409940601461725,0.048262313750549846
visreg,treated,in100.visreg.s0.visregf.extL,192,1.2981976169713318,1.0635386878036253,0.3820535186968282,2.5008991507396003,0.1547038793904598,0.053141832524719615
visreg,treated,in100.visreg.s0.visregf.extL,193,1.2923872581151696,1.065702714889369,0.3786447611700056,2.492361046163253,0.1553883486286169,0.0373403215855133
visreg,treated,in100.visreg.s0.visregf.extL,194,1.2731105347919658,1.0565436934736736,0.3766942717296273,2.4623886376390547,0.1535608929871012,0.04294589827567951
visreg,treated,in100.visreg.s0.visregf.extL,195,1.2654449457217787,1.043107469127861,0.36755075899916245,2.4295230015877687,0.1530937825371056,0.04262680904283104
visreg,treated,in100.visreg.s0.visregf.extL,196,1.2562595242429473,1.0252441629930567,0.37097906417918547,2.409400141770275,0.15654096175813262,0.04623212521875002
visreg,treated,in100.visreg.s0.visregf.extL,197,1.2471008317982686,1.0189214031281346,0.3751445712985341,2.386566248771232,0.15451116091418235,0.04797126433139653
visreg,treated,in100.visreg.s0.visregf.extL,198,1.2304921649550598,1.0107023272819928,0.3589920918743066,2.380071151840231,0.15396587380701518,0.04315508511462689
visreg,treated,in100.visreg.s0.visregf.extL,199,1.2255882849752782,0.992823087473189,0.37954881285894515,2.3819079214784593,0.151506596266757,0.04797257426764194
visreg,treated,in100.visreg.s0.visregf.extL,200,1.2043440457904397,0.9947983930218065,0.36033891855394945,2.3173083072111735,0.1546284135878375,0.0443604681393296
visreg,treated,in100.visreg.s0.visregf.extL,201,1.1948124335678065,0.9894167807181942,0.3576474741416539,2.296905402790241,0.15223494663534565,0.05919073254362967
visreg,treated,in100.visreg.s0.visregf.extL,202,1.1819120414915059,0.9667101604944528,0.35139988320953736,2.280693245160753,0.1547073523636923,0.03171211231394117
visreg,treated,in100.visreg.s0.visregf.extL,203,1.1798337455128984,0.9725479236284256,0.3597416529765402,2.2630027476091596,0.15354595606328778,0.05715827978170042
visreg,treated,in100.visreg.s0.visregf.extL,204,1.169283942586516,0.9511580837614174,0.34311938772885586,2.274890811383549,0.15139062309856785,0.05501798995670923
visreg,treated,in100.visreg.s0.visregf.extL,205,1.1597120384874833,0.9408343189017407,0.34854791888983894,2.2501991382629867,0.15581568548708016,0.057362640636927704
visreg,treated,in100.visreg.s0.visregf.extL,206,1.1552130493865589,0.9339255379896276,0.33281787000305346,2.2472808222777143,0.15873442160570522,0.04119864532849832
visreg,treated,in100.visreg.s0.visregf.extL,207,1.1407827974533087,0.9224788518981961,0.3327428198188506,2.2253901217962877,0.1583294684781177,0.044081056832383815
visreg,treated,in100.visreg.s0.visregf.extL,208,1.1282332956747516,0.9207381063209374,0.3349017644735172,2.171785933187207,0.15612134897466795,0.06716985683541402
visreg,treated,in100.visreg.s0.visregf.extL,209,1.1248763300877385,0.9120453381071656,0.32640357087572314,2.1700379407585055,0.15591118535014498,0.04595207400571597
visreg,treated,in100.visreg.s0.visregf.extL,210,1.1032387316546808,0.9047778634242083,0.33097327841894436,2.128562678202543,0.15750216452962,0.039637416530224096
visreg,treated,in100.visreg.s0.visregf.extL,211,1.0934527545605108,0.8945684302889193,0.31419645910601446,2.1367009524232974,0.15459181538757,0.05144490497003093
visreg,treated,in100.visreg.s0.visregf.extL,212,1.0865808124113578,0.8874182753552411,0.3165646967383487,2.0977863633116667,0.15624825922009836,0.04394604773958168
visreg,treated,in100.visreg.s0.visregf.extL,213,1.0670707464336735,0.8716983453234218,0.309104761278397,2.071023443378437,0.157147908810565,0.04749302154369767
visreg,treated,in100.visreg.s0.visregf.extL,214,1.0639871645197576,0.8737971863422457,0.32348676338526555,2.0432640551587773,0.15644101362027846,0.05660225275435378
visreg,treated,in100.visreg.s0.visregf.extL,215,1.0512886024978738,0.8580602924956284,0.3116421051754768,2.022326144134176,0.15735740274402685,0.05331762004171394
visreg,treated,in100.visreg.s0.visregf.extL,216,1.0435243620517682,0.8404446451507152,0.3090304512490428,2.0168483427638155,0.15869021851412718,0.04805683958182921
visreg,treated,in100.visreg.s0.visregf.extL,217,1.0364168227281578,0.841780446789379,0.2924569450484785,2.00717140959048,0.16150306365555608,0.05726423053959864
visreg,treated,in100.visreg.s0.visregf.extL,218,1.0196972673124491,0.819690773458122,0.29692953035693337,1.987339088175283,0.1600870898566349,0.046568386629565105
visreg,treated,in100.visreg.s0.visregf.extL,219,1.0110581668116663,0.8061566030089087,0.28548436058062476,2.003336408360772,0.15879663615620568,0.06089693832125664
visreg,treated,in100.visreg.s0.visregf.extL,220,0.9950207366493067,0.7990082937466068,0.28563525756867375,1.9494860386406334,0.1606364515844156,0.07166900587300969
visreg,treated,in100.visreg.s0.visregf.extL,221,0.9881186507446713,0.802641553707638,0.29248303708045215,1.9318744000963872,0.15615758978355626,0.06545098168932377
visreg,treated,in100.visreg.s0.visregf.extL,222,0.9767629295669211,0.7939161592750934,0.2871778739632751,1.9095561140309025,0.159116966418619,0.055499466385959206
visreg,treated,in100.visreg.s0.visregf.extL,223,0.9635353270249645,0.7754310755993308,0.27037866291132945,1.8738426524100518,0.16268749522700432,0.05866753540482251
visreg,treated,in100.visreg.s0.visregf.extL,224,0.9526417646349217,0.7700869327056445,0.27594133599210313,1.8646889977690262,0.15727966767716717,0.07595993273110684
visreg,treated,in100.visreg.s0.visregf.extL,225,0.9480231026282501,0.7582175320113579,0.2675346109879008,1.8536357366664904,0.1617030934265813,0.04948938663571125
visreg,treated,in100.visreg.s0.visregf.extL,226,0.9418460825796209,0.7610485864530243,0.2759750038117118,1.8267188509402583,0.15949399512719004,0.07114062226559772
visreg,treated,in100.visreg.s0.visregf.extL,227,0.9258360141829878,0.740575691459133,0.271118827575164,1.7815702818797252,0.16107014395836655,0.05622186442725335
visreg,treated,in100.visreg.s0.visregf.extL,228,0.923936493526473,0.7461052651475528,0.26117877161244424,1.795533262608731,0.1608415540632744,0.0806540167544874
visreg,treated,in100.visreg.s0.visregf.extL,229,0.9146008046907436,0.7334597287146267,0.2622381067724236,1.7882114035283754,0.16156722729834394,0.0481473011560789
visreg,treated,in100.visreg.s0.visregf.extL,230,0.8959061304184247,0.7251679122757191,0.24918815361062396,1.7479609270222483,0.16314259045097304,0.06056339676495522
visreg,treated,in100.visreg.s0.visregf.extL,231,0.891224817196227,0.725367153538176,0.2550629101130051,1.746353382092295,0.15893106540634971,0.06991731562090235
visreg,treated,in100.visreg.s0.visregf.extL,232,0.8858691707183488,0.7114048572615307,0.25046705209021924,1.7326157952169514,0.1637224207094417,0.0642913896840484
visreg,treated,in100.visreg.s0.visregf.extL,233,0.8771798013671583,0.7050834429546886,0.24029581234691752,1.7241410735849874,0.16332922446370737,0.07608021649045973
visreg,treated,in100.visreg.s0.visregf.extL,234,0.8684452235919612,0.7016163316439769,0.24564228693575405,1.707807538876524,0.1580265950198964,0.0720036772045097
visreg,treated,in100.visreg.s0.visregf.extL,235,0.8500684293175239,0.6878598897324406,0.24967842128419065,1.677155765981367,0.1584228731736479,0.07811056079614714
visreg,treated,in100.visreg.s0.visregf.extL,236,0.8422643492679417,0.6813202891548666,0.23971545130965158,1.6509070929136593,0.15858517193708715,0.06043107675773043
visreg,treated,in100.visreg.s0.visregf.extL,237,0.8373966156885468,0.6745763058195589,0.23770429190968814,1.6461805055495722,0.15904689888064563,0.07838696302889142
visreg,treated,in100.visreg.s0.visregf.extL,238,0.8251456379430269,0.6608508766195009,0.2428928444266161,1.5837498230574198,0.16244458625067784,0.06894711443961037
visreg,treated,in100.visreg.s0.visregf.extL,239,0.8171949951686324,0.6546256937112283,0.2370946197344181,1.6017589471237004,0.16117760919299162,0.07873168267231069
visreg,treated,in100.visreg.s0.visregf.extL,240,0.8053517782063889,0.6440434675317054,0.2187895412849423,1.5783785348240962,0.16467870446533073,0.06791596125040289
visreg,treated,in100.visreg.s0.visregf.extL,241,0.7960828011601094,0.6454437966465549,0.22702939551351714,1.5506759697715455,0.16186862266774327,0.06895371056862579
visreg,treated,in100.visreg.s0.visregf.extL,242,0.7923301351735675,0.6277293051809913,0.21770214988357364,1.5671048625471407,0.16719715431669552,0.0897730457900544
visreg,treated,in100.visreg.s0.visregf.extL,243,0.780846147525303,0.6318002419485343,0.22292882655289628,1.5332109858456628,0.1613250384691592,0.06630276499337702
visreg,treated,in100.visreg.s0.visregf.extL,244,0.7681987231887651,0.6183920342931044,0.22417375478823603,1.48573707648834,0.16273240460102456,0.0899722050788353
visreg,treated,in100.visreg.s0.visregf.extL,245,0.756743967145844,0.6063468363466412,0.20974214141136382,1.4958423984295093,0.1616641885465003,0.09046957422477893
visreg,treated,in100.visreg.s0.visregf.extL,246,0.7486832071795811,0.6016587689786065,0.20359259329193435,1.4799967823942524,0.1629537951642722,0.09078769949524285
visreg,treated,in100.visreg.s0.visregf.extL,247,0.739001385259086,0.585981476715516,0.20625022795025927,1.4801962674711573,0.16425080494812164,0.08203970334645685
visreg,treated,in100.visreg.s0.visregf.extL,248,0.7309413653338952,0.5968615048872898,0.2047893368844121,1.4164184475771142,0.15798672657600285,0.0638564336667422
visreg,treated,in100.visreg.s0.visregf.extL,249,0.7245137644522578,0.5706060968552378,0.19647112315163584,1.4397416016192528,0.16484266842569442,0.07561321998172224
visreg,treated,in100.visreg.s0.visregf.extL,250,0.7077807387276023,0.5698441116673838,0.19694520228495976,1.391315378210286,0.16239551949018946,0.08931983291006641
visreg,treated,in100.visreg.s0.visregf.extL,251,0.7070445090375793,0.5616990572416845,0.19948563035624464,1.3856878973435154,0.1652902023182727,0.09721799594917611
visreg,treated,in100.visreg.s0.visregf.extL,252,0.6917371897079632,0.5469492119586834,0.18913780443933073,1.3599038155068959,0.16601487274570728,0.08329875963116543
visreg,treated,in100.visreg.s0.visregf.extL,253,0.6854694700065924,0.5475407833417407,0.19246910960122468,1.3472140021725578,0.16561034305987204,0.11502463146081805
visreg,treated,in100.visreg.s0.visregf.extL,254,0.657635342922003,0.5126819822539952,0.17589680136147665,1.308653464339674,0.1725342305880468,0.06583213458532396
visreg,treated,in100.visreg.s0.visregf.extL,255,0.6460076823633554,0.5138152531282281,0.17957651391916718,1.2772970215938038,0.16261046389044959,0.08933946096324302
visreg,treated,in100.visreg.s0.visregf.extL,256,0.6234554540630335,0.48943791408438564,0.16585898347893185,1.2391162537426084,0.17207771552123458,0.12227944638128108
visreg,treated,in100.visreg.s0.visregf.extL,257,0.6204535360487136,0.4916125902911992,0.1693090583625343,1.2446609044155206,0.16410370843819178,0.13941058715141952
visreg,treated,in100.visreg.s0.visregf.extL,258,0.609390238822736,0.47991585068513887,0.16228983319703064,1.2153206232837332,0.16828731602228367,0.10815879709149913
visreg,treated,in100.visreg.s0.visregf.extL,259,0.5964920989851857,0.4696295743010376,0.15738602676798963,1.1955615605671925,0.1669349221954338,0.10202407022343309
visreg,treated,in100.visreg.s0.visregf.extL,260,0.5877303564542778,0.4631177440495502,0.1600526489268558,1.1931098207695225,0.1649094119829247,0.10529934123016864
visreg,treated,in100.visreg.s0.visregf.extL,261,0.5827450394336728,0.4571167287602107,0.15776790350938152,1.1674412200748376,0.16645688936560823,0.11773063804408984
visreg,treated,in100.visreg.s0.visregf.extL,262,0.5593319118611717,0.442083993355049,0.15148631193620407,1.110983637010234,0.1686253396008743,0.10791197563892528
visreg,treated,in100.visreg.s0.visregf.extL,263,0.555335062659496,0.4357789042655008,0.15194601485930553,1.1001146915299675,0.1723183357689318,0.10841177037698425
visreg,treated,in100.visreg.s0.visregf.extL,264,0.5357815587290948,0.42742559376580896,0.14724823503613255,1.0581138240876629,0.16765201550466777,0.14009949330082938
visreg,treated,in100.visreg.s0.visregf.extL,265,0.5188839419756689,0.406203520032539,0.1374380011386801,1.0321413833517012,0.16861478948468941,0.1272370508441524
visreg,treated,in100.visreg.s0.visregf.extL,266,0.512574530398178,0.396585404481793,0.1358850894975069,1.025504705810124,0.17524262662677903,0.14120425202324868
visreg,treated,in100.visreg.s0.visregf.extL,267,0.4867125451560802,0.3833931974161609,0.12767195923322266,0.9723996268165034,0.17152003794326007,0.16621884714902002
visreg,treated,in100.visreg.s0.visregf.extL,268,0.482510647471927,0.3795659880618397,0.1326621922076848,0.9580933178411539,0.1685685451481141,0.15164392052223372
visreg,treated,in100.visreg.s0.visregf.extL,269,0.46276201793797866,0.35590364543532527,0.11928816866234924,0.9351278730918022,0.17538824638806633,0.13300860925657518
visreg,treated,in100.visreg.s0.visregf.extL,270,0.4312165609372702,0.32915736308257526,0.11298763459650313,0.8663691248572037,0.1787969866744845,0.10285928988316359
visreg,treated,in100.visreg.s0.visregf.extL,271,0.4223165367933621,0.3195532235756111,0.10551130577455706,0.8590477323889019,0.1845593153051882,0.13828681485134012
visreg,treated,in100.visreg.s0.visregf.extL,272,0.40782281794396197,0.3114501066323692,0.09794086059860689,0.8340908628552256,0.182239158649807,0.13504989813850993
visreg,treated,in100.visreg.s0.visregf.extL,273,0.40338422406953145,0.31069731717004784,0.10354861954592941,0.8079709630144505,0.1811232326290065,0.12732777060474287
visreg,treated,in100.visreg.s0.visregf.extL,274,0.38607947191358116,0.2864639717352768,0.09223941540853009,0.7964766159574002,0.18522891717206527,0.11730243727319113
visreg,treated,in100.visreg.s0.visregf.extL,275,0.37891885820825805,0.28339725982427133,0.09357674440228173,0.7797952038470982,0.18589303662949588,0.11615359933337105
visreg,treated,in100.visreg.s0.visregf.extL,276,0.36836245688456415,0.27515892379461804,0.0875390818439414,0.7478672883218451,0.18803651849216535,0.1468974620732809
visreg,treated,in100.visreg.s0.visregf.extL,277,0.3552148134717874,0.2636627098798914,0.0816908140221962,0.7397092754443443,0.1865993938360427,0.1160782047584931
visreg,treated,in100.visreg.s0.visregf.extL,278,0.34880856516801884,0.2549542501899556,0.08207919307310217,0.7217324409696744,0.1909092959797154,0.16164309323282225
visreg,treated,in100.visreg.s0.visregf.extL,279,0.3430243722062536,0.2575824689017387,0.08027244155689264,0.7029625960264221,0.18344445264465406,0.18616322549790706
visreg,treated,in100.visreg.s0.visregf.extL,280,0.33519909102197254,0.25022352944699594,0.0762703514664209,0.6913386382013731,0.18443543757490738,0.14385523565008201
visreg,treated,in100.visreg.s0.visregf.extL,281,0.3325618995185787,0.2503953618359893,0.07793977835224455,0.6807598909877312,0.185636825192583,0.1712372334699538
visreg,treated,in100.visreg.s0.visregf.extL,282,0.3282388188331478,0.24359638245590903,0.07678971386142758,0.6744571861761586,0.18938907696470514,0.20251156507068788
visreg,treated,in100.visreg.s0.visregf.extL,283,0.32289595712412905,0.23364847396248348,0.07492839445410894,0.6613533354581187,0.19663487618401,0.19927944414007523
visreg,treated,in100.visreg.s0.visregf.extL,284,0.3165100196071071,0.23597189614087122,0.07517097418410208,0.6502840921800241,0.18627358931963597,0.2203952414048401
visreg,treated,in100.visreg.s0.visregf.extL,285,0.31222854104642556,0.22449081554805056,0.07023077275945425,0.6517261360170667,0.19428747600213364,0.14245853976414488
visreg,treated,in100.visreg.s0.visregf.extL,286,0.3068271770807046,0.23113097452335146,0.07180715403052215,0.6249975325009582,0.1860266636987277,0.23772649159250633
visreg,treated,in100.visreg.s0.visregf.extL,287,0.30216001422423205,0.22745306804827903,0.06919535455148534,0.6286575876666731,0.18528123087504117,0.13476604082156604
visreg,treated,in100.visreg.s0.visregf.extL,288,0.298513258072696,0.22443329424293249,0.07101146847839812,0.6076189454171897,0.18419717362649785,0.13903954491799422
visreg,treated,in100.visreg.s0.visregf.extL,289,0.29575086186474203,0.22150628909234404,0.06786587056683813,0.6071660269554727,0.18683086688416556,0.18828692281642453
visreg,treated,in100.visreg.s0.visregf.extL,290,0.28788506646818424,0.21390097065070046,0.06662242428960903,0.5948192768116922,0.1910947208792491,0.1744913826514419
visreg,treated,in100.visreg.s0.visregf.extL,291,0.28289886439936024,0.21054881682246052,0.06689191513221496,0.5852399743482132,0.18693983309805864,0.16139714849603493
visreg,treated,in100.visreg.s0.visregf.extL,292,0.27784925822672824,0.20091813571287542,0.0633186729661797,0.5771660907534419,0.19768163580553172,0.23683384209218958
visreg,treated,in100.visreg.s0.visregf.extL,293,0.2739109226597585,0.20356755143862623,0.06230712812687567,0.5674671494640815,0.18943791792858322,0.2009083616251476
visreg,treated,in100.visreg.s0.visregf.extL,294,0.2715394795902283,0.19495480370284937,0.06115154008022197,0.5666573609697831,0.20063968489698353,0.2145123287853846
visreg,treated,in100.visreg.s0.visregf.extL,295,0.2698983419515249,0.19310082245915194,0.058760117318713306,0.569073178791758,0.19520905529883467,0.18362575080023316
visreg,treated,in100.visreg.s0.visregf.extL,296,0.25984928823353315,0.1902886550190669,0.058379305178814504,0.5364707434068209,0.19347302661092386,0.20835494995799567
visreg,treated,in100.visreg.s0.visregf.extL,297,0.25733212097308594,0.1824061488537408,0.05297904435165913,0.5501134545989306,0.19972744376743665,0.2513449627659763
visreg,treated,in100.visreg.s0.visregf.extL,298,0.24987361021554086,0.17689119025161804,0.054091520127024666,0.5282256753079055,0.2017093367895142,0.20566601991111275
visreg,treated,in100.visreg.s0.visregf.extL,299,0.24804690518095815,0.17628432149338388,0.05101504724955644,0.5195621705786062,0.20630016573697668,0.24158606526759052
visreg,treated,in100.visreg.s0.visregf.extL,300,0.2438104454269742,0.17612893274484417,0.05375805102924046,0.5033439362688727,0.19931757694405017,0.2935198394152949
visreg,treated,in100.visreg.s0.visregf.extL,301,0.24054322494364697,0.17785974223775147,0.054124781193704,0.492944841857117,0.1924857322460985,0.25289604732718185
visreg,treated,in100.visreg.s0.visregf.extL,302,0.23467291703138854,0.16804102307751942,0.050358042714193245,0.5069093952440217,0.19597237084503114,0.3329032896029434
visreg,treated,in100.visreg.s0.visregf.extL,303,0.23264977393975272,0.16062967188039676,0.04626610918006741,0.49895608769480276,0.2121843573694126,0.2821698790121915
visreg,treated,in100.visreg.s0.visregf.extL,304,0.22861349275207693,0.16396278185412935,0.0481157343560431,0.4828173393664279,0.20217233935156495,0.30280692623264854
visreg,treated,in100.visreg.s0.visregf.extL,305,0.22114749101313505,0.16116658391694003,0.047222521926421394,0.4576441095896302,0.19456362816604716,0.3292604983699796
visreg,treated,in100.visreg.s0.visregf.extL,306,0.2196084504159112,0.1544695698708126,0.04499201612935528,0.4614092196220946,0.2061652517947016,0.3261061227486989
visreg,treated,in100.visreg.s0.visregf.extL,307,0.2153826505846816,0.15270183214183783,0.04510453168005784,0.45519687959479205,0.20273436327199976,0.36124774137180254
visreg,treated,in100.visreg.s0.visregf.extL,308,0.2124730190342648,0.14953103674478624,0.04588675130455825,0.43678244930620985,0.2167061093778459,0.3730343565060503
visreg,treated,in100.visreg.s0.visregf.extL,309,0.2061146862469941,0.14798087234829593,0.0444509032559061,0.4339434059506194,0.20120062013705345,0.3548035068141688
visreg,treated,in100.visreg.s0.visregf.extL,310,0.2039535598519225,0.1432670723170011,0.04447617749077301,0.4185133657590985,0.21202015261111898,0.3946558279063139
visreg,treated,in100.visreg.s0.visregf.extL,311,0.201477001478828,0.14110985023690978,0.0431436506969157,0.42410136007871,0.2091221887848498,0.3947420046379287
visreg,treated,in100.visreg.s0.visregf.extL,312,0.19826266081668512,0.14092915120003524,0.04203394098096906,0.41285798852769595,0.2016314006331693,0.3169187339811908
visreg,treated,in100.visreg.s0.visregf.extL,313,0.19550669179261598,0.14023684396908984,0.04333667041703771,0.41120052974848126,0.19930631946806304,0.3259606217330467
visreg,treated,in100.visreg.s0.visregf.extL,314,0.19363076970473525,0.13196723625388795,0.04021380459374214,0.41054671881339994,0.22102307281962644,0.37121816059925117
visreg,treated,in100.visreg.s0.visregf.extL,315,0.19133083697129458,0.1264250929947323,0.03689934889397669,0.4042492375171531,0.23215295388060378,0.39620387139018914
visreg,treated,in100.visreg.s0.visregf.extL,316,0.18490755673163448,0.12632844669981172,0.03787490285244448,0.3962279334388332,0.2203241395965538,0.3561031790393809
visreg,treated,in100.visreg.s0.visregf.extL,317,0.18214314038916082,0.1267628598792644,0.03512602488467579,0.39073720430862796,0.20816735547157567,0.4052816967216161
visreg,treated,in100.visreg.s0.visregf.extL,318,0.1789652705840305,0.12412048833942602,0.03583108827651527,0.3809430169414374,0.21024712674959176,0.3804822770710689
visreg,treated,in100.visreg.s0.visregf.extL,319,0.17747625119170335,0.119995636074626,0.03539981591564252,0.3863995929295311,0.21406190476560213,0.41698843554323806
visreg,treated,in100.visreg.s0.visregf.extL,320,0.17442481246634906,0.12057843969636095,0.03650382854658901,0.37147535629902434,0.20884694629693382,0.4757901354766992
visreg,treated,in100.visreg.s0.visregf.extL,321,0.17317979896116742,0.1196262258839457,0.03458994835598556,0.36812760029596825,0.21472909479551155,0.38186370531490027
visreg,treated,in100.visreg.s0.visregf.extL,322,0.16914847875691072,0.114600281491798,0.03393106723220782,0.36149597667949024,0.22143596503218188,0.4886685025187641
visreg,treated,in100.visreg.s0.visregf.extL,323,0.1678059744042389,0.11287485842837922,0.033024601899413676,0.351642397515161,0.2319166506097209,0.4583898197075525
visreg,treated,in100.visreg.s0.visregf.extL,324,0.16225364347891108,0.11143878770999575,0.03390098293176735,0.34070000947393475,0.217121898998321,0.39040778515822344
visreg,treated,in100.visreg.s0.visregf.extL,325,0.15696538972803994,0.10076827891573938,0.02981335746212127,0.32523956954141364,0.2523910875318213,0.5069124997619247
visreg,treated,in100.visreg.s0.visregf.extL,326,0.15439013648761182,0.10393070971348052,0.029494630557630432,0.32991212161155514,0.22367060500962951,0.46071518657606414
visreg,treated,in100.visreg.s0.visregf.extL,327,0.14864654387222825,0.09804695568306296,0.028431759455308087,0.31980148818081144,0.2292786802814229,0.45363835256748325
visreg,treated,in100.visreg.s0.visregf.extL,328,0.14767699407671597,0.09653323963741772,0.025907786119084463,0.3207062376947246,0.23398687083411832,0.5080017225591846
visreg,treated,in100.visreg.s0.visregf.extL,329,0.14459374446143056,0.09573080895845876,0.02632595375239437,0.3125933663390606,0.2220973292359637,0.467108285118272
visreg,treated,in100.visreg.s0.visregf.extL,330,0.14166523521934732,0.0965933800150651,0.02742918832272172,0.30701278182618813,0.21661974648574056,0.4975928467778803
visreg,treated,in100.visreg.s0.visregf.extL,331,0.13831449623995995,0.09147439826429626,0.02680748511746114,0.2919859437644453,0.23939295148843914,0.4687639528573382
visreg,treated,in100.visreg.s0.visregf.extL,332,0.13426771515135197,0.08001784931870663,0.022934774104005608,0.2854616856389975,0.27361565520832337,0.5179789014435542
visreg,treated,in100.visreg.s0.visregf.extL,333,0.13097819536967648,0.08518288142938697,0.02252213879438823,0.2901157474910385,0.22827127334712938,0.4393295052836248
visreg,treated,in100.visreg.s0.visregf.extL,334,0.12568114788703583,0.07408740831884217,0.02093600375293803,0.27566545545551,0.2676631108573879,0.5549180158189035
visreg,treated,in100.visreg.s0.visregf.extL,335,0.11868640495379193,0.07256994842226011,0.020035812475585085,0.2560767288488058,0.26188373715551105,0.5550115223805819
visreg,treated,in100.visreg.s0.visregf.extL,336,0.11343936612478138,0.06719354115502602,0.018544511902468582,0.24682768299135815,0.26444612611082,0.5294265055528331
visreg,treated,in100.visreg.s0.visregf.extL,337,0.10718301303802376,0.06574711078469593,0.017974092492844717,0.23155702140701026,0.25731044543264053,0.45429866245296013
visreg,treated,in100.visreg.s0.visregf.extL,338,0.10656091946298453,0.0651752161403762,0.017207342176138538,0.23531136387636592,0.254270107543863,0.5590809021676095
visreg,treated,in100.visreg.s0.visregf.extL,339,0.10291338583487791,0.062142353163051646,0.01921484878712718,0.21191638542728358,0.27845287329294766,0.5547464088314712
visreg,treated,in100.visreg.s0.visregf.extL,340,0.09859387228797949,0.05854768117239119,0.017179513437773002,0.21520983915857955,0.2630067374048058,0.5283969150982091
visreg,treated,in100.visreg.s0.visregf.extL,341,0.09222172511975432,0.05403673231980327,0.013323692973745575,0.21483884515756882,0.2528030335113664,0.47224607595821894
visreg,treated,in100.visreg.s0.visregf.extL,342,0.08655077871815692,0.04723638597520127,0.013818098607284633,0.19150222514328483,0.29374277271929194,0.6207072249373702
visreg,treated,in100.visreg.s0.visregf.extL,343,0.08493055443100658,0.04530477061488859,0.01176916061872224,0.18865211972007304,0.3065182184220751,0.6576296915524001
visreg,treated,in100.visreg.s0.visregf.extL,344,0.08311580669755878,0.04165153885757861,0.011895266015511146,0.17439368175198836,0.3453277201631831,0.7325333111885187
visreg,treated,in100.visreg.s0.visregf.extL,345,0.07946311954098532,0.040858624663852074,0.011617503479052235,0.15794375274129174,0.3499432561912023,0.5878840325344576
visreg,treated,in100.visreg.s0.visregf.extL,346,0.06347401584141824,0.03355432200879563,0.007848083028700126,0.1505654415998964,0.28512892156731995,0.6828591003892194
visreg,treated,in100.visreg.s0.visregf.extL,347,0.056363843098529424,0.0280010200477599,0.007169198804844238,0.1316998223759399,0.3070040295353658,0.7781651141216328
visreg,treated,in100.visreg.s0.visregf.extL,348,0.04096112251015378,0.02247171498912449,0.006050595504441445,0.09489309812337927,0.2760381364820257,0.7839636347526562
ijepa,control,in100.ijepa.s0.extL,0,91.8031740508455,72.83142732333428,20.453035977838038,191.5569132209682,0.1563081114917326,0.15206736826476067
ijepa,control,in100.ijepa.s0.extL,1,54.25007300631046,48.64221347474918,19.712987466174482,96.03880814493982,0.1266144797801006,0.12945687783652643
ijepa,control,in100.ijepa.s0.extL,2,50.94031945569039,43.96244757791945,16.862397164329597,94.05321915576074,0.13771265340556238,0.10668850311432436
ijepa,control,in100.ijepa.s0.extL,3,48.42269959565503,40.17175652163996,13.898242074491474,93.23509156601044,0.1509001723682763,0.13489490633145507
ijepa,control,in100.ijepa.s0.extL,4,43.24830894420639,37.29679394781425,13.864174181471196,80.42403489443801,0.13675085747002755,0.07713553039520199
ijepa,control,in100.ijepa.s0.extL,5,34.850192273288776,31.42151052746832,12.287953576224469,61.39405039258723,0.1270257154138543,0.0745046781736586
ijepa,control,in100.ijepa.s0.extL,6,31.172138504190034,26.37365815736652,10.132049895540927,57.37527277797409,0.1505705592515054,0.07061307763207825
ijepa,control,in100.ijepa.s0.extL,7,29.55163712287032,23.614789889231407,8.82799971179617,56.27325180919646,0.169684813193224,0.08838379056728696
ijepa,control,in100.ijepa.s0.extL,8,27.676801993196342,23.161031209271233,8.874967404430157,51.814640504450765,0.14840166928203333,0.07950461567419514
ijepa,control,in100.ijepa.s0.extL,9,25.767551156452964,21.972253756047962,8.473845539586113,48.16904143478877,0.14164378941924158,0.06173710726133543
ijepa,control,in100.ijepa.s0.extL,10,24.364434048584744,21.080430907183494,8.721097949364097,44.26404778218123,0.1354725957519108,0.06856703487072079
ijepa,control,in100.ijepa.s0.extL,11,24.05105057404481,20.578110518798912,8.085279706135786,44.51386719902319,0.1392957356438674,0.04896521798169012
ijepa,control,in100.ijepa.s0.extL,12,23.03730705555965,19.955710763991046,7.467511646377113,42.920581537013334,0.136849343316016,0.07565900325357025
ijepa,control,in100.ijepa.s0.extL,13,21.710900425679867,18.654763394176314,7.264371176153233,40.02634783763739,0.14012669557907695,0.06448273075775708
ijepa,control,in100.ijepa.s0.extL,14,21.47915220322073,17.52815809189508,6.938217099375794,40.74905009615526,0.15725801011181012,0.06795086961378909
ijepa,control,in100.ijepa.s0.extL,15,20.129071208247613,17.386793395717262,7.0172591912966125,36.240327115577564,0.13860955777818595,0.07644461556341768
ijepa,control,in100.ijepa.s0.extL,16,19.421567034624996,16.559116389496268,6.762336507966749,35.68007463413767,0.1416359269196278,0.06346857851905402
ijepa,control,in100.ijepa.s0.extL,17,19.02423593626513,15.807175711623742,6.027703260803634,35.881819858808186,0.14967896697945818,0.07378061637010581
ijepa,control,in100.ijepa.s0.extL,18,18.764191827676452,14.134143525402028,5.338288464253376,36.1628469019961,0.19797404939416688,0.05823592545942831
ijepa,control,in100.ijepa.s0.extL,19,18.15186855700534,15.088133199110676,5.674913359190784,34.45015286219699,0.15186829641869107,0.05452925126535017
ijepa,control,in100.ijepa.s0.extL,20,17.500853370792825,14.944853820127689,5.9779325864921695,32.51571510202056,0.14407684705785975,0.041288099685891595
ijepa,control,in100.ijepa.s0.extL,21,17.376267816233764,14.86202583532916,5.950999805667164,32.0637576563564,0.1402163798740657,0.06436705309746062
ijepa,control,in100.ijepa.s0.extL,22,16.700272685680524,14.368730859992317,5.695529151903432,30.646903357685346,0.14172112214964777,0.07181621265401775
ijepa,control,in100.ijepa.s0.extL,23,16.370546835365367,13.621114892529281,5.29536233801249,30.786423491295018,0.1502487203407109,0.06699806521594648
ijepa,control,in100.ijepa.s0.extL,24,16.06984967762401,13.574435232971219,5.445161088480184,29.605009082403992,0.14591920650036388,0.06326989829354596
ijepa,control,in100.ijepa.s0.extL,25,15.718592470207659,13.110140674735897,5.2341999803844805,29.395766238060784,0.15075819527543025,0.07812119513885823
ijepa,control,in100.ijepa.s0.extL,26,14.722613313414854,12.453226960279553,5.028293950698089,26.92134701848316,0.14680350161534797,0.05523643063182252
ijepa,control,in100.ijepa.s0.extL,27,14.570001008227777,12.356863828929479,4.770339507509207,27.120639940041116,0.1451946403314705,0.06963471527415016
ijepa,control,in100.ijepa.s0.extL,28,14.348646423610901,12.226965652646157,4.832927666062601,26.445190131481944,0.14189633279148192,0.054030453711564855
ijepa,control,in100.ijepa.s0.extL,29,13.877714513833874,11.931637042014358,4.936211890740209,25.27580288214025,0.13786056201960323,0.0589293549166538
ijepa,control,in100.ijepa.s0.extL,30,13.52045418630478,11.330732672468454,4.275332822379072,25.54088683094866,0.1501583961740701,0.07643239949661373
ijepa,control,in100.ijepa.s0.extL,31,13.364642138958034,11.39468588623304,4.669397592186165,24.471655979076417,0.14075495193004844,0.05169554837365414
ijepa,control,in100.ijepa.s0.extL,32,13.038007413593478,11.02227811181659,4.3157696494453335,24.35006284799422,0.14790399396554507,0.043853727597058384
ijepa,control,in100.ijepa.s0.extL,33,12.69293397432901,10.68403938046993,3.994982934575241,23.753436694602946,0.14905050393607971,0.06099744449041921
ijepa,control,in100.ijepa.s0.extL,34,12.375492924401383,10.471607210051046,4.245968989871892,22.694563646882493,0.14488381956065813,0.060443328600880745
ijepa,control,in100.ijepa.s0.extL,35,11.924694545530565,10.181046214195419,3.9764677035773595,21.992576165972316,0.1442394711553676,0.0514578736097674
ijepa,control,in100.ijepa.s0.extL,36,11.609953248442327,9.877543116289836,4.003607175177223,21.354212120474372,0.14199422992999577,0.05213020183356349
ijepa,control,in100.ijepa.s0.extL,37,11.38675980277613,9.606397074866877,3.97509993881522,20.977765880599186,0.14321063323804137,0.05394920289355268
ijepa,control,in100.ijepa.s0.extL,38,11.145056352750249,9.421689893725246,3.695179789429342,20.802739458050993,0.14380768834009106,0.06543317964651398
ijepa,control,in100.ijepa.s0.extL,39,10.904657088468051,9.519172736372129,3.845517070188164,19.70232149075455,0.139933588833122,0.05919543965378126
ijepa,control,in100.ijepa.s0.extL,40,10.855467998325723,9.160312211670545,3.6750115147300777,20.061430372838107,0.14394924540741394,0.06608385159415582
ijepa,control,in100.ijepa.s0.extL,41,10.57775457320177,8.88864159568001,3.583025986884309,19.645651485351426,0.14350125219570303,0.08407084712973642
ijepa,control,in100.ijepa.s0.extL,42,10.303062018302473,8.698253158577277,3.471819423492243,19.008022686769866,0.14851271008337286,0.05556773758561106
ijepa,control,in100.ijepa.s0.extL,43,9.93114662483705,8.312662988580065,3.2783626823084844,18.513094840756743,0.15152571602807932,0.05608326985600853
ijepa,control,in100.ijepa.s0.extL,44,9.826819274596858,8.067784591150534,3.2638228513077405,18.215751354492355,0.15776056680419945,0.0697714644470573
ijepa,control,in100.ijepa.s0.extL,45,9.49859504980924,8.051306618411566,3.2105250329629813,17.606661760103602,0.1463346696083839,0.07245089878980306
ijepa,control,in100.ijepa.s0.extL,46,9.30746517331075,7.972925047371711,3.204742143740001,16.967982419771722,0.13984145177593715,0.06776038936338978
ijepa,control,in100.ijepa.s0.extL,47,9.107379296733574,7.464414257713825,2.830987409891176,17.36545091085259,0.15590682945652568,0.05043004219911776
ijepa,control,in100.ijepa.s0.extL,48,8.867307279028726,7.59370791893794,3.0729631436375646,16.21572650985522,0.1444427340651785,0.06397406398725197
ijepa,control,in100.ijepa.s0.extL,49,8.692772831057221,7.403911990049206,3.0023039121169943,15.772633762801904,0.14511182481822701,0.055194007732924065
ijepa,control,in100.ijepa.s0.extL,50,8.546111633217862,7.105260504560819,2.796224238058324,15.980915920270093,0.15048511505417075,0.056426574927741176
ijepa,control,in100.ijepa.s0.extL,51,8.327421240793134,7.0387840692222525,2.76444233512149,15.543148849896745,0.14530075378394636,0.05529660105524645
ijepa,control,in100.ijepa.s0.extL,52,8.12442203592862,6.794421216667066,2.6450869826745187,15.185079863094565,0.15052311045503314,0.059770097327264814
ijepa,control,in100.ijepa.s0.extL,53,8.080228379747712,6.875881362352202,2.764220772102541,14.664902141246207,0.1426767987737502,0.0497005145619114
ijepa,control,in100.ijepa.s0.extL,54,7.864711338683946,6.548258179365384,2.4644985589254507,14.900093650525957,0.15157615496684892,0.064821798789885
ijepa,control,in100.ijepa.s0.extL,55,7.643881723574589,6.469156526525179,2.621947971973108,14.179975305323165,0.14521101670983272,0.07175326244037473
ijepa,control,in100.ijepa.s0.extL,56,7.340787843351891,6.160480464941208,2.5224447793098554,13.542684073825866,0.14665331994854194,0.08602460263516333
ijepa,control,in100.ijepa.s0.extL,57,7.19946030625933,5.967493657263416,2.354219226553827,13.535156490927069,0.15062523811256134,0.05920846814854649
ijepa,control,in100.ijepa.s0.extL,58,6.9838329412843985,5.793618036742046,2.275050247163652,13.229682468461315,0.15552331680993933,0.06618973798521742
ijepa,control,in100.ijepa.s0.extL,59,6.8652947560413375,5.691556326802191,2.200787507449833,12.926111268325823,0.1525099288559087,0.07434585730042151
ijepa,control,in100.ijepa.s0.extL,60,6.801273691342578,5.690327978968912,2.2126844383324977,12.601695005492564,0.15334667763769785,0.07693761984478954
ijepa,control,in100.ijepa.s0.extL,61,6.651287343924919,5.565492070685723,2.2458632835553067,12.39646171548393,0.14712239280275272,0.05981874599710563
ijepa,control,in100.ijepa.s0.extL,62,6.4264166070310464,5.448545529295865,2.216619845140552,11.833044313169616,0.14605354029806608,0.08782121519671954
ijepa,control,in100.ijepa.s0.extL,63,6.25413109423042,5.29678958955233,2.0652012394891313,11.527357115222934,0.14610346845007052,0.08036142289867505
ijepa,control,in100.ijepa.s0.extL,64,6.237266032199119,5.158375098739746,2.0076261525980317,11.760068298291959,0.15681395369555706,0.08786561381279366
ijepa,control,in100.ijepa.s0.extL,65,6.104869028609876,5.152493724107484,1.988271476875725,11.345276278639133,0.14785192607170994,0.057070266509461696
ijepa,control,in100.ijepa.s0.extL,66,5.926615100098997,4.943282153733117,1.9312401116077413,10.99985859145568,0.15181070630674606,0.1035071934905134
ijepa,control,in100.ijepa.s0.extL,67,5.605414802730195,4.753125756596909,1.9446103194592843,10.306787278591282,0.14450484350244328,0.08597087545590339
ijepa,control,in100.ijepa.s0.extL,68,5.410436203327533,4.593899400838906,1.8730457761999668,9.827821042722475,0.14608583463005748,0.07130445784841674
ijepa,control,in100.ijepa.s0.extL,69,5.308477779155484,4.501313475151153,1.7719334123411572,9.781435573099662,0.14438232694721828,0.06768965876263573
ijepa,control,in100.ijepa.s0.extL,70,5.123320700081197,4.336928743688944,1.7845202942261134,9.447368774869116,0.14394660231370732,0.08301786359979144
ijepa,control,in100.ijepa.s0.extL,71,5.03855223112852,4.329063788514835,1.7464317166334593,9.145657248772702,0.1416368780420294,0.10615482979914871
ijepa,control,in100.ijepa.s0.extL,72,4.89719079677198,4.105590782061839,1.6582109106182068,9.15171627747689,0.1471390244801456,0.08467212589533556
ijepa,control,in100.ijepa.s0.extL,73,4.78960290143312,4.069010869657136,1.6297281992686201,8.900840327663314,0.1424044829501973,0.07443032929349491
ijepa,control,in100.ijepa.s0.extL,74,4.604528168671001,3.8481039620005086,1.5626108688785076,8.520280434590616,0.14950292976184298,0.06728417713343306
ijepa,control,in100.ijepa.s0.extL,75,4.420901830787917,3.659700662578468,1.40421857524533,8.412723225120796,0.15162491171623044,0.09109557529971989
ijepa,control,in100.ijepa.s0.extL,76,4.320153434692486,3.5812438528491874,1.4156175594832743,8.028850626957075,0.15760950273979982,0.12348286242619681
ijepa,control,in100.ijepa.s0.extL,77,4.173231817994728,3.5296551640170697,1.3943807556811425,7.655012672313818,0.14467717445695083,0.08057913976017686
ijepa,control,in100.ijepa.s0.extL,78,4.003858026161538,3.3321496258634635,1.318881350562008,7.541907436723971,0.15068912249534405,0.09058956636656569
ijepa,control,in100.ijepa.s0.extL,79,3.823455589902418,3.0360416825484444,1.168923087984569,7.176086109927055,0.1808877230085377,0.08666321602789362
ijepa,control,in100.ijepa.s0.extL,80,3.7683156852573942,3.1070429530248758,1.1710808609168322,7.160815985104256,0.15368107762793248,0.09481386275211358
ijepa,control,in100.ijepa.s0.extL,81,3.634199992579815,3.104463086552008,1.2868880895172523,6.708261773975802,0.13926150345214466,0.11214812994821666
ijepa,control,in100.ijepa.s0.extL,82,3.5180627647436578,3.0292360834012895,1.2380580584240204,6.409642353353968,0.13640652072354004,0.1149349460312208
ijepa,control,in100.ijepa.s0.extL,83,3.3407064285949604,2.8068248056270253,1.1300138162002364,6.192443760767591,0.145630582663659,0.1050271586918154
ijepa,control,in100.ijepa.s0.extL,84,3.177726698585501,2.6223468880676113,1.068518135159438,5.904569636273632,0.1544603771080297,0.08273969007823025
ijepa,control,in100.ijepa.s0.extL,85,3.1471628400348695,2.6387594590709322,1.0444584550961595,5.896165850648824,0.14667552956134763,0.09697465716111427
ijepa,control,in100.ijepa.s0.extL,86,3.0292627840159616,2.5568320053957754,1.0488787942910431,5.656556946908347,0.14370712227306964,0.11731817065414026
ijepa,control,in100.ijepa.s0.extL,87,2.919099526602395,2.382884036684275,0.9323586568723213,5.544799243960695,0.15998833585726344,0.14687983340327382
ijepa,control,in100.ijepa.s0.extL,88,2.6797648097691327,2.227363588748771,0.8430850487592579,5.112660399989137,0.15089115054062194,0.1130066865668465
ijepa,control,in100.ijepa.s0.extL,89,2.675805502961497,2.1779703918221918,0.8439514679222228,5.0352314754885725,0.16148750238881998,0.121860681158799
ijepa,control,in100.ijepa.s0.extL,90,2.5735083208960448,2.2254517118490047,0.8954938517765529,4.648235479484098,0.1407395774148478,0.08105159046295883
ijepa,control,in100.ijepa.s0.extL,91,2.492575831923438,2.0209545787970518,0.7718268762463247,4.725392418007662,0.1612363449940492,0.1340009634627627
ijepa,control,in100.ijepa.s0.extL,92,2.2493263517721744,1.8635112778883458,0.7318473496361033,4.234823029251292,0.1493461827475239,0.13637213622001665
ijepa,control,in100.ijepa.s0.extL,93,2.1292619985242576,1.7941832363153933,0.7181157706342208,3.9606134898105845,0.1463859704939338,0.14092670547601713
ijepa,control,in100.ijepa.s0.extL,94,2.0234827220409533,1.662372961348662,0.651243421418368,3.7792411235281143,0.158804992497925,0.19469022366513059
ijepa,control,in100.ijepa.s0.extL,95,1.926187475459629,1.5989003148537986,0.6374464680944225,3.5908553578117286,0.15158492656885691,0.17175803354557254
ijepa,control,in100.ijepa.s0.extL,96,1.8352418471898464,1.4953648809557438,0.5795953569181544,3.4278613866871432,0.16046927901557778,0.13966936734770038
ijepa,control,in100.ijepa.s0.extL,97,1.8178260189435107,1.4732967878651593,0.5737750357694833,3.4455657997261957,0.15981233300651176,0.18465453446310184
ijepa,control,in100.ijepa.s0.extL,98,1.5820180525109933,1.3164182057765776,0.5200237169114387,2.9513322213297037,0.14981601409851408,0.150452739531055
ijepa,control,in100.ijepa.s0.extL,99,1.4456145141556975,1.1798684986392423,0.4613644778748261,2.7480727615045946,0.15763642768172625,0.17695713825323903
ijepa,control,in100.ijepa.s0.extL,100,1.374323665523151,1.0359092619868902,0.4004014795546033,2.6777638593822197,0.190442688571916,0.2019295183595538
ijepa,control,in100.ijepa.s0.extL,101,1.3576240849526378,1.133197947452456,0.4599303316853335,2.5213011927238687,0.15145374694131822,0.1773845843730454
ijepa,control,in100.ijepa.s0.extL,102,1.2501836565841296,1.0308355887553469,0.4155633298148429,2.307910425538876,0.15463244625899075,0.1640240050877575
ijepa,control,in100.ijepa.s0.extL,103,0.976742339660298,0.7965628001475111,0.3129717157715957,1.8432206476289401,0.15992403157429508,0.18477937384216994
ijepa,control,in100.ijepa.s0.extL,104,0.9119483532165918,0.7373169764284703,0.281624934257299,1.7478391607132557,0.16464466583529141,0.23566688040448106
ijepa,control,in100.ijepa.s0.extL,105,0.8709100068259518,0.7286368505565511,0.28558832279881585,1.6181012728290376,0.1497485012721084,0.169725236412536
ijepa,control,in100.ijepa.s0.extL,106,0.6583661056955245,0.5428589724333426,0.21499903702585624,1.2307159075300105,0.15967666543413414,0.266798023567171
ijepa,control,in100.ijepa.s0.extL,107,0.624058718548615,0.4575294305992661,0.17240454740882352,1.2539771465926735,0.19662760713707458,0.27172328128672374
ijepa,control,in100.ijepa.s0.extL,108,0.5117902932479583,0.4225715608835557,0.1688743964695838,0.9527673142266696,0.15606000523344205,0.4000953125049806
ijepa,control,in100.ijepa.s0.extL,109,0.2919290806571235,0.22854744169870606,0.0874187187092402,0.5602760660418045,0.17762997474774872,0.2902054683518683
ijepa,control,in100.ijepa.s0.extL,110,0.20825504558364033,0.16983293983031456,0.06444452345184233,0.39482986582449225,0.16375368869203583,0.5708951883317865
ijepa,treated,in100.ijepa.s0.e20f.extL,0,87.6725936784618,78.03937104280584,30.44505593974819,156.05695977330618,0.12895463718077474,0.12606745262926564
ijepa,treated,in100.ijepa.s0.e20f.extL,1,82.47299970816313,70.61129036274073,26.001415234984393,154.241593748205,0.13540389981031464,0.13714733251976438
ijepa,treated,in100.ijepa.s0.e20f.extL,2,77.5042330381364,67.19520122200346,26.439073705396257,141.04523542658976,0.13535544161518304,0.14804136019610034
ijepa,treated,in100.ijepa.s0.e20f.extL,3,68.40478944418459,60.07549179784496,23.497936217518593,123.77435200914046,0.1344071661872325,0.1050267438143441
ijepa,treated,in100.ijepa.s0.e20f.extL,4,64.62536672096937,53.92648860218499,20.79699628793272,120.49160339785774,0.14954651260935142,0.10390171187951186
ijepa,treated,in100.ijepa.s0.e20f.extL,5,62.48697646696784,49.897900306680356,17.798185104598513,120.62251772357871,0.1698475465418121,0.11251888517743723
ijepa,treated,in100.ijepa.s0.e20f.extL,6,59.59452185208952,48.54355897225099,17.881294682747523,113.60200324434915,0.1556649687012315,0.10846917825662401
ijepa,treated,in100.ijepa.s0.e20f.extL,7,56.87877920677603,48.916551947451055,18.817743100448368,104.56536926528506,0.14236616496211502,0.09596964611771433
ijepa,treated,in100.ijepa.s0.e20f.extL,8,55.75203675592269,48.52402236482662,19.299510952772433,101.09854654537496,0.13663753863720352,0.09330871350201281
ijepa,treated,in100.ijepa.s0.e20f.extL,9,53.73963101174933,46.703481406285135,19.01879664153665,97.10722492583415,0.1341219798392989,0.10070835463889038
ijepa,treated,in100.ijepa.s0.e20f.extL,10,51.29789754063063,42.20274879427198,15.870129088894384,97.57907570441536,0.15188486994660355,0.09524073447260344
ijepa,treated,in100.ijepa.s0.e20f.extL,11,50.40895405324906,41.760570546980134,15.708671419844961,94.68829114589616,0.15065826433861942,0.08258708030838527
ijepa,treated,in100.ijepa.s0.e20f.extL,12,49.72631650515021,38.9270213366904,14.166268586858278,96.84484300360914,0.17265983086964629,0.10005216295100507
ijepa,treated,in100.ijepa.s0.e20f.extL,13,47.73366329382367,41.090697156065076,16.9384724479809,86.57151143590916,0.13846847212206845,0.09394952663928041
ijepa,treated,in100.ijepa.s0.e20f.extL,14,45.13834522279889,38.5075854031764,14.525631309549196,84.19448183109756,0.1411319390496934,0.08353732447227712
ijepa,treated,in100.ijepa.s0.e20f.extL,15,44.08714757671237,37.18980038744931,14.82094737924036,81.24551911050585,0.14692657802756193,0.09245930411935119
ijepa,treated,in100.ijepa.s0.e20f.extL,16,43.70060905161454,35.858818301661046,13.455745483527066,84.39062407012477,0.15043950331129993,0.07861294777182537
ijepa,treated,in100.ijepa.s0.e20f.extL,17,42.12397551272855,35.70357413318464,13.24783381299312,78.4955235986496,0.1448491938279464,0.09368523947985855
ijepa,treated,in100.ijepa.s0.e20f.extL,18,41.06338702430839,33.90770527018856,12.990644877949087,78.37264691174194,0.1524230901516532,0.10284117536763522
ijepa,treated,in100.ijepa.s0.e20f.extL,19,40.46558547007742,34.07466714899094,13.538121333374228,75.2920855906528,0.14775206448325287,0.09445748638219115
ijepa,treated,in100.ijepa.s0.e20f.extL,20,40.11931075615045,33.620416182236184,13.103317431899649,75.30186370263804,0.1487941996093307,0.06364613007763113
ijepa,treated,in100.ijepa.s0.e20f.extL,21,38.703426842753316,32.77763707976534,12.206925714126493,72.32464737141127,0.14789557130455883,0.08297781055353712
ijepa,treated,in100.ijepa.s0.e20f.extL,22,37.12524696959367,30.07714221252249,10.670631724801432,72.60691462446196,0.15584106906055537,0.07162165553080387
ijepa,treated,in100.ijepa.s0.e20f.extL,23,36.32120764532907,30.095491167521367,11.140671290412465,69.3890923618094,0.15431473732097006,0.0758264076229735
ijepa,treated,in100.ijepa.s0.e20f.extL,24,35.96400545919273,30.68614562325331,12.166415317061801,66.43524259746623,0.14415566885125242,0.0715337013360375
ijepa,treated,in100.ijepa.s0.e20f.extL,25,34.866172409380255,28.279568899292425,10.452951559692252,66.5707329488895,0.16301900253114474,0.08682179238452072
ijepa,treated,in100.ijepa.s0.e20f.extL,26,34.34330543681051,28.198493049878692,10.679176721740642,64.5644928627232,0.15748656186908166,0.09170302054041235
ijepa,treated,in100.ijepa.s0.e20f.extL,27,33.77954476682241,28.064015822766464,10.700950209022894,63.48585593847935,0.1489531954653354,0.06492443774788328
ijepa,treated,in100.ijepa.s0.e20f.extL,28,33.120556067978995,27.507499919468877,10.515924942723466,62.49104106577407,0.15088093900884245,0.07842799013478215
ijepa,treated,in100.ijepa.s0.e20f.extL,29,32.45569784806749,26.27627610562723,10.12386810090054,62.296295151926664,0.1581712104982328,0.057233719402590665
ijepa,treated,in100.ijepa.s0.e20f.extL,30,32.07839942872954,25.797954287159158,9.582431214646167,60.35284603351027,0.16925922087718134,0.06389360792241482
ijepa,treated,in100.ijepa.s0.e20f.extL,31,31.371477864770206,26.948509499326246,10.942956670134297,57.053430051576555,0.137280621872201,0.07643564014571637
ijepa,treated,in100.ijepa.s0.e20f.extL,32,30.80258775961943,25.87588714061995,10.185427204189532,57.212888864352045,0.14983893577321492,0.066461728262874
ijepa,treated,in100.ijepa.s0.e20f.extL,33,30.321824068542305,25.60546152599015,10.241228142588215,56.4347988119658,0.14846296693158395,0.07329847501669016
ijepa,treated,in100.ijepa.s0.e20f.extL,34,30.091865344683768,24.815467731382803,9.332546076244286,57.359478495279554,0.15609348377299379,0.06201404061353994
ijepa,treated,in100.ijepa.s0.e20f.extL,35,29.746901920554624,24.96105312108677,9.288733577208973,56.37340469924199,0.14882576706287245,0.06543985580167097
ijepa,treated,in100.ijepa.s0.e20f.extL,36,28.953264052149336,23.410649688535848,8.331693024388667,56.693350053875726,0.15983585508461598,0.06737308966880548
ijepa,treated,in100.ijepa.s0.e20f.extL,37,28.856115410599685,23.948253716746077,9.507201438505973,53.37634001588121,0.1519973948393141,0.05916165230317945
ijepa,treated,in100.ijepa.s0.e20f.extL,38,28.215547930854008,23.39045338179372,9.0866195178271,53.23808260029614,0.15153289240984352,0.05359107186169185
ijepa,treated,in100.ijepa.s0.e20f.extL,39,27.971653555559637,22.337303163622703,8.061442231309814,54.73969025003463,0.1663795797617956,0.07067245841087716
ijepa,treated,in100.ijepa.s0.e20f.extL,40,27.696893499289835,22.95649615073441,8.745515911892292,52.223256364531146,0.15340309859144177,0.06362672179912726
ijepa,treated,in100.ijepa.s0.e20f.extL,41,27.454597096623463,22.079434581315404,8.214218696636282,53.120279932704754,0.16152207574071106,0.07176624504721595
ijepa,treated,in100.ijepa.s0.e20f.extL,42,26.476342030754857,20.78593874722631,7.612585964644132,52.37708895052389,0.166495729716651,0.05844238799778262
ijepa,treated,in100.ijepa.s0.e20f.extL,43,26.399053700019184,21.53898852579502,7.936661935740162,50.65378699910973,0.15412791514353164,0.05755958764038225
ijepa,treated,in100.ijepa.s0.e20f.extL,44,26.153092295446463,21.08196366888381,7.828136680219719,50.15012820984509,0.15998854575538024,0.07025842641434848
ijepa,treated,in100.ijepa.s0.e20f.extL,45,25.448418602153414,21.140257533539625,8.379869951216758,47.55037479305593,0.15474531795560895,0.04763648945409646
ijepa,treated,in100.ijepa.s0.e20f.extL,46,25.320411970762112,21.022723951946595,7.857501284537576,47.98082024251615,0.1523755904065277,0.06879716112599862
ijepa,treated,in100.ijepa.s0.e20f.extL,47,24.859288151175736,20.142452880102063,7.407998608480141,47.489905306122125,0.16033442100013282,0.06850518729351862
ijepa,treated,in100.ijepa.s0.e20f.extL,48,24.8020443236297,20.509759587210052,7.8879367383464745,47.08204913120864,0.1505084299664944,0.05097276225720619
ijepa,treated,in100.ijepa.s0.e20f.extL,49,24.436021999019303,20.36222846595115,8.022821206371725,45.736959087407904,0.15224647071653521,0.06827142784651703
ijepa,treated,in100.ijepa.s0.e20f.extL,50,24.34551981613999,20.023443485641494,7.670497647703036,45.93808382273706,0.1556025611418423,0.060794795810653265
ijepa,treated,in100.ijepa.s0.e20f.extL,51,24.00944825649812,19.458295813290555,7.189198162692961,46.43932955015689,0.15804895242235412,0.05911510666844382
ijepa,treated,in100.ijepa.s0.e20f.extL,52,23.34289411877012,19.38375998786943,7.610814240731478,44.31259075132804,0.14998926758790268,0.05996478774097892
ijepa,treated,in100.ijepa.s0.e20f.extL,53,23.15162415443205,18.986089481683912,7.409838572690418,43.473355756329134,0.15485835470644918,0.06154772813747797
ijepa,treated,in100.ijepa.s0.e20f.extL,54,22.914186167941516,19.05454310039621,7.465001536705738,42.876062997678346,0.15075437774149134,0.054190346265884745
ijepa,treated,in100.ijepa.s0.e20f.extL,55,22.470425704101665,18.243363290403284,6.89665665684169,42.807831019773694,0.16200196675353662,0.04775886672999362
ijepa,treated,in100.ijepa.s0.e20f.extL,56,22.262774570461364,18.202939048620117,6.717919816896261,43.46399011474708,0.15843069259829987,0.05896397366953207
ijepa,treated,in100.ijepa.s0.e20f.extL,57,22.152689858110737,18.105925068707947,6.719230709844173,42.00693572613526,0.15760448986882303,0.05321292519665129
ijepa,treated,in100.ijepa.s0.e20f.extL,58,21.42982699642994,16.740143407616632,5.960423006469266,42.33390592732378,0.16939508875696085,0.04839942837333131
ijepa,treated,in100.ijepa.s0.e20f.extL,59,21.292237978876976,17.433246084461963,6.770945944285566,40.39243452837587,0.15520817406104948,0.06703835109881341
ijepa,treated,in100.ijepa.s0.e20f.extL,60,21.1243899414089,17.460921922853665,6.305605994213135,40.26475053039439,0.15402331378166828,0.05661796027356442
ijepa,treated,in100.ijepa.s0.e20f.extL,61,20.70348969056639,16.535504905636234,6.050790457687862,40.499744326652184,0.16173503278943646,0.04433233767279043
ijepa,treated,in100.ijepa.s0.e20f.extL,62,20.525191143856134,17.035363402585986,6.687399739455366,38.31960179027465,0.15243544988038524,0.04891308803643606
ijepa,treated,in100.ijepa.s0.e20f.extL,63,20.411769983057045,16.916624792987673,6.42308646267885,38.3750710258889,0.15647227049622686,0.039929414883174835
ijepa,treated,in100.ijepa.s0.e20f.extL,64,20.1909096830242,16.699678960038142,6.491055561365021,38.089747787283386,0.15212813350883286,0.05552917545832339
ijepa,treated,in100.ijepa.s0.e20f.extL,65,19.857170423059124,16.081433416044597,6.149824537884752,38.29778060419554,0.158544731374703,0.05578260273907537
ijepa,treated,in100.ijepa.s0.e20f.extL,66,19.478027494178207,16.074805158372232,5.8753901242847535,37.63435254165147,0.15671626152285315,0.04331462450151014
ijepa,treated,in100.ijepa.s0.e20f.extL,67,19.34617896816771,15.827213055291153,5.885545401491251,36.902500487227634,0.16013463125680324,0.056594547036342646
ijepa,treated,in100.ijepa.s0.e20f.extL,68,19.255110115366683,15.91010259962211,6.071994670731506,36.41197005066871,0.15422378934929334,0.07218415545650418
ijepa,treated,in100.ijepa.s0.e20f.extL,69,18.954424880476232,15.706213119112359,6.046730564910274,35.928791414066374,0.153040339492163,0.059680401818053876
ijepa,treated,in100.ijepa.s0.e20f.extL,70,18.896685448857355,15.214576516922632,5.618240036629192,36.186115264884734,0.16567217790006292,0.05153884504371698
ijepa,treated,in100.ijepa.s0.e20f.extL,71,18.602267330445507,15.576572840403887,6.045972801968912,34.77157887520723,0.14864372048185398,0.05749506433811
ijepa,treated,in100.ijepa.s0.e20f.extL,72,18.40534606963223,15.029893955299537,5.66034469210816,35.374592210407975,0.156343345899548,0.05718764316822179
ijepa,treated,in100.ijepa.s0.e20f.extL,73,18.382814067720872,15.19810205858306,6.00315857078154,34.337762506018805,0.15082490283862085,0.054351583247503485
ijepa,treated,in100.ijepa.s0.e20f.extL,74,17.998428479324712,14.677033483363081,5.51184178431388,34.50050196857383,0.1589400059218591,0.05474938768005667
ijepa,treated,in100.ijepa.s0.e20f.extL,75,17.787205341327464,14.551461934454895,5.422411008988861,33.95157452119687,0.1572127024144849,0.05191755617184819
ijepa,treated,in100.ijepa.s0.e20f.extL,76,17.75577007694575,14.452690508928367,5.25077117564532,34.38436333066337,0.15859501829458159,0.04082202290420182
ijepa,treated,in100.ijepa.s0.e20f.extL,77,17.574781057927677,14.403748004295924,5.428110533614112,33.20230178326231,0.1576593633813068,0.041991860739889794
ijepa,treated,in100.ijepa.s0.e20f.extL,78,17.30045434540557,14.014052195853033,5.275668503926061,33.17077054014535,0.15886090694643024,0.045034535574820254
ijepa,treated,in100.ijepa.s0.e20f.extL,79,17.16176316431773,13.496482902117133,5.034102052034899,33.75317758765373,0.17092883604144762,0.043276369014141655
ijepa,treated,in100.ijepa.s0.e20f.extL,80,17.064815675096792,13.944501374270956,5.3335419899854495,32.43593336752966,0.15669115767394726,0.0537166236399985
ijepa,treated,in100.ijepa.s0.e20f.extL,81,16.762240906845378,13.41565973553765,5.08580568802775,32.4770934935834,0.1622563946648613,0.04579618708932965
ijepa,treated,in100.ijepa.s0.e20f.extL,82,16.744352677975495,13.616616255706322,5.172444868443207,31.665080098538635,0.15922900509040966,0.0607774697556046
ijepa,treated,in100.ijepa.s0.e20f.extL,83,16.603790005486527,13.213861983474104,4.758553528160696,32.47288186533032,0.1653665089128415,0.04521847097385687
ijepa,treated,in100.ijepa.s0.e20f.extL,84,16.3010214061741,13.345047276472908,4.976552927396031,31.122532172569212,0.1551662211084865,0.0652016176688766
ijepa,treated,in100.ijepa.s0.e20f.extL,85,16.15346214307209,13.119576247872637,4.985058399752567,30.48739562505939,0.16297934153151464,0.04727310816852917
ijepa,treated,in100.ijepa.s0.e20f.extL,86,16.035705678032432,13.077303346040662,4.998730250862284,30.53062903585066,0.1556914273756458,0.049518247207293725
ijepa,treated,in100.ijepa.s0.e20f.extL,87,15.858602466230053,12.749897673224435,4.843635733856315,30.433478186486077,0.16070146076201453,0.04918829830113996
ijepa,treated,in100.ijepa.s0.e20f.extL,88,15.663245506877141,12.805480830637894,4.659990765419278,30.015606501060123,0.157590357699756,0.04806111993116865
ijepa,treated,in100.ijepa.s0.e20f.extL,89,15.44132161685679,12.581628691997423,4.689508093276181,29.691098735193695,0.15897790344843002,0.05588088400900263
ijepa,treated,in100.ijepa.s0.e20f.extL,90,15.371550455382334,12.539875639149468,4.932867585833962,29.03377323341867,0.15878444118150842,0.058435278733734414
ijepa,treated,in100.ijepa.s0.e20f.extL,91,15.2280079591231,12.518825839366867,4.76037019555655,28.85122364221043,0.15627995253541838,0.04871464287320971
ijepa,treated,in100.ijepa.s0.e20f.extL,92,15.06394828362879,12.188876927272103,4.497859755578566,29.289702842374265,0.15812631178376121,0.035727599761236496
ijepa,treated,in100.ijepa.s0.e20f.extL,93,14.913531481480357,12.272464879794912,4.469090482967284,28.92013758500632,0.15685975366255503,0.05905604306227321
ijepa,treated,in100.ijepa.s0.e20f.extL,94,14.861688390418543,12.19679175811682,4.545222233478709,28.523407966151716,0.155998944284592,0.05189895348725458
ijepa,treated,in100.ijepa.s0.e20f.extL,95,14.706859615410588,11.98790406594911,4.515870942187602,28.122529620818245,0.16058064769633534,0.03521727036093774
ijepa,treated,in100.ijepa.s0.e20f.extL,96,14.522617354910574,11.636688270901937,4.455830237177818,27.93753175852431,0.16318871671943838,0.03878196620478182
ijepa,treated,in100.ijepa.s0.e20f.extL,97,14.369881814132171,11.65052119586085,4.375107314509267,27.372315325030925,0.1632671434354067,0.04478546387286451
ijepa,treated,in100.ijepa.s0.e20f.extL,98,14.248703827971037,11.508800229193199,4.3803232277872235,27.35914478765632,0.1595462502373825,0.03326292745310457
ijepa,treated,in100.ijepa.s0.e20f.extL,99,13.914546986590798,11.238293782899488,4.043770305867822,26.757328198042426,0.16252332039082162,0.05702504676002496
ijepa,treated,in100.ijepa.s0.e20f.extL,100,13.84221345129077,10.974674199103609,4.006455040612776,27.02994563332524,0.16805396921270718,0.058270279483391904
ijepa,treated,in100.ijepa.s0.e20f.extL,101,13.750049862324113,10.863495782952132,3.94737530625023,26.931511818459985,0.16899740883466252,0.05635743787513822
ijepa,treated,in100.ijepa.s0.e20f.extL,102,13.668382977067266,11.008144196519943,4.08902563895028,26.509083339808765,0.16385399442487947,0.05052990088984727
ijepa,treated,in100.ijepa.s0.e20f.extL,103,13.60934453514432,10.98644799324006,4.105189097980031,26.063644486436996,0.16587651806954043,0.0435892508855726
ijepa,treated,in100.ijepa.s0.e20f.extL,104,13.476889816781652,10.991547216855233,4.042326605606467,25.990968461576855,0.15909896971567106,0.059624420401699095
ijepa,treated,in100.ijepa.s0.e20f.extL,105,13.321011913625513,10.765809162836618,4.081586909612148,25.46519523581066,0.1629756576570001,0.05175950801559047
ijepa,treated,in100.ijepa.s0.e20f.extL,106,13.150390009444113,10.688718197308305,4.052770060378536,25.01824683908066,0.159432391364144,0.06364395424170491
ijepa,treated,in100.ijepa.s0.e20f.extL,107,13.115072464725104,10.633945111123376,3.9719928316963165,25.274668473706885,0.16174462904280182,0.02969454664043515
ijepa,treated,in100.ijepa.s0.e20f.extL,108,12.891831685830818,10.513102920222451,4.071450959725324,24.399726339228465,0.1571999445545471,0.04140340750969301
ijepa,treated,in100.ijepa.s0.e20f.extL,109,12.763513362866158,10.420483175105275,3.9662984488681783,24.527342509525834,0.15682200540536223,0.06023229515504564
ijepa,treated,in100.ijepa.s0.e20f.extL,110,12.653968339915998,10.04508024144423,3.722786765919632,24.350904912518082,0.17060347026459763,0.05511308591732975
ijepa,treated,in100.ijepa.s0.e20f.extL,111,12.455850673062718,10.22018308571301,3.8942851482207446,23.7370320292376,0.15447869021171895,0.04905777793228942
ijepa,treated,in100.ijepa.s0.e20f.extL,112,12.264140807752902,10.136010403147065,3.8064506190105147,23.08170769717024,0.15564606304816947,0.051658396894771294
ijepa,treated,in100.ijepa.s0.e20f.extL,113,12.236254558540507,9.78404879403605,3.5896803157644785,23.65666091363149,0.16869724300161157,0.049155363062337344
ijepa,treated,in100.ijepa.s0.e20f.extL,114,12.22364806508041,9.922394663265928,3.71305079468966,23.53923147552158,0.15863385589854812,0.043601734066503445
ijepa,treated,in100.ijepa.s0.e20f.extL,115,11.981725440992564,9.67113618530319,3.5300842572268323,23.351194418825777,0.16259112539273224,0.03926555855455686
ijepa,treated,in100.ijepa.s0.e20f.extL,116,11.906419785558697,9.754311125563088,3.770776846283913,22.49316766839043,0.1577271703697757,0.045348567973677145
ijepa,treated,in100.ijepa.s0.e20f.extL,117,11.773394532092945,9.626355810703023,3.5452931120328754,22.565821952226962,0.15619285180389467,0.05739476026216272
ijepa,treated,in100.ijepa.s0.e20f.extL,118,11.724555305416843,9.337568819717264,3.4773231715721225,22.99169595911825,0.16459767595635275,0.04211529154719764
ijepa,treated,in100.ijepa.s0.e20f.extL,119,11.529325721986956,9.262779461204339,3.4066055255322483,22.194742246619008,0.16237061038679165,0.035851558825018455
ijepa,treated,in100.ijepa.s0.e20f.extL,120,11.400955152776953,9.300787824259391,3.4874393787457576,21.83940344160286,0.16128069691573516,0.04548369991588979
ijepa,treated,in100.ijepa.s0.e20f.extL,121,11.376183056686067,9.069156595663687,3.247719534756147,22.217372945180838,0.16980783019270576,0.06352706371500745
ijepa,treated,in100.ijepa.s0.e20f.extL,122,11.173733210041789,8.919115080815818,3.3239888792852805,21.544469235063527,0.1670156192735108,0.061923321331669064
ijepa,treated,in100.ijepa.s0.e20f.extL,123,11.137441010225585,9.10154599670211,3.354576916531115,21.033312353733276,0.159764411421293,0.054639692237610345
ijepa,treated,in100.ijepa.s0.e20f.extL,124,11.080322901700065,9.010650106253141,3.4171772738638655,21.263828889674546,0.1598311473141294,0.06286272632537163
ijepa,treated,in100.ijepa.s0.e20f.extL,125,10.958755255886919,8.784340883308722,3.1418415003089164,21.557668919585126,0.1610600506706397,0.03985485157089942
ijepa,treated,in100.ijepa.s0.e20f.extL,126,10.756473777914419,8.580559436836996,3.1781289519557996,20.729667297799978,0.1660314166812225,0.046779362735015456
ijepa,treated,in100.ijepa.s0.e20f.extL,127,10.712064991779936,8.552444355024466,3.1636697783862107,20.634069499118468,0.16313877343390007,0.042902354693152206
ijepa,treated,in100.ijepa.s0.e20f.extL,128,10.635360207160117,8.559364775149579,3.2494141165862387,20.331914612183077,0.16209446844634892,0.04561040447634476
ijepa,treated,in100.ijepa.s0.e20f.extL,129,10.570265668265,8.486348593517942,3.1198925629723497,20.392902314170012,0.16342552762244153,0.05161624841070982
ijepa,treated,in100.ijepa.s0.e20f.extL,130,10.488691660693704,8.570401172862232,3.1453024457939547,20.076203100301164,0.15911494566854772,0.05620932866866214
ijepa,treated,in100.ijepa.s0.e20f.extL,131,10.29597835472151,8.356577204986289,3.0459329660745826,19.827586810173425,0.16336840064625455,0.03864645176218914
ijepa,treated,in100.ijepa.s0.e20f.extL,132,10.217226185831041,8.367027000450705,3.159861364324627,19.40662875686481,0.15757161357295277,0.060571317592752506
ijepa,treated,in100.ijepa.s0.e20f.extL,133,10.115305518848428,8.084807149545965,3.016103298542321,19.632764824128028,0.165267065826533,0.05025404894282012
ijepa,treated,in100.ijepa.s0.e20f.extL,134,9.96015831733456,8.092289320567275,3.0557276032273637,19.123928531337032,0.15827568172336798,0.06279204035023236
ijepa,treated,in100.ijepa.s0.e20f.extL,135,9.879842927597839,8.022571737640046,2.902688720877838,19.201410638907433,0.1619209022334254,0.044136658875899355
ijepa,treated,in100.ijepa.s0.e20f.extL,136,9.864756290004655,7.86759206474687,2.836573071795925,19.040172392979784,0.16663029585372022,0.05817632738850762
ijepa,treated,in100.ijepa.s0.e20f.extL,137,9.743248066720067,7.78730388106122,2.768544795009144,19.118216580427358,0.1673311649689155,0.04550009192185972
ijepa,treated,in100.ijepa.s0.e20f.extL,138,9.643416678130052,7.663354087149152,2.7111627549975648,18.82451575446109,0.16969849535433273,0.04983818312102633
ijepa,treated,in100.ijepa.s0.e20f.extL,139,9.502599613236313,7.587304617861699,2.794746467785675,18.582309006662992,0.16207018567250367,0.06931941963026739
ijepa,treated,in100.ijepa.s0.e20f.extL,140,9.480497950897606,7.565999809947671,2.836270555551933,18.3339561721389,0.16543750716441558,0.06385607171621303
ijepa,treated,in100.ijepa.s0.e20f.extL,141,9.375180577845454,7.391040577607209,2.7112949470656016,18.159393470484993,0.16836394937518553,0.06862471990361618
ijepa,treated,in100.ijepa.s0.e20f.extL,142,9.312184225693054,7.640688801653912,3.0394052708709984,17.6609730665758,0.15576168051129832,0.04350366843909073
ijepa,treated,in100.ijepa.s0.e20f.extL,143,9.30039895619032,7.248716923126008,2.6799705314024194,18.22341200634973,0.1715168896241031,0.04731048589889426
ijepa,treated,in100.ijepa.s0.e20f.extL,144,9.187036996669917,7.339380582703766,2.71218776385976,17.926406075306467,0.16219213137395064,0.054786503600095154
ijepa,treated,in100.ijepa.s0.e20f.extL,145,8.980815378767552,7.2837868063238975,2.766188790267185,17.257125651933595,0.1603036644117514,0.050422705067553794
ijepa,treated,in100.ijepa.s0.e20f.extL,146,8.818325214110324,7.0850720650097605,2.593607813729595,17.04125576042958,0.16588459984185341,0.05121397783216123
ijepa,treated,in100.ijepa.s0.e20f.extL,147,8.79226636696166,7.086482323595753,2.6618529467941494,16.685646451450214,0.1653049846544664,0.07070485593951546
ijepa,treated,in100.ijepa.s0.e20f.extL,148,8.689917475094408,6.990466979387882,2.5643773303907107,16.713234272002886,0.16434676299441134,0.05929911957694798
ijepa,treated,in100.ijepa.s0.e20f.extL,149,8.601693476407217,6.838848722700222,2.4161595340876207,16.85582468747524,0.16733414332797264,0.051198617655655226
ijepa,treated,in100.ijepa.s0.e20f.extL,150,8.504323418235979,6.835746242271291,2.5142481155700485,16.30580151248496,0.16247422774166764,0.04386733905242206
ijepa,treated,in100.ijepa.s0.e20f.extL,151,8.394852464051178,6.730293495795439,2.498110019480268,16.11999738907929,0.1682157418514682,0.043118835175063853
ijepa,treated,in100.ijepa.s0.e20f.extL,152,8.298710377163841,6.613015330885146,2.499643651150941,15.930896701364835,0.17122753750511704,0.04881916184443855
ijepa,treated,in100.ijepa.s0.e20f.extL,153,8.256594131284716,6.622261680995586,2.516835619156411,15.874695138605057,0.16726057475051337,0.061575888790782275
ijepa,treated,in100.ijepa.s0.e20f.extL,154,8.088681398121413,6.595497744699487,2.5495074927980084,15.389051298746438,0.15707694094162078,0.056559812093153056
ijepa,treated,in100.ijepa.s0.e20f.extL,155,8.002423761709402,6.3094437699310975,2.2714546729557052,15.844222242077878,0.1705215956725973,0.06947179584112712
ijepa,treated,in100.ijepa.s0.e20f.extL,156,7.9407763822560335,6.419274624255467,2.3492013229859836,15.233135107892098,0.16387797060652148,0.043942398789827884
ijepa,treated,in100.ijepa.s0.e20f.extL,157,7.847674883638469,6.3973563331366865,2.3656926667359213,15.100922857436268,0.1620539828831111,0.06946873875796616
ijepa,treated,in100.ijepa.s0.e20f.extL,158,7.715685923084181,6.066364260443001,2.2157588474923835,15.117921447466442,0.1697995917681439,0.07986997426300149
ijepa,treated,in100.ijepa.s0.e20f.extL,159,7.610277356689268,6.1528190855380815,2.2369011820934577,14.802257909225656,0.15976342104422772,0.055504316779165126
ijepa,treated,in100.ijepa.s0.e20f.extL,160,7.521699191027663,6.135564523941261,2.295518828592523,14.401954006891797,0.15698600810377297,0.08305130966933882
ijepa,treated,in100.ijepa.s0.e20f.extL,161,7.428580509654855,5.743685541739525,2.011188347326746,14.910096888311212,0.1739339805766692,0.07180752029099166
ijepa,treated,in100.ijepa.s0.e20f.extL,162,7.410005565188046,5.786829859061508,2.1952649451553494,14.409167082688025,0.17222478718482354,0.07695945406402747
ijepa,treated,in100.ijepa.s0.e20f.extL,163,7.272250310034072,5.882227914769343,2.2514911279506005,13.881227158214118,0.1638090791297912,0.06214272337446936
ijepa,treated,in100.ijepa.s0.e20f.extL,164,7.15222744511265,5.836645200132739,2.2336231310989594,13.566804372678531,0.15947402157822674,0.07456917044257216
ijepa,treated,in100.ijepa.s0.e20f.extL,165,7.0733107693809325,5.720867350703225,2.158338387397935,13.53638032063328,0.16143278937264555,0.04566019159852181
ijepa,treated,in100.ijepa.s0.e20f.extL,166,7.0038370528932,5.4481395819923994,2.0057831928071157,13.765296894881342,0.17321160527960955,0.07436735194544926
ijepa,treated,in100.ijepa.s0.e20f.extL,167,6.916725331784289,5.513208874153984,2.009290708435699,13.563158172478625,0.16262833736379523,0.05949396640490692
ijepa,treated,in100.ijepa.s0.e20f.extL,168,6.840677446501032,5.520771517719302,2.0094236094485045,13.283488209545434,0.16442469184917705,0.06318511846408642
ijepa,treated,in100.ijepa.s0.e20f.extL,169,6.799078194239648,5.4319198513497255,2.0534847189675705,12.827481256326951,0.17042933384569578,0.0545860068036856
ijepa,treated,in100.ijepa.s0.e20f.extL,170,6.697307052871939,5.3460014913278044,1.9168119343108978,12.970283228771656,0.16418145746152654,0.07708646304299663
ijepa,treated,in100.ijepa.s0.e20f.extL,171,6.573996210408482,5.232394582630322,1.9874359271570552,12.831378097636632,0.16514634564141284,0.0721303179352306
ijepa,treated,in100.ijepa.s0.e20f.extL,172,6.493394907632592,5.160157602642259,1.9222664323673175,12.578791081849161,0.16682032382932863,0.06139197212400079
ijepa,treated,in100.ijepa.s0.e20f.extL,173,6.317663244230326,5.121303143125742,1.9076413363552773,12.16322043202523,0.16188505414953266,0.07025499802250262
ijepa,treated,in100.ijepa.s0.e20f.extL,174,6.2922300233151915,5.026954404206731,1.8575314082667655,12.036949932305625,0.16982989898859052,0.07822808653192506
ijepa,treated,in100.ijepa.s0.e20f.extL,175,6.206039066918584,5.024593742540411,1.9038900301155,11.769513871469153,0.15800315161855055,0.09841095822276297
ijepa,treated,in100.ijepa.s0.e20f.extL,176,6.109119333149785,4.885635793219302,1.8720866018561502,11.93610424885204,0.16578258698264742,0.0882838599045643
ijepa,treated,in100.ijepa.s0.e20f.extL,177,6.055037051721067,4.756669643875783,1.7818754717304504,11.963202605798818,0.1685728920620079,0.09591153042129903
ijepa,treated,in100.ijepa.s0.e20f.extL,178,5.843729300349238,4.659898550006222,1.7245656642975244,11.422670731020743,0.16591959562360448,0.06121957247931155
ijepa,treated,in100.ijepa.s0.e20f.extL,179,5.825330267259437,4.7260793003790305,1.7400178352708944,11.262457254574889,0.16321625799383202,0.06314799888350357
ijepa,treated,in100.ijepa.s0.e20f.extL,180,5.763627095637206,4.518420099326444,1.6761936187659847,11.203568305691757,0.17264860714777883,0.10582981384526406
ijepa,treated,in100.ijepa.s0.e20f.extL,181,5.71883358711119,4.627818958870872,1.7186406000859185,10.98714660415878,0.1651767563056106,0.10701278577704172
ijepa,treated,in100.ijepa.s0.e20f.extL,182,5.586517986532519,4.458150518247196,1.6081946564821668,10.7145722977813,0.1688285577299062,0.09596038577164291
ijepa,treated,in100.ijepa.s0.e20f.extL,183,5.353753881248611,4.230554140955212,1.5912158021810412,10.261689658908328,0.1696374489460635,0.09123948828154241
ijepa,treated,in100.ijepa.s0.e20f.extL,184,5.28448863786983,4.325477539068526,1.605314964419754,9.967160779136846,0.16317004143138897,0.07280813792870305
ijepa,treated,in100.ijepa.s0.e20f.extL,185,5.202834314893624,4.132897277142158,1.5245323013657837,10.129519235152936,0.16870798574766382,0.07398080814582263
ijepa,treated,in100.ijepa.s0.e20f.extL,186,5.123256344352658,4.215206432293995,1.5924064791684347,9.731538313915724,0.15731457170868218,0.08124869051935571
ijepa,treated,in100.ijepa.s0.e20f.extL,187,5.0471053809213515,4.018514027302071,1.4442566634063287,9.831395444667903,0.16773853691386278,0.08794260520009722
ijepa,treated,in100.ijepa.s0.e20f.extL,188,4.986440764914046,4.012317509121086,1.479387045178983,9.64645383426377,0.16121701823875334,0.07209323967570518
ijepa,treated,in100.ijepa.s0.e20f.extL,189,4.85911937393688,3.9500097121332685,1.4461523161663092,9.257270694442095,0.16107636373730014,0.08657993323126859
ijepa,treated,in100.ijepa.s0.e20f.extL,190,4.787439818928757,3.798248097674212,1.4179170414316038,9.27284426142898,0.16763819412548758,0.12422619323647398
ijepa,treated,in100.ijepa.s0.e20f.extL,191,4.676797977039236,3.796840174830018,1.4400802660916827,8.973137154160046,0.1580556971889012,0.08985715983669562
ijepa,treated,in100.ijepa.s0.e20f.extL,192,4.602506052916903,3.699008694874837,1.3807461530226655,8.883307411896206,0.16408803567582345,0.07748198247597127
ijepa,treated,in100.ijepa.s0.e20f.extL,193,4.296408906147932,3.5339516462141067,1.312450860444604,8.200231098623291,0.15535526444850647,0.07133774590825874
ijepa,treated,in100.ijepa.s0.e20f.extL,194,4.207427620446239,3.3038858610978172,1.242890503824571,8.146870159617873,0.17029806026134367,0.09817311141409471
ijepa,treated,in100.ijepa.s0.e20f.extL,195,4.109793267892735,3.3760813580292552,1.2857242687579817,7.877983629662547,0.1573465808329038,0.10421434382384737
ijepa,treated,in100.ijepa.s0.e20f.extL,196,4.058076179689224,3.2143585239373094,1.181141622031626,7.839759991204806,0.1698236541727482,0.08064949179699847
ijepa,treated,in100.ijepa.s0.e20f.extL,197,3.9377427510682943,3.0896645853958677,1.133067649638336,7.5929190826266355,0.17315280242510003,0.09605724154736331
ijepa,treated,in100.ijepa.s0.e20f.extL,198,3.8861547491708,3.139668841397257,1.1861553489178123,7.541556263042089,0.16251703493243108,0.11225340796987164
ijepa,treated,in100.ijepa.s0.e20f.extL,199,3.725079321849293,3.017962284957099,1.1189657434433302,7.240997479893193,0.15935345049434713,0.06203579247706736
ijepa,treated,in100.ijepa.s0.e20f.extL,200,3.6191946326096405,2.9462466646467407,1.1038202648886235,6.954531498216368,0.16004764362731835,0.10770749364022456
ijepa,treated,in100.ijepa.s0.e20f.extL,201,3.5393582874203564,2.922597905703223,1.0792942817283333,6.8283344054182376,0.15346868195856253,0.10682817105710792
ijepa,treated,in100.ijepa.s0.e20f.extL,202,3.4221215344292335,2.748601864088381,1.0275802194615742,6.598538562167326,0.16493689398449687,0.11953789349295386
ijepa,treated,in100.ijepa.s0.e20f.extL,203,3.285506971750148,2.5703992180597153,0.9464537695071511,6.452716600107381,0.17220583301690484,0.0751580616870578
ijepa,treated,in100.ijepa.s0.e20f.extL,204,3.2116821706219345,2.575646873468554,0.9295042731361723,6.26968807164882,0.1649008713597025,0.10441518885511587
ijepa,treated,in100.ijepa.s0.e20f.extL,205,3.1579747450540308,2.5562926006323257,0.9354728767366366,6.125071244287826,0.15865345390412977,0.11924467300526292
ijepa,treated,in100.ijepa.s0.e20f.extL,206,2.985659124301053,2.419779651027532,0.8997309574301473,5.804539409143332,0.1616800143841836,0.1027593619801463
ijepa,treated,in100.ijepa.s0.e20f.extL,207,2.858276074734311,2.2940119753582913,0.8738160866239174,5.530255645579193,0.16406389279704084,0.0829020362978687
ijepa,treated,in100.ijepa.s0.e20f.extL,208,2.7548080867434246,2.233187913195375,0.8374595922559698,5.233499625668872,0.16378617001458143,0.13193009269658268
ijepa,treated,in100.ijepa.s0.e20f.extL,209,2.6643475595544324,2.151137940788643,0.8289010089360115,5.1389205264989295,0.16100948614074195,0.13237370427987355
ijepa,treated,in100.ijepa.s0.e20f.extL,210,2.601826982716177,2.1264912482687435,0.8181423991463117,4.979613691999157,0.15673634017275417,0.11710827681503673
ijepa,treated,in100.ijepa.s0.e20f.extL,211,2.494066374717071,2.0105570067740652,0.7624428804161472,4.797726571933824,0.16490243141871055,0.13638831516453356
ijepa,treated,in100.ijepa.s0.e20f.extL,212,2.304665594885642,1.8496338132556263,0.6707343927506036,4.470517328148556,0.16384234119863839,0.15036499787883387
ijepa,treated,in100.ijepa.s0.e20f.extL,213,2.271602896998511,1.8440468700213104,0.6763126018940616,4.3950577327113,0.15878924770926,0.15860587181568528
ijepa,treated,in100.ijepa.s0.e20f.extL,214,2.2147961184373086,1.7895292473972857,0.694381857987399,4.211998019596044,0.16559390916499142,0.1071153160725452
ijepa,treated,in100.ijepa.s0.e20f.extL,215,2.178485234474766,1.7700437032291803,0.6517374055232763,4.167477578981968,0.1594239938874196,0.1354217802691666
ijepa,treated,in100.ijepa.s0.e20f.extL,216,2.0786479379013074,1.66375838107478,0.6012554982827304,4.060735352525849,0.16430981819643659,0.13960507559138188
ijepa,treated,in100.ijepa.s0.e20f.extL,217,1.9187613702367246,1.5496663205357617,0.5764633372551201,3.6657689733501266,0.1635701801029029,0.15387269125007616
ijepa,treated,in100.ijepa.s0.e20f.extL,218,1.8652718860231443,1.4971598704222948,0.5579529670749379,3.5738176771725345,0.16842048437159024,0.18589239857533324
ijepa,treated,in100.ijepa.s0.e20f.extL,219,1.7702909334624255,1.416880735782036,0.5312051119540674,3.3479424754761964,0.17038585147423468,0.2213408785091106
ijepa,treated,in100.ijepa.s0.e20f.extL,220,1.5899619819577726,1.2413346695649716,0.4715770914814914,3.0560581968716574,0.1758326391687476,0.16222763991040112
ijepa,treated,in100.ijepa.s0.e20f.extL,221,1.5859877130886286,1.2892134560029374,0.48722736224800567,3.036228262838181,0.15832182249500093,0.26889906453177104
ijepa,treated,in100.ijepa.s0.e20f.extL,222,1.3800438576311067,1.117360328312082,0.40800825725013523,2.6698535377863375,0.16626778676950113,0.23260533373462222
ijepa,treated,in100.ijepa.s0.e20f.extL,223,1.2910489818222128,1.041151103845961,0.39658304645886233,2.4677185037087312,0.1644354928877189,0.1539184272020036
ijepa,treated,in100.ijepa.s0.e20f.extL,224,1.113590694387376,0.8665389443793801,0.3323894248353591,2.148440171767349,0.17820592193926427,0.20809166862193115
ijepa,treated,in100.ijepa.s0.e20f.extL,225,0.9855207583880655,0.763585659723655,0.2952006532081372,1.760898457381275,0.20321804786211378,0.2603998258491293
ijepa,treated,in100.ijepa.s0.e20f.extL,226,0.8141862311423755,0.6586782209222417,0.2526528936337486,1.5692837193916735,0.15886258536915526,0.20698926016849015
ijepa,treated,in100.ijepa.s0.e20f.extL,227,0.7362267167008238,0.6133332364045263,0.24539463871900177,1.3644364125117014,0.15608248108917483,0.24954181491435748
ijepa,treated,in100.ijepa.s0.e20f.extL,228,0.6634317395287168,0.4975611621474624,0.17959826136003895,1.3083997460422132,0.19688685965869396,0.261406433566593
ijepa,treated,in100.ijepa.s0.e20f.extL,229,0.5346667930395704,0.4376136799533208,0.18109397951919118,0.9879999171705306,0.15993462526158037,0.35218141842357276
ijepa,treated,in100.ijepa.s0.e20f.extL,230,0.3229841460241379,0.2487350688767534,0.09387433975817103,0.6116570040783552,0.1881316957346363,0.29158148497720576
ijepa,treated,in100.ijepa.s0.e20f.extL,231,0.2286470352719252,0.18263147989455675,0.06851640409801037,0.44686761070404973,0.16623411051451964,0.5654003954607617
