tag,class,p_pos,p_neg,enrich,purity,p_pos_a75,p_neg_a75,enrich_a75,purity_a75
lejepa/ctrl,0,0.11414,0.0026,43.9,0.3051,0.02424,0.00023,105.73,0.5139
lejepa/ctrl,1,0.2699,0.00235,115.02,0.5349,0.07859,0.00016,489.31,0.8303
lejepa/ctrl,2,0.12525,0.00543,23.05,0.1873,0.02667,0.00044,60.55,0.3771
lejepa/ctrl,3,0.12566,0.00272,46.23,0.3161,0.02808,0.00027,104.51,0.511
lejepa/ctrl,4,0.15535,0.00627,24.76,0.1985,0.02444,0.00035,69.94,0.4116
lejepa/ctrl,5,0.16323,0.00164,99.32,0.4983,0.04101,9e-05,441.3,0.8153
lejepa/ctrl,6,0.25556,0.0026,98.14,0.4953,0.0701,0.00022,316.89,0.7601
lejepa/ctrl,7,0.06162,0.00312,19.77,0.165,0.00909,0.00026,35.43,0.2616
lejepa/ctrl,8,0.20404,0.00687,29.68,0.2289,0.03192,0.00048,66.11,0.398
lejepa/ctrl,9,0.10465,0.00442,23.67,0.1914,0.01616,0.00029,55.94,0.3587
lejepa/ctrl,10,0.21131,0.01188,17.78,0.151,0.0404,0.00079,51.22,0.3387
lejepa/ctrl,11,0.07212,0.00249,28.95,0.2245,0.01253,0.0002,63.92,0.3899
lejepa/ctrl,12,0.14444,0.0023,62.75,0.3855,0.03899,0.00022,173.87,0.6349
lejepa/ctrl,13,0.11677,0.01357,8.61,0.0792,0.01172,0.00109,10.76,0.0972
lejepa/ctrl,14,0.15071,0.00646,23.33,0.1891,0.02687,0.00062,43.32,0.3023
lejepa/ctrl,15,0.22343,0.00446,50.06,0.3336,0.05616,0.00048,116.56,0.5382
lejepa/ctrl,16,0.09596,0.01039,9.24,0.0846,0.01636,0.0009,18.1,0.1533
lejepa/ctrl,17,0.07091,0.00912,7.78,0.0722,0.01111,0.00066,16.77,0.1436
lejepa/ctrl,18,0.05253,0.00555,9.47,0.0865,0.00869,0.00043,20.09,0.1673
lejepa/ctrl,19,0.12364,0.00808,15.3,0.1327,0.01859,0.00064,29.21,0.226
lejepa/ctrl,20,0.04687,0.0072,6.51,0.0611,0.00444,0.00055,8.01,0.0742
lejepa/ctrl,21,0.06566,0.01003,6.54,0.0614,0.00808,0.00085,9.56,0.0872
lejepa/ctrl,22,0.06485,0.00826,7.85,0.0728,0.01051,0.00063,16.64,0.1427
lejepa/ctrl,23,0.06646,0.00889,7.48,0.0696,0.00808,0.00055,14.73,0.1284
lejepa/ctrl,24,0.11939,0.00617,19.35,0.1621,0.01697,0.00048,35.22,0.2605
lejepa/ctrl,25,0.14768,0.0023,64.09,0.3906,0.03354,0.00013,253.44,0.7171
lejepa/ctrl,26,0.10162,0.0069,14.74,0.1284,0.02222,0.00061,36.24,0.266
lejepa/ctrl,27,0.09818,0.00932,10.54,0.0953,0.01535,0.00081,18.98,0.1595
lejepa/ctrl,28,0.1099,0.0126,8.72,0.0802,0.01495,0.00105,14.19,0.1243
lejepa/ctrl,29,0.07172,0.01094,6.56,0.0615,0.00869,0.00085,10.21,0.0927
lejepa/ctrl,30,0.07838,0.0098,8.0,0.074,0.00828,0.00055,15.05,0.1308
lejepa/ctrl,31,0.07091,0.0078,9.09,0.0833,0.00929,0.00063,14.72,0.1283
lejepa/ctrl,32,0.08343,0.00523,15.96,0.1376,0.01051,0.00041,25.81,0.2051
lejepa/ctrl,33,0.11091,0.00437,25.39,0.2025,0.01616,0.00021,77.67,0.4372
lejepa/ctrl,34,0.12121,0.0065,18.64,0.1571,0.01879,0.00046,40.7,0.2893
lejepa/ctrl,35,0.27899,0.00343,81.24,0.4482,0.07495,0.00017,433.92,0.8127
lejepa/ctrl,36,0.16222,0.00528,30.74,0.2351,0.03192,0.00035,90.03,0.4738
lejepa/ctrl,37,0.10303,0.00482,21.4,0.1763,0.01758,0.0003,58.0,0.3671
lejepa/ctrl,38,0.04263,0.00458,9.31,0.0851,0.00364,0.00024,15.25,0.1324
lejepa/ctrl,39,0.22263,0.0017,130.96,0.567,0.05495,8e-05,725.33,0.8788
lejepa/ctrl,40,0.08646,0.0063,13.72,0.1206,0.01475,0.00042,34.76,0.258
lejepa/ctrl,41,0.15313,0.00614,24.92,0.1995,0.02343,0.00047,49.47,0.331
lejepa/ctrl,42,0.13737,0.00519,26.45,0.2092,0.02364,0.00036,66.1,0.398
lejepa/ctrl,43,0.12444,0.00791,15.73,0.1359,0.02283,0.00049,46.12,0.3156
lejepa/ctrl,44,0.39535,0.00613,64.52,0.3922,0.17697,0.00103,172.61,0.6332
lejepa/ctrl,45,0.06788,0.00917,7.4,0.0689,0.00747,0.00061,12.27,0.1093
lejepa/ctrl,46,0.23657,0.0077,30.74,0.2351,0.07879,0.00048,162.5,0.619
lejepa/ctrl,47,0.33737,0.0052,64.85,0.3934,0.08424,0.00049,172.67,0.6333
lejepa/ctrl,48,0.19919,0.01062,18.76,0.1579,0.03091,0.00069,44.48,0.3078
lejepa/ctrl,49,0.06444,0.00689,9.35,0.0855,0.00929,0.00049,18.89,0.1589
lejepa/ctrl,50,0.27535,0.00431,63.93,0.39,0.09515,0.00054,176.07,0.6378
lejepa/ctrl,51,0.0497,0.00903,5.51,0.0522,0.00667,0.00051,13.12,0.116
lejepa/ctrl,52,0.21758,0.00425,51.14,0.3384,0.07657,0.00041,186.24,0.6506
lejepa/ctrl,53,0.11313,0.00911,12.42,0.1105,0.01737,0.00059,29.2,0.226
lejepa/ctrl,54,0.05737,0.00264,21.72,0.1784,0.01192,0.00023,51.98,0.342
lejepa/ctrl,55,0.13414,0.00863,15.54,0.1345,0.02646,0.00065,40.56,0.2885
lejepa/ctrl,56,0.11798,0.00928,12.71,0.1128,0.02626,0.00064,41.2,0.2918
lejepa/ctrl,57,0.17313,0.01814,9.54,0.0871,0.01737,0.0012,14.47,0.1264
lejepa/ctrl,58,0.11232,0.00687,16.35,0.1405,0.02646,0.00041,64.69,0.3928
lejepa/ctrl,59,0.0596,0.01067,5.59,0.0529,0.00808,0.00087,9.33,0.0854
lejepa/ctrl,60,0.14465,0.00355,40.77,0.2896,0.03051,0.00016,187.58,0.6523
lejepa/ctrl,61,0.15455,0.01545,10.01,0.091,0.02384,0.00099,23.96,0.1933
lejepa/ctrl,62,0.18505,0.01179,15.7,0.1357,0.04626,0.00075,61.48,0.3807
lejepa/ctrl,63,0.13717,0.01105,12.42,0.1105,0.01616,0.00062,25.93,0.2059
lejepa/ctrl,64,0.14788,0.01038,14.25,0.1247,0.03091,0.00078,39.79,0.2847
lejepa/ctrl,65,0.0897,0.00834,10.75,0.0971,0.01131,0.00043,26.54,0.2097
lejepa/ctrl,66,0.14465,0.00574,25.18,0.2012,0.02626,0.00037,71.63,0.4173
lejepa/ctrl,67,0.11939,0.00797,14.99,0.1303,0.02,0.00065,30.6,0.2343
lejepa/ctrl,68,0.22485,0.00933,24.11,0.1943,0.03495,0.00073,47.99,0.3243
lejepa/ctrl,69,0.23798,0.00986,24.13,0.1944,0.05677,0.00083,68.37,0.4061
lejepa/ctrl,70,0.08505,0.01062,8.01,0.0741,0.00727,0.00062,11.69,0.1047
lejepa/ctrl,71,0.29333,0.00226,129.93,0.5651,0.11556,0.00035,333.53,0.7693
lejepa/ctrl,72,0.12949,0.00734,17.65,0.15,0.01414,0.00044,31.82,0.2414
lejepa/ctrl,73,0.06444,0.00829,7.77,0.0721,0.0103,0.00059,17.38,0.148
lejepa/ctrl,74,0.40727,0.00561,72.65,0.4208,0.1602,0.00102,156.72,0.6105
lejepa/ctrl,75,0.36081,0.00165,218.2,0.6857,0.14545,0.00015,1000.0,0.9091
lejepa/ctrl,76,0.12848,0.01092,11.76,0.1053,0.00828,0.00054,15.44,0.1338
lejepa/ctrl,77,0.06343,0.01066,5.95,0.0562,0.00889,0.00067,13.17,0.1164
lejepa/ctrl,78,0.07414,0.00865,8.57,0.0789,0.01071,0.0005,21.46,0.1767
lejepa/ctrl,79,0.14848,0.00739,20.1,0.1674,0.03232,0.0005,64.78,0.3931
lejepa/ctrl,80,0.03838,0.00751,5.11,0.0486,0.00566,0.00047,11.99,0.1071
lejepa/ctrl,81,0.12263,0.01275,9.62,0.0877,0.01717,0.00079,21.77,0.1788
lejepa/ctrl,82,0.15313,0.01127,13.59,0.1197,0.02,0.00073,27.42,0.2152
lejepa/ctrl,83,0.14707,0.00375,39.18,0.2815,0.08202,0.00024,338.33,0.7719
lejepa/ctrl,84,0.12566,0.01398,8.99,0.0824,0.02303,0.00113,20.39,0.1694
lejepa/ctrl,85,0.24646,0.00232,106.23,0.5151,0.06404,0.0001,615.53,0.8602
lejepa/ctrl,86,0.22384,0.00949,23.58,0.1908,0.03818,0.00067,57.27,0.3642
lejepa/ctrl,87,0.07535,0.00233,32.29,0.2441,0.01091,0.0001,111.34,0.5268
lejepa/ctrl,88,0.06303,0.00856,7.36,0.0686,0.00929,0.0006,15.59,0.1349
lejepa/ctrl,89,0.1701,0.018,9.45,0.0863,0.02465,0.00118,20.91,0.1729
lejepa/ctrl,90,0.11515,0.01377,8.36,0.0772,0.01152,0.00091,12.6,0.1119
lejepa/ctrl,91,0.14646,0.00339,43.26,0.302,0.05051,0.00025,204.92,0.672
lejepa/ctrl,92,0.37131,0.00258,143.93,0.59,0.23455,0.00015,1612.5,0.9416
lejepa/ctrl,93,0.19677,0.00392,50.23,0.3344,0.0796,0.00026,311.46,0.757
lejepa/ctrl,94,0.16687,0.00332,50.21,0.3343,0.05111,0.0002,255.56,0.7188
lejepa/ctrl,95,0.24586,0.00359,68.49,0.4065,0.06081,0.00017,364.85,0.7849
lejepa/ctrl,96,0.55838,0.00232,241.19,0.7069,0.23475,0.00027,863.94,0.8963
lejepa/ctrl,97,0.32222,0.00599,53.79,0.3498,0.05374,0.00033,162.2,0.6186
lejepa/ctrl,98,0.31697,0.00099,320.2,0.762,0.09111,3e-05,2652.94,0.9637
lejepa/ctrl,99,0.20485,0.00305,67.17,0.4018,0.0402,0.00019,209.47,0.6769
lejepa/sigreg,0,0.37838,0.092,4.11,0.0395,0.11051,0.00698,15.83,0.1367
lejepa/sigreg,1,0.63697,0.083,7.67,0.0713,0.2501,0.00751,33.28,0.2497
lejepa/sigreg,2,0.48242,0.12289,3.93,0.0378,0.1497,0.01118,13.39,0.1181
lejepa/sigreg,3,0.4802,0.09473,5.07,0.0482,0.16848,0.00824,20.44,0.1697
lejepa/sigreg,4,0.6004,0.1746,3.44,0.0332,0.18162,0.01512,12.01,0.1072
lejepa/sigreg,5,0.46889,0.06939,6.76,0.0633,0.14949,0.00541,27.61,0.2164
lejepa/sigreg,6,0.67576,0.12558,5.38,0.0511,0.28545,0.01101,25.93,0.2059
lejepa/sigreg,7,0.28869,0.10046,2.87,0.0279,0.08061,0.00995,8.1,0.0749
lejepa/sigreg,8,0.61939,0.16993,3.64,0.0352,0.21919,0.01596,13.73,0.1207
lejepa/sigreg,9,0.45232,0.11546,3.92,0.0377,0.13212,0.01066,12.39,0.1103
lejepa/sigreg,10,0.68687,0.23931,2.87,0.0279,0.29232,0.03034,9.63,0.0879
lejepa/sigreg,11,0.3196,0.08728,3.66,0.0353,0.08404,0.00711,11.82,0.1057
lejepa/sigreg,12,0.40141,0.0444,9.04,0.0829,0.12828,0.00387,33.12,0.2488
lejepa/sigreg,13,0.4699,0.17058,2.75,0.0268,0.11879,0.01899,6.26,0.0589
lejepa/sigreg,14,0.53919,0.09941,5.42,0.0514,0.16808,0.00984,17.07,0.1458
lejepa/sigreg,15,0.5301,0.07246,7.32,0.0682,0.20061,0.00703,28.53,0.222
lejepa/sigreg,16,0.42,0.14723,2.85,0.0277,0.10121,0.01425,7.1,0.0663
lejepa/sigreg,17,0.40141,0.15761,2.55,0.0248,0.09556,0.01707,5.6,0.053
lejepa/sigreg,18,0.34343,0.11515,2.98,0.029,0.06949,0.01004,6.92,0.0648
lejepa/sigreg,19,0.43152,0.10883,3.96,0.0381,0.11253,0.00971,11.59,0.1039
lejepa/sigreg,20,0.28121,0.11368,2.47,0.0241,0.05192,0.00982,5.29,0.0502
lejepa/sigreg,21,0.31596,0.14246,2.22,0.0217,0.06566,0.0144,4.56,0.0436
lejepa/sigreg,22,0.30768,0.14044,2.19,0.0214,0.07455,0.01622,4.6,0.044
lejepa/sigreg,23,0.35232,0.12803,2.75,0.0268,0.07414,0.01203,6.16,0.058
lejepa/sigreg,24,0.48263,0.10532,4.58,0.0438,0.13111,0.01011,12.97,0.1148
lejepa/sigreg,25,0.46626,0.07396,6.3,0.0593,0.17556,0.00522,33.66,0.2518
lejepa/sigreg,26,0.39697,0.11435,3.47,0.0336,0.11657,0.01235,9.44,0.0863
lejepa/sigreg,27,0.45495,0.13923,3.27,0.0316,0.11455,0.01413,8.11,0.075
lejepa/sigreg,28,0.42707,0.1653,2.58,0.0252,0.09414,0.0175,5.38,0.0511
lejepa/sigreg,29,0.36646,0.15818,2.32,0.0226,0.07152,0.01484,4.82,0.046
lejepa/sigreg,30,0.35859,0.15696,2.28,0.0223,0.06121,0.01332,4.6,0.044
lejepa/sigreg,31,0.33636,0.12322,2.73,0.0266,0.07939,0.01286,6.18,0.0582
lejepa/sigreg,32,0.36505,0.10571,3.45,0.0334,0.08626,0.00857,10.06,0.0914
lejepa/sigreg,33,0.39495,0.10513,3.76,0.0362,0.09859,0.00771,12.78,0.1133
lejepa/sigreg,34,0.44747,0.12777,3.5,0.0338,0.13838,0.01128,12.26,0.1092
lejepa/sigreg,35,0.65657,0.10932,6.01,0.0567,0.22606,0.00776,29.14,0.2257
lejepa/sigreg,36,0.4602,0.10196,4.51,0.0432,0.12101,0.00895,13.53,0.1191
lejepa/sigreg,37,0.49899,0.12972,3.85,0.037,0.15455,0.0117,13.21,0.1167
lejepa/sigreg,38,0.34222,0.13215,2.59,0.0252,0.06364,0.01128,5.64,0.0534
lejepa/sigreg,39,0.58263,0.10544,5.53,0.0524,0.20667,0.00713,28.98,0.2247
lejepa/sigreg,40,0.36646,0.09589,3.82,0.0368,0.09556,0.01049,9.11,0.0835
lejepa/sigreg,41,0.46444,0.11611,4.0,0.0385,0.13818,0.00941,14.68,0.128
lejepa/sigreg,42,0.43091,0.12271,3.51,0.0339,0.11333,0.01018,11.14,0.1002
lejepa/sigreg,43,0.42364,0.16038,2.64,0.0257,0.12747,0.01674,7.62,0.0708
lejepa/sigreg,44,0.70101,0.06997,10.02,0.0911,0.39939,0.00808,49.4,0.3307
lejepa/sigreg,45,0.33051,0.12484,2.65,0.0258,0.06303,0.01073,5.87,0.0555
lejepa/sigreg,46,0.59091,0.1352,4.37,0.0419,0.21838,0.01273,17.15,0.1464
lejepa/sigreg,47,0.69818,0.08089,8.63,0.0795,0.2802,0.00686,40.82,0.2899
lejepa/sigreg,48,0.5297,0.15058,3.52,0.034,0.14323,0.01466,9.77,0.089
lejepa/sigreg,49,0.38485,0.13145,2.93,0.0284,0.09333,0.01078,8.66,0.0797
lejepa/sigreg,50,0.49354,0.07827,6.31,0.0593,0.2204,0.00666,33.09,0.2486
lejepa/sigreg,51,0.31636,0.16412,1.93,0.0189,0.05535,0.01509,3.67,0.0354
lejepa/sigreg,52,0.41859,0.07303,5.73,0.0542,0.17879,0.00596,29.98,0.2306
lejepa/sigreg,53,0.46162,0.14026,3.29,0.0319,0.1103,0.01322,8.35,0.077
lejepa/sigreg,54,0.21495,0.04838,4.44,0.0425,0.04667,0.0037,12.62,0.112
lejepa/sigreg,55,0.50202,0.16387,3.06,0.0297,0.17879,0.01605,11.14,0.1003
lejepa/sigreg,56,0.48929,0.14653,3.34,0.0323,0.13838,0.01441,9.61,0.0876
lejepa/sigreg,57,0.64566,0.2334,2.77,0.0269,0.18444,0.02754,6.7,0.0628
lejepa/sigreg,58,0.43737,0.12748,3.43,0.0332,0.14505,0.01189,12.2,0.1087
lejepa/sigreg,59,0.28768,0.14,2.05,0.0201,0.06303,0.01467,4.3,0.0412
lejepa/sigreg,60,0.52505,0.14333,3.66,0.0353,0.14606,0.01086,13.45,0.1186
lejepa/sigreg,61,0.53495,0.19625,2.73,0.0265,0.14303,0.01904,7.51,0.0699
lejepa/sigreg,62,0.49111,0.16082,3.05,0.0296,0.15758,0.01866,8.45,0.0779
lejepa/sigreg,63,0.50343,0.16017,3.14,0.0305,0.11495,0.01321,8.7,0.0801
lejepa/sigreg,64,0.44869,0.12777,3.51,0.0339,0.12343,0.01163,10.62,0.096
lejepa/sigreg,65,0.39879,0.13904,2.87,0.0279,0.09434,0.01287,7.33,0.0683
lejepa/sigreg,66,0.45818,0.11409,4.02,0.0386,0.13798,0.0096,14.38,0.1257
lejepa/sigreg,67,0.38182,0.09607,3.97,0.0382,0.11253,0.00836,13.46,0.1186
lejepa/sigreg,68,0.70586,0.15997,4.41,0.0423,0.28121,0.01775,15.85,0.1368
lejepa/sigreg,69,0.62323,0.14246,4.37,0.0419,0.26626,0.01656,16.08,0.1385
lejepa/sigreg,70,0.41818,0.17787,2.35,0.023,0.07414,0.01558,4.76,0.0454
lejepa/sigreg,71,0.49434,0.04769,10.37,0.0939,0.20646,0.00311,66.43,0.3991
lejepa/sigreg,72,0.49293,0.12571,3.92,0.0377,0.13091,0.01092,11.98,0.107
lejepa/sigreg,73,0.33879,0.13422,2.52,0.0246,0.06848,0.01107,6.19,0.0583
lejepa/sigreg,74,0.71313,0.04922,14.49,0.1265,0.39293,0.00605,64.96,0.3938
lejepa/sigreg,75,0.63919,0.05639,11.33,0.1018,0.29798,0.00453,65.77,0.3968
lejepa/sigreg,76,0.50101,0.18464,2.71,0.0264,0.10384,0.01596,6.5,0.0611
lejepa/sigreg,77,0.34586,0.16311,2.12,0.0208,0.06727,0.01568,4.29,0.0411
lejepa/sigreg,78,0.42606,0.14012,3.04,0.0295,0.08606,0.01321,6.51,0.0611
lejepa/sigreg,79,0.49556,0.13247,3.74,0.0361,0.14727,0.01076,13.69,0.1204
lejepa/sigreg,80,0.20586,0.12201,1.69,0.0166,0.03172,0.00961,3.3,0.032
lejepa/sigreg,81,0.56808,0.20789,2.73,0.0266,0.14545,0.02222,6.55,0.0614
lejepa/sigreg,82,0.56646,0.16613,3.41,0.033,0.13657,0.01533,8.91,0.0818
lejepa/sigreg,83,0.30222,0.05133,5.89,0.0556,0.13495,0.00336,40.14,0.2864
lejepa/sigreg,84,0.50242,0.18209,2.76,0.0269,0.13657,0.02024,6.75,0.0632
lejepa/sigreg,85,0.59758,0.06965,8.58,0.079,0.19939,0.00554,35.97,0.2645
lejepa/sigreg,86,0.63293,0.15892,3.98,0.0383,0.21232,0.01476,14.38,0.1257
lejepa/sigreg,87,0.38101,0.08247,4.62,0.0442,0.08222,0.00551,14.92,0.1298
lejepa/sigreg,88,0.36364,0.12473,2.92,0.0283,0.06949,0.00889,7.82,0.0725
lejepa/sigreg,89,0.57172,0.22006,2.6,0.0253,0.13556,0.02144,6.32,0.0595
lejepa/sigreg,90,0.49455,0.17459,2.83,0.0275,0.10788,0.01675,6.44,0.0605
lejepa/sigreg,91,0.30525,0.06688,4.56,0.0437,0.08687,0.00455,19.09,0.1603
lejepa/sigreg,92,0.49636,0.05256,9.44,0.0863,0.27919,0.00398,70.22,0.4125
lejepa/sigreg,93,0.53333,0.09294,5.74,0.0543,0.22788,0.0076,29.97,0.2306
lejepa/sigreg,94,0.45475,0.0714,6.37,0.0599,0.16848,0.00623,27.03,0.2128
lejepa/sigreg,95,0.61818,0.10394,5.95,0.0561,0.23677,0.00857,27.62,0.2164
lejepa/sigreg,96,0.83737,0.04223,19.83,0.1655,0.52424,0.00411,127.55,0.5605
lejepa/sigreg,97,0.7404,0.18306,4.04,0.0389,0.28,0.01672,16.75,0.1435
lejepa/sigreg,98,0.66465,0.09439,7.04,0.0658,0.28364,0.00603,47.05,0.32
lejepa/sigreg,99,0.6101,0.09265,6.58,0.0618,0.24768,0.00819,30.23,0.2321
lejepa/sigreg_inv,0,0.12242,0.00719,17.02,0.1454,0.04263,0.00121,35.14,0.26
lejepa/sigreg_inv,1,0.2598,0.01185,21.92,0.1798,0.09131,0.0019,48.11,0.3248
lejepa/sigreg_inv,2,0.15293,0.01447,10.57,0.0956,0.04667,0.00267,17.51,0.149
lejepa/sigreg_inv,3,0.12485,0.00885,14.1,0.1236,0.0301,0.00144,20.85,0.1726
lejepa/sigreg_inv,4,0.17818,0.01831,9.73,0.0887,0.04869,0.00255,19.08,0.1602
lejepa/sigreg_inv,5,0.20384,0.00601,33.89,0.2531,0.06141,0.00087,70.7,0.4142
lejepa/sigreg_inv,6,0.21556,0.01032,20.88,0.1727,0.07313,0.00158,46.41,0.317
lejepa/sigreg_inv,7,0.08768,0.01019,8.61,0.0792,0.02182,0.00149,14.63,0.1277
lejepa/sigreg_inv,8,0.23919,0.01792,13.35,0.1178,0.07455,0.00313,23.83,0.1924
lejepa/sigreg_inv,9,0.1303,0.01324,9.84,0.0896,0.03273,0.00205,16.0,0.1379
lejepa/sigreg_inv,10,0.23313,0.02428,9.6,0.0876,0.07394,0.00387,19.11,0.1604
lejepa/sigreg_inv,11,0.08444,0.00723,11.69,0.1046,0.02444,0.00109,22.41,0.1831
lejepa/sigreg_inv,12,0.17818,0.00602,29.62,0.2285,0.05677,0.00103,55.21,0.3557
lejepa/sigreg_inv,13,0.17111,0.02711,6.31,0.0594,0.03939,0.00468,8.42,0.0777
lejepa/sigreg_inv,14,0.20283,0.01691,12.0,0.1071,0.05616,0.00285,19.71,0.1646
lejepa/sigreg_inv,15,0.28404,0.01382,20.55,0.1705,0.09172,0.00248,36.99,0.27
lejepa/sigreg_inv,16,0.15657,0.02217,7.06,0.066,0.0396,0.00382,10.35,0.0938
lejepa/sigreg_inv,17,0.08889,0.01821,4.88,0.0465,0.01939,0.00296,6.55,0.0615
lejepa/sigreg_inv,18,0.08747,0.01371,6.38,0.06,0.01939,0.00212,9.16,0.084
lejepa/sigreg_inv,19,0.17515,0.01759,9.96,0.0906,0.05293,0.00293,18.08,0.1531
lejepa/sigreg_inv,20,0.06646,0.01505,4.42,0.0423,0.01778,0.00272,6.55,0.0614
lejepa/sigreg_inv,21,0.10707,0.02136,5.01,0.0477,0.02889,0.00384,7.52,0.0699
lejepa/sigreg_inv,22,0.08869,0.01687,5.26,0.0499,0.02081,0.00264,7.89,0.0732
lejepa/sigreg_inv,23,0.10505,0.02244,4.68,0.0447,0.02323,0.00337,6.9,0.0646
lejepa/sigreg_inv,24,0.17576,0.01495,11.76,0.1052,0.05495,0.00257,21.36,0.176
lejepa/sigreg_inv,25,0.16788,0.00851,19.74,0.1648,0.04828,0.0013,37.05,0.2704
lejepa/sigreg_inv,26,0.15111,0.01737,8.7,0.08,0.04404,0.00301,14.65,0.1277
lejepa/sigreg_inv,27,0.13131,0.02024,6.49,0.0609,0.03374,0.0034,9.93,0.0903
lejepa/sigreg_inv,28,0.15212,0.02647,5.75,0.0544,0.03859,0.00447,8.64,0.0795
lejepa/sigreg_inv,29,0.10606,0.02399,4.42,0.0423,0.02384,0.00385,6.18,0.0582
lejepa/sigreg_inv,30,0.12303,0.02571,4.79,0.0457,0.02485,0.00368,6.75,0.0633
lejepa/sigreg_inv,31,0.09515,0.016,5.95,0.0561,0.02444,0.00275,8.88,0.0815
lejepa/sigreg_inv,32,0.10141,0.01109,9.15,0.0838,0.02545,0.00188,13.51,0.119
lejepa/sigreg_inv,33,0.12485,0.01159,10.77,0.0972,0.03434,0.00181,18.97,0.1595
lejepa/sigreg_inv,34,0.12949,0.01453,8.91,0.0818,0.03455,0.00244,14.16,0.124
lejepa/sigreg_inv,35,0.32202,0.01569,20.53,0.1703,0.10525,0.00203,51.97,0.342
lejepa/sigreg_inv,36,0.16101,0.01139,14.14,0.1239,0.04384,0.00183,24.02,0.1937
lejepa/sigreg_inv,37,0.12182,0.01346,9.05,0.083,0.03455,0.00225,15.34,0.133
lejepa/sigreg_inv,38,0.07394,0.014,5.28,0.0502,0.01475,0.00191,7.72,0.0717
lejepa/sigreg_inv,39,0.18242,0.0062,29.44,0.2274,0.0503,0.00081,62.02,0.3828
lejepa/sigreg_inv,40,0.11475,0.01253,9.16,0.0839,0.03051,0.00191,15.95,0.1375
lejepa/sigreg_inv,41,0.16768,0.01208,13.88,0.1219,0.04424,0.00191,23.2,0.1883
lejepa/sigreg_inv,42,0.16747,0.0124,13.5,0.119,0.05152,0.00218,23.6,0.1909
lejepa/sigreg_inv,43,0.16525,0.01859,8.89,0.0816,0.05051,0.00291,17.36,0.1479
lejepa/sigreg_inv,44,0.37838,0.00986,38.39,0.2774,0.19495,0.00236,82.66,0.4525
lejepa/sigreg_inv,45,0.08889,0.01871,4.75,0.0454,0.02283,0.00301,7.6,0.0706
lejepa/sigreg_inv,46,0.29576,0.01917,15.43,0.1337,0.10828,0.0028,38.69,0.2789
lejepa/sigreg_inv,47,0.36889,0.01216,30.33,0.2327,0.13737,0.00248,55.42,0.3566
lejepa/sigreg_inv,48,0.24525,0.02384,10.29,0.0933,0.05717,0.00317,18.01,0.1526
lejepa/sigreg_inv,49,0.07455,0.0133,5.6,0.0531,0.01455,0.00185,7.86,0.0729
lejepa/sigreg_inv,50,0.3301,0.00944,34.99,0.2592,0.14667,0.00163,89.85,0.4733
lejepa/sigreg_inv,51,0.08788,0.02364,3.72,0.0358,0.0196,0.00349,5.61,0.0531
lejepa/sigreg_inv,52,0.23596,0.01124,20.99,0.1735,0.10263,0.00194,52.81,0.3456
lejepa/sigreg_inv,53,0.13253,0.01823,7.27,0.0678,0.03354,0.00265,12.65,0.1123
lejepa/sigreg_inv,54,0.07051,0.00789,8.93,0.082,0.01717,0.00132,13.04,0.1153
lejepa/sigreg_inv,55,0.15455,0.01697,9.11,0.0835,0.04263,0.0027,15.8,0.1364
lejepa/sigreg_inv,56,0.14545,0.01618,8.99,0.0825,0.04343,0.00252,17.25,0.1471
lejepa/sigreg_inv,57,0.20141,0.02906,6.93,0.0648,0.04828,0.00478,10.11,0.0918
lejepa/sigreg_inv,58,0.11798,0.01335,8.84,0.0812,0.04,0.00213,18.82,0.1584
lejepa/sigreg_inv,59,0.07374,0.01925,3.83,0.0369,0.01818,0.00334,5.44,0.0516
lejepa/sigreg_inv,60,0.2303,0.01508,15.27,0.1325,0.0697,0.00203,34.35,0.2557
lejepa/sigreg_inv,61,0.18909,0.02913,6.49,0.061,0.04667,0.00486,9.6,0.0875
lejepa/sigreg_inv,62,0.19879,0.02446,8.13,0.0752,0.06182,0.00371,16.68,0.143
lejepa/sigreg_inv,63,0.15737,0.02185,7.2,0.0672,0.04222,0.00332,12.72,0.1129
lejepa/sigreg_inv,64,0.17495,0.0221,7.92,0.0734,0.05556,0.00376,14.79,0.1289
lejepa/sigreg_inv,65,0.10687,0.0189,5.65,0.0535,0.02283,0.00282,8.1,0.0749
lejepa/sigreg_inv,66,0.20747,0.0159,13.05,0.1154,0.06121,0.00226,27.05,0.2129
lejepa/sigreg_inv,67,0.12323,0.01274,9.68,0.0882,0.03939,0.00232,16.99,0.1453
lejepa/sigreg_inv,68,0.27495,0.01675,16.41,0.141,0.07394,0.00267,27.7,0.2169
lejepa/sigreg_inv,69,0.26,0.01885,13.79,0.1212,0.0901,0.00312,28.89,0.2241
lejepa/sigreg_inv,70,0.11515,0.02326,4.95,0.0472,0.02263,0.00326,6.93,0.0648
lejepa/sigreg_inv,71,0.34566,0.00621,55.65,0.3575,0.15071,0.00121,124.96,0.5555
lejepa/sigreg_inv,72,0.16525,0.01412,11.71,0.1048,0.03818,0.00212,18.05,0.1529
lejepa/sigreg_inv,73,0.10768,0.01853,5.81,0.0549,0.02929,0.00296,9.89,0.09
lejepa/sigreg_inv,74,0.34202,0.00765,44.73,0.3091,0.15333,0.0018,85.38,0.4606
lejepa/sigreg_inv,75,0.38384,0.00582,65.95,0.3974,0.17495,0.00107,163.86,0.621
lejepa/sigreg_inv,76,0.14,0.02112,6.63,0.0622,0.02747,0.00294,9.33,0.0854
lejepa/sigreg_inv,77,0.08202,0.02109,3.89,0.0374,0.0198,0.00307,6.46,0.0607
lejepa/sigreg_inv,78,0.10869,0.0163,6.67,0.0625,0.02505,0.00252,9.94,0.0904
lejepa/sigreg_inv,79,0.16283,0.01895,8.59,0.0791,0.05051,0.00278,18.14,0.1535
lejepa/sigreg_inv,80,0.05414,0.01718,3.15,0.0305,0.01293,0.00259,4.98,0.0475
lejepa/sigreg_inv,81,0.14848,0.02504,5.93,0.056,0.03374,0.00345,9.79,0.0892
lejepa/sigreg_inv,82,0.21192,0.02533,8.37,0.0772,0.05152,0.00355,14.5,0.1266
lejepa/sigreg_inv,83,0.18343,0.00772,23.75,0.1919,0.09051,0.00128,70.83,0.4146
lejepa/sigreg_inv,84,0.12646,0.0225,5.62,0.0532,0.03636,0.00385,9.45,0.0863
lejepa/sigreg_inv,85,0.28162,0.00922,30.55,0.234,0.07939,0.0012,66.16,0.3982
lejepa/sigreg_inv,86,0.22828,0.01715,13.31,0.1175,0.06202,0.00286,21.66,0.178
lejepa/sigreg_inv,87,0.11697,0.00742,15.76,0.1362,0.02707,0.00103,26.4,0.2089
lejepa/sigreg_inv,88,0.0899,0.01768,5.08,0.0484,0.02162,0.00257,8.41,0.0775
lejepa/sigreg_inv,89,0.19374,0.03511,5.52,0.0523,0.0503,0.0054,9.32,0.0853
lejepa/sigreg_inv,90,0.1903,0.02739,6.95,0.065,0.04,0.00424,9.44,0.0862
lejepa/sigreg_inv,91,0.18,0.01023,17.6,0.1497,0.05354,0.00141,37.88,0.2748
lejepa/sigreg_inv,92,0.34182,0.0054,63.25,0.3875,0.18586,0.0008,232.62,0.6994
lejepa/sigreg_inv,93,0.22808,0.01179,19.35,0.1621,0.08667,0.00169,51.32,0.3391
lejepa/sigreg_inv,94,0.24384,0.01021,23.87,0.1927,0.08727,0.00159,54.86,0.3542
lejepa/sigreg_inv,95,0.24121,0.01217,19.81,0.1654,0.07717,0.00156,49.42,0.3307
lejepa/sigreg_inv,96,0.5796,0.00606,95.62,0.4888,0.28343,0.00119,238.2,0.7043
lejepa/sigreg_inv,97,0.33455,0.01641,20.39,0.1694,0.0996,0.00218,45.78,0.314
lejepa/sigreg_inv,98,0.40768,0.00699,58.3,0.3683,0.1697,0.00078,217.9,0.6854
lejepa/sigreg_inv,99,0.24747,0.01108,22.33,0.1826,0.06909,0.0018,38.3,0.2769
e12/C1,0,0.12242,0.00371,32.98,0.248,0.02101,0.00023,92.44,0.4804
e12/C1,1,0.27515,0.00493,55.79,0.3581,0.0699,0.00024,297.0,0.7481
e12/C1,2,0.14444,0.00756,19.1,0.1604,0.02202,0.00044,49.66,0.3318
e12/C1,3,0.14667,0.00492,29.78,0.2295,0.02343,0.00027,86.57,0.464
e12/C1,4,0.20525,0.01205,17.04,0.1456,0.02768,0.00055,50.09,0.3337
e12/C1,5,0.13071,0.00262,49.98,0.3332,0.02545,0.00012,204.88,0.672
e12/C1,6,0.27394,0.00464,59.08,0.3714,0.06525,0.00024,272.57,0.7316
e12/C1,7,0.06747,0.00591,11.42,0.1025,0.00808,0.00031,26.32,0.2083
e12/C1,8,0.21313,0.01006,21.18,0.1748,0.03535,0.00056,63.41,0.388
e12/C1,9,0.10808,0.00679,15.91,0.1372,0.01232,0.00032,38.36,0.2773
e12/C1,10,0.24768,0.01913,12.95,0.1146,0.05434,0.00122,44.43,0.3076
e12/C1,11,0.10101,0.00451,22.41,0.1831,0.01394,0.00024,58.97,0.371
e12/C1,12,0.11859,0.00385,30.83,0.2356,0.02061,0.00023,90.67,0.4755
e12/C1,13,0.12283,0.01793,6.85,0.0641,0.01313,0.00118,11.16,0.1004
e12/C1,14,0.19354,0.01046,18.51,0.1562,0.03677,0.00081,45.16,0.3111
e12/C1,15,0.22727,0.00684,33.23,0.2494,0.04263,0.0006,70.57,0.4137
e12/C1,16,0.11737,0.01494,7.86,0.0728,0.01495,0.00099,15.16,0.1317
e12/C1,17,0.10768,0.01561,6.9,0.0645,0.01475,0.00095,15.5,0.1342
e12/C1,18,0.07475,0.0087,8.59,0.0791,0.01091,0.0005,21.91,0.1797
e12/C1,19,0.13475,0.01021,13.19,0.1166,0.01737,0.00063,27.43,0.2153
e12/C1,20,0.0596,0.0101,5.9,0.0557,0.00545,0.00062,8.87,0.0814
e12/C1,21,0.0899,0.01604,5.61,0.0531,0.01051,0.00109,9.62,0.0878
e12/C1,22,0.08586,0.01548,5.55,0.0526,0.01232,0.00095,13.01,0.1151
e12/C1,23,0.07838,0.01291,6.07,0.0572,0.00848,0.00072,11.76,0.1053
e12/C1,24,0.13657,0.00848,16.1,0.1387,0.02182,0.00056,39.27,0.282
e12/C1,25,0.13172,0.0052,25.34,0.2022,0.02687,0.00027,98.52,0.4963
e12/C1,26,0.12061,0.01167,10.34,0.0937,0.02121,0.00076,27.78,0.2174
e12/C1,27,0.1301,0.01417,9.18,0.0841,0.01677,0.00102,16.45,0.1413
e12/C1,28,0.12182,0.01867,6.53,0.0613,0.01394,0.00132,10.6,0.0958
e12/C1,29,0.08566,0.0152,5.64,0.0534,0.00949,0.00094,10.05,0.0914
e12/C1,30,0.07374,0.01367,5.39,0.0512,0.00626,0.00066,9.51,0.0868
e12/C1,31,0.07354,0.01229,5.98,0.0565,0.01152,0.00086,13.41,0.1183
e12/C1,32,0.10747,0.00868,12.38,0.1102,0.01232,0.00059,20.93,0.173
e12/C1,33,0.12202,0.00621,19.64,0.1642,0.01717,0.0003,57.63,0.3656
e12/C1,34,0.15737,0.01032,15.26,0.1324,0.02869,0.00064,44.58,0.3084
e12/C1,35,0.33778,0.00846,39.93,0.2854,0.07293,0.00036,200.0,0.6667
e12/C1,36,0.15657,0.00717,21.85,0.1793,0.02808,0.00041,69.33,0.4094
e12/C1,37,0.14061,0.00791,17.77,0.1509,0.02162,0.00042,51.69,0.3408
e12/C1,38,0.05818,0.00784,7.42,0.0691,0.00364,0.00037,9.94,0.0905
e12/C1,39,0.23071,0.0042,54.96,0.3547,0.04747,0.00018,265.54,0.7264
e12/C1,40,0.09717,0.00869,11.18,0.1006,0.01293,0.00049,26.34,0.2085
e12/C1,41,0.16828,0.00859,19.58,0.1638,0.02667,0.00054,49.53,0.3312
e12/C1,42,0.13333,0.0071,18.77,0.1581,0.02263,0.00042,54.11,0.3511
e12/C1,43,0.14525,0.01137,12.77,0.1133,0.02465,0.00062,39.61,0.2837
e12/C1,44,0.37192,0.00782,47.57,0.3224,0.16384,0.00107,153.45,0.6054
e12/C1,45,0.08545,0.01228,6.96,0.0651,0.0099,0.00065,15.34,0.133
e12/C1,46,0.21172,0.01041,20.33,0.169,0.04707,0.00053,88.76,0.4702
e12/C1,47,0.37859,0.0067,56.54,0.3612,0.08727,0.00052,167.77,0.6265
e12/C1,48,0.1802,0.01368,13.17,0.1164,0.02303,0.00084,27.57,0.2161
e12/C1,49,0.07616,0.00961,7.92,0.0734,0.01152,0.00043,26.64,0.2103
e12/C1,50,0.24323,0.00645,37.7,0.2738,0.07657,0.00064,119.94,0.5453
e12/C1,51,0.07051,0.01465,4.81,0.0459,0.00606,0.00062,9.85,0.0897
e12/C1,52,0.21535,0.00543,39.69,0.2842,0.05737,0.00044,131.18,0.5674
e12/C1,53,0.12909,0.01485,8.7,0.08,0.01818,0.00087,20.91,0.1729
e12/C1,54,0.06242,0.00485,12.86,0.114,0.00909,0.00032,28.21,0.22
e12/C1,55,0.12869,0.01136,11.33,0.1018,0.02525,0.00071,35.77,0.2634
e12/C1,56,0.13717,0.01205,11.38,0.1022,0.02808,0.00073,38.45,0.2777
e12/C1,57,0.21313,0.02569,8.3,0.0766,0.02364,0.00143,16.5,0.1416
e12/C1,58,0.15414,0.01136,13.57,0.1195,0.03192,0.00061,52.06,0.3424
e12/C1,59,0.08444,0.01719,4.91,0.0468,0.01253,0.00118,10.57,0.0956
e12/C1,60,0.17879,0.00597,29.96,0.2305,0.02949,0.00019,158.7,0.6134
e12/C1,61,0.19778,0.02271,8.71,0.0801,0.02606,0.00112,23.33,0.1891
e12/C1,62,0.16707,0.01547,10.8,0.0974,0.03596,0.00087,41.25,0.292
e12/C1,63,0.1703,0.01596,10.67,0.0964,0.02384,0.00074,32.2,0.2436
e12/C1,64,0.16121,0.01363,11.83,0.1058,0.02848,0.00084,33.73,0.2522
e12/C1,65,0.09818,0.01259,7.8,0.0723,0.01091,0.00072,15.25,0.1324
e12/C1,66,0.14747,0.00842,17.51,0.149,0.02646,0.0003,87.63,0.467
e12/C1,67,0.1602,0.01071,14.96,0.1301,0.02646,0.00073,36.24,0.266
e12/C1,68,0.23333,0.01128,20.68,0.1714,0.04182,0.00065,64.49,0.392
e12/C1,69,0.27535,0.01427,19.3,0.1618,0.06242,0.00095,65.74,0.3967
e12/C1,70,0.1,0.01673,5.98,0.0564,0.00687,0.00077,8.92,0.0819
e12/C1,71,0.23071,0.00405,56.93,0.3628,0.07152,0.00032,221.94,0.6894
e12/C1,72,0.18384,0.01062,17.31,0.1475,0.02364,0.00062,38.36,0.2773
e12/C1,73,0.07394,0.0109,6.78,0.0635,0.00869,0.00053,16.51,0.1417
e12/C1,74,0.39212,0.00541,72.53,0.4204,0.1402,0.00088,159.36,0.6144
e12/C1,75,0.30848,0.0033,93.45,0.4831,0.09758,0.00023,433.18,0.8124
e12/C1,76,0.1301,0.01488,8.74,0.0804,0.00909,0.00054,16.85,0.1442
e12/C1,77,0.07354,0.01361,5.4,0.0513,0.01091,0.00067,16.17,0.1392
e12/C1,78,0.12202,0.01761,6.93,0.0648,0.01293,0.00105,12.27,0.1093
e12/C1,79,0.13475,0.00746,18.07,0.1531,0.02889,0.00041,70.27,0.4127
e12/C1,80,0.04303,0.01036,4.15,0.0399,0.00747,0.00056,13.36,0.1178
e12/C1,81,0.13111,0.01701,7.71,0.0716,0.01475,0.00086,17.18,0.1466
e12/C1,82,0.17697,0.01646,10.75,0.0971,0.02,0.00079,25.35,0.2022
e12/C1,83,0.12465,0.00337,36.99,0.27,0.05596,0.00015,371.81,0.7881
e12/C1,84,0.12909,0.01755,7.36,0.0685,0.01838,0.00112,16.37,0.1406
e12/C1,85,0.2202,0.00429,51.33,0.3392,0.05172,0.00023,224.56,0.6919
e12/C1,86,0.25414,0.01182,21.5,0.177,0.03939,0.00053,73.86,0.4248
e12/C1,87,0.08283,0.00398,20.81,0.1723,0.01293,0.00015,86.49,0.4638
e12/C1,88,0.08444,0.01144,7.38,0.0688,0.0101,0.00052,19.27,0.1616
e12/C1,89,0.2004,0.02489,8.05,0.0745,0.02444,0.00117,20.84,0.1725
e12/C1,90,0.13313,0.01849,7.2,0.0672,0.01071,0.00081,13.18,0.1165
e12/C1,91,0.1497,0.00528,28.34,0.2208,0.04343,0.00024,179.17,0.6418
e12/C1,92,0.3202,0.00351,91.33,0.4773,0.16808,0.00017,1008.48,0.9098
e12/C1,93,0.17636,0.00498,35.44,0.2617,0.0596,0.00024,245.83,0.7108
e12/C1,94,0.14667,0.00413,35.52,0.2621,0.03293,0.00029,113.59,0.5318
e12/C1,95,0.20505,0.0042,48.82,0.3281,0.0402,0.00015,261.84,0.7236
e12/C1,96,0.52364,0.00341,153.65,0.6057,0.22202,0.00023,972.57,0.9068
e12/C1,97,0.35535,0.0113,31.45,0.2392,0.05455,0.00058,94.41,0.4856
e12/C1,98,0.30747,0.00169,182.17,0.6456,0.0796,4e-05,2129.73,0.9552
e12/C1,99,0.20929,0.00495,42.26,0.2971,0.03515,0.0002,175.76,0.6374
e12/f2,0,0.97737,0.89379,1.09,0.0108,0.53091,0.25739,2.06,0.0202
e12/f2,1,0.98586,0.83463,1.18,0.0117,0.60848,0.1873,3.25,0.0315
e12/f2,2,0.99879,0.93493,1.07,0.0106,0.65697,0.36654,1.79,0.0176
e12/f2,3,0.98465,0.87953,1.12,0.0111,0.54848,0.24812,2.21,0.0216
e12/f2,4,0.99818,0.93715,1.07,0.0105,0.77758,0.40569,1.92,0.0188
e12/f2,5,0.80545,0.57508,1.4,0.0138,0.32384,0.11441,2.83,0.0275
e12/f2,6,0.97919,0.85477,1.15,0.0113,0.7404,0.22419,3.3,0.032
e12/f2,7,0.96081,0.88342,1.09,0.0108,0.39879,0.25673,1.55,0.0153
e12/f2,8,0.9996,0.94418,1.06,0.0105,0.79798,0.4158,1.92,0.0188
e12/f2,9,0.99434,0.89744,1.11,0.011,0.58848,0.27278,2.16,0.0211
e12/f2,10,1.0,0.961,1.04,0.0103,0.92768,0.53014,1.75,0.0172
e12/f2,11,0.96303,0.87325,1.1,0.0109,0.43737,0.21541,2.03,0.0199
e12/f2,12,0.89475,0.70116,1.28,0.0126,0.35838,0.12103,2.96,0.0288
e12/f2,13,1.0,0.96209,1.04,0.0103,0.88343,0.53828,1.64,0.0161
e12/f2,14,0.99616,0.91885,1.08,0.0107,0.76828,0.35543,2.16,0.0212
e12/f2,15,0.9998,0.90744,1.1,0.0109,0.74808,0.29626,2.53,0.0246
e12/f2,16,0.99879,0.94596,1.06,0.0104,0.73859,0.45181,1.63,0.0161
e12/f2,17,0.96465,0.9343,1.03,0.0102,0.78646,0.46247,1.7,0.0167
e12/f2,18,0.97535,0.89746,1.09,0.0108,0.58263,0.34452,1.69,0.0166
e12/f2,19,0.99758,0.94111,1.06,0.0105,0.76242,0.44089,1.73,0.017
e12/f2,20,0.99737,0.94048,1.06,0.0105,0.68283,0.41633,1.64,0.0161
e12/f2,21,1.0,0.95686,1.05,0.0103,0.81071,0.50035,1.62,0.0159
e12/f2,22,0.99879,0.94046,1.06,0.0105,0.62,0.4023,1.54,0.0152
e12/f2,23,0.99899,0.94233,1.06,0.0105,0.74929,0.42419,1.77,0.0174
e12/f2,24,0.99697,0.93535,1.07,0.0105,0.75838,0.39148,1.94,0.019
e12/f2,25,0.93414,0.69063,1.35,0.0133,0.48768,0.16238,3.0,0.0292
e12/f2,26,0.99737,0.92984,1.07,0.0106,0.68667,0.37519,1.83,0.018
e12/f2,27,0.9996,0.94259,1.06,0.0105,0.79273,0.43874,1.81,0.0177
e12/f2,28,0.9996,0.95887,1.04,0.0103,0.86202,0.52104,1.65,0.0163
e12/f2,29,0.99939,0.94897,1.05,0.0104,0.74525,0.47246,1.58,0.0155
e12/f2,30,0.99859,0.95105,1.05,0.0104,0.76182,0.47957,1.59,0.0156
e12/f2,31,0.99758,0.92607,1.08,0.0107,0.6596,0.38514,1.71,0.0168
e12/f2,32,0.98465,0.92555,1.06,0.0105,0.62586,0.36855,1.7,0.0167
e12/f2,33,0.99535,0.89499,1.11,0.011,0.66505,0.26992,2.46,0.024
e12/f2,34,0.97172,0.92575,1.05,0.0104,0.67576,0.39668,1.7,0.0167
e12/f2,35,0.99232,0.90676,1.09,0.0108,0.82929,0.31409,2.64,0.0257
e12/f2,36,0.99556,0.9039,1.1,0.0109,0.7202,0.33429,2.15,0.0211
e12/f2,37,0.99899,0.92357,1.08,0.0107,0.66707,0.34148,1.95,0.0192
e12/f2,38,0.96384,0.90051,1.07,0.0106,0.42788,0.29702,1.44,0.0142
e12/f2,39,0.97333,0.80962,1.2,0.0119,0.54505,0.15091,3.61,0.0349
e12/f2,40,0.99778,0.92538,1.08,0.0107,0.68707,0.36753,1.87,0.0184
e12/f2,41,0.9804,0.92137,1.06,0.0105,0.73818,0.36194,2.04,0.02
e12/f2,42,0.93455,0.8832,1.06,0.0105,0.63111,0.33272,1.9,0.0186
e12/f2,43,0.93677,0.89083,1.05,0.0104,0.63616,0.37738,1.69,0.0166
e12/f2,44,0.99636,0.89422,1.11,0.011,0.81677,0.27608,2.96,0.0287
e12/f2,45,0.99838,0.93338,1.07,0.0106,0.59838,0.38715,1.55,0.0152
e12/f2,46,0.99859,0.89975,1.11,0.011,0.78626,0.36872,2.13,0.0209
e12/f2,47,0.99798,0.86335,1.16,0.0114,0.76,0.26671,2.85,0.0277
e12/f2,48,0.99939,0.95044,1.05,0.0104,0.83455,0.47446,1.76,0.0173
e12/f2,49,0.91434,0.82084,1.11,0.011,0.34909,0.2651,1.32,0.013
e12/f2,50,0.9499,0.79046,1.2,0.0119,0.62,0.26731,2.32,0.0227
e12/f2,51,0.98465,0.91981,1.07,0.0106,0.52343,0.39235,1.33,0.0132
e12/f2,52,0.98586,0.88992,1.11,0.011,0.56626,0.24467,2.31,0.0226
e12/f2,53,1.0,0.92978,1.08,0.0106,0.7303,0.40037,1.82,0.0179
e12/f2,54,0.80121,0.64463,1.24,0.0123,0.27172,0.17805,1.53,0.015
e12/f2,55,0.99758,0.9249,1.08,0.0107,0.72242,0.39149,1.85,0.0181
e12/f2,56,0.96162,0.86739,1.11,0.011,0.57838,0.35077,1.65,0.0162
e12/f2,57,1.0,0.96573,1.04,0.0102,0.92545,0.55421,1.67,0.0164
e12/f2,58,0.97859,0.91283,1.07,0.0106,0.64465,0.36396,1.77,0.0174
e12/f2,59,1.0,0.94856,1.05,0.0104,0.7297,0.45295,1.61,0.0159
e12/f2,60,0.92768,0.79709,1.16,0.0115,0.44384,0.24156,1.84,0.018
e12/f2,61,1.0,0.95632,1.05,0.0103,0.83293,0.51006,1.63,0.0161
e12/f2,62,0.95111,0.76501,1.24,0.0123,0.57131,0.32414,1.76,0.0173
e12/f2,63,0.99636,0.92535,1.08,0.0107,0.6301,0.38585,1.63,0.0161
e12/f2,64,0.99879,0.94493,1.06,0.0105,0.78828,0.44309,1.78,0.0175
e12/f2,65,0.99475,0.92066,1.08,0.0107,0.65495,0.374,1.75,0.0172
e12/f2,66,0.94545,0.79881,1.18,0.0117,0.4903,0.25809,1.9,0.0186
e12/f2,67,0.99737,0.94152,1.06,0.0105,0.75919,0.43266,1.75,0.0172
e12/f2,68,0.99394,0.91072,1.09,0.0108,0.8198,0.38271,2.14,0.021
e12/f2,69,0.98444,0.88834,1.11,0.011,0.71212,0.32197,2.21,0.0216
e12/f2,70,0.9998,0.9525,1.05,0.0104,0.74869,0.47232,1.59,0.0156
e12/f2,71,0.9503,0.77077,1.23,0.0122,0.49798,0.14441,3.45,0.0333
e12/f2,72,0.9996,0.93857,1.07,0.0105,0.72929,0.40023,1.82,0.0179
e12/f2,73,0.98707,0.92522,1.07,0.0106,0.57253,0.3687,1.55,0.0153
e12/f2,74,0.9998,0.8962,1.12,0.011,0.84929,0.25631,3.31,0.0321
e12/f2,75,0.95717,0.72442,1.32,0.013,0.59495,0.1304,4.56,0.0436
e12/f2,76,0.9998,0.95473,1.05,0.0104,0.79293,0.47986,1.65,0.0163
e12/f2,77,0.99515,0.94657,1.05,0.0104,0.71677,0.46388,1.55,0.0152
e12/f2,78,0.99717,0.91755,1.09,0.0108,0.67374,0.37567,1.79,0.0176
e12/f2,79,0.9901,0.86801,1.14,0.0113,0.66263,0.32198,2.06,0.0202
e12/f2,80,0.98646,0.92656,1.06,0.0105,0.52121,0.38049,1.37,0.0135
e12/f2,81,1.0,0.95549,1.05,0.0104,0.86949,0.49838,1.74,0.0171
e12/f2,82,1.0,0.91898,1.09,0.0108,0.67556,0.37856,1.78,0.0175
e12/f2,83,0.70424,0.64899,1.09,0.0107,0.33737,0.17755,1.9,0.0186
e12/f2,84,1.0,0.9617,1.04,0.0103,0.84485,0.53817,1.57,0.0155
e12/f2,85,0.92788,0.67379,1.38,0.0136,0.43515,0.13272,3.28,0.0317
e12/f2,86,1.0,0.93883,1.07,0.0105,0.84626,0.40963,2.07,0.0202
e12/f2,87,0.84081,0.72391,1.16,0.0115,0.26586,0.15864,1.68,0.0165
e12/f2,88,0.99152,0.93444,1.06,0.0105,0.6798,0.41311,1.65,0.0162
e12/f2,89,1.0,0.96109,1.04,0.0103,0.87697,0.52527,1.67,0.0164
e12/f2,90,1.0,0.95725,1.04,0.0103,0.82869,0.49461,1.68,0.0165
e12/f2,91,0.75899,0.65042,1.17,0.0115,0.30566,0.17668,1.73,0.017
e12/f2,92,0.77313,0.58666,1.32,0.013,0.43677,0.11327,3.86,0.0371
e12/f2,93,0.93434,0.71458,1.31,0.0129,0.53798,0.23081,2.33,0.0228
e12/f2,94,0.88586,0.68606,1.29,0.0127,0.43152,0.1654,2.61,0.0254
e12/f2,95,0.95313,0.74155,1.29,0.0127,0.55394,0.19933,2.78,0.027
e12/f2,96,0.9899,0.59344,1.67,0.0164,0.8301,0.07267,11.42,0.1025
e12/f2,97,0.99838,0.9134,1.09,0.0108,0.83778,0.33824,2.48,0.0242
e12/f2,98,0.99333,0.81644,1.22,0.012,0.77717,0.17836,4.36,0.0418
e12/f2,99,0.99576,0.86397,1.15,0.0114,0.73212,0.28437,2.57,0.0251
e12/f8,0,0.30626,0.09869,3.1,0.0301,0.04727,0.00125,37.74,0.274
e12/f8,1,0.47071,0.08867,5.31,0.0504,0.11192,0.00194,57.62,0.3656
e12/f8,2,0.40444,0.15919,2.54,0.0248,0.04707,0.00255,18.48,0.156
e12/f8,3,0.32606,0.08977,3.63,0.035,0.04747,0.00162,29.38,0.2271
e12/f8,4,0.56323,0.20066,2.81,0.0273,0.07253,0.00799,9.08,0.0832
e12/f8,5,0.22929,0.07231,3.17,0.0307,0.02828,0.00191,14.79,0.1289
e12/f8,6,0.57939,0.10866,5.33,0.0506,0.14444,0.00195,74.05,0.4255
e12/f8,7,0.24909,0.13453,1.85,0.0182,0.02182,0.004,5.46,0.0518
e12/f8,8,0.52343,0.19241,2.72,0.0265,0.07636,0.00713,10.71,0.0967
e12/f8,9,0.32545,0.12111,2.69,0.0262,0.03232,0.00278,11.62,0.1041
e12/f8,10,0.70222,0.27248,2.58,0.0251,0.1796,0.01537,11.68,0.1046
e12/f8,11,0.25354,0.09498,2.67,0.026,0.02909,0.00185,15.72,0.1358
e12/f8,12,0.22404,0.06156,3.64,0.0351,0.0301,0.00208,14.49,0.1266
e12/f8,13,0.50364,0.24605,2.05,0.0201,0.04,0.01028,3.89,0.0375
e12/f8,14,0.50929,0.15526,3.28,0.0318,0.08747,0.00547,15.99,0.1379
e12/f8,15,0.47354,0.11986,3.95,0.038,0.10788,0.00516,20.89,0.1728
e12/f8,16,0.45232,0.22438,2.02,0.0198,0.05273,0.00817,6.45,0.0606
e12/f8,17,0.4802,0.2299,2.09,0.0205,0.05192,0.00967,5.37,0.051
e12/f8,18,0.34828,0.17536,1.99,0.0195,0.0404,0.00511,7.91,0.0733
e12/f8,19,0.42303,0.19503,2.17,0.0212,0.05939,0.00679,8.75,0.0804
e12/f8,20,0.3097,0.18061,1.71,0.0169,0.02222,0.00645,3.45,0.0333
e12/f8,21,0.43152,0.23316,1.85,0.0182,0.0398,0.00963,4.13,0.0397
e12/f8,22,0.36384,0.20614,1.76,0.0173,0.04081,0.01029,3.97,0.0382
e12/f8,23,0.43434,0.20201,2.15,0.021,0.03394,0.00625,5.43,0.0515
e12/f8,24,0.43556,0.1612,2.7,0.0263,0.05919,0.00539,10.99,0.099
e12/f8,25,0.34323,0.09348,3.67,0.0354,0.06869,0.00368,18.67,0.1573
e12/f8,26,0.40889,0.17013,2.4,0.0235,0.05919,0.00709,8.35,0.077
e12/f8,27,0.51939,0.22631,2.3,0.0224,0.06768,0.00937,7.22,0.0674
e12/f8,28,0.54121,0.25437,2.13,0.0208,0.05172,0.01083,4.78,0.0456
e12/f8,29,0.44384,0.24183,1.84,0.018,0.04,0.00919,4.35,0.0417
e12/f8,30,0.50545,0.25239,2.0,0.0196,0.04768,0.00974,4.89,0.0467
e12/f8,31,0.34424,0.18246,1.89,0.0185,0.03212,0.00663,4.84,0.0462
e12/f8,32,0.32889,0.1563,2.1,0.0206,0.03616,0.00379,9.53,0.087
e12/f8,33,0.40869,0.11238,3.64,0.0351,0.05313,0.00158,33.65,0.2518
e12/f8,34,0.41879,0.18857,2.22,0.0217,0.06586,0.00491,13.42,0.1183
e12/f8,35,0.68768,0.14482,4.75,0.0453,0.16808,0.00471,35.69,0.263
e12/f8,36,0.43475,0.14264,3.05,0.0296,0.06303,0.00334,18.9,0.1589
e12/f8,37,0.35434,0.14191,2.5,0.0244,0.04162,0.00401,10.38,0.0941
e12/f8,38,0.28949,0.15684,1.85,0.0181,0.01394,0.00355,3.92,0.0378
e12/f8,39,0.48646,0.1071,4.54,0.0434,0.10263,0.00206,49.73,0.3321
e12/f8,40,0.32586,0.14958,2.18,0.0213,0.04465,0.00848,5.27,0.05
e12/f8,41,0.43778,0.15469,2.83,0.0275,0.06323,0.00445,14.22,0.1245
e12/f8,42,0.41333,0.14999,2.76,0.0268,0.05919,0.00337,17.55,0.1493
e12/f8,43,0.45313,0.19729,2.3,0.0225,0.06606,0.00578,11.43,0.1026
e12/f8,44,0.5897,0.12036,4.9,0.0467,0.22545,0.00441,51.13,0.3383
e12/f8,45,0.41515,0.21347,1.94,0.0191,0.03253,0.0066,4.93,0.047
e12/f8,46,0.54768,0.16366,3.35,0.0324,0.11838,0.00676,17.52,0.1491
e12/f8,47,0.62141,0.13112,4.74,0.0452,0.14869,0.00477,31.19,0.2377
e12/f8,48,0.57697,0.23739,2.43,0.0237,0.08465,0.00851,9.94,0.0904
e12/f8,49,0.26525,0.14226,1.86,0.0183,0.02242,0.00361,6.22,0.0585
e12/f8,50,0.44828,0.13673,3.28,0.0317,0.11677,0.00468,24.93,0.1996
e12/f8,51,0.35596,0.2189,1.63,0.016,0.02869,0.00712,4.03,0.0387
e12/f8,52,0.3499,0.10275,3.41,0.0329,0.07798,0.00308,25.35,0.2023
e12/f8,53,0.5099,0.20872,2.44,0.0238,0.06404,0.00854,7.5,0.0698
e12/f8,54,0.13778,0.0742,1.86,0.0182,0.01758,0.00235,7.47,0.0695
e12/f8,55,0.45333,0.19007,2.39,0.0233,0.07838,0.00794,9.87,0.0899
e12/f8,56,0.4499,0.19358,2.32,0.0227,0.07535,0.00766,9.84,0.0896
e12/f8,57,0.73455,0.31926,2.3,0.0225,0.1002,0.01452,6.9,0.0645
e12/f8,58,0.40242,0.172,2.34,0.0229,0.08242,0.00615,13.4,0.1182
e12/f8,59,0.34788,0.20628,1.69,0.0166,0.04303,0.01287,3.34,0.0324
e12/f8,60,0.45192,0.15012,3.01,0.0292,0.07798,0.00301,25.89,0.2056
e12/f8,61,0.60424,0.28084,2.15,0.0211,0.09414,0.0128,7.35,0.0685
e12/f8,62,0.47677,0.19091,2.5,0.0244,0.09899,0.01018,9.72,0.0886
e12/f8,63,0.50081,0.21537,2.33,0.0227,0.05414,0.00756,7.16,0.0668
e12/f8,64,0.49354,0.20607,2.4,0.0234,0.06364,0.00659,9.66,0.0881
e12/f8,65,0.42162,0.19209,2.19,0.0215,0.04303,0.00751,5.73,0.0542
e12/f8,66,0.35071,0.14274,2.46,0.024,0.04566,0.00407,11.22,0.1009
e12/f8,67,0.37131,0.15963,2.33,0.0227,0.05414,0.00646,8.39,0.0774
e12/f8,68,0.57071,0.17943,3.18,0.0308,0.11293,0.00757,14.92,0.1298
e12/f8,69,0.62121,0.19882,3.12,0.0303,0.15374,0.0077,19.96,0.1664
e12/f8,70,0.45273,0.24531,1.85,0.0181,0.04343,0.01123,3.87,0.0372
e12/f8,71,0.27475,0.06186,4.44,0.0425,0.06263,0.00113,55.46,0.3567
e12/f8,72,0.48848,0.2007,2.43,0.0238,0.06545,0.00573,11.42,0.1025
e12/f8,73,0.36141,0.1895,1.91,0.0187,0.02909,0.00619,4.7,0.0449
e12/f8,74,0.59212,0.07949,7.45,0.0693,0.23717,0.00324,73.31,0.423
e12/f8,75,0.49475,0.06982,7.09,0.0662,0.14525,0.0029,50.16,0.334
e12/f8,76,0.51051,0.24822,2.06,0.0202,0.04545,0.00872,5.21,0.0495
e12/f8,77,0.42525,0.23269,1.83,0.0179,0.03051,0.00747,4.08,0.0392
e12/f8,78,0.46707,0.22462,2.08,0.0204,0.06303,0.01088,5.79,0.0547
e12/f8,79,0.40343,0.15636,2.58,0.0252,0.06606,0.00419,15.77,0.1362
e12/f8,80,0.25434,0.17697,1.44,0.0142,0.01838,0.00468,3.93,0.0378
e12/f8,81,0.58343,0.2584,2.26,0.0221,0.07414,0.01171,6.33,0.0595
e12/f8,82,0.56606,0.22808,2.48,0.0242,0.08222,0.01174,7.0,0.0654
e12/f8,83,0.19758,0.0565,3.5,0.0338,0.0697,0.00085,82.34,0.4516
e12/f8,84,0.55495,0.26481,2.1,0.0205,0.07192,0.01149,6.26,0.0589
e12/f8,85,0.37677,0.07805,4.83,0.046,0.06465,0.002,32.37,0.2446
e12/f8,86,0.60081,0.17361,3.46,0.0334,0.09152,0.00484,18.89,0.1589
e12/f8,87,0.20747,0.08386,2.47,0.0241,0.02061,0.00146,14.09,0.1235
e12/f8,88,0.39253,0.20206,1.94,0.0191,0.03919,0.00591,6.63,0.0622
e12/f8,89,0.72869,0.32179,2.26,0.0221,0.11394,0.01432,7.96,0.0737
e12/f8,90,0.57455,0.26592,2.16,0.0211,0.06121,0.0108,5.67,0.0536
e12/f8,91,0.26202,0.09296,2.82,0.0274,0.05475,0.00276,19.84,0.1655
e12/f8,92,0.42061,0.06989,6.02,0.0568,0.17354,0.00119,145.22,0.5922
e12/f8,93,0.40949,0.11992,3.41,0.033,0.10869,0.00388,27.98,0.2187
e12/f8,94,0.31253,0.07897,3.96,0.0381,0.06626,0.00283,23.39,0.1895
e12/f8,95,0.45071,0.0944,4.77,0.0456,0.09253,0.00219,42.29,0.2972
e12/f8,96,0.72485,0.05903,12.28,0.1094,0.30768,0.00301,102.25,0.5056
e12/f8,97,0.72606,0.1973,3.68,0.0355,0.15293,0.00674,22.7,0.185
e12/f8,98,0.59697,0.06637,8.99,0.0825,0.14566,0.0008,182.76,0.6463
e12/f8,99,0.53778,0.12081,4.45,0.0426,0.10889,0.0023,47.36,0.3214
e12/f7,0,0.20505,0.0162,12.65,0.1123,0.02848,0.00031,92.46,0.4804
e12/f7,1,0.39495,0.01996,19.78,0.1652,0.06586,0.00042,158.25,0.6128
e12/f7,2,0.21677,0.03031,7.15,0.0667,0.02545,0.0005,51.22,0.3387
e12/f7,3,0.19273,0.01684,11.44,0.1027,0.02303,0.0003,77.03,0.4351
e12/f7,4,0.3499,0.05284,6.62,0.0621,0.03697,0.00116,31.94,0.2421
e12/f7,5,0.20485,0.01888,10.85,0.0979,0.02323,0.00024,95.83,0.4894
e12/f7,6,0.42121,0.02381,17.69,0.1503,0.08141,0.00036,228.33,0.6954
e12/f7,7,0.14444,0.03203,4.51,0.0431,0.01192,0.00076,15.69,0.1356
e12/f7,8,0.33475,0.04892,6.84,0.064,0.03556,0.00119,29.83,0.2298
e12/f7,9,0.19232,0.02959,6.5,0.061,0.01596,0.00055,28.88,0.2241
e12/f7,10,0.50949,0.10206,4.99,0.0475,0.10202,0.00372,27.44,0.2153
e12/f7,11,0.15051,0.01979,7.6,0.0707,0.01475,0.00037,39.89,0.2852
e12/f7,12,0.18,0.01578,11.41,0.1024,0.02828,0.0005,56.68,0.3618
e12/f7,13,0.25859,0.07078,3.65,0.0352,0.01475,0.00183,8.06,0.0746
e12/f7,14,0.32101,0.04043,7.94,0.0736,0.04606,0.00136,33.85,0.2529
e12/f7,15,0.33313,0.02846,11.7,0.1048,0.06162,0.00107,57.49,0.3651
e12/f7,16,0.22687,0.061,3.72,0.0359,0.02141,0.00163,13.12,0.116
e12/f7,17,0.23232,0.06735,3.45,0.0333,0.02,0.00198,10.11,0.0918
e12/f7,18,0.17576,0.04264,4.12,0.0396,0.01778,0.00093,19.07,0.1601
e12/f7,19,0.24525,0.04472,5.48,0.052,0.02303,0.00109,21.19,0.1748
e12/f7,20,0.13515,0.04424,3.06,0.0296,0.00788,0.00116,6.79,0.0636
e12/f7,21,0.19232,0.06356,3.03,0.0294,0.01495,0.00216,6.92,0.0647
e12/f7,22,0.16747,0.06095,2.75,0.0267,0.01434,0.00236,6.07,0.0572
e12/f7,23,0.18667,0.05198,3.59,0.0347,0.01253,0.00127,9.87,0.0899
e12/f7,24,0.26606,0.04278,6.22,0.0586,0.03152,0.00116,27.27,0.2143
e12/f7,25,0.2699,0.0245,11.01,0.0992,0.05818,0.0005,116.84,0.5388
e12/f7,26,0.23717,0.05301,4.47,0.0428,0.03111,0.00171,18.21,0.1541
e12/f7,27,0.30808,0.06822,4.52,0.0432,0.02949,0.002,14.75,0.1286
e12/f7,28,0.27374,0.0741,3.69,0.0356,0.01919,0.00225,8.54,0.0787
e12/f7,29,0.19556,0.06439,3.04,0.0295,0.0103,0.00171,6.03,0.0569
e12/f7,30,0.24424,0.07388,3.31,0.032,0.01414,0.0017,8.33,0.0769
e12/f7,31,0.15697,0.04822,3.26,0.0315,0.01535,0.00146,10.53,0.0952
e12/f7,32,0.18121,0.03165,5.72,0.0541,0.01374,0.00081,17.06,0.1458
e12/f7,33,0.20687,0.0263,7.87,0.0729,0.02081,0.00048,43.28,0.3021
e12/f7,34,0.23455,0.03888,6.03,0.0569,0.03293,0.0009,36.59,0.2679
e12/f7,35,0.47798,0.03721,12.85,0.1138,0.07838,0.00083,94.06,0.4847
e12/f7,36,0.27394,0.03366,8.14,0.0753,0.03192,0.00067,47.88,0.3238
e12/f7,37,0.2099,0.03276,6.41,0.0602,0.0196,0.00062,31.86,0.2416
e12/f7,38,0.14222,0.04019,3.54,0.0342,0.00424,0.0006,7.08,0.0661
e12/f7,39,0.36545,0.02546,14.35,0.1255,0.05798,0.00026,221.62,0.6891
e12/f7,40,0.18141,0.03678,4.93,0.047,0.01919,0.00156,12.31,0.1096
e12/f7,41,0.29374,0.04127,7.12,0.0664,0.0398,0.00089,44.67,0.3088
e12/f7,42,0.26808,0.03225,8.31,0.0767,0.03131,0.00066,47.11,0.3202
e12/f7,43,0.2897,0.05302,5.46,0.0518,0.03293,0.00087,37.78,0.2742
e12/f7,44,0.50101,0.02525,19.84,0.1656,0.19657,0.00137,143.4,0.5892
e12/f7,45,0.20424,0.06003,3.4,0.0329,0.01172,0.00125,9.36,0.0856
e12/f7,46,0.43778,0.05627,7.78,0.0722,0.07111,0.00134,52.89,0.3459
e12/f7,47,0.48343,0.0277,17.45,0.1486,0.09071,0.00066,138.37,0.5805
e12/f7,48,0.39677,0.07495,5.29,0.0503,0.04121,0.00185,22.23,0.1819
e12/f7,49,0.15071,0.04115,3.66,0.0353,0.01051,0.00089,11.85,0.1059
e12/f7,50,0.34727,0.03415,10.17,0.0923,0.08909,0.00106,84.24,0.4572
e12/f7,51,0.16505,0.06694,2.47,0.0241,0.00788,0.00122,6.48,0.0608
e12/f7,52,0.26343,0.0246,10.71,0.0967,0.04848,0.00067,72.07,0.4188
e12/f7,53,0.29657,0.06734,4.4,0.0422,0.02788,0.0019,14.67,0.128
e12/f7,54,0.08909,0.02006,4.44,0.0425,0.00869,0.0005,17.44,0.1485
e12/f7,55,0.27293,0.057,4.79,0.0457,0.04162,0.00152,27.32,0.2146
e12/f7,56,0.28788,0.06175,4.66,0.0445,0.04222,0.00185,22.84,0.1859
e12/f7,57,0.45091,0.11171,4.04,0.0388,0.04121,0.00324,12.71,0.1127
e12/f7,58,0.26162,0.05316,4.92,0.0469,0.04303,0.0012,35.98,0.2646
e12/f7,59,0.17172,0.06943,2.47,0.0241,0.01616,0.00295,5.47,0.0519
e12/f7,60,0.31535,0.04382,7.2,0.0671,0.04828,0.00053,91.4,0.4775
e12/f7,61,0.39859,0.09982,3.99,0.0384,0.03657,0.00251,14.56,0.1271
e12/f7,62,0.33455,0.06901,4.85,0.0462,0.06182,0.00261,23.72,0.1917
e12/f7,63,0.3198,0.07508,4.26,0.0409,0.02808,0.00159,17.62,0.1498
e12/f7,64,0.27818,0.05975,4.66,0.0445,0.02848,0.0016,17.79,0.151
e12/f7,65,0.21152,0.06089,3.47,0.0336,0.01374,0.0016,8.56,0.0789
e12/f7,66,0.27475,0.04276,6.43,0.0604,0.02667,0.00068,39.4,0.2827
e12/f7,67,0.21576,0.04062,5.31,0.0504,0.02606,0.00113,23.1,0.1876
e12/f7,68,0.44283,0.05594,7.92,0.0734,0.06323,0.00184,34.43,0.2561
e12/f7,69,0.49798,0.07513,6.63,0.0622,0.09859,0.00286,34.41,0.256
e12/f7,70,0.20444,0.07386,2.77,0.0269,0.01091,0.00196,5.57,0.0528
e12/f7,71,0.28162,0.01242,22.67,0.1848,0.0701,0.00037,188.08,0.6529
e12/f7,72,0.28929,0.05434,5.32,0.0505,0.0303,0.00105,28.87,0.224
e12/f7,73,0.16182,0.05318,3.04,0.0295,0.01091,0.0011,9.88,0.0899
e12/f7,74,0.50848,0.0178,28.56,0.2222,0.18101,0.00128,141.55,0.586
e12/f7,75,0.44909,0.01935,23.21,0.1884,0.11354,0.00045,252.58,0.7164
e12/f7,76,0.27737,0.07678,3.61,0.0349,0.01616,0.00152,10.67,0.0964
e12/f7,77,0.16545,0.06088,2.72,0.0265,0.01051,0.00124,8.46,0.078
e12/f7,78,0.28667,0.07986,3.59,0.0347,0.02909,0.0027,10.77,0.0972
e12/f7,79,0.24848,0.04346,5.72,0.0541,0.03374,0.00091,36.95,0.2698
e12/f7,80,0.11414,0.05243,2.18,0.0213,0.00848,0.00106,8.02,0.0742
e12/f7,81,0.37535,0.09658,3.89,0.0374,0.03414,0.00304,11.22,0.1009
e12/f7,82,0.37434,0.08502,4.4,0.0422,0.03051,0.0025,12.21,0.1088
e12/f7,83,0.17939,0.01275,14.07,0.1234,0.06505,0.00017,392.68,0.797
e12/f7,84,0.28848,0.08032,3.59,0.0347,0.03535,0.00284,12.46,0.1108
e12/f7,85,0.3404,0.0263,12.94,0.1146,0.05899,0.00072,82.37,0.4517
e12/f7,86,0.43475,0.06055,7.18,0.067,0.04808,0.00131,36.76,0.2688
e12/f7,87,0.11495,0.0243,4.73,0.0452,0.00707,0.00031,23.18,0.1882
e12/f7,88,0.18646,0.05707,3.27,0.0316,0.01556,0.00111,13.96,0.1225
e12/f7,89,0.46707,0.11619,4.02,0.0386,0.04727,0.00301,15.69,0.1356
e12/f7,90,0.28545,0.07659,3.73,0.0359,0.0204,0.002,10.22,0.0927
e12/f7,91,0.21354,0.02865,7.45,0.0694,0.04788,0.0005,95.56,0.4887
e12/f7,92,0.39717,0.01676,23.69,0.1915,0.15818,0.00024,657.98,0.8681
e12/f7,93,0.32869,0.03106,10.58,0.0957,0.08909,0.00059,150.77,0.6012
e12/f7,94,0.2398,0.01856,12.92,0.1144,0.05071,0.00047,107.04,0.517
e12/f7,95,0.35253,0.03057,11.53,0.1034,0.04343,0.00034,129.13,0.5636
e12/f7,96,0.67212,0.01963,34.23,0.255,0.26768,0.00059,449.92,0.8182
e12/f7,97,0.5501,0.06372,8.63,0.0795,0.07434,0.00151,49.16,0.3296
e12/f7,98,0.48202,0.00741,65.09,0.3943,0.1097,6e-05,1939.29,0.951
e12/f7,99,0.37131,0.02357,15.75,0.1361,0.05293,0.00045,118.55,0.5424
simclr/ctrl,0,0.28121,0.07626,3.69,0.0356,0.04586,0.00318,14.4,0.1259
simclr/ctrl,1,0.42283,0.06994,6.05,0.057,0.07414,0.00324,22.9,0.1863
simclr/ctrl,2,0.37556,0.07825,4.8,0.0458,0.05636,0.00367,15.36,0.1331
simclr/ctrl,3,0.35152,0.06229,5.64,0.0534,0.05455,0.00273,19.99,0.1666
simclr/ctrl,4,0.40343,0.12202,3.31,0.032,0.06747,0.00682,9.89,0.09
simclr/ctrl,5,0.25475,0.05352,4.76,0.0454,0.03394,0.00189,17.93,0.152
simclr/ctrl,6,0.49495,0.10731,4.61,0.0441,0.08909,0.00396,22.47,0.1835
simclr/ctrl,7,0.22485,0.08533,2.63,0.0257,0.02202,0.00402,5.47,0.0519
simclr/ctrl,8,0.44747,0.1103,4.06,0.039,0.07818,0.00593,13.19,0.1166
simclr/ctrl,9,0.30929,0.07724,4.0,0.0385,0.04162,0.00339,12.28,0.1094
simclr/ctrl,10,0.5501,0.1679,3.28,0.0317,0.14141,0.01139,12.42,0.1105
simclr/ctrl,11,0.23475,0.06101,3.85,0.0371,0.03111,0.00286,10.86,0.098
simclr/ctrl,12,0.28626,0.04962,5.77,0.0545,0.04202,0.00172,24.47,0.1966
simclr/ctrl,13,0.37616,0.13047,2.88,0.028,0.04566,0.00889,5.13,0.0488
simclr/ctrl,14,0.51354,0.11326,4.53,0.0434,0.10747,0.00708,15.18,0.1318
simclr/ctrl,15,0.4996,0.09656,5.17,0.0492,0.11576,0.00612,18.93,0.1591
simclr/ctrl,16,0.37798,0.13332,2.84,0.0276,0.05394,0.0082,6.57,0.0617
simclr/ctrl,17,0.40121,0.13984,2.87,0.0279,0.06505,0.00933,6.97,0.0652
simclr/ctrl,18,0.33354,0.11316,2.95,0.0286,0.05131,0.00664,7.73,0.0718
simclr/ctrl,19,0.45939,0.13747,3.34,0.0323,0.09737,0.00983,9.91,0.0901
simclr/ctrl,20,0.28303,0.10881,2.6,0.0254,0.02687,0.00681,3.95,0.038
simclr/ctrl,21,0.36869,0.14667,2.51,0.0245,0.04727,0.01027,4.6,0.044
simclr/ctrl,22,0.26909,0.11855,2.27,0.0222,0.04465,0.01156,3.86,0.0372
simclr/ctrl,23,0.29657,0.10981,2.7,0.0263,0.03636,0.00667,5.45,0.0517
simclr/ctrl,24,0.44747,0.10725,4.17,0.04,0.08384,0.00663,12.64,0.1122
simclr/ctrl,25,0.41677,0.09616,4.33,0.0415,0.08788,0.00554,15.87,0.137
simclr/ctrl,26,0.39677,0.132,3.01,0.0292,0.07939,0.00896,8.86,0.0814
simclr/ctrl,27,0.41778,0.14176,2.95,0.0286,0.05939,0.00929,6.39,0.0601
simclr/ctrl,28,0.38586,0.1432,2.69,0.0262,0.05535,0.00984,5.62,0.0532
simclr/ctrl,29,0.32747,0.13807,2.37,0.0232,0.04141,0.00948,4.37,0.0419
simclr/ctrl,30,0.31152,0.13381,2.33,0.0228,0.03333,0.00722,4.62,0.0441
simclr/ctrl,31,0.26949,0.10482,2.57,0.0251,0.03333,0.0062,5.38,0.051
simclr/ctrl,32,0.3596,0.09462,3.8,0.0366,0.05758,0.00657,8.77,0.0806
simclr/ctrl,33,0.38,0.07819,4.86,0.0463,0.06343,0.00457,13.88,0.1218
simclr/ctrl,34,0.37414,0.09464,3.95,0.038,0.06848,0.00636,10.77,0.0972
simclr/ctrl,35,0.59899,0.1359,4.41,0.0422,0.12707,0.00765,16.61,0.1424
simclr/ctrl,36,0.36404,0.08012,4.54,0.0435,0.05798,0.00435,13.34,0.1177
simclr/ctrl,37,0.36061,0.08177,4.41,0.0422,0.06,0.00518,11.59,0.1039
simclr/ctrl,38,0.14788,0.07618,1.94,0.019,0.01051,0.00268,3.92,0.0377
simclr/ctrl,39,0.36323,0.07921,4.59,0.0438,0.04889,0.0033,14.81,0.129
simclr/ctrl,40,0.37293,0.09107,4.09,0.0393,0.05677,0.00716,7.93,0.0735
simclr/ctrl,41,0.43919,0.09052,4.85,0.0463,0.07172,0.00506,14.16,0.124
simclr/ctrl,42,0.38788,0.09655,4.02,0.0386,0.05697,0.0052,10.95,0.0987
simclr/ctrl,43,0.36222,0.12004,3.02,0.0293,0.05333,0.00624,8.55,0.0787
simclr/ctrl,44,0.64505,0.07294,8.84,0.0813,0.24727,0.00517,47.87,0.3237
simclr/ctrl,45,0.21232,0.08405,2.53,0.0246,0.01576,0.0033,4.78,0.0456
simclr/ctrl,46,0.57919,0.13055,4.44,0.0425,0.13455,0.00775,17.36,0.1479
simclr/ctrl,47,0.62444,0.09623,6.49,0.0609,0.12707,0.00438,29.0,0.2248
simclr/ctrl,48,0.49576,0.16156,3.07,0.0298,0.10162,0.01063,9.56,0.0873
simclr/ctrl,49,0.22646,0.09846,2.3,0.0225,0.02505,0.00483,5.19,0.0493
simclr/ctrl,50,0.45414,0.08869,5.12,0.0487,0.09131,0.00387,23.58,0.1908
simclr/ctrl,51,0.16384,0.09367,1.75,0.0172,0.01192,0.00396,3.01,0.0292
simclr/ctrl,52,0.37879,0.06527,5.8,0.0549,0.07495,0.00319,23.48,0.1902
simclr/ctrl,53,0.33535,0.11081,3.03,0.0294,0.04626,0.00675,6.85,0.0641
simclr/ctrl,54,0.13879,0.0417,3.33,0.0322,0.01152,0.00171,6.75,0.0632
simclr/ctrl,55,0.36222,0.12944,2.8,0.0272,0.05293,0.00697,7.59,0.0706
simclr/ctrl,56,0.38909,0.1113,3.5,0.0338,0.0602,0.00584,10.31,0.0935
simclr/ctrl,57,0.49212,0.16769,2.93,0.0285,0.07333,0.01137,6.45,0.0606
simclr/ctrl,58,0.37576,0.09587,3.92,0.0377,0.06404,0.00583,10.99,0.099
simclr/ctrl,59,0.21414,0.11316,1.89,0.0186,0.02505,0.00759,3.3,0.032
simclr/ctrl,60,0.30909,0.08669,3.57,0.0344,0.05071,0.00352,14.42,0.126
simclr/ctrl,61,0.43717,0.12414,3.52,0.034,0.06384,0.0071,8.99,0.0825
simclr/ctrl,62,0.39636,0.13194,3.0,0.0292,0.06081,0.00766,7.94,0.0736
simclr/ctrl,63,0.32525,0.09631,3.38,0.0327,0.03212,0.0039,8.23,0.076
simclr/ctrl,64,0.34081,0.08751,3.89,0.0375,0.04707,0.00424,11.11,0.1
simclr/ctrl,65,0.26707,0.10097,2.65,0.0258,0.02606,0.00422,6.17,0.0581
simclr/ctrl,66,0.32,0.08676,3.69,0.0356,0.04606,0.00423,10.89,0.0982
simclr/ctrl,67,0.31273,0.06726,4.65,0.0444,0.04848,0.00387,12.52,0.1112
simclr/ctrl,68,0.45576,0.1137,4.01,0.0385,0.08424,0.00551,15.28,0.1325
simclr/ctrl,69,0.55515,0.13782,4.03,0.0387,0.1303,0.00837,15.56,0.1347
simclr/ctrl,70,0.29939,0.13233,2.26,0.0221,0.0396,0.00781,5.07,0.0483
simclr/ctrl,71,0.37111,0.04507,8.23,0.0761,0.08869,0.00168,52.64,0.3449
simclr/ctrl,72,0.29313,0.0863,3.4,0.0329,0.03212,0.00348,9.22,0.0844
simclr/ctrl,73,0.27253,0.11119,2.45,0.0239,0.0299,0.00512,5.84,0.0552
simclr/ctrl,74,0.6004,0.068,8.83,0.0811,0.16949,0.00341,49.66,0.3318
simclr/ctrl,75,0.56,0.08599,6.51,0.0611,0.14364,0.00399,35.96,0.2645
simclr/ctrl,76,0.30485,0.12278,2.48,0.0242,0.03556,0.00681,5.22,0.0497
simclr/ctrl,77,0.27253,0.12152,2.24,0.0219,0.03172,0.00574,5.53,0.0524
simclr/ctrl,78,0.32646,0.11486,2.84,0.0276,0.04242,0.00682,6.22,0.0586
simclr/ctrl,79,0.35333,0.10286,3.44,0.0332,0.04505,0.00451,10.0,0.0909
simclr/ctrl,80,0.17051,0.09229,1.85,0.0181,0.02485,0.00489,5.08,0.0484
simclr/ctrl,81,0.33758,0.13503,2.5,0.0244,0.03455,0.00727,4.75,0.0454
simclr/ctrl,82,0.44202,0.14604,3.03,0.0294,0.05253,0.00751,7.0,0.0654
simclr/ctrl,83,0.25636,0.03723,6.89,0.0644,0.07071,0.00127,55.56,0.3571
simclr/ctrl,84,0.32364,0.12296,2.63,0.0256,0.04667,0.0073,6.39,0.0601
simclr/ctrl,85,0.34768,0.06489,5.36,0.0509,0.04242,0.00245,17.29,0.1474
simclr/ctrl,86,0.46586,0.10393,4.48,0.0429,0.06889,0.00412,16.71,0.1432
simclr/ctrl,87,0.14263,0.04858,2.94,0.0285,0.0099,0.00111,8.92,0.0819
simclr/ctrl,88,0.24303,0.08403,2.89,0.0281,0.03293,0.00397,8.3,0.0767
simclr/ctrl,89,0.43414,0.1521,2.85,0.0278,0.05778,0.00804,7.18,0.067
simclr/ctrl,90,0.41475,0.12535,3.31,0.032,0.05455,0.00751,7.26,0.0677
simclr/ctrl,91,0.19919,0.05096,3.91,0.0376,0.02667,0.0016,16.69,0.143
simclr/ctrl,92,0.37192,0.05342,6.96,0.0651,0.10667,0.00127,84.28,0.4573
simclr/ctrl,93,0.48869,0.08991,5.44,0.0516,0.10444,0.00391,26.7,0.2107
simclr/ctrl,94,0.38182,0.06285,6.07,0.0573,0.0703,0.00255,27.54,0.2159
simclr/ctrl,95,0.46222,0.10617,4.35,0.0417,0.07091,0.00423,16.78,0.1437
simclr/ctrl,96,0.77636,0.07434,10.44,0.0946,0.31374,0.00298,105.4,0.5131
simclr/ctrl,97,0.56687,0.13696,4.14,0.0397,0.09576,0.00645,14.84,0.1293
simclr/ctrl,98,0.57737,0.08057,7.17,0.0669,0.13212,0.00377,35.07,0.2596
simclr/ctrl,99,0.4798,0.07638,6.28,0.0591,0.08869,0.00334,26.53,0.2097
simclr/uniform,0,0.46586,0.27545,1.69,0.0166,0.07939,0.01235,6.43,0.0604
simclr/uniform,1,0.60364,0.24494,2.46,0.0241,0.16949,0.01337,12.68,0.1125
simclr/uniform,2,0.65051,0.37021,1.76,0.0173,0.1097,0.0196,5.6,0.053
simclr/uniform,3,0.55616,0.27831,2.0,0.0196,0.12061,0.01297,9.3,0.0851
simclr/uniform,4,0.71636,0.38171,1.88,0.0184,0.15697,0.02949,5.32,0.0505
simclr/uniform,5,0.33576,0.17276,1.94,0.0191,0.05515,0.00956,5.77,0.0545
simclr/uniform,6,0.73818,0.30307,2.44,0.0238,0.25919,0.01491,17.39,0.1481
simclr/uniform,7,0.42081,0.29592,1.42,0.014,0.05475,0.01877,2.92,0.0283
simclr/uniform,8,0.70162,0.38842,1.81,0.0177,0.17071,0.02848,5.99,0.0566
simclr/uniform,9,0.50202,0.27799,1.81,0.0177,0.09495,0.02012,4.72,0.0451
simclr/uniform,10,0.83212,0.46329,1.8,0.0176,0.28384,0.04864,5.84,0.0551
simclr/uniform,11,0.3897,0.22564,1.73,0.017,0.05677,0.01089,5.21,0.0496
simclr/uniform,12,0.30828,0.16025,1.92,0.0189,0.05414,0.00639,8.47,0.0781
simclr/uniform,13,0.71091,0.45459,1.56,0.0154,0.13758,0.0409,3.36,0.0325
simclr/uniform,14,0.72606,0.3688,1.97,0.0193,0.19111,0.02575,7.42,0.0691
simclr/uniform,15,0.65596,0.29289,2.24,0.0219,0.18424,0.02279,8.08,0.0748
simclr/uniform,16,0.65899,0.4231,1.56,0.0153,0.14081,0.03716,3.79,0.0365
simclr/uniform,17,0.70444,0.44044,1.6,0.0157,0.15455,0.04122,3.75,0.0361
simclr/uniform,18,0.55737,0.35392,1.57,0.0155,0.12606,0.02736,4.61,0.044
simclr/uniform,19,0.68869,0.42519,1.62,0.0159,0.16323,0.03748,4.36,0.0417
simclr/uniform,20,0.49697,0.35628,1.39,0.0138,0.06667,0.02769,2.41,0.0235
simclr/uniform,21,0.68545,0.4582,1.5,0.0147,0.13333,0.04283,3.11,0.0302
simclr/uniform,22,0.54242,0.37561,1.44,0.0142,0.09051,0.03449,2.62,0.0256
simclr/uniform,23,0.6499,0.38459,1.69,0.0166,0.11293,0.02858,3.95,0.038
simclr/uniform,24,0.60525,0.34317,1.76,0.0173,0.1398,0.0263,5.31,0.0505
simclr/uniform,25,0.49434,0.24375,2.03,0.0199,0.1402,0.02074,6.76,0.0633
simclr/uniform,26,0.61636,0.36117,1.71,0.0168,0.14323,0.03118,4.59,0.0439
simclr/uniform,27,0.7598,0.43258,1.76,0.0173,0.17414,0.03978,4.38,0.0419
simclr/uniform,28,0.71071,0.4429,1.6,0.0158,0.12303,0.03683,3.34,0.0323
simclr/uniform,29,0.61596,0.42611,1.45,0.0142,0.09677,0.03543,2.73,0.0266
simclr/uniform,30,0.62747,0.42705,1.47,0.0145,0.09677,0.0325,2.98,0.0289
simclr/uniform,31,0.5903,0.36132,1.63,0.0161,0.07434,0.02338,3.18,0.0308
simclr/uniform,32,0.58828,0.36679,1.6,0.0158,0.11455,0.02547,4.5,0.043
simclr/uniform,33,0.61818,0.29165,2.12,0.0208,0.13859,0.01649,8.41,0.0775
simclr/uniform,34,0.61394,0.38442,1.6,0.0157,0.14141,0.03068,4.61,0.0441
simclr/uniform,35,0.85616,0.3859,2.22,0.0217,0.27111,0.02494,10.87,0.0981
simclr/uniform,36,0.59273,0.30746,1.93,0.0189,0.11313,0.01794,6.31,0.0593
simclr/uniform,37,0.59515,0.33897,1.76,0.0173,0.12707,0.02422,5.25,0.0499
simclr/uniform,38,0.41253,0.30425,1.36,0.0134,0.03535,0.01406,2.51,0.0245
simclr/uniform,39,0.56,0.24803,2.26,0.0221,0.12545,0.01301,9.65,0.088
simclr/uniform,40,0.54343,0.33213,1.64,0.0161,0.10505,0.02758,3.81,0.0367
simclr/uniform,41,0.6297,0.36595,1.72,0.0169,0.13899,0.02285,6.08,0.0573
simclr/uniform,42,0.59434,0.34783,1.71,0.0168,0.12848,0.02174,5.91,0.0558
simclr/uniform,43,0.60505,0.38828,1.56,0.0153,0.12889,0.03098,4.16,0.0399
simclr/uniform,44,0.75717,0.30078,2.52,0.0246,0.32566,0.02451,13.29,0.1173
simclr/uniform,45,0.51576,0.34953,1.48,0.0145,0.0499,0.01815,2.75,0.0268
simclr/uniform,46,0.69051,0.34189,2.02,0.0198,0.2002,0.02698,7.42,0.0691
simclr/uniform,47,0.74303,0.32221,2.31,0.0225,0.18707,0.01772,10.56,0.0955
simclr/uniform,48,0.7501,0.44308,1.69,0.0166,0.21253,0.04417,4.81,0.0459
simclr/uniform,49,0.49313,0.3309,1.49,0.0147,0.06586,0.01899,3.47,0.0335
simclr/uniform,50,0.52505,0.27228,1.93,0.0189,0.12747,0.01633,7.8,0.0724
simclr/uniform,51,0.42808,0.35015,1.22,0.0121,0.03818,0.02038,1.87,0.0184
simclr/uniform,52,0.43778,0.23788,1.84,0.0181,0.09899,0.0117,8.46,0.078
simclr/uniform,53,0.61475,0.37051,1.66,0.0163,0.1101,0.02891,3.81,0.0367
simclr/uniform,54,0.23434,0.17259,1.36,0.0134,0.02929,0.01071,2.74,0.0266
simclr/uniform,55,0.67232,0.3878,1.73,0.017,0.14242,0.03122,4.56,0.0436
simclr/uniform,56,0.60626,0.35535,1.71,0.0168,0.12747,0.02627,4.85,0.0463
simclr/uniform,57,0.81919,0.50946,1.61,0.0158,0.20788,0.05112,4.07,0.0391
simclr/uniform,58,0.58,0.33632,1.72,0.017,0.11657,0.02511,4.64,0.0444
simclr/uniform,59,0.49899,0.36634,1.36,0.0134,0.07717,0.03314,2.33,0.0228
simclr/uniform,60,0.55091,0.29077,1.89,0.0186,0.11111,0.01827,6.08,0.0573
simclr/uniform,61,0.70121,0.44343,1.58,0.0156,0.14505,0.03538,4.1,0.0394
simclr/uniform,62,0.60364,0.34828,1.73,0.017,0.14727,0.03119,4.72,0.0451
simclr/uniform,63,0.57879,0.35184,1.65,0.0162,0.07919,0.02021,3.92,0.0377
simclr/uniform,64,0.59556,0.35177,1.69,0.0166,0.0996,0.01994,4.99,0.0476
simclr/uniform,65,0.54404,0.3296,1.65,0.0162,0.0598,0.01855,3.22,0.0312
simclr/uniform,66,0.46081,0.27265,1.69,0.0166,0.07535,0.01593,4.73,0.0452
simclr/uniform,67,0.48384,0.30732,1.57,0.0155,0.08505,0.02069,4.11,0.0395
simclr/uniform,68,0.76667,0.39772,1.93,0.0189,0.1996,0.03041,6.56,0.0616
simclr/uniform,69,0.70667,0.36383,1.94,0.0191,0.22909,0.03229,7.09,0.0662
simclr/uniform,70,0.60404,0.41689,1.45,0.0143,0.09455,0.03389,2.79,0.0271
simclr/uniform,71,0.34768,0.17252,2.02,0.0198,0.08424,0.00567,14.86,0.1294
simclr/uniform,72,0.58343,0.34238,1.7,0.0168,0.08404,0.01771,4.75,0.0453
simclr/uniform,73,0.51192,0.35208,1.45,0.0143,0.06485,0.02286,2.84,0.0276
simclr/uniform,74,0.72323,0.26249,2.76,0.0268,0.24424,0.01074,22.74,0.1852
simclr/uniform,75,0.56889,0.22001,2.59,0.0252,0.18646,0.01632,11.42,0.1025
simclr/uniform,76,0.57414,0.39104,1.47,0.0145,0.08667,0.03047,2.84,0.0277
simclr/uniform,77,0.59939,0.42238,1.42,0.014,0.07899,0.02966,2.66,0.0259
simclr/uniform,78,0.59556,0.38359,1.55,0.0153,0.10263,0.02958,3.47,0.0335
simclr/uniform,79,0.62283,0.31455,1.98,0.0194,0.11778,0.01885,6.25,0.0588
simclr/uniform,80,0.42182,0.34267,1.23,0.0122,0.04889,0.02171,2.25,0.022
simclr/uniform,81,0.70404,0.41345,1.7,0.0167,0.10889,0.03193,3.41,0.033
simclr/uniform,82,0.69212,0.41165,1.68,0.0165,0.12283,0.03185,3.86,0.0371
simclr/uniform,83,0.27919,0.15127,1.85,0.0181,0.0804,0.00645,12.47,0.1108
simclr/uniform,84,0.70707,0.45826,1.54,0.0152,0.1402,0.03676,3.81,0.0367
simclr/uniform,85,0.41394,0.18947,2.18,0.0214,0.08404,0.01015,8.28,0.0765
simclr/uniform,86,0.70606,0.36559,1.93,0.0189,0.14465,0.02049,7.06,0.0659
simclr/uniform,87,0.30424,0.18942,1.61,0.0158,0.0299,0.00576,5.19,0.0494
simclr/uniform,88,0.4602,0.33003,1.39,0.0138,0.05919,0.01804,3.28,0.0318
simclr/uniform,89,0.76162,0.4675,1.63,0.016,0.14485,0.03712,3.9,0.0376
simclr/uniform,90,0.70545,0.44488,1.59,0.0156,0.11697,0.03412,3.43,0.0331
simclr/uniform,91,0.29475,0.19243,1.53,0.0151,0.04869,0.0098,4.97,0.0473
simclr/uniform,92,0.38444,0.15806,2.43,0.0237,0.13051,0.00486,26.88,0.2118
simclr/uniform,93,0.59172,0.2613,2.26,0.0221,0.19192,0.01872,10.25,0.093
simclr/uniform,94,0.46485,0.19771,2.35,0.023,0.11475,0.01145,10.02,0.0911
simclr/uniform,95,0.66141,0.28155,2.35,0.023,0.16,0.01606,9.96,0.0906
simclr/uniform,96,0.77859,0.20571,3.78,0.0365,0.38121,0.01286,29.65,0.2287
simclr/uniform,97,0.80646,0.38484,2.1,0.0205,0.22404,0.02504,8.95,0.0821
simclr/uniform,98,0.72101,0.25717,2.8,0.0273,0.23697,0.01109,21.36,0.176
simclr/uniform,99,0.65111,0.31035,2.1,0.0205,0.18,0.01598,11.26,0.1012
simclr/uniform_align,0,0.11515,0.01595,7.22,0.0673,0.02222,0.00066,33.54,0.2511
simclr/uniform_align,1,0.23818,0.01676,14.22,0.1245,0.05576,0.00061,91.39,0.4775
simclr/uniform_align,2,0.13677,0.01641,8.34,0.0769,0.02081,0.00072,29.1,0.2254
simclr/uniform_align,3,0.13232,0.01121,11.8,0.1056,0.02061,0.00047,44.06,0.3058
simclr/uniform_align,4,0.18364,0.03135,5.86,0.0553,0.03273,0.00184,17.77,0.1509
simclr/uniform_align,5,0.10202,0.01178,8.66,0.0797,0.01717,0.00044,39.17,0.2815
simclr/uniform_align,6,0.27192,0.01795,15.15,0.1316,0.0604,0.00061,98.52,0.4963
simclr/uniform_align,7,0.07313,0.02051,3.57,0.0344,0.00707,0.00105,6.74,0.0632
simclr/uniform_align,8,0.21354,0.0304,7.02,0.0656,0.04343,0.0016,27.15,0.2135
simclr/uniform_align,9,0.10909,0.01889,5.78,0.0546,0.01737,0.00084,20.6,0.1708
simclr/uniform_align,10,0.28949,0.04455,6.5,0.061,0.06747,0.00263,25.7,0.2045
simclr/uniform_align,11,0.08081,0.01553,5.2,0.0495,0.01414,0.00079,17.83,0.1514
simclr/uniform_align,12,0.11051,0.00971,11.38,0.1021,0.01798,0.00047,37.95,0.2751
simclr/uniform_align,13,0.16081,0.03979,4.04,0.0388,0.01556,0.00247,6.29,0.0592
simclr/uniform_align,14,0.22949,0.02742,8.37,0.0772,0.04808,0.00192,25.01,0.2001
simclr/uniform_align,15,0.24061,0.02095,11.49,0.103,0.05192,0.00125,41.55,0.2935
simclr/uniform_align,16,0.13636,0.03374,4.04,0.0389,0.02121,0.00194,10.96,0.0988
simclr/uniform_align,17,0.14505,0.03398,4.27,0.0409,0.0196,0.00185,10.61,0.0959
simclr/uniform_align,18,0.14404,0.02777,5.19,0.0493,0.02242,0.00155,14.48,0.1265
simclr/uniform_align,19,0.2196,0.04055,5.42,0.0514,0.03859,0.00269,14.33,0.1254
simclr/uniform_align,20,0.07273,0.02628,2.77,0.0269,0.00707,0.00163,4.35,0.0417
simclr/uniform_align,21,0.12626,0.03907,3.23,0.0313,0.01414,0.00256,5.53,0.0524
simclr/uniform_align,22,0.09394,0.03419,2.75,0.0267,0.01414,0.0024,5.88,0.0556
simclr/uniform_align,23,0.10081,0.02853,3.53,0.0341,0.01212,0.00156,7.75,0.0719
simclr/uniform_align,24,0.20323,0.02662,7.63,0.0709,0.04081,0.00165,24.66,0.1978
simclr/uniform_align,25,0.23333,0.02561,9.11,0.0835,0.07697,0.00127,60.67,0.3776
simclr/uniform_align,26,0.17859,0.03546,5.04,0.0479,0.03899,0.00237,16.44,0.1412
simclr/uniform_align,27,0.17273,0.03822,4.52,0.0432,0.02424,0.00244,9.95,0.0905
simclr/uniform_align,28,0.14263,0.03876,3.68,0.0355,0.01758,0.00248,7.07,0.0661
simclr/uniform_align,29,0.10444,0.03605,2.9,0.0282,0.01131,0.00236,4.8,0.0458
simclr/uniform_align,30,0.12707,0.0366,3.47,0.0336,0.01394,0.00179,7.78,0.0722
simclr/uniform_align,31,0.09394,0.02581,3.64,0.0351,0.01636,0.00153,10.68,0.0965
simclr/uniform_align,32,0.13515,0.02538,5.33,0.0506,0.02364,0.00161,14.73,0.1284
simclr/uniform_align,33,0.15313,0.01748,8.76,0.0805,0.02768,0.00106,26.07,0.2068
simclr/uniform_align,34,0.13636,0.02313,5.9,0.0557,0.02323,0.00124,18.78,0.1581
simclr/uniform_align,35,0.35071,0.02707,12.95,0.1147,0.0796,0.0014,56.94,0.3628
simclr/uniform_align,36,0.15414,0.01831,8.42,0.0777,0.02303,0.00098,23.48,0.1902
simclr/uniform_align,37,0.12566,0.022,5.71,0.054,0.02141,0.00163,13.13,0.116
simclr/uniform_align,38,0.04141,0.01671,2.48,0.0242,0.00303,0.0006,5.02,0.0478
simclr/uniform_align,39,0.17495,0.01789,9.78,0.0891,0.02909,0.00073,39.94,0.2854
simclr/uniform_align,40,0.11556,0.02839,4.07,0.0391,0.01677,0.00181,9.25,0.0847
simclr/uniform_align,41,0.15818,0.01897,8.34,0.077,0.03232,0.00105,30.68,0.2348
simclr/uniform_align,42,0.14384,0.01792,8.03,0.0743,0.02485,0.001,24.92,0.1995
simclr/uniform_align,43,0.16646,0.03429,4.85,0.0463,0.02343,0.0017,13.76,0.121
simclr/uniform_align,44,0.35515,0.01874,18.95,0.1593,0.15111,0.0012,126.14,0.5578
simclr/uniform_align,45,0.07333,0.02126,3.45,0.0333,0.00646,0.00091,7.13,0.0666
simclr/uniform_align,46,0.24848,0.02979,8.34,0.077,0.06323,0.00204,30.94,0.2363
simclr/uniform_align,47,0.31091,0.01519,20.46,0.1699,0.05859,0.00075,77.75,0.4374
simclr/uniform_align,48,0.23172,0.04444,5.21,0.0496,0.04222,0.00255,16.54,0.1419
simclr/uniform_align,49,0.09495,0.02338,4.06,0.039,0.01354,0.00097,14.0,0.1228
simclr/uniform_align,50,0.21434,0.01631,13.14,0.1161,0.05333,0.00076,69.84,0.4112
simclr/uniform_align,51,0.07515,0.02828,2.66,0.0259,0.00667,0.00105,6.33,0.0596
simclr/uniform_align,52,0.14848,0.01086,13.67,0.1202,0.03717,0.00052,72.16,0.4191
simclr/uniform_align,53,0.13939,0.02916,4.78,0.0456,0.01919,0.00155,12.38,0.1101
simclr/uniform_align,54,0.05111,0.01053,4.85,0.0463,0.00525,0.00046,11.45,0.1028
simclr/uniform_align,55,0.14828,0.02788,5.32,0.0505,0.02626,0.0015,17.53,0.1492
simclr/uniform_align,56,0.14141,0.02316,6.11,0.0575,0.02525,0.00116,21.72,0.1784
simclr/uniform_align,57,0.23434,0.05359,4.37,0.0419,0.02505,0.00303,8.27,0.0764
simclr/uniform_align,58,0.14646,0.02475,5.92,0.0559,0.02768,0.0013,21.24,0.1752
simclr/uniform_align,59,0.07939,0.03107,2.56,0.0249,0.0103,0.00183,5.62,0.0532
simclr/uniform_align,60,0.19091,0.01952,9.78,0.0891,0.03697,0.00066,56.13,0.3595
simclr/uniform_align,61,0.15212,0.03154,4.82,0.046,0.02788,0.00144,19.42,0.1626
simclr/uniform_align,62,0.18889,0.03437,5.5,0.0521,0.03838,0.00189,20.28,0.1686
simclr/uniform_align,63,0.14667,0.02853,5.14,0.0489,0.01515,0.00103,14.75,0.1285
simclr/uniform_align,64,0.14242,0.02258,6.31,0.0593,0.02141,0.00109,19.72,0.1647
simclr/uniform_align,65,0.09434,0.02434,3.88,0.0373,0.00808,0.00119,6.79,0.0635
simclr/uniform_align,66,0.12263,0.02011,6.1,0.0575,0.02081,0.00094,22.15,0.1813
simclr/uniform_align,67,0.12263,0.02169,5.65,0.0535,0.02061,0.00119,17.33,0.1477
simclr/uniform_align,68,0.22949,0.02735,8.39,0.0774,0.04444,0.00127,34.89,0.2587
simclr/uniform_align,69,0.26505,0.03123,8.49,0.0782,0.05919,0.00186,31.87,0.2416
simclr/uniform_align,70,0.14121,0.04159,3.4,0.0328,0.01596,0.00213,7.48,0.0696
simclr/uniform_align,71,0.18586,0.00883,21.04,0.1738,0.05293,0.00039,135.05,0.5746
simclr/uniform_align,72,0.13596,0.02031,6.7,0.0628,0.01192,0.00087,13.72,0.1207
simclr/uniform_align,73,0.11737,0.03174,3.7,0.0357,0.01374,0.00152,9.04,0.0829
simclr/uniform_align,74,0.26909,0.0083,32.41,0.2448,0.07354,0.00059,125.3,0.5561
simclr/uniform_align,75,0.32384,0.0168,19.27,0.1616,0.10465,0.00071,147.79,0.5964
simclr/uniform_align,76,0.11697,0.03287,3.56,0.0344,0.01172,0.00159,7.39,0.0688
simclr/uniform_align,77,0.09434,0.03041,3.1,0.0301,0.01394,0.00133,10.46,0.0947
simclr/uniform_align,78,0.13616,0.03189,4.27,0.041,0.01717,0.00151,11.34,0.1019
simclr/uniform_align,79,0.16444,0.02464,6.67,0.0626,0.02626,0.00116,22.71,0.1851
simclr/uniform_align,80,0.07535,0.02773,2.72,0.0265,0.01273,0.00145,8.79,0.0808
simclr/uniform_align,81,0.1398,0.03422,4.09,0.0393,0.01414,0.00169,8.38,0.0773
simclr/uniform_align,82,0.18667,0.03823,4.88,0.0466,0.02242,0.0019,11.78,0.1054
simclr/uniform_align,83,0.1503,0.00903,16.65,0.1427,0.06828,0.00035,194.25,0.6602
simclr/uniform_align,84,0.13091,0.0315,4.16,0.0399,0.01737,0.00173,10.04,0.0912
simclr/uniform_align,85,0.18747,0.01252,14.98,0.1303,0.03131,0.00039,79.9,0.4441
simclr/uniform_align,86,0.19051,0.02006,9.5,0.0867,0.0301,0.00082,36.74,0.2687
simclr/uniform_align,87,0.07455,0.01114,6.69,0.0627,0.00788,0.00029,27.08,0.2131
simclr/uniform_align,88,0.09879,0.02314,4.27,0.0409,0.01697,0.00102,16.72,0.1432
simclr/uniform_align,89,0.21071,0.04444,4.74,0.0453,0.02727,0.00201,13.55,0.1193
simclr/uniform_align,90,0.14788,0.03421,4.32,0.0414,0.01556,0.00165,9.42,0.0861
simclr/uniform_align,91,0.10727,0.01273,8.43,0.0777,0.01778,0.00041,43.89,0.305
simclr/uniform_align,92,0.25455,0.00724,35.16,0.2601,0.09636,0.00019,499.48,0.8332
simclr/uniform_align,93,0.21515,0.02035,10.57,0.0956,0.07051,0.00112,63.11,0.3869
simclr/uniform_align,94,0.1798,0.01264,14.22,0.1245,0.05172,0.0006,86.49,0.4638
simclr/uniform_align,95,0.22121,0.016,13.83,0.1215,0.03394,0.00057,59.57,0.3733
simclr/uniform_align,96,0.52646,0.01622,32.47,0.2451,0.24,0.00056,429.66,0.8112
simclr/uniform_align,97,0.33374,0.03083,10.82,0.0977,0.06081,0.00136,44.63,0.3086
simclr/uniform_align,98,0.27071,0.01089,24.85,0.1991,0.07273,0.0003,244.9,0.7101
simclr/uniform_align,99,0.20081,0.01436,13.98,0.1227,0.03697,0.00053,70.25,0.4126
byol/ctrl,0,0.47071,0.14462,3.25,0.0315,0.09354,0.00867,10.78,0.0973
byol/ctrl,1,0.6699,0.14929,4.49,0.0429,0.20929,0.01012,20.69,0.1714
byol/ctrl,2,0.56162,0.16864,3.33,0.0322,0.13859,0.012,11.55,0.1035
byol/ctrl,3,0.56384,0.14818,3.81,0.0367,0.15313,0.01101,13.9,0.1221
byol/ctrl,4,0.62121,0.22244,2.79,0.0272,0.14222,0.01616,8.8,0.0809
byol/ctrl,5,0.40162,0.09621,4.17,0.0401,0.09293,0.00593,15.68,0.1356
byol/ctrl,6,0.70101,0.18837,3.72,0.0359,0.22545,0.01081,20.86,0.1726
byol/ctrl,7,0.32747,0.14477,2.26,0.0221,0.04747,0.01003,4.73,0.0452
byol/ctrl,8,0.66667,0.2113,3.16,0.0306,0.17071,0.01719,9.93,0.0904
byol/ctrl,9,0.49273,0.16226,3.04,0.0295,0.10606,0.01163,9.12,0.0836
byol/ctrl,10,0.75798,0.30428,2.49,0.0243,0.26949,0.03006,8.97,0.0823
byol/ctrl,11,0.38848,0.12526,3.1,0.0301,0.08222,0.00822,10.01,0.091
byol/ctrl,12,0.39253,0.0635,6.18,0.0582,0.08828,0.00449,19.68,0.1644
byol/ctrl,13,0.57616,0.24386,2.36,0.0231,0.13172,0.02401,5.49,0.052
byol/ctrl,14,0.67677,0.18418,3.67,0.0354,0.20586,0.01646,12.5,0.1111
byol/ctrl,15,0.60485,0.14965,4.04,0.0388,0.2099,0.01346,15.59,0.1349
byol/ctrl,16,0.51556,0.22639,2.28,0.0223,0.11495,0.02002,5.74,0.0543
byol/ctrl,17,0.60121,0.24601,2.44,0.0239,0.11434,0.0213,5.37,0.0509
byol/ctrl,18,0.4596,0.18759,2.45,0.0239,0.08283,0.01456,5.69,0.0538
byol/ctrl,19,0.63798,0.20692,3.08,0.0299,0.15212,0.01632,9.32,0.0853
byol/ctrl,20,0.39253,0.17234,2.28,0.0223,0.05879,0.01507,3.9,0.0375
byol/ctrl,21,0.50848,0.23641,2.15,0.0211,0.08848,0.02115,4.18,0.0402
byol/ctrl,22,0.40747,0.20078,2.03,0.0199,0.07737,0.01944,3.98,0.0383
byol/ctrl,23,0.48626,0.2174,2.24,0.0219,0.09737,0.01741,5.59,0.053
byol/ctrl,24,0.61495,0.16758,3.67,0.0354,0.15172,0.01346,11.27,0.1013
byol/ctrl,25,0.42727,0.09515,4.49,0.043,0.11273,0.00627,17.99,0.1525
byol/ctrl,26,0.47818,0.17579,2.72,0.0265,0.10465,0.01356,7.72,0.0717
byol/ctrl,27,0.56081,0.21488,2.61,0.0254,0.10909,0.01742,6.26,0.0589
byol/ctrl,28,0.5598,0.24766,2.26,0.0221,0.09677,0.02153,4.49,0.043
byol/ctrl,29,0.43596,0.21256,2.05,0.0201,0.06343,0.01635,3.88,0.0373
byol/ctrl,30,0.44828,0.22092,2.03,0.0199,0.06747,0.01712,3.94,0.0379
byol/ctrl,31,0.41596,0.18541,2.24,0.0219,0.07515,0.01598,4.7,0.0449
byol/ctrl,32,0.50242,0.17744,2.83,0.0275,0.10828,0.01456,7.44,0.0692
byol/ctrl,33,0.60303,0.17075,3.53,0.0341,0.14909,0.01275,11.69,0.1047
byol/ctrl,34,0.54808,0.19151,2.86,0.0278,0.1503,0.01702,8.83,0.0812
byol/ctrl,35,0.79051,0.22952,3.44,0.0333,0.23475,0.01603,14.65,0.1278
byol/ctrl,36,0.52949,0.15425,3.43,0.0332,0.12081,0.01156,10.45,0.0946
byol/ctrl,37,0.55939,0.16537,3.38,0.0327,0.13879,0.01233,11.25,0.1012
byol/ctrl,38,0.33111,0.16535,2.0,0.0196,0.04,0.01022,3.91,0.0377
byol/ctrl,39,0.57879,0.13768,4.2,0.0403,0.14162,0.00519,27.28,0.2143
byol/ctrl,40,0.5297,0.16435,3.22,0.0312,0.12485,0.01404,8.89,0.0816
byol/ctrl,41,0.61111,0.17776,3.44,0.0332,0.14384,0.01307,11.01,0.0991
byol/ctrl,42,0.51333,0.17883,2.87,0.0279,0.09859,0.01246,7.91,0.0733
byol/ctrl,43,0.53071,0.22226,2.39,0.0233,0.10505,0.01725,6.09,0.0574
byol/ctrl,44,0.68283,0.09369,7.29,0.0679,0.32727,0.00806,40.6,0.2888
byol/ctrl,45,0.38485,0.16352,2.35,0.023,0.06101,0.01116,5.47,0.0518
byol/ctrl,46,0.70929,0.21321,3.33,0.0322,0.22424,0.01525,14.7,0.1282
byol/ctrl,47,0.77697,0.13572,5.72,0.0541,0.23273,0.0079,29.47,0.2276
byol/ctrl,48,0.63596,0.23988,2.65,0.0258,0.15414,0.018,8.56,0.0789
byol/ctrl,49,0.38889,0.18347,2.12,0.0208,0.05152,0.01188,4.34,0.0416
byol/ctrl,50,0.56747,0.14317,3.96,0.0381,0.15798,0.00921,17.15,0.1464
byol/ctrl,51,0.24061,0.16476,1.46,0.0144,0.02929,0.00989,2.96,0.0288
byol/ctrl,52,0.48485,0.10905,4.45,0.0426,0.12424,0.00745,16.67,0.1429
byol/ctrl,53,0.45212,0.1813,2.49,0.0243,0.07717,0.01416,5.45,0.0517
byol/ctrl,54,0.23818,0.08197,2.91,0.0282,0.03778,0.00501,7.54,0.0701
byol/ctrl,55,0.56162,0.2545,2.21,0.0216,0.13838,0.01989,6.96,0.065
byol/ctrl,56,0.54727,0.21215,2.58,0.0251,0.11313,0.01602,7.06,0.066
byol/ctrl,57,0.62404,0.26996,2.31,0.0226,0.14182,0.02514,5.64,0.0534
byol/ctrl,58,0.44828,0.16064,2.79,0.0271,0.10687,0.0127,8.42,0.0776
byol/ctrl,59,0.28667,0.17763,1.61,0.0159,0.0497,0.0163,3.05,0.0296
byol/ctrl,60,0.47899,0.16865,2.84,0.0276,0.10667,0.00975,10.94,0.0986
byol/ctrl,61,0.49717,0.20336,2.44,0.0239,0.09717,0.01612,6.03,0.0569
byol/ctrl,62,0.55374,0.21849,2.53,0.0247,0.13253,0.01899,6.98,0.0652
byol/ctrl,63,0.44222,0.17555,2.52,0.0246,0.06404,0.01166,5.49,0.0521
byol/ctrl,64,0.43414,0.15827,2.74,0.0267,0.08909,0.01176,7.58,0.0704
byol/ctrl,65,0.41293,0.1916,2.16,0.0211,0.0602,0.01199,5.02,0.0478
byol/ctrl,66,0.47374,0.15759,3.01,0.0292,0.10081,0.01144,8.81,0.081
byol/ctrl,67,0.32869,0.10033,3.28,0.0317,0.05818,0.00669,8.69,0.08
byol/ctrl,68,0.69131,0.23546,2.94,0.0285,0.1998,0.01997,10.0,0.0909
byol/ctrl,69,0.71859,0.24578,2.92,0.0284,0.23354,0.02128,10.97,0.0989
byol/ctrl,70,0.37253,0.1964,1.9,0.0186,0.04424,0.01446,3.06,0.0297
byol/ctrl,71,0.33212,0.0411,8.08,0.0748,0.10081,0.00228,44.24,0.3067
byol/ctrl,72,0.48646,0.18124,2.68,0.0261,0.09778,0.01239,7.89,0.0731
byol/ctrl,73,0.31111,0.15561,2.0,0.0196,0.03616,0.00867,4.17,0.04
byol/ctrl,74,0.68444,0.09717,7.04,0.0658,0.25879,0.00851,30.4,0.2331
byol/ctrl,75,0.59596,0.09413,6.33,0.0595,0.21212,0.00599,35.38,0.2614
byol/ctrl,76,0.49697,0.21202,2.34,0.0229,0.0703,0.01313,5.36,0.0508
byol/ctrl,77,0.32869,0.18691,1.76,0.0173,0.04606,0.01177,3.91,0.0377
byol/ctrl,78,0.46283,0.19459,2.38,0.0232,0.07616,0.01505,5.06,0.0482
byol/ctrl,79,0.49576,0.18134,2.73,0.0266,0.10384,0.01053,9.86,0.0898
byol/ctrl,80,0.20646,0.14327,1.44,0.0142,0.02768,0.00916,3.02,0.0293
byol/ctrl,81,0.58404,0.25591,2.28,0.0223,0.09899,0.01974,5.02,0.0478
byol/ctrl,82,0.57515,0.2375,2.42,0.0236,0.10081,0.01636,6.16,0.058
byol/ctrl,83,0.25293,0.05074,4.98,0.0475,0.10525,0.0025,42.14,0.2964
byol/ctrl,84,0.51758,0.22792,2.27,0.0222,0.11636,0.02106,5.53,0.0524
byol/ctrl,85,0.43596,0.09796,4.45,0.0426,0.1398,0.00484,28.88,0.2241
byol/ctrl,86,0.63919,0.19443,3.29,0.0318,0.16949,0.01376,12.32,0.1097
byol/ctrl,87,0.28727,0.11225,2.56,0.025,0.04162,0.00464,8.96,0.0823
byol/ctrl,88,0.3499,0.1595,2.19,0.0215,0.05253,0.00877,5.99,0.0565
byol/ctrl,89,0.6699,0.27592,2.43,0.0237,0.13434,0.02281,5.89,0.0556
byol/ctrl,90,0.54889,0.20893,2.63,0.0256,0.08566,0.01596,5.37,0.0509
byol/ctrl,91,0.26,0.08666,3.0,0.0291,0.07131,0.00455,15.67,0.1355
byol/ctrl,92,0.43576,0.05536,7.87,0.073,0.22848,0.00298,76.78,0.4343
byol/ctrl,93,0.62081,0.16039,3.87,0.0373,0.20646,0.01024,20.15,0.1677
byol/ctrl,94,0.59939,0.13324,4.5,0.0431,0.14869,0.0075,19.83,0.1655
byol/ctrl,95,0.6699,0.21651,3.09,0.03,0.16121,0.01488,10.83,0.0978
byol/ctrl,96,0.88,0.10531,8.36,0.0771,0.5499,0.00768,71.6,0.4173
byol/ctrl,97,0.74343,0.25465,2.92,0.0284,0.22889,0.0188,12.18,0.1085
byol/ctrl,98,0.7499,0.18433,4.07,0.0391,0.25394,0.01164,21.82,0.1791
byol/ctrl,99,0.66343,0.15928,4.17,0.04,0.18545,0.01115,16.63,0.1426
byol/align,0,0.36909,0.0665,5.55,0.0526,0.07131,0.00306,23.31,0.189
byol/align,1,0.6196,0.06856,9.04,0.0829,0.18384,0.00327,56.26,0.36
byol/align,2,0.45212,0.08827,5.12,0.0487,0.09212,0.00461,20.0,0.1667
byol/align,3,0.44747,0.07302,6.13,0.0577,0.09758,0.0038,25.68,0.2043
byol/align,4,0.56182,0.13287,4.23,0.0406,0.10747,0.00665,16.16,0.1391
byol/align,5,0.35192,0.04533,7.76,0.072,0.08404,0.00179,46.93,0.3194
byol/align,6,0.60646,0.07494,8.09,0.0749,0.16384,0.00271,60.45,0.3768
byol/align,7,0.25192,0.07872,3.2,0.031,0.03616,0.00414,8.74,0.0804
byol/align,8,0.55657,0.11325,4.91,0.0468,0.11212,0.00681,16.48,0.1415
byol/align,9,0.37859,0.08191,4.62,0.0442,0.06505,0.00424,15.34,0.133
byol/align,10,0.67556,0.19844,3.4,0.0329,0.20929,0.01399,14.96,0.1301
byol/align,11,0.31939,0.06169,5.18,0.0492,0.06485,0.00301,21.55,0.1773
byol/align,12,0.31939,0.03062,10.43,0.0945,0.06343,0.00202,31.43,0.2391
byol/align,13,0.46424,0.14817,3.13,0.0304,0.07636,0.01051,7.26,0.0677
byol/align,14,0.54545,0.09909,5.5,0.0522,0.12687,0.0067,18.92,0.1591
byol/align,15,0.48929,0.06659,7.35,0.0685,0.13899,0.00466,29.82,0.2297
byol/align,16,0.40444,0.13791,2.93,0.0285,0.07576,0.00929,8.15,0.0754
byol/align,17,0.44384,0.14162,3.13,0.0304,0.06323,0.00872,7.25,0.0676
byol/align,18,0.33879,0.10398,3.26,0.0316,0.05071,0.00597,8.49,0.0782
byol/align,19,0.50626,0.10911,4.64,0.0443,0.09677,0.00641,15.09,0.1311
byol/align,20,0.2796,0.09634,2.9,0.0282,0.03535,0.00665,5.32,0.0505
byol/align,21,0.36404,0.14075,2.59,0.0252,0.04848,0.00929,5.22,0.0496
byol/align,22,0.29354,0.11806,2.49,0.0243,0.04747,0.00839,5.66,0.0536
byol/align,23,0.3701,0.11998,3.08,0.0299,0.05677,0.00697,8.15,0.0753
byol/align,24,0.48465,0.0897,5.4,0.0513,0.09091,0.00556,16.35,0.1405
byol/align,25,0.38202,0.05055,7.56,0.0703,0.0998,0.0024,41.51,0.2933
byol/align,26,0.36101,0.09857,3.66,0.0353,0.06505,0.00602,10.81,0.0976
byol/align,27,0.42828,0.1214,3.53,0.0341,0.06768,0.00734,9.22,0.0844
byol/align,28,0.4103,0.14345,2.86,0.0278,0.05374,0.00919,5.84,0.0552
byol/align,29,0.32566,0.1269,2.57,0.025,0.03394,0.00728,4.66,0.0445
byol/align,30,0.31758,0.12564,2.53,0.0247,0.03758,0.00668,5.63,0.0533
byol/align,31,0.30949,0.11228,2.76,0.0268,0.04747,0.00757,6.27,0.059
byol/align,32,0.36828,0.0923,3.99,0.0384,0.06606,0.00596,11.08,0.0998
byol/align,33,0.47051,0.09491,4.96,0.0472,0.1004,0.00552,18.19,0.1539
byol/align,34,0.42485,0.1029,4.13,0.0397,0.08848,0.00675,13.11,0.1159
byol/align,35,0.66646,0.11309,5.89,0.0557,0.16525,0.00578,28.59,0.2223
byol/align,36,0.42889,0.08007,5.36,0.0508,0.07677,0.00445,17.23,0.147
byol/align,37,0.44626,0.08661,5.15,0.049,0.09333,0.00494,18.89,0.1589
byol/align,38,0.26889,0.09643,2.79,0.0271,0.02949,0.00424,6.96,0.0651
byol/align,39,0.51071,0.06629,7.7,0.0715,0.13071,0.00186,70.21,0.4125
byol/align,40,0.4,0.08732,4.58,0.0438,0.07556,0.0062,12.18,0.1086
byol/align,41,0.44949,0.08839,5.09,0.0484,0.0796,0.00483,16.48,0.1415
byol/align,42,0.37758,0.09285,4.07,0.0391,0.06343,0.00502,12.64,0.1122
byol/align,43,0.39677,0.13038,3.04,0.0295,0.07212,0.00756,9.54,0.0871
byol/align,44,0.61556,0.04663,13.2,0.1166,0.29434,0.00444,66.27,0.3986
byol/align,45,0.2604,0.08465,3.08,0.0298,0.02949,0.00389,7.58,0.0704
byol/align,46,0.59313,0.12173,4.87,0.0465,0.16424,0.00615,26.72,0.2108
byol/align,47,0.63717,0.06037,10.55,0.0955,0.14707,0.00311,47.32,0.3212
byol/align,48,0.51192,0.13633,3.76,0.0362,0.09758,0.00745,13.11,0.1159
byol/align,49,0.26788,0.09088,2.95,0.0286,0.03333,0.00448,7.45,0.0693
byol/align,50,0.44404,0.06687,6.64,0.0623,0.11475,0.00335,34.24,0.2551
byol/align,51,0.18424,0.09883,1.86,0.0183,0.01838,0.00382,4.82,0.0459
byol/align,52,0.36424,0.05213,6.99,0.0653,0.08707,0.00316,27.59,0.2163
byol/align,53,0.35131,0.10642,3.3,0.032,0.04707,0.00578,8.14,0.0753
byol/align,54,0.16606,0.03787,4.38,0.042,0.02202,0.00178,12.4,0.1103
byol/align,55,0.41657,0.1342,3.1,0.0301,0.08626,0.00746,11.56,0.1036
byol/align,56,0.44646,0.12102,3.69,0.0356,0.07939,0.00724,10.96,0.0988
byol/align,57,0.5297,0.17365,3.05,0.0296,0.09879,0.01145,8.63,0.0794
byol/align,58,0.36182,0.09442,3.83,0.0369,0.07495,0.00535,14.02,0.123
byol/align,59,0.23818,0.10805,2.2,0.0216,0.03333,0.00751,4.44,0.0425
byol/align,60,0.40606,0.09216,4.41,0.0422,0.07899,0.00361,21.87,0.1794
byol/align,61,0.4198,0.13216,3.18,0.0308,0.07232,0.00743,9.73,0.0887
byol/align,62,0.46141,0.12615,3.66,0.0353,0.10667,0.00794,13.43,0.1184
byol/align,63,0.39859,0.11394,3.5,0.0338,0.05576,0.00506,11.03,0.0993
byol/align,64,0.33556,0.08564,3.92,0.0377,0.05495,0.00445,12.36,0.11
byol/align,65,0.33333,0.10429,3.2,0.031,0.04364,0.00472,9.24,0.0846
byol/align,66,0.38566,0.09018,4.28,0.041,0.07091,0.00447,15.85,0.1368
byol/align,67,0.2699,0.06217,4.34,0.0416,0.04323,0.00329,13.15,0.1162
byol/align,68,0.61899,0.13541,4.57,0.0437,0.14101,0.00773,18.24,0.1543
byol/align,69,0.63737,0.13178,4.84,0.0461,0.1798,0.00911,19.74,0.1649
byol/align,70,0.2802,0.11782,2.38,0.0232,0.02707,0.00594,4.56,0.0436
byol/align,71,0.2802,0.02317,12.09,0.1079,0.07131,0.00112,63.83,0.3896
byol/align,72,0.39576,0.09835,4.02,0.0387,0.06101,0.00472,12.92,0.1144
byol/align,73,0.22101,0.08655,2.55,0.0249,0.01919,0.00361,5.32,0.0505
byol/align,74,0.64586,0.03796,17.01,0.1454,0.24707,0.00344,71.84,0.418
byol/align,75,0.51273,0.0412,12.44,0.1107,0.16222,0.00201,80.7,0.4466
byol/align,76,0.41717,0.12752,3.27,0.0317,0.04465,0.0054,8.26,0.0763
byol/align,77,0.22646,0.10266,2.21,0.0216,0.02242,0.0045,4.99,0.0475
byol/align,78,0.33899,0.10971,3.09,0.03,0.04162,0.00581,7.17,0.0669
byol/align,79,0.38,0.09457,4.02,0.0386,0.07475,0.00399,18.72,0.1577
byol/align,80,0.15596,0.08512,1.83,0.018,0.01778,0.0037,4.81,0.0459
byol/align,81,0.45434,0.14891,3.05,0.0296,0.05778,0.00822,7.03,0.0657
byol/align,82,0.45071,0.13442,3.35,0.0324,0.05475,0.00635,8.62,0.0793
byol/align,83,0.21556,0.02652,8.13,0.0752,0.08586,0.00103,83.74,0.4558
byol/align,84,0.42788,0.13763,3.11,0.0302,0.08323,0.00984,8.45,0.078
byol/align,85,0.39455,0.04981,7.92,0.0734,0.08788,0.00153,57.43,0.3648
byol/align,86,0.54081,0.11429,4.73,0.0452,0.11354,0.00576,19.71,0.1646
byol/align,87,0.22707,0.06067,3.74,0.0361,0.02727,0.00171,15.92,0.1373
byol/align,88,0.26525,0.09225,2.88,0.028,0.03071,0.00372,8.26,0.0763
byol/align,89,0.55859,0.17482,3.2,0.031,0.09172,0.01011,9.07,0.0832
byol/align,90,0.4198,0.1288,3.26,0.0316,0.05131,0.00702,7.31,0.0681
byol/align,91,0.22667,0.04677,4.85,0.0462,0.05333,0.00165,32.39,0.2447
byol/align,92,0.42081,0.02913,14.44,0.1262,0.20707,0.00133,156.01,0.6094
byol/align,93,0.46889,0.06953,6.74,0.0632,0.17212,0.00367,46.94,0.3195
byol/align,94,0.39475,0.05439,7.26,0.0677,0.09899,0.00256,38.63,0.2786
byol/align,95,0.54828,0.09919,5.53,0.0524,0.10545,0.00427,24.69,0.198
byol/align,96,0.85152,0.04377,19.45,0.1629,0.51333,0.00269,191.12,0.6565
byol/align,97,0.65616,0.1507,4.35,0.0417,0.16444,0.0071,23.17,0.1881
byol/align,98,0.66061,0.06458,10.23,0.0928,0.18768,0.00228,82.14,0.451
byol/align,99,0.58949,0.07937,7.43,0.0691,0.15131,0.00411,36.86,0.2693
dino/ctrl,0,0.65253,0.32075,2.03,0.0199,0.14263,0.01316,10.84,0.0978
dino/ctrl,1,0.80788,0.31576,2.56,0.0249,0.25212,0.01472,17.13,0.1462
dino/ctrl,2,0.70323,0.35864,1.96,0.0192,0.15192,0.01666,9.12,0.0835
dino/ctrl,3,0.71354,0.31429,2.27,0.0222,0.18525,0.01436,12.9,0.1143
dino/ctrl,4,0.81131,0.46051,1.76,0.0173,0.19414,0.0285,6.81,0.0638
dino/ctrl,5,0.62828,0.27502,2.28,0.0223,0.10606,0.01179,9.0,0.0825
dino/ctrl,6,0.88505,0.42671,2.07,0.0203,0.29495,0.01998,14.76,0.1286
dino/ctrl,7,0.54121,0.32001,1.69,0.0166,0.07515,0.01582,4.75,0.0454
dino/ctrl,8,0.75131,0.38032,1.98,0.0194,0.16101,0.02355,6.84,0.064
dino/ctrl,9,0.61899,0.31797,1.95,0.0191,0.1303,0.01651,7.89,0.0732
dino/ctrl,10,0.85939,0.51313,1.67,0.0165,0.31273,0.04695,6.66,0.0624
dino/ctrl,11,0.60626,0.30574,1.98,0.0194,0.11717,0.01562,7.5,0.0698
dino/ctrl,12,0.61636,0.25259,2.44,0.0238,0.12263,0.00937,13.09,0.1157
dino/ctrl,13,0.72162,0.42611,1.69,0.0167,0.12545,0.02863,4.38,0.042
dino/ctrl,14,0.79697,0.37524,2.12,0.0208,0.21212,0.02221,9.55,0.0872
dino/ctrl,15,0.7899,0.3306,2.39,0.0233,0.27333,0.02309,11.84,0.1059
dino/ctrl,16,0.72061,0.44286,1.63,0.016,0.16788,0.03366,4.99,0.0475
dino/ctrl,17,0.77515,0.45713,1.7,0.0167,0.15535,0.03158,4.92,0.0469
dino/ctrl,18,0.64808,0.39796,1.63,0.016,0.14485,0.02771,5.23,0.0497
dino/ctrl,19,0.74788,0.42761,1.75,0.0172,0.20566,0.0312,6.59,0.0618
dino/ctrl,20,0.56545,0.35546,1.59,0.0157,0.07657,0.02101,3.65,0.0352
dino/ctrl,21,0.66747,0.432,1.55,0.0152,0.11071,0.03146,3.52,0.034
dino/ctrl,22,0.59899,0.3839,1.56,0.0154,0.10222,0.02779,3.68,0.0355
dino/ctrl,23,0.66545,0.3705,1.8,0.0176,0.11576,0.02142,5.41,0.0513
dino/ctrl,24,0.73818,0.35442,2.08,0.0204,0.19192,0.02334,8.22,0.076
dino/ctrl,25,0.71394,0.32009,2.23,0.0218,0.18586,0.01811,10.26,0.0931
dino/ctrl,26,0.67354,0.36082,1.87,0.0183,0.15677,0.02391,6.56,0.0615
dino/ctrl,27,0.78364,0.42106,1.86,0.0183,0.17859,0.02814,6.35,0.0597
dino/ctrl,28,0.6901,0.41542,1.66,0.0163,0.10646,0.02707,3.93,0.0378
dino/ctrl,29,0.59293,0.40322,1.47,0.0145,0.08687,0.02509,3.46,0.0335
dino/ctrl,30,0.61172,0.41177,1.49,0.0146,0.09152,0.02607,3.51,0.0339
dino/ctrl,31,0.63576,0.36465,1.74,0.0171,0.1099,0.02248,4.89,0.0466
dino/ctrl,32,0.66586,0.33709,1.98,0.0194,0.13495,0.01913,7.05,0.0659
dino/ctrl,33,0.70869,0.33071,2.14,0.021,0.16768,0.01564,10.72,0.0968
dino/ctrl,34,0.72202,0.36434,1.98,0.0194,0.17778,0.02272,7.83,0.0726
dino/ctrl,35,0.89556,0.39612,2.26,0.0221,0.24929,0.01998,12.48,0.1109
dino/ctrl,36,0.7196,0.30092,2.39,0.0234,0.1503,0.01384,10.86,0.098
dino/ctrl,37,0.70768,0.3442,2.06,0.0201,0.16404,0.01846,8.89,0.0816
dino/ctrl,38,0.55818,0.34313,1.63,0.016,0.06242,0.01441,4.33,0.0415
dino/ctrl,39,0.7301,0.36379,2.01,0.0197,0.18687,0.0159,11.76,0.1052
dino/ctrl,40,0.70747,0.34465,2.05,0.0201,0.18828,0.02329,8.08,0.0748
dino/ctrl,41,0.74586,0.34249,2.18,0.0213,0.16768,0.01782,9.41,0.086
dino/ctrl,42,0.72606,0.36157,2.01,0.0197,0.15616,0.01924,8.12,0.0751
dino/ctrl,43,0.69354,0.40238,1.72,0.0169,0.14949,0.02353,6.35,0.0597
dino/ctrl,44,0.92606,0.30522,3.03,0.0294,0.46424,0.01759,26.39,0.2088
dino/ctrl,45,0.5404,0.33457,1.62,0.0159,0.06788,0.01504,4.51,0.0432
dino/ctrl,46,0.82747,0.41662,1.99,0.0195,0.25434,0.02565,9.91,0.0902
dino/ctrl,47,0.89374,0.37043,2.41,0.0236,0.28747,0.01539,18.68,0.1574
dino/ctrl,48,0.76909,0.45509,1.69,0.0166,0.19414,0.03204,6.06,0.0571
dino/ctrl,49,0.52303,0.33435,1.56,0.0154,0.06424,0.01478,4.35,0.0416
dino/ctrl,50,0.70121,0.3047,2.3,0.0225,0.19071,0.01696,11.24,0.1011
dino/ctrl,51,0.42909,0.34522,1.24,0.0123,0.04121,0.01633,2.52,0.0246
dino/ctrl,52,0.68444,0.28927,2.37,0.0231,0.16929,0.01339,12.64,0.1122
dino/ctrl,53,0.73394,0.40255,1.82,0.0179,0.15313,0.02804,5.46,0.0518
dino/ctrl,54,0.41172,0.21787,1.89,0.0185,0.04424,0.00794,5.58,0.0528
dino/ctrl,55,0.65051,0.40595,1.6,0.0158,0.13919,0.02393,5.82,0.055
dino/ctrl,56,0.75515,0.42067,1.8,0.0176,0.17636,0.02652,6.65,0.0624
dino/ctrl,57,0.79414,0.48265,1.65,0.0162,0.17152,0.03714,4.62,0.0441
dino/ctrl,58,0.67354,0.34467,1.95,0.0192,0.14444,0.02146,6.73,0.0631
dino/ctrl,59,0.47475,0.34793,1.36,0.0135,0.06808,0.02567,2.65,0.0258
dino/ctrl,60,0.68909,0.38585,1.79,0.0175,0.15111,0.02121,7.13,0.0665
dino/ctrl,61,0.76424,0.44966,1.7,0.0167,0.16848,0.02954,5.7,0.054
dino/ctrl,62,0.75859,0.43188,1.76,0.0173,0.19232,0.0315,6.11,0.0575
dino/ctrl,63,0.69758,0.40454,1.72,0.017,0.10485,0.01935,5.42,0.0514
dino/ctrl,64,0.6497,0.34198,1.9,0.0186,0.10788,0.01635,6.6,0.0619
dino/ctrl,65,0.59939,0.34422,1.74,0.0171,0.09394,0.01638,5.74,0.0543
dino/ctrl,66,0.60444,0.30775,1.96,0.0193,0.10869,0.01549,7.02,0.0656
dino/ctrl,67,0.68505,0.33702,2.03,0.0199,0.13919,0.01939,7.18,0.067
dino/ctrl,68,0.76929,0.36041,2.13,0.0209,0.20545,0.02224,9.24,0.0846
dino/ctrl,69,0.78162,0.404,1.93,0.019,0.27737,0.03056,9.08,0.0832
dino/ctrl,70,0.61717,0.41881,1.47,0.0145,0.09111,0.02679,3.4,0.0329
dino/ctrl,71,0.66889,0.22002,3.04,0.0295,0.17333,0.00658,26.36,0.2086
dino/ctrl,72,0.61859,0.3523,1.76,0.0173,0.10182,0.01691,6.02,0.0568
dino/ctrl,73,0.60081,0.35454,1.69,0.0167,0.06869,0.0147,4.67,0.0446
dino/ctrl,74,0.89818,0.29705,3.02,0.0293,0.38768,0.01543,25.12,0.2008
dino/ctrl,75,0.84,0.31406,2.67,0.0261,0.29091,0.01422,20.45,0.1698
dino/ctrl,76,0.6297,0.41837,1.51,0.0148,0.08949,0.02553,3.51,0.0339
dino/ctrl,77,0.57616,0.41188,1.4,0.0138,0.08828,0.02637,3.35,0.0324
dino/ctrl,78,0.65778,0.38313,1.72,0.0169,0.11152,0.02429,4.59,0.0439
dino/ctrl,79,0.71798,0.36834,1.95,0.0191,0.12485,0.01613,7.74,0.0719
dino/ctrl,80,0.41071,0.33192,1.24,0.0122,0.04283,0.01592,2.69,0.0262
dino/ctrl,81,0.74828,0.44781,1.67,0.0164,0.12889,0.02957,4.36,0.0418
dino/ctrl,82,0.76727,0.4449,1.72,0.017,0.14525,0.02787,5.21,0.0495
dino/ctrl,83,0.58101,0.21794,2.67,0.026,0.19657,0.00638,30.8,0.2355
dino/ctrl,84,0.64444,0.39963,1.61,0.0159,0.1202,0.02516,4.78,0.0456
dino/ctrl,85,0.74242,0.28721,2.58,0.0252,0.17192,0.01269,13.55,0.1193
dino/ctrl,86,0.85152,0.43117,1.97,0.0194,0.23576,0.02378,9.91,0.0902
dino/ctrl,87,0.42263,0.26078,1.62,0.0159,0.03374,0.00639,5.28,0.0501
dino/ctrl,88,0.53051,0.31555,1.68,0.0165,0.08101,0.0157,5.16,0.0491
dino/ctrl,89,0.78707,0.4801,1.64,0.0161,0.17859,0.03377,5.29,0.0502
dino/ctrl,90,0.68646,0.39245,1.75,0.0172,0.11434,0.02382,4.8,0.0458
dino/ctrl,91,0.47879,0.22883,2.09,0.0205,0.0901,0.00769,11.72,0.1049
dino/ctrl,92,0.70889,0.31898,2.22,0.0217,0.22707,0.01103,20.58,0.1707
dino/ctrl,93,0.84303,0.38809,2.17,0.0213,0.30727,0.019,16.17,0.1392
dino/ctrl,94,0.73939,0.29286,2.52,0.0246,0.19475,0.0126,15.45,0.1338
dino/ctrl,95,0.78182,0.35774,2.19,0.0214,0.18626,0.01687,11.04,0.0994
dino/ctrl,96,0.94727,0.38513,2.46,0.024,0.59394,0.02122,27.99,0.2187
dino/ctrl,97,0.83838,0.45327,1.85,0.0182,0.23374,0.02816,8.3,0.0766
dino/ctrl,98,0.86444,0.33335,2.59,0.0253,0.28626,0.01452,19.72,0.1647
dino/ctrl,99,0.78283,0.33077,2.37,0.0231,0.23434,0.01493,15.7,0.1357
dino/protoce,0,0.30283,0.02584,11.72,0.1049,0.12667,0.00213,59.6,0.3734
dino/protoce,1,0.50747,0.02238,22.68,0.1849,0.22566,0.00155,145.92,0.5934
dino/protoce,2,0.28323,0.03365,8.42,0.0776,0.07919,0.00278,28.52,0.2219
dino/protoce,3,0.38545,0.02375,16.23,0.1396,0.12444,0.00174,71.63,0.4173
dino/protoce,4,0.50222,0.0511,9.83,0.0895,0.20465,0.00388,52.75,0.3453
dino/protoce,5,0.53859,0.02318,23.23,0.1885,0.21657,0.00151,143.22,0.5888
dino/protoce,6,0.47313,0.02414,19.6,0.1639,0.24263,0.00177,137.34,0.5787
dino/protoce,7,0.25111,0.03366,7.46,0.0694,0.06768,0.00293,23.14,0.1879
dino/protoce,8,0.37051,0.04073,9.1,0.0834,0.10727,0.00318,33.76,0.2524
dino/protoce,9,0.2697,0.03444,7.83,0.0726,0.09071,0.00288,31.46,0.2393
dino/protoce,10,0.49333,0.06585,7.49,0.0697,0.21798,0.00587,37.11,0.2707
dino/protoce,11,0.24384,0.02518,9.69,0.0883,0.09455,0.00256,36.95,0.2698
dino/protoce,12,0.44727,0.02037,21.95,0.18,0.17313,0.00257,67.35,0.4024
dino/protoce,13,0.24283,0.05348,4.54,0.0434,0.05212,0.00574,9.08,0.0833
dino/protoce,14,0.44323,0.03998,11.09,0.0998,0.15818,0.00464,34.1,0.2543
dino/protoce,15,0.51495,0.02581,19.95,0.1664,0.25172,0.0033,76.35,0.4329
dino/protoce,16,0.3103,0.05893,5.27,0.05,0.08667,0.00601,14.43,0.1261
dino/protoce,17,0.29859,0.06177,4.83,0.0461,0.07717,0.00681,11.34,0.1019
dino/protoce,18,0.24202,0.04778,5.07,0.0482,0.06424,0.00502,12.79,0.1134
dino/protoce,19,0.30768,0.0481,6.4,0.0601,0.10141,0.00526,19.28,0.1616
dino/protoce,20,0.15919,0.04251,3.75,0.0361,0.03879,0.00445,8.72,0.0802
dino/protoce,21,0.20081,0.05705,3.52,0.034,0.04727,0.00693,6.82,0.0638
dino/protoce,22,0.19677,0.05086,3.87,0.0372,0.05576,0.00545,10.23,0.0928
dino/protoce,23,0.25051,0.04738,5.29,0.0502,0.07495,0.00485,15.44,0.1337
dino/protoce,24,0.28606,0.03883,7.37,0.0686,0.08444,0.00412,20.5,0.1701
dino/protoce,25,0.53697,0.02926,18.35,0.1551,0.22121,0.0019,116.3,0.5377
dino/protoce,26,0.27313,0.03982,6.86,0.0642,0.10263,0.00475,21.6,0.1776
dino/protoce,27,0.30182,0.05134,5.88,0.0555,0.09879,0.00635,15.56,0.1347
dino/protoce,28,0.22909,0.05834,3.93,0.0378,0.05273,0.00621,8.5,0.0783
dino/protoce,29,0.15535,0.04867,3.19,0.0309,0.02889,0.00529,5.46,0.0517
dino/protoce,30,0.21899,0.0579,3.78,0.0364,0.03939,0.00503,7.84,0.0727
dino/protoce,31,0.21939,0.04588,4.78,0.0456,0.05859,0.00498,11.77,0.1053
dino/protoce,32,0.23616,0.03477,6.79,0.0636,0.06929,0.00372,18.64,0.1571
dino/protoce,33,0.38707,0.02236,17.31,0.1476,0.17091,0.0015,113.86,0.5324
dino/protoce,34,0.28283,0.03275,8.64,0.0795,0.10505,0.00322,32.62,0.246
dino/protoce,35,0.71253,0.02937,24.26,0.1952,0.34848,0.00181,192.85,0.6585
dino/protoce,36,0.42364,0.02579,16.42,0.1411,0.18889,0.002,94.49,0.4858
dino/protoce,37,0.36808,0.03511,10.48,0.0949,0.13657,0.00284,48.17,0.3251
dino/protoce,38,0.20323,0.03715,5.47,0.0519,0.0501,0.00274,18.3,0.1547
dino/protoce,39,0.42808,0.03168,13.51,0.1191,0.20404,0.00244,83.47,0.455
dino/protoce,40,0.36869,0.04038,9.13,0.0837,0.1299,0.00452,28.74,0.2232
dino/protoce,41,0.37293,0.02942,12.68,0.1125,0.12444,0.0022,56.51,0.3611
dino/protoce,42,0.35192,0.02629,13.38,0.118,0.13697,0.00251,54.52,0.3528
dino/protoce,43,0.37172,0.05032,7.39,0.0688,0.13495,0.00405,33.3,0.2498
dino/protoce,44,0.62283,0.02061,30.22,0.232,0.38263,0.00241,159.03,0.6139
dino/protoce,45,0.19636,0.0432,4.55,0.0435,0.04121,0.00364,11.33,0.1018
dino/protoce,46,0.3903,0.03468,11.26,0.1012,0.18525,0.00276,67.11,0.4016
dino/protoce,47,0.52768,0.02397,22.01,0.1804,0.25515,0.00201,127.06,0.5596
dino/protoce,48,0.3602,0.05744,6.27,0.059,0.11414,0.00467,24.45,0.1965
dino/protoce,49,0.22424,0.02796,8.02,0.0742,0.07616,0.00198,38.49,0.2779
dino/protoce,50,0.47697,0.02723,17.52,0.1491,0.22909,0.00279,82.03,0.4506
dino/protoce,51,0.16283,0.05779,2.82,0.0274,0.0297,0.00446,6.66,0.0625
dino/protoce,52,0.3602,0.02838,12.69,0.1126,0.15778,0.00259,60.83,0.3782
dino/protoce,53,0.31535,0.05025,6.28,0.0591,0.09677,0.00485,19.96,0.1664
dino/protoce,54,0.22848,0.02251,10.15,0.0922,0.07939,0.00255,31.18,0.2377
dino/protoce,55,0.3099,0.03223,9.62,0.0877,0.1404,0.00254,55.36,0.3563
dino/protoce,56,0.26222,0.0449,5.84,0.0552,0.09071,0.00446,20.32,0.1689
dino/protoce,57,0.39434,0.08001,4.93,0.047,0.10202,0.00797,12.8,0.1135
dino/protoce,58,0.27636,0.03731,7.41,0.069,0.1097,0.0042,26.14,0.2072
dino/protoce,59,0.16566,0.05052,3.28,0.0317,0.04727,0.00586,8.06,0.0746
dino/protoce,60,0.45596,0.03679,12.39,0.1103,0.16182,0.00223,72.72,0.421
dino/protoce,61,0.30788,0.06829,4.51,0.0431,0.0796,0.00683,11.66,0.1044
dino/protoce,62,0.40424,0.04544,8.9,0.0817,0.1802,0.00417,43.22,0.3018
dino/protoce,63,0.31091,0.06115,5.08,0.0484,0.07636,0.00518,14.75,0.1285
dino/protoce,64,0.22949,0.04057,5.66,0.0535,0.08303,0.00466,17.8,0.1511
dino/protoce,65,0.24667,0.04073,6.06,0.0571,0.0697,0.00327,21.3,0.1756
dino/protoce,66,0.27657,0.03204,8.63,0.0795,0.11737,0.00251,46.78,0.3187
dino/protoce,67,0.26364,0.04379,6.02,0.0568,0.09414,0.00543,17.35,0.1478
dino/protoce,68,0.58707,0.03877,15.14,0.1315,0.25939,0.00341,76.16,0.4323
dino/protoce,69,0.36929,0.04437,8.32,0.0768,0.15697,0.00499,31.45,0.2393
dino/protoce,70,0.26869,0.07725,3.48,0.0336,0.05475,0.00729,7.51,0.0698
dino/protoce,71,0.48949,0.02018,24.26,0.1952,0.21212,0.00211,100.43,0.5011
dino/protoce,72,0.34444,0.03947,8.73,0.0803,0.0998,0.00318,31.37,0.2388
dino/protoce,73,0.2198,0.04799,4.58,0.0438,0.05697,0.00429,13.27,0.1172
dino/protoce,74,0.64081,0.01569,40.84,0.29,0.39798,0.00241,165.06,0.6227
dino/protoce,75,0.74121,0.02454,30.2,0.232,0.39636,0.00162,245.1,0.7102
dino/protoce,76,0.29293,0.06699,4.37,0.0419,0.05394,0.00562,9.61,0.0876
dino/protoce,77,0.2002,0.06017,3.33,0.0322,0.04889,0.00596,8.2,0.0758
dino/protoce,78,0.26444,0.04869,5.43,0.0515,0.08,0.00449,17.81,0.1512
dino/protoce,79,0.43717,0.03146,13.9,0.122,0.14808,0.00194,76.39,0.4331
dino/protoce,80,0.13273,0.05174,2.57,0.025,0.02323,0.00458,5.08,0.0483
dino/protoce,81,0.25172,0.05019,5.01,0.0478,0.05677,0.00383,14.82,0.1291
dino/protoce,82,0.4103,0.05658,7.25,0.0676,0.12889,0.00484,26.61,0.2102
dino/protoce,83,0.33616,0.02789,12.05,0.1076,0.20162,0.00348,57.89,0.3666
dino/protoce,84,0.24121,0.05979,4.03,0.0388,0.05455,0.00589,9.27,0.0848
dino/protoce,85,0.56687,0.02741,20.68,0.1714,0.24768,0.00184,134.28,0.5732
dino/protoce,86,0.44929,0.03501,12.83,0.1137,0.15677,0.00276,56.77,0.3621
dino/protoce,87,0.30747,0.02048,15.02,0.1306,0.08747,0.00112,78.23,0.4389
dino/protoce,88,0.23636,0.05523,4.28,0.041,0.05859,0.00493,11.88,0.1062
dino/protoce,89,0.39939,0.07659,5.21,0.0496,0.13556,0.00583,23.24,0.1886
dino/protoce,90,0.25253,0.0544,4.64,0.0444,0.05939,0.00512,11.6,0.104
dino/protoce,91,0.3103,0.02416,12.84,0.1138,0.09374,0.00144,64.99,0.3939
dino/protoce,92,0.54343,0.01436,37.84,0.2745,0.37939,0.00071,535.81,0.8427
dino/protoce,93,0.50788,0.02292,22.16,0.1814,0.27172,0.00145,187.85,0.6526
dino/protoce,94,0.46828,0.01957,23.92,0.193,0.22667,0.00151,150.4,0.6006
dino/protoce,95,0.47212,0.01858,25.41,0.2026,0.19192,0.00073,264.62,0.7257
dino/protoce,96,0.89455,0.01898,47.14,0.3204,0.6398,0.0019,336.02,0.7707
dino/protoce,97,0.65859,0.04173,15.78,0.1363,0.37374,0.0029,128.74,0.5628
dino/protoce,98,0.81495,0.03029,26.91,0.212,0.48889,0.00134,364.46,0.7847
dino/protoce,99,0.59939,0.02483,24.14,0.1944,0.28121,0.00136,207.45,0.6747
vicreg/ctrl,0,0.34242,0.08536,4.01,0.0386,0.07232,0.00345,20.98,0.1734
vicreg/ctrl,1,0.53879,0.07555,7.13,0.0666,0.1604,0.0039,41.15,0.2915
vicreg/ctrl,2,0.51616,0.11984,4.31,0.0413,0.10626,0.00646,16.46,0.1413
vicreg/ctrl,3,0.47293,0.09395,5.03,0.0479,0.11455,0.00508,22.53,0.1839
vicreg/ctrl,4,0.63091,0.172,3.67,0.0354,0.14687,0.01148,12.8,0.1135
vicreg/ctrl,5,0.27515,0.06212,4.43,0.0424,0.05313,0.00235,22.62,0.1845
vicreg/ctrl,6,0.57111,0.09977,5.72,0.0541,0.18505,0.00408,45.31,0.3118
vicreg/ctrl,7,0.26384,0.11355,2.32,0.0227,0.03232,0.00609,5.31,0.0504
vicreg/ctrl,8,0.57798,0.15049,3.84,0.037,0.12747,0.00953,13.38,0.118
vicreg/ctrl,9,0.37394,0.10273,3.64,0.0351,0.07051,0.00615,11.46,0.1028
vicreg/ctrl,10,0.62303,0.21421,2.91,0.0283,0.21051,0.01689,12.46,0.1108
vicreg/ctrl,11,0.31071,0.08432,3.68,0.0355,0.06162,0.00431,14.3,0.1251
vicreg/ctrl,12,0.22869,0.0465,4.92,0.0469,0.03414,0.00299,11.43,0.1026
vicreg/ctrl,13,0.52889,0.20223,2.62,0.0255,0.09273,0.01577,5.88,0.0555
vicreg/ctrl,14,0.60586,0.14242,4.25,0.0408,0.15051,0.01053,14.29,0.125
vicreg/ctrl,15,0.51091,0.09967,5.13,0.0488,0.13394,0.00649,20.62,0.171
vicreg/ctrl,16,0.4699,0.18561,2.53,0.0247,0.08606,0.01339,6.43,0.0604
vicreg/ctrl,17,0.51737,0.18816,2.75,0.0268,0.07636,0.01176,6.5,0.061
vicreg/ctrl,18,0.37354,0.14634,2.55,0.0249,0.06545,0.00871,7.51,0.0699
vicreg/ctrl,19,0.54626,0.17136,3.19,0.0309,0.10869,0.00985,11.04,0.0994
vicreg/ctrl,20,0.30081,0.13381,2.25,0.022,0.03737,0.00895,4.17,0.0401
vicreg/ctrl,21,0.41879,0.18828,2.22,0.0218,0.05879,0.01386,4.24,0.0407
vicreg/ctrl,22,0.33919,0.15879,2.14,0.0209,0.06222,0.01331,4.68,0.0447
vicreg/ctrl,23,0.41212,0.16403,2.51,0.0245,0.06707,0.01024,6.55,0.0615
vicreg/ctrl,24,0.49535,0.12221,4.05,0.039,0.10667,0.00872,12.24,0.109
vicreg/ctrl,25,0.38545,0.08356,4.61,0.0441,0.08202,0.00447,18.34,0.155
vicreg/ctrl,26,0.40808,0.13468,3.03,0.0294,0.0701,0.00826,8.48,0.0782
vicreg/ctrl,27,0.47495,0.16557,2.87,0.0279,0.07758,0.01016,7.63,0.0709
vicreg/ctrl,28,0.47051,0.19014,2.47,0.0241,0.06889,0.01312,5.25,0.0499
vicreg/ctrl,29,0.37535,0.17938,2.09,0.0205,0.05071,0.01192,4.26,0.0408
vicreg/ctrl,30,0.39596,0.18481,2.14,0.021,0.06303,0.01327,4.75,0.0454
vicreg/ctrl,31,0.36364,0.15278,2.38,0.0232,0.05495,0.01108,4.96,0.0472
vicreg/ctrl,32,0.39818,0.12179,3.27,0.0317,0.08343,0.00827,10.09,0.0916
vicreg/ctrl,33,0.50444,0.10916,4.62,0.0442,0.11899,0.00537,22.16,0.1814
vicreg/ctrl,34,0.47859,0.14375,3.33,0.0322,0.11455,0.01043,10.98,0.099
vicreg/ctrl,35,0.74182,0.16965,4.37,0.0419,0.22525,0.0084,26.81,0.2114
vicreg/ctrl,36,0.48646,0.10791,4.51,0.0431,0.09414,0.00562,16.76,0.1436
vicreg/ctrl,37,0.46283,0.10908,4.24,0.0407,0.10101,0.00677,14.93,0.1299
vicreg/ctrl,38,0.28768,0.13091,2.2,0.0215,0.03374,0.00677,4.99,0.0475
vicreg/ctrl,39,0.4897,0.09485,5.16,0.0491,0.12707,0.00296,42.89,0.3002
vicreg/ctrl,40,0.45475,0.12428,3.66,0.0353,0.09192,0.00789,11.65,0.1043
vicreg/ctrl,41,0.53333,0.12207,4.37,0.0419,0.10646,0.00739,14.41,0.1259
vicreg/ctrl,42,0.46768,0.11839,3.95,0.038,0.08626,0.00551,15.66,0.1354
vicreg/ctrl,43,0.45333,0.167,2.71,0.0264,0.08606,0.01028,8.37,0.0772
vicreg/ctrl,44,0.58545,0.07414,7.9,0.0732,0.21172,0.00437,48.5,0.3266
vicreg/ctrl,45,0.35717,0.13999,2.55,0.0249,0.04081,0.00712,5.73,0.0542
vicreg/ctrl,46,0.56505,0.13851,4.08,0.0392,0.17071,0.00762,22.4,0.183
vicreg/ctrl,47,0.68242,0.09186,7.43,0.0692,0.15051,0.00387,38.87,0.2799
vicreg/ctrl,48,0.61677,0.20299,3.04,0.0295,0.12586,0.01284,9.8,0.0893
vicreg/ctrl,49,0.27273,0.12712,2.15,0.021,0.03414,0.00671,5.09,0.0484
vicreg/ctrl,50,0.44788,0.10668,4.2,0.0403,0.11333,0.00455,24.93,0.1995
vicreg/ctrl,51,0.26,0.15019,1.73,0.017,0.02747,0.0073,3.76,0.0363
vicreg/ctrl,52,0.39232,0.0706,5.56,0.0526,0.08343,0.00331,25.21,0.2014
vicreg/ctrl,53,0.45354,0.15452,2.94,0.0285,0.07838,0.0095,8.25,0.0762
vicreg/ctrl,54,0.14667,0.05226,2.81,0.0273,0.01859,0.00273,6.8,0.0637
vicreg/ctrl,55,0.45293,0.16893,2.68,0.0261,0.1002,0.01061,9.45,0.0863
vicreg/ctrl,56,0.43556,0.14493,3.01,0.0292,0.08848,0.00917,9.65,0.088
vicreg/ctrl,57,0.59535,0.22193,2.68,0.0261,0.11636,0.01766,6.59,0.0618
vicreg/ctrl,58,0.38444,0.11815,3.25,0.0315,0.08202,0.00704,11.65,0.1043
vicreg/ctrl,59,0.27212,0.14353,1.9,0.0186,0.03737,0.01132,3.3,0.032
vicreg/ctrl,60,0.44162,0.11838,3.73,0.036,0.09515,0.00564,16.88,0.1444
vicreg/ctrl,61,0.49091,0.16746,2.93,0.0285,0.0897,0.01078,8.32,0.0768
vicreg/ctrl,62,0.46707,0.16636,2.81,0.0273,0.10343,0.01224,8.45,0.0779
vicreg/ctrl,63,0.41515,0.13764,3.02,0.0293,0.05515,0.00695,7.93,0.0735
vicreg/ctrl,64,0.40384,0.11724,3.44,0.0333,0.06606,0.0062,10.66,0.0963
vicreg/ctrl,65,0.42889,0.16231,2.64,0.0257,0.06667,0.009,7.4,0.0689
vicreg/ctrl,66,0.33798,0.10842,3.12,0.0302,0.06566,0.00597,10.99,0.099
vicreg/ctrl,67,0.3297,0.08463,3.9,0.0375,0.04727,0.00442,10.69,0.0966
vicreg/ctrl,68,0.5996,0.1542,3.89,0.0374,0.14101,0.00982,14.35,0.1255
vicreg/ctrl,69,0.63535,0.17182,3.7,0.0357,0.17293,0.01225,14.11,0.1237
vicreg/ctrl,70,0.36727,0.16634,2.21,0.0216,0.04101,0.00971,4.22,0.0405
vicreg/ctrl,71,0.22424,0.0338,6.63,0.0622,0.0497,0.00121,41.17,0.2916
vicreg/ctrl,72,0.49818,0.13851,3.6,0.0347,0.08626,0.00745,11.58,0.1038
vicreg/ctrl,73,0.30606,0.12676,2.41,0.0236,0.02848,0.00574,4.97,0.0473
vicreg/ctrl,74,0.55414,0.05845,9.48,0.0866,0.16747,0.00335,50.02,0.3334
vicreg/ctrl,75,0.48,0.05906,8.13,0.0752,0.12263,0.00291,42.2,0.2967
vicreg/ctrl,76,0.48081,0.1815,2.65,0.0258,0.05758,0.00902,6.38,0.06
vicreg/ctrl,77,0.29434,0.15632,1.88,0.0185,0.03737,0.00871,4.29,0.0411
vicreg/ctrl,78,0.35737,0.14089,2.54,0.0247,0.04687,0.0087,5.39,0.0511
vicreg/ctrl,79,0.40525,0.12449,3.26,0.0315,0.08202,0.00585,14.03,0.123
vicreg/ctrl,80,0.19596,0.11898,1.65,0.0162,0.02222,0.0064,3.47,0.0335
vicreg/ctrl,81,0.51333,0.20141,2.55,0.0249,0.07273,0.01305,5.57,0.0528
vicreg/ctrl,82,0.52424,0.17719,2.96,0.0287,0.07717,0.00983,7.85,0.0728
vicreg/ctrl,83,0.21657,0.04257,5.09,0.0484,0.08061,0.00152,52.95,0.3462
vicreg/ctrl,84,0.47596,0.18883,2.52,0.0246,0.09273,0.01397,6.64,0.0623
vicreg/ctrl,85,0.36505,0.07206,5.07,0.0482,0.07838,0.00237,33.05,0.2484
vicreg/ctrl,86,0.61152,0.14847,4.12,0.0396,0.12949,0.00691,18.73,0.1577
vicreg/ctrl,87,0.24444,0.07465,3.27,0.0317,0.0297,0.0021,14.12,0.1237
vicreg/ctrl,88,0.31273,0.1231,2.54,0.0248,0.0396,0.00533,7.44,0.0692
vicreg/ctrl,89,0.60828,0.21699,2.8,0.0273,0.11798,0.01498,7.87,0.073
vicreg/ctrl,90,0.47879,0.16376,2.92,0.0284,0.05414,0.00949,5.7,0.054
vicreg/ctrl,91,0.25556,0.08043,3.18,0.0308,0.05414,0.00387,13.99,0.1228
vicreg/ctrl,92,0.33354,0.0497,6.71,0.0629,0.11636,0.00218,53.26,0.3475
vicreg/ctrl,93,0.47919,0.10988,4.36,0.0418,0.1602,0.00663,24.17,0.1947
vicreg/ctrl,94,0.35293,0.08193,4.31,0.0413,0.0798,0.00405,19.71,0.1646
vicreg/ctrl,95,0.50303,0.09554,5.27,0.05,0.11253,0.00438,25.67,0.2043
vicreg/ctrl,96,0.75758,0.06802,11.14,0.1002,0.37192,0.00436,85.23,0.4601
vicreg/ctrl,97,0.68626,0.16467,4.17,0.04,0.18929,0.00965,19.63,0.1641
vicreg/ctrl,98,0.69091,0.09238,7.48,0.0696,0.22848,0.00364,62.85,0.3859
vicreg/ctrl,99,0.57596,0.10309,5.59,0.0529,0.15313,0.00564,27.13,0.2134
vicreg/varcov_c015,0,0.57313,0.34341,1.67,0.0164,0.1402,0.01942,7.22,0.0673
vicreg/varcov_c015,1,0.7701,0.30771,2.5,0.0244,0.31455,0.02592,12.13,0.1082
vicreg/varcov_c015,2,0.83131,0.52432,1.59,0.0156,0.23414,0.04121,5.68,0.0538
vicreg/varcov_c015,3,0.7303,0.39838,1.83,0.018,0.23091,0.03221,7.17,0.0669
vicreg/varcov_c015,4,0.87414,0.49855,1.75,0.0172,0.33515,0.05996,5.59,0.0529
vicreg/varcov_c015,5,0.43657,0.22771,1.92,0.0188,0.11172,0.01985,5.63,0.0533
vicreg/varcov_c015,6,0.8,0.33393,2.4,0.0234,0.34485,0.02369,14.55,0.127
vicreg/varcov_c015,7,0.52848,0.38115,1.39,0.0137,0.08626,0.03299,2.62,0.0255
vicreg/varcov_c015,8,0.82808,0.49354,1.68,0.0165,0.27556,0.05509,5.0,0.0476
vicreg/varcov_c015,9,0.63677,0.35614,1.79,0.0176,0.15152,0.03252,4.66,0.0445
vicreg/varcov_c015,10,0.8899,0.57295,1.55,0.0153,0.42404,0.08915,4.76,0.0454
vicreg/varcov_c015,11,0.52465,0.30884,1.7,0.0167,0.12404,0.02362,5.25,0.0499
vicreg/varcov_c015,12,0.34404,0.17025,2.02,0.0198,0.06141,0.00982,6.26,0.0589
vicreg/varcov_c015,13,0.86525,0.58597,1.48,0.0146,0.24263,0.07432,3.26,0.0316
vicreg/varcov_c015,14,0.86747,0.46276,1.87,0.0184,0.29758,0.04338,6.86,0.0642
vicreg/varcov_c015,15,0.75556,0.3586,2.11,0.0206,0.26525,0.03034,8.74,0.0804
vicreg/varcov_c015,16,0.80566,0.5455,1.48,0.0146,0.20747,0.06602,3.14,0.0305
vicreg/varcov_c015,17,0.83939,0.55754,1.51,0.0148,0.22404,0.06397,3.5,0.0338
vicreg/varcov_c015,18,0.64485,0.43462,1.48,0.0146,0.15374,0.04313,3.56,0.0344
vicreg/varcov_c015,19,0.8103,0.5219,1.55,0.0153,0.21939,0.05404,4.06,0.039
vicreg/varcov_c015,20,0.66222,0.47563,1.39,0.0137,0.11333,0.04852,2.34,0.0228
vicreg/varcov_c015,21,0.82505,0.56755,1.45,0.0143,0.19939,0.07288,2.74,0.0266
vicreg/varcov_c015,22,0.66323,0.47887,1.38,0.0137,0.14121,0.05271,2.68,0.0261
vicreg/varcov_c015,23,0.78626,0.50187,1.57,0.0154,0.20667,0.05533,3.74,0.036
vicreg/varcov_c015,24,0.76343,0.43252,1.77,0.0173,0.23172,0.04182,5.54,0.0525
vicreg/varcov_c015,25,0.57919,0.26936,2.15,0.021,0.15394,0.02394,6.43,0.0604
vicreg/varcov_c015,26,0.70667,0.43729,1.62,0.0159,0.17152,0.04202,4.08,0.0392
vicreg/varcov_c015,27,0.83313,0.5169,1.61,0.0159,0.23293,0.05605,4.16,0.0399
vicreg/varcov_c015,28,0.81535,0.54697,1.49,0.0147,0.17293,0.05897,2.93,0.0285
vicreg/varcov_c015,29,0.74182,0.53196,1.39,0.0138,0.14788,0.05753,2.57,0.0251
vicreg/varcov_c015,30,0.72303,0.51992,1.39,0.0137,0.16848,0.06223,2.71,0.0264
vicreg/varcov_c015,31,0.73515,0.46468,1.58,0.0156,0.13778,0.04856,2.84,0.0276
vicreg/varcov_c015,32,0.66162,0.45179,1.46,0.0144,0.1602,0.04108,3.9,0.0375
vicreg/varcov_c015,33,0.76889,0.39106,1.97,0.0193,0.24848,0.0272,9.14,0.0837
vicreg/varcov_c015,34,0.76323,0.50325,1.52,0.0149,0.23232,0.05324,4.36,0.0418
vicreg/varcov_c015,35,0.92364,0.48414,1.91,0.0187,0.3996,0.04293,9.31,0.0851
vicreg/varcov_c015,36,0.77172,0.41197,1.87,0.0184,0.20586,0.03329,6.18,0.0582
vicreg/varcov_c015,37,0.75111,0.42553,1.77,0.0173,0.20828,0.03737,5.57,0.0528
vicreg/varcov_c015,38,0.63192,0.44126,1.43,0.0141,0.09232,0.03543,2.61,0.0254
vicreg/varcov_c015,39,0.66545,0.32531,2.05,0.02,0.21535,0.01888,11.4,0.1024
vicreg/varcov_c015,40,0.71758,0.45959,1.56,0.0154,0.17838,0.0393,4.54,0.0434
vicreg/varcov_c015,41,0.77333,0.46934,1.65,0.0162,0.23131,0.04016,5.76,0.0545
vicreg/varcov_c015,42,0.72444,0.43461,1.67,0.0164,0.20081,0.03115,6.45,0.0606
vicreg/varcov_c015,43,0.72141,0.49181,1.47,0.0145,0.20424,0.05427,3.76,0.0363
vicreg/varcov_c015,44,0.75414,0.31114,2.42,0.0237,0.32667,0.02764,11.82,0.1057
vicreg/varcov_c015,45,0.7398,0.49645,1.49,0.0147,0.12485,0.04075,3.06,0.0297
vicreg/varcov_c015,46,0.77475,0.43022,1.8,0.0177,0.28788,0.04051,7.11,0.0664
vicreg/varcov_c015,47,0.84525,0.37788,2.24,0.0219,0.27596,0.0246,11.22,0.1009
vicreg/varcov_c015,48,0.87596,0.55942,1.57,0.0154,0.28505,0.06615,4.31,0.0413
vicreg/varcov_c015,49,0.61071,0.43306,1.41,0.0139,0.10707,0.03538,3.03,0.0294
vicreg/varcov_c015,50,0.63859,0.36504,1.75,0.0172,0.21717,0.03688,5.89,0.0556
vicreg/varcov_c015,51,0.55495,0.45734,1.21,0.012,0.08202,0.04303,1.91,0.0187
vicreg/varcov_c015,52,0.52364,0.28416,1.84,0.0181,0.14687,0.01922,7.64,0.071
vicreg/varcov_c015,53,0.75313,0.4777,1.58,0.0155,0.19596,0.05197,3.77,0.0363
vicreg/varcov_c015,54,0.28545,0.20748,1.38,0.0136,0.04747,0.01673,2.84,0.0276
vicreg/varcov_c015,55,0.81899,0.51572,1.59,0.0156,0.23899,0.05444,4.39,0.0421
vicreg/varcov_c015,56,0.75111,0.48105,1.56,0.0154,0.22828,0.05562,4.1,0.0394
vicreg/varcov_c015,57,0.9099,0.61704,1.47,0.0145,0.3,0.08658,3.46,0.0335
vicreg/varcov_c015,58,0.62,0.40955,1.51,0.0149,0.18182,0.0432,4.21,0.0404
vicreg/varcov_c015,59,0.60626,0.45097,1.34,0.0133,0.11535,0.05703,2.02,0.0198
vicreg/varcov_c015,60,0.70768,0.39462,1.79,0.0176,0.20889,0.03448,6.06,0.0571
vicreg/varcov_c015,61,0.79152,0.54246,1.46,0.0144,0.23414,0.06752,3.47,0.0335
vicreg/varcov_c015,62,0.6802,0.42707,1.59,0.0157,0.2204,0.06002,3.67,0.0354
vicreg/varcov_c015,63,0.74444,0.46984,1.58,0.0156,0.13071,0.03933,3.32,0.0322
vicreg/varcov_c015,64,0.6703,0.42889,1.56,0.0154,0.15455,0.0359,4.31,0.0413
vicreg/varcov_c015,65,0.73333,0.45881,1.6,0.0157,0.17333,0.04603,3.77,0.0363
vicreg/varcov_c015,66,0.55919,0.35234,1.59,0.0156,0.13535,0.03128,4.33,0.0415
vicreg/varcov_c015,67,0.57859,0.37605,1.54,0.0152,0.10949,0.02737,4.0,0.0385
vicreg/varcov_c015,68,0.89313,0.51819,1.72,0.0169,0.34828,0.05879,5.92,0.0559
vicreg/varcov_c015,69,0.81495,0.48805,1.67,0.0164,0.33172,0.06052,5.48,0.052
vicreg/varcov_c015,70,0.75091,0.53352,1.41,0.0139,0.14707,0.05773,2.55,0.0248
vicreg/varcov_c015,71,0.32364,0.16274,1.99,0.0195,0.07212,0.00711,10.14,0.0921
vicreg/varcov_c015,72,0.82788,0.50499,1.64,0.0161,0.20646,0.04285,4.82,0.046
vicreg/varcov_c015,73,0.62,0.43672,1.42,0.014,0.08081,0.03324,2.43,0.0237
vicreg/varcov_c015,74,0.77899,0.29292,2.66,0.0259,0.29535,0.0196,15.07,0.1309
vicreg/varcov_c015,75,0.61717,0.22497,2.74,0.0267,0.18869,0.01609,11.72,0.1049
vicreg/varcov_c015,76,0.79838,0.54741,1.46,0.0144,0.17636,0.05675,3.11,0.0301
vicreg/varcov_c015,77,0.66182,0.49993,1.32,0.0131,0.11071,0.04932,2.24,0.022
vicreg/varcov_c015,78,0.75495,0.49657,1.52,0.015,0.16121,0.05224,3.09,0.0299
vicreg/varcov_c015,79,0.71677,0.40974,1.75,0.0172,0.18364,0.0338,5.43,0.0515
vicreg/varcov_c015,80,0.5,0.41928,1.19,0.0118,0.06828,0.03532,1.93,0.019
vicreg/varcov_c015,81,0.88081,0.57383,1.53,0.0151,0.26626,0.07359,3.62,0.0349
vicreg/varcov_c015,82,0.83434,0.52759,1.58,0.0156,0.23051,0.05777,3.99,0.0384
vicreg/varcov_c015,83,0.31717,0.18715,1.69,0.0167,0.1103,0.01125,9.81,0.0893
vicreg/varcov_c015,84,0.82141,0.58366,1.41,0.0139,0.25131,0.07209,3.49,0.0337
vicreg/varcov_c015,85,0.53596,0.23239,2.31,0.0225,0.14606,0.01416,10.32,0.0935
vicreg/varcov_c015,86,0.88,0.49363,1.78,0.0175,0.27111,0.04227,6.41,0.0603
vicreg/varcov_c015,87,0.45152,0.26014,1.74,0.0171,0.07475,0.01539,4.86,0.0463
vicreg/varcov_c015,88,0.61838,0.44657,1.38,0.0137,0.1,0.03189,3.14,0.0304
vicreg/varcov_c015,89,0.90162,0.59925,1.5,0.0148,0.31535,0.08246,3.82,0.0368
vicreg/varcov_c015,90,0.8103,0.5467,1.48,0.0146,0.17636,0.05428,3.25,0.0315
vicreg/varcov_c015,91,0.39414,0.26341,1.5,0.0147,0.08768,0.02141,4.09,0.0393
vicreg/varcov_c015,92,0.42222,0.1859,2.27,0.0222,0.14465,0.01219,11.87,0.1061
vicreg/varcov_c015,93,0.63737,0.31809,2.0,0.0196,0.26465,0.03461,7.65,0.071
vicreg/varcov_c015,94,0.54465,0.27655,1.97,0.0193,0.16182,0.0291,5.56,0.0527
vicreg/varcov_c015,95,0.66727,0.30061,2.22,0.0217,0.21818,0.02638,8.27,0.0764
vicreg/varcov_c015,96,0.88566,0.23859,3.71,0.0358,0.52626,0.02527,20.83,0.1724
vicreg/varcov_c015,97,0.90949,0.49813,1.83,0.0179,0.40768,0.05148,7.92,0.0734
vicreg/varcov_c015,98,0.86707,0.37103,2.34,0.0228,0.38626,0.0281,13.75,0.1208
vicreg/varcov_c015,99,0.8004,0.40044,2.0,0.0196,0.30343,0.03695,8.21,0.0759
