run,V_used,space,framing,V,N,D,W,B_hat,B,omega,omega_hat,r_rms,B_within_cls,B_between_cls,BW_cls
in100.floorssl.s0.d256vm3zonly.extL,8,student.h.cls,raw,8,10000,384,1.2451283855764643,4.719892044909778,4.56425099671272,0.2728001563615224,0.26380442046747393,0.789027371380887,2.6092024847585824,2.0022474324032347,0.7673790915420248
in100.floorssl.s0.d256vm3zonly.extL,8,student.h.cls,l2,8,10000,384,0.14074626800320178,0.5497336170257814,0.5321403335253811,0.26449088546017663,0.2560263073680667,0.26527935087677085,,,
in100.floorssl.s0.d256vm3zonly.extL,8,student.h.cls.L03,raw,8,10000,384,0.645685094725591,0.5242929171635298,0.44358228032283087,1.4556151662678534,1.2315350323990708,0.5681923506725478,0.3438566309107429,0.10496857858372326,0.30526844372813805
in100.floorssl.s0.d256vm3zonly.extL,8,student.h.cls.L03,l2,8,10000,384,0.029649319765345097,0.023893153464171955,0.020186988493503817,1.4687341687882898,1.2409127915996763,0.12175655991638622,,,
in100.floorssl.s0.d256vm3zonly.extL,8,student.h.cls.L06,raw,8,10000,384,1.0879127254461507,1.8354979713246475,1.6995088806438787,0.64013359261411,0.5927071249558629,0.7375339739449807,1.2637391160161686,0.4541247443409564,0.35935007359157045
in100.floorssl.s0.d256vm3zonly.extL,8,student.h.cls.L06,l2,8,10000,384,0.0583300143000899,0.09746319549045494,0.09017194370294371,0.6468754238263767,0.5984824733742948,0.17077765412970441,,,
in100.floorssl.s0.d256vm3zonly.extL,8,student.h.cls.L09,raw,8,10000,384,1.87164745885438,4.746331043260182,4.512375110903384,0.4147809995520682,0.39433563352310425,0.9673798268659473,3.102385544455488,1.4574528768804984,0.46978457577112703
in100.floorssl.s0.d256vm3zonly.extL,8,student.h.cls.L09,l2,8,10000,384,0.17466933989443145,0.4419116507675793,0.4200779832807754,0.4158021768488743,0.39525850832635706,0.2955243982266367,,,
in100.floorssl.s0.d256vm3zonly.extL,8,student.h.gap,raw,8,10000,384,0.38288777579423866,0.9409243031829314,0.8930633312086516,0.42873530063769055,0.406927288942391,0.437543012625181,0.6123734047133135,0.29009916952716736,0.47372921046918937
in100.floorssl.s0.d256vm3zonly.extL,8,student.h.gap,l2,8,10000,384,0.1143471840049816,0.2820593384925402,0.26776594049191754,0.4270415564986061,0.40540116351441347,0.2391099997960997,,,
in100.floorssl.s0.d256vm3zonly.extL,8,student.h.gap.L03,raw,8,10000,384,0.45292420652392673,0.4997674594888548,0.443151933673364,1.0220517436752643,0.9062699019803375,0.4758803455302219,0.33979053558863126,0.1083590726796212,0.3188996200023844
in100.floorssl.s0.d256vm3zonly.extL,8,student.h.gap.L03,l2,8,10000,384,0.14557528817971985,0.16056597237681727,0.1423690613543523,1.0225205307590486,0.9066384740478064,0.2697918532681443,,,
in100.floorssl.s0.d256vm3zonly.extL,8,student.h.gap.L06,raw,8,10000,384,0.4478231284441731,0.7234904279955643,0.6675125369400426,0.6708834720873528,0.6189758856725589,0.47319294608234236,0.4979456263477625,0.17680181487223573,0.35506249180057725
in100.floorssl.s0.d256vm3zonly.extL,8,student.h.gap.L06,l2,8,10000,384,0.16043083202384004,0.25876644711927627,0.23871259311629625,0.6720668982288721,0.6199831307723245,0.2832232617775595,,,
in100.floorssl.s0.d256vm3zonly.extL,8,student.h.gap.L09,raw,8,10000,384,0.45799907403925655,0.9817686416836303,0.9245187574287232,0.49539186777891464,0.46650407702351965,0.4785389608168057,0.6508245790524475,0.28351186479311213,0.43561948014607016
in100.floorssl.s0.d256vm3zonly.extL,8,student.h.gap.L09,l2,8,10000,384,0.16868320446624424,0.3616365855419107,0.3405511849836302,0.49532408608225104,0.4664439694713776,0.2904162568333979,,,
in100.floorssl.s0.d256vm3zonly.extL,8,student.z.proj.out,raw,8,10000,256,42.791087119876565,418.6974643036878,413.34857841370325,0.10352300541130387,0.10220049264219934,4.625531705646204,227.34258130259644,190.19297175414374,0.8365919427165912
in100.floorssl.s0.d256vm3zonly.extL,8,student.z.proj.out,l2,8,10000,256,0.2733341571454654,1.758525303560583,1.7243585339174,0.1585135293902623,0.15543373563748594,0.36968510731801557,,,
in100.floorssl.s0.d256vm3zonly.extL,8,student.z.proj.tap1,raw,8,10000,2048,0.6474218322693001,3.1676836397929202,3.086755910759258,0.209741829605844,0.20438336206819685,0.5689559878713379,1.7573984120653434,1.3610343350918435,0.7744597501327648
in100.floorssl.s0.d256vm3zonly.extL,8,student.z.proj.tap1,l2,8,10000,2048,0.358497001036036,1.433146025506065,1.3883339003765607,0.2582210237312509,0.250146875932929,0.42337749174704364,,,
in100.floorssl.s0.d256vm3zonly.extL,8,student.z.proj.tap2,raw,8,10000,2048,3.178108911819042,27.240944012783586,26.843680398806207,0.11839318843776649,0.11666662177080296,1.2605770329137054,14.634417481627585,12.481672357306454,0.8528984753220454
in100.floorssl.s0.d256vm3zonly.extL,8,student.z.proj.tap2,l2,8,10000,2048,0.25603493853001363,1.5811937234820945,1.5491893561658427,0.16527026700188918,0.16192509161127655,0.35779528960706963,,,
in100.floorssl.s0.d256vm3.extL,8,student.h.cls,raw,8,10000,384,135.3113240475196,439.55204036841087,422.63812486247093,0.32015882166700116,0.3078391444483077,8.225306196352802,255.75604176813772,171.27760349801733,0.669691328947347
in100.floorssl.s0.d256vm3.extL,8,student.h.cls,l2,8,10000,384,0.4911258693177377,1.5672211108291263,1.505830377164409,0.32614952969840094,0.3133736943205872,0.495543070437746,,,
in100.floorssl.s0.d256vm3.extL,8,student.h.cls.L03,raw,8,10000,384,34.12337818910201,22.10351332878306,17.838091055145306,1.912950106803009,1.543798837837547,4.130579752837488,14.232405358793644,3.82672082963949,0.26887379421603597
in100.floorssl.s0.d256vm3.extL,8,student.h.cls.L03,l2,8,10000,384,0.1183930156749066,0.07694826522812709,0.06214913826876377,1.9049824176630792,1.5386053905687025,0.24330332475626654,,,
in100.floorssl.s0.d256vm3.extL,8,student.h.cls.L06,raw,8,10000,384,57.611345507435416,80.7112577311484,73.50983954271896,0.7837229120049376,0.713795660319661,5.367091647598139,58.019060127982186,16.297891992048267,0.28090582570791955
in100.floorssl.s0.d256vm3.extL,8,student.h.cls.L06,l2,8,10000,384,0.22115951437524048,0.3111370795913719,0.28349214029446684,0.7801257352162191,0.7108105361974139,0.33253534727547424,,,
in100.floorssl.s0.d256vm3.extL,8,student.h.cls.L09,raw,8,10000,384,132.24878258753753,274.1441389036944,257.61304108025223,0.5133621420444281,0.48240601866011784,8.131690555706653,189.04487266120583,71.30960980808331,0.3772099650429549
in100.floorssl.s0.d256vm3.extL,8,student.h.cls.L09,l2,8,10000,384,0.49971552316613266,1.0305685285211668,0.9681040881254002,0.5161795402948486,0.48489305595544296,0.49985774134554156,,,
in100.floorssl.s0.d256vm3.extL,8,student.h.gap,raw,8,10000,384,22.414604747914638,45.393254949026684,42.59142935553736,0.526270310414001,0.49378712262613916,3.347730929145489,31.550727125684997,11.494634779342617,0.3643223414012858
in100.floorssl.s0.d256vm3.extL,8,student.h.gap,l2,8,10000,384,0.30524696697270676,0.6178852770322393,0.5797294061606509,0.5265335236213956,0.49401883864078533,0.3906705562060614,,,
in100.floorssl.s0.d256vm3.extL,8,student.h.gap.L03,raw,8,10000,384,21.52920757620205,22.828321455278175,20.137170508252918,1.069127739042515,0.9430920104388247,3.2809455631114983,15.378231822082014,4.987221900723682,0.32430398750800443
in100.floorssl.s0.d256vm3.extL,8,student.h.gap.L03,l2,8,10000,384,0.37433057337292325,0.389596848842391,0.34280552717077556,1.091961895895695,0.9608151977747551,0.4326260356086555,,,
in100.floorssl.s0.d256vm3.extL,8,student.h.gap.L06,raw,8,10000,384,23.301660318308723,37.484364531338,34.57165699154941,0.6740105145670198,0.6216367973592795,3.413331240760902,25.885694415160756,9.060806221702038,0.35003141412328875
in100.floorssl.s0.d256vm3.extL,8,student.h.gap.L06,l2,8,10000,384,0.3986738295428152,0.6331691260058322,0.5833348973129803,0.6834390182710298,0.62964824589243,0.44647162818191216,,,
in100.floorssl.s0.d256vm3.extL,8,student.h.gap.L09,raw,8,10000,384,24.17204390950641,45.010159103284366,41.98865361459607,0.5756803762124857,0.5370352913891964,3.476495642849737,30.77085873070178,11.66789647492713,0.3791865731483609
in100.floorssl.s0.d256vm3.extL,8,student.h.gap.L09,l2,8,10000,384,0.4134065681098874,0.7614330601235567,0.7097572391098208,0.5824619254724093,0.5429322546657016,0.4546463285400463,,,
in100.floorssl.s0.d256vm3.extL,8,student.z.proj.out,raw,8,10000,256,42.46116790247934,425.4698043111637,420.1621583233538,0.1010590008198728,0.0997983111192204,4.607665781199811,228.63217314124913,195.78468322521636,0.8563304128866431
in100.floorssl.s0.d256vm3.extL,8,student.z.proj.out,l2,8,10000,256,0.26951086001725355,1.7619839888550037,1.728295131352847,0.1559402992741698,0.15295874521106786,0.3670904929423081,,,
in100.floorssl.s0.d256vm3.extL,8,student.z.proj.tap1,raw,8,10000,2048,0.80123770418574,3.875702910256012,3.7755481972327942,0.21221758068748525,0.20673351976114543,0.632944588485335,2.1644222372994206,1.649882989035934,0.7622740889478735
in100.floorssl.s0.d256vm3.extL,8,student.z.proj.tap1,l2,8,10000,2048,0.3538683942983706,1.4247288264453724,1.380495277158076,0.2563343751721146,0.24837596301132941,0.4206354682491543,,,
in100.floorssl.s0.d256vm3.extL,8,student.z.proj.tap2,raw,8,10000,2048,3.134120927271575,27.651834131166265,27.26006901525732,0.11497112958582106,0.11334224386002376,1.2518228563322318,14.68561753394919,12.850969822619792,0.8750718036141016
in100.floorssl.s0.d256vm3.extL,8,student.z.proj.tap2,l2,8,10000,2048,0.2517107122476698,1.5892695177953744,1.5578056787644157,0.16158030213840013,0.15838138807119478,0.3547609845005999,,,
in100.floorssl.s0.d256vm3x2.extL,8,student.h.cls,raw,8,10000,384,155.86161015379804,511.39237869985635,491.9096774306316,0.31685005866910887,0.30477890685436965,8.827842606033425,304.405002685605,192.6185985320252,0.6327708047918161
in100.floorssl.s0.d256vm3x2.extL,8,student.h.cls,l2,8,10000,384,0.48688626924794554,1.5717506781145036,1.5108898944585105,0.3222513242253442,0.3097732204143356,0.49339956893371195,,,
in100.floorssl.s0.d256vm3x2.extL,8,student.h.cls.L03,raw,8,10000,384,41.20195647408185,30.118985276535106,24.968740717274876,1.6501415486114546,1.3679729278987758,4.5388300515706606,20.049838205358782,5.2200923646814426,0.26035583485587693
in100.floorssl.s0.d256vm3x2.extL,8,student.h.cls.L03,l2,8,10000,384,0.10272253305441235,0.07519579992545931,0.06235548329365777,1.6473696879334485,1.3660674287159649,0.22663024186371547,,,
in100.floorssl.s0.d256vm3x2.extL,8,student.h.cls.L06,raw,8,10000,384,72.71013649244432,109.36541270317237,100.27664564161682,0.7250954200473191,0.6648366672357943,6.029516418936278,78.71989144711621,22.650408321532325,0.2877342423261445
in100.floorssl.s0.d256vm3x2.extL,8,student.h.cls.L06,l2,8,10000,384,0.1915226170671402,0.2881157486747453,0.2641754215413528,0.7249827253030809,0.6647419238555773,0.30945324127171475,,,
in100.floorssl.s0.d256vm3x2.extL,8,student.h.cls.L09,raw,8,10000,384,150.65084416851593,322.8172139021428,303.9858583810783,0.4955850412608972,0.46667537442468443,8.679021954359717,221.71174464436515,85.50228587573449,0.38564617320062905
in100.floorssl.s0.d256vm3x2.extL,8,student.h.cls.L09,l2,8,10000,384,0.4539120413142494,0.9701315487604507,0.9133925435961695,0.4969517700759047,0.4678871044800249,0.4763990141227464,,,
in100.floorssl.s0.d256vm3x2.extL,8,student.h.gap,raw,8,10000,384,26.925046951675505,57.172534343117434,53.806903474158,0.5004013465410972,0.4709437365516543,3.669131160893237,39.384630611121864,14.9939982064673,0.38070683852581644
in100.floorssl.s0.d256vm3x2.extL,8,student.h.gap,l2,8,10000,384,0.27009422450042414,0.5735132245884238,0.5397514465258708,0.5004048182527256,0.47094681154781504,0.3674875674770673,,,
in100.floorssl.s0.d256vm3x2.extL,8,student.h.gap.L03,raw,8,10000,384,25.408672706007458,28.816085608670505,25.640001520419574,0.9909778158855456,0.8817530962068704,3.5643142893134057,19.556176350693676,6.371986025812608,0.32582985096606515
in100.floorssl.s0.d256vm3x2.extL,8,student.h.gap.L03,l2,8,10000,384,0.3482294462898804,0.3873886256206159,0.3438599448343808,1.012707212692668,0.8989149997163687,0.41727056347763164,,,
in100.floorssl.s0.d256vm3x2.extL,8,student.h.gap.L06,raw,8,10000,384,26.154188939941093,43.9496027946335,40.68032917714086,0.6429197961022814,0.5950950014759786,3.616226551250702,30.434352658860746,10.685472546226448,0.3510990578968483
in100.floorssl.s0.d256vm3x2.extL,8,student.h.gap.L06,l2,8,10000,384,0.38576055430930273,0.6410728468610756,0.5928527775724127,0.6506852441324437,0.6017421517665673,0.43918137159339005,,,
in100.floorssl.s0.d256vm3x2.extL,8,student.h.gap.L09,raw,8,10000,384,27.731121184611474,54.101233165122046,50.63484301704561,0.5476687500596402,0.5125783565778157,3.7236488277368123,36.929723698574655,14.246131650122184,0.3857632883040506
in100.floorssl.s0.d256vm3x2.extL,8,student.h.gap.L09,l2,8,10000,384,0.40688116895585763,0.7808182545704743,0.7299581084509921,0.5574034513011712,0.5210958716374807,0.4510438830955684,,,
in100.floorssl.s0.d256vm3x2.extL,8,student.z.proj.out,raw,8,10000,256,57.30620933500047,495.04205737332876,487.8787812064537,0.11745993378373722,0.11576028436667518,5.352859485125705,289.0673934007853,203.7618083794018,0.7048937826650367
in100.floorssl.s0.d256vm3x2.extL,8,student.z.proj.out,l2,8,10000,256,0.28790245554585503,1.7469698852592215,1.7109820783159897,0.16826737064903627,0.16480104091956632,0.3794090507261622,,,
in100.floorssl.s0.d256vm3x2.extL,8,student.z.proj.tap1,raw,8,10000,2048,0.8326384902475165,4.3186763410935045,4.214596529812565,0.19756066431453792,0.1927994655039811,0.6452280566774496,2.4559047665819826,1.8018785266415167,0.7336923447358629
in100.floorssl.s0.d256vm3x2.extL,8,student.z.proj.tap1,l2,8,10000,2048,0.3419368773705679,1.4687661465809372,1.4260240369096162,0.23978338970469992,0.23280552739218874,0.41348329916126475,,,
in100.floorssl.s0.d256vm3x2.extL,8,student.z.proj.tap2,raw,8,10000,2048,4.8221984556186746,39.0856687870253,38.482893980072966,0.12530758362704433,0.12337510410515042,1.552771466703757,21.97527660601906,16.898474061924155,0.7689766260915067
in100.floorssl.s0.d256vm3x2.extL,8,student.z.proj.tap2,l2,8,10000,2048,0.2546103606328075,1.5963070491515072,1.5644807540724064,0.1627443226578828,0.1594996155458574,0.3567985150142917,,,
in100.floorssl.s0.d256vm2.extL,8,student.h.cls,raw,8,10000,384,178.5429532446497,400.3845382406268,378.0666690850456,0.47225256242963515,0.4459286915254138,9.448358408862614,248.34058481950518,133.72992964794668,0.5384940594592788
in100.floorssl.s0.d256vm2.extL,8,student.h.cls,l2,8,10000,384,0.6390495368813348,1.437384140317636,1.3575029482074692,0.47075370092210506,0.44459203281602677,0.565265219556862,,,
in100.floorssl.s0.d256vm2.extL,8,student.h.cls.L03,raw,8,10000,384,44.92935889217854,29.641897552145583,24.025727690623263,1.870051948924466,1.5157382827175447,4.739691914680665,19.41948835464042,4.902658311504305,0.2524607354206003
in100.floorssl.s0.d256vm2.extL,8,student.h.cls.L03,l2,8,10000,384,0.18264418518500897,0.1206772895049841,0.09784676635685799,1.8666348616865416,1.5134926044014734,0.30219545428828753,,,
in100.floorssl.s0.d256vm2.extL,8,student.h.cls.L06,raw,8,10000,384,81.72876861883742,94.2302756850926,84.01417960773792,0.9727973182673321,0.8673302505445929,6.392525659660563,68.07811126086949,16.87837110371935,0.247926547771616
in100.floorssl.s0.d256vm2.extL,8,student.h.cls.L06,l2,8,10000,384,0.33335142646645066,0.38537034178917184,0.3437014134808655,0.9698866905736742,0.8650157791561977,0.4082593700495132,,,
in100.floorssl.s0.d256vm2.extL,8,student.h.cls.L09,raw,8,10000,384,157.87835240753503,262.95550361926723,243.22070956832536,0.6491155818422772,0.600399498145233,8.884772152608502,187.15583388514796,58.69443071937007,0.31361261629380527
in100.floorssl.s0.d256vm2.extL,8,student.h.cls.L09,l2,8,10000,384,0.5956673665172111,0.9929222494776887,0.9184638286630373,0.6485474418565779,0.5999134039251841,0.5457414069489372,,,
in100.floorssl.s0.d256vm2.extL,8,student.h.gap,raw,8,10000,384,22.532697326626227,39.37934657549571,36.56275940966743,0.6162745287946849,0.5721958154746905,3.3565381963137426,27.509558285198068,9.446994590224326,0.34340771641205975
in100.floorssl.s0.d256vm2.extL,8,student.h.gap,l2,8,10000,384,0.3002408007708611,0.5232962724395549,0.48576617234319724,0.6180767988075112,0.5737491676964724,0.3874537396715001,,,
in100.floorssl.s0.d256vm2.extL,8,student.h.gap.L03,raw,8,10000,384,26.648179651815067,26.721861591072518,23.390839134595634,1.1392571039660455,0.9972426344996088,3.650217777874018,18.026978564621125,5.631079185885235,0.3123695502105116
in100.floorssl.s0.d256vm2.extL,8,student.h.gap.L03,l2,8,10000,384,0.4354186390432293,0.4314926046098606,0.37706527472945695,1.154756664759545,1.0090987293673745,0.4665933127699267,,,
in100.floorssl.s0.d256vm2.extL,8,student.h.gap.L06,raw,8,10000,384,25.67531898868987,37.32205360069854,34.112638727112305,0.7526629409727674,0.6879396097381233,3.5829679728327095,25.98560528811531,8.500253975003977,0.3271139494638451
in100.floorssl.s0.d256vm2.extL,8,student.h.gap.L06,l2,8,10000,384,0.4690626750891474,0.6743352651361589,0.6157024307500155,0.7618333981851598,0.6955926811783101,0.4842843560807779,,,
in100.floorssl.s0.d256vm2.extL,8,student.h.gap.L09,raw,8,10000,384,24.957984030560713,43.67319639211261,40.553448388292516,0.6154343224179648,0.5714714308171895,3.532561678906733,30.116231787711786,10.873948564501855,0.36106604043799106
in100.floorssl.s0.d256vm2.extL,8,student.h.gap.L09,l2,8,10000,384,0.4170851756484302,0.7230996905419326,0.6709640435858788,0.6216207554422343,0.5768017620583443,0.4566646338662707,,,
in100.floorssl.s0.d256vm2.extL,8,student.z.proj.out,raw,8,10000,256,42.03755345429882,441.36001044181813,436.1053162600308,0.09639312314467095,0.09524549678213401,4.58462394609955,235.27346658366662,205.24544978078234,0.8723697268590809
in100.floorssl.s0.d256vm2.extL,8,student.z.proj.out,l2,8,10000,256,0.2618734403915759,1.7689371053803955,1.7362029253314486,0.15083112496287446,0.1480399950880459,0.3618517931360683,,,
in100.floorssl.s0.d256vm2.extL,8,student.z.proj.tap1,raw,8,10000,2048,0.9213105741600092,4.208707461514041,4.0935436397440395,0.22506430985981055,0.21890582383898377,0.6787159104367634,2.3522014489524827,1.783429265406697,0.7581958025750389
in100.floorssl.s0.d256vm2.extL,8,student.z.proj.tap1,l2,8,10000,2048,0.3754425007887706,1.4156473797567712,1.368717067158175,0.27430249084881386,0.26520905287394175,0.43326810452003656,,,
in100.floorssl.s0.d256vm2.extL,8,student.z.proj.tap2,raw,8,10000,2048,3.095296288869307,28.311658031718917,27.92474599561025,0.11084420568609236,0.1093293895186745,1.244045073313123,14.963729248053214,13.244133327874229,0.8850823954594939
in100.floorssl.s0.d256vm2.extL,8,student.z.proj.tap2,l2,8,10000,2048,0.24796422178207106,1.5983344426434862,1.5673389149207273,0.1582071493417954,0.1551391343178233,0.35211093548913747,,,
in100.floorssl.s0.d256vm4.extL,8,student.h.cls,raw,8,10000,384,160.7795042193779,462.2600911579093,442.16265313048706,0.36362072436708065,0.3478117780331056,8.966033242727185,298.5490691299788,148.23618491208748,0.49652201343006075
in100.floorssl.s0.d256vm4.extL,8,student.h.cls,l2,8,10000,384,0.5416023504889129,1.5231674632515313,1.455467169440417,0.3721158139878501,0.3555763654068248,0.5203856024569247,,,
in100.floorssl.s0.d256vm4.extL,8,student.h.cls.L03,raw,8,10000,384,25.711760815020916,15.87649602616378,12.662525924286165,2.030539638675637,1.6194858596411352,3.585509783491109,10.160753419899002,2.660537464648804,0.26184450647511626
in100.floorssl.s0.d256vm4.extL,8,student.h.cls.L03,l2,8,10000,384,0.11166230506884822,0.06895527832078226,0.05499749018717623,2.0303163778714493,1.6193438383265086,0.23628616661671947,,,
in100.floorssl.s0.d256vm4.extL,8,student.h.cls.L06,raw,8,10000,384,75.75298240830567,99.24501224619009,89.77588944515188,0.8438009679044903,0.7632925896607338,6.154387963408939,72.9436922496809,17.824647317932897,0.24436173667930655
in100.floorssl.s0.d256vm4.extL,8,student.h.cls.L06,l2,8,10000,384,0.32103725585001736,0.42019600481748476,0.3800663478362326,0.8446874017595202,0.764017868255226,0.4006477604143179,,,
in100.floorssl.s0.d256vm4.extL,8,student.h.cls.L09,raw,8,10000,384,163.70004809417256,298.8851555695477,278.42264955777614,0.5879552125309503,0.5477021693574244,9.047100311541056,218.44019364359218,62.97130746987942,0.28827710880271257
in100.floorssl.s0.d256vm4.extL,8,student.h.cls.L09,l2,8,10000,384,0.5860745309309977,1.0667749383217024,0.9935156219553277,0.589899663356627,0.5493891071841602,0.5413291655411695,,,
in100.floorssl.s0.d256vm4.extL,8,student.h.gap,raw,8,10000,384,23.855114027555835,44.76149639677618,41.7796071433317,0.5709750679492271,0.532938260510744,3.4536295420583136,32.37190955745852,9.85531254984095,0.30444025961299137
in100.floorssl.s0.d256vm4.extL,8,student.h.gap,l2,8,10000,384,0.3146824692829644,0.5927156049247968,0.5533802962644263,0.5686549944174324,0.5309164575191014,0.3966626206759117,,,
in100.floorssl.s0.d256vm4.extL,8,student.h.gap.L03,raw,8,10000,384,27.342119293784528,26.404689662487662,22.986924750764597,1.189463992693284,1.0355023915554153,3.697439606929674,17.868169747872784,5.382801899516687,0.30125088218156826
in100.floorssl.s0.d256vm4.extL,8,student.h.gap.L03,l2,8,10000,384,0.43364306006816605,0.4101478040466931,0.35594242153817235,1.2182955271086193,1.05728485143565,0.465640988352704,,,
in100.floorssl.s0.d256vm4.extL,8,student.h.gap.L06,raw,8,10000,384,26.15911371013501,37.17226315399659,33.902373940229715,0.7716012381980635,0.7037266900259341,3.616566998559201,26.208370132476357,8.065726439293316,0.30775383583653654
in100.floorssl.s0.d256vm4.extL,8,student.h.gap.L06,l2,8,10000,384,0.4583182471493846,0.6444724713039777,0.5871826904103046,0.7805377349068762,0.7111525589635467,0.47870567531071984,,,
in100.floorssl.s0.d256vm4.extL,8,student.h.gap.L09,raw,8,10000,384,26.506165758369598,47.83575553024053,44.52248481044433,0.5953433612526413,0.55410781045599,3.6404783860345606,33.81172063920307,11.18912172654367,0.330924351527098
in100.floorssl.s0.d256vm4.extL,8,student.h.gap.L09,l2,8,10000,384,0.41711675989127966,0.7482764190026946,0.6961368240162846,0.5991878974089756,0.5574367296609645,0.4566819242598067,,,
in100.floorssl.s0.d256vm4.extL,8,student.z.proj.out,raw,8,10000,256,48.36367280815556,402.87354497330927,396.8280858722898,0.1218756295987586,0.1200467824497131,4.917503065995768,297.7065437671724,103.15027755485045,0.3464830710456982
in100.floorssl.s0.d256vm4.extL,8,student.z.proj.out,l2,8,10000,256,0.31525382491709075,1.7228583960880677,1.6834516679734313,0.18726633553822122,0.18298301568655204,0.39702255913051765,,,
in100.floorssl.s0.d256vm4.extL,8,student.z.proj.tap1,raw,8,10000,2048,0.7033171998375656,3.389955116873913,3.302040466894217,0.21299472459193725,0.2074709474283948,0.5930080943113533,2.1131364713556096,1.222803546707347,0.5786675698815135
in100.floorssl.s0.d256vm4.extL,8,student.z.proj.tap1,l2,8,10000,2048,0.3653793788409452,1.4287632753925659,1.3830908530374477,0.2641759780556169,0.2557312223332125,0.42742214427948466,,,
in100.floorssl.s0.d256vm4.extL,8,student.z.proj.tap2,raw,8,10000,2048,4.821924121541582,39.917854239073485,39.315113723880785,0.12264810310373461,0.12079617538213401,1.5527272976188675,25.694803418076628,14.019488848194898,0.5456157270435471
in100.floorssl.s0.d256vm4.extL,8,student.z.proj.tap2,l2,8,10000,2048,0.26659790645739834,1.5808378462455197,1.5475131079383448,0.1722750554356015,0.16864342354313364,0.36510129173792194,,,
in100.floorssl.s0.d256.extL,8,student.h.cls,raw,8,10000,384,205.81573267932617,440.7290596915479,415.0020931066321,0.4959390231953436,0.46698924918490736,10.144351449928333,308.6722896077217,110.73709409582595,0.35875294875531893
in100.floorssl.s0.d256.extL,8,student.h.cls,l2,8,10000,384,0.6627036023943899,1.4176442155506666,1.334806265251368,0.49647924170448127,0.4674682089659363,0.5756316540959113,,,
in100.floorssl.s0.d256.extL,8,student.h.cls.L03,raw,8,10000,384,52.469590247271164,32.58932604823286,26.03062726732397,2.015686741177221,1.6100237902930274,5.12199132404923,20.57169469169308,5.784825836113219,0.2812031737204982
in100.floorssl.s0.d256.extL,8,student.h.cls.L03,l2,8,10000,384,0.12588783108591536,0.07830975256351348,0.06257377367777406,2.011830575125281,1.607562621064515,0.2508862601717314,,,
in100.floorssl.s0.d256.extL,8,student.h.cls.L06,raw,8,10000,384,97.18903339235393,110.18367356458144,98.0350443905372,0.9913703206496949,0.8820638325821383,6.970976739035712,79.15035680458527,19.986524321597717,0.2525133824847126
in100.floorssl.s0.d256.extL,8,student.h.cls.L06,l2,8,10000,384,0.24834832975638937,0.28248420052882284,0.2514406593092742,0.9877015532755138,0.8791583008588458,0.35238354796754445,,,
in100.floorssl.s0.d256.extL,8,student.h.cls.L09,raw,8,10000,384,194.70659527082873,316.01542671466296,291.6771023058094,0.6675415853065086,0.616130032938656,9.866777469640954,229.04278380445703,65.794472768499,0.28725843999813755
in100.floorssl.s0.d256.extL,8,student.h.cls.L09,l2,8,10000,384,0.5987935960292005,0.9754622740008311,0.900613074497181,0.6648733101765277,0.6138562320542293,0.5471716348775768,,,
in100.floorssl.s0.d256.extL,8,student.h.gap,raw,8,10000,384,29.069430816545207,51.16384510889249,47.53016625682434,0.6115996030704278,0.5681635294352186,3.8124421842531073,36.68270707832341,11.359097629589863,0.3096581068931577
in100.floorssl.s0.d256.extL,8,student.h.gap,l2,8,10000,384,0.31517897855896176,0.5549789588647223,0.5155815865448521,0.6113076703749647,0.5679115820961917,0.39697542654360973,,,
in100.floorssl.s0.d256.extL,8,student.h.gap.L03,raw,8,10000,384,30.374771817002543,29.467724857945623,25.670878380820305,1.1832385073234073,1.0307810312275378,3.897099679056371,19.725834252084162,6.2397213773155915,0.3163223059453784
in100.floorssl.s0.d256.extL,8,student.h.gap.L03,l2,8,10000,384,0.3581203636260564,0.3464452021057784,0.30168015665252135,1.1870862425948139,1.0336998793728809,0.42315503283433625,,,
in100.floorssl.s0.d256.extL,8,student.h.gap.L06,raw,8,10000,384,29.834661327553665,43.68929835375367,39.959965687809465,0.74661378742513,0.6828825925740771,3.862296035233036,30.31264672682278,10.084211944524219,0.332673422924861
in100.floorssl.s0.d256.extL,8,student.h.gap.L06,l2,8,10000,384,0.44465311867344864,0.6487891304013227,0.5932074905671416,0.7495743491848591,0.6853584590703589,0.47151517402595255,,,
in100.floorssl.s0.d256.extL,8,student.h.gap.L09,raw,8,10000,384,30.496416510582243,52.835957162916266,49.02390509909348,0.6220723634508293,0.5771905752847158,3.904895421812359,36.9106972865245,12.64156738419815,0.34249061419962346
in100.floorssl.s0.d256.extL,8,student.h.gap.L09,l2,8,10000,384,0.4287592975137254,0.7388855025647773,0.6852905903755616,0.6256605643435893,0.5802784004090492,0.46301149959462423,,,
in100.floorssl.s0.d256.extL,8,student.z.proj.out,raw,8,10000,256,62.98185384935907,352.8854872600904,345.0127555289205,0.18254934879959722,0.17847674705573535,5.611677728155772,251.99297598432037,96.54863441720106,0.3831401809517443
in100.floorssl.s0.d256.extL,8,student.z.proj.out,l2,8,10000,256,0.36794201918916863,1.6773326913787348,1.6313399389800887,0.22554589046548168,0.21936138315334894,0.4289184183438435,,,
in100.floorssl.s0.d256.extL,8,student.z.proj.tap1,raw,8,10000,2048,0.8466768337260345,4.509932206064263,4.404097601848508,0.1922475181682312,0.18773604458788845,0.6506446164097704,2.6956129586830317,1.753583965226119,0.6505325475519489
in100.floorssl.s0.d256.extL,8,student.z.proj.tap1,l2,8,10000,2048,0.3612411629749229,1.524259018640699,1.4791038732688337,0.24422974579640339,0.23699460430096056,0.4249948017181639,,,
in100.floorssl.s0.d256.extL,8,student.z.proj.tap2,raw,8,10000,2048,9.778434175562056,58.925097151285,57.702792879339746,0.16946206045883067,0.16594684859758121,2.2111574090916792,38.29404797245669,19.997995878395905,0.5222220406884023
in100.floorssl.s0.d256.extL,8,student.z.proj.tap2,l2,8,10000,2048,0.32615744198772045,1.6285501692825084,1.5877804890340435,0.20541721241715508,0.20027472787738304,0.40383006449973513,,,
in100.floorssl.s0.d128.extL,8,student.h.cls,raw,8,10000,384,185.09284014851292,433.0468262492576,409.9102212306935,0.45154482753028125,0.4274199207315637,9.620104992891525,292.273534220438,121.96715527274813,0.4173048223406991
in100.floorssl.s0.d128.extL,8,student.h.cls,l2,8,10000,384,0.6272947103674481,1.4482589928264709,1.36984715403054,0.45793044028433477,0.43313710701923464,0.560042279817983,,,
in100.floorssl.s0.d128.extL,8,student.h.cls.L03,raw,8,10000,384,49.710726803039314,29.877333364708928,23.663492514329015,2.1007349939125786,1.6638274305215461,4.985515359671421,18.952560676355414,5.009705171620691,0.26432867078856703
in100.floorssl.s0.d128.extL,8,student.h.cls.L03,l2,8,10000,384,0.12555380018468512,0.07551929859015073,0.059825073567065096,2.098681918776695,1.6625392784177675,0.2505531881504256,,,
in100.floorssl.s0.d128.extL,8,student.h.cls.L06,raw,8,10000,384,86.12599157443158,96.61466125924079,85.84891231243684,1.0032275221028584,0.8914381156223739,6.562240150071909,68.36085562990267,18.454203295126558,0.2699527840177332
in100.floorssl.s0.d128.extL,8,student.h.cls.L06,l2,8,10000,384,0.2179656983032627,0.24481229042467761,0.21756657813676977,1.001834473704146,0.8903380542094356,0.3301255051516489,,,
in100.floorssl.s0.d128.extL,8,student.h.cls.L09,raw,8,10000,384,183.89987473256298,284.528835150089,261.5413508085186,0.7031388121383566,0.6463312396283343,9.589052996322499,205.70737581771039,58.679263342309156,0.2852560007100006
in100.floorssl.s0.d128.extL,8,student.h.cls.L09,l2,8,10000,384,0.5381382598643694,0.8340367785211493,0.7667694960381032,0.7018253368775479,0.6452212584900096,0.5187187387517292,,,
in100.floorssl.s0.d128.extL,8,student.h.gap,raw,8,10000,384,28.647780229042336,50.14666552461256,46.56569299598227,0.6152121526788852,0.5712798633636303,3.7846915481345595,35.540646105610215,11.526513545618174,0.3243191896783968
in100.floorssl.s0.d128.extL,8,student.h.gap,l2,8,10000,384,0.3140727379856217,0.5501399763550885,0.5108808841068858,0.6147670577549185,0.570896047341419,0.3962781459944654,,,
in100.floorssl.s0.d128.extL,8,student.h.gap.L03,raw,8,10000,384,33.08324622255422,30.378213847208375,26.2428080693891,1.2606595351792458,1.0890451423165035,4.067139426092633,20.43926618408402,6.107324023777159,0.29880348779512006
in100.floorssl.s0.d128.extL,8,student.h.gap.L03,l2,8,10000,384,0.32750845422416675,0.30242967703692153,0.2614911202589007,1.2524649169727167,1.0829243261870214,0.40466557440939227,,,
in100.floorssl.s0.d128.extL,8,student.h.gap.L06,raw,8,10000,384,29.978912557697523,40.34637516337123,36.59901109365904,0.819118103518691,0.7430385613653371,3.87162191837591,27.942136555988416,9.060338289304338,0.3242535971130874
in100.floorssl.s0.d128.extL,8,student.h.gap.L06,l2,8,10000,384,0.3753748443658211,0.5057861058565981,0.45886425031087047,0.8180520581228824,0.7421612417171626,0.43322906433307373,,,
in100.floorssl.s0.d128.extL,8,student.h.gap.L09,raw,8,10000,384,31.903420204097795,54.01753722366167,50.02960969814944,0.6376907674592128,0.5906122686045546,3.993959201350071,37.74327993687407,12.826505133511985,0.33983546620655164
in100.floorssl.s0.d128.extL,8,student.h.gap.L09,l2,8,10000,384,0.430864068853563,0.7232360768119529,0.6693780682052575,0.6436781981949299,0.59574471278151,0.46414656567379825,,,
in100.floorssl.s0.d128.extL,8,student.z.proj.out,raw,8,10000,128,26.412025770595562,165.41301317689843,162.11150995557398,0.16292504941711833,0.15967320383886377,3.6340078268074465,102.61121264467366,61.154427442669316,0.595981919192763
in100.floorssl.s0.d128.extL,8,student.z.proj.out,l2,8,10000,128,0.35277589255815317,1.690269208562077,1.6461722219923078,0.2143007200857758,0.20870988524855275,0.41998565008709116,,,
in100.floorssl.s0.d128.extL,8,student.z.proj.tap1,raw,8,10000,2048,0.3804283434919104,2.7398476722173246,2.692294129280836,0.1413026679939796,0.13885018037664645,0.43613549700288695,1.5028861625872467,1.2168064434157617,0.8096464480855999
in100.floorssl.s0.d128.extL,8,student.z.proj.tap1,l2,8,10000,2048,0.3779798753800027,1.534520114022332,1.4872726295998315,0.25414296468408937,0.24631796737367626,0.43472972947568395,,,
in100.floorssl.s0.d128.extL,8,student.z.proj.tap2,raw,8,10000,2048,6.865369578231408,47.96697114930982,47.10879995203089,0.14573433382345027,0.1431270187325595,1.8527506008947086,28.315740753530736,19.272728909993273,0.680636578705437
in100.floorssl.s0.d128.extL,8,student.z.proj.tap2,l2,8,10000,2048,0.3405383801208587,1.6180540008474862,1.575486703332379,0.21614805088520994,0.210461690365399,0.4126368743343587,,,
in100.floorssl.s0.d64.extL,8,student.h.cls,raw,8,10000,384,187.6524631036006,413.6527732986892,390.19621541073917,0.48091820395046286,0.4536472984507251,9.686394146007084,263.9136065525768,130.41913659114923,0.4941735983027732
in100.floorssl.s0.d64.extL,8,student.h.cls,l2,8,10000,384,0.658706769775511,1.4203989580164402,1.3380606117945013,0.4922847021796012,0.46374771401929377,0.5738931824719261,,,
in100.floorssl.s0.d64.extL,8,student.h.cls.L03,raw,8,10000,384,50.07325611856207,28.79505058990685,22.53589357508659,2.221933465905164,1.7389535733656114,5.003661465295293,18.626893706169312,4.196950374816349,0.2253167082510542
in100.floorssl.s0.d64.extL,8,student.h.cls.L03,l2,8,10000,384,0.1491370238300378,0.08583313658151877,0.06719100860276404,2.21959793328512,1.7375227070770864,0.2730723565559482,,,
in100.floorssl.s0.d64.extL,8,student.h.cls.L06,raw,8,10000,384,86.07136586736071,89.27171705161705,78.51279631819696,1.0962718168708494,0.9641504466369132,6.560158758268001,62.70687294987413,16.698640538838994,0.26629681489917945
in100.floorssl.s0.d64.extL,8,student.h.cls.L06,l2,8,10000,384,0.267699816946588,0.27828676172606215,0.24482428460773864,1.0934365329628182,0.9619567071253802,0.365855037512529,,,
in100.floorssl.s0.d64.extL,8,student.h.cls.L09,raw,8,10000,384,172.91430974516757,258.95238139391824,237.3380926757723,0.7285569197751408,0.66774558632898,9.29823396525296,187.35476074569712,52.5728557440144,0.2806059239421906
in100.floorssl.s0.d64.extL,8,student.h.cls.L09,l2,8,10000,384,0.5765005762631025,0.8637964439970199,0.7917338719641321,0.7281494409641976,0.6674032757017131,0.5368894561560613,,,
in100.floorssl.s0.d64.extL,8,student.h.gap,raw,8,10000,384,25.983286466748897,44.53879653668741,41.290885728343795,0.6292741366144364,0.5833854636226193,3.604392214142968,31.25797644654464,10.478297247166031,0.3352199482613769
in100.floorssl.s0.d64.extL,8,student.h.gap,l2,8,10000,384,0.3080594189834206,0.5312452557893873,0.49273782841645974,0.625199449316585,0.5798817318860934,0.3924661889790129,,,
in100.floorssl.s0.d64.extL,8,student.h.gap.L03,raw,8,10000,384,32.23843554607981,29.48873162248837,25.458927179228393,1.2662919894119786,1.093245920468634,4.014874565044331,19.911385602036727,5.842428893416546,0.293421513207947
in100.floorssl.s0.d64.extL,8,student.h.gap.L03,l2,8,10000,384,0.4359883210835908,0.3935032319479662,0.33900469181251736,1.2860834425404033,1.1079663029076277,0.4668984477825937,,,
in100.floorssl.s0.d64.extL,8,student.h.gap.L06,raw,8,10000,384,28.55866132593119,38.415361305719614,34.84552863997821,0.8195789371140689,0.7434177463190781,3.7788001618193037,26.559011696593263,8.670670556442147,0.326468117695597
in100.floorssl.s0.d64.extL,8,student.h.gap.L06,l2,8,10000,384,0.42018225208828025,0.5617996276059153,0.5092768460948802,0.8250566569248639,0.7479219127981068,0.4583569853772713,,,
in100.floorssl.s0.d64.extL,8,student.h.gap.L09,raw,8,10000,384,29.800279413025553,50.61745411977781,46.892419193149614,0.6355031351715588,0.5887352481716709,3.860069909536973,34.90499462837234,12.493599105975056,0.3579315579043149
in100.floorssl.s0.d64.extL,8,student.h.gap.L09,l2,8,10000,384,0.43119995495501456,0.7246054347649243,0.6707054403955475,0.6429051100296951,0.5950824190200892,0.4643274463969444,,,
in100.floorssl.s0.d64.extL,8,student.z.proj.out,raw,8,10000,64,9.018471599870452,94.57541947011508,93.44811052013128,0.09650780042179265,0.09535745810485358,2.1234961266588703,44.24505104134758,50.148813673484845,1.1334332878635425
in100.floorssl.s0.d64.extL,8,student.z.proj.out,l2,8,10000,64,0.26949843365028864,1.7613091178561253,1.7276218136498391,0.15599388218011445,0.15301029837302127,0.3670820301038234,,,
in100.floorssl.s0.d64.extL,8,student.z.proj.tap1,raw,8,10000,2048,0.3700988549152541,3.324121810555712,3.2778594536913053,0.1129087015913613,0.11133733238655975,0.43017371776716795,1.5814996526714695,1.729601019125393,1.0936461580650685
in100.floorssl.s0.d64.extL,8,student.z.proj.tap1,l2,8,10000,2048,0.3716921464596351,1.5501948483384063,1.5037333300309519,0.24717956238423233,0.2397712435040263,0.43109868154497705,,,
in100.floorssl.s0.d64.extL,8,student.z.proj.tap2,raw,8,10000,2048,4.435688468181176,45.38354185250472,44.82908079398207,0.09894667456078265,0.09773782052086291,1.489242839193994,22.873446847034078,22.40946936547304,0.979715454139296
in100.floorssl.s0.d64.extL,8,student.z.proj.tap2,l2,8,10000,2048,0.27124997095847686,1.6063170546778225,1.5724108083080128,0.17250579144158545,0.16886452781445516,0.3682729768517348,,,
in100.lejepa.s0.e17c.ext,8,student.h.cls,raw,8,10000,384,0.8579152032516691,4.977826213819493,4.870586813413034,0.1761420617509721,0.17234735934933124,0.6549485488386355,2.4893828055243756,2.4309822700268544,0.9765401547050456
in100.lejepa.s0.e17c.ext,8,student.h.cls,l2,8,10000,384,0.06646961351229366,0.4079481613904619,0.3996394597014252,0.16632394999721448,0.16293642134759664,0.18230416000779257,,,
in100.lejepa.s0.e17c.ext,8,student.h.cls.L03,raw,8,10000,384,0.3748127957470734,0.2122173575481081,0.16536575807972392,2.266568363967912,1.7661740777358708,0.4329046059740375,0.13167714324769836,0.03581078840750664,0.27195903194940096
in100.lejepa.s0.e17c.ext,8,student.h.cls.L03,l2,8,10000,384,0.01974124609168704,0.01110422132362056,0.00863656556215968,2.2857750513909716,1.7778145370440397,0.09935100928447341,,,
in100.lejepa.s0.e17c.ext,8,student.h.cls.L06,raw,8,10000,384,0.6962241281153219,0.8635382418113696,0.7765102257969544,0.896606515903596,0.8062458550242229,0.5900102236890993,0.5673492396969686,0.2177963685180994,0.38388412864433963
in100.lejepa.s0.e17c.ext,8,student.h.cls.L06,l2,8,10000,384,0.0332432215792576,0.04079421208652472,0.036638809389117524,0.907322648675683,0.8149004449147973,0.12892482611828027,,,
in100.lejepa.s0.e17c.ext,8,student.h.cls.L09,raw,8,10000,384,1.174400879249794,3.215815378481536,3.0690152685753116,0.38266374601484815,0.3651953675911364,0.7662900492795773,1.9867780223729243,1.1143953999872027,0.5609058422421119
in100.lejepa.s0.e17c.ext,8,student.h.cls.L09,l2,8,10000,384,0.06496976870070904,0.17624917643862736,0.16812795535103872,0.386430493162526,0.36862452360639825,0.1802356356283477,,,
in100.lejepa.s0.e17c.ext,8,student.h.gap,raw,8,10000,384,0.444721091165944,1.420650266091837,1.365060129696094,0.3257886458561742,0.31304051516447984,0.47155121204697587,0.829042497636944,0.5502241347200683,0.6636862842235424
in100.lejepa.s0.e17c.ext,8,student.h.gap,l2,8,10000,384,0.11437909350456552,0.36912508098232033,0.35482769429424965,0.3223510885531776,0.30986540714106564,0.23914336025129937,,,
in100.lejepa.s0.e17c.ext,8,student.h.gap.L03,raw,8,10000,384,0.5276411893484927,0.5568022266932732,0.4908470780247116,1.0749604367043388,0.9476276567391594,0.5136346899054292,0.3770264546646571,0.11938864562698719,0.3166585372190298
in100.lejepa.s0.e17c.ext,8,student.h.gap.L03,l2,8,10000,384,0.1657615279435651,0.17365112014142928,0.15293092914848364,1.0838979980473669,0.9545664192005295,0.28789019429598944,,,
in100.lejepa.s0.e17c.ext,8,student.h.gap.L06,raw,8,10000,384,0.4862434433709358,0.7715900966066098,0.7108096661852429,0.6840698241774004,0.6301836240633397,0.49307374872879606,0.5181693742705661,0.20035619288074288,0.3866615875606059
in100.lejepa.s0.e17c.ext,8,student.h.gap.L06,l2,8,10000,384,0.1516454764255697,0.240076163670573,0.22112047911737678,0.6858047568948696,0.6316556967048763,0.27535928931631276,,,
in100.lejepa.s0.e17c.ext,8,student.h.gap.L09,raw,8,10000,384,0.48848545558391937,1.1198025081732634,1.0587418262252735,0.4613829769298092,0.4362246485594919,0.4942091943620229,0.7108524789851276,0.3590873723218784,0.5051503412276785
in100.lejepa.s0.e17c.ext,8,student.h.gap.L09,l2,8,10000,384,0.1567808784244971,0.35987019937764103,0.3402725895745789,0.46075083103376097,0.4356595202815729,0.2799829266441948,,,
in100.lejepa.s0.e17c.ext,8,student.z.embed,raw,8,10000,512,9.013533706222022,74.74205545522717,73.61536374194942,0.12244093145851966,0.12059520776253485,2.122914706979772,34.3014365481681,40.061347748333596,1.1679204074172547
in100.lejepa.s0.e17c.ext,8,student.z.embed,l2,8,10000,512,0.09015201410481213,0.7545451221078945,0.743276120344793,0.12129007193584017,0.11947862554987275,0.21231110911209067,,,
in100.lejepa.s0.e17c.ext,8,student.z.proj.out,raw,8,10000,16,2.1488909265880785,27.156463710707833,26.887852344884323,0.07992051202248313,0.07912999827517188,1.0365546118242102,12.46237098610748,14.69704599588392,1.1793137928783826
in100.lejepa.s0.e17c.ext,8,student.z.proj.out,l2,8,10000,16,0.1833879178216145,1.8391026203961511,1.8161791306684494,0.10097457608937402,0.09971597875387286,0.3028101037132137,,,
in100.lejepa.s0.e17c.ext,8,student.z.proj.tap1,raw,8,10000,2048,0.7139770778034734,4.861321633907579,4.772074499182145,0.14961566042731253,0.14686892404392743,0.597485178813447,2.394521763144537,2.4261659523766825,1.0132152439452418
in100.lejepa.s0.e17c.ext,8,student.z.proj.tap1,l2,8,10000,2048,0.24762450308501918,1.3699711038091624,1.339018040923535,0.1849299229114418,0.18075162490399022,0.35186965135190273,,,
in100.lejepa.s0.e17c.ext,8,student.z.proj.tap2,raw,8,10000,2048,1.5982065233769807,14.307697311675145,14.107921496253022,0.11328433630719129,0.11170256740564653,0.8939257584880806,7.100799965609167,7.150198503760611,1.006956756758491
in100.lejepa.s0.e17c.ext,8,student.z.proj.tap2,l2,8,10000,2048,0.2055419064869602,1.4120262244147028,1.3863334861038328,0.14826296020924767,0.14556521892655294,0.3205790904651769,,,
in100.lejepa.s0.e20f.ext,8,student.h.cls,raw,8,10000,384,45.36129768479327,100.40807659436307,94.73791438376391,0.4788082783946872,0.4517694116186254,4.762420481477527,62.14248904343049,33.599506106277055,0.5406849101714424
in100.lejepa.s0.e20f.ext,8,student.h.cls,l2,8,10000,384,0.6465472677366195,1.4242711270442585,1.343452718577181,0.48125792504358655,0.4539495714403599,0.568571573215114,,,
in100.lejepa.s0.e20f.ext,8,student.h.gap,raw,8,10000,384,6.393069046194647,12.723956497486403,11.924822866712073,0.5361143823813755,0.502443485047877,1.7878854893693061,8.494274422323233,3.557788009363703,0.4188454283998312
in100.lejepa.s0.e20f.ext,8,student.h.gap,l2,8,10000,384,0.26217979941841263,0.523196522782264,0.49042404785496246,0.5345981718578968,0.5011115097328784,0.36206339183795744,,,
in100.lejepa.s0.e20f.ext,8,student.z.embed,raw,8,10000,512,381.7981536585722,594.5729111800235,546.848141972702,0.6981794841274802,0.6421384938322091,13.816623206459894,406.94944402628323,145.84442705821897,0.3583846327820501
in100.lejepa.s0.e20f.ext,8,student.z.embed,l2,8,10000,512,0.7992397022002375,1.2982143092516216,1.198309346476592,0.6669727683842697,0.6156454265713442,0.6321549265015015,,,
in100.lejepa.s0.e20f.ext,8,student.z.proj.out,raw,8,10000,16,1.964437885642239,27.788621269044892,27.543066533339612,0.07132241006150777,0.07069216808645784,0.991069595346926,12.290682289276523,15.530270456753534,1.2635808241747095
in100.lejepa.s0.e20f.ext,8,student.z.proj.out,l2,8,10000,16,0.16909028849889166,1.8513798992092878,1.8302436131469264,0.09238676604813131,0.09133203216212352,0.2907664771761797,,,
in100.lejepa.s0.e20f.ext,8,student.z.proj.tap1,raw,8,10000,2048,1.5022141857869884,6.59297425656067,6.405197483337297,0.23453050271984596,0.22785075859990422,0.866664348461095,3.4532177434144806,3.0179094824884216,0.8739412648518265
in100.lejepa.s0.e20f.ext,8,student.z.proj.tap1,l2,8,10000,2048,0.3683621660236986,1.3517488041955954,1.305703533442633,0.2821177676164134,0.27250785418146173,0.42916323585769706,,,
in100.lejepa.s0.e20f.ext,8,student.z.proj.tap2,raw,8,10000,2048,1.4353087964346016,13.776887559689344,13.59747396013502,0.10555701747564511,0.10418236994502744,0.8471448507884002,6.610256749668095,7.124986086063814,1.0778682819576657
in100.lejepa.s0.e20f.ext,8,student.z.proj.tap2,l2,8,10000,2048,0.20030636479432054,1.4331085023430938,1.4080702067438038,0.14225594990574641,0.13977055084581874,0.31646987597109505,,,
in100.lejepa.s0.hpull_sigreg.ext,8,student.h.cls,raw,8,10000,384,10.122900445174606,30.598975725240493,29.33361316959367,0.34509558664486983,0.3308248137477499,2.2497667040356215,16.790530481037056,12.84907244580902,0.7652570870420412
in100.lejepa.s0.hpull_sigreg.ext,8,student.h.cls,l2,8,10000,384,0.5522978641836308,1.4997193753628164,1.4306821423398626,0.3860381337257447,0.3682674727397033,0.5254987460420961,,,
in100.lejepa.s0.hpull_sigreg.ext,8,student.h.cls.L03,raw,8,10000,384,13.919307901042743,5.282855682203859,3.5429421945735164,3.9287425920643018,2.634807524258546,2.6381156059811652,2.7823948352854018,0.8133759161101526,0.2923294371435682
in100.lejepa.s0.hpull_sigreg.ext,8,student.h.cls.L03,l2,8,10000,384,0.9526586342464581,0.3650127566000892,0.24593042731928194,3.873691615269949,2.6099324394029284,0.6901661518237685,,,
in100.lejepa.s0.hpull_sigreg.ext,8,student.h.cls.L06,raw,8,10000,384,13.343506604341977,10.197909141370628,8.52997081582788,1.5643085882055174,1.3084551371624176,2.582973732381146,6.295441034085172,2.336508873156414,0.3711430002292041
in100.lejepa.s0.hpull_sigreg.ext,8,student.h.cls.L06,l2,8,10000,384,0.911473763826798,0.7085812256060873,0.5946470051277375,1.5327980397900134,1.286336316697025,0.6750828704043668,,,
in100.lejepa.s0.hpull_sigreg.ext,8,student.h.cls.L09,raw,8,10000,384,13.00816252678182,20.487875501898646,18.861855186050917,0.6896544586134808,0.6349200299258131,2.550310032798152,12.589634636795155,6.477099304274749,0.5144787351766686
in100.lejepa.s0.hpull_sigreg.ext,8,student.h.cls.L09,l2,8,10000,384,0.7619246087964647,1.1910056988595916,1.0957651227600336,0.6953357001154726,0.6397321268286295,0.6172214387059416,,,
in100.lejepa.s0.hpull_sigreg.ext,8,student.h.gap,raw,8,10000,384,1.9971753570733288,5.663763688540132,5.4141167689059655,0.3688829484697094,0.35262335558143887,0.9992935897606191,3.564548717111926,1.9062056886794412,0.5347677476053379
in100.lejepa.s0.hpull_sigreg.ext,8,student.h.gap,l2,8,10000,384,0.4649944260118545,1.2443088525919639,1.1861845493404821,0.39200850008575067,0.3736969523629487,0.48217964806276015,,,
in100.lejepa.s0.hpull_sigreg.ext,8,student.h.gap.L03,raw,8,10000,384,2.727695786988754,3.2239877595996953,2.883025786226101,0.9461225771966906,0.8460626994835231,1.1678389844042616,2.1887615630963144,0.7265041007257832,0.3319247345051326
in100.lejepa.s0.hpull_sigreg.ext,8,student.h.gap.L03,l2,8,10000,384,0.5723370742685255,0.6406417744128418,0.569099640129276,1.0056886947574137,0.893380820807512,0.5349472283639413,,,
in100.lejepa.s0.hpull_sigreg.ext,8,student.h.gap.L06,raw,8,10000,384,2.6231821106452964,4.71501795600884,4.387120192178178,0.5979280247033539,0.5563461550135353,1.145247159054607,3.1701861944949283,1.2640841772433373,0.3987413040402601
in100.lejepa.s0.hpull_sigreg.ext,8,student.h.gap.L06,l2,8,10000,384,0.5306181970167344,0.917365735682996,0.8510384610559042,0.6234949667943133,0.5784151035700927,0.5150816425658822,,,
in100.lejepa.s0.hpull_sigreg.ext,8,student.h.gap.L09,raw,8,10000,384,2.4432459623475755,5.457532857144003,5.1521271118505565,0.47422082361434653,0.44768323458636167,1.105270546596528,3.5372560219477998,1.669446418474196,0.47196086687412314
in100.lejepa.s0.hpull_sigreg.ext,8,student.h.gap.L09,l2,8,10000,384,0.5441870419459219,1.1630819856484262,1.095058605405186,0.49694787042430993,0.46788364763687224,0.5216258438507059,,,
in100.lejepa.s0.hpull_sigreg.ext,8,student.z.embed,raw,8,10000,512,267.1256949053091,840.2053998922312,806.8146880290675,0.3310868020485086,0.3179290384703216,11.556939363544942,465.6692078282954,349.54753419969455,0.7506348462030628
in100.lejepa.s0.hpull_sigreg.ext,8,student.z.embed,l2,8,10000,512,0.5513375678092496,1.5089443436431482,1.4400271476669921,0.3828660929778159,0.36537965772688297,0.5250416973009142,,,
in100.lejepa.s0.hpull_sigreg.ext,8,student.z.proj.out,raw,8,10000,16,3.0941475853340323,25.205247101346476,24.81847865317972,0.12467112221391592,0.12275807386029322,1.2438142114749358,12.667631294830477,12.402899829362713,0.9791017389671108
in100.lejepa.s0.hpull_sigreg.ext,8,student.z.proj.out,l2,8,10000,16,0.26411010834187426,1.7607396011652594,1.727725837622525,0.15286575137714487,0.149999527566192,0.363393800402452,,,
in100.lejepa.s0.hpull_sigreg.ext,8,student.z.proj.tap1,raw,8,10000,2048,1.4395745052906717,7.937104640701692,7.757157827540358,0.18558014897927277,0.1813727512055837,0.8484027655809095,3.9895877088598173,3.846941165087558,0.9642452919494716
in100.lejepa.s0.hpull_sigreg.ext,8,student.z.proj.tap1,l2,8,10000,2048,0.22074428315350625,1.054450980653806,1.0268579452596178,0.2149706141658144,0.20934523008043018,0.33222302987112906,,,
in100.lejepa.s0.hpull_sigreg.ext,8,student.z.proj.tap2,raw,8,10000,2048,1.1286498987355906,7.312717024574472,7.171635787232524,0.15737691263475714,0.1543407046851053,0.75121564771229,3.7515763060622325,3.4931866514160346,0.9311250435640448
in100.lejepa.s0.hpull_sigreg.ext,8,student.z.proj.tap2,l2,8,10000,2048,0.23028509775135195,1.2724313532795115,1.2436457160605925,0.18516937322054192,0.1809803704992216,0.33932661091590793,,,
in100.lejepa.s0.hpull_sigreg_inv.ext,8,student.h.cls,raw,8,10000,384,2.5295876736670495,16.41111314815882,16.09491468895044,0.15716688920405864,0.15413870167307003,1.1246305334791176,8.323743842805007,7.935281977627019,0.9533308721995606
in100.lejepa.s0.hpull_sigreg_inv.ext,8,student.h.cls,l2,8,10000,384,0.3149139626556659,1.7012567160047212,1.661892470672763,0.18949117840830176,0.18510666831941663,0.3968084945258014,,,
in100.lejepa.s0.hpull_sigreg_inv.ext,8,student.h.cls.L03,raw,8,10000,384,0.9988498987719882,0.6843135420883733,0.5594573047418747,1.7853907533352213,1.4596377790854755,0.7067000420164089,0.42991411155125625,0.13638632861150204,0.31724087427458514
in100.lejepa.s0.hpull_sigreg_inv.ext,8,student.h.cls.L03,l2,8,10000,384,0.3185749601878079,0.21592033338474736,0.17609846336127138,1.8090729135679147,1.4754282526052827,0.3991083563318412,,,
in100.lejepa.s0.hpull_sigreg_inv.ext,8,student.h.cls.L06,raw,8,10000,384,1.437277100297894,3.0375363171983785,2.8578766796611417,0.5029178167576888,0.4731719888121511,0.8477255158062349,1.96742089596308,0.9208311468700459,0.46803973097951984
in100.lejepa.s0.hpull_sigreg_inv.ext,8,student.h.cls.L06,l2,8,10000,384,0.46846601726707476,0.9366450729937718,0.8780868208353874,0.5335076283474899,0.5001531858484348,0.483976248005558,,,
in100.lejepa.s0.hpull_sigreg_inv.ext,8,student.h.cls.L09,raw,8,10000,384,2.845442730180264,10.662965741593487,10.307285400320954,0.2760613119426829,0.2668528436775262,1.192778841650929,6.285685861137246,4.1282291965996425,0.6567667057820062
in100.lejepa.s0.hpull_sigreg_inv.ext,8,student.h.cls.L09,l2,8,10000,384,0.43492595394411465,1.499735194358733,1.4453694501157186,0.30090988425782333,0.29000183204347835,0.46632925811282455,,,
in100.lejepa.s0.hpull_sigreg_inv.ext,8,student.h.gap,raw,8,10000,384,0.885297798357258,2.8931433921353022,2.782481167340645,0.3181684781009249,0.3059985898949372,0.6653186448451817,1.788541503302013,1.0228710979599853,0.5719023551153587
in100.lejepa.s0.hpull_sigreg_inv.ext,8,student.h.gap,l2,8,10000,384,0.4225267780899343,1.2587570263258179,1.205941179064576,0.35037096785904576,0.335669846724309,0.45963397290122837,,,
in100.lejepa.s0.hpull_sigreg_inv.ext,8,student.h.gap.L03,raw,8,10000,384,1.5846059459956707,2.463678938168301,2.2656031949188424,0.6994190110384417,0.6431868704344226,0.8901140224700628,1.648764605912482,0.6414753783880435,0.3890642582256485
in100.lejepa.s0.hpull_sigreg_inv.ext,8,student.h.gap.L03,l2,8,10000,384,0.5089216185305029,0.7002251680608061,0.6366099657444932,0.7994245235154883,0.7267970957683559,0.5044410860202125,,,
in100.lejepa.s0.hpull_sigreg_inv.ext,8,student.h.gap.L06,raw,8,10000,384,1.4629021081927112,3.33304190712893,3.150179143604841,0.4643869575362213,0.4389090053334642,0.8552491181500017,2.1612862710077225,1.022223291668408,0.47296987233060317
in100.lejepa.s0.hpull_sigreg_inv.ext,8,student.h.gap.L06,l2,8,10000,384,0.468325888710086,0.9911176271949402,0.9325768911061795,0.5021847454900792,0.4725230142819085,0.48390385858664425,,,
in100.lejepa.s0.hpull_sigreg_inv.ext,8,student.h.gap.L09,raw,8,10000,384,1.2779816156644004,3.4622240640558415,3.3024763620977913,0.3869767639616363,0.3691215796609367,0.7993690060492714,2.205595011867507,1.131503590870843,0.5130151205378287
in100.lejepa.s0.hpull_sigreg_inv.ext,8,student.h.gap.L09,l2,8,10000,384,0.4852640801250554,1.2342397953810509,1.173581785365419,0.41348978501226347,0.39316839559142414,0.4925769382162828,,,
in100.lejepa.s0.hpull_sigreg_inv.ext,8,student.z.embed,raw,8,10000,512,85.24957168683603,758.4502550939516,747.794058633097,0.11400140279619884,0.11239968753952875,6.5287660276209944,359.2905115218358,396.08804966220066,1.1024172277316833
in100.lejepa.s0.hpull_sigreg_inv.ext,8,student.z.embed,l2,8,10000,512,0.24928639722137363,1.773147424397355,1.7419866247446834,0.14310465630464334,0.140589774877912,0.35304843663538127,,,
in100.lejepa.s0.hpull_sigreg_inv.ext,8,student.z.proj.out,raw,8,10000,16,3.0689646531152026,25.19389704150347,24.810276459864067,0.12369731784649438,0.12181381260943898,1.2387422357204105,12.668982864811234,12.39323256546787,0.9782342195671229
in100.lejepa.s0.hpull_sigreg_inv.ext,8,student.z.proj.out,l2,8,10000,16,0.26116481937052216,1.7609530300960692,1.7283074276747539,0.1511101643079151,0.14830879353793683,0.36136188189301466,,,
in100.lejepa.s0.hpull_sigreg_inv.ext,8,student.z.proj.tap1,raw,8,10000,2048,1.2222346730879674,8.999083205782915,8.846303871646919,0.13816331552947475,0.13581768777318842,0.7817399417606751,4.429205733133569,4.507088970571179,1.0175840189257839
in100.lejepa.s0.hpull_sigreg_inv.ext,8,student.z.proj.tap1,l2,8,10000,2048,0.11459544183284028,0.756779164910232,0.742454734681127,0.15434670489650426,0.15142520717577287,0.23936942352025695,,,
in100.lejepa.s0.hpull_sigreg_inv.ext,8,student.z.proj.tap2,raw,8,10000,2048,1.0379204412042455,7.060047669032826,6.930307613882296,0.14976542154134076,0.14701323416792636,0.7203889370347957,3.6230123019178557,3.3778957886547687,0.9323445539687145
in100.lejepa.s0.hpull_sigreg_inv.ext,8,student.z.proj.tap2,l2,8,10000,2048,0.21443602343434345,1.2530591707768577,1.2262546678475648,0.17487070920654788,0.1711300060167149,0.3274416157380911,,,
in100.lejepa.s0.hpull_sigreg3.ext,8,student.h.cls,raw,8,10000,384,7.058982128179892,26.386434569666203,25.504061803643715,0.2767787414619341,0.26752315132014404,1.878693978297143,13.91626409302225,11.851662056318132,0.8516410709869088
in100.lejepa.s0.hpull_sigreg3.ext,8,student.h.cls,l2,8,10000,384,0.46684980340414567,1.565577360685547,1.5072211352600289,0.30974207598515646,0.2981965727964525,0.4831406645088704,,,
in100.lejepa.s0.hpull_sigreg3.ext,8,student.h.cls.L03,raw,8,10000,384,6.906205247443097,2.4516680436258147,1.5883923876954276,4.347921395835444,2.816941414804832,1.8582525726395613,1.2944968957350378,0.3184121723966488,0.24597368556519317
in100.lejepa.s0.hpull_sigreg3.ext,8,student.h.cls.L03,l2,8,10000,384,0.612897539359757,0.21437876605454734,0.13776657363457773,4.448811661567862,2.8589470433084267,0.5535781513751048,,,
in100.lejepa.s0.hpull_sigreg3.ext,8,student.h.cls.L06,raw,8,10000,384,5.986929974642114,5.839029010037915,5.090662763207651,1.1760610068127397,1.0253297190936954,1.730163283427624,3.685772494369514,1.4632805589385158,0.39700783517535687
in100.lejepa.s0.hpull_sigreg3.ext,8,student.h.cls.L06,l2,8,10000,384,0.7143973795037443,0.6982651062525821,0.6089654338146141,1.173132890365706,1.0231033644767675,0.5976610157538068,,,
in100.lejepa.s0.hpull_sigreg3.ext,8,student.h.cls.L09,raw,8,10000,384,7.832440346681978,16.232940461768955,15.253885418433708,0.5134718225440967,0.4825028690968569,1.9789442067276655,9.906563774400977,5.509651048650418,0.5561616695879568
in100.lejepa.s0.hpull_sigreg3.ext,8,student.h.cls.L09,l2,8,10000,384,0.6206876274023785,1.259245924235861,1.1816599708105635,0.5252675412002116,0.49290421787866884,0.5570851045407598,,,
in100.lejepa.s0.hpull_sigreg3.ext,8,student.h.gap,raw,8,10000,384,1.4693750334281037,3.9055506891416703,3.7218788099631572,0.394793895355945,0.3762273621267558,0.8571391466465943,2.4381014562459393,1.3228328606086348,0.5425667817144343
in100.lejepa.s0.hpull_sigreg3.ext,8,student.h.gap,l2,8,10000,384,0.40587563677075433,1.0121394963869763,0.961405041790632,0.42216924098380487,0.4010076063819309,0.45048620221420455,,,
in100.lejepa.s0.hpull_sigreg3.ext,8,student.h.gap.L03,raw,8,10000,384,2.571751087602986,2.9099858294895875,2.588516943539214,0.9935229877563387,0.8837675639314272,1.1339645249307815,1.9419076043292183,0.6757091975048919,0.3479615590352962
in100.lejepa.s0.hpull_sigreg3.ext,8,student.h.gap.L03,l2,8,10000,384,0.5554858700995954,0.6027963491132711,0.5333606153508217,1.0414827306553571,0.9215149874691998,0.5270132209440269,,,
in100.lejepa.s0.hpull_sigreg3.ext,8,student.h.gap.L06,raw,8,10000,384,2.2251403013140973,4.104812441333341,3.826669903669079,0.5814821652582558,0.5420808704700083,1.0547844095629442,2.698377053609103,1.169340974473309,0.4333497325399003
in100.lejepa.s0.hpull_sigreg3.ext,8,student.h.gap.L06,l2,8,10000,384,0.44101037874731547,0.8017992906807447,0.7466729933373303,0.5906338955372888,0.5500259028327255,0.46957980085780704,,,
in100.lejepa.s0.hpull_sigreg3.ext,8,student.h.gap.L09,raw,8,10000,384,2.016534222048263,4.267573167062299,4.015506389306266,0.50218677958489,0.47252481518352024,1.0041250475036123,2.7617717865516593,1.296410334425228,0.46941254912445984
in100.lejepa.s0.hpull_sigreg3.ext,8,student.h.gap.L09,l2,8,10000,384,0.4646461978500234,0.9579280333514939,0.899847258620241,0.516361186188951,0.485053346047688,0.48199906527400205,,,
in100.lejepa.s0.hpull_sigreg3.ext,8,student.z.embed,raw,8,10000,512,221.8972275031661,858.7985707043421,831.0614172664463,0.2670046074729802,0.25838099302049083,10.533214787119032,465.96879959675715,373.6806033767328,0.801943399858769
in100.lejepa.s0.hpull_sigreg3.ext,8,student.z.embed,l2,8,10000,512,0.46931079798543596,1.5768357629614969,1.5181719132133173,0.3091288897527466,0.29762820517465366,0.4844124265465513,,,
in100.lejepa.s0.hpull_sigreg3.ext,8,student.z.proj.out,raw,8,10000,16,3.0315303862103993,25.015740361138192,24.636799062861893,0.12304887410394971,0.12118491567492698,1.2311641617206048,12.556826305529029,12.330130160944245,0.9819463820659075
in100.lejepa.s0.hpull_sigreg3.ext,8,student.z.proj.out,l2,8,10000,16,0.25868062565375144,1.7675597248920956,1.7352246466853767,0.14907615918658298,0.14634901554432236,0.3596391425121516,,,
in100.lejepa.s0.hpull_sigreg3.ext,8,student.z.proj.tap1,raw,8,10000,2048,1.3224909428721416,7.384007498330164,7.218696130471146,0.1832035756831097,0.17910205849211458,0.8131700138569246,3.736866612783553,3.5556695926708954,0.9515109745975959
in100.lejepa.s0.hpull_sigreg3.ext,8,student.z.proj.tap1,l2,8,10000,2048,0.21931957372696678,1.0748577320333736,1.0474427853175028,0.20938573142253897,0.2040452119296445,0.3311491912469112,,,
in100.lejepa.s0.hpull_sigreg3.ext,8,student.z.proj.tap2,raw,8,10000,2048,1.0899474259490727,7.111951802306196,6.975708374062562,0.1562489954427813,0.153255738543621,0.7382233489768095,3.629507321663319,3.4173205704223064,0.9415384148767133
in100.lejepa.s0.hpull_sigreg3.ext,8,student.z.proj.tap2,l2,8,10000,2048,0.226453632802895,1.271908255859298,1.243601551758936,0.18209500662217856,0.17804242700657957,0.33649192620544033,,,
in100.lejepa.s0.hpull_sigreg_t.ext,8,student.h.cls,raw,8,10000,384,8.530637814057306,30.076770858883794,29.01044113212663,0.29405405368380766,0.2836287796346863,2.0652648515453538,15.843296908059623,13.467911932655845,0.8500700334539967
in100.lejepa.s0.hpull_sigreg_t.ext,8,student.h.cls,l2,8,10000,384,0.52735765030687,1.520811662456951,1.4548919561685922,0.362472036546032,0.3467606563819323,0.5134966651823895,,,
in100.lejepa.s0.hpull_sigreg_t.ext,8,student.h.cls.L03,raw,8,10000,384,13.759737156809305,4.164690239621008,2.4447230950198446,5.628341788417396,3.303904099734788,2.6229503575944118,1.9763923177223122,0.5099776796937426,0.2580346397427131
in100.lejepa.s0.hpull_sigreg_t.ext,8,student.h.cls.L03,l2,8,10000,384,1.0632193059720838,0.32637335870466894,0.19347094545815846,5.495498579666702,3.2576779863155965,0.7291156650258187,,,
in100.lejepa.s0.hpull_sigreg_t.ext,8,student.h.cls.L06,raw,8,10000,384,11.81706259760644,8.602768870720372,7.125636046019567,1.6583870578413191,1.3736347884256146,2.4307470659867554,5.285562356588654,1.926101378138114,0.3644080323330507
in100.lejepa.s0.hpull_sigreg_t.ext,8,student.h.cls.L06,l2,8,10000,384,1.0097979442999985,0.7436672987373281,0.6174425556998282,1.635452456229653,1.3578625092356937,0.7105624336749018,,,
in100.lejepa.s0.hpull_sigreg_t.ext,8,student.h.cls.L09,raw,8,10000,384,10.479478275204963,17.739388029150433,16.429453244749812,0.637847049386977,0.5907463243931782,2.2890476486090194,10.858672539669486,5.748174585371829,0.5293625500144966
in100.lejepa.s0.hpull_sigreg_t.ext,8,student.h.cls.L09,l2,8,10000,384,0.7594798696377669,1.2550882924538038,1.160153308749083,0.654637506879728,0.6051206709552835,0.6162304234771953,,,
in100.lejepa.s0.hpull_sigreg_t.ext,8,student.h.gap,raw,8,10000,384,1.8161494961228686,4.813855775842517,4.586837088827158,0.395948114343702,0.37727542757655796,0.9529295609127856,3.1069369568029668,1.5280386897826161,0.4918151578315144
in100.lejepa.s0.hpull_sigreg_t.ext,8,student.h.gap,l2,8,10000,384,0.47000746459473514,1.1802975659979793,1.1215466329236374,0.41907081774167876,0.39821099198601567,0.48477183529715046,,,
in100.lejepa.s0.hpull_sigreg_t.ext,8,student.h.gap.L03,raw,8,10000,384,3.1503673971713755,3.579187747437217,3.185391822790795,0.9890046727159819,0.8801905961561007,1.2550632249355758,2.4563216450543695,0.7648620552107971,0.31138513832290365
in100.lejepa.s0.hpull_sigreg_t.ext,8,student.h.gap.L03,l2,8,10000,384,0.5962810589684092,0.6407112451216949,0.5661761127506437,1.0531724061467502,0.9306548987682483,0.5460224624355711,,,
in100.lejepa.s0.hpull_sigreg_t.ext,8,student.h.gap.L06,raw,8,10000,384,2.6994437593829255,4.5362258360263255,4.19879536610346,0.6429091022571187,0.5950858394095305,1.161775313772617,3.094809734926088,1.1493478895376352,0.37137917609823096
in100.lejepa.s0.hpull_sigreg_t.ext,8,student.h.gap.L06,l2,8,10000,384,0.5871203376935672,0.9499534945319354,0.8765634523202396,0.6697978750305819,0.6180516636583934,0.5418119312517801,,,
in100.lejepa.s0.hpull_sigreg_t.ext,8,student.h.gap.L09,raw,8,10000,384,2.403452399950179,5.0779276931705954,4.7774961431768235,0.5030778315504802,0.4733136320910259,1.096232730753415,3.373558605939404,1.4547168141691265,0.43121136582835345
in100.lejepa.s0.hpull_sigreg_t.ext,8,student.h.gap.L09,l2,8,10000,384,0.5737704062853008,1.166591532980547,1.0948702321948844,0.5240533438698615,0.49183487970237866,0.5356166568943226,,,
in100.lejepa.s0.hpull_sigreg_t.ext,8,student.z.embed,raw,8,10000,512,224.40953559543274,851.0456477611559,822.9944558117269,0.27267441962788874,0.2636868376987609,10.592675195516776,454.027588803588,377.47732348575016,0.8313973264938457
in100.lejepa.s0.hpull_sigreg_t.ext,8,student.z.embed,l2,8,10000,512,0.51413498144306,1.5401125196228722,1.4758456469424897,0.34836636372387164,0.3338294929054641,0.5070182350976442,,,
in100.lejepa.s0.hpull_sigreg_t.ext,8,student.z.proj.out,raw,8,10000,16,2.9474010252706093,24.35895275385714,23.990527625698313,0.12285686547858143,0.12099867572524851,1.2139606717827824,12.152184718147424,12.081932435089458,0.9942189585916139
in100.lejepa.s0.hpull_sigreg_t.ext,8,student.z.proj.out,l2,8,10000,16,0.2609423745780167,1.7640535921085003,1.7314357952862482,0.1507086634620931,0.14792202217967942,0.36120795573880754,,,
in100.lejepa.s0.hpull_sigreg_t.ext,8,student.z.proj.tap1,raw,8,10000,2048,1.1962854502265259,7.272238453415138,7.122702772136822,0.1679538636521875,0.16450030590852457,0.7733968742587877,3.574499365503553,3.6209257911674193,1.0129882316141707
in100.lejepa.s0.hpull_sigreg_t.ext,8,student.z.proj.tap1,l2,8,10000,2048,0.19411617212867344,0.9965210134997087,0.9722564919836245,0.19965531084563115,0.19479385732865953,0.31154146764810736,,,
in100.lejepa.s0.hpull_sigreg_t.ext,8,student.z.proj.tap2,raw,8,10000,2048,1.073979342355169,7.233758057380654,7.099510639586258,0.15127512259320422,0.14846768910931163,0.732795790911482,3.728041920158082,3.443806300001983,0.923757396981189
in100.lejepa.s0.hpull_sigreg_t.ext,8,student.z.proj.tap2,l2,8,10000,2048,0.2262777922400118,1.28061630163796,1.2523315776079584,0.18068520852298425,0.17669444934489228,0.3363612583517993,,,
in100.lejepa.s0.e12c1.ext,8,student.h.cls,raw,8,10000,384,16.709800523466708,69.30720468674879,67.21847962131545,0.2485893852048375,0.24109759726987723,2.8904844337469373,36.44485423716707,31.466697431015856,0.8634057698857688
in100.lejepa.s0.e12c1.ext,8,student.h.cls,l2,8,10000,384,0.18132877839416645,0.759375697927122,0.7367096006278512,0.2461333179853111,0.23878664920294662,0.30110527925807484,,,
in100.lejepa.s0.e12c1.ext,8,student.h.cls.L03,raw,8,10000,384,10.175753836863555,5.34646082740591,4.074491597797966,2.4974290884200077,1.9032691280001026,2.255632265780878,3.311535631998514,0.8164205740735111,0.24653836310400826
in100.lejepa.s0.e12c1.ext,8,student.h.cls.L03,l2,8,10000,384,0.10270700934676492,0.05395684941138315,0.04111847324303754,2.497831296889312,1.9035027149879709,0.22661311672845078,,,
in100.lejepa.s0.e12c1.ext,8,student.h.cls.L06,raw,8,10000,384,16.29206581662362,17.503157345337453,15.4666491182595,1.0533675194964922,0.9308072535246649,2.85412559434791,11.687456680609055,3.954224011103827,0.3383305811660784
in100.lejepa.s0.e12c1.ext,8,student.h.cls.L06,l2,8,10000,384,0.15986765585450283,0.17154063094182606,0.1515571739600132,1.0548339724035911,0.9319521268912562,0.2827257114718281,,,
in100.lejepa.s0.e12c1.ext,8,student.h.cls.L09,raw,8,10000,384,30.966129081905205,63.0557949731325,59.18502883789435,0.5232088196952698,0.49109093137434223,3.934852543736881,41.477119467013644,18.338467320612047,0.44213454444917405
in100.lejepa.s0.e12c1.ext,8,student.h.cls.L09,l2,8,10000,384,0.324958356127899,0.6613894455641351,0.6207696510481477,0.5234765513733125,0.4913267943831856,0.40308706015444046,,,
in100.lejepa.s0.e12c1.ext,8,student.h.gap,raw,8,10000,384,6.6048913934281375,17.724273674089897,16.89866224991138,0.3908529146123845,0.3726466604430426,1.8172632436480052,10.971081602929024,6.104823383723256,0.5564468121441564
in100.lejepa.s0.e12c1.ext,8,student.h.gap,l2,8,10000,384,0.15794636993391034,0.4267452872340695,0.4070019909923307,0.388072720599754,0.3701186039045274,0.28102168059947824,,,
in100.lejepa.s0.e12c1.ext,8,student.h.gap.L03,raw,8,10000,384,8.532867843684082,7.621732659763234,6.555124179302724,1.3017095649577355,1.119544364069725,2.0655347786571014,5.157749495629031,1.4735920102713258,0.2857044553094583
in100.lejepa.s0.e12c1.ext,8,student.h.gap.L03,l2,8,10000,384,0.3815179935271236,0.3350569687424369,0.2873672195515464,1.3276322682959631,1.1386660452372264,0.43675965560427144,,,
in100.lejepa.s0.e12c1.ext,8,student.h.gap.L06,raw,8,10000,384,8.134384555222358,10.258129590621405,9.24133152121861,0.8802178059022511,0.7929695646133481,2.0167281119702722,7.012285633515308,2.3316271836095157,0.33250601950175473
in100.lejepa.s0.e12c1.ext,8,student.h.gap.L06,l2,8,10000,384,0.4482960195239412,0.5588160038844111,0.5027790014439184,0.8916363217964376,0.8022247330208343,0.4734427206769269,,,
in100.lejepa.s0.e12c1.ext,8,student.h.gap.L09,raw,8,10000,384,8.330571185418735,15.814668455170498,14.773347056993156,0.5638919300603144,0.5267623035559188,2.0409031316329953,10.489311497250663,4.442182244294197,0.4234960745954137
in100.lejepa.s0.e12c1.ext,8,student.h.gap.L09,l2,8,10000,384,0.39364005554908277,0.7381328293512097,0.6889278224075743,0.57138069148295,0.5332916243477169,0.44364403272729974,,,
in100.lejepa.s0.e12c1.ext,8,student.z.embed,raw,8,10000,512,53.29736532935846,349.96342671378727,343.30125604761747,0.15524954945683586,0.1522941006431137,5.16223620775718,167.2717599465176,179.52913036823782,1.0732781817184163
in100.lejepa.s0.e12c1.ext,8,student.z.embed,l2,8,10000,512,0.12148221280924175,0.7976639550029453,0.7824786784017901,0.15525306460409724,0.1522974832287529,0.2464571086510204,,,
in100.lejepa.s0.e12c1.ext,8,student.z.proj.out,raw,8,10000,16,2.0728250798146406,27.61790860203769,27.35880546706086,0.07576445844136932,0.07505365846788646,1.0180434862555334,12.622677503482088,15.012307049599158,1.189312413745647
in100.lejepa.s0.e12c1.ext,8,student.z.proj.out,l2,8,10000,16,0.17840748185509253,1.8430325366596363,1.8207316014277497,0.09798670035451247,0.09680104843859308,0.29866995317163436,,,
in100.lejepa.s0.e12c1.ext,8,student.z.proj.tap1,raw,8,10000,2048,29.27935167848249,187.71057094931146,184.05065198950115,0.15908311848932044,0.15598136817978653,3.826182933321569,91.4750136365288,94.45274406246546,1.0325523911673686
in100.lejepa.s0.e12c1.ext,8,student.z.proj.tap1,l2,8,10000,2048,0.23371381127511368,1.3029516398926715,1.2737374134832822,0.18348665023191704,0.17937259075430112,0.34184339343851133,,,
in100.lejepa.s0.e12c1.ext,8,student.z.proj.tap2,raw,8,10000,2048,15.853738230169421,143.4585898074138,141.47687252864262,0.11205886832817684,0.11051090249424796,2.8154696082687005,67.1230999576124,75.78835846910438,1.1290950286408705
in100.lejepa.s0.e12c1.ext,8,student.z.proj.tap2,l2,8,10000,2048,0.17677676258542532,1.3056570016092284,1.28355990628605,0.13772381150243673,0.13539295723727376,0.29730183533357585,,,
in100.lejepa.s0.e12f2.ext,8,student.h.cls,raw,8,10000,384,154.2420433232716,279.97185222604105,260.6915968106321,0.5916648070375429,0.5509198231782997,8.781857529112836,179.5457919912814,83.94552334161118,0.46754380824301084
in100.lejepa.s0.e12f2.ext,8,student.h.cls,l2,8,10000,384,0.7110497085696498,1.2892406204078477,1.2003594068366414,0.5923640074130043,0.5515259892639057,0.5962590496460619,,,
in100.lejepa.s0.e12f2.ext,8,student.h.cls.L03,raw,8,10000,384,38.66211693261756,19.290292946684087,14.457528330106893,2.674185797866025,2.0042265319388735,4.396709959311482,11.738753407529686,2.9116778520440496,0.24803978335351928
in100.lejepa.s0.e12f2.ext,8,student.h.cls.L03,l2,8,10000,384,0.18140446419481066,0.09055624390420164,0.0678806858798503,2.6724017567515292,2.0032242546048646,0.3011681126836062,,,
in100.lejepa.s0.e12f2.ext,8,student.h.cls.L06,raw,8,10000,384,73.10221815703282,67.54727846681007,58.409501197180965,1.2515466946079823,1.0822378016747518,6.045751324568057,46.54931402143652,12.535659960412548,0.26929848965421327
in100.lejepa.s0.e12f2.ext,8,student.h.cls.L06,l2,8,10000,384,0.35930621473699975,0.3321760768817446,0.2872628000396196,1.2507927051029364,1.0816739667405775,0.4238550546690459,,,
in100.lejepa.s0.e12f2.ext,8,student.h.cls.L09,raw,8,10000,384,138.30741853641106,201.4321760498864,184.14374873283504,0.751083973733338,0.6866202870298043,8.315870926620105,140.39948424617458,45.758586247159336,0.3259170537046051
in100.lejepa.s0.e12f2.ext,8,student.h.cls.L09,l2,8,10000,384,0.6369934558433317,0.9280369935210113,0.8484128115405949,0.7508060311897503,0.6863879999293474,0.564355143435112,,,
in100.lejepa.s0.e12f2.ext,8,student.h.gap,raw,8,10000,384,19.68299051201318,35.92432292487913,33.46394911087748,0.5881849284074847,0.5479015026441004,3.137115754320613,24.84655437108749,8.976637969038784,0.3612830107133238
in100.lejepa.s0.e12f2.ext,8,student.h.gap,l2,8,10000,384,0.41664977001856135,0.7513853373837436,0.6993041161314234,0.5958062599766801,0.5545087843599644,0.45642620981849924,,,
in100.lejepa.s0.e12f2.ext,8,student.h.gap.L03,raw,8,10000,384,21.56002463216197,19.15892937963033,16.463926300610083,1.3095311676269497,1.1253251267309576,3.283292907445357,13.03467509026888,3.620840504137504,0.27778525195773124
in100.lejepa.s0.e12f2.ext,8,student.h.gap.L03,l2,8,10000,384,0.3808651066386396,0.33173669184025306,0.2841285535104231,1.3404675522154719,1.148094606375481,0.4363857849647715,,,
in100.lejepa.s0.e12f2.ext,8,student.h.gap.L06,raw,8,10000,384,20.941891595227276,26.71123699431692,24.09350054491351,0.8691925673560297,0.784010549555712,3.2358840828456197,18.379217863094954,5.981395051761721,0.3254433946164937
in100.lejepa.s0.e12f2.ext,8,student.h.gap.L06,l2,8,10000,384,0.46526538465325096,0.5899370817656264,0.53177890868397,0.8749225985751773,0.7886695022810827,0.4823201139561002,,,
in100.lejepa.s0.e12f2.ext,8,student.h.gap.L09,raw,8,10000,384,20.716996851695008,35.46995467395265,32.880330067490775,0.6300726546592117,0.584071703562354,3.2184621212385744,24.45092650705301,8.784103107177291,0.3592544071752646
in100.lejepa.s0.e12f2.ext,8,student.h.gap.L09,l2,8,10000,384,0.4567511834789983,0.7748821330206278,0.7177882350857531,0.6363313873825627,0.5894460125161246,0.4778865887838862,,,
in100.lejepa.s0.e12f2.ext,8,student.z.embed,raw,8,10000,512,434.2962436580018,540.6183581459975,486.33132768874725,0.893004869174194,0.8033324009702187,14.735946587477878,380.1535628688105,111.58394840139657,0.29352335292962584
in100.lejepa.s0.e12f2.ext,8,student.z.embed,l2,8,10000,512,0.9139249869343938,1.1959655319361362,1.081724908569337,0.8448774542347636,0.7641733499249348,0.6759900098871262,,,
in100.lejepa.s0.e12f2.ext,8,student.z.proj.out,raw,8,10000,16,2.0998939060352133,28.938056826268582,28.67557008801418,0.07322936909676044,0.07256513174474902,1.0246691919920334,13.149920661009666,15.81502999526719,1.2026711341430172
in100.lejepa.s0.e12f2.ext,8,student.z.proj.out,l2,8,10000,16,0.1754414648531258,1.845957825647998,1.8240276425413573,0.09618355597324667,0.09504088469168546,0.2961768600457553,,,
in100.lejepa.s0.e12f2.ext,8,student.z.proj.tap1,raw,8,10000,2048,54.7973862386199,195.4134329918915,188.563759712064,0.29060401809072567,0.28041770414469747,5.2343760964712835,105.38920051388254,85.12869352810041,0.807755378283629
in100.lejepa.s0.e12f2.ext,8,student.z.proj.tap1,l2,8,10000,2048,0.38535964125077904,1.2514173419912045,1.203247386834857,0.32026634378526914,0.30793854961096384,0.4389530961565137,,,
in100.lejepa.s0.e12f2.ext,8,student.z.proj.tap2,raw,8,10000,2048,17.82678845265331,149.80274668753773,147.57439813095607,0.12079865260120522,0.11900174627529939,2.9855308114850625,70.085450998163,78.98697459966844,1.1270095786604664
in100.lejepa.s0.e12f2.ext,8,student.z.proj.tap2,l2,8,10000,2048,0.195074769061317,1.325983661948382,1.3015993158157173,0.14987313429791016,0.14711702312732633,0.31230975734142297,,,
in100.lejepa.s0.e12f7.ext,8,student.h.cls,raw,8,10000,384,9.87530712608085,36.93248868034101,35.698075289580906,0.2766341615331605,0.2673880769734705,2.2220831584439913,21.926201662720885,14.141198513663422,0.6449451998658942
in100.lejepa.s0.e12f7.ext,8,student.h.cls,l2,8,10000,384,0.18854795910053768,0.69566148295871,0.6720929880711428,0.280538500545373,0.27103406429608046,0.3070406806113301,,,
in100.lejepa.s0.e12f7.ext,8,student.h.cls.L03,raw,8,10000,384,2.5584623446523325,1.4642135744554745,1.144405781373933,2.235625148258805,1.7473286611236325,1.1310310218230826,0.9459709813076524,0.2130769358108352,0.22524679934292557
in100.lejepa.s0.e12f7.ext,8,student.h.cls.L03,l2,8,10000,384,0.047892516175977735,0.02739287750527071,0.021406312983273494,2.2373080414829065,1.7483565268658854,0.1547457853642188,,,
in100.lejepa.s0.e12f7.ext,8,student.h.cls.L06,raw,8,10000,384,6.18386910964391,8.387200175667164,7.614216536961676,0.8121477869227341,0.7372983808809607,1.758389761919113,5.826541261389267,1.8715472773290813,0.3212106794353729
in100.lejepa.s0.e12f7.ext,8,student.h.cls.L06,l2,8,10000,384,0.12063806340218741,0.16337495823897213,0.1482952003136987,0.8134994466914216,0.7384122065128701,0.245599331638125,,,
in100.lejepa.s0.e12f7.ext,8,student.h.cls.L09,raw,8,10000,384,14.086370215332098,31.66209663302916,29.90130035611265,0.47109557268643854,0.44489694976919264,2.6538999807200816,21.986905049335483,8.231016273107464,0.3743599317247351
in100.lejepa.s0.e12f7.ext,8,student.h.cls.L09,l2,8,10000,384,0.26979773479028074,0.6036749215087458,0.5699502046599607,0.47337071306298656,0.4469255309065742,0.3672858115897487,,,
in100.lejepa.s0.e12f7.ext,8,student.h.gap,raw,8,10000,384,5.230756786787615,13.215209355678757,12.561364757330306,0.41641628022426114,0.395813387893086,1.61721315644964,8.538205342880453,4.15531150800664,0.48667270710132654
in100.lejepa.s0.e12f7.ext,8,student.h.gap,l2,8,10000,384,0.2235710627586187,0.5541891429616161,0.5262427601167888,0.42484396879683756,0.4034201420183786,0.33434343328276894,,,
in100.lejepa.s0.e12f7.ext,8,student.h.gap.L03,raw,8,10000,384,5.931592628321032,5.150307982960236,4.408858904420106,1.345380461682343,1.1516966845372494,1.722148749138853,3.4970577684683035,0.9633042157814055,0.2754613390911551
in100.lejepa.s0.e12f7.ext,8,student.h.gap.L03,l2,8,10000,384,0.2735150649675326,0.23395383344127907,0.1997644503203375,1.3691878836746496,1.1690984539314382,0.3698074262150049,,,
in100.lejepa.s0.e12f7.ext,8,student.h.gap.L06,raw,8,10000,384,5.684780204585976,7.096671194912261,6.386073669339014,0.8901839375702622,0.8010488366237826,1.6859389378898002,4.902780319227901,1.5542600620602374,0.317016052292754
in100.lejepa.s0.e12f7.ext,8,student.h.gap.L06,l2,8,10000,384,0.34273150155865173,0.4250594211898144,0.3822179834949829,0.8966911981082923,0.8063143280045113,0.41396346551275015,,,
in100.lejepa.s0.e12f7.ext,8,student.h.gap.L09,raw,8,10000,384,6.115265024695485,11.82179266506799,11.057384536981054,0.5530480561875355,0.5172874535996029,1.7486087362093734,8.03833277712371,3.137269686508025,0.3902886050495919
in100.lejepa.s0.e12f7.ext,8,student.h.gap.L09,l2,8,10000,384,0.29522118840818873,0.5647150292483397,0.5278123806973162,0.5593297906694781,0.5227790533592509,0.3842012418044668,,,
in100.lejepa.s0.e12f7.ext,8,student.z.embed,raw,8,10000,512,12.821138283474486,50.00192515301701,48.3992828675827,0.2649034763294384,0.256412892988399,2.5319101764749163,29.122595488351827,19.77670663076104,0.6790846179445488
in100.lejepa.s0.e12f7.ext,8,student.z.embed,l2,8,10000,512,0.48668128557055906,1.5694425670087866,1.5086074063124668,0.32260300694146027,0.3100981812275736,0.4932956950808303,,,
in100.lejepa.s0.e12f7.ext,8,student.z.proj.out,raw,8,10000,16,1.9991757870111564,28.278275941366452,28.028378967990058,0.07132684302914287,0.07069652305382211,0.9997939255194433,12.740658226403955,15.570503500999765,1.2221113873638954
in100.lejepa.s0.e12f7.ext,8,student.z.proj.out,l2,8,10000,16,0.16857844346797618,1.8521260868800788,1.831053781446582,0.09206635281613337,0.09101888076742545,0.2903260610658094,,,
in100.lejepa.s0.e12f7.ext,8,student.z.proj.tap1,raw,8,10000,2048,27.822774981846436,125.1873938362136,121.7095469634828,0.22859977443013785,0.22224901509051145,3.7297972452833434,68.46284244528927,54.49857845655568,0.7960314896377132
in100.lejepa.s0.e12f7.ext,8,student.z.proj.tap1,l2,8,10000,2048,0.3431515945183409,1.3317114975038544,1.2888175481890618,0.2662530433423324,0.25767712838819856,0.41421708953056297,,,
in100.lejepa.s0.e12f7.ext,8,student.z.proj.tap2,raw,8,10000,2048,18.58241129071106,144.23718732824074,141.91438591690186,0.1309409977758845,0.12883231873083498,3.0481479041141575,66.58762982565749,76.76912796452675,1.1529037475207764
in100.lejepa.s0.e12f7.ext,8,student.z.proj.tap2,l2,8,10000,2048,0.21547314627380573,1.3290367358547714,1.3021025925705458,0.16548092869428163,0.16212730653771126,0.3282324985995489,,,
in100.lejepa.s0.e12f8.ext,8,student.h.cls,raw,8,10000,384,68.55387148931598,180.27317578834953,171.70394185218504,0.39925624740946264,0.3802777156918894,5.854650779052324,116.99969925488637,56.50697435518218,0.48296683423160364
in100.lejepa.s0.e12f8.ext,8,student.h.cls,l2,8,10000,384,0.5285005871794464,1.3762077816847318,1.310145208287301,0.4033908484620063,0.3840267394306289,0.5140528120628495,,,
in100.lejepa.s0.e12f8.ext,8,student.h.cls.L03,raw,8,10000,384,16.061981837863506,8.4739783525659,6.4662306228329625,2.483979117779515,1.8954475890300069,2.8339003015158726,5.312972182387256,1.2379982239713654,0.23301424917589175
in100.lejepa.s0.e12f8.ext,8,student.h.cls.L03,l2,8,10000,384,0.14660476632447791,0.07728471441115875,0.05895911862059901,2.4865494897893106,1.8969438839423387,0.27074412858313096,,,
in100.lejepa.s0.e12f8.ext,8,student.h.cls.L06,raw,8,10000,384,34.091435733956864,35.42687927091421,31.165449804169604,1.0938855671319654,0.962304228753963,4.128646008920895,24.88559728956145,6.634121307317295,0.26658477311694073
in100.lejepa.s0.e12f8.ext,8,student.h.cls.L06,l2,8,10000,384,0.3157376844678309,0.32711299784760106,0.2876457872891222,1.097661423945947,0.9652251257069588,0.39732712244939367,,,
in100.lejepa.s0.e12f8.ext,8,student.h.cls.L09,raw,8,10000,384,70.37287870731755,119.13232051194663,110.33571067353193,0.6378069101810668,0.5907118941770343,5.931815856351137,84.26800839480654,27.25902548384483,0.32348012019143446
in100.lejepa.s0.e12f8.ext,8,student.h.cls.L09,l2,8,10000,384,0.5733008920872569,0.9666896156224021,0.8950270041114949,0.6405403294578583,0.5930558090438757,0.53539746548114,,,
in100.lejepa.s0.e12f8.ext,8,student.h.gap,raw,8,10000,384,11.170807773104073,22.102148129104783,20.705797157466776,0.5395014588499306,0.505417288303937,2.3633459092041598,15.301392381636424,5.625426257121399,0.3676414614314846
in100.lejepa.s0.e12f8.ext,8,student.h.gap,l2,8,10000,384,0.3442686847896731,0.6728426670354652,0.6298090814367561,0.5466238816441134,0.5116629810450574,0.4148907595920118,,,
in100.lejepa.s0.e12f8.ext,8,student.h.gap.L03,raw,8,10000,384,12.402827274952992,10.711270752844033,9.160917343474908,1.3538848578070857,1.1579230477074647,2.490263768655139,7.278123459600814,1.989906591402535,0.27340929326742636
in100.lejepa.s0.e12f8.ext,8,student.h.gap.L03,l2,8,10000,384,0.35751617697630306,0.30666823823692274,0.2619787161148849,1.3646764221087424,1.165807646177224,0.42279792867060206,,,
in100.lejepa.s0.e12f8.ext,8,student.h.gap.L06,raw,8,10000,384,11.77462779142409,14.510784917883175,13.038956443955163,0.9030345213617755,0.8114397572603375,2.4263787617995765,9.979953482983577,3.204110810150418,0.3210546838333085
in100.lejepa.s0.e12f8.ext,8,student.h.gap.L06,l2,8,10000,384,0.5012077133354416,0.6077837904218591,0.545132826254929,0.9194231005656849,0.8246480429949542,0.500603492464566,,,
in100.lejepa.s0.e12f8.ext,8,student.h.gap.L09,raw,8,10000,384,12.150692436978604,21.486739655659427,19.967903101037102,0.6085111879548091,0.5654972616461248,2.464821741726834,14.686092185621817,5.496678311971876,0.37427780259702514
in100.lejepa.s0.e12f8.ext,8,student.h.gap.L09,l2,8,10000,384,0.4552873197622597,0.7940606035060737,0.7371496885357912,0.6176321130469472,0.5733659594141762,0.4771201734166455,,,
in100.lejepa.s0.e12f8.ext,8,student.z.embed,raw,8,10000,512,139.73911548661852,351.2014710511071,333.73408161527976,0.4187139497718613,0.3978887533369232,8.358801214486995,234.84742032183937,102.3986760039515,0.43602214520228666
in100.lejepa.s0.e12f8.ext,8,student.z.embed,l2,8,10000,512,0.6094223927035518,1.4637258901908545,1.3875480911029106,0.43920812302739326,0.41635008083657626,0.5520065183960927,,,
in100.lejepa.s0.e12f8.ext,8,student.z.proj.out,raw,8,10000,16,2.0066428101702867,28.63612032330362,28.385289972032332,0.07069305306189955,0.07007383638269297,1.0016593258614146,12.902821707100529,15.768829468164848,1.22212255785005
in100.lejepa.s0.e12f8.ext,8,student.z.proj.out,l2,8,10000,16,0.16942953423684007,1.851294540758757,1.830115848979152,0.09257858420894433,0.09151949109480927,0.2910580133210904,,,
in100.lejepa.s0.e12f8.ext,8,student.z.proj.tap1,raw,8,10000,2048,44.98907785097128,190.25288243262415,184.62924770125275,0.2436725405704289,0.23646988826518114,4.742840807520914,104.1419348158947,82.38984170968426,0.7911303151351619
in100.lejepa.s0.e12f8.ext,8,student.z.proj.tap1,l2,8,10000,2048,0.33630669109187206,1.2925552624788068,1.2505169260923228,0.26893413761521795,0.26018747581199553,0.4100650503833947,,,
in100.lejepa.s0.e12f8.ext,8,student.z.proj.tap2,raw,8,10000,2048,17.237533285709066,149.96073122788147,147.80603956716783,0.11662265856109198,0.11494698075001235,2.935773602111466,70.00198826755054,79.30365861189608,1.1328772306979933
in100.lejepa.s0.e12f8.ext,8,student.z.proj.tap2,l2,8,10000,2048,0.18846774736215297,1.329796286348481,1.3062378179282117,0.1442828746614277,0.14172678123479426,0.30697536331288294,,,
in100.lejepa.s0.e20f.ep25.extL,8,student.h.cls,raw,8,10000,384,46.6389554624278,88.72820743121483,82.89833799841135,0.5626042281248339,0.5256384278763203,4.829024511349461,56.35115324928579,27.434466823437717,0.48684836496732087
in100.lejepa.s0.e20f.ep25.extL,8,student.h.cls,l2,8,10000,384,0.687319350576964,1.2784509658081034,1.192536046985983,0.5763510061721788,0.5376188598226859,0.5862249357443625,,,
in100.lejepa.s0.e20f.ep25.extL,8,student.h.cls.L03,raw,8,10000,384,16.446169805988884,7.819237099635781,5.763465873887171,2.8535208095015165,2.1032959605170363,2.8675921786395016,4.66421100275535,1.1774472421281772,0.2524429622571982
in100.lejepa.s0.e20f.ep25.extL,8,student.h.cls.L03,l2,8,10000,384,0.18231583638954924,0.0869284978612425,0.06413901831254884,2.8425105526424783,2.0973080275764855,0.30192369598091273,,,
in100.lejepa.s0.e20f.ep25.extL,8,student.h.cls.L06,raw,8,10000,384,25.386647052628316,21.1549922662413,17.98166138466276,1.411807647222272,1.2000310249765396,3.5627690812504476,13.964066131038877,4.229145176286299,0.30285914837411804
in100.lejepa.s0.e20f.ep25.extL,8,student.h.cls.L06,l2,8,10000,384,0.321955451150067,0.2688362696484956,0.22859183825473722,1.4084293367958642,1.1975893415387178,0.40122029556720273,,,
in100.lejepa.s0.e20f.ep25.extL,8,student.h.cls.L09,raw,8,10000,384,36.193167160091576,48.356706677236645,43.8325607822252,0.8257141840266033,0.7484622019788847,4.254007943110331,32.13957085556777,12.17655699342979,0.3788649527447053
in100.lejepa.s0.e20f.ep25.extL,8,student.h.cls.L09,l2,8,10000,384,0.5476214664292164,0.7234556819398299,0.6550029986361778,0.8360594799862792,0.7569523332249705,0.5232692740975798,,,
in100.lejepa.s0.e20f.ep25.extL,8,student.h.gap,raw,8,10000,384,12.227300290238224,25.330072890973593,23.801660354693816,0.5137162747483259,0.48271871711018405,2.4725796539483036,16.377532928064777,7.677428155538772,0.46877806256048615
in100.lejepa.s0.e20f.ep25.extL,8,student.h.gap,l2,8,10000,384,0.30688819088249336,0.6265288270347978,0.5881678031744861,0.521769789550095,0.48982293813186123,0.391719409068847,,,
in100.lejepa.s0.e20f.ep25.extL,8,student.h.gap.L03,raw,8,10000,384,11.549995693258124,10.494574426350894,9.050824964693629,1.2761262910633575,1.1005682769047942,2.403122520103597,7.043774519162714,2.111996189794423,0.2998386992724852
in100.lejepa.s0.e20f.ep25.extL,8,student.h.gap.L03,l2,8,10000,384,0.2671002417805704,0.2420150537978482,0.20862752357527692,1.280273269812338,1.1036513538685717,0.36544509969390093,,,
in100.lejepa.s0.e20f.ep25.extL,8,student.h.gap.L06,raw,8,10000,384,11.999408784504508,16.442447492444245,14.942521394381181,0.8030377516485693,0.7297823994887966,2.4494294013611118,10.951953586413016,4.154992282892607,0.37938366430326065
in100.lejepa.s0.e20f.ep25.extL,8,student.h.gap.L06,l2,8,10000,384,0.28916672427259865,0.39057114427435763,0.3544253037402828,0.8158749423954657,0.7403688892835176,0.3802411894262631,,,
in100.lejepa.s0.e20f.ep25.extL,8,student.h.gap.L09,raw,8,10000,384,12.03669538677805,21.852030420869724,20.34744349752247,0.5915581182591146,0.550827321532668,2.453232091219464,14.224227743956186,6.341736057774978,0.44584044715324206
in100.lejepa.s0.e20f.ep25.extL,8,student.h.gap.L09,l2,8,10000,384,0.30266675723586883,0.5413518694561157,0.5035185248016321,0.6011035191904975,0.5590943235126379,0.38901591049458945,,,
in100.lejepa.s0.e20f.ep25.extL,8,student.z.embed,raw,8,10000,512,422.99407486807104,530.0530960022278,477.1788366437189,0.8864476845688267,0.7980220812940846,14.54293771677633,356.3494960380115,126.12987156572974,0.35394990863765824
in100.lejepa.s0.e20f.ep25.extL,8,student.z.embed,l2,8,10000,512,0.8847325965485798,1.117328726447563,1.0067371518789907,0.8788119072563284,0.7918283810365283,0.6651062308190249,,,
in100.lejepa.s0.e20f.ep25.extL,8,student.z.proj.out,raw,8,10000,16,4.086599807169242,23.249639846516338,22.738814870620182,0.17971912038605659,0.1757704564090943,1.429440416241482,13.63454901465541,9.336762254429937,0.6847870248142497
in100.lejepa.s0.e20f.ep25.extL,8,student.z.proj.out,l2,8,10000,16,0.3429729772705369,1.6828503830883395,1.6399787609295224,0.20913257259267398,0.20380479495813436,0.4141092713708164,,,
in100.lejepa.s0.e20f.ep25.extL,8,student.z.proj.tap1,raw,8,10000,2048,50.868938830104106,135.77340425640247,129.41478690263946,0.39306898421409536,0.3746605538006561,5.043259800471522,83.16192504186137,47.610595903342116,0.5725047355430539
in100.lejepa.s0.e20f.ep25.extL,8,student.z.proj.tap1,l2,8,10000,2048,0.4284563017573914,1.0684353185261004,1.0148782808064265,0.4221750626261686,0.40101285901746875,0.4628478701244024,,,
in100.lejepa.s0.e20f.ep25.extL,8,student.z.proj.tap2,raw,8,10000,2048,3.554590910356619,15.122437159504413,14.678113295709835,0.24216946951864488,0.23505410357235756,1.3331524500890022,9.014853668489284,5.814483998815593,0.6449892824261437
in100.lejepa.s0.e20f.ep25.extL,8,student.z.proj.tap2,l2,8,10000,2048,0.32110619707129834,1.2153584876676304,1.1752202130337182,0.27323066222831,0.2642069811743584,0.400690776703993,,,
in100.lejepa.s0.e20f.ep50.extL,8,student.h.cls,raw,8,10000,384,36.62400291907123,74.0513358170736,69.4733354521897,0.527166324758874,0.49457585761237594,4.2792524416696445,46.0257219034082,24.188126906952224,0.5255349814548177
in100.lejepa.s0.e20f.ep50.extL,8,student.h.cls,l2,8,10000,384,0.6760491151582958,1.3483071402304048,1.2638010008356177,0.5349332012803409,0.5014058703588631,0.5813987939264648,,,
in100.lejepa.s0.e20f.ep50.extL,8,student.h.cls.L03,raw,8,10000,384,12.386584056302164,5.950389523775123,4.402066516737353,2.8138111973561535,2.081642555804264,2.488632561900427,3.571592614457006,0.8899777975180975,0.24918233784997396
in100.lejepa.s0.e20f.ep50.extL,8,student.h.cls.L03,l2,8,10000,384,0.18969381548907177,0.09141203702373582,0.06770031008760186,2.8019637612237602,2.075151387774198,0.30797225158207986,,,
in100.lejepa.s0.e20f.ep50.extL,8,student.h.cls.L06,raw,8,10000,384,19.136218830024166,16.471298940274682,14.079271586521662,1.3591767665270134,1.161791726287802,3.093236074891809,11.018723685841609,3.225260890082799,0.2927073027729213
in100.lejepa.s0.e20f.ep50.extL,8,student.h.cls.L06,l2,8,10000,384,0.3102333432013487,0.26787199166576836,0.22909282376559978,1.3541818469127136,1.158140279139134,0.39384853890889876,,,
in100.lejepa.s0.e20f.ep50.extL,8,student.h.cls.L09,raw,8,10000,384,31.762228219800082,43.82546580379408,39.85518727631907,0.7969408849992378,0.7247436538837734,3.9851115555151075,29.547916356751983,10.74552557760503,0.36366441030450436
in100.lejepa.s0.e20f.ep50.extL,8,student.h.cls.L09,l2,8,10000,384,0.5719372526147287,0.788519845311064,0.717027688734223,0.7976501627494692,0.7253301943074173,0.5347603447408609,,,
in100.lejepa.s0.e20f.ep50.extL,8,student.h.gap,raw,8,10000,384,6.927652022086366,13.730368508223345,12.86441200546255,0.5385129160310407,0.5045496060748319,1.861135677763226,8.881968780998044,4.119746909546738,0.4638326266537285
in100.lejepa.s0.e20f.ep50.extL,8,student.h.gap,l2,8,10000,384,0.2845291134393509,0.5614231618219218,0.5258570226420028,0.5410769490342148,0.5067997417776663,0.37717974060078496,,,
in100.lejepa.s0.e20f.ep50.extL,8,student.h.gap.L03,raw,8,10000,384,8.682845023797679,7.115317080196267,6.029961452221556,1.439950336763554,1.2203033155000556,2.083608051409583,4.699518089826139,1.4015965331973805,0.2982426083711986
in100.lejepa.s0.e20f.ep50.extL,8,student.h.gap.L03,l2,8,10000,384,0.41868894640692905,0.3383369900268994,0.2860008717260332,1.4639429029712916,1.2374909003406376,0.45754177208585506,,,
in100.lejepa.s0.e20f.ep50.extL,8,student.h.gap.L06,raw,8,10000,384,7.778536368437979,9.80085377031014,8.828536724255391,0.8810674533490179,0.7936590577447044,1.9721227609403502,6.505111474263862,2.4214337876946304,0.37223555618908855
in100.lejepa.s0.e20f.ep50.extL,8,student.h.gap.L06,l2,8,10000,384,0.39021096524271476,0.4852252944410483,0.43644892378570893,0.8940587179321435,0.8041851274307854,0.44170746271866107,,,
in100.lejepa.s0.e20f.ep50.extL,8,student.h.gap.L09,raw,8,10000,384,7.722928408874048,13.190668365204681,12.225302314095424,0.6317167633531428,0.5854842374209148,1.9650608653263195,8.657507301681067,3.699701696066406,0.427340291742869
in100.lejepa.s0.e20f.ep50.extL,8,student.h.gap.L09,l2,8,10000,384,0.38522115471332363,0.6464513549545311,0.5982987106153657,0.6438609140860654,0.5959012256079479,0.43887421587131525,,,
in100.lejepa.s0.e20f.ep50.extL,8,student.z.embed,raw,8,10000,512,391.5746286781081,555.4802503105124,506.53342172574884,0.7730479606735948,0.7049298844724339,13.992402021777893,370.84153676485744,141.2466874639966,0.38088151800955905
in100.lejepa.s0.e20f.ep50.extL,8,student.z.embed,l2,8,10000,512,0.838680465445301,1.204129516160247,1.0992944579795845,0.7629261289888869,0.6965035356991351,0.6475648482759472,,,
in100.lejepa.s0.e20f.ep50.extL,8,student.z.proj.out,raw,8,10000,16,3.045845298416732,25.673126298390937,25.292395636088845,0.12042533820207686,0.11863943888312622,1.234067522143082,13.018620105136588,12.53050679393617,0.9625065247116451
in100.lejepa.s0.e20f.ep50.extL,8,student.z.proj.out,l2,8,10000,16,0.25842630669395394,1.7705532212672845,1.7382499329305403,0.14867039647070163,0.14595794330824108,0.3594623114416544,,,
in100.lejepa.s0.e20f.ep50.extL,8,student.z.proj.tap1,raw,8,10000,2048,6.308146731667293,20.382312041898444,19.59379370044003,0.32194616459219055,0.30949122546549634,1.7759711050109026,11.49803112504796,8.299585695811054,0.7218266854166682
in100.lejepa.s0.e20f.ep50.extL,8,student.z.proj.tap1,l2,8,10000,2048,0.42149605620865366,1.2099122210221402,1.1572252139960586,0.3642299278574907,0.3483691204082322,0.4590730095576594,,,
in100.lejepa.s0.e20f.ep50.extL,8,student.z.proj.tap2,raw,8,10000,2048,1.7159219630231155,10.678992695763377,10.464502450385487,0.1639754944067986,0.16068200549513106,0.9262618320494252,5.5644533236306435,5.0068390537124765,0.8997899276915239
in100.lejepa.s0.e20f.ep50.extL,8,student.z.proj.tap2,l2,8,10000,2048,0.2665525881113184,1.3193809315942662,1.2860618580803513,0.20726264948809683,0.2020285284775422,0.36507025906756524,,,
in100.lejepa.s0.e20f.ep75.extL,8,student.h.cls,raw,8,10000,384,42.59289997962738,91.34151462999515,86.01740213254172,0.4951660817888596,0.46630385046889217,4.614807687197127,56.49472323834712,30.43609404049457,0.5387422452197334
in100.lejepa.s0.e20f.ep75.extL,8,student.h.cls,l2,8,10000,384,0.6555078853871804,1.395195323635927,1.3132568379625293,0.49914675213431764,0.46983234123728596,0.5724979848816851,,,
in100.lejepa.s0.e20f.ep75.extL,8,student.h.cls.L03,raw,8,10000,384,11.616877285889595,5.883811007655417,4.431701346919218,2.621313210549553,1.9743797465239612,2.410070256848293,3.58602372344137,0.9045157335544032,0.2522336167610107
in100.lejepa.s0.e20f.ep75.extL,8,student.h.cls.L03,l2,8,10000,384,0.15974644742656277,0.08106150205132237,0.06109319612300203,2.614799315867141,1.9706820547862869,0.28261851268676896,,,
in100.lejepa.s0.e20f.ep75.extL,8,student.h.cls.L06,raw,8,10000,384,21.008538726634374,19.22191903124227,16.59585169041297,1.265890965919544,1.0929469993338454,3.241029059313907,13.123882103626352,3.6641887770990476,0.2792000681023011
in100.lejepa.s0.e20f.ep75.extL,8,student.h.cls.L06,l2,8,10000,384,0.2950714827671927,0.2708620434684696,0.2339781081225705,1.2611072255213644,1.0893792241567477,0.3841038158930426,,,
in100.lejepa.s0.e20f.ep75.extL,8,student.h.cls.L09,raw,8,10000,384,39.0198551880364,56.85360351428619,51.97612161578164,0.7507265639494868,0.6863215834372131,4.417004368802254,39.21303650084408,13.331621150080432,0.3399793114668246
in100.lejepa.s0.e20f.ep75.extL,8,student.h.cls.L09,l2,8,10000,384,0.5817423615707712,0.8488761208619856,0.7761583256656392,0.7495150697145,0.6853089011150941,0.5393247452003158,,,
in100.lejepa.s0.e20f.ep75.extL,8,student.h.gap,raw,8,10000,384,6.630025719946047,13.22496209922908,12.396208884235824,0.5348430138489685,0.5013266329385193,1.820717677173763,8.723738596111154,3.8047199091169603,0.43613410319435963
in100.lejepa.s0.e20f.ep75.extL,8,student.h.gap,l2,8,10000,384,0.28313228516548056,0.5650389899312923,0.5296474542856072,0.5345674426914252,0.5010845095838589,0.3762527642194012,,,
in100.lejepa.s0.e20f.ep75.extL,8,student.h.gap.L03,raw,8,10000,384,8.654404130723025,7.243567689679958,6.16176717333958,1.4045328048369725,1.194770933535019,2.0801927952383434,4.781344378394182,1.4528584718421975,0.3038598262043909
in100.lejepa.s0.e20f.ep75.extL,8,student.h.gap.L03,l2,8,10000,384,0.48750282231939573,0.3998699257318044,0.33893207294187994,1.4383496317947835,1.2191535070491082,0.4937118705881983,,,
in100.lejepa.s0.e20f.ep75.extL,8,student.h.gap.L06,raw,8,10000,384,7.763202287350618,10.127573750262773,9.157173464343945,0.8477727671730638,0.7665411754862996,1.970177947210685,6.774448642019281,2.484000559827293,0.36667198927747413
in100.lejepa.s0.e20f.ep75.extL,8,student.h.gap.L06,l2,8,10000,384,0.43924036080711887,0.5638517997778355,0.5089467546769456,0.8630379440889197,0.7789996608686626,0.4686365120256417,,,
in100.lejepa.s0.e20f.ep75.extL,8,student.h.gap.L09,raw,8,10000,384,7.663148838100608,13.715071929353053,12.757178324590477,0.6006930876970873,0.5587392379401165,1.957440783025199,9.063750610025828,3.830578433858178,0.4226261951229109
in100.lejepa.s0.e20f.ep75.extL,8,student.h.gap.L09,l2,8,10000,384,0.4050564675453625,0.7162336189339983,0.665601560490828,0.6085569679954863,0.565536798102588,0.4500313697651323,,,
in100.lejepa.s0.e20f.ep75.extL,8,student.z.embed,raw,8,10000,512,380.18212145396467,577.6895851996869,530.1668200179413,0.7170990471284094,0.6581079721604278,13.787351476153146,390.5283393796188,145.41537649031957,0.3723555036270145
in100.lejepa.s0.e20f.ep75.extL,8,student.z.embed,l2,8,10000,512,0.80890004314686,1.266340823946803,1.1652283185534456,0.6941987508088169,0.6387696170338741,0.635963852410992,,,
in100.lejepa.s0.e20f.ep75.extL,8,student.z.proj.out,raw,8,10000,16,2.3275857293350923,27.096077570287868,26.805129354120982,0.08683359436865588,0.08590120556369385,1.0787923176717316,12.459482580194889,14.616607549628966,1.173131183863362
in100.lejepa.s0.e20f.ep75.extL,8,student.z.proj.out,l2,8,10000,16,0.1977363341430494,1.826382656314886,1.8016656145470047,0.10975196093353123,0.10826665127341077,0.3144330883853108,,,
in100.lejepa.s0.e20f.ep75.extL,8,student.z.proj.tap1,raw,8,10000,2048,2.0398807036725386,7.954569720748129,7.699584632789062,0.2649338634431792,0.2564413633023871,1.009920963163093,4.284357863592163,3.49477246640438,0.8157050782574532
in100.lejepa.s0.e20f.ep75.extL,8,student.z.proj.tap1,l2,8,10000,2048,0.39261687501221193,1.306228296134749,1.2571511867582223,0.31230680855867554,0.300572936732424,0.443067080142619,,,
in100.lejepa.s0.e20f.ep75.extL,8,student.z.proj.tap2,raw,8,10000,2048,1.5408016456009417,12.46216507651437,12.269564870814254,0.12557915963801317,0.12363835947773363,0.8777247990118946,6.176250645967461,6.217935875611935,1.0067492775202849
in100.lejepa.s0.e20f.ep75.extL,8,student.z.proj.tap2,l2,8,10000,2048,0.2229170130700945,1.3924901933083427,1.3646255666745808,0.1633539767346694,0.16008515833097392,0.3338540197976464,,,
in100.lejepa.s0.e20f.ep100.extL,8,student.h.cls,raw,8,10000,384,45.361171824516134,100.40803732400472,94.7378908459402,0.47880706884514723,0.4517683348210568,4.762413874523934,62.14216050188728,33.59981071729299,0.5406926705786573
in100.lejepa.s0.e20f.ep100.extL,8,student.h.cls,l2,8,10000,384,0.6465463925160512,1.4242716234605215,1.3434533243960152,0.4812570565536567,0.45394879871660404,0.5685711883819172,,,
in100.lejepa.s0.e20f.ep100.extL,8,student.h.cls.L03,raw,8,10000,384,10.649920426423277,5.545781658081808,4.214541604778898,2.5269463265820558,1.9203641764192543,2.3075875309967415,3.3994469109773684,0.8705525103823475,0.2560865144183283
in100.lejepa.s0.e20f.ep100.extL,8,student.h.cls.L03,l2,8,10000,384,0.1389939844718769,0.07246286783460158,0.055088619775616965,2.523097965387721,1.91814081646802,0.2636228219178652,,,
in100.lejepa.s0.e20f.ep100.extL,8,student.h.cls.L06,raw,8,10000,384,19.528242002358105,18.707515181373484,16.266484931078722,1.2005200930071547,1.0438715036725879,3.124759350922732,12.9021633434614,3.5513967394310564,0.27525591212041545
in100.lejepa.s0.e20f.ep100.extL,8,student.h.cls.L06,l2,8,10000,384,0.25872332523259794,0.2484531179983403,0.21611270234426555,1.197168525617037,1.0413366003091427,0.3596688235256136,,,
in100.lejepa.s0.e20f.ep100.extL,8,student.h.cls.L09,raw,8,10000,384,41.56738632001138,63.58003330820619,58.384110018204765,0.711964031087401,0.6537805055639431,4.558913594268452,44.39247411528643,14.6274362360004,0.3295026133937302
in100.lejepa.s0.e20f.ep100.extL,8,student.h.cls.L09,l2,8,10000,384,0.5807369597222473,0.8895289628530988,0.8169368428878179,0.710871305141999,0.6528589669071326,0.5388584970668308,,,
in100.lejepa.s0.e20f.ep100.extL,8,student.h.gap,raw,8,10000,384,6.393068290040104,12.723947107062957,11.924813570807943,0.5361147368953756,0.5024437964294401,1.7878853836362252,8.494268925872325,3.5577841160062516,0.4188452410742202
in100.lejepa.s0.e20f.ep100.extL,8,student.h.gap,l2,8,10000,384,0.26217937923080264,0.5231961222053318,0.49042369980148154,0.5345976944771025,0.5011110902842445,0.36206310170383466,,,
in100.lejepa.s0.e20f.ep100.extL,8,student.h.gap.L03,raw,8,10000,384,7.802760315926833,7.346930134712109,6.371585095221255,1.2246183954725758,1.0620436254131584,1.9751911699791027,4.884736688899484,1.5603177076688903,0.3194271886168802
in100.lejepa.s0.e20f.ep100.extL,8,student.h.gap.L03,l2,8,10000,384,0.4464839517710329,0.4078640280851913,0.3520535341138122,1.2682274384630752,1.0946882319265845,0.4724848948755044,,,
in100.lejepa.s0.e20f.ep100.extL,8,student.h.gap.L06,raw,8,10000,384,7.459989818619513,10.054647443300194,9.122148715972754,0.8177886648084541,0.7419444451620625,1.9313194736526,6.770014828720806,2.4526803616849517,0.36228581823481554
in100.lejepa.s0.e20f.ep100.extL,8,student.h.gap.L06,l2,8,10000,384,0.4267859981400898,0.5675064935395421,0.5141582437720309,0.8300674030023323,0.7520372066198264,0.46194480089080436,,,
in100.lejepa.s0.e20f.ep100.extL,8,student.h.gap.L09,raw,8,10000,384,7.504418583603366,13.7130399206977,12.774987597747279,0.5874305964043898,0.5472468998122447,1.9370620258013638,9.154720958631998,3.757397038322255,0.4104327215762268
in100.lejepa.s0.e20f.ep100.extL,8,student.h.gap.L09,l2,8,10000,384,0.3957755630193484,0.716602384012683,0.6671304386352644,0.5932506449997674,0.5522945106645691,0.4448457952028705,,,
in100.lejepa.s0.e20f.ep100.extL,8,student.z.embed,raw,8,10000,512,381.79784551598635,594.5729755533451,546.8482448638468,0.6981787892746105,0.6421379060504094,13.816617630881778,406.9473025278967,145.84667209148358,0.3583920354933072
in100.lejepa.s0.e20f.ep100.extL,8,student.z.embed,l2,8,10000,512,0.7992400815303222,1.298213937401804,1.1983089272105136,0.6669733183001776,0.6156458951056178,0.6321550765161671,,,
in100.lejepa.s0.e20f.ep100.extL,8,student.z.proj.out,raw,8,10000,16,1.9646967769624926,27.791035293537167,27.545448196416856,0.07132564200636468,0.07069534316410964,0.9911348992348349,12.293019367118701,15.53033918223353,1.2633461900966327
in100.lejepa.s0.e20f.ep100.extL,8,student.z.proj.out,l2,8,10000,16,0.16909776710245933,1.8513727817474275,1.8302355608596201,0.09239125865472636,0.09133642277210943,0.2907729071822711,,,
in100.lejepa.s0.e20f.ep100.extL,8,student.z.proj.tap1,raw,8,10000,2048,1.5022179457939575,6.59300314585439,6.4052259026301455,0.23453004915519207,0.22785033050356363,0.8666654330807124,3.453198354344067,3.0179575797446234,0.8739601001917779
in100.lejepa.s0.e20f.ep100.extL,8,student.z.proj.tap1,l2,8,10000,2048,0.3683625945471549,1.3517497072618399,1.3057043829434454,0.2821179122618523,0.27250798914047886,0.4291634854849344,,,
in100.lejepa.s0.e20f.ep100.extL,8,student.z.proj.tap2,raw,8,10000,2048,1.4353204777636788,13.777016485939537,13.597601426219077,0.10555688704009772,0.10418224288462813,0.8471482980457669,6.610244958932897,7.125126632145577,1.077891466414854
in100.lejepa.s0.e20f.ep100.extL,8,student.z.proj.tap2,l2,8,10000,2048,0.20030346768408328,1.4331083576299428,1.4080704241694324,0.14225387043566,0.13976854340263756,0.3164675873482806,,,
in100.simclr.s0.ext,8,student.h.cls,raw,8,10000,384,10.322127403415658,29.159434256204257,27.8691683307773,0.3703780206464368,0.3539892891172749,2.2717974605382034,18.53525880885303,9.625503864486312,0.5193077670913807
in100.simclr.s0.ext,8,student.h.cls,l2,8,10000,384,0.28321314753621285,0.7878898854697238,0.7524882420276973,0.37636886760256977,0.3594577779956738,0.3763064891389815,,,
in100.simclr.s0.ext,8,student.h.gap,raw,8,10000,384,4.990413862807784,12.784231407037042,12.16042967418607,0.4103813760299391,0.39035697211025333,1.5796224015263558,8.382971622125167,3.9053003661312737,0.4658610982081842
in100.simclr.s0.ext,8,student.h.gap,l2,8,10000,384,0.2791424337027884,0.6944750988883245,0.6595822946754759,0.4232109259999627,0.4019473616111268,0.3735923136942116,,,
in100.simclr.s0.ext,8,student.z.proj.out,raw,8,10000,512,563.2742050226387,2469.339280216107,2398.9300045882774,0.23480226765487147,0.22810725506028606,16.782047029826824,1628.5165788536906,795.1068185367477,0.48823992881694933
in100.simclr.s0.ext,8,student.z.proj.out,l2,8,10000,512,0.4229430545890356,1.629161670322042,1.5762937884984125,0.26831486470040194,0.2596077861968303,0.4598603345522614,,,
in100.simclr.s0.ext,8,student.z.proj.tap1,raw,8,10000,4096,29.0806857886443,70.273793175739,66.63870745215847,0.4363933050400478,0.4138197822326173,3.8131801549785385,51.14116742088885,16.200277963027002,0.316775677600389
in100.simclr.s0.ext,8,student.z.proj.tap1,l2,8,10000,4096,0.592213128123024,1.3467734158050282,1.2727467747896501,0.4653031850902945,0.43972736703377163,0.5441567458568459,,,
in100.simclr.s0.e17c.ext,8,student.h.cls,raw,8,10000,384,10.33992713742261,29.118613630134423,27.826122737956595,0.3715906536744443,0.3550968211866368,2.2737553889350774,18.511509220695782,9.605799653562155,0.5189095896526317
in100.simclr.s0.e17c.ext,8,student.h.cls,l2,8,10000,384,0.2836753938779061,0.787197068237234,0.7517376440024958,0.3773595697130797,0.36036134447647117,0.37661345825521564,,,
in100.simclr.s0.e17c.ext,8,student.h.cls.L03,raw,8,10000,384,3.5779830329215563,2.4583744836733494,2.011126604558155,1.7790938794266709,1.4554263626977069,1.337531874932623,1.6299804304231025,0.40572991897178545,0.24891704918596355
in100.simclr.s0.e17c.ext,8,student.h.cls.L03,l2,8,10000,384,0.12148771130110755,0.08356509524215205,0.0683791313295136,1.7766781902459088,1.4538092842360157,0.24646268612216693,,,
in100.simclr.s0.e17c.ext,8,student.h.cls.L06,raw,8,10000,384,4.5690781183700375,6.188662399233719,5.617527634437464,0.8133610398923444,0.7382981690737859,1.5114691724229836,4.297223965846704,1.3821902925830996,0.32164725496469665
in100.simclr.s0.e17c.ext,8,student.h.cls.L06,l2,8,10000,384,0.17059621284730353,0.23042284293462242,0.20909831632870948,0.8158660282042665,0.7403615486842448,0.29205839557124835,,,
in100.simclr.s0.e17c.ext,8,student.h.cls.L09,raw,8,10000,384,7.6906611590235325,16.65395182191352,15.692619177035578,0.49008142441116326,0.46179196633102093,1.960951447515151,11.249294994110436,4.609863701144279,0.4097913427959505
in100.simclr.s0.e17c.ext,8,student.h.cls.L09,l2,8,10000,384,0.24852671565792228,0.5313307429645129,0.5002649035072726,0.49679022836809766,0.4677439033007754,0.3525100818827188,,,
in100.simclr.s0.e17c.ext,8,student.h.gap,raw,8,10000,384,4.999752687567151,12.788575517758938,12.163606431813044,0.4110419648641915,0.39095462044417784,1.5810997260715642,8.398880869418834,3.892611317571803,0.46346785697903997
in100.simclr.s0.e17c.ext,8,student.h.gap,l2,8,10000,384,0.279781147891352,0.6945315247923767,0.6595588813059576,0.42419434537424794,0.40283433926917833,0.3740194833771043,,,
in100.simclr.s0.e17c.ext,8,student.h.gap.L03,raw,8,10000,384,4.109944414844632,3.721455435636806,3.207712383781227,1.2812696161991495,1.1043916784512962,1.43351742487572,2.541052908238715,0.7038740298988807,0.27700093438304607
in100.simclr.s0.e17c.ext,8,student.h.gap.L03,l2,8,10000,384,0.29273473762653646,0.26619807918713,0.22960623698381294,1.2749424469997042,1.0996876405736644,0.38257988553146416,,,
in100.simclr.s0.e17c.ext,8,student.h.gap.L06,raw,8,10000,384,3.926470189364427,5.176369911034095,4.685561137363541,0.8379935880153221,0.7585374030157028,1.4011549145908933,3.529566580142023,1.2077582563318603,0.34218316297726914
in100.simclr.s0.e17c.ext,8,student.h.gap.L06,l2,8,10000,384,0.32416917414447205,0.42490192878711647,0.38438078201905745,0.8433542708396901,0.7629270478244561,0.402597301372272,,,
in100.simclr.s0.e17c.ext,8,student.h.gap.L09,raw,8,10000,384,4.45271332114995,8.876908108832577,8.320318943688832,0.5351613743758518,0.5016063325832418,1.4920980733768727,5.956024999958339,2.453063024818819,0.4118624459830135
in100.simclr.s0.e17c.ext,8,student.h.gap.L09,l2,8,10000,384,0.3160163839394257,0.6196992796170284,0.5801972316246002,0.5446706166703927,0.5099511881548782,0.39750244272169305,,,
in100.simclr.s0.e17c.ext,8,student.z.proj.out,raw,8,10000,512,566.3249394113764,2467.5727050657188,2396.7820876392966,0.23628553564883173,0.22950689081977566,16.82743205916126,1626.0588460514555,795.3989686384984,0.48915755451898857
in100.simclr.s0.e17c.ext,8,student.z.proj.out,l2,8,10000,512,0.42463817681599736,1.6276598896787915,1.5745801175767917,0.2696834362861742,0.2608887639909816,0.46078095491024657,,,
in100.simclr.s0.e17c.ext,8,student.z.proj.tap1,raw,8,10000,4096,29.167854540070227,70.153480654018,66.50749883650921,0.4385648994524895,0.4157720225446812,3.8188908429064994,51.04490106428823,16.164132578761176,0.31666498008103383
in100.simclr.s0.e17c.ext,8,student.z.proj.tap1,l2,8,10000,4096,0.5936291150195295,1.345560542964331,1.2713569035868897,0.4669256235953247,0.4411760720270064,0.5448068992861276,,,
in100.simclr.s0.e20f.ext,8,student.h.cls,raw,8,10000,384,244.74636899068895,415.7507658298667,385.15746970603055,0.635444949769481,0.5886853112637295,11.062241386597224,307.5212324660772,81.79374489825202,0.2659775529719715
in100.simclr.s0.e20f.ext,8,student.h.cls,l2,8,10000,384,0.745349986810225,1.2498903669167771,1.156721618565499,0.6443641882777,0.5963322916463869,0.6104711241370164,,,
in100.simclr.s0.e20f.ext,8,student.h.gap,raw,8,10000,384,31.917024058399676,56.138448952536464,52.14882094523651,0.6120373093749708,0.568541252099513,3.994810637464539,40.240350836959664,12.469854597802197,0.3098843409274895
in100.simclr.s0.e20f.ext,8,student.h.gap,l2,8,10000,384,0.3927379778382667,0.6885019791069116,0.6394097318771282,0.6142195813712402,0.5704238909344976,0.4431354069797778,,,
in100.simclr.s0.e20f.ext,8,student.z.proj.out,raw,8,10000,512,11675.145026721817,51805.00093408131,50345.607805741085,0.2318999717268377,0.2253671424806598,76.40400849013687,34534.07317250589,16329.584642576014,0.47285428976205224
in100.simclr.s0.e20f.ext,8,student.z.proj.out,l2,8,10000,512,0.405612761412811,1.6443112276017948,1.5936096324251934,0.25452454174460515,0.2466763922815218,0.45034029434018613,,,
in100.simclr.s0.e20f.ext,8,student.z.proj.tap1,raw,8,10000,4096,488.2863596156816,1237.736291162042,1176.7004962100818,0.4149623130000835,0.3944995093884308,15.625081753637028,863.6169725274109,325.46088659429125,0.3768579091744995
in100.simclr.s0.e20f.ext,8,student.z.proj.tap1,l2,8,10000,4096,0.5991449627138253,1.379798142733485,1.3049050223942567,0.45914833066892974,0.43422653224251606,0.5473321490255371,,,
in100.simclr.s0.hpull_uniform.ext,8,student.h.cls,raw,8,10000,384,6.345798174327746,12.626787489563362,11.833562717772395,0.5362542393760439,0.5025663241400751,1.7812633402065718,8.849774977350545,3.110055615317484,0.351427649095839
in100.simclr.s0.hpull_uniform.ext,8,student.h.cls,l2,8,10000,384,0.7212429966509043,1.3671785012869604,1.2770231267055974,0.5647846006607039,0.5275412069250501,0.6005176919337616,,,
in100.simclr.s0.hpull_uniform.ext,8,student.h.cls.L03,raw,8,10000,384,3.8691948139381322,2.087488648045652,1.6038392963033852,2.4124579207256365,1.8535165772329105,1.3908980577199272,1.323335672724637,0.3013785100592047,0.22774154454605733
in100.simclr.s0.hpull_uniform.ext,8,student.h.cls.L03,l2,8,10000,384,0.1187619582936583,0.06408173905010173,0.04923649426339444,2.4120717786756307,1.8532886287746553,0.24368212726178576,,,
in100.simclr.s0.hpull_uniform.ext,8,student.h.cls.L06,raw,8,10000,384,5.0904492893992055,4.756755935328075,4.120449774153174,1.235411076074913,1.0701514558678142,1.5953760198459805,3.3428710660219787,0.8251462674844747,0.24683759893449914
in100.simclr.s0.hpull_uniform.ext,8,student.h.cls.L06,l2,8,10000,384,0.16025081050740567,0.15067321457052096,0.13064186325709526,1.2266421077602192,1.0635653521044512,0.2830643129285337,,,
in100.simclr.s0.hpull_uniform.ext,8,student.h.cls.L09,raw,8,10000,384,7.778418429783735,11.358098365063958,10.38579606134099,0.7489477343713028,0.6848345717544712,1.9721078101594414,8.21344789633033,2.285929148661299,0.27831541363799545
in100.simclr.s0.hpull_uniform.ext,8,student.h.cls.L09,l2,8,10000,384,0.40513269027510596,0.596206618382633,0.5455650320982448,0.7425928467536939,0.6795172642902468,0.4500737107825261,,,
in100.simclr.s0.hpull_uniform.ext,8,student.h.gap,raw,8,10000,384,1.6719194703559812,3.177224602462496,2.9682346686679986,0.5632706497246927,0.5262201070267951,0.9143083370384362,2.2324485669322107,0.7675583477604132,0.34381905103201443
in100.simclr.s0.hpull_uniform.ext,8,student.h.gap,l2,8,10000,384,0.2274484291562089,0.43529230902376914,0.406861255379243,0.5590319209534954,0.5225188326122919,0.33723021006147186,,,
in100.simclr.s0.hpull_uniform.ext,8,student.h.gap.L03,raw,8,10000,384,2.03088146116261,2.2099827302143855,1.9561225475690593,1.0382179090397254,0.9189580684938649,1.007690791156347,1.5443741927534418,0.4338481821177614,0.28092167309805915
in100.simclr.s0.hpull_uniform.ext,8,student.h.gap.L03,l2,8,10000,384,0.35060347160647415,0.36934305498195324,0.32551762103114396,1.0770644934546572,0.9492623913656784,0.4186905012097087,,,
in100.simclr.s0.hpull_uniform.ext,8,student.h.gap.L06,raw,8,10000,384,1.8762939364206699,2.804999238808783,2.5704624967561993,0.7299441010279135,0.6689106757895191,0.9685798718796168,1.9396569978293088,0.6588554913149793,0.33967628918531045
in100.simclr.s0.hpull_uniform.ext,8,student.h.gap.L06,l2,8,10000,384,0.3617915179837668,0.536141772928039,0.49091783318006815,0.7369695976211604,0.6748056880699846,0.425318420706044,,,
in100.simclr.s0.hpull_uniform.ext,8,student.h.gap.L09,raw,8,10000,384,2.0143571138214798,3.785298925215124,3.5335042859874393,0.5700734881827282,0.5321527186144225,1.0035828600124357,2.597278642369592,0.9740786328699985,0.3750381714844854
in100.simclr.s0.hpull_uniform.ext,8,student.h.gap.L09,l2,8,10000,384,0.410948875063408,0.7606213521105789,0.7092527427276529,0.5794110481448063,0.5402804876869461,0.45329288272782753,,,
in100.simclr.s0.hpull_uniform.ext,8,student.z.proj.out,raw,8,10000,512,1339.6310564307275,5791.308032312233,5623.854150258392,0.23820515622176602,0.23131752774266912,25.88079458238027,3857.937419885466,1823.829810696048,0.4727473808401469
in100.simclr.s0.hpull_uniform.ext,8,student.z.proj.out,l2,8,10000,512,0.4059641376109205,1.6437231829540992,1.5929776657527341,0.2548460950449604,0.2469784096378818,0.450535313605338,,,
in100.simclr.s0.hpull_uniform.ext,8,student.z.proj.tap1,raw,8,10000,4096,39.16166793920028,129.50938760198923,124.6141791095892,0.31426333840196796,0.3023847820171359,4.425023612321198,81.41656266832211,44.49271031728699,0.5464822986760456
in100.simclr.s0.hpull_uniform.ext,8,student.z.proj.tap1,l2,8,10000,4096,0.4496543893888211,1.3857681066785967,1.3295613080049942,0.33819755936153645,0.3244802555505126,0.47415946125160313,,,
in100.simclr.s0.hpull_uniform_align.ext,8,student.h.cls,raw,8,10000,384,5.438979404480383,22.3052051285685,21.62533270300845,0.2515096289697189,0.24384350527734625,1.6490875362576092,14.248773960538577,7.599610793755559,0.5333519090696774
in100.simclr.s0.hpull_uniform_align.ext,8,student.h.cls,l2,8,10000,384,0.4268313311016604,1.6250975787628625,1.571743662375155,0.2715654857209033,0.26264966281384416,0.46196933399396783,,,
in100.simclr.s0.hpull_uniform_align.ext,8,student.h.cls.L03,raw,8,10000,384,1.328670711071202,1.2722828799243566,1.1061990410404563,1.201113598707784,1.0443201995692954,0.8150676999707454,0.8869684868192894,0.23195338302041044,0.26151254127664236
in100.simclr.s0.hpull_uniform_align.ext,8,student.h.cls.L03,l2,8,10000,384,0.10509509677200297,0.10090106274231443,0.08776417564581405,1.1974714739659897,1.0415658063027489,0.22923252034997452,,,
in100.simclr.s0.hpull_uniform_align.ext,8,student.h.cls.L06,raw,8,10000,384,2.396980698625385,4.144396692582273,3.8447741052541,0.6234386294242298,0.578366617972539,1.094755840045027,3.019311676333915,0.8669063958460079,0.28712053897616036
in100.simclr.s0.hpull_uniform_align.ext,8,student.h.cls.L06,l2,8,10000,384,0.31873860419935396,0.5433656681612409,0.5035233426363216,0.6330165400684679,0.5866005581066082,0.39921084917581706,,,
in100.simclr.s0.hpull_uniform_align.ext,8,student.h.cls.L09,raw,8,10000,384,5.3320438457677,14.731851446793808,14.065345966072845,0.379090842033262,0.3619398325475342,1.6327957382611733,10.397380945526224,3.8152835350145575,0.36694659501306376
in100.simclr.s0.hpull_uniform_align.ext,8,student.h.cls.L09,l2,8,10000,384,0.5251906307451898,1.3905509047106377,1.324902075867489,0.3963995832683087,0.3776852965008697,0.5124405481347031,,,
in100.simclr.s0.hpull_uniform_align.ext,8,student.h.gap,raw,8,10000,384,2.560332454655738,6.734491131083036,6.414449574251069,0.3991507650061579,0.38018202189598654,1.1314443103077894,4.758103961910902,1.7236905236509976,0.3622641576244051
in100.simclr.s0.hpull_uniform_align.ext,8,student.h.gap,l2,8,10000,384,0.45370292355870145,1.1546419234042835,1.0979290579594458,0.41323519062509395,0.39293820392475304,0.4762892627168397,,,
in100.simclr.s0.hpull_uniform_align.ext,8,student.h.gap.L03,raw,8,10000,384,1.50255808849054,1.368499065622259,1.1806793045609416,1.2726216870967306,1.0979606243335827,0.8667635457523984,0.936206972761827,0.2581573224553372,0.27574813045214625
in100.simclr.s0.hpull_uniform_align.ext,8,student.h.gap.L03,l2,8,10000,384,0.35213439069609376,0.31556837383573905,0.27155157499872734,1.2967495795144774,1.1158735155107407,0.41960361693870907,,,
in100.simclr.s0.hpull_uniform_align.ext,8,student.h.gap.L06,raw,8,10000,384,1.5767353340865884,2.1074475460874273,1.9103556293266037,0.8253622047547159,0.7481729910734289,0.887900707874081,1.4522624153957022,0.4791676893917763,0.32994566568137484
in100.simclr.s0.hpull_uniform_align.ext,8,student.h.gap.L06,l2,8,10000,384,0.4123340400955455,0.5430108344850071,0.4914690794730639,0.8389826691388922,0.7593477218306411,0.4540561860032002,,,
in100.simclr.s0.hpull_uniform_align.ext,8,student.h.gap.L09,raw,8,10000,384,1.8137840808396757,3.567731500590341,3.3410084904853816,0.5428852054716476,0.5083858133773673,0.9523087946773556,2.4390005784646394,0.9376852270266467,0.3844546964465762
in100.simclr.s0.hpull_uniform_align.ext,8,student.h.gap.L09,l2,8,10000,384,0.46520172460822995,0.8911839388361362,0.8330337232601075,0.5584428476528492,0.5220041613583967,0.4822871160461525,,,
in100.simclr.s0.hpull_uniform_align.ext,8,student.z.proj.out,raw,8,10000,512,3817.216734689304,14923.17399953095,14446.021907694787,0.264239993479176,0.2557912100206888,43.68762258746351,10257.579060826854,4337.674586863245,0.42287508203846974
in100.simclr.s0.hpull_uniform_align.ext,8,student.z.proj.out,l2,8,10000,512,0.40798962870554867,1.6420467465440096,1.591048042955816,0.2564282269865302,0.248464076655697,0.45165785098099903,,,
in100.simclr.s0.hpull_uniform_align.ext,8,student.z.proj.tap1,raw,8,10000,4096,83.05364499981795,308.0174542979236,297.63574867294636,0.27904458846131586,0.2696394111467657,6.444130856826929,192.46120141411035,108.25472180181531,0.5624755587433353
in100.simclr.s0.hpull_uniform_align.ext,8,student.z.proj.tap1,l2,8,10000,4096,0.3641345052541681,1.3795836089868547,1.3340667958300838,0.2729507295979105,0.26394522440113866,0.42669339416855756,,,
in100.byol.s0.ext,8,student.h.cls,raw,8,10000,384,6.621399023564197,17.60806456006648,16.780389682120955,0.39459149334410965,0.376043545329845,1.8195327729343318,10.680938548572446,6.275531779149172,0.5875449756227579
in100.byol.s0.ext,8,student.h.cls,l2,8,10000,384,0.13281333668085427,0.3547528284690774,0.3381511613839706,0.3927632131656196,0.3743827420742641,0.2576949132994812,,,
in100.byol.s0.ext,8,student.h.gap,raw,8,10000,384,4.506042080529391,8.537658704982743,7.974403444916569,0.5650632190426547,0.52778428328361,1.5010066756229619,5.646431968174991,2.4133480637914055,0.4274111646777593
in100.byol.s0.ext,8,student.h.gap,l2,8,10000,384,0.1723379439316128,0.3353485678464604,0.3138063248550088,0.5491856928353496,0.5139069030123841,0.2935455194102039,,,
in100.byol.s0.ext,8,student.z.pred.out,raw,8,10000,256,12419.583296818873,69602.8432577135,68050.39534561113,0.18250567441589252,0.17843499942716085,78.80223124004445,37292.186232272936,31454.23754591533,0.8434538364150557
in100.byol.s0.ext,8,student.z.pred.out,l2,8,10000,256,0.27777059514822217,1.4009932207038567,1.3662718963103289,0.20330550302494885,0.1982669088210653,0.3726731779644345,,,
in100.byol.s0.ext,8,student.z.pred.tap1,raw,8,10000,8192,113.8156957050579,439.2014525096613,424.97449054652907,0.26781771197298865,0.25914234812908377,7.543729041563526,251.6315961164588,177.73490895516684,0.7063298556231726
in100.byol.s0.ext,8,student.z.pred.tap1,l2,8,10000,8192,0.2992265851013777,0.9953886386428265,0.9579853155051542,0.3123498661809788,0.3006128194404162,0.3867987752704096,,,
in100.byol.s0.ext,8,student.z.proj.out,raw,8,10000,256,1551.0723974763423,7155.870992809016,6961.986943124473,0.2227916268944101,0.2167552208578139,27.84845056261068,4030.486612415299,3003.0590406372626,0.7450859733380077
in100.byol.s0.ext,8,student.z.proj.out,l2,8,10000,256,0.3568104179880362,1.4147353682774397,1.3701340660289352,0.2604200762792368,0.25221000760197515,0.42238040791923354,,,
in100.byol.s0.ext,8,student.z.proj.tap1,raw,8,10000,4096,52.88577114979703,150.2525251269044,143.64180373317978,0.3681781332127686,0.35197925029964927,5.142264634856759,88.92438596770906,56.21994301673973,0.6322218860994415
in100.byol.s0.ext,8,student.z.proj.tap1,l2,8,10000,4096,0.39890391607420567,0.9698550269831085,0.9199920374738328,0.4335949658537687,0.411302622532216,0.44660044563021073,,,
in100.byol.s0.ext,8,teacher.h.cls,raw,8,10000,384,6.743578508866001,17.80874695366615,16.965799640057902,0.39748073488642155,0.3786666477103125,1.836243244897854,10.824296553076113,6.319590556518452,0.5838338339614793
in100.byol.s0.ext,8,teacher.h.cls,l2,8,10000,384,0.13048224389168547,0.3460424834167821,0.32973220293032146,0.3957218698449626,0.37707001349464203,0.2554234169880333,,,
in100.byol.s0.ext,8,teacher.h.gap,raw,8,10000,384,4.504807762032587,8.57355515896519,8.010454188711117,0.5623660851067686,0.5254305452647613,1.5008010797625024,5.668803427847555,2.4273863124532142,0.42820082639113366
in100.byol.s0.ext,8,teacher.h.gap,l2,8,10000,384,0.16518781194051496,0.32288236402470694,0.3022338875321426,0.546556222696726,0.5116036995067181,0.28739155514777653,,,
in100.byol.s0.ext,8,teacher.z.proj.out,raw,8,10000,256,1919.9932252992678,8765.9526989396,8525.95354577719,0.22519395807055728,0.2190284720029947,30.983812106479633,4917.385672904158,3696.22739986243,0.7516651419532598
in100.byol.s0.ext,8,teacher.z.proj.out,l2,8,10000,256,0.36149375311973403,1.4245805857678533,1.3793938666278864,0.2620671019825933,0.2537545132449547,0.4251433600091468,,,
in100.byol.s0.ext,8,teacher.z.proj.tap1,raw,8,10000,4096,60.08988970784575,167.541125373946,160.02988916046527,0.3754916661074006,0.35865755093698454,5.481326924561504,99.19749474669607,62.507805667508656,0.630134922531303
in100.byol.s0.ext,8,teacher.z.proj.tap1,l2,8,10000,4096,0.40257000925403574,0.9665895726868681,0.9162683215301136,0.43935820959276184,0.4164849493823895,0.44864797405874673,,,
in100.byol.s0.e17c.ext,8,student.h.cls,raw,8,10000,384,6.611135031153082,17.609074707274036,16.7826828283799,0.3939259949531729,0.37543909268680226,1.8181219748896225,10.681893924888326,6.276879650564312,0.587618609087614
in100.byol.s0.e17c.ext,8,student.h.cls,l2,8,10000,384,0.13259114686887652,0.3547755498326251,0.33820165647401557,0.3920475974341174,0.3737324822170805,0.25747926797013826,,,
in100.byol.s0.e17c.ext,8,student.h.cls.L03,raw,8,10000,384,2.2075406108930578,1.228618766830905,0.9526761904692728,2.3171993096685446,1.7967661495088345,1.050604733211558,0.7405613133273278,0.2244010648102539,0.30301483587094796
in100.byol.s0.e17c.ext,8,student.h.cls.L03,l2,8,10000,384,0.04419492978885542,0.02460924669591857,0.019084880472311643,2.3157037767657727,1.795866827414312,0.14865216074590948,,,
in100.byol.s0.e17c.ext,8,student.h.cls.L06,raw,8,10000,384,4.179244330311238,4.739253545682173,4.216848004393269,0.9910825161251119,0.8818359874666029,1.4455525466601409,3.096768258512319,1.1674722813377698,0.3769969800383517
in100.byol.s0.e17c.ext,8,student.h.cls.L06,l2,8,10000,384,0.08544633021744841,0.09689595504735803,0.08621516377017698,0.9910823859851611,0.8818358844359024,0.20669582750680818,,,
in100.byol.s0.e17c.ext,8,student.h.cls.L09,raw,8,10000,384,6.790256993359619,13.518979504454338,12.670197380284385,0.5359235369076161,0.5022758552982726,1.8425874461419218,8.386342618067728,4.419044557261204,0.5269334629544843
in100.byol.s0.e17c.ext,8,student.h.cls.L09,l2,8,10000,384,0.14115477018435357,0.2810686347807414,0.2634242885076972,0.5358456920734135,0.5022074778797957,0.2656640455390544,,,
in100.byol.s0.e17c.ext,8,student.h.gap,raw,8,10000,384,4.505818360821708,8.553663667611081,7.990436372508368,0.5639014129846873,0.526770578773542,1.500969413549408,5.666083368260481,2.4098896409239945,0.4253184226733049
in100.byol.s0.e17c.ext,8,student.h.gap,l2,8,10000,384,0.17222758834751425,0.33594990713019623,0.31442145858675696,0.5477602868507533,0.5126585383480045,0.293451519290252,,,
in100.byol.s0.e17c.ext,8,student.h.gap.L03,raw,8,10000,384,5.0959339468393,4.5268368111044115,3.889845067749499,1.3100609042476834,1.125716291415428,1.5962352500241466,2.935502389771647,0.9996110460888961,0.340524691641166
in100.byol.s0.e17c.ext,8,student.h.gap.L03,l2,8,10000,384,0.34643950017030073,0.31623893846688494,0.27293400094559733,1.2693160213459624,1.0954991875757838,0.4161967684703359,,,
in100.byol.s0.e17c.ext,8,student.h.gap.L06,raw,8,10000,384,5.214762580565744,6.994699446165966,6.342854123595248,0.8221476450430992,0.7455306151037174,1.6147387684337278,4.62640399812453,1.786397119932375,0.3861308092973617
in100.byol.s0.e17c.ext,8,student.h.gap.L06,l2,8,10000,384,0.3502031068601043,0.47752383197270337,0.4337484436151903,0.8073875814775139,0.7333730453061931,0.418451375227818,,,
in100.byol.s0.e17c.ext,8,student.h.gap.L09,raw,8,10000,384,5.1255019895513145,8.174445687442109,7.533757938748194,0.6803380240277491,0.627015235715041,1.6008594550352186,5.338501709972283,2.277000685650331,0.4265242963951683
in100.byol.s0.e17c.ext,8,student.h.gap.L09,l2,8,10000,384,0.26761624431772907,0.4351544545628421,0.40170242402312595,0.6662052014461393,0.6149913933124674,0.36579792530694394,,,
in100.byol.s0.e17c.ext,8,student.z.pred.out,raw,8,10000,256,12367.896568891918,69591.52369940627,68045.53662829478,0.18175911575880033,0.1777213073004958,78.63808418600976,37302.46832423751,31438.983541051344,0.8428124184110269
in100.byol.s0.e17c.ext,8,student.z.pred.out,l2,8,10000,256,0.2776119402476029,1.4009075864199567,1.3662060938890064,0.2031991670139313,0.19816577691398254,0.3725667324437348,,,
in100.byol.s0.e17c.ext,8,student.z.pred.tap1,raw,8,10000,8192,113.41723289677766,439.34288592591554,425.16573181381835,0.26676005239868084,0.25815197316271715,7.530512362939778,251.81169962491745,177.74746104815995,0.7058745138248984
in100.byol.s0.e17c.ext,8,student.z.pred.tap1,l2,8,10000,8192,0.29943187453430575,0.9949700254504186,0.9575410411336304,0.3127091807780992,0.3009456233606176,0.3869314374241939,,,
in100.byol.s0.e17c.ext,8,student.z.proj.out,raw,8,10000,256,1545.043846614299,7154.214935442014,6961.084454615227,0.22195447515220545,0.2159627381280012,27.794278607424758,4029.883472661057,3002.7431313085895,0.745119096291334
in100.byol.s0.e17c.ext,8,student.z.proj.out,l2,8,10000,256,0.3566777090510934,1.4147196565139943,1.3701349428826077,0.26032305131980954,0.2521190028065219,0.42230185238232937,,,
in100.byol.s0.e17c.ext,8,student.z.proj.tap1,raw,8,10000,4096,52.7576538522435,150.26328802514658,143.66858129361614,0.36721775476032886,0.3511014203510208,5.136032216227012,88.91830414498173,56.25291002888586,0.6326358849260689
in100.byol.s0.e17c.ext,8,student.z.proj.tap1,l2,8,10000,4096,0.39903638323813606,0.9696575886038726,0.9197780406991056,0.43383986742588043,0.4115229828837565,0.4466745925380892,,,
in100.byol.s0.e17c.ext,8,teacher.h.cls,raw,8,10000,384,6.731653625698621,17.8051822514726,16.963725548260275,0.3968263696879362,0.3780727167306513,1.834618983017812,10.820563628277066,6.3212137424979336,0.5841852568547251
in100.byol.s0.e17c.ext,8,teacher.h.cls,l2,8,10000,384,0.1302297266268516,0.345965598915708,0.32968688308735156,0.39501033649660494,0.37642391912665607,0.25517614174022185,,,
in100.byol.s0.e17c.ext,8,teacher.h.cls.L03,raw,8,10000,384,2.2408967016185843,1.2506541448542914,0.9705420571519683,2.3089125145121896,1.7917796945211117,1.0585123290776033,0.7532520071620763,0.22979659143843462,0.3050726572959394
in100.byol.s0.e17c.ext,8,teacher.h.cls.L03,l2,8,10000,384,0.043155982084779,0.024102878346219003,0.018708380585621628,2.3067727261196853,1.7904908063210152,0.14689448948952952,,,
in100.byol.s0.e17c.ext,8,teacher.h.cls.L06,raw,8,10000,384,4.266061069909631,4.853949448921635,4.320691815182931,0.9873560189872076,0.8788845279089976,1.460489827063104,3.173279481231127,1.1959518284410195,0.376881971951941
in100.byol.s0.e17c.ext,8,teacher.h.cls.L06,l2,8,10000,384,0.08391180666636147,0.09547835110560161,0.08498937527230643,0.9873211374658017,0.878856889490611,0.20483140221455481,,,
in100.byol.s0.e17c.ext,8,teacher.h.cls.L09,raw,8,10000,384,6.817015113129677,13.572099587136595,12.719972697995386,0.5359300114067076,0.502281542318679,1.8462143853206319,8.431861712116206,4.423831981750549,0.5246566099861081
in100.byol.s0.e17c.ext,8,teacher.h.cls.L09,l2,8,10000,384,0.13606163234860963,0.27098013569192264,0.25397243164834643,0.5357338647566376,0.5021092487137069,0.2608271768322941,,,
in100.byol.s0.e17c.ext,8,teacher.h.gap,raw,8,10000,384,4.503589391944774,8.589045775538885,8.026097101545789,0.5611182290677001,0.5243410629817274,1.5005981127445107,5.688174238015449,2.423813321285729,0.42611446482894216
in100.byol.s0.e17c.ext,8,teacher.h.gap,l2,8,10000,384,0.16503123820567675,0.32342596884325814,0.3027970640675485,0.5450225837356907,0.5102597011486601,0.2872553204082361,,,
in100.byol.s0.e17c.ext,8,teacher.h.gap.L03,raw,8,10000,384,5.150344052853791,4.713259193170038,4.069466186563314,1.265606793799971,1.0927351630305269,1.6047342541451826,3.0610499703131104,1.0555488081819042,0.3448322694562002
in100.byol.s0.e17c.ext,8,teacher.h.gap.L03,l2,8,10000,384,0.3334952285056237,0.31444951492736006,0.2727626113641571,1.222657412017457,1.0605684304606522,0.4083474185700356,,,
in100.byol.s0.e17c.ext,8,teacher.h.gap.L06,raw,8,10000,384,5.26191567374863,7.2230498856203145,6.5653104264017355,0.8014724867522434,0.7284894548802826,1.6220227608989695,4.7776903205057595,1.8598506047521788,0.38927818254978436
in100.byol.s0.e17c.ext,8,teacher.h.gap.L06,l2,8,10000,384,0.3324017677083194,0.46495724555004153,0.4234070245865016,0.7850643669243378,0.7149082434775056,0.4076774262258823,,,
in100.byol.s0.e17c.ext,8,teacher.h.gap.L09,raw,8,10000,384,5.107859105761572,8.260966694925331,7.622484306705135,0.6701042468881744,0.6183125164878468,1.5981018593571519,5.4053133618838105,2.2997806117705757,0.42546665804571915
in100.byol.s0.e17c.ext,8,teacher.h.gap.L09,l2,8,10000,384,0.2531140645901976,0.4177531827485957,0.386113924674821,0.6555424407533768,0.6058938029504419,0.35574855206324985,,,
in100.byol.s0.e17c.ext,8,teacher.z.proj.out,raw,8,10000,256,1912.2753086256548,8760.639798992412,8521.605385414205,0.22440317547427785,0.2182803256955721,30.921475616678247,4913.717316785818,3695.494466618311,0.7520771400491602
in100.byol.s0.e17c.ext,8,teacher.z.proj.out,l2,8,10000,256,0.3613596674098279,1.424644917027231,1.3794749586010027,0.26195449591654896,0.25364893601969785,0.4250645053458521,,,
in100.byol.s0.e17c.ext,8,teacher.z.proj.tap1,raw,8,10000,4096,59.94065814767928,167.4922572108128,159.9996749423529,0.37462987452490515,0.35787121832285923,5.474516332411444,99.13380287278771,62.540794641673344,0.6308725462890603
in100.byol.s0.e17c.ext,8,teacher.z.proj.tap1,l2,8,10000,4096,0.4027109110051276,0.9663942669010362,0.9160554030253953,0.43961414306942687,0.41671492143316624,0.4487264818378383,,,
in100.byol.s0.e20f.ext,8,student.h.cls,raw,8,10000,384,278.2971856650923,404.5952258189579,369.80807761082133,0.7525449077885387,0.6878410023296233,11.796126179070235,276.0367694150891,97.81726045392176,0.3543631548115587
in100.byol.s0.e20f.ext,8,student.h.cls,l2,8,10000,384,0.8637025536323674,1.2323138376615168,1.124351018457471,0.7681787444078677,0.7008787268601645,0.6571539217079844,,,
in100.byol.s0.e20f.ext,8,student.h.gap,raw,8,10000,384,37.5351690944836,52.514437614514335,47.822541477703886,0.7848844485185604,0.7147590415042233,4.332157031692388,37.765758107452115,10.58192774639692,0.28019900239494583
in100.byol.s0.e20f.ext,8,student.h.gap,l2,8,10000,384,0.4116811808812795,0.5797575006338003,0.5282973530236403,0.7792603512493039,0.7100920306011098,0.45369658411832875,,,
in100.byol.s0.e20f.ext,8,student.z.pred.out,raw,8,10000,256,11221.770101911747,63919.305088981244,62516.58382624228,0.17950069269781885,0.17556151598159686,74.90584123388425,33169.45801712485,29986.318860007243,0.9040340316843825
in100.byol.s0.e20f.ext,8,student.z.pred.out,l2,8,10000,256,0.26082540046594455,1.381798005434056,1.3491948303758128,0.19331930021796234,0.18875798013908193,0.3611269862984104,,,
in100.byol.s0.e20f.ext,8,student.z.pred.tap1,raw,8,10000,8192,120.95779971083861,500.6331433660655,485.5134184022107,0.24913379347763842,0.2416096523245838,7.776818106103505,274.219229946268,216.30051988960338,0.7887868401205359
in100.byol.s0.e20f.ext,8,student.z.pred.tap1,l2,8,10000,8192,0.27685601519881103,1.0269552941879958,0.9923482922881445,0.27899077103306125,0.26958916007898726,0.37205914529736467,,,
in100.byol.s0.e20f.ext,8,student.z.proj.out,raw,8,10000,256,1194.8964818891254,5896.261364693834,5746.899304457694,0.20792020506819753,0.20265324211101535,24.44275436493528,3215.9106137447684,2589.951304359863,0.8053555012662473
in100.byol.s0.e20f.ext,8,student.z.proj.out,l2,8,10000,256,0.32321090886260556,1.4066023521176185,1.3662009885097928,0.23657639804166253,0.22978129417743148,0.4020018089900875,,,
in100.byol.s0.e20f.ext,8,student.z.proj.tap1,raw,8,10000,4096,59.31603800657462,139.79568342651794,132.3811786756961,0.4480700247569594,0.4243052185352593,5.445917645657829,84.54929672617814,49.229838783783165,0.5822619547412584
in100.byol.s0.e20f.ext,8,student.z.proj.tap1,l2,8,10000,4096,0.5236138518266986,1.064425482103858,0.9989737506255205,0.5241517622448347,0.49192156767213574,0.511670720203286,,,
in100.byol.s0.e20f.ext,8,teacher.h.cls,raw,8,10000,384,275.62863797854004,403.388535334257,368.9349555869395,0.7470927701606419,0.6832832711771241,11.739434355592692,273.78049026238483,99.18835067789725,0.36229152260936287
in100.byol.s0.e20f.ext,8,teacher.h.cls,l2,8,10000,384,0.86198920570215,1.2353859957203281,1.1276373450075594,0.7644205909980495,0.697748888758887,0.6565017919633388,,,
in100.byol.s0.e20f.ext,8,teacher.h.gap,raw,8,10000,384,37.3110859363099,52.86928251694084,48.205396774902106,0.7740022576836403,0.7057233266661856,4.319206289140975,37.98094070257089,10.753148897500624,0.2831196041643264
in100.byol.s0.e20f.ext,8,teacher.h.gap,l2,8,10000,384,0.4045863816834326,0.576844941771034,0.5262716440606049,0.768778607491991,0.7013780522045807,0.44977015334692483,,,
in100.byol.s0.e20f.ext,8,teacher.z.proj.out,raw,8,10000,256,1486.8225075847897,7220.354493630418,7034.501680182319,0.2113614546107059,0.20592098475170717,27.26556901647928,3957.4488338822016,3149.2563912364217,0.7957794335263826
in100.byol.s0.e20f.ext,8,teacher.z.proj.out,l2,8,10000,256,0.3305310181777297,1.415025823775821,1.3737094465036048,0.24061202972652215,0.23358656260827002,0.4065286079587325,,,
in100.byol.s0.e20f.ext,8,teacher.z.proj.tap1,raw,8,10000,4096,67.47011410660538,159.20486114165433,150.77109687832865,0.4475003200451168,0.42379430893490794,5.808188792842627,96.2411934324423,56.12195205730288,0.5831385714963975
in100.byol.s0.e20f.ext,8,teacher.z.proj.tap1,l2,8,10000,4096,0.5194979211629518,1.0646807789776225,0.9997435388322535,0.5196311863838092,0.4879377287733215,0.5096557275077715,,,
in100.byol.s0.hpull_align.ext,8,student.h.cls,raw,8,10000,384,6.276879868725494,20.32668654382957,19.542076560238883,0.3211982027281939,0.30879995395171395,1.7715642619907264,11.658990697955332,8.086352727721847,0.6935722771560296
in100.byol.s0.hpull_align.ext,8,student.h.cls,l2,8,10000,384,0.42826436905296006,1.2463898073538668,1.192856761222247,0.3590241368243945,0.34360387619197696,0.4627441890791067,,,
in100.byol.s0.hpull_align.ext,8,student.h.cls.L03,raw,8,10000,384,2.154523585840269,1.17780164188942,0.9084861936593863,2.371553470902886,1.82927541379888,1.037912227946147,0.712099853420826,0.20816435665745447,0.29232467280741964
in100.byol.s0.hpull_align.ext,8,student.h.cls.L03,l2,8,10000,384,0.14998123521868342,0.082524519871933,0.06377686546959757,2.351655794218665,1.81741421157535,0.2738441483934643,,,
in100.byol.s0.hpull_align.ext,8,student.h.cls.L06,raw,8,10000,384,3.618495786626858,3.8873011803627544,3.434989207034397,1.053422752891527,0.930850381469333,1.3450828574156424,2.557647865423139,0.9162143534148858,0.3582253701931351
in100.byol.s0.hpull_align.ext,8,student.h.cls.L06,l2,8,10000,384,0.28845186745495477,0.3121489631398937,0.27609247970802436,1.0447653907850036,0.9240840160205217,0.3797708963671089,,,
in100.byol.s0.hpull_align.ext,8,student.h.cls.L09,raw,8,10000,384,6.53237354805214,13.890762074904996,13.07421538139848,0.49963790235138433,0.4702674707713484,1.807259465053668,8.764892180366452,4.448230821781078,0.5075054809852895
in100.byol.s0.hpull_align.ext,8,student.h.cls.L09,l2,8,10000,384,0.4774284249322104,0.9981708186923214,0.9384922655757951,0.5087185504286418,0.4783033284399933,0.4885838847793746,,,
in100.byol.s0.hpull_align.ext,8,student.h.gap,raw,8,10000,384,3.8949791743311826,8.378417172395054,7.891544775603656,0.49356359053709353,0.46488245860617183,1.395524842905203,5.493708160515849,2.481620786811759,0.45172053452849215
in100.byol.s0.hpull_align.ext,8,student.h.gap,l2,8,10000,384,0.43704123601101197,0.9162740848717674,0.8616439303703909,0.5072179128832754,0.47697653270656004,0.4674618893615885,,,
in100.byol.s0.hpull_align.ext,8,student.h.gap.L03,raw,8,10000,384,4.4802640706086825,3.7744253602147584,3.214392351388673,1.3938136919325144,1.1870056082798688,1.4967070639588567,2.479929567755508,0.7722070372353118,0.3113826486347383
in100.byol.s0.hpull_align.ext,8,student.h.gap.L03,l2,8,10000,384,0.48294145422165746,0.4079011849287608,0.34753350315105364,1.3896256039860118,1.1839667842739958,0.4913967105209687,,,
in100.byol.s0.hpull_align.ext,8,student.h.gap.L06,raw,8,10000,384,4.707085680130553,5.999451007049676,5.411065297033357,0.8698999959788392,0.7845860687252009,1.534126083496815,4.0597138669659225,1.411345940137931,0.3476466535294808
in100.byol.s0.hpull_align.ext,8,student.h.gap.L06,l2,8,10000,384,0.5656163816236599,0.7092013684989741,0.6384993207960166,0.8858527537954253,0.7975398902864329,0.5317971331361517,,,
in100.byol.s0.hpull_align.ext,8,student.h.gap.L09,raw,8,10000,384,4.6111637521004685,8.363936551435225,7.787541082422667,0.5921206325971583,0.5513150086377936,1.5184142636481766,5.480151561436632,2.391028886500386,0.4363070728419003
in100.byol.s0.hpull_align.ext,8,student.h.gap.L09,l2,8,10000,384,0.49530070730618025,0.8837445050088117,0.8218319165955392,0.6026788413839861,0.5604569018522403,0.4976448067176931,,,
in100.byol.s0.hpull_align.ext,8,student.z.pred.out,raw,8,10000,256,10269.331883809004,63726.63273555695,62442.966250080826,0.16445938590874853,0.16114662650422953,71.6565833814626,32019.367807998613,31060.864769437772,0.9700648980857954
in100.byol.s0.hpull_align.ext,8,student.z.pred.out,l2,8,10000,256,0.26015137538901384,1.420851901921966,1.3883329799983393,0.18738399154742044,0.18309534937252137,0.36066007222106927,,,
in100.byol.s0.hpull_align.ext,8,student.z.pred.tap1,raw,8,10000,8192,102.34549740579064,445.2147076946525,432.4215205189287,0.23667993508503146,0.22987896769121027,7.153513032272698,240.34137765457774,196.5322899412974,0.8177214088526885
in100.byol.s0.hpull_align.ext,8,student.z.pred.tap1,l2,8,10000,8192,0.2816379334168774,1.0292371467505295,0.9940324050734198,0.28332872447561247,0.27363755214826296,0.37525853315872604,,,
in100.byol.s0.hpull_align.ext,8,student.z.proj.out,raw,8,10000,256,1160.5430950887028,6076.581649540232,5931.513762654145,0.19565715288324653,0.19098617644288743,24.088826196897834,3211.4478028874655,2780.831776262081,0.8659121825868661
in100.byol.s0.hpull_align.ext,8,student.z.proj.out,l2,8,10000,256,0.328975463992878,1.44119928241712,1.4000773494180103,0.23496949231385528,0.22826507618095254,0.4055708717307482,,,
in100.byol.s0.hpull_align.ext,8,student.z.proj.tap1,raw,8,10000,4096,42.3741469574826,145.5156797520499,140.21891138236455,0.30219994250227816,0.29119986952392785,4.602941828737498,81.18349017149863,60.490578008386436,0.7451093551238214
in100.byol.s0.hpull_align.ext,8,student.z.proj.tap1,l2,8,10000,4096,0.36258733298690016,1.0279283099373948,0.9826048933140323,0.36900623582689634,0.3527360123090522,0.4257859397554716,,,
in100.byol.s0.hpull_align.ext,8,teacher.h.cls,raw,8,10000,384,6.416916053574352,20.59408876619306,19.791974259496268,0.32421808807150654,0.31159019107018043,1.7912169122658417,11.856653810407238,8.14126133675096,0.6866407223263048
in100.byol.s0.hpull_align.ext,8,teacher.h.cls,l2,8,10000,384,0.42921335789304244,1.2429168714611416,1.1892652017245113,0.3609063455910888,0.3453274854886072,0.46325660162216925,,,
in100.byol.s0.hpull_align.ext,8,teacher.h.cls.L03,raw,8,10000,384,2.2450993429415265,1.2081140309074945,0.9274766130398037,2.420653320392862,1.858350524457599,1.0595044461779117,0.7275538612305622,0.21200389211831608,0.2913927111317081
in100.byol.s0.hpull_align.ext,8,teacher.h.cls.L03,l2,8,10000,384,0.15573225362320617,0.08445811125101038,0.06499157954810961,2.396191240557961,1.843899316672715,0.27904502649501406,,,
in100.byol.s0.hpull_align.ext,8,teacher.h.cls.L06,raw,8,10000,384,3.730841373763372,3.967154283502739,3.5007991117823174,1.0657113575031547,0.9404326394055141,1.3658040441006485,2.607371521032136,0.9330991335852099,0.3578696499744845
in100.byol.s0.hpull_align.ext,8,teacher.h.cls.L06,l2,8,10000,384,0.2960737704882721,0.31730211853058404,0.28029289721955003,1.056301366981701,0.9330973643018214,0.3847556175602067,,,
in100.byol.s0.hpull_align.ext,8,teacher.h.cls.L09,raw,8,10000,384,6.60857576141682,13.970938188718206,13.144866218541104,0.5027495640918193,0.47302304771152515,1.8177700296540291,8.80957700984809,4.474998590580199,0.5079697453779753
in100.byol.s0.hpull_align.ext,8,teacher.h.cls.L09,l2,8,10000,384,0.47867101096483206,0.9951024590691776,0.9352685826985736,0.511800588429583,0.481026859699033,0.489219281593046,,,
in100.byol.s0.hpull_align.ext,8,teacher.h.gap,raw,8,10000,384,3.960655812520476,8.499774561699395,8.004692585134336,0.4947917450166523,0.4659718659324778,1.407241239539347,5.57804596539653,2.5116443653548006,0.45027315675342483
in100.byol.s0.hpull_align.ext,8,teacher.h.gap,l2,8,10000,384,0.4386563681006833,0.9190923219537306,0.8642602759411452,0.5075512323217725,0.4772712790900307,0.46832487020266356,,,
in100.byol.s0.hpull_align.ext,8,teacher.h.gap.L03,raw,8,10000,384,4.481199855539862,3.8094854942115,3.2493355122690173,1.37911269507858,1.1763267933029355,1.4968633630929482,2.5031655618818096,0.7842648053293223,0.3133092022645654
in100.byol.s0.hpull_align.ext,8,teacher.h.gap.L03,l2,8,10000,384,0.48053666391649436,0.40964825984894027,0.34958117685937845,1.3746068030138638,1.1730470040167986,0.4901717372087534,,,
in100.byol.s0.hpull_align.ext,8,teacher.h.gap.L06,raw,8,10000,384,4.737523982243703,6.081311044753298,5.489120546972836,0.863075230668121,0.7790300393088824,1.5390782927199809,4.113314309038442,1.4366193483819256,0.34926077621278595
in100.byol.s0.hpull_align.ext,8,teacher.h.gap.L06,l2,8,10000,384,0.5628057809453575,0.7114635938101099,0.6411128711919403,0.877857560243649,0.7910535209979707,0.5304742128253538,,,
in100.byol.s0.hpull_align.ext,8,teacher.h.gap.L09,raw,8,10000,384,4.648811033719207,8.428657864460053,7.8475564852451525,0.5923896237586599,0.5515481952733188,1.5246001170338417,5.528046513544379,2.403796550345372,0.4348365275971867
in100.byol.s0.hpull_align.ext,8,teacher.h.gap.L09,l2,8,10000,384,0.4961570745932225,0.8848467606099044,0.8228271262857516,0.6029906632185057,0.5607265536591137,0.4980748310210136,,,
in100.byol.s0.hpull_align.ext,8,teacher.z.proj.out,raw,8,10000,256,1309.6056820676679,6801.846689456841,6638.1459791983825,0.19728485727362913,0.192536783297044,25.589115675103624,3606.9076322874434,3099.2568138055076,0.8592559415889472
in100.byol.s0.hpull_align.ext,8,teacher.z.proj.out,l2,8,10000,256,0.3326436017667295,1.4488357313176945,1.4072552810968533,0.236377582827373,0.22959373141922385,0.40782569914531475,,,
in100.byol.s0.hpull_align.ext,8,teacher.z.proj.tap1,raw,8,10000,4096,45.66936759332844,154.8236773774942,149.11500642832814,0.30626942711684313,0.2949766364351137,4.778565035307589,86.78094578877973,63.88229741332335,0.7361327631621982
in100.byol.s0.hpull_align.ext,8,teacher.z.proj.tap1,l2,8,10000,4096,0.3657241803589633,1.028071949130714,0.9823564265858435,0.37229275491180835,0.35573792346751737,0.4276237717661188,,,
in100.vicreg.s0.e17c.ext,8,student.h.cls,raw,8,10000,384,10.970895422589782,29.72279793623914,28.351436008415416,0.3869608375157204,0.3691070889801279,2.342103266573635,18.53468513068825,10.11397885708956,0.5456784825733911
in100.vicreg.s0.e17c.ext,8,student.h.cls,l2,8,10000,384,0.15823030607324914,0.44104993775790025,0.4212711494987441,0.37560204695128513,0.3587582550801865,0.2812741599163076,,,
in100.vicreg.s0.e17c.ext,8,student.h.cls.L03,raw,8,10000,384,6.853033454464186,3.7224643206349626,2.8658351388269394,2.391286700905381,1.8409937246343369,1.85108528361934,2.282291395636851,0.6207683863964369,0.27199348320866695
in100.vicreg.s0.e17c.ext,8,student.h.cls.L03,l2,8,10000,384,0.0599414697809103,0.032301165546835216,0.024808481824221428,2.4161683977931796,1.8557060950013677,0.17312057904956057,,,
in100.vicreg.s0.e17c.ext,8,student.h.cls.L06,raw,8,10000,384,10.587124284152745,11.96020209054897,10.636811555029876,0.9953287438984819,0.885196103209557,2.300774248394738,7.983557547965757,2.7728560279696097,0.3473208543071309
in100.vicreg.s0.e17c.ext,8,student.h.cls.L06,l2,8,10000,384,0.09449143292436009,0.10502479257620419,0.09321336346065917,1.0137112256896548,0.8997059704335881,0.2173607978964469,,,
in100.vicreg.s0.e17c.ext,8,student.h.cls.L09,raw,8,10000,384,14.732245554509873,28.133728136193614,26.29219744187988,0.5603276632573669,0.523650668805499,2.714060201479499,18.528623132449987,8.044911590791827,0.4341883114186948
in100.vicreg.s0.e17c.ext,8,student.h.cls.L09,l2,8,10000,384,0.19106755927888827,0.36288072140118344,0.3389972764913224,0.5636256469564268,0.526529925704301,0.30908539214826075,,,
in100.vicreg.s0.e17c.ext,8,student.h.gap,raw,8,10000,384,3.795326587380267,6.6588389366817,6.184423113259166,0.613691288237254,0.5699682217079713,1.3775570019749213,4.4676817164301585,1.7833297861958253,0.399162227612931
in100.vicreg.s0.e17c.ext,8,student.h.gap,l2,8,10000,384,0.12699379570517033,0.23725657320770377,0.22138234874455748,0.5736401137007648,0.5352593354452395,0.2519859080436546,,,
in100.vicreg.s0.e17c.ext,8,student.h.gap.L03,raw,8,10000,384,6.063785010032595,4.799315699002832,4.041342572748757,1.5004382580485511,1.263468667271146,1.741233041558854,3.0952087261677597,0.9941270035710261,0.3211825409919527
in100.vicreg.s0.e17c.ext,8,student.h.gap.L03,l2,8,10000,384,0.23512572532690404,0.21046532541952306,0.18107460975366005,1.2985019028718434,1.117170844452525,0.3428744123778443,,,
in100.vicreg.s0.e17c.ext,8,student.h.gap.L06,raw,8,10000,384,5.347301946406739,6.007347201534781,5.338934458233939,1.0015672580808508,0.8901270006568937,1.6351302618456334,4.024004106883534,1.3750038233657527,0.34170040259492934
in100.vicreg.s0.e17c.ext,8,student.h.gap.L06,l2,8,10000,384,0.3243606701609209,0.38373473811553765,0.34318965434542253,0.9451353385916752,0.8452731482007763,0.4027161966949684,,,
in100.vicreg.s0.e17c.ext,8,student.h.gap.L09,raw,8,10000,384,5.021187546945844,7.301168811162769,6.673520367794538,0.7524046185844254,0.6877237983141743,1.584485333940621,4.882012296729296,1.864519759176871,0.3819162357345978
in100.vicreg.s0.e17c.ext,8,student.h.gap.L09,l2,8,10000,384,0.27655545584057073,0.4158520561937077,0.38128262421363635,0.7253292919155268,0.6650332773916805,0.3718571337493546,,,
in100.vicreg.s0.e17c.ext,8,student.z.proj.out,raw,8,10000,2048,582.9986877093639,1766.4018711369908,1693.5270351733204,0.34425118442215963,0.3300487263037723,17.07335186349423,1372.313352990107,338.87770089458326,0.24693901007099378
in100.vicreg.s0.e17c.ext,8,student.z.proj.out,l2,8,10000,2048,0.5982955486834063,1.4534374121603189,1.378650468574893,0.43397188940998416,0.4116417698331632,0.5469440321840098,,,
in100.vicreg.s0.e17c.ext,8,student.z.proj.tap1,raw,8,10000,2048,7.7531703391974505,22.729787130223883,21.7606408378242,0.35629329103768587,0.3411017575649897,1.9689045608151567,14.6996152093011,7.288323499825341,0.4958172983476258
in100.vicreg.s0.e17c.ext,8,student.z.proj.tap1,l2,8,10000,2048,0.501758653924481,1.3180134540474135,1.2552936223068534,0.3997141744434255,0.3806931199250346,0.5008785551031713,,,
in100.vicreg.s0.e17c.ext,8,student.z.proj.tap2,raw,8,10000,2048,16.765951177452404,54.564922585615584,52.469178688434035,0.31953904361663243,0.307266103990996,2.895336869645085,38.65144726590985,14.363380648380334,0.3716130097164221
in100.vicreg.s0.e17c.ext,8,student.z.proj.tap2,l2,8,10000,2048,0.4988173450882244,1.429346561269007,1.366994393132979,0.36490079812617066,0.34898278598394133,0.499408322461803,,,
in100.vicreg.s0.e20f.ext,8,student.h.cls,raw,8,10000,384,313.43208030925496,439.4380535004361,400.25904346177924,0.7830730758721373,0.7132565735091576,12.518627726497321,316.5085473052327,88.1448766915509,0.2784912996568976
in100.vicreg.s0.e20f.ext,8,student.h.cls,l2,8,10000,384,0.8747898083425296,1.226473793539681,1.1171250674968647,0.7830724005707488,0.7132560132555551,0.6613583780154787,,,
in100.vicreg.s0.e20f.ext,8,student.h.gap,raw,8,10000,384,44.00437597547103,58.69822283180922,53.19767583487534,0.8271860618884901,0.7496713503841307,4.690648994300844,42.373876290304416,11.410781772889024,0.26928812683346437
in100.vicreg.s0.e20f.ext,8,student.h.gap,l2,8,10000,384,0.38815994951441757,0.5281844994116,0.47966450572229774,0.8092321714109553,0.7348946247889319,0.44054508822277066,,,
in100.vicreg.s0.e20f.ext,8,student.z.proj.out,raw,8,10000,2048,588.3220270769834,1849.2914566700788,1775.7512032854559,0.33130881510229754,0.31813375060756716,17.151122806932836,1439.0424333053463,355.2016845468102,0.24683197404467433
in100.vicreg.s0.e20f.ext,8,student.z.proj.out,l2,8,10000,2048,0.5917479204322466,1.4591807809298054,1.3852122908757747,0.4271893372084686,0.4055343437673148,0.5439429751510018,,,
in100.vicreg.s0.e20f.ext,8,student.z.proj.tap1,raw,8,10000,2048,12.23753524301864,31.13516373085246,29.60547182547513,0.41335383253336283,0.39304547581011173,2.473614283090498,20.673730811485775,9.243092651297879,0.44709359600264614
in100.vicreg.s0.e20f.ext,8,student.z.proj.tap1,l2,8,10000,2048,0.5711618334709624,1.2906564497767739,1.2192612205929036,0.4684491098578672,0.4425359154016144,0.5343977140066013,,,
in100.vicreg.s0.e20f.ext,8,student.z.proj.tap2,raw,8,10000,2048,16.28963617815645,54.45070601995892,52.414501497689365,0.31078491090627963,0.299162992894628,2.853912768302182,38.51612514361412,14.442883414274823,0.37498277307029204
in100.vicreg.s0.e20f.ext,8,student.z.proj.tap2,l2,8,10000,2048,0.5005852330988658,1.4402456403166324,1.3776724861792742,0.3633557598926495,0.34756934448266347,0.5002925309750615,,,
in100.vicreg.s0.hpull_varcov.c015.ext,8,student.h.cls,raw,8,10000,384,279.86680549626186,500.58563308395725,465.6022823969245,0.6010855532226027,0.5590787809312201,11.829344983900459,336.8543787849262,133.7537599428379,0.397067006892722
in100.vicreg.s0.hpull_varcov.c015.ext,8,student.h.cls,l2,8,10000,384,0.7283605695827516,1.2945697418534725,1.2035246706556286,0.6051895630739103,0.5626275248330282,0.6034735162303113,,,
in100.vicreg.s0.hpull_varcov.c015.ext,8,student.h.cls.L03,raw,8,10000,384,86.45762546763004,43.60462325976535,32.797420076311596,2.6361105619425014,1.9827628128461738,6.574862183636629,26.333729968982457,6.899736339926794,0.2620113576031099
in100.vicreg.s0.hpull_varcov.c015.ext,8,student.h.cls.L03,l2,8,10000,384,0.2345889520685489,0.11831338741797473,0.08898976840940612,2.6361339765409832,1.9827760593127015,0.34248281129755176,,,
in100.vicreg.s0.hpull_varcov.c015.ext,8,student.h.cls.L06,raw,8,10000,384,126.72279778375238,108.88880257940693,93.04845285643788,1.3619011804448786,1.1637817184309658,7.959987367570139,74.12725279780906,20.01008808442288,0.2699423940477436
in100.vicreg.s0.hpull_varcov.c015.ext,8,student.h.cls.L06,l2,8,10000,384,0.35740427987256446,0.3072826858286156,0.26260715084454506,1.3609845684824333,1.1631123273632922,0.4227317588451124,,,
in100.vicreg.s0.hpull_varcov.c015.ext,8,student.h.cls.L09,raw,8,10000,384,222.26273766247587,297.6617252837518,269.8788830759423,0.8235647603444856,0.7466957246538822,10.54188639813757,206.9837010270423,65.87179930173754,0.31824631106162043
in100.vicreg.s0.hpull_varcov.c015.ext,8,student.h.cls.L09,l2,8,10000,384,0.6053364719702455,0.810296795817353,0.7346297368210724,0.8240021355379497,0.7470552457999512,0.550152920545845,,,
in100.vicreg.s0.hpull_varcov.c015.ext,8,student.h.gap,raw,8,10000,384,38.70060527131394,57.41233679037353,52.57476113145929,0.7361061550911463,0.6740816945427479,4.3988978887508825,40.30927392798178,12.83961057138125,0.31852745832934204
in100.vicreg.s0.hpull_varcov.c015.ext,8,student.h.gap,l2,8,10000,384,0.24777084999471546,0.3740958655660175,0.34312450931667804,0.7221018705080076,0.6623191347486058,0.3519736140641195,,,
in100.vicreg.s0.hpull_varcov.c015.ext,8,student.h.gap.L03,raw,8,10000,384,55.07864921793868,45.75887289057852,38.87404173833619,1.4168490528635227,1.2036714573290779,5.247792355740587,29.98989797904629,9.34173248819568,0.31149597423514663
in100.vicreg.s0.hpull_varcov.c015.ext,8,student.h.gap.L03,l2,8,10000,384,0.4049650335978633,0.3478617625135461,0.2972411333138132,1.3624124934630777,1.164155067437438,0.4499805738017272,,,
in100.vicreg.s0.hpull_varcov.c015.ext,8,student.h.gap.L06,raw,8,10000,384,50.343805788470874,58.895037579262365,52.602061855703504,0.9570690579881181,0.8548055635539236,5.01716083998066,40.12785761580957,13.063154615686544,0.3255383016146849
in100.vicreg.s0.hpull_varcov.c015.ext,8,student.h.gap.L06,l2,8,10000,384,0.47850117926839747,0.5708802943568766,0.511067646948327,0.936277579153387,0.8381812859864982,0.48913248679084764,,,
in100.vicreg.s0.hpull_varcov.c015.ext,8,student.h.gap.L09,raw,8,10000,384,47.78057461559582,68.02526194335013,62.052690116400655,0.7700000519875497,0.7023945700552594,4.8877691545118935,46.89378100469579,15.839161731138375,0.33776678680595823
in100.vicreg.s0.hpull_varcov.c015.ext,8,student.h.gap.L09,l2,8,10000,384,0.45028284890381,0.6476502294746774,0.5913648733617012,0.7614298197052363,0.6952562176485968,0.4744907000689318,,,
in100.vicreg.s0.hpull_varcov.c015.ext,8,student.z.proj.out,raw,8,10000,2048,580.5549558187921,1786.841684351803,1714.272314874454,0.3386597046346802,0.32490564827481905,17.03753144998993,1385.0666033883836,347.07412832958823,0.2505829881974751
in100.vicreg.s0.hpull_varcov.c015.ext,8,student.z.proj.out,l2,8,10000,2048,0.5952276890725129,1.4553889265141031,1.380985465380039,0.4310166210972465,0.4089818729747941,0.5455399568649912,,,
in100.vicreg.s0.hpull_varcov.c015.ext,8,student.z.proj.tap1,raw,8,10000,2048,9.601645660017322,26.775082911921604,25.57487720441944,0.37543271794705313,0.35860376946740247,2.1910780063723565,17.49360750490584,8.349020528632819,0.47726122392373627
in100.vicreg.s0.hpull_varcov.c015.ext,8,student.z.proj.tap1,l2,8,10000,2048,0.5245630855426189,1.3092199976342247,1.2436496119413973,0.4217933093902152,0.4006684029349615,0.5121343014984541,,,
in100.vicreg.s0.hpull_varcov.c015.ext,8,student.z.proj.tap2,raw,8,10000,2048,16.700699584600383,54.920606568061466,52.83301911998642,0.31610344937267854,0.30408803959409486,2.889697180034647,38.867132771525135,14.515092414141881,0.37345415982873675
in100.vicreg.s0.hpull_varcov.c015.ext,8,student.z.proj.tap2,l2,8,10000,2048,0.49727871753894676,1.4303992915682908,1.3682394518759224,0.36344421793798853,0.3476502823164363,0.49863750236968074,,,
in100.dino.s0.e17c.ext,8,student.h.cls,raw,8,10000,384,44.99046376461683,82.4949229358977,76.8711149653206,0.5852713829494172,0.5453725170405511,4.742913859887023,56.5503012795425,21.145762915137077,0.37392838652809646
in100.dino.s0.e17c.ext,8,student.h.cls,l2,8,10000,384,0.6372000355081668,1.1599882812999058,1.080338276861385,0.5898152913357564,0.5493159248075402,0.5644466473937846,,,
in100.dino.s0.e17c.ext,8,student.h.cls.L03,raw,8,10000,384,19.49651387340157,10.251183513831327,7.814119279656131,2.495036635051153,1.9018793144319441,3.1222198732153355,6.092497177671204,1.8241339371232423,0.2994066117598924
in100.dino.s0.e17c.ext,8,student.h.cls.L03,l2,8,10000,384,0.301940286155408,0.1582985453956738,0.12055600962624781,2.504564368806619,1.9074103643889821,0.38854876537920435,,,
in100.dino.s0.e17c.ext,8,student.h.cls.L06,raw,8,10000,384,33.20494733285936,36.07981097334368,31.92919255673626,1.039955748140394,0.9203193264341569,4.07461331495759,24.518475419378483,7.771515247091225,0.31696568053937446
in100.dino.s0.e17c.ext,8,student.h.cls.L06,l2,8,10000,384,0.5261688457098795,0.5701161836840942,0.5043450779703593,1.0432714994014531,0.9229151193529944,0.512917559511214,,,
in100.dino.s0.e17c.ext,8,student.h.cls.L09,raw,8,10000,384,43.20753557623561,64.59255725075862,59.191615303729165,0.7299604066306578,0.668924368615676,4.647985347235704,44.55949075426745,15.278050121969304,0.3428685979878738
in100.dino.s0.e17c.ext,8,student.h.cls.L09,l2,8,10000,384,0.6471650147833335,0.962044670467507,0.8811490436195902,0.7344557875531528,0.6726974688907562,0.5688431307413906,,,
in100.dino.s0.e17c.ext,8,student.h.gap,raw,8,10000,384,8.137687456120629,12.228650400063366,11.211439468048287,0.7258378800788599,0.6654607981988316,2.0171375084659733,8.452068280166017,2.881657691882905,0.3409411278237216
in100.dino.s0.e17c.ext,8,student.h.gap,l2,8,10000,384,0.476398390647149,0.7204198915234895,0.6608700926925959,0.720865410486575,0.6612787851258489,0.4880565493091702,,,
in100.dino.s0.e17c.ext,8,student.h.gap.L03,raw,8,10000,384,9.190993801132562,7.445341082784922,6.296466857643352,1.4597065320808464,1.234462424076706,2.1437110114393407,4.79477869338593,1.5761415750852705,0.32872040106031386
in100.dino.s0.e17c.ext,8,student.h.gap.L03,l2,8,10000,384,0.4838394734176114,0.389708870124269,0.3292289359470676,1.4696140605800263,1.2415408283196796,0.4918533691140132,,,
in100.dino.s0.e17c.ext,8,student.h.gap.L06,raw,8,10000,384,9.404223557297959,11.344162634447414,10.16863468978517,0.9248265715302867,0.8289923073512114,2.1684353295980445,7.813028060191633,2.4690482559380067,0.316016816644768
in100.dino.s0.e17c.ext,8,student.h.gap.L06,l2,8,10000,384,0.5292941944001769,0.6432912864884175,0.5771295121883954,0.9171151071328278,0.8227908655338313,0.5144386233556812,,,
in100.dino.s0.e17c.ext,8,student.h.gap.L09,raw,8,10000,384,9.070321535064014,12.573366035809292,11.43957584392629,0.7928896716812972,0.721391671031567,2.129591690332212,8.67129350333398,2.8940160009504012,0.3337467472226256
in100.dino.s0.e17c.ext,8,student.h.gap.L09,l2,8,10000,384,0.5637220065388433,0.7889330684701654,0.71846781765281,0.78461692046345,0.7145371756719071,0.530905832770202,,,
in100.dino.s0.e17c.ext,8,student.z.dino.bottleneck,raw,8,10000,256,216.20513209601987,740.8757797035648,713.8501381915623,0.3028718781840468,0.2918237281053062,10.397238385648851,416.95467626121695,304.3042197273808,0.7298256550473078
in100.dino.s0.e17c.ext,8,student.z.dino.bottleneck,l2,8,10000,256,0.4393305594229112,1.4284200788845218,1.3735037589566579,0.3198611991834925,0.3075639763941096,0.46868462713370024,,,
in100.dino.s0.e17c.ext,8,student.z.dino.tap1,raw,8,10000,2048,197.6396222626161,330.7591987112335,306.0542459284065,0.6457666406916922,0.5975332599446876,9.940815415815145,227.87690056407212,81.48493735144675,0.35758313874615666
in100.dino.s0.e17c.ext,8,student.z.dino.tap1,l2,8,10000,2048,0.5991099305019054,0.9612332586008768,0.8863445172881387,0.6759334759975086,0.6232721611962739,0.5473161474421824,,,
in100.dino.s0.e17c.ext,8,student.z.dino.tap2,raw,8,10000,2048,91.63635746048752,162.29259732889076,150.83805264632983,0.6075148535320023,0.5646367053623753,6.768912669716146,104.39336807055346,48.06761054906523,0.4604469751045785
in100.dino.s0.e17c.ext,8,student.z.dino.tap2,l2,8,10000,2048,0.7490463504268182,1.2636784315261542,1.170047637722802,0.6401844901671226,0.5927507597974819,0.6119829860489662,,,
in100.dino.s0.e17c.ext,8,teacher.h.cls,raw,8,10000,384,43.87402828931348,80.5689997921241,75.08474625595991,0.5843267837617676,0.5445522273146342,4.683696632432201,55.085866292236666,20.804569961644507,0.37767527974006876
in100.dino.s0.e17c.ext,8,teacher.h.cls,l2,8,10000,384,0.6342009482140495,1.1559719941127033,1.0766968755859472,0.5890246016260725,0.5486300286200679,0.5631167499791004,,,
in100.dino.s0.e17c.ext,8,teacher.h.cls.L03,raw,8,10000,384,19.18670657351597,10.074947934989252,7.676609613299756,2.499372449560927,1.904397590669677,3.0973138825049658,5.987212046775261,1.7901470458743858,0.29899509686458603
in100.dino.s0.e17c.ext,8,teacher.h.cls.L03,l2,8,10000,384,0.3027795048386189,0.15849393626248204,0.12064649815765469,2.509641883206275,1.910353872069814,0.38908836068341784,,,
in100.dino.s0.e17c.ext,8,teacher.h.cls.L06,raw,8,10000,384,32.22293290307042,34.84381123854185,30.81594462565805,1.0456578013266833,0.9247820992506011,4.013909123477412,23.61982539833961,7.5445573397038554,0.3194163044166368
in100.dino.s0.e17c.ext,8,teacher.h.cls.L06,l2,8,10000,384,0.5226912422242519,0.5636265316013985,0.49829012632336706,1.0489696957893355,0.9273716067608818,0.5112197385783592,,,
in100.dino.s0.e17c.ext,8,teacher.h.cls.L09,raw,8,10000,384,42.01949648555138,62.64556821594282,57.3931311552489,0.7321345889264743,0.6707497063592399,4.583639192036792,43.114090636854804,14.905496200553522,0.34572215209409984
in100.dino.s0.e17c.ext,8,teacher.h.cls.L09,l2,8,10000,384,0.6432512702847687,0.9537382518710171,0.873331843085421,0.7365485128908233,0.674452627880717,0.5671204767440374,,,
in100.dino.s0.e17c.ext,8,teacher.h.gap,raw,8,10000,384,7.92266769611632,12.078338719374692,11.088005257360152,0.7145259685782797,0.655940181856937,1.990309987931066,8.334496848126522,2.8742917964273755,0.3448668646474413
in100.dino.s0.e17c.ext,8,teacher.h.gap,l2,8,10000,384,0.4867131163931619,0.7453074475418277,0.6844683079926824,0.7110820336160331,0.6530367004897625,0.4933118265322462,,,
in100.dino.s0.e17c.ext,8,teacher.h.gap.L03,raw,8,10000,384,8.880008507708935,7.339645046337965,6.229643982874348,1.425443979161665,1.2098689312148025,2.107131759965301,4.7303861245021075,1.5726543088356204,0.3324579151561647
in100.dino.s0.e17c.ext,8,teacher.h.gap.L03,l2,8,10000,384,0.4844041523100885,0.39786148846724595,0.3373109694284849,1.4360758949844636,1.2175195799328218,0.49214030129125197,,,
in100.dino.s0.e17c.ext,8,teacher.h.gap.L06,raw,8,10000,384,9.176328144098603,11.182189492095521,10.035148474083195,0.914418771959121,0.8206199823912103,2.1420000168182307,7.694566342824679,2.4524040261794706,0.31871893969260284
in100.dino.s0.e17c.ext,8,teacher.h.gap.L06,l2,8,10000,384,0.531456420181437,0.651724299301522,0.5852922467788424,0.9080188967243441,0.8154620301115354,0.5154883219731738,,,
in100.dino.s0.e17c.ext,8,teacher.h.gap.L09,raw,8,10000,384,8.844200362644752,12.408949836304485,11.30342479097389,0.7824354588272309,0.7127275457887295,2.102879022036783,8.55397763239539,2.873536656941545,0.33592987735424573
in100.dino.s0.e17c.ext,8,teacher.h.gap.L09,l2,8,10000,384,0.5711913790837317,0.8079195180104946,0.736520595625028,0.7755266892421465,0.7069904444074988,0.5344115357492444,,,
in100.dino.s0.e17c.ext,8,teacher.z.dino.bottleneck,raw,8,10000,256,258.77919281012606,883.7365326098829,851.3891335086172,0.30394937241409703,0.29282391670047847,11.374954786945882,493.6404684626433,366.58603037207274,0.7426174590461367
in100.dino.s0.e17c.ext,8,teacher.z.dino.bottleneck,l2,8,10000,256,0.43868402871028145,1.4295467461982774,1.3747112426094923,0.3191099447747052,0.30686931356173797,0.4683396356866892,,,
in100.dino.s0.e17c.ext,8,teacher.z.dino.tap1,raw,8,10000,2048,197.1311852004788,327.1066176810467,302.4652195309869,0.6517482754088463,0.6026511679830836,9.928020578153502,225.00519955665783,80.73108615113946,0.35879653585876725
in100.dino.s0.e17c.ext,8,teacher.z.dino.tap1,l2,8,10000,2048,0.599780955929542,0.953083052106015,0.8781104326148222,0.683035907162069,0.6293060763216951,0.5476225688964718,,,
in100.dino.s0.e17c.ext,8,teacher.z.dino.tap2,raw,8,10000,2048,98.75164526412128,173.8528596095334,161.50890395151825,0.6114315858013906,0.5680185271954314,7.026793196904306,111.63860400658437,51.60882854102919,0.4622847893904633
in100.dino.s0.e17c.ext,8,teacher.z.dino.tap2,l2,8,10000,2048,0.7605063472407328,1.2619209792622563,1.1668576858571647,0.6517558708816069,0.602657662197945,0.6166467170271536,,,
in100.dino.s0.e20f.ext,8,student.h.cls,raw,8,10000,384,433.4903020732363,267.97144827561334,213.7851605164588,2.0276912626957704,1.617673468060612,14.722267183984203,181.72826483068522,34.73661016852968,0.19114588586917672
in100.dino.s0.e20f.ext,8,student.h.cls,l2,8,10000,384,1.3154080425656336,0.811990306313479,0.6475643009927748,2.0313164894188787,1.6199799829356631,0.8109895321659933,,,
in100.dino.s0.e20f.ext,8,student.h.gap,raw,8,10000,384,35.560512541732564,52.01865337193962,47.57358930422305,0.7474843303146753,0.6836107864513644,4.216664116439236,37.1279258973629,10.965849940579542,0.29535315198844486
in100.dino.s0.e20f.ext,8,student.h.gap,l2,8,10000,384,0.4803922203131697,0.7123636177554454,0.6523145902162992,0.7364425501411486,0.6743637776263981,0.4900980617759928,,,
in100.dino.s0.e20f.ext,8,student.z.dino.bottleneck,raw,8,10000,256,538.9754885493351,1783.8987815854464,1716.5268455167795,0.31399187840087084,0.3021334473194262,16.416081879506677,1016.0017855854528,718.3640477471815,0.707049985481312
in100.dino.s0.e20f.ext,8,student.z.dino.bottleneck,l2,8,10000,256,0.41196929294404944,1.4431484883624641,1.391652326744458,0.29602888956308787,0.28546563036732947,0.4538553144692973,,,
in100.dino.s0.e20f.ext,8,student.z.dino.tap1,raw,8,10000,2048,555.6718260496525,586.480656921999,517.0216786657924,1.0747553709616187,0.9474682915647396,16.66841063283558,406.1244522215118,116.7620330135005,0.2875030852607101
in100.dino.s0.e20f.ext,8,student.z.dino.tap1,l2,8,10000,2048,0.9944630137866951,1.0248512447120282,0.9005433679886913,1.1042921963966794,0.9703486422228312,0.7051464435798762,,,
in100.dino.s0.e20f.ext,8,student.z.dino.tap2,raw,8,10000,2048,175.48811080141135,316.7692166112249,294.8332027610485,0.595211493000122,0.5539935751294617,9.367179692986875,200.14664458376552,97.85425034339512,0.48891276966894687
in100.dino.s0.e20f.ext,8,student.z.dino.tap2,l2,8,10000,2048,0.78803105377833,1.2683452246913605,1.1698413429690693,0.6736221612567557,0.621306438056003,0.6277065611327995,,,
in100.dino.s0.e20f.ext,8,teacher.h.cls,raw,8,10000,384,427.57577848079717,269.78717684288733,216.34020453278768,1.9764046142241465,1.5848632373279894,14.621487244476828,183.20267600699728,35.835400294219234,0.19560522299821936
in100.dino.s0.e20f.ext,8,teacher.h.cls,l2,8,10000,384,1.3041313120001234,0.8215321913888333,0.6585157773888178,1.980410123461787,1.5874378699578855,0.8075058241276416,,,
in100.dino.s0.e20f.ext,8,teacher.h.gap,raw,8,10000,384,35.63415772440002,52.572033499802714,48.11776378425271,0.7405613836123834,0.677815852881813,4.221028175954291,37.47435337067787,11.169130748572874,0.29804732420846136
in100.dino.s0.e20f.ext,8,teacher.h.gap,l2,8,10000,384,0.4924629263160805,0.7349861725133373,0.6734283067238273,0.7312774372551575,0.6700301920403056,0.4962171532283424,,,
in100.dino.s0.e20f.ext,8,teacher.z.dino.bottleneck,raw,8,10000,256,675.7861595667943,2299.5908511010484,2215.1175811551993,0.3050791367988543,0.2938723465712288,18.38186823430625,1300.0516273145217,938.0618623516879,0.7215573925240296
in100.dino.s0.e20f.ext,8,teacher.z.dino.bottleneck,l2,8,10000,256,0.40692442133010287,1.4478062403942076,1.3969406877279447,0.29129684954050944,0.28106276238960387,0.4510678559430404,,,
in100.dino.s0.e20f.ext,8,teacher.z.dino.tap1,raw,8,10000,2048,575.2588965542635,618.3762576707513,546.4688956014684,1.0526836956037682,0.9302732590690032,16.959641749669473,428.17440921279933,124.4782489653767,0.2907185630132136
in100.dino.s0.e20f.ext,8,teacher.z.dino.tap1,l2,8,10000,2048,0.9846631940820815,1.0313555467518065,0.9082726474915463,1.0841053034036745,0.9547272007051498,0.7016634499822837,,,
in100.dino.s0.e20f.ext,8,teacher.z.dino.tap2,raw,8,10000,2048,203.49373305295995,378.859802707439,353.42308607581896,0.5757794017148754,0.537121467093464,10.086965179204297,239.01002209497855,118.20166200791479,0.49454688540610003
in100.dino.s0.e20f.ext,8,teacher.z.dino.tap2,l2,8,10000,2048,0.7786314262221277,1.2756956027889048,1.178366674511139,0.6607717640565092,0.6103583209974984,0.6239516913279937,,,
in100.dino.s0.hpull_protoce.ext,8,student.h.cls,raw,8,10000,384,25.097124352435312,96.5988374507554,93.46169690670098,0.26852844730059583,0.2598077266222737,3.542394977443602,52.56808130941035,41.859603971798194,0.7962931674339956
in100.dino.s0.hpull_protoce.ext,8,student.h.cls,l2,8,10000,384,0.414314793161416,1.5135281469570487,1.4617387978118717,0.28343969099104327,0.2737410559522112,0.45514546749441326,,,
in100.dino.s0.hpull_protoce.ext,8,student.h.cls.L03,raw,8,10000,384,8.384325024265303,4.583030638899159,3.5349900108659966,2.3718101037041754,1.8294280978839828,2.047477109061943,2.7281371509394106,0.8526831663155786,0.3125514294697261
in100.dino.s0.hpull_protoce.ext,8,student.h.cls.L03,l2,8,10000,384,0.23881127698413612,0.13046220915172774,0.10061079952871071,2.3736147421827014,1.830501557017161,0.3455512096521557,,,
in100.dino.s0.hpull_protoce.ext,8,student.h.cls.L06,raw,8,10000,384,21.847205346201207,27.035055810025533,24.304155141750382,0.8989082409481268,0.8081065376643132,3.305087392657054,18.829372035228783,5.745133664621857,0.30511552131813047
in100.dino.s0.hpull_protoce.ext,8,student.h.cls.L06,l2,8,10000,384,0.5391951867237424,0.6634546171011124,0.5960552187606446,0.904606099825568,0.8127084699171934,0.5192278819187883,,,
in100.dino.s0.hpull_protoce.ext,8,student.h.cls.L09,raw,8,10000,384,34.253278552296614,59.584089802588124,55.30242998355105,0.6193810753430686,0.5748729008999441,4.1384343991597,40.42108233725473,15.4771885443222,0.38289891436324563
in100.dino.s0.hpull_protoce.ext,8,student.h.cls.L09,l2,8,10000,384,0.6542186452001033,1.1198866644183338,1.038109333768321,0.6302020643868982,0.5841829052763144,0.5719347188272903,,,
in100.dino.s0.hpull_protoce.ext,8,student.h.gap,raw,8,10000,384,4.7938941856147945,7.601229396811985,7.0019926236101355,0.684647134509994,0.6306735312613235,1.548207703380718,5.0800643683061955,1.9979405492720592,0.393290400361249
in100.dino.s0.hpull_protoce.ext,8,student.h.gap,l2,8,10000,384,0.47698235501189307,0.764041787265756,0.7044189928892693,0.6771287540892186,0.6242883085215137,0.488355585107764,,,
in100.dino.s0.hpull_protoce.ext,8,student.h.gap.L03,raw,8,10000,384,6.260025192377789,5.019754693546825,4.2372515444996015,1.4773787033021348,1.247077910087001,1.769184161185289,3.2432469337173826,1.0442021577176863,0.32196196560365836
in100.dino.s0.hpull_protoce.ext,8,student.h.gap.L03,l2,8,10000,384,0.4534726772559382,0.36310919910742073,0.30642511445042847,1.4798809101180843,1.2488603383517825,0.4761683931425616,,,
in100.dino.s0.hpull_protoce.ext,8,student.h.gap.L06,raw,8,10000,384,6.807579648287918,8.453753233303019,7.6028057772670286,0.8954035980562732,0.8052730497821837,1.8449362656048471,5.9086566397151365,1.7786866698849222,0.3010306366305751
in100.dino.s0.hpull_protoce.ext,8,student.h.gap.L06,l2,8,10000,384,0.5253507398472756,0.6561206049010105,0.5904517624201011,0.8897437069101224,0.8006923360173024,0.5125186532445798,,,
in100.dino.s0.hpull_protoce.ext,8,student.h.gap.L09,raw,8,10000,384,6.161924133500041,8.822875172959185,8.05263465627168,0.7652059725199273,0.6984031863428639,1.7552669502813583,6.101541858573822,2.0393215494274473,0.3342305267580545
in100.dino.s0.hpull_protoce.ext,8,student.h.gap.L09,l2,8,10000,384,0.5288171114453558,0.7631268749445931,0.6970247360139236,0.7586776826164062,0.6929609332442271,0.5142067246960875,,,
in100.dino.s0.hpull_protoce.ext,8,student.z.dino.bottleneck,raw,8,10000,256,828.0660976807105,3193.612201056294,3090.103938846205,0.26797354201292567,0.25928824338998513,20.347802064113836,1683.8535416094207,1438.1865192473474,0.8541042814642503
in100.dino.s0.hpull_protoce.ext,8,student.z.dino.bottleneck,l2,8,10000,256,0.3635391381995184,1.4965102075014278,1.451067815226488,0.25053214907311266,0.24292459642255498,0.42634442543530365,,,
in100.dino.s0.hpull_protoce.ext,8,student.z.dino.tap1,raw,8,10000,2048,118.20368258762399,346.2861140296067,331.51065370615373,0.3565607357294708,0.3413468741559698,7.687772193152708,205.93978951944098,129.03372532700882,0.6265604409332849
in100.dino.s0.hpull_protoce.ext,8,student.z.dino.tap1,l2,8,10000,2048,0.4582765223434414,1.2565950437511328,1.1993104784582027,0.3821166666804978,0.3646970634035085,0.4786838843868892,,,
in100.dino.s0.hpull_protoce.ext,8,student.z.dino.tap2,raw,8,10000,2048,187.98420436555656,513.9728301162244,490.4748045705298,0.3832698491620982,0.365747357351648,9.694952407452977,295.67555431226964,199.9389785594225,0.6762107169274549
in100.dino.s0.hpull_protoce.ext,8,student.z.dino.tap2,l2,8,10000,2048,0.5583471993864684,1.449725795917971,1.3799323959946626,0.4046192414984277,0.3851398664206848,0.528368810295644,,,
in100.dino.s0.hpull_protoce.ext,8,teacher.h.cls,raw,8,10000,384,25.088768065096815,95.93391918340174,92.79782317526464,0.27035944601537004,0.26152135009863764,3.541805194042779,52.264051911583934,41.49311045551471,0.7939130040225234
in100.dino.s0.hpull_protoce.ext,8,teacher.h.cls,l2,8,10000,384,0.4161013153645441,1.5117784239495848,1.4597657595290168,0.2850466334398721,0.275239617640171,0.4561257038166914,,,
in100.dino.s0.hpull_protoce.ext,8,teacher.h.cls.L03,raw,8,10000,384,8.51162752373929,4.668960260688532,3.6050068202211207,2.3610572595857704,1.8230241956448092,2.0629623752918147,2.78091064597725,0.8707857768507551,0.31312972177311693
in100.dino.s0.hpull_protoce.ext,8,teacher.h.cls.L03,l2,8,10000,384,0.24397192079511104,0.1336985366478103,0.10320204654842144,2.3640221192768855,1.8247912573477427,0.3492648857207886,,,
in100.dino.s0.hpull_protoce.ext,8,teacher.h.cls.L06,raw,8,10000,384,21.836433306657455,26.9541369680772,24.22458280474502,0.9014162795976085,0.8101329058511191,3.304272484727724,18.76656533239595,5.727558842029836,0.30520016532500954
in100.dino.s0.hpull_protoce.ext,8,teacher.h.cls.L06,l2,8,10000,384,0.5431693683814843,0.6665558279837995,0.598659656936114,0.9073091231190958,0.8148895344962551,0.5211378744542966,,,
in100.dino.s0.hpull_protoce.ext,8,teacher.h.cls.L09,raw,8,10000,384,34.104766581353125,59.46879167677638,55.20569585410723,0.6177762285884814,0.5734901554199838,4.129453146686201,40.3059737100249,15.49441006085011,0.3844196935253878
in100.dino.s0.hpull_protoce.ext,8,teacher.h.cls.L09,l2,8,10000,384,0.6545667365827665,1.123090427254725,1.0412695851818792,0.6286236973573304,0.5828263875267686,0.572086853800525,,,
in100.dino.s0.hpull_protoce.ext,8,teacher.h.gap,raw,8,10000,384,4.721955055323023,7.615083080557317,7.024838698641939,0.6721798546400624,0.6200792565716096,1.5365472747890028,5.075520419737361,2.0254691097101505,0.3990662911794493
in100.dino.s0.hpull_protoce.ext,8,teacher.h.gap,l2,8,10000,384,0.48370428889509826,0.7868650002244352,0.7264019641125479,0.6658906676911927,0.6147233499483808,0.4917846525132206,,,
in100.dino.s0.hpull_protoce.ext,8,teacher.h.gap.L03,raw,8,10000,384,6.235940987618659,5.066312601444376,4.286819977992043,1.454677597760844,1.2308638408614638,1.7657775889984926,3.275822039539786,1.0616610644667015,0.3240899693732607
in100.dino.s0.hpull_protoce.ext,8,teacher.h.gap.L03,l2,8,10000,384,0.46114435053790276,0.37396010074083014,0.3163170569235923,1.4578548340796371,1.2331378391019712,0.4801793157445991,,,
in100.dino.s0.hpull_protoce.ext,8,teacher.h.gap.L06,raw,8,10000,384,6.770733488243992,8.470039605351909,7.62369791932141,0.8881167066030154,0.7993744780090299,1.8399366141587585,5.918489976623368,1.7899083387515617,0.3024265219373988
in100.dino.s0.hpull_protoce.ext,8,teacher.h.gap.L06,l2,8,10000,384,0.5296989439944728,0.6655898925930669,0.5993775245937578,0.8837484260917002,0.7958338158213648,0.5146352805601617,,,
in100.dino.s0.hpull_protoce.ext,8,teacher.h.gap.L09,raw,8,10000,384,6.133232843076458,8.858994471560573,8.092340366176016,0.7579059413654741,0.6923170414842856,1.7511757254879445,6.122381499912538,2.0585488109790804,0.336233344983237
in100.dino.s0.hpull_protoce.ext,8,teacher.h.gap.L09,l2,8,10000,384,0.5379915151737674,0.7824000274035169,0.7151510880067959,0.7522767205363673,0.6876169431628897,0.5186480093347353,,,
in100.dino.s0.hpull_protoce.ext,8,teacher.z.dino.bottleneck,raw,8,10000,256,932.2217182467922,3611.1765539930366,3494.6488392121873,0.2667569078147911,0.2581490282484233,21.589600717090534,1896.6914198169638,1634.0691849351533,0.8615366568657993
in100.dino.s0.hpull_protoce.ext,8,teacher.z.dino.bottleneck,l2,8,10000,256,0.36397725174037626,1.4951975762499319,1.4497004197823848,0.2510706672727687,0.24343087329853666,0.4266012492599947,,,
in100.dino.s0.hpull_protoce.ext,8,teacher.z.dino.tap1,raw,8,10000,2048,121.70444599379086,353.5065441255782,338.29348837635433,0.35975994269920336,0.34427777368261975,7.800783486092627,210.52297359502305,131.30558022258708,0.6237114077401159
in100.dino.s0.hpull_protoce.ext,8,teacher.z.dino.tap1,l2,8,10000,2048,0.4642944959019843,1.2613560428042352,1.203319230816487,0.38584482322861824,0.3680915460394268,0.48181661236511153,,,
in100.dino.s0.hpull_protoce.ext,8,teacher.z.dino.tap2,raw,8,10000,2048,202.96607861699198,554.0585474003366,528.6877875732126,0.38390536605479136,0.36632604905982663,10.073879059652047,318.544966828605,215.68340621861094,0.6770893552829564
in100.dino.s0.hpull_protoce.ext,8,teacher.z.dino.tap2,l2,8,10000,2048,0.562349517693746,1.4485172464218041,1.3782235567100858,0.408024891865956,0.3882242473003952,0.5302591431053999,,,
in100.simclr.s0.e20f.extL,8,student.h.cls,raw,8,10000,384,244.74610775460383,415.75077390010034,385.1575104307749,0.6354442043227209,0.5886846714888214,11.062235482817291,307.5204713745445,81.79454679523141,0.26598081886916
in100.simclr.s0.e20f.extL,8,student.h.cls,l2,8,10000,384,0.7453488045274541,1.2498911970701863,1.1567225965042545,0.6443626214098194,0.596330949665533,0.610470639968645,,,
in100.simclr.s0.e20f.extL,8,student.h.cls.L03,raw,8,10000,384,42.63229620733232,28.98060115895285,23.65156413303631,1.8025148767131167,1.4710632113358388,4.616941423027388,19.39044042895948,4.550929715666354,0.23469965689224748
in100.simclr.s0.e20f.extL,8,student.h.cls.L03,l2,8,10000,384,0.2473687365903084,0.16795346651508128,0.13703237444129274,1.8051846331852466,1.4728409107774865,0.3516878847716455,,,
in100.simclr.s0.e20f.extL,8,student.h.cls.L06,raw,8,10000,384,67.94601051543837,72.88313719016006,64.38988587573026,1.0552280003504166,0.9322596849551059,5.828636655146655,51.62881328181879,13.489903965813058,0.26128634590490496
in100.simclr.s0.e20f.extL,8,student.h.cls.L06,l2,8,10000,384,0.3979075064344692,0.4260850698105759,0.3763466315062673,1.0572899373163192,0.9338686910840749,0.44604232222652884,,,
in100.simclr.s0.e20f.extL,8,student.h.cls.L09,raw,8,10000,384,140.19839835473638,204.5941719409052,187.06937214656315,0.7494460303469411,0.6852511829869287,8.3725264512791,151.6592664378194,37.45604742815278,0.24697500065721226
in100.simclr.s0.e20f.extL,8,student.h.cls.L09,l2,8,10000,384,0.6050108410147251,0.8757139959151725,0.8000876407883318,0.7561807109263727,0.6908772085827557,0.5500049277118911,,,
in100.simclr.s0.e20f.extL,8,student.h.gap,raw,8,10000,384,31.916947787560595,56.13814059834269,52.14852212489761,0.6120393538884639,0.5685430163410657,3.994805864341883,40.24015789150388,12.469745639377168,0.30988311907220356
in100.simclr.s0.e20f.extL,8,student.h.gap,l2,8,10000,384,0.3927367772796341,0.6884998762072617,0.6394077790473075,0.6142195796629132,0.5704238894611029,0.44313472967012757,,,
in100.simclr.s0.e20f.extL,8,student.h.gap.L03,raw,8,10000,384,29.016981354799537,28.47003303251672,24.84291036316678,1.1680185988925607,1.0192113694303806,3.809001270333179,19.78279844994849,5.3448122435434575,0.27017473069172243
in100.simclr.s0.e20f.extL,8,student.h.gap.L03,l2,8,10000,384,0.378572478850641,0.36306278538091646,0.31574122552458633,1.1989960393092922,1.0427190395001573,0.43507038444982726,,,
in100.simclr.s0.e20f.extL,8,student.h.gap.L06,raw,8,10000,384,28.749290749204476,38.89048692614577,35.29682558249521,0.8145007454568985,0.7392370993914338,3.7913909551248124,27.089592817829203,8.596137633927455,0.3173225117016099
in100.simclr.s0.e20f.extL,8,student.h.gap.L06,l2,8,10000,384,0.3950194080666526,0.5310443040499209,0.4816668780415893,0.8201091378189903,0.743853959178364,0.44442063862215747,,,
in100.simclr.s0.e20f.extL,8,student.h.gap.L09,raw,8,10000,384,32.10131434137772,55.45461234479014,51.44194805211793,0.6240299124919332,0.578875462004624,4.006327142244984,38.65568360898797,13.340810566577863,0.3451189921131273
in100.simclr.s0.e20f.extL,8,student.h.gap.L09,l2,8,10000,384,0.4097546098752522,0.7021924894891285,0.650973163254722,0.6294493122060051,0.5835360189815817,0.45263374259728595,,,
in100.simclr.s0.e20f.extL,8,student.z.proj.out,raw,8,10000,512,11675.007118382824,51805.47323985759,50346.09735005973,0.2318949776227089,0.2253624257870966,76.40355724173719,34534.20259948589,16329.949482972404,0.47286308221332746
in100.simclr.s0.e20f.extL,8,student.z.proj.out,l2,8,10000,512,0.40560995100700314,1.6443136745927074,1.593612430716832,0.25452233127006507,0.24667431602274534,0.4503387341807293,,,
in100.simclr.s0.e20f.extL,8,student.z.proj.tap1,raw,8,10000,4096,488.2837410652324,1237.742864219618,1176.707396586464,0.4149576542832188,0.39449529880593526,15.625039856992883,863.6186331175816,325.46619211107856,0.3768633278976119
in100.simclr.s0.e20f.extL,8,student.z.proj.tap1,l2,8,10000,4096,0.59914334876849,1.3797992047396437,1.3049062861435825,0.4591466491736745,0.4342250283305122,0.5473314118376954,,,
in100.byol.s0.e20f.extL,8,student.h.cls,raw,8,10000,384,278.2971934987094,404.5945129173824,369.80736373004373,0.7525463816936432,0.6878422336773936,11.796126345091201,276.0359215666383,97.81738729257928,0.3543647027438239
in100.byol.s0.e20f.extL,8,student.h.cls,l2,8,10000,384,0.8637035831197574,1.2323124589636603,1.1243495110736905,0.7681806899128448,0.700880346406712,0.6571543133540848,,,
in100.byol.s0.e20f.extL,8,student.h.cls.L03,raw,8,10000,384,53.80790136797894,23.472753784951106,16.74676611395374,3.213032355133038,2.29235571850442,5.186901838669156,13.500190021329102,3.481303630474153,0.25787071329914635
in100.byol.s0.e20f.extL,8,student.h.cls.L03,l2,8,10000,384,0.26842656128657927,0.11777095513795807,0.08421763497713566,3.187296358529359,2.279225476027954,0.36635130768606466,,,
in100.byol.s0.e20f.extL,8,student.h.cls.L06,raw,8,10000,384,86.54331024153062,64.46521891451337,53.647305134322046,1.6131902623038306,1.342480669402438,6.5781194212909595,43.31736324521289,10.97459407825429,0.2533532342707198
in100.byol.s0.e20f.extL,8,student.h.cls.L06,l2,8,10000,384,0.46120027031568156,0.3460040805769244,0.2883540467874642,1.5994236094616572,1.332933038092152,0.4802084288700489,,,
in100.byol.s0.e20f.extL,8,student.h.cls.L09,raw,8,10000,384,172.141150557193,198.85403983898024,177.33639601933112,0.9707040089978382,0.8656658456452898,9.27742287915111,139.07237577335994,40.25256064436101,0.28943606104751396
in100.byol.s0.e20f.extL,8,student.h.cls.L09,l2,8,10000,384,0.7266378076747265,0.8370449399860875,0.7462152140267467,0.9737643966726756,0.868098919141431,0.6027594079210736,,,
in100.byol.s0.e20f.extL,8,student.h.gap,raw,8,10000,384,37.53532840337708,52.51422874826541,47.82231269784327,0.7848915346385972,0.7147649179674357,4.332166225075919,37.76558928503632,10.58186570028962,0.28019861203337354
in100.byol.s0.e20f.extL,8,student.h.gap,l2,8,10000,384,0.4116835924900556,0.5797558825773479,0.528295433516091,0.7792677474989312,0.71009817211321,0.45369791298288753,,,
in100.byol.s0.e20f.extL,8,student.h.gap.L03,raw,8,10000,384,41.799987467582284,32.27750023691969,27.052501803471905,1.5451431357900396,1.2950193528236913,4.571651094931802,21.107596116469907,6.2676806893712,0.29693957828199263
in100.byol.s0.e20f.extL,8,student.h.gap.L03,l2,8,10000,384,0.29799908778598166,0.24569042399209234,0.20844053801884463,1.4296599433985353,1.212904772371482,0.3860045905076659,,,
in100.byol.s0.e20f.extL,8,student.h.gap.L06,raw,8,10000,384,38.699052160390686,44.58980891793239,39.75242739788355,0.9735016121921413,0.8678900650060275,4.3988096208173575,30.54518044375517,9.653145043307712,0.3160284176773051
in100.byol.s0.e20f.extL,8,student.h.gap.L06,l2,8,10000,384,0.33819398305125065,0.40331463663181805,0.3610403887504117,0.9367206373274907,0.8385363493762429,0.4112140458758982,,,
in100.byol.s0.e20f.extL,8,student.h.gap.L09,raw,8,10000,384,41.90365482193976,58.01038695560842,52.77243010286595,0.7940444421501839,0.7223474453636365,4.577316616858602,40.47421848884915,12.878315483572889,0.3181856491465284
in100.byol.s0.e20f.extL,8,student.h.gap.L09,l2,8,10000,384,0.40780413672196064,0.5696302869064527,0.5186547698162076,0.7862727973493266,0.715910207191866,0.45155516646471927,,,
in100.byol.s0.e20f.extL,8,student.z.pred.out,raw,8,10000,256,11224.21244431792,63933.95718307278,62530.93062753304,0.17949856705596157,0.17555948261074716,74.913992165409,33176.314455623564,29993.955743740196,0.9040773888208689
in100.byol.s0.e20f.extL,8,student.z.pred.out,l2,8,10000,256,0.2607975897758076,1.381725215434591,1.349125516712615,0.19330861846812253,0.1887477964956871,0.3611077330768531,,,
in100.byol.s0.e20f.extL,8,student.z.pred.tap1,raw,8,10000,8192,120.971151758876,500.6740170560443,485.5526230861848,0.24914117648048176,0.24161659610415687,7.77724732019228,274.237417086775,216.3219461699702,0.7888126590016744
in100.byol.s0.e20f.extL,8,student.z.pred.tap1,l2,8,10000,8192,0.27684920989492284,1.0269326848804263,0.9923265336435609,0.2789900305078064,0.26958846862212643,0.37205457253938085,,,
in100.byol.s0.e20f.extL,8,student.z.proj.out,raw,8,10000,256,1194.9598931836738,5896.553188989918,5747.183202341959,0.20792096773541713,0.2026539666283195,24.443402925776045,3216.0313869371867,2590.1173472946707,0.8053768871209276
in100.byol.s0.e20f.extL,8,student.z.proj.out,l2,8,10000,256,0.32319594336551427,1.4065541478916783,1.366154654970989,0.2365734671323705,0.22977852921621347,0.4019925020230566,,,
in100.byol.s0.e20f.extL,8,student.z.proj.tap1,raw,8,10000,4096,59.3162308668163,139.7958994978515,132.38137063949947,0.4480708318721527,0.42430594230503815,5.445926499082424,84.54932887061062,49.230000763867345,0.5822636491793575
in100.byol.s0.e20f.extL,8,student.z.proj.tap1,l2,8,10000,4096,0.5236137629089923,1.0644252289725646,0.9989735086089406,0.5241518002195259,0.4919216011202684,0.5116706767584949,,,
in100.byol.s0.e20f.extL,8,teacher.h.cls,raw,8,10000,384,275.62829401327957,403.38874268494123,368.9352059332813,0.7470913308911066,0.6832820672652077,11.739427030593946,273.7806171844226,99.18847617570808,0.36229181304275193
in100.byol.s0.e20f.extL,8,teacher.h.cls,l2,8,10000,384,0.8619884799827174,1.2353864417069622,1.1276378817091226,0.7644195835956049,0.6977480494214328,0.656501515604769,,,
in100.byol.s0.e20f.extL,8,teacher.h.cls.L03,raw,8,10000,384,55.556368663639994,24.095820065570436,17.151273982615436,3.2391977832056114,2.3056434067177607,5.270501335909137,13.849942710338418,3.5422894729327266,0.2557620307186218
in100.byol.s0.e20f.extL,8,teacher.h.cls.L03,l2,8,10000,384,0.2786642851827775,0.12157624927976556,0.08674321363191836,3.212519729384791,2.2920947704310928,0.3732722097764429,,,
in100.byol.s0.e20f.extL,8,teacher.h.cls.L06,raw,8,10000,384,88.5877704486297,65.48519738961731,54.411726083538596,1.6281007206538614,1.3527907676838629,6.655365145828954,43.92898069143703,11.137597365997745,0.253536439741903
in100.byol.s0.e20f.extL,8,teacher.h.cls.L06,l2,8,10000,384,0.4758067086307136,0.35434095271196603,0.2948651141331268,1.6136419190501274,1.3427934450960393,0.4877533744786978,,,
in100.byol.s0.e20f.extL,8,teacher.h.cls.L09,raw,8,10000,384,170.25744747842913,195.60031315614398,174.31813222134033,0.9767053220960676,0.8704354544796453,9.226522841201584,136.41776040341426,39.85637494948754,0.29216412021150595
in100.byol.s0.e20f.extL,8,teacher.h.cls.L09,l2,8,10000,384,0.7311143436587324,0.837006734501931,0.7456174415445894,0.9805488752304224,0.8734868114218808,0.6046132415266525,,,
in100.byol.s0.e20f.extL,8,teacher.h.gap,raw,8,10000,384,37.31107522292327,52.869407885520324,48.20552348265492,0.7740000009822187,0.7057214505544309,4.319205669039348,37.98104430583121,10.753173255678913,0.2831194732059535
in100.byol.s0.e20f.extL,8,teacher.h.gap,l2,8,10000,384,0.40458594698659484,0.5768453730375314,0.526272129664207,0.7687770721294794,0.7013767742577892,0.4497699117252036,,,
in100.byol.s0.e20f.extL,8,teacher.h.gap.L03,raw,8,10000,384,40.627463058041464,32.0271895867949,26.948756704539715,1.5075820938038849,1.268530382534487,4.507075718137064,20.95874289104342,6.310285709364233,0.30108130731738164
in100.byol.s0.e20f.extL,8,teacher.h.gap.L03,l2,8,10000,384,0.28753195246940894,0.24231263508110676,0.20637114102243065,1.3932759737862614,1.1866155983701236,0.3791648404516227,,,
in100.byol.s0.e20f.extL,8,teacher.h.gap.L06,raw,8,10000,384,38.21137354051179,44.74562003635026,39.96919834378629,0.9560205138928493,0.8539690255598155,4.371005235670153,30.65270435378384,9.763950190365964,0.31853470668276224
in100.byol.s0.e20f.extL,8,teacher.h.gap.L06,l2,8,10000,384,0.3288043025477904,0.3988939537375206,0.35779341591904684,0.9189780692392188,0.8242900135913054,0.40546535150847995,,,
in100.byol.s0.e20f.extL,8,teacher.h.gap.L09,raw,8,10000,384,41.576403608844274,58.16131228317615,52.96426183207062,0.7849897680188033,0.7148463811548272,4.559408054169109,40.5501192547691,12.995755700133277,0.3204862510633639
in100.byol.s0.e20f.extL,8,teacher.h.gap.L09,l2,8,10000,384,0.40188762330898203,0.5674015929297548,0.5171656400161321,0.7770965280996739,0.7082948449859857,0.44826756703389886,,,
in100.byol.s0.e20f.extL,8,teacher.z.proj.out,raw,8,10000,256,1486.9561845818116,7220.8639763052815,7034.994453232555,0.21136565131171645,0.20592496818402142,27.26679468311055,3957.752791253145,3149.450301742462,0.7957673123755793
in100.byol.s0.e20f.extL,8,teacher.z.proj.out,l2,8,10000,256,0.3305106460674802,1.4149362669607233,1.3736224362022882,0.24061244003938734,0.23358694931003188,0.4065160796742733,,,
in100.byol.s0.e20f.extL,8,teacher.z.proj.tap1,raw,8,10000,4096,67.46998111122409,159.20475732516638,150.77100968626337,0.44749969673627,0.42379374991552926,5.808183068362433,96.24113197581413,56.12192528370094,0.5831386656778378
in100.byol.s0.e20f.extL,8,teacher.z.proj.tap1,l2,8,10000,4096,0.5194995245354269,1.0646801468844171,0.9997427063174887,0.5196332228808971,0.487939524424911,0.509656514004985,,,
in100.vicreg.s0.e20f.extL,8,student.h.cls,raw,8,10000,384,313.4323805897903,439.43798228624604,400.25893471252226,0.7830740388466447,0.7132573724262715,12.518633723170238,316.5082573715852,88.14505716379948,0.2784921249631599
in100.vicreg.s0.e20f.extL,8,student.h.cls,l2,8,10000,384,0.8747902482846175,1.226473361579055,1.117124580543478,0.7830731357276505,0.7132566231673764,0.6613585443179129,,,
in100.vicreg.s0.e20f.extL,8,student.h.cls.L03,raw,8,10000,384,98.69142863263963,53.826401386833375,41.48997280775342,2.378681448887253,1.8335134077304454,7.024650476452178,33.447651806624606,8.58058501499715,0.25653774036530985
in100.vicreg.s0.e20f.extL,8,student.h.cls.L03,l2,8,10000,384,0.3360442585370706,0.18363885909772654,0.1416333267805927,2.372635496006135,1.8299191150944742,0.409905024692959,,,
in100.vicreg.s0.e20f.extL,8,student.h.cls.L06,raw,8,10000,384,158.79219639727833,144.33029695703542,124.48127240737563,1.2756312120398101,1.1002000255327402,8.910448821391611,101.22261053298749,24.70196484395848,0.24403603813308433
in100.vicreg.s0.e20f.extL,8,student.h.cls.L06,l2,8,10000,384,0.533541818490724,0.4863159183268929,0.4196231910155524,1.2714783880258647,1.0971095092389855,0.5164987020751959,,,
in100.vicreg.s0.e20f.extL,8,student.h.cls.L09,raw,8,10000,384,255.4908633245861,317.1300518276446,285.19369391207135,0.8958503248089243,0.8056343504886176,11.302452462288574,227.83913530720233,60.52585912314542,0.26565172414974536
in100.vicreg.s0.e20f.extL,8,student.h.cls.L09,l2,8,10000,384,0.7603936630361263,0.9433523951848136,0.8483031873052979,0.8963701591780846,0.8060547330111527,0.6166010310711969,,,
in100.vicreg.s0.e20f.extL,8,student.h.gap,raw,8,10000,384,44.004315642249274,58.698227895490064,53.19768844020891,0.8271847317521617,0.749670257858504,4.690645778688116,42.373880318141396,11.410790401022425,0.2692883048555069
in100.vicreg.s0.e20f.extL,8,student.h.gap,l2,8,10000,384,0.38815950623718143,0.5281840920868115,0.4796641538071638,0.809231840979367,0.7348943522770545,0.4405448366722628,,,
in100.vicreg.s0.e20f.extL,8,student.h.gap.L03,raw,8,10000,384,50.636181504219415,45.5569140853795,39.22739139735208,1.2908373384123994,1.1114927892025503,5.031708532110113,30.14389592820069,9.539064610005186,0.3164509535438334
in100.vicreg.s0.e20f.extL,8,student.h.gap.L03,l2,8,10000,384,0.3603293129460859,0.3356080090366659,0.2905668449184051,1.2400909437801513,1.0736612453927437,0.4244580738695436,,,
in100.vicreg.s0.e20f.extL,8,student.h.gap.L06,raw,8,10000,384,48.08612505078696,58.33123844278692,52.32047281143855,0.9190690081125212,0.8243631771670906,4.903372566447861,40.285994669976986,12.617790525889436,0.31320538636949197
in100.vicreg.s0.e20f.extL,8,student.h.gap.L06,l2,8,10000,384,0.4324345859214337,0.5347465159039912,0.480692192663812,0.8996080912507582,0.8086720961433497,0.46499171278713863,,,
in100.vicreg.s0.e20f.extL,8,student.h.gap.L09,raw,8,10000,384,49.01820110994995,66.07566306035031,59.94838792160657,0.8176733822108807,0.741849553067354,4.950666677829863,46.25702744045272,14.352117111757371,0.3102689019572873
in100.vicreg.s0.e20f.extL,8,student.h.gap.L09,l2,8,10000,384,0.5352834046581135,0.7278484735896662,0.660938048007402,0.8098843851884266,0.7354324754136756,0.5173409923146017,,,
in100.vicreg.s0.e20f.extL,8,student.z.proj.out,raw,8,10000,2048,588.3327959216564,1849.2989051549973,1775.7573056647902,0.33131374092891724,0.3181382924532396,17.15127977618079,1439.049615824184,355.20067889215625,0.24683004323566904
in100.vicreg.s0.e20f.extL,8,student.z.proj.out,l2,8,10000,2048,0.5917624716141915,1.459168119794111,1.385197810842337,0.42720430755975675,0.4055478348154216,0.543949662934996,,,
in100.vicreg.s0.e20f.extL,8,student.z.proj.tap1,raw,8,10000,2048,12.237549860322673,31.135010996335055,29.60531726379472,0.41335648428562394,0.3930478733976735,2.4736157604125455,20.67369937604759,9.242967997710474,0.447088246258399
in100.vicreg.s0.e20f.extL,8,student.z.proj.tap1,l2,8,10000,2048,0.571166045311738,1.2906539949826925,1.2192582393187252,0.46845370971688793,0.4425400204331272,0.5343996843710417,,,
in100.vicreg.s0.e20f.extL,8,student.z.proj.tap2,raw,8,10000,2048,16.289991437951237,54.45067788897627,52.41442895923237,0.3107921189148411,0.29916967188482335,2.8539438885471484,38.51611526719437,14.442820470927764,0.3749812350164311
in100.vicreg.s0.e20f.extL,8,student.z.proj.tap2,l2,8,10000,2048,0.5005976628990009,1.4402346475111714,1.3776599396487963,0.363368091422196,0.3475806277567822,0.5002987422025968,,,
in100.dino.s0.e20f.extL,8,student.h.cls,raw,8,10000,384,433.4913683804956,267.969804062046,213.78338301448406,2.0277131097281123,1.617687373015075,14.722285291022173,181.72700983829674,34.73607121680778,0.1911442401859604
in100.dino.s0.e20f.extL,8,student.h.cls,l2,8,10000,384,1.3154126489085929,0.8119860493409553,0.6475594682273812,2.0313387626149337,1.619994148884998,0.8109909521408339,,,
in100.dino.s0.e20f.extL,8,student.h.cls.L03,raw,8,10000,384,231.945891019934,73.6771710946044,44.68393471711265,5.190811697500433,3.148137850218303,10.769073567859355,36.52937405008808,8.891332377970615,0.24340226486714672
in100.dino.s0.e20f.extL,8,student.h.cls.L03,l2,8,10000,384,0.7394087542245593,0.23490675490106303,0.1424806606229931,5.189537660700849,3.1476691870183986,0.6080332039554087,,,
in100.dino.s0.e20f.extL,8,student.h.cls.L06,raw,8,10000,384,323.8589696745333,132.11612239978007,91.63375119046341,3.534276022394663,2.451320579138284,12.725151662643029,75.01608411247514,17.938828301986074,0.2391330941120513
in100.dino.s0.e20f.extL,8,student.h.cls.L06,l2,8,10000,384,1.0406929190301066,0.42472838074638014,0.2946417658676168,3.532061776665065,2.450255189449042,0.7213504415435353,,,
in100.dino.s0.e20f.extL,8,student.h.cls.L09,raw,8,10000,384,344.13528404723814,219.65508528219823,176.63817477629345,1.9482497737710116,1.5667075661149208,13.117455623085563,144.3169887266104,34.51773690250502,0.23917999680477223
in100.dino.s0.e20f.extL,8,student.h.cls.L09,l2,8,10000,384,1.0872875348978766,0.6937349824853536,0.557824040623119,1.9491586158303948,1.5672952385975891,0.7373220242532691,,,
in100.dino.s0.e20f.extL,8,student.h.gap,raw,8,10000,384,35.56057821005523,52.01876851717591,47.573696240919006,0.7474840304602804,0.683610535653369,4.216668009818608,37.12805509043927,10.96582883565151,0.2953515558232213
in100.dino.s0.e20f.extL,8,student.h.gap,l2,8,10000,384,0.48039252181580305,0.712364316720646,0.6523152514936706,0.7364422657845281,0.6743635391891607,0.490098215573064,,,
in100.dino.s0.e20f.extL,8,student.h.gap.L03,raw,8,10000,384,41.584415325334525,28.54553367410156,23.347481758434743,1.781109232918078,1.456774842610938,4.55984732887706,17.946917432434546,5.686019662741211,0.3168243061321026
in100.dino.s0.e20f.extL,8,student.h.gap.L03,l2,8,10000,384,0.5239801349756477,0.36454768758185896,0.29905017070990303,1.7521479213062896,1.4373431867071937,0.5118496532067046,,,
in100.dino.s0.e20f.extL,8,student.h.gap.L06,raw,8,10000,384,36.227118613468456,39.11198643277399,34.58359660609043,1.047523166144281,0.9262408258331735,4.2560027381022945,26.197931145540448,8.776785324877721,0.3350182606450492
in100.dino.s0.e20f.extL,8,student.h.gap.L06,l2,8,10000,384,0.53756682094609,0.5823439997740453,0.515148147155784,1.043518886584535,0.9231087143589884,0.5184432567533741,,,
in100.dino.s0.e20f.extL,8,student.h.gap.L09,raw,8,10000,384,39.25454934913229,56.895815142221124,51.98899647357959,0.7550549541590239,0.6899373750250105,4.430268013852677,39.54027425022049,13.017680374781303,0.32922584938086796
in100.dino.s0.e20f.extL,8,student.h.gap.L09,l2,8,10000,384,0.5615257766413894,0.8226302683418794,0.7524395462617057,0.7462736101939083,0.6825980008895359,0.5298706335707751,,,
in100.dino.s0.e20f.extL,8,student.z.dino.bottleneck,raw,8,10000,256,539.0275379327238,1783.9818051409086,1716.6033628993182,0.3140082033990159,0.30214856249060706,16.416874518810268,1016.040612051081,718.4025688996461,0.7070608796329577
in100.dino.s0.e20f.extL,8,student.z.dino.bottleneck,l2,8,10000,256,0.4119429219148891,1.4431648213019763,1.3916719560626152,0.296005764950799,0.28544412657124474,0.4538407881156613,,,
in100.dino.s0.e20f.extL,8,student.z.dino.tap1,raw,8,10000,2048,555.6672371213728,586.4764812878152,517.0180766476436,1.0747539829251833,0.9474672128389703,16.668341805971174,406.12233307805946,116.76050838246225,0.28750083133207077
in100.dino.s0.e20f.extL,8,student.z.dino.tap1,l2,8,10000,2048,0.9944615283196162,1.024852217870018,0.9005445268300659,1.104289125847158,0.9703462713740684,0.7051459169277009,,,
in100.dino.s0.e20f.extL,8,student.z.dino.tap2,raw,8,10000,2048,175.48829038764757,316.7697038547998,294.8336675563438,0.5952111637796965,0.5539932899267649,9.367184485950075,200.14733577171577,97.85402882317612,0.4889099744739373
in100.dino.s0.e20f.extL,8,student.z.dino.tap2,l2,8,10000,2048,0.7880211936991479,1.2683533714287336,1.1698507222163401,0.6736083320153897,0.6212946734327542,0.6277026340948187,,,
in100.dino.s0.e20f.extL,8,teacher.h.cls,raw,8,10000,384,427.5762036954907,269.78644438953796,216.33941892760163,1.9764137567485092,1.5848691162485689,14.62149451484852,183.20172065983806,35.83556271165893,0.19560712957602092
in100.dino.s0.e20f.extL,8,teacher.h.cls,l2,8,10000,384,1.3041332167090445,0.821530315403901,0.6585136633152704,1.9804193737506048,1.5874438134006952,0.8075064138163376,,,
in100.dino.s0.e20f.extL,8,teacher.h.cls.L03,raw,8,10000,384,238.36166966519679,75.51528060339064,45.720071895241034,5.213501636903762,3.1564693630297436,10.916997519125777,37.38457261344685,9.090652087828088,0.24316586902904097
in100.dino.s0.e20f.extL,8,teacher.h.cls.L03,l2,8,10000,384,0.7641624064079107,0.24216419843525916,0.14664389763427033,5.211007199997716,3.155554831579301,0.6181271739730873,,,
in100.dino.s0.e20f.extL,8,teacher.h.cls.L06,raw,8,10000,384,326.42462428204107,133.03218375101437,92.22910571575923,3.539279945834547,2.453726722948364,12.775457414160188,75.4697917245129,18.089635828756457,0.23969372931078153
in100.dino.s0.e20f.extL,8,teacher.h.cls.L06,l2,8,10000,384,1.0536103396386183,0.4295954954618574,0.29789420300703007,3.5368608351662147,2.452563750711314,0.7258134538704206,,,
in100.dino.s0.e20f.extL,8,teacher.h.cls.L09,raw,8,10000,384,342.8749650438485,219.78435252936558,176.9249818988845,1.9379680662610272,1.5600517557228586,13.093413707735818,144.49986833159053,34.62295709258765,0.239605457723579
in100.dino.s0.e20f.extL,8,teacher.h.cls.L09,l2,8,10000,384,1.0889546331785467,0.697703681314728,0.5615843521674098,1.9390758110972552,1.560769510527104,0.7378870622183813,,,
in100.dino.s0.e20f.extL,8,teacher.h.gap,raw,8,10000,384,35.63419541061048,52.57219393153911,48.117919505212804,0.7405597701860341,0.677814501274462,4.221030408005283,37.47446357997325,11.169177864554934,0.2980477049583135
in100.dino.s0.e20f.extL,8,teacher.h.gap,l2,8,10000,384,0.4924627608921424,0.734987218485149,0.6734293733736312,0.7312760333352951,0.6700290134393582,0.4962170698858225,,,
in100.dino.s0.e20f.extL,8,teacher.h.gap.L03,raw,8,10000,384,41.03692569137568,28.511714611002027,23.38209889958007,1.7550573995781313,1.4393005209002918,4.529730990432858,17.9315234624958,5.73569258319428,0.3198664405280798
in100.dino.s0.e20f.extL,8,teacher.h.gap.L03,l2,8,10000,384,0.5331207153546832,0.3744930063681963,0.3078529169488609,1.7317383919517733,1.4235798967912536,0.5162948359971671,,,
in100.dino.s0.e20f.extL,8,teacher.h.gap.L06,raw,8,10000,384,36.20098670498114,39.31673597068762,34.79161263256498,1.040509018288419,0.9207525958403717,4.254467458153908,26.29958444430585,8.885195547966,0.33784547306372903
in100.dino.s0.e20f.extL,8,teacher.h.gap.L06,l2,8,10000,384,0.5480420300490075,0.5955285716428329,0.527023317886707,1.0398819396579695,0.9202615225280822,0.5234701663175312,,,
in100.dino.s0.e20f.extL,8,teacher.h.gap.L09,raw,8,10000,384,39.48389272592853,57.24294292661994,52.307456335878875,0.7548425309078857,0.6897600072124727,4.443191011307556,39.77381100146153,13.106074763683543,0.3295151868449806
in100.dino.s0.e20f.extL,8,teacher.h.gap.L09,l2,8,10000,384,0.5717614436676525,0.8367048105228149,0.7652346300643583,0.7471714180258227,0.6833490574894477,0.5346781478925674,,,
in100.dino.s0.e20f.extL,8,teacher.z.dino.bottleneck,raw,8,10000,256,675.8210112788275,2299.6441478075117,2215.166521397658,0.30508812983162037,0.29388069102915665,18.382342223977165,1300.1084092776348,938.0545535980984,0.7215202570063366
in100.dino.s0.e20f.extL,8,teacher.z.dino.bottleneck,l2,8,10000,256,0.40693391311915483,1.447825205137417,1.3969584659975227,0.29129993698744405,0.2810656367047648,0.45107311664471583,,,
in100.dino.s0.e20f.extL,8,teacher.z.dino.tap1,raw,8,10000,2048,575.257384757351,618.3738040593942,546.4666309647253,1.0526852915827614,0.930274505454468,16.959619464441868,428.17227214662046,124.47809685869859,0.2907196587827461
in100.dino.s0.e20f.extL,8,teacher.z.dino.tap1,l2,8,10000,2048,0.9846647249095403,1.0313545784562146,0.9082714878425221,1.0841083729805063,0.9547295813467351,0.7016639954100325,,,
in100.dino.s0.e20f.extL,8,teacher.z.dino.tap2,raw,8,10000,2048,203.49736569032123,378.8580922011342,353.42092148984403,0.5757932066740111,0.5371334805283381,10.087055211763273,239.01037177263595,118.19913063921939,0.4945355708314575
in100.dino.s0.e20f.extL,8,teacher.z.dino.tap2,l2,8,10000,2048,0.7786455444389712,1.275683609817227,1.1783529167623557,0.660791460149629,0.6103751262827083,0.6239573480771627,,,
in100.mae.s0.extL,8,student.h.cls,raw,8,10000,384,8.183544224030383,3.4210941203966327,2.398151092392835,3.412438961827455,2.3920839170252366,2.0228129206664645,1.8928146628177285,0.5395473707790721,0.28505029117635733
in100.mae.s0.extL,8,student.h.cls,l2,8,10000,384,0.15867449939694298,0.06654655611002079,0.046712243685402915,3.3968503090021147,2.384413389245988,0.2816686878204098,,,
in100.mae.s0.extL,8,student.h.cls.L03,raw,8,10000,384,12.255063556571155,4.154124991817194,2.6222420472457997,4.673505853299441,2.9500950454575174,2.4753851777623574,2.2849102339127856,0.3788730632511861,0.1658152944601182
in100.mae.s0.extL,8,student.h.cls.L03,l2,8,10000,384,0.213147608023259,0.07256190014766235,0.04591844914475498,4.6418729724805115,2.9374590189825085,0.3264564350899358,,,
in100.mae.s0.extL,8,student.h.cls.L06,raw,8,10000,384,8.68607909779878,3.27822572705416,2.192465839829312,3.9617853742592444,2.6496281284462255,2.0839960529951562,1.8078545702848918,0.41739352681496256,0.23087782262772794
in100.mae.s0.extL,8,student.h.cls.L06,l2,8,10000,384,0.1550075694528778,0.05863518006285759,0.039259233881247864,3.9483085666355047,2.643593305021114,0.27839501562786445,,,
in100.mae.s0.extL,8,student.h.cls.L09,raw,8,10000,384,11.337816723138888,4.561865188027148,3.144638097634787,3.6054440514686035,2.485346728986112,2.3809469463995714,2.554058828152721,0.6361979213623374,0.24909290042566543
in100.mae.s0.extL,8,student.h.cls.L09,l2,8,10000,384,0.20363046983260052,0.08233553165933044,0.056881722930255375,3.5798927905590836,2.4731785382177063,0.3190849963823123,,,
in100.mae.s0.extL,8,student.h.gap,raw,8,10000,384,14.85092601461468,8.64682775794109,6.790462006114255,2.187027333522025,1.7174999237120063,2.7249702764080457,5.147004818559058,1.7299254651346072,0.3361033311833799
in100.mae.s0.extL,8,student.h.gap,l2,8,10000,384,0.5588775418649027,0.34295429204084116,0.27309459930772834,2.0464613481248253,1.6295977476740486,0.528619684586614,,,
in100.mae.s0.extL,8,student.h.gap.L03,raw,8,10000,384,18.66289820031261,9.459968337551722,7.127106062512645,2.6185801132490862,1.9728288229284545,3.0547420676967647,5.612169453025114,1.6095362928630488,0.2867939584389178
in100.mae.s0.extL,8,student.h.gap.L03,l2,8,10000,384,0.6491190933369296,0.3526145861651924,0.27147469949807623,2.3910850423154426,1.8408741975093201,0.5697012784507902,,,
in100.mae.s0.extL,8,student.h.gap.L06,raw,8,10000,384,17.787394775568806,9.4503028458725,7.226878498926399,2.461283219056643,1.882203678090338,2.9822302707511374,5.590316817928131,1.7310647094569935,0.30965413335885966
in100.mae.s0.extL,8,student.h.gap.L06,l2,8,10000,384,0.6011232759209625,0.3399378159545783,0.264797406464458,2.27012524007348,1.7683330530113284,0.54823502073516,,,
in100.mae.s0.extL,8,student.h.gap.L09,raw,8,10000,384,17.369618632780924,10.004381436877871,7.833179107780255,2.2174417811446006,1.7362011577001173,2.9470000536800915,5.967552034608007,1.9656708875410271,0.32939317095877607
in100.mae.s0.extL,8,student.h.gap.L09,l2,8,10000,384,0.6055786097164806,0.3711804946222623,0.2954831684077023,2.049452132856902,1.6314936223487637,0.5502629415636131,,,
in100.mae.s0.extL,8,student.z.dec.tap2,raw,8,10000,512,84.20404059262057,66.18809371747874,55.662588643401165,1.5127582572932137,1.2721931674304172,6.488606961152008,40.59176445796421,15.732705122611744,0.387583672025495
in100.mae.s0.extL,8,student.z.dec.tap2,l2,8,10000,512,0.21441083090207025,0.1692592416641006,0.14245788780134183,1.505082198053274,1.2667599641476248,0.3274223808035045,,,
in100.mae.s0.extL,8,student.z.dec.tap5,raw,8,10000,512,250.9667646539984,170.69694245277012,139.32609687102033,1.8012904279255613,1.4702475688657284,11.201936543607056,102.76670487979855,38.26636141574946,0.3723614711643021
in100.mae.s0.extL,8,student.z.dec.tap5,l2,8,10000,512,0.3195534665124439,0.22131476392064145,0.18137058060658595,1.7618814773802418,1.4438868010948815,0.3997208191428387,,,
in100.mae.s0.extL,8,student.z.dec.tap8,raw,8,10000,512,1052.5071544656698,618.6643757635883,487.10098145537955,2.160757613998123,1.7012570881693485,22.940217462631754,358.757919488897,134.52970572411851,0.3749874174646115
in100.mae.s0.extL,8,student.z.dec.tap8,l2,8,10000,512,0.29800635706441864,0.1719727166208983,0.13472192198784597,2.2120108789073205,1.732869974493411,0.38600929850485377,,,
in100.ijepa.s0.extL,8,student.h.cls,raw,8,10000,384,30.206287461202873,10.164650819762272,6.388864887111913,4.7279584080948736,2.9716994707260715,3.8862763322493468,4.946276959381104,1.5442344359284352,0.312201368546426
in100.ijepa.s0.extL,8,student.h.cls,l2,8,10000,384,0.8359193281660577,0.283273037888149,0.1787831218673918,4.675605389562899,2.950931491390728,0.6464980000611208,,,
in100.ijepa.s0.extL,8,student.h.cls.L03,raw,8,10000,384,12.436359589496234,4.789768404082112,3.235223455395083,3.844049649416725,2.5964427797588843,2.493627838060066,2.561256521983549,0.7218646174523555,0.281840030960004
in100.ijepa.s0.extL,8,student.h.cls.L03,l2,8,10000,384,0.32946486164090405,0.12740081076343654,0.08621770305832353,3.821313372475622,2.5860499604878417,0.4058724317078607,,,
in100.ijepa.s0.extL,8,student.h.cls.L06,raw,8,10000,384,20.276305150735478,7.421703218920715,4.88716507507878,4.148888944662592,2.7320285590298927,3.1840465724244265,3.7863361002318494,1.1750460070361382,0.3103385372904921
in100.ijepa.s0.extL,8,student.h.cls.L06,l2,8,10000,384,0.536911403095664,0.19781258687721898,0.130698661490261,4.108009959502699,2.714242867815694,0.518127109450791,,,
in100.ijepa.s0.extL,8,student.h.cls.L09,raw,8,10000,384,25.677405893832056,9.274048730957903,6.064372994228895,4.234140267801424,2.768737434829057,3.5831135827539753,4.618832592102525,1.5382808894359472,0.3330453872838269
in100.ijepa.s0.extL,8,student.h.cls.L09,l2,8,10000,384,0.7037120262467141,0.25622604401293414,0.1682620407320949,4.182238746094595,2.746450029924324,0.5931745216404335,,,
in100.ijepa.s0.extL,8,student.h.gap,raw,8,10000,384,21.011149801715362,9.406033018872652,6.7796392936582315,3.0991545260187343,2.2337950291645505,3.241230460929565,5.189710297463541,1.6839893263834167,0.3244861909163721
in100.ijepa.s0.extL,8,student.h.gap,l2,8,10000,384,1.062205265158491,0.48822269851039074,0.3554470403655794,2.9883643539864804,2.1756572736158524,0.7287678866273167,,,
in100.ijepa.s0.extL,8,student.h.gap.L03,raw,8,10000,384,17.582044179528065,9.010950861549452,6.813195339108443,2.5805871260736235,1.9511863342360738,2.964965782224819,5.358221701333582,1.5450831463903572,0.28835745001103796
in100.ijepa.s0.extL,8,student.h.gap.L03,l2,8,10000,384,0.8066749216595167,0.42786500985075565,0.32703064464331605,2.4666646226360114,1.885349124343901,0.635088545660964,,,
in100.ijepa.s0.extL,8,student.h.gap.L06,raw,8,10000,384,19.120487966852902,9.239410146904511,6.849349151047898,2.791577352123685,2.069448986768799,3.0919644214360638,5.290746935328299,1.650996317188644,0.3120535412805937
in100.ijepa.s0.extL,8,student.h.gap.L06,l2,8,10000,384,0.943910325576281,0.4740480790199433,0.3560592883229082,2.650992001984383,1.9911700254702867,0.6869899291751957,,,
in100.ijepa.s0.extL,8,student.h.gap.L09,raw,8,10000,384,20.615052729935968,9.941258069317323,7.364376478075327,2.799293706848036,2.073686507904087,3.2105336573485697,5.575810720327802,1.8879783384406978,0.3386015833639532
in100.ijepa.s0.extL,8,student.h.gap.L09,l2,8,10000,384,1.0329485555005367,0.5173422507763957,0.3882236813388287,2.6607046534057606,1.9966444920173259,0.7186614486322946,,,
in100.ijepa.s0.extL,8,student.z.pred.out,raw,8,10000,384,208.62091496184257,88.35526102034049,62.27764665011017,3.34985225331204,2.3611600775398696,10.213249114797959,46.979611965126836,16.181587295186713,0.3444385046687566
in100.ijepa.s0.extL,8,student.z.pred.out,l2,8,10000,384,1.1008849868398507,0.47664880673080706,0.3390381833758257,3.2470826025501487,2.3096354617784414,0.7419181177326278,,,
in100.ijepa.s0.extL,8,teacher.h.cls,raw,8,10000,384,30.75744430989253,10.356911188519735,6.512230649783168,4.723027479212002,2.9697507055951253,3.921571388480167,5.04960216233005,1.5661975993383161,0.310162573008647
in100.ijepa.s0.extL,8,teacher.h.cls,l2,8,10000,384,0.8374184177885724,0.28404549440777915,0.1793681921842076,4.66871192484652,2.9481841264004154,0.6470774365516744,,,
in100.ijepa.s0.extL,8,teacher.h.cls.L03,raw,8,10000,384,12.450195765948086,4.806735965579401,3.25046149483589,3.8302855719805025,2.5901559509619014,2.49501460576367,2.5735253864326317,0.7250034680590529,0.281716073943237
in100.ijepa.s0.extL,8,teacher.h.cls.L03,l2,8,10000,384,0.32546793101276644,0.12620462700784216,0.08552113563124636,3.80570169713523,2.5788906376035037,0.4034029815288717,,,
in100.ijepa.s0.extL,8,teacher.h.cls.L06,raw,8,10000,384,20.2186717428184,7.427389535444848,4.900055567592548,4.126212746757086,2.722177374208157,3.179518182273723,3.797750711131777,1.1765787518152195,0.30980936910010726
in100.ijepa.s0.extL,8,teacher.h.cls.L06,l2,8,10000,384,0.5294458529023959,0.19582085414371378,0.12964012253091428,4.083966001930791,2.7037255823316615,0.5145123190470738,,,
in100.ijepa.s0.extL,8,teacher.h.cls.L09,raw,8,10000,384,25.74137060937059,9.301613383970924,6.0839420577996,4.2310348068437325,2.7674092167418616,3.5875737350868895,4.643974859418395,1.5329833322209134,0.3301015570986321
in100.ijepa.s0.extL,8,teacher.h.cls.L09,l2,8,10000,384,0.696142561782367,0.2536936596106048,0.16667583938780894,4.176625504567787,2.7440282222696397,0.5899756612701778,,,
in100.ijepa.s0.extL,8,teacher.h.gap,raw,8,10000,384,21.635633721412955,9.68632368859385,6.98186947341723,3.0988310228067806,2.233626958687127,3.289044976996587,5.345571911969818,1.7331607983333501,0.3242236428346333
in100.ijepa.s0.extL,8,teacher.h.gap,l2,8,10000,384,1.081751689689792,0.4974454538525132,0.3622264926412892,2.9863958370406785,2.174613681383686,0.7354426183223923,,,
in100.ijepa.s0.extL,8,teacher.h.gap.L03,raw,8,10000,384,17.72112095884376,9.126942758602372,6.911802638746902,2.5638927910789664,1.941627270768315,2.976669360110706,5.432434547444423,1.5706375188885011,0.2891222167835184
in100.ijepa.s0.extL,8,teacher.h.gap.L03,l2,8,10000,384,0.8057356194076429,0.4291263890636429,0.32840943663768757,2.453448438196244,1.877618435831374,0.6347186854850119,,,
in100.ijepa.s0.extL,8,teacher.h.gap.L06,raw,8,10000,384,19.287482799248135,9.347552596115259,6.9366172462092415,2.7805315061586335,2.0633724818262915,3.1054373926427927,5.353867415767441,1.676225356402952,0.3130868260701365
in100.ijepa.s0.extL,8,teacher.h.gap.L06,l2,8,10000,384,0.9436631356656517,0.4753953717622859,0.35743747980407947,2.6400788640936517,1.9850069893770776,0.6868999693061763,,,
in100.ijepa.s0.extL,8,teacher.h.gap.L09,raw,8,10000,384,20.927487264601265,10.113944590642202,7.498008682567043,2.7910726901741145,2.069171634968631,3.234771032438097,5.675927525998997,1.9232206024744696,0.3388381182925642
in100.ijepa.s0.extL,8,teacher.h.gap.L09,l2,8,10000,384,1.0382731195733184,0.5214611928064611,0.39167705285979626,2.650839797717167,1.9910841571650195,0.7205113182918497,,,
in100.mae.s0.e20f.extL,8,student.h.cls,raw,8,10000,384,896.4889101746692,178.97300264283,66.91188887099636,13.39805115803959,5.009073418541007,21.171784409617782,58.891841046790915,9.809777850633727,0.1665727828552623
in100.mae.s0.e20f.extL,8,student.h.cls,l2,8,10000,384,1.691703386451868,0.33829417219691055,0.12683124889042705,13.338222253991809,5.000687346949565,0.9197019589116542,,,
in100.mae.s0.e20f.extL,8,student.h.cls.L03,raw,8,10000,384,40.85732326102582,15.39567879357124,10.288513385943013,3.971159071129591,2.653817594459465,4.519807698399669,8.353158773781477,2.089311400097251,0.25012231380721367
in100.mae.s0.e20f.extL,8,student.h.cls.L03,l2,8,10000,384,0.14570159591121765,0.05502426853855643,0.03681156904965423,3.958038183992764,2.647951527226974,0.2699088697238548,,,
in100.mae.s0.e20f.extL,8,student.h.cls.L06,raw,8,10000,384,100.60702704309564,45.07229596677001,32.49641758638305,3.095942091944711,2.232125630282273,7.092496987771502,24.660541400462186,8.286599145588568,0.33602665128160003
in100.mae.s0.e20f.extL,8,student.h.cls.L06,l2,8,10000,384,0.3109861349424231,0.1391704739143195,0.10029720704651661,3.1006460109920266,2.2345697775943636,0.3943260928105209,,,
in100.mae.s0.e20f.extL,8,student.h.cls.L09,raw,8,10000,384,481.2296091780885,120.72609544342227,60.57239429616121,7.944701786513111,3.9861275013537942,15.51176342615643,47.98031872512857,13.799336525466854,0.2876041029348097
in100.mae.s0.e20f.extL,8,student.h.cls.L09,l2,8,10000,384,1.038385337576155,0.2604765586563073,0.13067839145928795,7.946113553897375,3.9864828640733077,0.7205502541725161,,,
in100.mae.s0.e20f.extL,8,student.h.gap,raw,8,10000,384,651.3633853883227,143.85998566889668,62.43956249535634,10.431901816044354,4.527759281774703,18.046653226960434,53.91956651336406,9.958595838681227,0.18469354415549633
in100.mae.s0.e20f.extL,8,student.h.gap,l2,8,10000,384,1.7583622627353412,0.3881289906225425,0.16833370778062487,10.445693176478157,4.530355384984261,0.9376465919351867,,,
in100.mae.s0.e20f.extL,8,student.h.gap.L03,raw,8,10000,384,69.77723608196088,35.76903151377979,27.046877003534675,2.579862956926299,1.9507723057885884,5.906658788264346,21.07798242420867,6.326584894463797,0.3001513506908295
in100.mae.s0.e20f.extL,8,student.h.gap.L03,l2,8,10000,384,0.6427901252348912,0.3461093063834118,0.2657605407290504,2.4186815825688432,1.8571882159181912,0.5669171567499485,,,
in100.mae.s0.e20f.extL,8,student.h.gap.L06,raw,8,10000,384,128.0853377792516,65.96980688243599,49.959139660029535,2.563801911939808,1.9415751513038528,8.002666361258965,38.69578178921428,11.923055939639607,0.3081228854500863
in100.mae.s0.e20f.extL,8,student.h.gap.L06,l2,8,10000,384,0.6684194468772435,0.3469783983147246,0.2634259674550692,2.5374090995461613,1.926400750374546,0.5781087470698067,,,
in100.mae.s0.e20f.extL,8,student.h.gap.L09,raw,8,10000,384,409.34571209318244,121.43821782857644,70.27000381692864,5.825326453085628,3.370814554204175,14.306392139410663,54.84576262503688,16.63862337017749,0.30337117352037735
in100.mae.s0.e20f.extL,8,student.h.gap.L09,l2,8,10000,384,1.1535269117982934,0.3399144337863399,0.19572356981155323,5.893653548772554,3.3935802576814553,0.7594494426221845,,,
in100.mae.s0.e20f.extL,8,student.z.dec.tap2,raw,8,10000,512,296.94603465050676,191.02593437198757,153.90768004067422,1.9293776280172037,1.5544802103794946,12.184950444103308,114.21843913751334,41.59950024688077,0.36421002213834347
in100.mae.s0.e20f.extL,8,student.z.dec.tap2,l2,8,10000,512,0.4019448795000441,0.26433845255584754,0.214095342618342,1.877410664726943,1.5205690871445352,0.44829949782486045,,,
in100.mae.s0.e20f.extL,8,student.z.dec.tap5,raw,8,10000,512,385.34862053014547,268.4715727044058,220.3029951381376,1.749175585599817,1.435342359149601,13.880717210038995,161.64545464932854,61.34225621585308,0.37948642817658024
in100.mae.s0.e20f.extL,8,student.z.dec.tap5,l2,8,10000,512,0.377828077109017,0.26561597098389944,0.21838746134527232,1.7300813644775503,1.4224599360853922,0.4346424260866724,,,
in100.mae.s0.e20f.extL,8,student.z.dec.tap8,raw,8,10000,512,1367.7471421692828,885.041152889792,714.0727601186317,1.9154170534975368,1.5454051347820195,26.150976484342635,518.7613911254507,204.16178052207889,0.3935562360937285
in100.mae.s0.e20f.extL,8,student.z.dec.tap8,l2,8,10000,512,0.3478941981235502,0.21664237652217827,0.1731556017567345,2.009142035221622,1.6058455585116578,0.41706965732569795,,,
in100.ijepa.s0.e20f.extL,8,student.h.cls,raw,8,10000,384,299.22377408272615,89.05396516254608,51.65099340220531,5.793185268532519,3.360027524171067,12.231593806261026,41.01304312962892,11.528489924201837,0.2810932582535761
in100.ijepa.s0.e20f.extL,8,student.h.cls,l2,8,10000,384,0.7102265993255739,0.2119671872686098,0.12318886235291307,5.7653474978193024,3.3506440712710783,0.5959138357705642,,,
in100.ijepa.s0.e20f.extL,8,student.h.cls.L03,raw,8,10000,384,76.57428545420656,31.13649533428922,21.5647096525134,3.550907324424918,2.459309714599727,6.187660521320096,17.10903170725024,4.767042898606055,0.27862727594256204
in100.ijepa.s0.e20f.extL,8,student.h.cls.L03,l2,8,10000,384,0.20095301768705873,0.08118621626437453,0.05606708905349218,3.584152861856883,2.4752110263727034,0.3169802972481561,,,
in100.ijepa.s0.e20f.extL,8,student.h.cls.L06,raw,8,10000,384,185.99309945184868,67.0413328109441,43.79219537946301,4.247174589905873,2.7743049198670824,9.643471870956246,33.292367246757465,11.170241460814978,0.33551959156352607
in100.ijepa.s0.e20f.extL,8,student.h.cls.L06,l2,8,10000,384,0.5641886714957988,0.2030550308457103,0.13253144690873547,4.257017369502601,2.778501321272325,0.5311255367122724,,,
in100.ijepa.s0.e20f.extL,8,student.h.cls.L09,raw,8,10000,384,228.70616685385014,74.61323836680423,46.024967510072955,4.9691760630530775,3.065222363483456,10.693600115345864,35.45390643940729,11.31719345433372,0.3192086455599875
in100.ijepa.s0.e20f.extL,8,student.h.cls.L09,l2,8,10000,384,0.6624284609200954,0.21679975861831471,0.13399620100330278,4.9436361326674305,3.0554852327410993,0.5755121462315523,,,
in100.ijepa.s0.e20f.extL,8,student.h.gap,raw,8,10000,384,401.8681681573531,103.49651046990941,53.26298945024027,7.544979587238326,3.8829151469236476,14.175122012832079,44.61448759768669,9.683466957252683,0.21704758876923158
in100.ijepa.s0.e20f.extL,8,student.h.gap,l2,8,10000,384,1.6528008333769235,0.4315848968487654,0.22498479267664995,7.346278002675243,3.8296076749787025,0.9090656833741233,,,
in100.ijepa.s0.e20f.extL,8,student.h.gap.L03,raw,8,10000,384,169.08135907956122,62.67341472656534,41.538244841620184,4.0704983979040525,2.6978162880902166,9.194600564449802,33.189116831605176,8.975862157280659,0.2704459477732522
in100.ijepa.s0.e20f.extL,8,student.h.gap.L03,l2,8,10000,384,0.9698938299051034,0.38274734519794845,0.26151061645981055,3.708812449127313,2.534031501651555,0.6963812999733348,,,
in100.ijepa.s0.e20f.extL,8,student.h.gap.L06,raw,8,10000,384,295.87986360432575,95.47862798874044,58.49364503819972,5.0583249413008735,3.0989119747219047,12.163056022322797,46.42583605079974,13.02259526728741,0.28050319337357593
in100.ijepa.s0.e20f.extL,8,student.h.gap.L06,l2,8,10000,384,1.264293552697313,0.4240125232880662,0.2659758292009021,4.753415212561822,2.9817363480049277,0.7950765852096617,,,
in100.ijepa.s0.e20f.extL,8,student.h.gap.L09,raw,8,10000,384,336.1942983505879,100.05683192046585,58.03254462664236,5.793202771195446,3.3600334119895514,12.965228465989096,46.278673195170796,12.754439750676227,0.27560080853846
in100.ijepa.s0.e20f.extL,8,student.h.gap.L09,l2,8,10000,384,1.3925929213655472,0.42242304096019256,0.24834892578949916,5.607404650285907,3.296678415552573,0.8344438031903488,,,
in100.ijepa.s0.e20f.extL,8,student.z.pred.out,raw,8,10000,384,305.0650070018117,77.35887453088759,39.22574865566113,7.7771621309204555,3.943503687867206,12.350404993396202,32.64264693551582,7.356690465454199,0.2253705246387351
in100.ijepa.s0.e20f.extL,8,student.z.pred.out,l2,8,10000,384,1.6401710740349185,0.4189198788395498,0.21389849458518498,7.667987926776741,3.915238108485941,0.9055857424989967,,,
in100.ijepa.s0.e20f.extL,8,teacher.h.cls,raw,8,10000,384,293.7799192177778,87.65202346919082,50.9295335669686,5.768360686662852,3.3516615771116762,12.119816814163855,40.47446279509241,11.331591006568079,0.2799689044407046
in100.ijepa.s0.e20f.extL,8,teacher.h.cls,l2,8,10000,384,0.7011484964710641,0.2098129200142512,0.12216935795536818,5.739151847938932,3.3417794119801574,0.5920931077419599,,,
in100.ijepa.s0.e20f.extL,8,teacher.h.cls.L03,raw,8,10000,384,76.51664897450057,31.112133515063324,21.547552393250754,3.5510598873618493,2.4593828943763723,6.185331396720008,17.09989030318745,4.758783425213931,0.2782932136311357
in100.ijepa.s0.e20f.extL,8,teacher.h.cls.L03,l2,8,10000,384,0.20235882742667147,0.08175861908629599,0.05646376565796206,3.5838705596167846,2.475076385684576,0.3180871165472373,,,
in100.ijepa.s0.e20f.extL,8,teacher.h.cls.L06,raw,8,10000,384,184.31260851210686,66.21215295353923,43.17307688952587,4.269156191571385,2.783667352448699,9.599807511406333,32.859354095064255,10.975844323997002,0.33402495655402015
in100.ijepa.s0.e20f.extL,8,teacher.h.cls.L06,l2,8,10000,384,0.562208568709973,0.20178164762540976,0.13150557653666312,4.275169034776499,2.7862225099562314,0.5301926860632713,,,
in100.ijepa.s0.e20f.extL,8,teacher.h.cls.L09,raw,8,10000,384,225.76404291688894,73.55616326764377,45.335657903032654,4.9798338296925175,3.0692743189366305,10.62459511974195,34.962578419436355,11.108641116272743,0.31772945870883595
in100.ijepa.s0.e20f.extL,8,teacher.h.cls.L09,l2,8,10000,384,0.6579254123164325,0.21516448367280125,0.1329238071332472,4.949643156525802,3.0577788726364985,0.5735527056498089,,,
in100.ijepa.s0.e20f.extL,8,teacher.h.gap,raw,8,10000,384,401.69316479620704,103.77377642159546,53.56213082206958,7.499574020507314,3.8708542624899036,14.17203522427543,44.86830553451789,9.731563051767628,0.21689169973849323
in100.ijepa.s0.e20f.extL,8,teacher.h.gap,l2,8,10000,384,1.6536132814002522,0.4329934714040455,0.22629181122901396,7.307437562231304,3.819025899023757,0.9092890853299219,,,
in100.ijepa.s0.e20f.extL,8,teacher.h.gap.L03,raw,8,10000,384,169.0703816688128,63.0191362224016,41.8853385138,4.03650507953061,2.6828419398219685,9.194302085226827,33.406369958469455,9.109159917554557,0.2726773345586185
in100.ijepa.s0.e20f.extL,8,teacher.h.gap.L03,l2,8,10000,384,0.9765642499091173,0.38738417743328274,0.2653136461946431,3.680791636298559,2.5209193012982727,0.6987718690349223,,,
in100.ijepa.s0.e20f.extL,8,teacher.h.gap.L06,raw,8,10000,384,296.8001814578523,95.68548403579757,58.58546135356603,5.066106412760824,3.1018307996102554,12.181957590179262,46.51285106322109,13.029465130702912,0.2801261335924782
in100.ijepa.s0.e20f.extL,8,teacher.h.gap.L06,l2,8,10000,384,1.273936168208239,0.42728066927784913,0.2680386482518192,4.7528077630483745,2.9814973150115356,0.7981028029672115,,,
in100.ijepa.s0.e20f.extL,8,teacher.h.gap.L09,raw,8,10000,384,336.9212203309575,100.32315726983457,58.20800472846488,5.788228301290601,3.358359420694427,12.979237657330987,46.42800931417607,12.783226986987145,0.27533437629176977
in100.ijepa.s0.e20f.extL,8,teacher.h.gap.L09,l2,8,10000,384,1.4039026648747224,0.4260967635365334,0.2506089304271931,5.60196582971565,3.2947977666447406,0.8378253591515127,,,
in100.lejepa.s0.o32,2,student.h.cls,raw,2,10000,384,0.8653606327106615,5.298588290788986,4.8659079744336555,0.1778415533662823,0.1633190927883557,0.6577843995986304,2.484805804625211,2.434088052716334,0.9795888468167326
in100.lejepa.s0.o32,2,student.h.cls,l2,2,10000,384,0.0668171947694359,0.432875992662582,0.399467395277864,0.1672657031820051,0.1543564344108095,0.18278018870960264,,,
in100.lejepa.s0.o32,8,student.h.cls,raw,8,10000,384,0.859961015187724,4.98407312391313,4.876577997014665,0.17634517805604125,0.1725418134540822,0.655728989441417,2.487999025769557,2.4384197024842393,0.980072611455311
in100.lejepa.s0.o32,8,student.h.cls,l2,8,10000,384,0.06661037831642384,0.40890262029394,0.400576323004387,0.16628635915581647,0.16290034597611755,0.18249709356099872,,,
in100.lejepa.s0.o32,32,student.h.cls,raw,32,10000,384,0.8578104745348819,4.899170582842744,4.872364005513528,0.17605631959438794,0.1750929999332943,0.6549085716857285,2.4883240487084857,2.433031662633472,0.9777792662882022
in100.lejepa.s0.o32,32,student.h.cls,l2,32,10000,384,0.06641089172747562,0.40207911291215087,0.40000377254566727,0.1660256634701956,0.16516871828153268,0.18222361500019094,,,
in100.lejepa.s0.o32,2,student.h.gap,raw,2,10000,384,0.44532862886909513,1.584888874729789,1.3622245602952414,0.3269127879859815,0.2809841345785333,0.47187319741064715,0.8296742152762052,0.5483992337663343,0.6609814113407969
in100.lejepa.s0.o32,2,student.h.gap,l2,2,10000,384,0.11470382037914378,0.41148946399891695,0.3541375538093451,0.32389623507959336,0.2787527516851457,0.23948258848937617,,,
in100.lejepa.s0.o32,8,student.h.gap,raw,8,10000,384,0.44593446540328224,1.421795269056164,1.3660534608807537,0.3264399806986829,0.3136418267162393,0.47219406254382434,0.8291244358666774,0.5511469777046378,0.6647337285729954
in100.lejepa.s0.o32,8,student.h.gap,l2,8,10000,384,0.1146985845812654,0.3693060708861258,0.35496874781346766,0.32312305037495387,0.3105786598797405,0.23947712268739305,,,
in100.lejepa.s0.o32,32,student.h.gap,raw,32,10000,384,0.4450117361839745,1.379237155160095,1.365330538404346,0.32593699742778565,0.3226506293852849,0.4717052767268851,0.8284299846074037,0.550692925348543,0.664742869742358
in100.lejepa.s0.o32,32,student.h.gap,l2,32,10000,384,0.11449553828918357,0.35847717072377366,0.3548991851522367,0.3226142608359888,0.3193942254621527,0.23926506043422174,,,
in100.lejepa.s0.o32,2,student.z.embed,raw,2,10000,512,9.105393164914238,78.10092364689666,73.54822706443954,0.12380166767224063,0.11658496135181162,2.13370489582255,34.290337533458825,40.038898767449695,1.1676437634474057
in100.lejepa.s0.o32,2,student.z.embed,l2,2,10000,512,0.09104511534029616,0.787813206578392,0.7422906489082439,0.12265426686191548,0.11556688131152398,0.21336015951941,,,
in100.lejepa.s0.o32,8,student.z.embed,raw,8,10000,512,9.04327020794894,74.83296316636243,73.70255439036882,0.12269954932702687,0.12084607939210815,2.1264136718838293,34.289510892600916,40.161373129431524,1.1712436860129625
in100.lejepa.s0.o32,8,student.z.embed,l2,8,10000,512,0.09047719030097785,0.7555799702305362,0.744270321442914,0.12156495791148848,0.11974535306087085,0.21269366504550372,,,
in100.lejepa.s0.o32,32,student.z.embed,raw,32,10000,512,9.022308366895437,73.93811667687444,73.65616954040897,0.12249222873238952,0.12202513091217722,2.1239477826556183,34.290015990346255,40.10553471683144,1.1695980173389957
in100.lejepa.s0.o32,32,student.z.embed,l2,32,10000,512,0.09023737476259291,0.7465583701172668,0.7437384521559357,0.12132944652923945,0.12087115806955422,0.2124115989801321,,,
in100.lejepa.s0.o32,2,student.z.proj.out,raw,2,10000,16,2.159950968854758,27.932240765356084,26.852265280928705,0.08043831484075278,0.07732823825339895,1.0392186894140132,12.461370058377,14.670217630205265,1.177255595611126
in100.lejepa.s0.o32,2,student.z.proj.out,l2,2,10000,16,0.18433135150838903,1.9073796552859947,1.8152139795318003,0.10154800127527322,0.09664114377939623,0.3035880033107279,,,
in100.lejepa.s0.o32,8,student.z.proj.out,raw,8,10000,16,2.1605256418257155,27.168123686013292,26.898057980785076,0.08032273717935737,0.07952428613750748,1.039356926619945,12.463460355243965,14.70627886240125,1.1799515097116369
in100.lejepa.s0.o32,8,student.z.proj.out,l2,8,10000,16,0.1843351418427323,1.8382834541493607,1.8152415614190192,0.10154854635359549,0.10027569003390217,0.30359112457607546,,,
in100.lejepa.s0.o32,32,student.z.proj.out,raw,32,10000,16,2.157552797626208,26.96147896946506,26.89405544453924,0.08022415221369274,0.08002353283622615,1.0386416123057578,12.459252168803163,14.704418065430737,1.180200694729437
in100.lejepa.s0.o32,32,student.z.proj.out,l2,32,10000,16,0.18447987247127753,1.8208495660438189,1.8150845700290914,0.10163706722950147,0.1013152738763033,0.3037102833880321,,,
in100.lejepa.s0.o32,2,student.z.proj.tap1,raw,2,10000,2048,0.7212407423906572,5.1260539885767935,4.765433617381465,0.15134839771138567,0.1407009649133453,0.6005167534676519,2.3896481773671026,2.42704597990013,1.0156499198866304
in100.lejepa.s0.o32,2,student.z.proj.tap1,l2,2,10000,2048,0.25070077954641834,1.4611630043151493,1.3358126145419402,0.18767660734539884,0.17157618883453896,0.3540485697940456,,,
in100.lejepa.s0.o32,8,student.z.proj.tap1,raw,8,10000,2048,0.7161550773326596,4.865785416503375,4.776266031836792,0.14994036608493733,0.14718180438119263,0.5983958043522112,2.3920091926890588,2.432914693312768,1.0171008960787997
in100.lejepa.s0.o32,8,student.z.proj.tap1,l2,8,10000,2048,0.248741679834482,1.3693585122673402,1.3382658022880298,0.18586866630620685,0.18164832482227278,0.352662501433369,,,
in100.lejepa.s0.o32,32,student.z.proj.tap1,raw,32,10000,2048,0.7147675958390842,4.795888034948455,4.773551547578484,0.14973496959547233,0.149037590250325,0.5978158561961552,2.393652158491877,2.427858269436092,1.014290343240919
in100.lejepa.s0.o32,32,student.z.proj.tap1,l2,32,10000,2048,0.2484705067311908,1.3460890560432537,1.338324352707904,0.18565791336640253,0.18458697484812384,0.35247021628159647,,,
in100.lejepa.s0.o32,2,student.z.proj.tap2,raw,2,10000,2048,1.6165470040603216,14.900318719036603,14.092045217006442,0.1147134414605379,0.10849076684480755,0.8990403228054684,7.090005733435044,7.151042670761764,1.008608869953219
in100.lejepa.s0.o32,2,student.z.proj.tap2,l2,2,10000,2048,0.20751561894272755,1.4879406923169518,1.384182882845588,0.14991922058458,0.1394649800319621,0.3221145905906216,,,
in100.lejepa.s0.o32,8,student.z.proj.tap2,raw,8,10000,2048,1.6026862252721954,14.325808118491121,14.125472340332097,0.11346071739463796,0.111874053597264,0.8951776989157503,7.094440068156701,7.1742903533603055,1.0112553329701115
in100.lejepa.s0.o32,8,student.z.proj.tap2,l2,8,10000,2048,0.20662537252200516,1.4111830737248203,1.3853549021595697,0.14914977541127247,0.14641996234876678,0.32142290873707585,,,
in100.lejepa.s0.o32,32,student.z.proj.tap2,raw,32,10000,2048,1.5971009347541458,14.162455411294737,14.112546007083669,0.11316887356487589,0.11277005917211487,0.8936165102419902,7.095636044456791,7.158534516739824,1.0088643881801365
in100.lejepa.s0.o32,32,student.z.proj.tap2,l2,32,10000,2048,0.20645531668832878,1.39200960527803,1.3855578766315197,0.14900519146139882,0.14831457764768288,0.32129061353261534,,,
in100.lejepa.s0.e12f2.o32,2,student.h.cls,raw,2,10000,384,155.04021849235556,337.60816541768526,260.08805617150745,0.5961066447054333,0.45923124608239685,8.804550485185361,179.34693911063184,84.11719871505244,0.4690194275530064
in100.lejepa.s0.e12f2.o32,2,student.h.cls,l2,2,10000,384,0.7145603373614621,1.554718683528486,1.197438514847755,0.5967407332411658,0.45960748071782576,0.5977291767018998,,,
in100.lejepa.s0.e12f2.o32,8,student.h.cls,raw,8,10000,384,154.3917705005727,279.896491334181,260.5975200216094,0.592452953841503,0.5516030935744651,8.786118895751773,179.29908510873238,84.0973998262189,0.46903418260734403
in100.lejepa.s0.e12f2.o32,8,student.h.cls,l2,8,10000,384,0.711694087416544,1.288830026682295,1.1998682657552269,0.5931435206085612,0.552201665605655,0.5965291641724418,,,
in100.lejepa.s0.e12f2.o32,32,student.h.cls,raw,32,10000,384,154.4090261687288,265.38257524022646,260.5572931724537,0.5926106473117638,0.5818355859609715,8.786609874369317,179.36405052751414,83.84706839734176,0.4674686379502773
in100.lejepa.s0.e12f2.o32,32,student.h.cls,l2,32,10000,384,0.7118062769968708,1.2219522259154678,1.1997082797593157,0.5933161327682699,0.5825156351457165,0.5965761799623208,,,
in100.lejepa.s0.e12f2.o32,2,student.h.gap,raw,2,10000,384,19.675538678775762,43.3422957020847,33.504526362696815,0.5872501663143063,0.4539570034318556,3.1365218538036492,24.92191741311499,9.016031906602672,0.3617711975025664
in100.lejepa.s0.e12f2.o32,2,student.h.gap,l2,2,10000,384,0.4175275721126169,0.9072098920397474,0.698446105983439,0.5977949744951645,0.4602326052396305,0.45690675860213364,,,
in100.lejepa.s0.e12f2.o32,8,student.h.gap,raw,8,10000,384,19.741944528209412,35.98080982733212,33.51306676130595,0.5890820040081614,0.5486798274677194,3.141810348207655,24.862370285823722,9.010504573755545,0.3624153477793405
in100.lejepa.s0.e12f2.o32,8,student.h.gap,l2,8,10000,384,0.41729833046110804,0.7516368701860036,0.6994745788783651,0.5965882722003454,0.5551860838836198,0.45678131007141043,,,
in100.lejepa.s0.e12f2.o32,32,student.h.gap,raw,32,10000,384,19.699546129573612,34.11890766125403,33.50329684470485,0.5879882872687229,0.5773791566001607,3.1384348113011376,24.857091046144927,8.987394875172473,0.36156261641751214
in100.lejepa.s0.e12f2.o32,32,student.h.gap,l2,32,10000,384,0.4169348657883094,0.712513191600926,0.6994839770450413,0.5960606382288326,0.5851609074794953,0.4565823396652073,,,
in100.lejepa.s0.e12f2.o32,2,student.z.embed,raw,2,10000,512,436.02326050412506,703.4840463590979,485.4724161070353,0.8981421931251231,0.6198054707292597,14.765216905012352,380.0106057062675,112.49665086435861,0.29603555578476115
in100.lejepa.s0.e12f2.o32,2,student.z.embed,l2,2,10000,512,0.9167664906062811,1.537282235089677,1.0788989897865364,0.8497241162378568,0.5963553534155045,0.6770400618155034,,,
in100.lejepa.s0.e12f2.o32,8,student.z.embed,raw,8,10000,512,434.66939501435684,540.2220705284357,485.8883961516411,0.8945869019656537,0.8046124338999533,14.74227585914666,379.5883818812225,111.70223497570285,0.2942720070148399
in100.lejepa.s0.e12f2.o32,8,student.z.embed,l2,8,10000,512,0.9146204638212884,1.1953707901121313,1.0810432321344703,0.8460535496026483,0.765135363342359,0.6762471677653402,,,
in100.lejepa.s0.e12f2.o32,32,student.z.embed,raw,32,10000,512,434.65299404007413,499.4809905664949,485.89808450274256,0.8945353108047102,0.8702092817328344,14.741997728260477,379.78467905701746,111.10821535139007,0.2925558124863412
in100.lejepa.s0.e12f2.o32,32,student.z.embed,l2,32,10000,512,0.9147409555210791,1.109458112714767,1.0808724578547333,0.8462986996047763,0.8244934576960022,0.6762917105514007,,,
in100.lejepa.s0.e12f2.o32,2,student.z.proj.out,raw,2,10000,16,2.1151986436315555,29.712411517601534,28.654812195785755,0.07381652440013675,0.07118905991115931,1.0283964808456794,13.166733577967939,15.785202732993834,1.1988700644332482
in100.lejepa.s0.e12f2.o32,2,student.z.proj.out,l2,2,10000,16,0.1767831547357906,1.9110860822525382,1.8226945048846428,0.09699000806883933,0.09250402500311328,0.2973072104202912,,,
in100.lejepa.s0.e12f2.o32,8,student.z.proj.out,raw,8,10000,16,2.103944028092509,28.962639932152197,28.699646928640632,0.07330905614705982,0.0726433789537557,1.0256568695456851,13.14361013226082,15.845663195701333,1.205579215774847
in100.lejepa.s0.e12f2.o32,8,student.z.proj.out,l2,8,10000,16,0.176053437893406,1.8453707348957726,1.8233640551590968,0.09655418916221013,0.09540274729855276,0.29669297084141205,,,
in100.lejepa.s0.e12f2.o32,32,student.z.proj.out,raw,32,10000,16,2.1017616907012195,28.75760670005445,28.691926647220036,0.07325272075811819,0.07308541745573147,1.0251247950130802,13.149640224671534,15.829862489549052,1.203824760151905
in100.lejepa.s0.e12f2.o32,32,student.z.proj.out,l2,32,10000,16,0.17600687066592186,1.8289313133899425,1.8234310986816324,0.09652510083500135,0.09623481722760345,0.29665372967984227,,,
in100.lejepa.s0.e12f2.o32,2,student.z.proj.tap1,raw,2,10000,2048,55.057835951770656,215.66582026124874,188.13690228536342,0.2926477223923869,0.25529235872924066,5.246800737200273,105.23290274557422,85.06065774240169,0.8083085757698448
in100.lejepa.s0.e12f2.o32,2,student.z.proj.tap1,l2,2,10000,2048,0.38820035114846596,1.394448855304399,1.200348679730166,0.3234063215995972,0.2783898094733094,0.44056801469720086,,,
in100.lejepa.s0.e12f2.o32,8,student.z.proj.tap1,raw,8,10000,2048,54.88656327131332,195.43656365501099,188.5757432460968,0.2910584485921117,0.2808408122044159,5.238633565697897,105.2401665015355,85.28994238111144,0.8104314656312048
in100.lejepa.s0.e12f2.o32,8,student.z.proj.tap1,l2,8,10000,2048,0.38609447690123194,1.250778665884525,1.202516856271871,0.32107198738006026,0.3086832926017281,0.4393714128736825,,,
in100.lejepa.s0.e12f2.o32,32,student.z.proj.tap1,raw,32,10000,2048,54.89069587634739,190.27616066793016,188.5608264217943,0.29110339044421474,0.28847910155251977,5.23883077968488,105.31380846843943,85.14977956003419,0.8085338551359291
in100.lejepa.s0.e12f2.o32,32,student.z.proj.tap1,l2,32,10000,2048,0.38607106162860366,1.2146057850951897,1.2025410644192958,0.32104605243982787,0.3178570910547301,0.4393580895059312,,,
in100.lejepa.s0.e12f2.o32,2,student.z.proj.tap2,raw,2,10000,2048,17.948556874378447,156.3046908627146,147.3304124255254,0.1218251994200541,0.11483057082492173,2.9957100055227683,70.06896336815126,78.82449596600128,1.124955931656179
in100.lejepa.s0.e12f2.o32,2,student.z.proj.tap2,l2,2,10000,2048,0.19678856078119744,1.3980722390345262,1.2996779586439273,0.15141332471816704,0.14075707627031828,0.31367862597027346,,,
in100.lejepa.s0.e12f2.o32,8,student.z.proj.tap2,raw,8,10000,2048,17.851824047787947,149.8604292541461,147.62895124817263,0.12092359863600209,0.11912300089247242,2.9876264866770033,70.00731637995948,79.1202391607546,1.1301710057179655
in100.lejepa.s0.e12f2.o32,8,student.z.proj.tap2,l2,8,10000,2048,0.19561029733638083,1.3254834813818672,1.3010321942148195,0.15035008219334095,0.14757656363431224,0.3127381471266184,,,
in100.lejepa.s0.e12f2.o32,32,student.z.proj.tap2,raw,32,10000,2048,17.8485686000198,148.16377848040304,147.60601071165243,0.12092033728143284,0.1204651284077542,2.987354063382829,70.0397952563396,79.04785324011684,1.128613425422055
in100.lejepa.s0.e12f2.o32,32,student.z.proj.tap2,l2,32,10000,2048,0.1956521105146791,1.3071479800693955,1.3010338516158118,0.15038202908532322,0.1496786236125248,0.3127715704109623,,,
in100.lejepa.s0.hpull_sigreg_inv.o32,2,student.h.cls,raw,2,10000,384,2.56935534459397,17.322372966323805,16.03769529402682,0.1602072677831033,0.14832582981494624,1.1334362233037134,8.31747947530803,7.893439548382028,0.949018217816486
in100.lejepa.s0.hpull_sigreg_inv.o32,2,student.h.cls,l2,2,10000,384,0.32118503449907526,1.8162537385815658,1.655661221332028,0.19399200172162784,0.17683929710719284,0.4007399621319761,,,
in100.lejepa.s0.hpull_sigreg_inv.o32,8,student.h.cls,raw,8,10000,384,2.5399744134541145,16.421517044796275,16.104020243114512,0.15772300177901938,0.1546735546128482,1.1269370908471588,8.321694402064766,7.946541011497704,0.9549186292548811
in100.lejepa.s0.hpull_sigreg_inv.o32,8,student.h.cls,l2,8,10000,384,0.3166140275718038,1.6998550783710258,1.6602783249245503,0.19069936818345923,0.18625942387701402,0.3978781393666934,,,
in100.lejepa.s0.hpull_sigreg_inv.o32,32,student.h.cls,raw,32,10000,384,2.537624901661316,16.16655758057526,16.087256802398347,0.15774130622959892,0.15696754791572756,1.126415753987247,8.318526760115185,7.930395618088914,0.9533413604092443
in100.lejepa.s0.hpull_sigreg_inv.o32,32,student.h.cls,l2,32,10000,384,0.3165819228993754,1.6701464482569772,1.6602532631663718,0.190682909603564,0.1895533910991885,0.39785796642732657,,,
in100.lejepa.s0.hpull_sigreg_inv.o32,2,student.h.gap,raw,2,10000,384,0.8935700996532514,3.223802896994181,2.7770178471675555,0.32177326500247605,0.2771788872348247,0.668419815555034,1.790120269649048,1.0191356064884496,0.5693112489521447
in100.lejepa.s0.hpull_sigreg_inv.o32,2,student.h.gap,l2,2,10000,384,0.4267624838235979,1.4140199584629412,1.2006387165511423,0.3554462120374406,0.30180796336672255,0.46193207499782796,,,
in100.lejepa.s0.hpull_sigreg_inv.o32,8,student.h.gap,raw,8,10000,384,0.8899943035634336,2.8933977794260484,2.782148491480619,0.3198946088926373,0.30759486645489104,0.6670810683730403,1.7869123430241085,1.0241701262507712,0.5731507369396202
in100.lejepa.s0.hpull_sigreg_inv.o32,8,student.h.gap,l2,8,10000,384,0.4244447256536427,1.257045131908778,1.2039895412020727,0.35253190424716957,0.3376527340821396,0.46067598464302584,,,
in100.lejepa.s0.hpull_sigreg_inv.o32,32,student.h.gap,raw,32,10000,384,0.8872515862163372,2.810103170359588,2.7823765582903275,0.3188826413781757,0.31573630305637573,0.6660523951673536,1.7863613366297042,1.0241162533642196,0.5732973684352133
in100.lejepa.s0.hpull_sigreg_inv.o32,32,student.h.gap,l2,32,10000,384,0.4236677009183743,1.2181845007001,1.2049448850464008,0.3516075350633647,0.3477861528158413,0.460254115092073,,,
in100.lejepa.s0.hpull_sigreg_inv.o32,2,student.z.embed,raw,2,10000,512,86.93318098067294,788.0053777225231,744.5387872321867,0.11676111771670879,0.11032054277589505,6.592919724244826,358.8641538691297,393.5546871402822,1.0966675910567636
in100.lejepa.s0.hpull_sigreg_inv.o32,2,student.z.embed,l2,2,10000,512,0.25640562433282604,1.86300842146797,1.7348056093015571,0.1478007812276192,0.13762987938121585,0.35805420283305295,,,
in100.lejepa.s0.hpull_sigreg_inv.o32,8,student.z.embed,raw,8,10000,512,85.70952491909395,758.6554487662611,747.9417581513743,0.1145938490330251,0.11297556098552551,6.546354898685754,359.14982092193117,396.37849171710593,1.1036577735152684
in100.lejepa.s0.hpull_sigreg_inv.o32,8,student.z.embed,l2,8,10000,512,0.25152903277852184,1.7711060707087778,1.7396649416114625,0.144584756962182,0.1420180512835477,0.35463293190179185,,,
in100.lejepa.s0.hpull_sigreg_inv.o32,32,student.z.embed,raw,32,10000,512,85.55133393366269,749.9387183764939,747.2652391910669,0.11448590065058308,0.11407776640585866,6.540310922794982,359.0938124337753,395.67081394105634,1.1018591806396736
in100.lejepa.s0.hpull_sigreg_inv.o32,32,student.z.embed,l2,32,10000,512,0.25114522685099655,1.7479573295109117,1.740109041171818,0.14432729266314898,0.14367926642766984,0.35436226298168133,,,
in100.lejepa.s0.hpull_sigreg_inv.o32,2,student.z.proj.out,raw,2,10000,16,3.146174447478325,26.276896084378656,24.703808860639494,0.127355844810276,0.11973158615749495,1.2542277399815245,12.650185951424913,12.316391870058364,0.9736135039715405
in100.lejepa.s0.hpull_sigreg_inv.o32,2,student.z.proj.out,l2,2,10000,16,0.26915576133898506,1.8548168984267612,1.7202390177572686,0.156464164898371,0.1451117690200475,0.3668485800292711,,,
in100.lejepa.s0.hpull_sigreg_inv.o32,8,student.z.proj.out,raw,8,10000,16,3.088188548376994,25.198681107378476,24.812657538831353,0.12446020921152988,0.12255357870586074,1.2426158997005057,12.66335621857834,12.401288131326798,0.9793050055034334
in100.lejepa.s0.hpull_sigreg_inv.o32,8,student.z.proj.out,l2,8,10000,16,0.26360319952544825,1.7587029997195114,1.7257525997788303,0.1527468071374954,0.14988500023454177,0.3630449004775086,,,
in100.lejepa.s0.hpull_sigreg_inv.o32,32,student.z.proj.out,raw,32,10000,16,3.0827931456304123,24.889337942652695,24.793000656851746,0.1243412682594536,0.12385998987733016,1.2415299323073956,12.66018204476941,12.38171199150886,0.9780042615283244
in100.lejepa.s0.hpull_sigreg_inv.o32,32,student.z.proj.out,l2,32,10000,16,0.26319775614045693,1.734480186634773,1.7262552567553837,0.15246746106086034,0.15174445817747362,0.3627655965912816,,,
in100.lejepa.s0.hpull_sigreg_inv.o32,2,student.z.proj.tap1,raw,2,10000,2048,1.2455732045359251,9.430633995914635,8.807847393646671,0.14141630172139327,0.13207735610092697,0.7891682978097654,4.422084524837079,4.48006920876874,1.0131125227493922
in100.lejepa.s0.hpull_sigreg_inv.o32,2,student.z.proj.tap1,l2,2,10000,2048,0.11715753594812645,0.7979340949324613,0.739355326958398,0.15845904083777387,0.14682608086579244,0.24203051041978824,,,
in100.lejepa.s0.hpull_sigreg_inv.o32,8,student.z.proj.tap1,raw,8,10000,2048,1.2282235217654645,9.00236422694794,8.848836286727256,0.13880057015041955,0.13643344023882797,0.7836528318603412,4.42845186958865,4.5104080594080855,1.0185067360407032
in100.lejepa.s0.hpull_sigreg_inv.o32,8,student.z.proj.tap1,l2,8,10000,2048,0.1152424175103652,0.75648920004112,0.7420838978523243,0.15529567188277488,0.15233848348938894,0.24004418084007492,,,
in100.lejepa.s0.hpull_sigreg_inv.o32,32,student.z.proj.tap1,raw,32,10000,2048,1.227111434922584,8.878282370944053,8.839935138602723,0.13881452925643822,0.13821495911625323,0.7832979748865,4.427275461367699,4.5014425009444645,1.0167522983884663
in100.lejepa.s0.hpull_sigreg_inv.o32,32,student.z.proj.tap1,l2,32,10000,2048,0.11522065676516312,0.7453424352530519,0.7417417897291405,0.15533796040700076,0.15458754434938948,0.24002151649921213,,,
in100.lejepa.s0.hpull_sigreg_inv.o32,2,student.z.proj.tap2,raw,2,10000,2048,1.0604055234286403,7.4291756989670334,6.898972937252713,0.15370483883227284,0.1427352867123712,0.7281502329288374,3.615559714255145,3.357704979987238,0.9286819318040143
in100.lejepa.s0.hpull_sigreg_inv.o32,2,student.z.proj.tap2,l2,2,10000,2048,0.21987330970529628,1.3302493642364586,1.2203127093838104,0.18017784131439554,0.16528728794506883,0.3315669688805689,,,
in100.lejepa.s0.hpull_sigreg_inv.o32,8,student.z.proj.tap2,raw,8,10000,2048,1.0427119264515352,7.062687324557593,6.9323483337511504,0.1504125119297511,0.1476367108630072,0.7220498343090784,3.6222535541831427,3.380721652813582,0.9333199905096018
in100.lejepa.s0.hpull_sigreg_inv.o32,8,student.z.proj.tap2,l2,8,10000,2048,0.21580065802891243,1.251697578870036,1.2247224966164219,0.17620371849550528,0.172406387670515,0.32848185492421983,,,
in100.lejepa.s0.hpull_sigreg_inv.o32,32,student.z.proj.tap2,raw,32,10000,2048,1.0419809807563545,6.958987411169108,6.926425505520472,0.1504356005743336,0.14973169502850156,0.7217967098693213,3.6209761422352544,3.375039237396909,0.9320799433142559
in100.lejepa.s0.hpull_sigreg_inv.o32,32,student.z.proj.tap2,l2,32,10000,2048,0.2157341706698131,1.2314609454703958,1.2247192526369641,0.1761498973787765,0.17518555619919116,0.3284312490231503,,,
in1k.floorssl.s0.d256vm.extL,8,student.h.cls,raw,8,10000,384,153.3604612560654,450.6184280953123,431.44837043830415,0.35545495536411004,0.3403333101673051,8.756724880229635,269.1004481857418,191.3212322262542,0.7109658624358668
in1k.floorssl.s0.d256vm.extL,8,student.h.cls,l2,8,10000,384,0.5207661550077219,1.5310160407653153,1.46592027138935,0.3552486210687006,0.3401441533867956,0.5102774514946363,,,
in1k.floorssl.s0.d256vm.extL,8,student.h.cls.L03,raw,8,10000,384,18.50420392017683,7.241637197027782,4.928611707005679,3.754445474751925,2.555251446146956,3.0417268056300544,3.8465567241963075,1.6989880285400498,0.4416906210826862
in1k.floorssl.s0.d256vm.extL,8,student.h.cls.L03,l2,8,10000,384,0.059138063352533056,0.023108938734097553,0.01571668081503092,3.7627578016329846,2.5590990582909825,0.17195648192570853,,,
in1k.floorssl.s0.d256vm.extL,8,student.h.cls.L06,raw,8,10000,384,30.38588637198355,34.986129142621074,31.18789334612313,0.974284669848043,0.8685123823820401,3.8978126155565476,23.311455598051143,10.594502777390032,0.45447624378615553
in1k.floorssl.s0.d256vm.extL,8,student.h.cls.L06,l2,8,10000,384,0.09432280967176988,0.10877897040826376,0.09698861919929253,0.9725142027020208,0.867105188785684,0.21716676733764986,,,
in1k.floorssl.s0.d256vm.extL,8,student.h.cls.L09,raw,8,10000,384,127.52784779101025,251.87057088903174,235.92958991515545,0.5405335033934131,0.506322939360772,7.985231611888607,174.40683559298196,80.61296188365401,0.4622121696639385
in1k.floorssl.s0.d256vm.extL,8,student.h.cls.L09,l2,8,10000,384,0.4389754449868413,0.8732876407701016,0.8184157101467464,0.536372212244228,0.5026699388528325,0.46849516805770863,,,
in1k.floorssl.s0.d256vm.extL,8,student.h.gap,raw,8,10000,384,14.022421625110539,32.87807839045088,31.12527568731206,0.4505155798773102,0.42649760301025424,2.647869107897003,21.51711030631187,11.94381268679301,0.5550844196439049
in1k.floorssl.s0.d256vm.extL,8,student.h.gap,l2,8,10000,384,0.15791685696150473,0.3732764658533888,0.35353685873320073,0.4466772079362675,0.4230560225662056,0.28099542430572133,,,
in1k.floorssl.s0.d256vm.extL,8,student.h.gap.L03,raw,8,10000,384,29.24652216333089,23.673700763540023,20.01788549312366,1.461019555405957,1.2354013618510207,3.8240372751406917,15.150469333166537,6.752429679918981,0.44569112226358226
in1k.floorssl.s0.d256vm.extL,8,student.h.gap.L03,l2,8,10000,384,0.5024000223569451,0.404624076187885,0.3418240733932668,1.4697619666445685,1.2416463871607542,0.501198574597407,,,
in1k.floorssl.s0.d256vm.extL,8,student.h.gap.L06,raw,8,10000,384,23.306500218821423,40.903673608724205,37.990361081371525,0.6134845670169138,0.5697899030235382,3.4136857074737725,27.53819639125525,13.506731946562756,0.4904726422407175
in1k.floorssl.s0.d256vm.extL,8,student.h.gap.L06,l2,8,10000,384,0.4247919728921176,0.7445676592648531,0.6914686626533384,0.6143329348608286,0.5705216545552554,0.4608643905164065,,,
in1k.floorssl.s0.d256vm.extL,8,student.h.gap.L09,raw,8,10000,384,24.95547533758179,56.90629301689228,53.786858599694554,0.4639697499962102,0.4385363026576677,3.5323841338097552,38.77583650358656,19.214072631516252,0.49551665067854955
in1k.floorssl.s0.d256vm.extL,8,student.h.gap.L09,l2,8,10000,384,0.3328184190382064,0.7639783737558388,0.722376071376063,0.4607273582639809,0.435638534376331,0.4079328492768181,,,
in1k.floorssl.s0.d256vm.extL,8,student.z.proj.out,raw,8,10000,256,30.32627905997165,438.3144301401633,434.5236452576669,0.06979201106993513,0.06918841127423976,3.893987612972828,212.4415242179819,243.90542593265153,1.1481061757134878
in1k.floorssl.s0.d256vm.extL,8,student.z.proj.out,l2,8,10000,256,0.18428052938394407,1.8369388009634484,1.8139037347904554,0.10159333477817245,0.10031936245632764,0.30354614919641465,,,
in1k.floorssl.s0.d256vm.extL,8,student.z.proj.tap1,raw,8,10000,2048,0.07104508139103805,0.5473378077349913,0.5384571725611116,0.13194193523900893,0.12980115823724803,0.18847424411711808,0.2673143726429501,0.2990065734925635,1.1185577884805484
in1k.floorssl.s0.d256vm.extL,8,student.z.proj.tap1,l2,8,10000,2048,0.22706264636255566,1.421925406738304,1.3935425759429845,0.16293915254717392,0.15968674959075757,0.33694409503844674,,,
in1k.floorssl.s0.d256vm.extL,8,student.z.proj.tap2,raw,8,10000,2048,6.071165269596871,84.45557517596157,83.69667951726196,0.07253770764400191,0.07188590281870337,1.742292350553843,37.771611133688516,49.81949299829295,1.3189665863593232
in1k.floorssl.s0.d256vm.extL,8,student.z.proj.tap2,l2,8,10000,2048,0.161581226579829,1.63290026687758,1.6127026135551015,0.10019282242225265,0.09895351838529824,0.28423689642605254,,,
in1k.floorssl.s0.d256vm3.extL,8,student.h.cls,raw,8,10000,384,91.84927630774735,504.7578881846491,493.2767286461807,0.1862023302008016,0.18196699538085734,6.776771956755936,269.61422103886787,251.97354341964774,0.9345706708227492
in1k.floorssl.s0.d256vm3.extL,8,student.h.cls,l2,8,10000,384,0.32250630782192774,1.708788269209378,1.668474980731637,0.1932940628696192,0.18873391960441355,0.40156338716442247,,,
in1k.floorssl.s0.d256vm3.extL,8,student.h.cls.L03,raw,8,10000,384,7.279082875936325,3.4214113599686296,2.511526000476589,2.8982709613816624,2.1275088289889426,1.9077582231425874,1.9944823976155575,0.8079461836194151,0.4050906563955292
in1k.floorssl.s0.d256vm3.extL,8,student.h.cls.L03,l2,8,10000,384,0.04787431485482891,0.02249988401635431,0.0165155946595007,2.898733944604829,2.127758295110805,0.1547163773729674,,,
in1k.floorssl.s0.d256vm3.extL,8,student.h.cls.L06,raw,8,10000,384,16.231175856021554,21.607774585391958,19.578877603389262,0.8290146240666935,0.7511729535995215,2.848787097698032,14.414554481812997,6.81332081131061,0.4726695382716859
in1k.floorssl.s0.d256vm3.extL,8,student.h.cls.L06,l2,8,10000,384,0.11391190018126345,0.1518888593246626,0.13764987180200466,0.8275481748730876,0.7499687645805322,0.23865445751259648,,,
in1k.floorssl.s0.d256vm3.extL,8,student.h.cls.L09,raw,8,10000,384,89.29512885838562,235.53835939671706,224.37646828941885,0.3979701148660811,0.37911077026730033,6.681883299579005,157.5447241779386,83.76261441848268,0.531675147203769
in1k.floorssl.s0.d256vm3.extL,8,student.h.cls.L09,l2,8,10000,384,0.39853135687771984,1.0493374313414923,0.9995210117317773,0.3987223402009544,0.3797933295567566,0.44639184405504084,,,
in1k.floorssl.s0.d256vm3.extL,8,student.h.gap,raw,8,10000,384,9.06724348374358,20.589505221526423,19.456099786058477,0.4660360289805273,0.4403818054968963,2.1292303167745357,14.02669304551531,6.950307946065402,0.49550581334547644
in1k.floorssl.s0.d256vm3.extL,8,student.h.gap,l2,8,10000,384,0.1750736568346964,0.40636961236381175,0.3844854052594747,0.4553453900715575,0.4308236922940923,0.2958662339932494,,,
in1k.floorssl.s0.d256vm3.extL,8,student.h.gap.L03,raw,8,10000,384,20.018577380471438,15.30171625547799,12.79939408291906,1.564025394544767,1.3082569985118382,3.163745990157193,9.705736967889539,4.317250107556375,0.4448142497411135
in1k.floorssl.s0.d256vm3.extL,8,student.h.gap.L03,l2,8,10000,384,0.5381630746450539,0.4059135871211695,0.3386432027905377,1.5891742997066027,1.3258069986319687,0.5187306982650313,,,
in1k.floorssl.s0.d256vm3.extL,8,student.h.gap.L06,raw,8,10000,384,15.318141761052813,25.331454832052316,23.416687111920716,0.6541549488977378,0.6047083305168288,2.7675026432736076,17.623256605452717,7.752452245789013,0.4398989596162589
in1k.floorssl.s0.d256vm3.extL,8,student.h.gap.L06,l2,8,10000,384,0.41954039360163264,0.6927122080000402,0.6402696587998361,0.6552557783044834,0.6056489098306873,0.45800676501643106,,,
in1k.floorssl.s0.d256vm3.extL,8,student.h.gap.L09,raw,8,10000,384,17.563167725043613,39.228090218544196,37.03269425291374,0.4742611381471857,0.44771916316081634,2.96337372980895,27.49840100732957,12.512262396254583,0.4550178169603206
in1k.floorssl.s0.d256vm3.extL,8,student.h.gap.L09,l2,8,10000,384,0.3769356537823901,0.8492298824180757,0.8021129256952769,0.46992841245596395,0.4438558529159537,0.43412881370763107,,,
in1k.floorssl.s0.d256vm3.extL,8,student.z.proj.out,raw,8,10000,256,30.244068216655922,436.524869737373,432.74436121029106,0.06988899435239294,0.0692837231355265,3.8887059683560494,211.82251243519985,242.6811795639096,1.145681716140299
in1k.floorssl.s0.d256vm3.extL,8,student.z.proj.out,l2,8,10000,256,0.18358476758977854,1.8378263944986335,1.8148782985499112,0.10115541506913321,0.0998923337586852,0.3029725792788669,,,
in1k.floorssl.s0.d256vm3.extL,8,student.z.proj.tap1,raw,8,10000,2048,0.05021728503315754,0.41106373726449313,0.40478657663534845,0.12405867173405734,0.12216423021728608,0.15845706837051723,0.20108115034117144,0.22462477579327542,1.1170851937745425
in1k.floorssl.s0.d256vm3.extL,8,student.z.proj.tap1,l2,8,10000,2048,0.22207481669187185,1.5014838176571503,1.4737244655706663,0.15068950938931344,0.14790356984225622,0.33322276084615815,,,
in1k.floorssl.s0.d256vm3.extL,8,student.z.proj.tap2,raw,8,10000,2048,6.080576025325791,85.54326673362469,84.78319473045897,0.07171911892040676,0.07108187771528819,1.7436421687556467,38.08597422418888,50.623894697029215,1.3292004662671157
in1k.floorssl.s0.d256vm3.extL,8,student.z.proj.tap2,l2,8,10000,2048,0.15772992425443294,1.6237020321427722,1.603985791610968,0.09833623532039919,0.09714216101970348,0.28082906211290964,,,
in1k.floorssl.s0.d256vm4.extL,8,student.h.cls,raw,8,10000,384,113.5514032219336,552.1674976190004,537.9735722162587,0.21107245613226394,0.20564666285425748,7.534965269393536,306.1586416728518,264.0590295307352,0.8624908579679993
in1k.floorssl.s0.d256vm4.extL,8,student.h.cls,l2,8,10000,384,0.36452401315227767,1.673176696483318,1.6276111948392833,0.22396258658584134,0.21786342943840545,0.42692154616057837,,,
in1k.floorssl.s0.d256vm4.extL,8,student.h.cls.L03,raw,8,10000,384,8.884846822581757,3.6829089621817657,2.572303109359046,3.454043495206768,2.412453556092885,2.107705722175389,2.0091955489403754,0.8755950047034653,0.4357938206488876
in1k.floorssl.s0.d256vm4.extL,8,student.h.cls.L03,l2,8,10000,384,0.0430038734758706,0.017817354735695113,0.012441870551211289,3.456383290508027,2.413594729060261,0.1466353870589746,,,
in1k.floorssl.s0.d256vm4.extL,8,student.h.cls.L06,raw,8,10000,384,21.057042367752555,30.727817540206157,28.095687244237087,0.7494759670657895,0.6852762107234017,3.244768278918585,20.931821331761455,9.526715008503169,0.4551307245322009
in1k.floorssl.s0.d256vm4.extL,8,student.h.cls.L06,l2,8,10000,384,0.10211634721699059,0.14930092972265485,0.13653638632053103,0.7479057412378235,0.6839632372463084,0.22596055763892797,,,
in1k.floorssl.s0.d256vm4.extL,8,student.h.cls.L09,raw,8,10000,384,131.42053000657475,315.4587549927745,299.0311887419527,0.43948770213391813,0.41660130817921,8.106186834960528,217.21434657119192,105.25474231978262,0.48456625439924805
in1k.floorssl.s0.d256vm4.extL,8,student.h.cls.L09,l2,8,10000,384,0.4609551066198317,1.1114112886938219,1.053791900366343,0.4374251751788793,0.4147475478331391,0.4800807779008818,,,
in1k.floorssl.s0.d256vm4.extL,8,student.h.gap,raw,8,10000,384,11.942941659989028,26.246868590971445,24.754000883472816,0.4824651059927374,0.45502348665307957,2.443659311359608,17.65973115351467,9.01592085005043,0.5105355665766217
in1k.floorssl.s0.d256vm4.extL,8,student.h.gap,l2,8,10000,384,0.18965682938455627,0.42196843537728324,0.3982613317042137,0.47621201027222315,0.4494573846856188,0.3079422262247874,,,
in1k.floorssl.s0.d256vm4.extL,8,student.h.gap.L03,raw,8,10000,384,30.373579390979046,25.48914730481811,21.69244988094573,1.4001912904110785,1.191627912371853,3.8970231838532245,16.704913421745605,7.0421908198512915,0.4215640417916878
in1k.floorssl.s0.d256vm4.extL,8,student.h.gap.L03,l2,8,10000,384,0.4483848635247722,0.3720586656234543,0.3160105576828578,1.4188920357995214,1.2051455992119389,0.4734896321593389,,,
in1k.floorssl.s0.d256vm4.extL,8,student.h.gap.L06,raw,8,10000,384,26.070468428589102,42.16403661403984,38.9052280604662,0.6701019304673034,0.6183105442970829,3.6104340756056676,29.697738991027023,12.51143885909694,0.4212926399170384
in1k.floorssl.s0.d256vm4.extL,8,student.h.gap.L06,l2,8,10000,384,0.41311817352089647,0.6712533480575292,0.6196135763674172,0.6667351866995349,0.615442998856358,0.4544877190424932,,,
in1k.floorssl.s0.d256vm4.extL,8,student.h.gap.L09,raw,8,10000,384,24.178737273565464,53.18281001204597,50.16046785285029,0.48202774632197826,0.4546344442516097,3.4769769393515872,37.35015190390553,16.859106180434118,0.45137985579842427
in1k.floorssl.s0.d256vm4.extL,8,student.h.gap.L09,l2,8,10000,384,0.35102770286064394,0.7841690494332941,0.7402905865757137,0.4741755592008225,0.44764289423859027,0.41894373301234855,,,
in1k.floorssl.s0.d256vm4.extL,8,student.z.proj.out,raw,8,10000,256,36.047498483191234,440.5474240342677,436.0414867238688,0.08266988252431808,0.08182433153981467,4.245438639480686,233.39289645657743,226.62103994152704,0.9709851644250437
in1k.floorssl.s0.d256vm4.extL,8,student.z.proj.out,l2,8,10000,256,0.21753545547407677,1.8085600049744186,1.781368073040159,0.12211707325753371,0.12028102737854901,0.3297995265870441,,,
in1k.floorssl.s0.d256vm4.extL,8,student.z.proj.tap1,raw,8,10000,2048,0.040645770945295256,0.3241604515067833,0.3190797301386214,0.12738437169806135,0.12538781568313775,0.1425583581297415,0.16403501823333186,0.17209596578607442,1.0491416262183497
in1k.floorssl.s0.d256vm4.extL,8,student.z.proj.tap1,l2,8,10000,2048,0.2046883088024242,1.3038821352767347,1.2782960966764316,0.1601258967578901,0.15698375126443567,0.31991272935163445,,,
in1k.floorssl.s0.d256vm4.extL,8,student.z.proj.tap2,raw,8,10000,2048,8.687224346191822,110.57613049653314,109.49022745325917,0.07934246323399369,0.07856328763886515,2.084133434570808,52.028495338849986,62.82493927885074,1.2075102089669503
in1k.floorssl.s0.d256vm4.extL,8,student.z.proj.tap2,l2,8,10000,2048,0.16664088564470722,1.5832811423029227,1.5624510315973343,0.10665350930988596,0.10525034448545494,0.2886528067113736,,,
in100.floorssl.s0.d256vm4zonly.extL,8,student.h.cls,raw,8,10000,384,0.8314440602425,3.459369695314858,3.3554391877845453,0.24778993559751186,0.2403455350171313,0.6447650968540791,1.9460864431301585,1.4439464416075352,0.7419744619797245
in100.floorssl.s0.d256vm4zonly.extL,8,student.h.cls,l2,8,10000,384,0.06745529279927072,0.283583823971226,0.27515191237131714,0.24515654722486496,0.2378672092598452,0.18365088183734746,0.15628332471905107,0.12170442589197834,0.7787422369645971
in100.floorssl.s0.d256vm4zonly.extL,8,student.h.cls.L03,raw,8,10000,384,0.481261737548158,0.3963760683976299,0.33621835120411014,1.4313964000614454,1.2141543748937282,0.49054140373069327,0.2658714663692657,0.07431064551882069,0.27949838519193154
in100.floorssl.s0.d256vm4zonly.extL,8,student.h.cls.L03,l2,8,10000,384,0.01756044839071706,0.014387586275725207,0.012192530226885575,1.4402628547104,1.2205277559548064,0.0937028505188531,0.009653436020554384,0.0026829700690884405,0.2779290258282937
in100.floorssl.s0.d256vm4zonly.extL,8,student.h.cls.L06,raw,8,10000,384,0.8491510194653544,1.506995466428825,1.4008515889956556,0.606167724072866,0.5634728427402735,0.6515945900118242,1.0157882305576633,0.40013331310228034,0.3939141063709794
in100.floorssl.s0.d256vm4zonly.extL,8,student.h.cls.L06,l2,8,10000,384,0.0356257730464557,0.06323092603630587,0.058777704405498905,0.6061103169439662,0.5634232373253577,0.1334649261912202,0.04261552278680203,0.016794490879059924,0.39409327354916684
in100.floorssl.s0.d256vm4zonly.extL,8,student.h.cls.L09,raw,8,10000,384,1.3532029260579492,3.5247706673676045,3.3556203016103607,0.4032646141187511,0.38391233182513923,0.8225578782243682,2.3045893380258833,1.0862786702581537,0.47135454995581233
in100.floorssl.s0.d256vm4zonly.extL,8,student.h.cls.L09,l2,8,10000,384,0.09187796502613878,0.23821258197158543,0.22672783634331808,0.4052346042195472,0.3856973643696881,0.21433381094234616,0.15560178008955625,0.07350818207347773,0.47241221810682543
in100.floorssl.s0.d256vm4zonly.extL,8,student.h.gap,raw,8,10000,384,0.3566347955323202,0.9403053448941038,0.8957259954525637,0.39815166394956664,0.3792755166913191,0.4222764470890605,0.590840425297215,0.31428862360428966,0.5319348679403422
in100.floorssl.s0.d256vm4zonly.extL,8,student.h.gap,l2,8,10000,384,0.08899235138424531,0.23382434028319968,0.22270029636016903,0.39960589563077925,0.3805948998999033,0.21094116642353777,0.14738278997376103,0.07765574978924,0.5268983563349918
in100.floorssl.s0.d256vm4zonly.extL,8,student.h.gap.L03,raw,8,10000,384,0.41139393623059817,0.41306440170507014,0.36164015967624535,1.1375781290410178,0.995955920027055,0.45353827635084903,0.27782848736178695,0.08794231633150902,0.3165345539854268
in100.floorssl.s0.d256vm4zonly.extL,8,student.h.gap.L03,l2,8,10000,384,0.13677599233364224,0.13848202267159737,0.12138502362989209,1.1267946262520643,0.987680492348087,0.2615109867038498,0.09328238240264114,0.029487461453966923,0.3161096521601279
in100.floorssl.s0.d256vm4zonly.extL,8,student.h.gap.L06,raw,8,10000,384,0.4077446053470918,0.6484821845949759,0.5975141089265894,0.6824016358033602,0.6287676285228373,0.4515222061798798,0.44280544155882906,0.1611934892137102,0.3640277966012638
in100.floorssl.s0.d256vm4zonly.extL,8,student.h.gap.L06,l2,8,10000,384,0.1461188376007763,0.2337559977130162,0.21549114301291916,0.6780735187432559,0.6250912876261997,0.2702950587790834,0.15964672526169085,0.05818197772835839,0.3644420368346876
in100.floorssl.s0.d256vm4zonly.extL,8,student.h.gap.L09,raw,8,10000,384,0.42625392826940806,0.9031187547535401,0.8498370137198641,0.5015713853220286,0.47197993179283737,0.4616567600877345,0.5926072666106272,0.266260934656772,0.44930420138050514
in100.floorssl.s0.d256vm4zonly.extL,8,student.h.gap.L09,l2,8,10000,384,0.13662749695669893,0.2932992459366688,0.27622080881708144,0.4946314419315751,0.4658296904936486,0.2613689891290653,0.192024839378451,0.08712896189799708,0.453737975670322
in100.floorssl.s0.d256vm4zonly.extL,8,student.z.proj.out,raw,8,10000,256,33.849899984550454,259.70709789703653,255.47586039896774,0.1324974497852292,0.1303387556930407,4.113994408391342,179.44443940289912,78.62849197503907,0.43817736697038456
in100.floorssl.s0.d256vm4zonly.extL,8,student.z.proj.out,l2,8,10000,256,0.30896080666569414,1.6702647494717273,1.6316446486385154,0.18935544998937034,0.18497714614609,0.3930399513190066,1.1566785552895418,0.49166874084369044,0.4250694703340593
in100.floorssl.s0.d256vm4zonly.extL,8,student.z.proj.tap1,raw,8,10000,2048,0.3113013381205367,1.457970068462405,1.419057401197338,0.21937191396054476,0.2135169609132232,0.3945258788219961,0.827168518330876,0.6064685835510862,0.7331862493689496
in100.floorssl.s0.d256vm4zonly.extL,8,student.z.proj.tap1,l2,8,10000,2048,0.378618708889467,1.441374637826884,1.3940472992157005,0.2715967450333143,0.2626789031478303,0.4350969483284542,0.8827776684303525,0.5256833771636168,0.5954878515428724
in100.floorssl.s0.d256vm4zonly.extL,8,student.z.proj.tap2,raw,8,10000,2048,3.947220952878691,29.425177040795248,28.93177442168541,0.13643203819258684,0.13414433997818395,1.404852474973563,18.30123261532162,10.924793576771746,0.5969430478483516
in100.floorssl.s0.d256vm4zonly.extL,8,student.z.proj.tap2,l2,8,10000,2048,0.28107051586514614,1.551953505244054,1.5168196907609108,0.1853025231523382,0.181107562124386,0.3748803248138972,0.9789266904795055,0.553412535333846,0.5653258213470196
in100.dino.s0.e20fwlo.extL,8,student.h.cls,raw,8,10000,384,88.14330594527021,130.78434525584842,119.76643201268965,0.7359600220530168,0.6739591483433192,6.638648429660597,93.25695336065712,27.817322104591003,0.2982868419152804
in100.dino.s0.e20fwlo.extL,8,student.h.cls,l2,8,10000,384,0.7952937212300427,1.1699173164279162,1.070505601274161,0.742914114866331,0.679786263578264,0.6305924679339433,0.8349357522971429,0.24726902214129703,0.2961533524717207
in100.dino.s0.e20fwlo.extL,8,student.h.cls.L03,raw,8,10000,384,35.554174658058415,16.531947362620834,12.087675530363532,2.9413574651924113,2.150634397641946,4.216288335613352,9.752396755476735,2.500598248513008,0.25640858459831695
in100.dino.s0.e20fwlo.extL,8,student.h.cls.L03,l2,8,10000,384,0.4097156530894445,0.19018215795391205,0.13896770131773148,2.9482797024373544,2.1543327591683616,0.45261222535932705,0.11214500941296851,0.028724513484302102,0.256137242617061
in100.dino.s0.e20fwlo.extL,8,student.h.cls.L06,raw,8,10000,384,60.60772426557336,48.15773707617491,40.58177154297824,1.4934716243569255,1.258525170518401,5.504894379803003,33.19709093143487,7.866257982305112,0.23695624410440203
in100.dino.s0.e20fwlo.extL,8,student.h.cls.L06,l2,8,10000,384,0.6818483080006368,0.5402521719823042,0.4550211334822246,1.4984981088296487,1.2620926733136215,0.5838871072393348,0.37197216732337557,0.08845148787867213,0.2377906081391742
in100.dino.s0.e20fwlo.extL,8,student.h.cls.L09,raw,8,10000,384,79.86032916711018,93.57930040355555,83.59675925766678,0.9553041275315476,0.8533973733797638,6.319031934050902,68.30683575521446,16.225716506487867,0.23754162123150632
in100.dino.s0.e20fwlo.extL,8,student.h.cls.L09,l2,8,10000,384,0.7813112391670198,0.910872734215852,0.8132088293199745,0.9607756470381313,0.8577611446890344,0.6250244951867966,0.6644229335223563,0.15789462313977676,0.23764174168811103
in100.dino.s0.e20fwlo.extL,8,student.h.gap,raw,8,10000,384,10.727382241245468,16.17769933106028,14.836776550904595,0.7230264744124236,0.6630968978790138,2.3159644040059715,11.54471451591664,3.4538390282985616,0.2991705878509833
in100.dino.s0.e20fwlo.extL,8,student.h.gap,l2,8,10000,384,0.47139054497372496,0.7161893542181714,0.6572655360964558,0.7171995473448146,0.6581926165159474,0.48548457492165753,0.5085365291212312,0.15589090051740634,0.306548087679741
in100.dino.s0.e20fwlo.extL,8,student.h.gap.L03,raw,8,10000,384,12.46623241882482,9.275158530877544,7.716879478524442,1.6154499307028845,1.344045212523754,2.496620958297917,5.884603583535494,1.9250274802977227,0.3271295088905816
in100.dino.s0.e20fwlo.extL,8,student.h.gap.L03,l2,8,10000,384,0.4872369094862243,0.3592609699750158,0.29835635628923773,1.6330703174759205,1.3562199910558288,0.4935772024142851,0.22757175827870285,0.07437720771028504,0.3268296921940405
in100.dino.s0.e20fwlo.extL,8,student.h.gap.L06,raw,8,10000,384,11.644190796209035,13.688419054061194,12.232895204535065,0.9518753002880478,0.8506600178020075,2.41290186251006,9.424062992238428,2.9457164028372533,0.31257392965892933
in100.dino.s0.e20fwlo.extL,8,student.h.gap.L06,l2,8,10000,384,0.5165907032440712,0.6040206723482048,0.5394468344426959,0.9576304285440149,0.855253349584479,0.5082276572777554,0.414071359418459,0.13141568174771887,0.3173744784770556
in100.dino.s0.e20fwlo.extL,8,student.h.gap.L09,raw,8,10000,384,11.817386548334065,17.198056015650796,15.720882697109037,0.751699937975315,0.6871350190730775,2.430780383779463,12.082291293579011,3.8105719636865354,0.3153848778427994
in100.dino.s0.e20fwlo.extL,8,student.h.gap.L09,l2,8,10000,384,0.5242257469215275,0.7659014480923875,0.7003732297271965,0.7484948377106296,0.6844558764410278,0.511969602086651,0.5349958600964403,0.17303638411168012,0.32343499645116497
in100.dino.s0.e20fwlo.extL,8,student.z.dino.bottleneck,raw,8,10000,256,280.51513593339394,987.7465989859494,952.6822069942751,0.2944477537986386,0.2839950410574729,11.843038797821148,554.0739336118215,408.4857393723132,0.7372404919132942
in100.dino.s0.e20fwlo.extL,8,student.z.dino.bottleneck,l2,8,10000,256,0.41408975037289614,1.4453421126221928,1.3935808938255807,0.29714080625499967,0.2864994707873275,0.45502184034005233,0.9082356188281135,0.49979869612368943,0.5502962951052
in100.dino.s0.e20fwlo.extL,8,student.z.dino.tap1,raw,8,10000,2048,301.49911876458003,454.78536598996135,417.09797614438884,0.7228496324810951,0.662948153813804,12.278011214455296,315.2613225230724,106.38450728121599,0.33744864872674074
in100.dino.s0.e20fwlo.extL,8,student.z.dino.tap1,l2,8,10000,2048,0.735737042182941,1.059267948119924,0.9673008178470565,0.7606083119215052,0.6945712305265043,0.6065216575617647,0.7368934894800243,0.24100000784823145,0.3270486322498096
in100.dino.s0.e20fwlo.extL,8,student.z.dino.tap2,raw,8,10000,2048,105.70820790688795,205.45403530493923,192.24050931657823,0.5498747807248553,0.5145102540818611,7.270082802378799,129.08117744924525,65.21387222038233,0.50521596958646
in100.dino.s0.e20fwlo.extL,8,student.z.dino.tap2,l2,8,10000,2048,0.7447936529340072,1.3022796204762819,1.209180413859531,0.6159491539866515,0.5719153100634519,0.6102432518815785,0.8740407733106612,0.3481624367536324,0.3983366078390998
in100.dino.s0.e20fwlo.extL,8,teacher.h.cls,raw,8,10000,384,86.2978255207933,129.10509097825948,118.31786278816033,0.7293727547741745,0.6684308485970187,6.568783202420114,91.84944978284354,27.759463915099353,0.30222787377311555
in100.dino.s0.e20fwlo.extL,8,teacher.h.cls,l2,8,10000,384,0.7895925529511542,1.1709935502068247,1.0722944810879305,0.7363579379332885,0.6742928283522089,0.628328159862008,0.833835279542563,0.2501691370474356,0.30002225041938363
in100.dino.s0.e20fwlo.extL,8,teacher.h.cls.L03,raw,8,10000,384,35.80074069032779,16.608540648999185,12.133448062708212,2.950582596579475,2.1555620958476633,4.230882927376258,9.787698515942331,2.511834953255868,0.2566318271005751
in100.dino.s0.e20fwlo.extL,8,teacher.h.cls.L03,l2,8,10000,384,0.41787358146110826,0.19362803515308616,0.14139383747044762,2.955387511485053,2.158125403331853,0.4570960410357479,0.1140825158588544,0.02924760196312413,0.2563723436754319
in100.dino.s0.e20fwlo.extL,8,teacher.h.cls.L06,raw,8,10000,384,59.638796558333006,47.1812737227425,39.72642415295088,1.5012374717824444,1.2640353227595396,5.460714081433536,32.47901815375642,7.719218736421884,0.23766785990509087
in100.dino.s0.e20fwlo.extL,8,teacher.h.cls.L06,l2,8,10000,384,0.6831777135997154,0.539007170125143,0.45360995592517855,1.5060906505156233,1.2674742590921375,0.5844560349588818,0.37058918675202707,0.08841084087440282,0.23856832318629229
in100.dino.s0.e20fwlo.extL,8,teacher.h.cls.L09,raw,8,10000,384,78.45941645221963,91.79601440829971,81.98858735177225,0.9569553395960988,0.8547148474577535,6.263362373846001,66.90204653413291,16.00450096172236,0.23922289064142438
in100.dino.s0.e20fwlo.extL,8,teacher.h.cls.L09,l2,8,10000,384,0.7807794831520795,0.9091076748042418,0.8115102394102319,0.9621314004854872,0.8588415924661561,0.624811764914874,0.6621100723101255,0.15849124384814878,0.2393729539488309
in100.dino.s0.e20fwlo.extL,8,teacher.h.gap,raw,8,10000,384,10.585260367911626,16.159816512588435,14.836658966599481,0.7134531023285856,0.6550359256657245,2.3005717080664567,11.511203917067556,3.4870532146578084,0.30292689103418513
in100.dino.s0.e20fwlo.extL,8,teacher.h.gap,l2,8,10000,384,0.48104298001700935,0.7394294126957273,0.6792990401936011,0.7081461205655634,0.6505597042228518,0.49042990325683106,0.5239701847313305,0.1627231495892279,0.31055803236717633
in100.dino.s0.e20fwlo.extL,8,teacher.h.gap.L03,raw,8,10000,384,12.113672989430503,9.230995190320504,7.716786066641691,1.5697821456779502,1.3122824505566566,2.4610640980509326,5.869466744030201,1.939629274514697,0.3304609020039993
in100.dino.s0.e20fwlo.extL,8,teacher.h.gap.L03,l2,8,10000,384,0.4938113487413433,0.3722595838919694,0.3105331652993015,1.590204860293723,1.3265242054443613,0.4968960398017594,0.23627649037853882,0.07797927075968232,0.33003398109880355
in100.dino.s0.e20fwlo.extL,8,teacher.h.gap.L06,raw,8,10000,384,11.363675798982596,13.585128970952251,12.164669496079426,0.9341540929365172,0.8364790517101773,2.3836606091243984,9.348246138434261,2.952274647354688,0.3158105385369287
in100.dino.s0.e20fwlo.extL,8,teacher.h.gap.L06,l2,8,10000,384,0.5149098266218128,0.6112343836691241,0.5468706553413974,0.9415568774674291,0.8424097864568855,0.5074001510749739,0.4187110348577291,0.13427196432035957,0.320679306591437
in100.dino.s0.e20fwlo.extL,8,teacher.h.gap.L09,raw,8,10000,384,11.628023368960674,17.111446474705406,15.657943553585323,0.7426277486035587,0.6795464887290228,2.4112261786237177,11.99844461257889,3.8306134057534873,0.31925916478687255
in100.dino.s0.e20fwlo.extL,8,teacher.h.gap.L09,l2,8,10000,384,0.5307398256407398,0.7828576931979294,0.7165152149928369,0.7407237341722684,0.6779518554294302,0.5151406728461362,0.5456256769511874,0.17871811497362905,0.32754711246776147
in100.dino.s0.e20fwlo.extL,8,teacher.z.dino.bottleneck,raw,8,10000,256,336.283351716165,1182.135178655429,1140.0997596909083,0.29495958477119105,0.28447114829850223,12.9669455099527,660.356935815206,491.5641756622567,0.7443916297410038
in100.dino.s0.e20fwlo.extL,8,teacher.z.dino.bottleneck,l2,8,10000,256,0.4133053081781654,1.4468955884555836,1.395232424933313,0.2962268513777695,0.28564971202886,0.45459064452437065,0.9058690241210366,0.5038323566968319,0.5561867591020674
in100.dino.s0.e20fwlo.extL,8,teacher.z.dino.tap1,raw,8,10000,2048,302.76975487175315,456.46589347721505,418.6196741182459,0.7232573469211362,0.6632910786945053,12.303856201853002,316.19312244728957,106.99121060572845,0.33837298476839656
in100.dino.s0.e20fwlo.extL,8,teacher.z.dino.tap1,l2,8,10000,2048,0.7342099456781169,1.0552700851897754,0.9634938419800108,0.7620286852786645,0.6957554809734606,0.6058918821366222,0.7336148866542439,0.2404316561776644,0.3277355197550414
in100.dino.s0.e20fwlo.extL,8,teacher.z.dino.tap2,raw,8,10000,2048,114.53196257405081,222.63656705124413,208.32007172948778,0.5497884175211657,0.514434641581987,7.567428974693149,139.9556525681853,70.59078483181493,0.504379662675101
in100.dino.s0.e20fwlo.extL,8,teacher.z.dino.tap2,l2,8,10000,2048,0.7533243337334846,1.299916548774335,1.2057510070576494,0.6247760352875796,0.5795174578274113,0.6137280887060184,0.8749206839670267,0.3438294885783658,0.39298360969064
in100.visreg.s0.extL,8,student.h.cls,raw,8,10000,384,1.0438052491606054,5.225251796897707,5.094776140752631,0.20487754914515402,0.19976171287675068,0.7224282833474217,2.9690965128250353,2.1779321458965732,0.7335336310183851
in100.visreg.s0.extL,8,student.h.cls,l2,8,10000,384,0.1265116232504691,0.6558575493087005,0.640043596402392,0.19766094678796214,0.19289497145198267,0.25150708066620026,0.3665218685837289,0.28008030331175,0.7641571412750995
in100.visreg.s0.extL,8,student.h.cls.L03,raw,8,10000,384,0.365781175542589,0.27172540153056635,0.22600275458774272,1.6184810499757827,1.3461427363147804,0.4276570913375511,0.1783734241848267,0.050346584418221665,0.2822538427364248
in100.visreg.s0.extL,8,student.h.cls.L03,l2,8,10000,384,0.028865699813796417,0.021405255334431283,0.01779704285770673,1.621937984000335,1.3485333093581315,0.12013679663990633,0.014059102637597926,0.003951992773453115,0.28109850787235835
in100.visreg.s0.extL,8,student.h.cls.L06,raw,8,10000,384,0.7805041218928755,1.2714278897534657,1.1738648745168563,0.6649011643815634,0.613879975563709,0.6247015775123653,0.8492302115565279,0.3373489418578631,0.39724086268615744
in100.visreg.s0.extL,8,student.h.cls.L06,l2,8,10000,384,0.05737758293009897,0.09267701361941784,0.08550481575315547,0.6710450449451032,0.6191134207854657,0.169377659285543,0.062061145855407784,0.024370440033941874,0.3926843389376176
in100.visreg.s0.extL,8,student.h.cls.L09,raw,8,10000,384,1.5141421820023917,4.696025555998084,4.506757783247784,0.33597150209196036,0.3224305668584844,0.8700983226056673,2.9199591345628257,1.63375890424494,0.5595143044663005
in100.visreg.s0.extL,8,student.h.cls.L09,l2,8,10000,384,0.1553748117138419,0.4862018123261624,0.46677996086193213,0.33286521432268573,0.3195685572838027,0.27872460576153113,0.3002469663834155,0.17139501260177817,0.5708467754605275
in100.visreg.s0.extL,8,student.h.gap,raw,8,10000,384,0.32925839735604584,0.9952703835819072,0.9541130839124015,0.34509368219320585,0.3308230635488904,0.4057452386387583,0.6254798345640785,0.3385859531841421,0.541321933136527
in100.visreg.s0.extL,8,student.h.gap,l2,8,10000,384,0.07122269986976072,0.2171617584515739,0.2082589209678538,0.341991111539248,0.3279707273398372,0.1887096975114961,0.1360579690701268,0.07437256948224273,0.5466241337463279
in100.visreg.s0.extL,8,student.h.gap.L03,raw,8,10000,384,0.488383130546117,0.47474056120027713,0.41369266988201253,1.1805457676719449,1.0287368943394,0.4941574296447019,0.3191947036006118,0.09924537189340342,0.3109242439610868
in100.visreg.s0.extL,8,student.h.gap.L03,l2,8,10000,384,0.16365401966013676,0.16000577055653178,0.13954901809901468,1.1727350137570927,1.0228007345667325,0.28605420785240754,0.10759644231434148,0.033552633490238515,0.31183775939556596
in100.visreg.s0.extL,8,student.h.gap.L06,raw,8,10000,384,0.48164792381435945,0.7292787134053625,0.6690727229285676,0.7198738004236077,0.6604442375197096,0.49073818060874347,0.49074591129182915,0.18561959877079204,0.3782397254868022
in100.visreg.s0.extL,8,student.h.gap.L06,l2,8,10000,384,0.16762263290015147,0.25362355087391203,0.23267072176139308,0.7204285594302265,0.6609111508871052,0.2895018418768277,0.17077236338469903,0.06443459388543318,0.37731277244363787
in100.visreg.s0.extL,8,student.h.gap.L09,raw,8,10000,384,0.4856830845823454,1.1320525354741449,1.0713421499013518,0.4533407787858124,0.4290287503123021,0.4927895517268733,0.7255286853714954,0.3571339898845978,0.4922396551443491
in100.visreg.s0.extL,8,student.h.gap.L09,l2,8,10000,384,0.15512244742030448,0.3609306924870548,0.34154038655951674,0.45418478611832597,0.4297845837144153,0.27849815746275997,0.23095212923417371,0.11419756425021348,0.4944642191820754
in100.visreg.s0.extL,8,student.z.embed,raw,8,10000,512,12.652874998460875,93.16754888962416,91.58593951481654,0.1381530294441531,0.13580774796867062,2.515241041973997,49.74298634617132,42.774628657541456,0.859912759556982
in100.visreg.s0.extL,8,student.z.embed,l2,8,10000,512,0.1275112821455245,0.9563113162424792,0.9403724059742886,0.13559657996707625,0.13333658190571193,0.2524987942006105,0.5042734979674733,0.44566202116924025,0.8837704598110495
in100.visreg.s0.extL,8,student.z.proj.out,raw,8,10000,128,34.84492328211566,208.16971282298363,203.81409741271918,0.17096424498819351,0.16738709397051393,4.1740222377291945,135.50851439125316,70.38728014969585,0.5194306827574462
in100.visreg.s0.extL,8,student.z.proj.out,l2,8,10000,128,0.3162594808704023,1.7226465462677647,1.6831141111589645,0.18790138991386107,0.18358930423400016,0.3976553035421521,1.1403780652965527,0.5599625113250896,0.4910323412608542
in100.visreg.s0.extL,8,student.z.proj.tap1,raw,8,10000,2048,0.8641562449038924,5.191910141790443,5.083890611177456,0.16997931525197574,0.16644283535421242,0.6573264960823854,2.9656179028730474,2.1701918097223136,0.7317840263979603
in100.visreg.s0.extL,8,student.z.proj.tap1,l2,8,10000,2048,0.2495033038623146,1.3712434657033656,1.3400555527205764,0.18618877654420654,0.18195405127005243,0.35320199876438596,0.7985846196899403,0.5551833676876701,0.695209191360618
in100.visreg.s0.extL,8,student.z.proj.tap2,raw,8,10000,2048,4.268157576951842,24.30349581985818,23.7699761227392,0.17956086934680474,0.17561908001170626,1.4608486535147716,15.084560624730804,8.928450456206976,0.591893305899078
in100.visreg.s0.extL,8,student.z.proj.tap2,l2,8,10000,2048,0.27183813708028315,1.4618598545582622,1.4278800874232267,0.19037882765831285,0.1859536235519826,0.3686720338459938,0.9144293017285773,0.528069384240232,0.5774851956756024
in100.visreg.s0.visregf.extL,8,student.h.cls,raw,8,10000,384,70.27400196473528,116.76892608857922,107.98467584298731,0.6507775424257013,0.6018210864714679,5.9276471708737555,77.37910115402391,31.77326394984917,0.41061815756432934
in100.visreg.s0.visregf.extL,8,student.h.cls,l2,8,10000,384,0.783498604960034,1.3095417017658653,1.211604376145861,0.646662079128799,0.5982998509352677,0.6258987957170209,0.8694125154106307,0.3552872777528894,0.4086521317042282
in100.visreg.s0.visregf.extL,8,student.h.cls.L03,raw,8,10000,384,28.224632983566245,12.614152536955743,9.086073414009963,3.1063619781066514,2.2375369967087684,3.7566363267933087,7.422375097323415,1.7898398420561017,0.2411411197342393
in100.visreg.s0.visregf.extL,8,student.h.cls.L03,l2,8,10000,384,0.2728832149251178,0.12220851724088327,0.08809811537524355,3.0974920832619843,2.2329312316852845,0.36938003121792995,0.07195000370542644,0.017370196842225943,0.24142037453315504
in100.visreg.s0.visregf.extL,8,student.h.cls.L06,raw,8,10000,384,47.21552134055393,39.55953125551973,33.657591087950486,1.4028193882674278,1.1935308594933354,4.858781809288925,26.715664641303288,7.337521759202396,0.27465241302132337
in100.visreg.s0.visregf.extL,8,student.h.cls.L06,l2,8,10000,384,0.5029983564176246,0.4229072393841746,0.36003244483197155,1.3970917444742397,1.1893822322599072,0.5014969373872709,0.2855712924558124,0.07869022477000086,0.27555369481747505
in100.visreg.s0.visregf.extL,8,student.h.cls.L09,raw,8,10000,384,64.673240034231,87.84835986790543,79.76420486362656,0.8108052997557401,0.736191775594649,5.686529698956606,60.73049647547834,19.912191986827263,0.32787797140547625
in100.visreg.s0.visregf.extL,8,student.h.cls.L09,l2,8,10000,384,0.7196357337031324,0.9786810301608404,0.8887265634479489,0.8097380716417397,0.7353118243079306,0.5998482031744082,0.6777458602060096,0.22076751354354754,0.32573790045201073
in100.visreg.s0.visregf.extL,8,student.h.gap,raw,8,10000,384,8.750494777742897,13.980525830334457,12.886713983116595,0.6790322800061579,0.6259059840765344,2.0917092027505757,10.005758835751983,3.0207604056679562,0.3019021800599825
in100.visreg.s0.visregf.extL,8,student.h.gap,l2,8,10000,384,0.3646641252578316,0.581197403635668,0.535614387978439,0.6808333260691105,0.6274359158810465,0.4270035862014695,0.41491692514508266,0.12650943686971294,0.3049030521603253
in100.visreg.s0.visregf.extL,8,student.h.gap.L03,raw,8,10000,384,10.466130802636785,10.060563268372293,8.752296918042695,1.195815327181263,1.0403126071021775,2.2875894302340165,6.743559074004985,2.109343476721435,0.31279380125140666
in100.visreg.s0.visregf.extL,8,student.h.gap.L03,l2,8,10000,384,0.47959158211896724,0.45081873712010245,0.39086978935523153,1.2269855465424657,1.0638235340054187,0.4896894843260202,0.30163758791612516,0.09374038881030741,0.31077157677170303
in100.visreg.s0.visregf.extL,8,student.h.gap.L06,raw,8,10000,384,9.858814639061496,13.42177512814835,12.189423298265664,0.8088007445326989,0.7345388031710828,2.220226862176644,9.33833166857826,2.985309380968888,0.3196833746025423
in100.visreg.s0.visregf.extL,8,student.h.gap.L06,l2,8,10000,384,0.4998061377021016,0.6772757482749646,0.6147999810622019,0.812957308226615,0.7379655021977654,0.49990305945358127,0.46870321107296276,0.15286952747198887,0.32615421413912987
in100.visreg.s0.visregf.extL,8,student.h.gap.L09,raw,8,10000,384,10.437763004662937,17.43074397843247,16.126023602849603,0.6472620443652641,0.5988133964664883,2.284487142080574,12.058911684394118,4.241419358239808,0.3517248877217324
in100.visreg.s0.visregf.extL,8,student.h.gap.L09,l2,8,10000,384,0.5110314164365147,0.8416687226318803,0.777789795577316,0.6570302404870209,0.6071645561908613,0.5054856162328037,0.5786978012511256,0.2075086815525093,0.3585786590235566
in100.visreg.s0.visregf.extL,8,student.z.embed,raw,8,10000,512,495.4323404212195,510.36912979079653,448.4400872381441,1.1047904826539743,0.9707333604293432,15.739001563333353,355.37801045793185,98.16576807812021,0.27622915653004554
in100.visreg.s0.visregf.extL,8,student.z.embed,l2,8,10000,512,1.017493033671598,1.1079554945615344,0.9807688653525847,1.0374442640018053,0.9183519001133377,0.7132646891833346,0.76558219849962,0.2262662217985802,0.2955479140476547
in100.visreg.s0.visregf.extL,8,student.z.proj.out,raw,8,10000,128,32.34277128021137,214.36528514834563,210.32243873831922,0.15377708376827962,0.15087690741450718,4.021366141015474,133.66380250595685,78.80228908384582,0.5895559426444862
in100.visreg.s0.visregf.extL,8,student.z.proj.out,l2,8,10000,128,0.29112933889653964,1.7444524408638837,1.7080612735018164,0.17044431801891682,0.16688866493394755,0.3815293821559092,1.1076617216180864,0.617844076292369,0.5577913041806793
in100.visreg.s0.visregf.extL,8,student.z.proj.tap1,raw,8,10000,2048,1.7905873910488346,7.762655777116864,7.53883235323576,0.23751521550685398,0.23066685454831265,0.9461996065970527,4.693164414618218,2.92329449638871,0.6228834615900657
in100.visreg.s0.visregf.extL,8,student.z.proj.tap1,l2,8,10000,2048,0.3656763542943386,1.4428617403525026,1.3971521960657103,0.2617297924478517,0.2534382498804085,0.42759581048832707,0.8859556429493897,0.5256251705198458,0.5932861026428071
in100.visreg.s0.visregf.extL,8,student.z.proj.tap2,raw,8,10000,2048,4.096969269602277,24.5032017367736,23.991080578073316,0.17077051849622432,0.16720138509302154,1.431252820015087,14.811799278596428,9.424313316844623,0.6362706609495504
in100.visreg.s0.visregf.extL,8,student.z.proj.tap2,l2,8,10000,2048,0.25820731638785616,1.4398716980795099,1.4075957835310278,0.1834385406726138,0.1793266141228077,0.35930997508269663,0.8817749801866266,0.5402195203251963,0.612650089267513
in100.vicreg.s1.extL,8,student.h.cls,raw,8,10000,384,10.875553005686411,29.82700729759389,28.46756317188309,0.38203315612303634,0.36462099255139585,2.3319040509513265,18.638305301942435,10.127527942916593,0.5433717164114233
in100.vicreg.s1.extL,8,student.h.cls,l2,8,10000,384,0.14100021484549266,0.39977089404845473,0.38214586719276816,0.3689696185419351,0.35270255274863144,0.2655185632356923,0.24569494851661441,0.1404486276166383,0.5716382386556916
in100.vicreg.s1.extL,8,student.h.cls.L03,raw,8,10000,384,6.88696362597901,3.708527071435825,2.8476566181884486,2.4184670237242956,1.857061710301226,1.8556620955846204,2.2664170368424634,0.618324852060344,0.2728204218415974
in100.vicreg.s1.extL,8,student.h.cls.L03,l2,8,10000,384,0.04773090541492947,0.02536833561760121,0.019401972440735025,2.4601058248447463,1.8815150561873097,0.1544844740013207,0.015477070493341058,0.004178585303569981,0.2699855444457528
in100.vicreg.s1.extL,8,student.h.cls.L06,raw,8,10000,384,10.330333044280794,11.502760645928001,10.211469015392902,1.0116402477164368,0.8980742416767362,2.272700271074124,7.766041672210816,2.560454949641365,0.3296988424364792
in100.vicreg.s1.extL,8,student.h.cls.L06,l2,8,10000,384,0.0800336579395757,0.0878346985420088,0.07783049129956184,1.0283072431283273,0.9111849789214899,0.20004206800017804,0.05924943954406972,0.019459398740912216,0.32843177742530916
in100.vicreg.s1.extL,8,student.h.cls.L09,raw,8,10000,384,14.585621900155928,27.060770678783374,25.237567941263883,0.5779329424333385,0.5389950668179448,2.700520496141061,17.922225549217952,7.585950098833769,0.4232705407038462
in100.vicreg.s1.extL,8,student.h.cls.L09,l2,8,10000,384,0.1727036863582594,0.3178773296513218,0.2962893688565394,0.5828885694575189,0.5433029355937313,0.2938568413005382,0.20938325151318177,0.09008489063987091,0.43023923828119365
in100.vicreg.s1.extL,8,student.h.gap,raw,8,10000,384,3.3602903381808713,6.191527813048281,5.771491520775672,0.5822221736070848,0.5427239349711483,1.2962041386642906,4.147668260526525,1.6857385383796304,0.4064304164397262
in100.vicreg.s1.extL,8,student.h.gap,l2,8,10000,384,0.1293275206667974,0.24550470561047483,0.22933876552712515,0.5639147850540824,0.5267822477993246,0.25429070044616003,0.1644775064878427,0.06731630609538719,0.4092736297675017
in100.vicreg.s1.extL,8,student.h.gap.L03,raw,8,10000,384,5.382395608854472,4.635300613427428,3.9625011623206188,1.3583328782425643,1.161175090405761,1.640487063169727,2.992490959913474,1.0163632085414185,0.3396378542680062
in100.vicreg.s1.extL,8,student.h.gap.L03,l2,8,10000,384,0.3034995488552377,0.2712081778013608,0.2332707341944561,1.3010614036231325,1.1190648870386493,0.3895507340868694,0.17819313934948813,0.05778967662298154,0.324309212093959
in100.vicreg.s1.extL,8,student.h.gap.L06,raw,8,10000,384,5.008544021950301,6.013910242925593,5.387842240181805,0.9296010905065577,0.8328265337584735,1.5824891819456937,4.037967808233945,1.410013534377115,0.34918889930274155
in100.vicreg.s1.extL,8,student.h.gap.L06,l2,8,10000,384,0.3496044890671743,0.42936954418825213,0.38566898305485536,0.9064884769783225,0.8142274965685369,0.41809358346378284,0.2893722064027651,0.1005904720939727,0.3476162183798848
in100.vicreg.s1.extL,8,student.h.gap.L09,raw,8,10000,384,4.6326372676209475,7.021611401099009,6.44253174264639,0.719070926256392,0.6597683926079783,1.5219456737382164,4.714635503135261,1.798112353522121,0.3813894737623652
in100.vicreg.s1.extL,8,student.h.gap.L09,l2,8,10000,384,0.3181643660135961,0.49064936593992853,0.450878820188229,0.705653829294469,0.648455675478341,0.39885107873340153,0.32842763732036606,0.12735767652726218,0.38778002230984787
in100.vicreg.s1.extL,8,student.z.proj.out,raw,8,10000,2048,577.3108323229015,1781.9106182242372,1709.7467641838746,0.33765867812504585,0.32398416981106526,16.989862158400545,1385.285288801353,342.28058156476396,0.24708309857309563
in100.vicreg.s1.extL,8,student.z.proj.out,l2,8,10000,2048,0.5908766739340884,1.4613149103700196,1.3874553261282585,0.42587077422013286,0.40434588721500997,0.5435423966601356,1.145274485224682,0.2567939900072768,0.22422047580750787
in100.vicreg.s1.extL,8,student.z.proj.tap1,raw,8,10000,2048,7.43815167749599,21.988750855022662,21.058981895335663,0.3532056637146101,0.33827076974665754,1.9284905596730297,14.230645350540987,7.048224053344902,0.4952849206573024
in100.vicreg.s1.extL,8,student.z.proj.tap1,l2,8,10000,2048,0.49941606645452363,1.323661387791807,1.2612343794849916,0.39597403510238405,0.3772989610943268,0.4997079479328519,0.8613359692472048,0.4131350241157047,0.47964445798865074
in100.vicreg.s1.extL,8,student.z.proj.tap2,raw,8,10000,2048,16.50533942619997,54.75533163826645,52.692164209991454,0.31324087126924727,0.3014380322858826,2.872746023076176,38.81393337173239,14.425784154641734,0.3716650929572579
in100.vicreg.s1.extL,8,student.z.proj.tap2,l2,8,10000,2048,0.4917707887258129,1.4359065025550646,1.374435153964338,0.35779846528763387,0.3424810653414771,0.4958683236131407,1.0158895415673392,0.3729046774225495,0.36707207050012847
in100.vicreg.s2.extL,8,student.h.cls,raw,8,10000,384,10.831807171768064,29.5246218826029,28.17064598613189,0.38450687915003606,0.36687369663320235,2.3272093988045066,18.4237006079531,10.042191597004821,0.5450691916188559
in100.vicreg.s2.extL,8,student.h.cls,l2,8,10000,384,0.15794412418473178,0.4423943467231248,0.4226513312000333,0.3736983951671967,0.35702111782088863,0.2810196827490307,0.2727692187576518,0.1543060559096126,0.5657018655272442
in100.vicreg.s2.extL,8,student.h.cls.L03,raw,8,10000,384,6.61128276996888,3.527966705672092,2.701556359425982,2.4472126028026393,1.8739640482829907,1.8181422895319386,2.13144613564491,0.6053898908377928,0.28402776908768584
in100.vicreg.s2.extL,8,student.h.cls.L03,l2,8,10000,384,0.05511634095391886,0.029331860020939172,0.022442317401699316,2.455911302178869,1.8790605476288544,0.16600653745247332,0.017732482744534178,0.005003153257374529,0.28214623577833114
in100.vicreg.s2.extL,8,student.h.cls.L06,raw,8,10000,384,9.627592902195001,10.609565680670608,9.406116567896232,1.0235459908135398,0.9074445827443581,2.194036565578956,7.150487697407211,2.361724527295726,0.330288593902776
in100.vicreg.s2.extL,8,student.h.cls.L06,l2,8,10000,384,0.08675347686427486,0.09471727637071051,0.08387309176267616,1.0343421834233668,0.9159203071331314,0.20827082952765474,0.0639163420869868,0.020903922439396462,0.32705129481514006
in100.vicreg.s2.extL,8,student.h.cls.L09,raw,8,10000,384,14.267323190001466,26.81446202090561,25.031046622155426,0.56998508313964,0.5320756828489828,2.6708915356114207,17.739751006340533,7.559440236023945,0.42613000787452165
in100.vicreg.s2.extL,8,student.h.cls.L09,l2,8,10000,384,0.1888294682604392,0.35418796315489215,0.3305842796223373,0.5711991764283524,0.533133499451705,0.3072698067337883,0.23344274002073315,0.10068341923315303,0.4312981385679883
in100.vicreg.s2.extL,8,student.h.gap,raw,8,10000,384,4.123085168664174,7.563723541007416,7.048337894924394,0.5849726886154627,0.5451131504622679,1.4358072935920358,4.970202458108571,2.1537726722258985,0.43333700998681746
in100.vicreg.s2.extL,8,student.h.gap,l2,8,10000,384,0.12635522919225908,0.24979113918871862,0.23399673553968622,0.5399871451233517,0.5058435203211792,0.251351575678629,0.16452363253164864,0.07197101439992472,0.4374509199222792
in100.vicreg.s2.extL,8,student.h.gap.L03,raw,8,10000,384,5.942691343498305,4.223582091702275,3.4807456737649867,1.7073040952947096,1.4070263616216727,1.7237591687208376,2.672471950277693,0.8505095444043167,0.3182482586266028
in100.vicreg.s2.extL,8,student.h.gap.L03,l2,8,10000,384,0.23790062400918474,0.1910432331187724,0.1613056551176243,1.4748436676674932,1.2452711364096363,0.34489173954241403,0.12453594022731052,0.03868014722150147,0.3105942521564468
in100.vicreg.s2.extL,8,student.h.gap.L06,raw,8,10000,384,5.3589469871015885,5.879143895612786,5.209275522225087,1.028731723679797,0.9115182554216124,1.6369097389748752,3.8990598203434983,1.3690071408377162,0.35111211520656016
in100.vicreg.s2.extL,8,student.h.gap.L06,l2,8,10000,384,0.3084185531689176,0.35648806505942315,0.3179357459133085,0.9700656724928756,0.8651581452453595,0.3926948899393253,0.23885452954628592,0.08264609701761677,0.346010172696354
in100.vicreg.s2.extL,8,student.h.gap.L09,raw,8,10000,384,5.224920876184922,7.8045021014351015,7.151386991911986,0.7306164359576902,0.6694752347140962,1.6163107492349549,5.165775788861534,2.0636562240648026,0.3994862162841961
in100.vicreg.s2.extL,8,student.h.gap.L09,l2,8,10000,384,0.2910681831626284,0.45151670075208183,0.4151331778567533,0.7011441115483787,0.644645442079556,0.38148930729617336,0.2979637120063005,0.12168463285797367,0.4083874242223181
in100.vicreg.s2.extL,8,student.z.proj.out,raw,8,10000,2048,582.3168519139147,1774.15827873567,1701.3686722464306,0.3422637676436365,0.32822147769639526,17.063365024430478,1380.5882048437734,338.52205019001417,0.24520131998978012
in100.vicreg.s2.extL,8,student.z.proj.out,l2,8,10000,2048,0.5957871423373594,1.4555008112381467,1.3810274184459768,0.4314086269248575,0.4093348060936791,0.5457962725859161,1.1408112681741616,0.25477115838419695,0.22332454586633904
in100.vicreg.s2.extL,8,student.z.proj.tap1,raw,8,10000,2048,7.520360340319675,21.950995004573933,21.010949962033973,0.3579257650848103,0.3425976972229576,1.9391184002427075,14.20251890635123,7.02794100572848,0.4948376447917033
in100.vicreg.s2.extL,8,student.z.proj.tap1,l2,8,10000,2048,0.5048460975912473,1.3198382418220704,1.2567324796231645,0.40171325701920835,0.382506038690237,0.5024172059112065,0.8583408127756418,0.4115900492657433,0.4795182090139376
in100.vicreg.s2.extL,8,student.z.proj.tap2,raw,8,10000,2048,16.705163967609586,54.612659225116055,52.52451372916486,0.3180450951673227,0.3058844635041499,2.8900833869985125,38.748245893902144,14.322394427513874,0.3696269107698577
in100.vicreg.s2.extL,8,student.z.proj.tap2,l2,8,10000,2048,0.4960438583828455,1.4303166491699635,1.3683111668721077,0.3625226998013744,0.3468070225363789,0.4980180008708749,1.0113885564019758,0.3712257769618315,0.3670456567972953
in100.vicreg.s1.e20f.extL,8,student.h.cls,raw,8,10000,384,312.8441372896884,440.4144695365039,401.30895237529285,0.7795593281385992,0.7103402792803977,12.506880851948825,317.68770009173505,88.02539697892298,0.2770815393655621
in100.vicreg.s1.e20f.extL,8,student.h.cls,l2,8,10000,384,0.8726076404271279,1.228288278202452,1.119212323149061,0.7796622878239259,0.7104257656062243,0.6605329819271434,0.8869806270866787,0.24451457884440694,0.27567070957065243
in100.vicreg.s1.e20f.extL,8,student.h.cls.L03,raw,8,10000,384,100.49940199958992,55.113571716073,42.55114646612426,2.3618494528602025,1.8234964432595624,7.0887023494991634,34.2341089966469,8.868173186638096,0.25904495389398624
in100.vicreg.s1.e20f.extL,8,student.h.cls.L03,l2,8,10000,384,0.38094947007593405,0.2099922182244147,0.16237353446492292,2.3461303058487615,1.8141123194804323,0.4364341130548425,0.13061956279988468,0.033853893847282414,0.25917935354865773
in100.vicreg.s1.e20f.extL,8,student.h.cls.L06,raw,8,10000,384,164.70522183115708,148.65400701650864,128.065854287614,1.2860978654095987,1.107977007393187,9.074833933223161,103.5975782309113,25.954816126867794,0.2505349697366133
in100.vicreg.s1.e20f.extL,8,student.h.cls.L06,l2,8,10000,384,0.5764571168817169,0.5229888955642445,0.45093175595402996,1.2783688646236828,1.1022358634589866,0.5368692191221792,0.3645637139147291,0.0915979309949432,0.25125356007418725
in100.vicreg.s1.e20f.extL,8,student.h.cls.L09,raw,8,10000,384,265.148331362381,327.88900541532087,294.7454639950232,0.8995840945896898,0.8086527055902062,11.514085533866357,231.93594311559033,66.08841093358615,0.2849425149281392
in100.vicreg.s1.e20f.extL,8,student.h.cls.L09,l2,8,10000,384,0.7790760092624607,0.9648593846795837,0.867474883521776,0.8980963300050447,0.8074503099963949,0.6241297979036334,0.6833433475081506,0.1937801298604211,0.2835765220617879
in100.vicreg.s1.e20f.extL,8,student.h.gap,raw,8,10000,384,43.600586130781544,59.135351060117586,53.68527779376989,0.8121516349095121,0.7373015522721216,4.669078395721234,42.987181051233954,11.289450253137133,0.2626236467955851
in100.vicreg.s1.e20f.extL,8,student.h.gap,l2,8,10000,384,0.4369195654280848,0.5990449513163487,0.5444300056378382,0.802526607467571,0.7293602332646196,0.4673968150448208,0.43469367473492304,0.11572678041607867,0.2662260509924582
in100.vicreg.s1.e20f.extL,8,student.h.gap.L03,raw,8,10000,384,42.5728324550029,37.124462992467144,31.802858935591782,1.3386479668769036,1.1467595494550662,4.613720432308556,24.62524793694547,7.548855628570981,0.30654942634081533
in100.vicreg.s1.e20f.extL,8,student.h.gap.L03,l2,8,10000,384,0.43745381032129543,0.3817031577054883,0.32702143141532636,1.3376915648250491,1.1460576143800802,0.4676824832732649,0.25364365632778557,0.07719480666459576,0.3043435336889969
in100.vicreg.s1.e20f.extL,8,student.h.gap.L06,raw,8,10000,384,44.40279924497366,54.21626179712422,48.66591189150251,0.9124004363458105,0.8189941130786134,4.711836120079606,37.51712065791558,11.690953851558175,0.31161650058802026
in100.vicreg.s1.e20f.extL,8,student.h.gap.L06,l2,8,10000,384,0.48888772203571806,0.6014911264940164,0.5403801612395516,0.9047107149793998,0.8127929083266061,0.4944126424535067,0.41477171043907657,0.13162336206541522,0.3173392947317428
in100.vicreg.s1.e20f.extL,8,student.h.gap.L09,raw,8,10000,384,47.01536196841063,64.0019534016121,58.12503315556077,0.8088659810753623,0.7345926095941064,4.848472025721641,44.903345809414034,13.861706880162862,0.30870098052374395
in100.vicreg.s1.e20f.extL,8,student.h.gap.L09,l2,8,10000,384,0.5870998045538183,0.8034010421828282,0.7300135666136008,0.804231361448893,0.7307680395318846,0.5418024568760362,0.5609617514479347,0.1770858255874945,0.3156825311715225
in100.vicreg.s1.e20f.extL,8,student.z.proj.out,raw,8,10000,2048,585.32537130196,1843.3880975532807,1770.2224261405356,0.33065074911410697,0.3175269342787117,17.107386873832603,1433.04586816334,355.6104389527286,0.24815007450424176
in100.vicreg.s1.e20f.extL,8,student.z.proj.out,l2,8,10000,2048,0.5892260863538776,1.46251346199227,1.3888602011980353,0.4242515451487553,0.402885923218252,0.5427826850378877,1.1439777328977137,0.25950760292024394,0.22684672564640493
in100.vicreg.s1.e20f.extL,8,student.z.proj.tap1,raw,8,10000,2048,12.171667322355775,31.120787103584,29.59932868828953,0.41121430322071084,0.3911105230675234,2.4669482485812075,20.671308622163483,9.239227937161884,0.44695902451263847
in100.vicreg.s1.e20f.extL,8,student.z.proj.tap1,l2,8,10000,2048,0.5676931233614695,1.2918756257536421,1.2209139853334585,0.4649738885630178,0.4394332643518172,0.5327725233913013,0.8620060277072539,0.3718267138837412,0.43135048008042165
in100.vicreg.s1.e20f.extL,8,student.z.proj.tap2,raw,8,10000,2048,16.11357403485661,53.939629194994815,51.925432440637735,0.3103214220368409,0.29873349660237986,2.8384479944907053,38.25259223628443,14.212236496303271,0.3715365591046737
in100.vicreg.s1.e20f.extL,8,student.z.proj.tap2,l2,8,10000,2048,0.497536261576543,1.4416046908628244,1.3794126581657564,0.3606870348994266,0.34512669439134475,0.4987666095362354,1.0197196207399164,0.37410908433446827,0.3668744591410449
in100.vicreg.s2.e20f.extL,8,student.h.cls,raw,8,10000,384,313.0934395565564,440.7937438276416,401.65706388307206,0.7795043775147006,0.7102946535443154,12.511863161746863,317.5758719315109,88.4891293898375,0.27863933381224015
in100.vicreg.s2.e20f.extL,8,student.h.cls,l2,8,10000,384,0.8724979897934968,1.2280183952897183,1.1189561465655313,0.7797427919507829,0.7104926059252183,0.6604914798063245,0.8859743589730342,0.2452619715453943,0.2768273924198964
in100.vicreg.s2.e20f.extL,8,student.h.cls.L03,raw,8,10000,384,92.88761933997951,52.31270315373479,40.70175073623735,2.2821529211833225,1.7756226258659304,6.814969528177639,32.56001339511389,8.664864372660809,0.266119803684144
in100.vicreg.s2.e20f.extL,8,student.h.cls.L03,l2,8,10000,384,0.27551822245783814,0.1559571160924399,0.12151733828521014,2.267316140608483,1.7666280921386825,0.3711591454200193,0.09719638453285026,0.025880524913284252,0.2662704486146519
in100.vicreg.s2.e20f.extL,8,student.h.cls.L06,raw,8,10000,384,158.5123809371532,147.24644861012257,127.43240099297842,1.243893858249499,1.0765107235751434,8.90259459194771,103.49266351032688,25.41220196875278,0.24554592670442824
in100.vicreg.s2.e20f.extL,8,student.h.cls.L06,l2,8,10000,384,0.47786711635292795,0.4462445430284984,0.3865111534843824,1.2363604828605208,1.070863775968707,0.4888083041197888,0.3138078150203283,0.07716578389433916,0.24590140908167124
in100.vicreg.s2.e20f.extL,8,student.h.cls.L09,raw,8,10000,384,263.37877153587687,330.63074958040244,297.70840313841785,0.8846870587439226,0.7965949079755169,11.475599582067092,235.9965804576046,65.01813017661733,0.27550454354272924
in100.vicreg.s2.e20f.extL,8,student.h.cls.L09,l2,8,10000,384,0.7524971307580637,0.9466972672379532,0.8526351258931952,0.8825546918088438,0.7948656416359158,0.6133910379024394,0.676419941536145,0.1856821570294299,0.2745072190032526
in100.vicreg.s2.e20f.extL,8,student.h.gap,raw,8,10000,384,44.23935730637829,59.679846954463535,54.14992729116625,0.8169790712460527,0.7412779952357027,4.703156243756861,43.34589074154761,11.400835019163267,0.2630199731536585
in100.vicreg.s2.e20f.extL,8,student.h.gap,l2,8,10000,384,0.4205697261864866,0.5724215183934921,0.5198503026201813,0.8090208355495906,0.7347203287654535,0.4585682752799667,0.41484022097163575,0.1107342968324804,0.2669324024876839
in100.vicreg.s2.e20f.extL,8,student.h.gap.L03,raw,8,10000,384,48.07206165949204,44.18246609568385,38.17345838824735,1.2593059075384228,1.0880348225783658,4.902655487564471,29.098182336333355,9.517100712870834,0.327068564038357
in100.vicreg.s2.e20f.extL,8,student.h.gap.L03,l2,8,10000,384,0.3463348653365244,0.3268947887234333,0.28360293055636776,1.2211963559653285,1.0594689095198095,0.4161339119421322,0.21661896777187095,0.07025291067173119,0.32431560077286026
in100.vicreg.s2.e20f.extL,8,student.h.gap.L06,raw,8,10000,384,46.62775743672098,58.580591059507775,52.752121379917654,0.8839029827996988,0.7959591494963787,4.828444751507517,40.18037133033069,13.157555960182052,0.327462278832896
in100.vicreg.s2.e20f.extL,8,student.h.gap.L06,l2,8,10000,384,0.4358063335872174,0.5568040379702448,0.5023282462718426,0.8675728208032605,0.7826924804207446,0.4668009927084653,0.3813652638320509,0.12653102281949422,0.3317843412063273
in100.vicreg.s2.e20f.extL,8,student.h.gap.L09,raw,8,10000,384,48.3797061354211,66.58420658329125,60.53674331636361,0.7991792006813099,0.7265943174512736,4.91831811371637,46.76606783109038,14.436517551106157,0.3086964164540827
in100.vicreg.s2.e20f.extL,8,student.h.gap.L09,l2,8,10000,384,0.5354358421395109,0.7413505562511823,0.6744210759837435,0.7939192015292494,0.7222437990025545,0.5174146510002934,0.5186567770808516,0.16317780446540403,0.31461616173959067
in100.vicreg.s2.e20f.extL,8,student.z.proj.out,raw,8,10000,2048,586.2876007608847,1841.2169051598703,1767.9309550647597,0.33162358466618336,0.3184239722749983,17.121442707331717,1431.5522196138268,354.7909045025311,0.24783650895965142
in100.vicreg.s2.e20f.extL,8,student.z.proj.out,l2,8,10000,2048,0.5902683309588793,1.4612296245917267,1.3874460832218667,0.4254351488658817,0.40395316453004615,0.5432625198552167,1.1426047017722551,0.2594536776955287,0.22707212502547813
in100.vicreg.s2.e20f.extL,8,student.z.proj.tap1,raw,8,10000,2048,12.180607359655358,31.051622220148328,29.529046300191407,0.412495792645237,0.39226959781031284,2.467854063721694,20.587435754507798,9.2521267678851,0.44940646704188336
in100.vicreg.s2.e20f.extL,8,student.z.proj.tap1,l2,8,10000,2048,0.5699509850129945,1.2900471470802652,1.218803273953641,0.4676316491702117,0.44180632180998325,0.5338309587374053,0.8599011781388441,0.37180256728559957,0.43237825082449927
in100.vicreg.s2.e20f.extL,8,student.z.proj.tap2,raw,8,10000,2048,16.22332826593319,54.362859406170706,52.33494337292906,0.30999036628985677,0.2984266913688445,2.84809833625291,38.370674527147884,14.50789743984288,0.378098577067711
in100.vicreg.s2.e20f.extL,8,student.z.proj.tap2,l2,8,10000,2048,0.4987627894593169,1.44105094058686,1.3787055919044453,0.3617616352526442,0.3461104499582774,0.4993810115829981,1.0159807463987756,0.37713535491153855,0.3712032499122889
in100.simclr.s1.extL,8,student.h.cls,raw,8,10000,384,11.299988275348117,31.927597709448925,30.51509917503041,0.3703080960193817,0.3539254151903794,2.376971631651093,20.46907016572105,10.365304986403851,0.5063886587170101
in100.simclr.s1.extL,8,student.h.cls,l2,8,10000,384,0.3119412187415635,0.86845976953817,0.8294671171954745,0.3760742436617298,0.35918902600110975,0.3949311451009932,0.5610543131025887,0.2770974017882676,0.4938869469801231
in100.simclr.s1.extL,8,student.h.cls.L03,raw,8,10000,384,2.5169820805127943,1.7849020309747514,1.4702792709106522,1.7119074792871438,1.4101513902912908,1.121824870582034,1.1796875404230098,0.3084407507973893,0.26145970032606203
in100.simclr.s1.extL,8,student.h.cls.L03,l2,8,10000,384,0.09041192349836868,0.06413099477220544,0.05282950433490935,1.7113907207080334,1.4098007339432925,0.21261693664707038,0.04240265918558709,0.01106815509704432,0.2610250231854905
in100.simclr.s1.extL,8,student.h.cls.L06,raw,8,10000,384,4.237493955354586,5.973479181053516,5.443792436634193,0.7784084357879301,0.7093845691795376,1.4555916246246037,4.119854279746772,1.383672948697955,0.3358548275603095
in100.simclr.s1.extL,8,student.h.cls.L06,l2,8,10000,384,0.18706347488537473,0.2623271943133844,0.23894425995271257,0.7828749471629696,0.7130921953211711,0.3058295888933694,0.18136044960363462,0.06020708229221176,0.3319747079575235
in100.simclr.s1.extL,8,student.h.cls.L09,raw,8,10000,384,7.926211299383206,17.568222570747775,16.577446158324875,0.4781322299999035,0.4511675138144515,1.9907550451252416,11.994678276784985,4.758450107247371,0.3967134421985356
in100.simclr.s1.extL,8,student.h.cls.L09,l2,8,10000,384,0.28121477002946854,0.613899451660239,0.5787476054065553,0.4859022610243413,0.4580795263278816,0.3749765126174362,0.42179153127228697,0.16309506865087084,0.3866722220783163
in100.simclr.s1.extL,8,student.h.gap,raw,8,10000,384,4.742582183809991,11.495552560236586,10.902729787260338,0.4349903442853019,0.4125580009276549,1.5398997018978202,7.640642133943829,3.377043178918874,0.44198421019042855
in100.simclr.s1.extL,8,student.h.gap,l2,8,10000,384,0.3078546799678249,0.7247350674364242,0.6862532324404461,0.448602156485348,0.4247823705520235,0.3923357490516413,0.4832652143079136,0.2102353688068967,0.43503104006353066
in100.simclr.s1.extL,8,student.h.gap.L03,raw,8,10000,384,3.8163407585337765,3.520230402014823,3.043187807198101,1.2540602159048233,1.0841167545026238,1.3813654039633714,2.416459809820619,0.6619303013976314,0.2739256406034613
in100.simclr.s1.extL,8,student.h.gap.L03,l2,8,10000,384,0.3477006496729724,0.31680823014239984,0.2733456489332783,1.27201823416565,1.0975114172907912,0.4169536243234806,0.21702993156460548,0.05948379967009675,0.27408108753142013
in100.simclr.s1.extL,8,student.h.gap.L06,raw,8,10000,384,3.8773259407410756,4.9765172916427405,4.491851549050106,0.863191024547776,0.7791243782579477,1.3923587793275618,3.403795435454119,1.1378212865124135,0.33428016109922615
in100.simclr.s1.extL,8,student.h.gap.L06,l2,8,10000,384,0.4049708293452167,0.5143804714129099,0.4637591177447578,0.8732352936036575,0.7872982196093784,0.44998379378885234,0.35099079283766355,0.11791212962122317,0.33594080536397036
in100.simclr.s1.extL,8,student.h.gap.L09,raw,8,10000,384,4.374804104071539,8.137839358067072,7.59098884505813,0.5763154436618115,0.5375879163472032,1.4789868329487486,5.522939422855103,2.149427815783701,0.3891818561125095
in100.simclr.s1.extL,8,student.h.gap.L09,l2,8,10000,384,0.37674302743480476,0.6900327617382005,0.6429398833088499,0.5859692907771102,0.5459784641033344,0.43401787257831026,0.46681868490186407,0.1830215260243677,0.39206126906176214
in100.simclr.s1.extL,8,student.z.proj.out,raw,8,10000,512,665.6094711723598,2877.638004324913,2794.436820428368,0.2381909178645615,0.2313041008535437,18.242936594369336,1903.3665833951297,919.8466170764874,0.4832734929262608
in100.simclr.s1.extL,8,student.z.proj.out,l2,8,10000,512,0.42760865311894924,1.6249749714096469,1.5715238897697783,0.2720980927509744,0.26314783959287924,0.4623897993678868,1.1228785381152282,0.46489510136864637,0.4140208273541154
in100.simclr.s1.extL,8,student.z.proj.tap1,raw,8,10000,4096,34.252584311992614,82.64567799367569,78.36410495467662,0.437095329957552,0.4144510051041475,4.138392460363844,59.91571774463085,19.274843989982507,0.3216992921979936
in100.simclr.s1.extL,8,student.z.proj.tap1,l2,8,10000,4096,0.5880832361434066,1.3409402563900878,1.267429851872162,0.4639966742733175,0.43856035594499265,0.542256044753494,0.9714997422293945,0.3093395122066685,0.31841440482196853
in100.simclr.s2.extL,8,student.h.cls,raw,8,10000,384,10.882403947656286,31.461873984687138,30.101573491230102,0.36152276062335426,0.34589179121856756,2.3326384147201518,19.950404110605795,10.465788120471183,0.5245902821039844
in100.simclr.s2.extL,8,student.h.cls,l2,8,10000,384,0.3012238947653176,0.8597412424091923,0.8220882555635276,0.3664130860972265,0.3503657611227526,0.38808755118228,0.5493301554415887,0.2813555125460307,0.512179260066031
in100.simclr.s2.extL,8,student.h.cls.L03,raw,8,10000,384,2.9435514743240323,2.174952360730794,1.80700842644029,1.6289638892955642,1.3533866430688097,1.213167645942644,1.4521609830046567,0.376596967042941,0.2593355498807899
in100.simclr.s2.extL,8,student.h.cls.L03,l2,8,10000,384,0.13545258811207034,0.10028882504424634,0.08335725153023754,1.624964662647681,1.3506249380457904,0.26024275985324774,0.06699272248912011,0.017367417291559932,0.25924334235529045
in100.simclr.s2.extL,8,student.h.cls.L06,raw,8,10000,384,4.132733704228518,6.214212342627249,5.697620629598684,0.725343783466259,0.6650454597245511,1.43748629632225,4.305422023402723,1.4543407296222333,0.33779283928891546
in100.simclr.s2.extL,8,student.h.cls.L06,l2,8,10000,384,0.20567713333522183,0.30778505399308137,0.28207541232617867,0.7291565459005216,0.668249255988386,0.3206845282635427,0.2134709241854213,0.0716823386806882,0.3357943895835892
in100.simclr.s2.extL,8,student.h.cls.L09,raw,8,10000,384,8.016472978693367,17.988590873135866,16.986531750799195,0.4719311214495685,0.44564207587072063,2.0020580634304,12.07856894483821,5.087848714692345,0.42122943023532955
in100.simclr.s2.extL,8,student.h.cls.L09,l2,8,10000,384,0.28619972635351465,0.6338182906172929,0.5980433248231035,0.47856018865885724,0.45154854410209105,0.3782854255410289,0.4278949884626261,0.17648651926665035,0.41245287751731946
in100.simclr.s2.extL,8,student.h.gap,raw,8,10000,384,4.887791847212335,12.847757377078377,12.236783396176834,0.3994343684092209,0.3804393018763431,1.5632964925458535,8.369193138236932,3.9960678317106826,0.4774734870741077
in100.simclr.s2.extL,8,student.h.gap,l2,8,10000,384,0.29761089468985086,0.7630954029579433,0.725894041121712,0.4099921997292576,0.3900048323397555,0.3857530911670384,0.5002477047701509,0.23327729038114045,0.4663235596219767
in100.simclr.s2.extL,8,student.h.gap.L03,raw,8,10000,384,4.019121082377282,3.6991892378580697,3.1967991025609095,1.2572329237572741,1.0864870175456234,1.4175896942305417,2.535525915720234,0.6982650792192555,0.27539260194108817
in100.simclr.s2.extL,8,student.h.gap.L03,l2,8,10000,384,0.32683570446369087,0.29643494864866365,0.2555804855907023,1.2787975721554101,1.1025545602959872,0.4042497399279874,0.20253458765820798,0.05601024741898093,0.27654657936007626
in100.simclr.s2.extL,8,student.h.gap.L06,raw,8,10000,384,3.6341889638110585,4.789315315369819,4.335041694893437,0.8383284913019489,0.7588117976171371,1.3479964695449054,3.2819137354999928,1.101021112547142,0.335481429824786
in100.simclr.s2.extL,8,student.h.gap.L06,l2,8,10000,384,0.3567620746771824,0.4683707691194112,0.4237755097847634,0.841865720032719,0.7617086680023489,0.42235179334127515,0.32044229901299753,0.10801691846296008,0.3370869538624137
in100.simclr.s2.extL,8,student.h.gap.L09,raw,8,10000,384,4.23685859286473,8.470150409411454,7.940543085303363,0.5335728988998822,0.5002105497627317,1.4554824960927442,5.6835044096822855,2.34174017971519,0.41202399275451534
in100.simclr.s2.extL,8,student.h.gap.L09,l2,8,10000,384,0.3297248172690786,0.6516487907159862,0.6104331885573514,0.540148903188445,0.5059854663534324,0.4060325216464062,0.4375046904079479,0.17944498605656337,0.4101555708791173
in100.simclr.s2.extL,8,student.z.proj.out,raw,8,10000,512,568.0898165148335,2512.077473069053,2441.066246004699,0.23272199902179136,0.22614343013107285,16.853631901089354,1656.481408561416,809.705612173974,0.4888105643619442
in100.simclr.s2.extL,8,student.z.proj.out,l2,8,10000,512,0.4173580647399478,1.6340393792490187,1.581869621156525,0.26383847262634197,0.255414936775734,0.45681400194168076,1.1253167764004126,0.4728932385486027,0.4202312170811687
in100.simclr.s2.extL,8,student.z.proj.tap1,raw,8,10000,4096,29.81230549040684,72.69139316754855,68.9648549812477,0.4322825807219218,0.410121531467853,3.860848707888386,52.891252383628014,16.800516529295162,0.31764263034345547
in100.simclr.s2.extL,8,student.z.proj.tap1,l2,8,10000,4096,0.5857064141278107,1.3520302837064768,1.2788169819405004,0.45800644063941737,0.43320509990511896,0.541159132847174,0.982338869592431,0.3099984151851343,0.3155717693566901
in100.simclr.s1.e20f.extL,8,student.h.cls,raw,8,10000,384,244.56859009637472,416.9547752397689,386.383701477722,0.6329681846336264,0.5865590337842662,11.058222960683482,308.81081440215735,81.74243482796227,0.2647006873325069
in100.simclr.s1.e20f.extL,8,student.h.cls,l2,8,10000,384,0.7430909838648515,1.2509039729827856,1.1580175999996791,0.6416923057689774,0.5940431878979072,0.6095453157333143,0.9307512180940176,0.23977542163548965,0.2576149426121614
in100.simclr.s1.e20f.extL,8,student.h.cls.L03,raw,8,10000,384,37.48075474135151,23.066975576032096,18.381881233363156,2.0390053806529798,1.6248664510789248,4.3290157508001466,15.0671848597275,3.5453661293959744,0.2353038183577509
in100.simclr.s1.e20f.extL,8,student.h.cls.L03,l2,8,10000,384,0.20140193898283984,0.12375835841702296,0.09858311604416797,2.042965845110903,1.627380498246307,0.3173341606121533,0.08077290956060464,0.019047790067733543,0.23581904095508427
in100.simclr.s1.e20f.extL,8,student.h.cls.L06,raw,8,10000,384,68.7257880634748,75.20446738225394,66.6137438743196,1.0317058322549773,0.9138524672231384,5.861987208424921,53.70010117405912,13.665687374082992,0.25448159454650093
in100.simclr.s1.e20f.extL,8,student.h.cls.L06,l2,8,10000,384,0.3739048564267378,0.4090871703893438,0.36234906333600153,1.0318913287213902,0.9139980021149976,0.43237995815413194,0.2918955855066875,0.07454434953320752,0.2553801881032547
in100.simclr.s1.e20f.extL,8,student.h.cls.L09,raw,8,10000,384,133.10057199496248,195.6195022190242,178.98193071965392,0.7436536831387905,0.6804054324089692,8.157835864828444,144.9667828804956,35.97134286134856,0.2481350703009102
in100.simclr.s1.e20f.extL,8,student.h.cls.L09,l2,8,10000,384,0.5623037334452764,0.8216335560912369,0.7513455894105774,0.7483956003340589,0.6843728926071714,0.5302375568767628,0.6091428376505345,0.15041908732095544,0.24693565781898094
in100.simclr.s1.e20f.extL,8,student.h.gap,raw,8,10000,384,32.03643835289868,58.41109800222027,54.406543208107934,0.5888342920511893,0.5484649227391846,4.002276749107855,41.48193423773092,13.508719950399225,0.32565308726881964
in100.simclr.s1.e20f.extL,8,student.h.gap,l2,8,10000,384,0.35788300470089407,0.6530557053610195,0.6083203297734078,0.5883134052649552,0.5480129822968941,0.4230147779338767,0.4628981971288243,0.15195268969819353,0.3282637319408379
in100.simclr.s1.e20f.extL,8,student.h.gap.L03,raw,8,10000,384,28.22982644708399,28.157124405231173,24.628396099345675,1.1462308115076156,1.0025820123108633,3.7569819301590996,19.40705060815204,5.502916735245934,0.28355244938323615
in100.simclr.s1.e20f.extL,8,student.h.gap.L03,l2,8,10000,384,0.3553059613410731,0.34661041997735437,0.30219717480972025,1.1757421675592865,1.025087362821599,0.4214890042107108,0.23838160840651337,0.06728167060298039,0.2822435466088668
in100.simclr.s1.e20f.extL,8,student.h.gap.L06,raw,8,10000,384,28.38578591396779,37.67153376842189,34.12331052917592,0.8318590861721209,0.7535075712197876,3.7673456115657737,26.052629242339247,8.447396624520886,0.3242435358805421
in100.simclr.s1.e20f.extL,8,student.h.gap.L06,l2,8,10000,384,0.3757261169627693,0.4948544412715015,0.44788867665115534,0.8388828218923898,0.7592659287797064,0.43343172297535476,0.34183533135652217,0.11100188970734819,0.3247232790912919
in100.simclr.s1.e20f.extL,8,student.h.gap.L09,raw,8,10000,384,32.12245164933541,56.497417347498555,52.48211089133163,0.6120647798608462,0.5685649567264272,4.007645920570791,39.45705464359255,13.590030421214054,0.3444258712154265
in100.simclr.s1.e20f.extL,8,student.h.gap.L09,l2,8,10000,384,0.401825260336982,0.7039703569453095,0.6537421994031868,0.6146540038318096,0.5707985519171502,0.4482327856911975,0.49059537297524514,0.1701865299973947,0.34689795169752263
in100.simclr.s1.e20f.extL,8,student.z.proj.out,raw,8,10000,512,11422.627879533078,51106.98281081736,49679.15432587572,0.2299279855813392,0.22350425032556123,75.57323560472014,34053.58750833993,16136.63664564397,0.4738601077402494
in100.simclr.s1.e20f.extL,8,student.z.proj.out,l2,8,10000,512,0.40347003052766717,1.6462597408991695,1.595825987083211,0.2528283370451399,0.24508285084302442,0.4491492126942154,1.126286202487571,0.4860023820046314,0.4315087771928864
in100.simclr.s1.e20f.extL,8,student.z.proj.tap1,raw,8,10000,4096,481.41553590164534,1225.9908312425239,1165.8138892548182,0.41294372998880935,0.3926746625125554,15.514759680730561,855.9984475208582,322.07535004638527,0.37625693245026265
in100.simclr.s1.e20f.extL,8,student.z.proj.tap1,l2,8,10000,4096,0.5958517638415312,1.3818263290557988,1.3073448585756073,0.4557724459105076,0.43120597090422813,0.5458258714285771,0.9749304233226185,0.3462326985435469,0.3551358027822807
in100.simclr.s2.e20f.extL,8,student.h.cls,raw,8,10000,384,240.91527371448757,421.33413315899185,391.2197239446809,0.6158055408999609,0.5717914945751081,10.975319442150365,310.87603775505613,84.55702752121465,0.2719959638312117
in100.simclr.s2.e20f.extL,8,student.h.cls,l2,8,10000,384,0.7315949222081534,1.262445441434507,1.1709960761584879,0.624762915182592,0.579506169689874,0.6048119220915513,0.9355703325123291,0.2480501980605037,0.2651326035471896
in100.simclr.s2.e20f.extL,8,student.h.cls.L03,raw,8,10000,384,25.468249282603967,16.36903069918763,13.185499538862134,1.9315346534684112,1.5558801098630672,3.568490527001856,10.722098145754648,2.627091700099366,0.2450165689948984
in100.simclr.s2.e20f.extL,8,student.h.cls.L03,l2,8,10000,384,0.1363481239285372,0.0877138656927269,0.07067035020165975,1.9293540153609563,1.5544648825099379,0.2611016314852678,0.057451590068679184,0.014095898789907826,0.24535263119884423
in100.simclr.s2.e20f.extL,8,student.h.cls.L06,raw,8,10000,384,59.199738549491265,67.6944448981279,60.29447757944149,0.9818434610614571,0.8745139817392674,5.440576189591102,48.40803114797595,12.56339088044681,0.25953112701573106
in100.simclr.s2.e20f.extL,8,student.h.cls.L06,l2,8,10000,384,0.33497157276301015,0.38362299161141494,0.34175154501603866,0.9801611072373928,0.8731790849030094,0.4092502735264878,0.2741886047736642,0.07139917015848857,0.2604016684698724
in100.simclr.s2.e20f.extL,8,student.h.cls.L09,raw,8,10000,384,136.35857419176,207.00107274211362,189.95625096814362,0.7178419951793418,0.6587336596155636,8.257074972160542,153.5199855855568,38.50627611000797,0.25082256204713094
in100.simclr.s2.e20f.extL,8,student.h.cls.L09,l2,8,10000,384,0.594842521989411,0.8977857456020361,0.8234304303533597,0.7223956026669375,0.6625662357676688,0.5453634210273967,0.6668919424747548,0.16551634533462528,0.24819065097774953
in100.simclr.s2.e20f.extL,8,student.h.gap,raw,8,10000,384,33.01550749909848,57.25396493032356,53.12702649293625,0.6214446709809406,0.5766501505926692,4.062973510810678,41.34534524317513,12.354220899064355,0.29880560499379705
in100.simclr.s2.e20f.extL,8,student.h.gap,l2,8,10000,384,0.4154563122951404,0.7164799738958013,0.6645479348589087,0.6251713239968861,0.579857536053842,0.4557720440610308,0.5167034092984908,0.15500932529937594,0.2999967147687808
in100.simclr.s2.e20f.extL,8,student.h.gap.L03,raw,8,10000,384,31.644501205980724,30.66303369860419,26.707471047856597,1.1848557712288654,1.032008167131265,3.9777192715160736,21.18590283345887,5.828198551383771,0.27509795533373754
in100.simclr.s2.e20f.extL,8,student.h.gap.L03,l2,8,10000,384,0.3346903712370244,0.32194031941706347,0.2801040230124354,1.1948788440720308,1.0396037745227047,0.40907845900085255,0.22212347105376778,0.06119995515283831,0.2755222348295831
in100.simclr.s2.e20f.extL,8,student.h.gap.L06,raw,8,10000,384,29.058850315702195,38.405788638658656,34.77343234919588,0.8356624110007986,0.7566268353216946,3.811748307253654,26.732545203891323,8.424945031691149,0.31515686095107664
in100.simclr.s2.e20f.extL,8,student.h.gap.L06,l2,8,10000,384,0.3875971985366818,0.5090222628633085,0.4605726130462233,0.8415550285830441,0.7614543150949885,0.4402256231392499,0.3536774435559284,0.11198539211892804,0.31663142266865923
in100.simclr.s2.e20f.extL,8,student.h.gap.L09,raw,8,10000,384,31.886113508568965,54.67507772890026,50.689313540329145,0.6290500162958395,0.5831928336100844,3.9928757499181566,38.19286743717458,13.043196880443578,0.3415087097584125
in100.simclr.s2.e20f.extL,8,student.h.gap.L09,l2,8,10000,384,0.42159236887988444,0.7159096109102799,0.6632105648002944,0.6356840364972686,0.5888905002180781,0.45912545610099015,0.49917832268347617,0.17119133822592117,0.3429462587750867
in100.simclr.s2.e20f.extL,8,student.z.proj.out,raw,8,10000,512,11315.341303527528,51077.74671857792,49663.329055636976,0.22784097479351706,0.22153172429221374,75.2174890019852,33970.71543738777,16203.391085434987,0.4769811549980406
in100.simclr.s2.e20f.extL,8,student.z.proj.out,l2,8,10000,512,0.3974040846773067,1.6515088116971794,1.601833301112516,0.24809328436442102,0.2406309199579219,0.4457600726160356,1.12617825632386,0.4921701329056278,0.4370268473413788
in100.simclr.s2.e20f.extL,8,student.z.proj.tap1,raw,8,10000,4096,475.20927804313493,1233.29269450906,1173.891534753668,0.4048153206444698,0.3853175164005189,15.41442957172167,856.7702845667627,329.45417713199623,0.38453034969412964
in100.simclr.s2.e20f.extL,8,student.z.proj.tap1,l2,8,10000,4096,0.5876843964089743,1.393178292663644,1.3197177431125222,0.4453106730405359,0.4218299980007364,0.5420721337649512,0.9785912631806548,0.3550582628585037,0.36282590721736035
in100.dino.s1.extL,8,student.h.cls,raw,8,10000,384,45.16886340109938,82.10495318679541,76.45884526165798,0.5907604705056974,0.5501356696268562,4.752308039316232,56.34909483812182,20.930799955404137,0.371448734279292
in100.dino.s1.extL,8,student.h.cls,l2,8,10000,384,0.6380222425817429,1.1530543257219084,1.0733015453991905,0.5944482660224296,0.5533323351285184,0.5648106950924986,0.7917266993934979,0.2931053892629115,0.37021031308839886
in100.dino.s1.extL,8,student.h.cls.L03,raw,8,10000,384,21.22947524334692,11.108090607395397,8.454406201977033,2.5110545597374396,1.9111723151783657,3.2580266453289575,6.706775574082283,1.8587115339687004,0.2771393665163808
in100.dino.s1.extL,8,student.h.cls.L03,l2,8,10000,384,0.3092648049463289,0.16175699978688443,0.12309889916859332,2.5123279496006474,1.9119098731664574,0.39323326725134083,0.09761485419376134,0.0271016149727008,0.27763822623660583
in100.dino.s1.extL,8,student.h.cls.L06,raw,8,10000,384,35.468220277872945,34.93732091310258,30.503793378368464,1.1627478536169527,1.0151957663293885,4.211188684793935,23.783984639543064,7.069181947956425,0.2972244581844902
in100.dino.s1.extL,8,student.h.cls.L06,l2,8,10000,384,0.5442922088060766,0.5362772847683823,0.4682407586676227,1.1624195432171647,1.0149454848552013,0.5216762448138101,0.36496903998279984,0.10863449153250655,0.29765399152110616
in100.dino.s1.extL,8,student.h.cls.L09,raw,8,10000,384,43.59301101402148,64.61960759143703,59.170481214684344,0.7367357864786639,0.6746096523773712,4.668672777889959,45.07876603654575,14.737911254052944,0.32693688292409756
in100.dino.s1.extL,8,student.h.cls.L09,l2,8,10000,384,0.6454249995217645,0.9534610773316643,0.8727829523914438,0.7395022986565977,0.6769285237400954,0.5680778993772617,0.6651628599709828,0.2171547031937776,0.32646847300411636
in100.dino.s1.extL,8,student.h.gap,raw,8,10000,384,8.544595676512479,12.528496977944187,11.460422518380128,0.7455742284203509,0.6820128297556225,2.0669537581320583,8.78121250850258,2.8044949796569845,0.31937445733621384
in100.dino.s1.extL,8,student.h.gap,l2,8,10000,384,0.5059600871651643,0.7479351770940287,0.6846901661983832,0.7389621059908236,0.676475853336627,0.5029712154612649,0.5228339730770216,0.16933554489230185,0.3238801485980638
in100.dino.s1.extL,8,student.h.gap.L03,raw,8,10000,384,8.783222406828669,7.090435874747096,5.9925330738935125,1.4656944398175793,1.2387422384159072,2.095617141420239,4.554403342222924,1.5090340904180588,0.3313351886136474
in100.dino.s1.extL,8,student.h.gap.L03,l2,8,10000,384,0.4595350765405592,0.3741919020590724,0.3167500174915025,1.4507815348514927,1.228073280078664,0.4793407329554621,0.2406299287157669,0.0798620077963263,0.3318872603360143
in100.dino.s1.extL,8,student.h.gap.L06,raw,8,10000,384,9.236305440672945,11.497332202411473,10.342794022327354,0.8930184068960676,0.8033433563601567,2.1489887669172383,7.968940067754446,2.4888272765970227,0.31231597369740854
in100.dino.s1.extL,8,student.h.gap.L06,l2,8,10000,384,0.5176744256511286,0.6490970408885165,0.5843877376821254,0.8858406709634193,0.7975300964899024,0.5087604670427571,0.44835917689027,0.14251953120074043,0.31786910706105653
in100.dino.s1.extL,8,student.h.gap.L09,raw,8,10000,384,9.062458140207868,12.465457107899296,11.332649840373312,0.7996768865055959,0.7270056815217016,2.128668379551858,8.711957282295295,2.7453471291570106,0.31512403472594946
in100.dino.s1.extL,8,student.h.gap.L09,l2,8,10000,384,0.5687870394589666,0.7872305249245835,0.7161321449922127,0.7942487199274537,0.7225164947884309,0.5332855892760306,0.5480008022135648,0.1760036480278937,0.3211740700322957
in100.dino.s1.extL,8,student.z.dino.bottleneck,raw,8,10000,256,207.13947304076405,713.6640930674096,687.7716589373141,0.30117477268664755,0.29024785617342047,10.176921760551274,404.2378333163837,290.6704665516044,0.7190580460194238
in100.dino.s1.extL,8,student.z.dino.bottleneck,l2,8,10000,256,0.43646162945604056,1.428914246983111,1.374356543301106,0.3175752548226612,0.30544984093870486,0.4671518112220269,0.8912034991002094,0.497442186670728,0.5581690233184264
in100.dino.s1.extL,8,student.z.dino.tap1,raw,8,10000,2048,199.1646838682687,334.01409125949067,309.1185057759571,0.6442988049787588,0.5962762921685857,9.979095246270292,230.14899278323148,82.30965390532052,0.3576363854993918
in100.dino.s1.extL,8,student.z.dino.tap1,l2,8,10000,2048,0.5711430057984934,0.9167740335721313,0.8453811578473196,0.6756041348885197,0.6229921277035779,0.534388906040579,0.6326011357781247,0.22194776240491607,0.3508494529209332
in100.dino.s1.extL,8,student.z.dino.tap2,raw,8,10000,2048,88.03785200077637,157.78669966837944,146.7819681682824,0.5997865616561487,0.5579548351401332,6.634676028291675,101.04045595876917,47.31937920619699,0.46832111709300145
in100.dino.s1.extL,8,student.z.dino.tap2,l2,8,10000,2048,0.7427362643604193,1.2684148650313938,1.1755728319863414,0.6318079528134662,0.5855625669776712,0.6093998130785812,0.8519274123330259,0.3363295683036297,0.39478664899698696
in100.dino.s1.extL,8,teacher.h.cls,raw,8,10000,384,44.038335359275756,80.20690352830103,74.70211160839156,0.589519284142013,0.5490591635137344,4.692458596475613,54.891398911449635,20.61278173222492,0.3755193371092126
in100.dino.s1.extL,8,teacher.h.cls,l2,8,10000,384,0.6354448571810213,1.1505052559124462,1.0710746487648186,0.5932778428784838,0.552318082786211,0.5636687223808952,0.7877828788455595,0.2947968224783839,0.3742107506961664
in100.dino.s1.extL,8,teacher.h.cls.L03,raw,8,10000,384,20.92290973612885,10.961407778528114,8.346044061512007,2.50692538667695,1.9087794340717754,3.2344172377824765,6.628208722069286,1.8274494172280018,0.27570788637710303
in100.dino.s1.extL,8,teacher.h.cls.L03,l2,8,10000,384,0.3115114723920109,0.1630998791856675,0.12416094513666615,2.50893283752894,1.9099429990220687,0.39465901256148384,0.09856527348856542,0.02722667043995742,0.2762298472505734
in100.dino.s1.extL,8,teacher.h.cls.L06,raw,8,10000,384,34.38152905881607,33.70113391904543,29.403442786693425,1.169302836686032,1.020189087447474,4.146174686311231,22.887300716597274,6.853153409286603,0.29943039129629095
in100.dino.s1.extL,8,teacher.h.cls.L06,l2,8,10000,384,0.5399363366774356,0.5294790305577415,0.461986988473062,1.1687262848289475,1.0197501799243656,0.5195846113374777,0.3594841565970637,0.10779762218157576,0.2998675190639995
in100.dino.s1.extL,8,teacher.h.cls.L09,raw,8,10000,384,42.382116014720324,62.68958294984008,57.39181844800004,0.7384696488249578,0.6760631355393064,4.6033746325234235,43.63533691320002,14.383377364298417,0.32962682041186064
in100.dino.s1.extL,8,teacher.h.cls.L09,l2,8,10000,384,0.641649855101572,0.9460199010172473,0.8658136691295508,0.7410946234501671,0.6782625338130955,0.5664140954732554,0.6585309197417147,0.21674294839800845,0.32913101253167903
in100.dino.s1.extL,8,teacher.h.gap,raw,8,10000,384,8.299026283396536,12.383714373147265,11.346336087722698,0.7314278564669433,0.67015646786816,2.0370353805710564,8.657372660528655,2.8128005709255137,0.32490233252287337
in100.dino.s1.extL,8,teacher.h.gap,l2,8,10000,384,0.5191469881526066,0.7787770237706221,0.7138836502515462,0.7272151252794183,0.6666182646722691,0.5094835562373955,0.5427422610985471,0.17892915939070553,0.32967611372024136
in100.dino.s1.extL,8,teacher.h.gap.L03,raw,8,10000,384,8.440892462940893,7.037129671073593,5.9820181132059815,1.411044283584944,1.1994794550450765,2.054372466586925,4.533035782159143,1.5193536277575754,0.33517353508158015
in100.dino.s1.extL,8,teacher.h.gap.L03,l2,8,10000,384,0.46767769831707096,0.39274048230425157,0.3342807700146177,1.3990565424885792,1.1908059377356632,0.48356886702778484,0.2532579809459417,0.08495019389171853,0.3354294840953157
in100.dino.s1.extL,8,teacher.h.gap.L06,raw,8,10000,384,9.025631242148817,11.403110880824608,10.274906975556005,0.8784148862486819,0.7915060492243617,2.124338866818194,7.8978058256314245,2.491132258732825,0.31542080341455603
in100.dino.s1.extL,8,teacher.h.gap.L06,l2,8,10000,384,0.519748915889427,0.6608960502323098,0.5959274357461314,0.8721681277162125,0.7864306583565319,0.509778832381959,0.45611688992251925,0.14641950632593526,0.3210131208927773
in100.dino.s1.extL,8,teacher.h.gap.L09,raw,8,10000,384,8.814202995992135,12.296312724387104,11.194537349888087,0.7873664377992585,0.716816755848365,2.099309767041555,8.583461064577454,2.734039412554502,0.31852412354235954
in100.dino.s1.extL,8,teacher.h.gap.L09,l2,8,10000,384,0.5732747364178793,0.8033011658032772,0.7316418237510423,0.7835456063443266,0.7136485801618646,0.535385252139933,0.5583117276984894,0.1813631077105855,0.32484201694672055
in100.dino.s1.extL,8,teacher.z.dino.bottleneck,raw,8,10000,256,247.23112248734068,851.9710579634421,821.0671676525245,0.3011094977700641,0.29018723133427066,11.118253515893148,480.9785564804836,348.6083217516752,0.7247897376186261
in100.dino.s1.extL,8,teacher.z.dino.bottleneck,l2,8,10000,256,0.4349455254232673,1.4301824372950092,1.3758142466171008,0.31613680879720957,0.3041189110431996,0.4663397503018949,0.8875761065050074,0.5025399644850437,0.5661936602415835
in100.dino.s1.extL,8,teacher.z.dino.tap1,raw,8,10000,2048,198.95282261474287,331.6212811963604,306.7521783695176,0.6485783529630937,0.5999398527651741,9.97378620722198,228.30048818812196,81.76790299335916,0.3581591245918912
in100.dino.s1.extL,8,teacher.z.dino.tap1,l2,8,10000,2048,0.5707503161736943,0.9099493116808964,0.8386055221591846,0.6805945120706636,0.6272330874336071,0.5342051647886298,0.6273163657196773,0.22038864955631643,0.3513197831264605
in100.dino.s1.extL,8,teacher.z.dino.tap2,raw,8,10000,2048,94.91601440828967,169.33472048733034,157.47021868629415,0.6027553349460798,0.5605230524202583,6.888977224824076,108.57071052387947,50.592855367287974,0.4659899076202544
in100.dino.s1.extL,8,teacher.z.dino.tap2,l2,8,10000,2048,0.7536037924831954,1.2678098890329603,1.1736094149725609,0.6421248695425767,0.5944138778236043,0.6138419146992145,0.8536207689086807,0.3326667449542095,0.38971257151991556
in100.dino.s2.extL,8,student.h.cls,raw,8,10000,384,44.64145394145565,82.85118304418071,77.27100130149876,0.5777258375010831,0.53881492455757,4.724481661592923,56.70345924222611,21.396053889714466,0.37733242690388075
in100.dino.s2.extL,8,student.h.cls,l2,8,10000,384,0.6285055014951817,1.1589069119024114,1.0803437242155136,0.5817643842486964,0.5423261308049793,0.5605825102048679,0.7932669140718523,0.29866587926268556,0.3765011170447392
in100.dino.s2.extL,8,student.h.cls.L03,raw,8,10000,384,18.101762024658363,8.955575544516277,6.692855291433982,2.7046396846240435,2.0212840520051807,3.008468216938511,5.282734715686121,1.4996763311930246,0.28388257444387816
in100.dino.s2.extL,8,student.h.cls.L03,l2,8,10000,384,0.29796531855292285,0.14702032182593483,0.10977465700681947,2.7143361380251227,2.026694778329351,0.38598271888319224,0.08663254188189388,0.024612318343184975,0.28410015230464947
in100.dino.s2.extL,8,student.h.cls.L06,raw,8,10000,384,32.59424062814084,32.78876094744794,28.714480868930337,1.1351150932144651,0.9940674696546519,4.036969199049012,22.122953542932038,6.919414935472779,0.31277084780044806
in100.dino.s2.extL,8,student.h.cls.L06,l2,8,10000,384,0.5359492797576016,0.5390290404223042,0.47203538045260396,1.1354006541706998,0.9942864661572044,0.5176626699683886,0.36353035338464157,0.11389531747218527,0.31330345983977775
in100.dino.s2.extL,8,student.h.cls.L09,raw,8,10000,384,42.34130505812283,62.354811152602515,57.06214802033716,0.7420208759584765,0.6790383015434026,4.601157737902648,43.59158216480237,14.094113967060823,0.3233219182955233
in100.dino.s2.extL,8,student.h.cls.L09,l2,8,10000,384,0.6322678574584243,0.9270808087637031,0.8480473265814001,0.7455572792230668,0.6819986472393675,0.5622578845416151,0.6479354139139635,0.20938272075507378,0.32315369133824934
in100.dino.s2.extL,8,student.h.gap,raw,8,10000,384,8.332536481521483,13.13586456533238,12.094297505142194,0.6889640740174199,0.6343348349915515,2.041143855969182,9.045463419593903,3.180192731201616,0.35157875099166463
in100.dino.s2.extL,8,student.h.gap,l2,8,10000,384,0.5009104076779924,0.7934093589877013,0.7307955580279522,0.6854316534568115,0.6313391718962028,0.5004549968168929,0.5451111107698441,0.19361854084798516,0.35519096386522647
in100.dino.s2.extL,8,student.h.gap.L03,raw,8,10000,384,8.984657671719486,7.154080321630797,6.030998112665861,1.4897463908752624,1.255878780750312,2.1195114616014092,4.560935325099869,1.5416035907822998,0.33800163363389585
in100.dino.s2.extL,8,student.h.gap.L03,l2,8,10000,384,0.4997842137659296,0.39388755340104503,0.33141452668030386,1.5080335155255342,1.2688499787579315,0.49989209523952743,0.2507020230818436,0.08465137913247081,0.33765734353422316
in100.dino.s2.extL,8,student.h.gap.L06,raw,8,10000,384,9.073158101511863,11.569614624352766,10.435469861663783,0.8694537209908899,0.7842230183202354,2.129924658469386,7.94928079562162,2.601885212285692,0.3273107692608849
in100.dino.s2.extL,8,student.h.gap.L06,l2,8,10000,384,0.5202807835330577,0.6648872111192983,0.5998521131776661,0.8673484215582973,0.7825098375064183,0.510039598233832,0.455286346628504,0.15121463866035495,0.3321308442041646
in100.dino.s2.extL,8,student.h.gap.L09,raw,8,10000,384,9.03440200135628,13.271590549122303,12.142290298952767,0.7440443095101644,0.680732423737542,2.125370791339276,9.17050589014444,3.1045003142995546,0.33853097653379915
in100.dino.s2.extL,8,student.h.gap.L09,l2,8,10000,384,0.551679065804839,0.8120838576030975,0.7431239743774927,0.7423782367766764,0.6793375593416484,0.5252042773078105,0.5589081036688753,0.19233670928464827,0.344129398056819
in100.dino.s2.extL,8,student.z.dino.bottleneck,raw,8,10000,256,204.57571940845406,742.9250858803557,717.3531209542989,0.2851813331993396,0.27536520612443005,10.113746076712973,404.3149550937906,320.4674167193119,0.7926182612883359
in100.dino.s2.extL,8,student.z.dino.bottleneck,l2,8,10000,256,0.42412411779059317,1.4394384666783042,1.3864229519544802,0.3059125046889142,0.2946455354700337,0.46050196405150823,0.8849652791074594,0.5158520575138038,0.5829065497734234
in100.dino.s2.extL,8,student.z.dino.tap1,raw,8,10000,2048,201.7591062941705,346.2775559249677,321.0576676381964,0.6284201457587837,0.5826514102400797,10.043881378584937,237.9690385533346,86.5514046441115,0.3637086789536835
in100.dino.s2.extL,8,student.z.dino.tap1,l2,8,10000,2048,0.6016536281472253,0.987917359294853,0.9127106557764498,0.6591942630881131,0.6090121025676362,0.5484768127037027,0.6810559757196002,0.24153385364979824,0.3546461117158466
in100.dino.s2.extL,8,student.z.dino.tap2,raw,8,10000,2048,87.62992446473463,159.8897685139529,148.93602795586108,0.5883729119639526,0.5480646152607791,6.619287139289797,102.38850713184904,48.14641850915155,0.47023264483338767
in100.dino.s2.extL,8,student.z.dino.tap2,l2,8,10000,2048,0.7399581674115959,1.2812430486120248,1.1887482776855753,0.6224683402715434,0.5775314591663114,0.6082590596989066,0.8635416649843038,0.3380190431873915,0.39143339214968337
in100.dino.s2.extL,8,teacher.h.cls,raw,8,10000,384,43.59306083327874,80.83419264149225,75.38506003733241,0.5782718858576282,0.5392898649537868,4.668675445631166,55.17233678310365,21.02106518064367,0.3810073382115891
in100.dino.s2.extL,8,teacher.h.cls,l2,8,10000,384,0.6257113077467841,1.152570873376781,1.074356959908433,0.5824054118848108,0.5428831512231318,0.559335010412715,0.7867756345808594,0.2991070340613414,0.38016814567559065
in100.dino.s2.extL,8,teacher.h.cls.L03,raw,8,10000,384,17.6873926219504,8.741675392849325,6.530751315105525,2.7083243211297514,2.023341273506753,2.9738352864567332,5.160533429689295,1.4576346393447233,0.28245813329272135
in100.dino.s2.extL,8,teacher.h.cls.L03,l2,8,10000,384,0.2968643234369877,0.1463320238837308,0.10922398345410733,2.7179408226007546,2.028703735232033,0.3852689472543743,0.08629435390682533,0.024392949786119323,0.2826714458336074
in100.dino.s2.extL,8,teacher.h.cls.L06,raw,8,10000,384,31.410232470696407,31.533589801891722,27.607310743054672,1.1377505314818994,0.9960880657111892,3.962968109302446,21.236378682445473,6.686267958628111,0.3148497236091928
in100.dino.s2.extL,8,teacher.h.cls.L06,l2,8,10000,384,0.528704443075082,0.5305106525514661,0.4644225971670809,1.1384123991815047,0.9965953379678669,0.514151944018051,0.3571058221284853,0.11262188156411024,0.3153739720423525
in100.dino.s2.extL,8,teacher.h.cls.L09,raw,8,10000,384,41.19092619373446,60.43060178696654,55.28173601274973,0.7451091294281084,0.6816236306721403,4.538222460046139,42.15403716422733,13.732004866392062,0.32575776343541507
in100.dino.s2.extL,8,teacher.h.cls.L09,l2,8,10000,384,0.629373081553726,0.9192582177506204,0.8405865825564047,0.7487308203750611,0.6846532012449895,0.5609692868391842,0.6410719461282984,0.20870721860561267,0.3255597439040701
in100.dino.s2.extL,8,teacher.h.gap,raw,8,10000,384,8.094501885088752,12.963220438625488,11.951407702989394,0.6772843907805172,0.62442060006711,2.01177805499125,8.898386394363845,3.182653513011803,0.3576663646599642
in100.dino.s2.extL,8,teacher.h.gap,l2,8,10000,384,0.506343891420999,0.8133516958598045,0.7500587094321796,0.6750723444093049,0.6225399098550307,0.5031619477966309,0.5568641927349585,0.20132803365581914,0.3615388388810303
in100.dino.s2.extL,8,teacher.h.gap.L03,raw,8,10000,384,8.666303035046111,7.0607266130987325,5.977438733717968,1.449835526738334,1.2273953531877,2.0816223282629958,4.506090608457258,1.5419553913916988,0.3421936053610815
in100.dino.s2.extL,8,teacher.h.gap.L03,l2,8,10000,384,0.4983671436513904,0.40181621739707557,0.3395203244406518,1.4678565840570321,1.2402862853066556,0.49918290418011635,0.2560632910153197,0.08747519559930284,0.34161552502294984
in100.dino.s2.extL,8,teacher.h.gap.L06,raw,8,10000,384,8.85107648214529,11.408693974926988,10.302309414658827,0.8591351827922559,0.7758185557082518,2.103696328150203,7.828352132746016,2.588044221662082,0.3305988511728141
in100.dino.s2.extL,8,teacher.h.gap.L06,l2,8,10000,384,0.5178725849618204,0.6683910358308608,0.6036569627106332,0.8578921754441288,0.7748048031764302,0.508857831305474,0.4570466976237442,0.15329417544519755,0.33540156015172506
in100.dino.s2.extL,8,teacher.h.gap.L09,raw,8,10000,384,8.810417920700736,13.129873499884319,12.028571259796728,0.7324575571288277,0.6710207772206154,2.098858966283911,9.049408224827786,3.1104617699677846,0.34371990882607995
in100.dino.s2.extL,8,teacher.h.gap.L09,l2,8,10000,384,0.5512139439615245,0.8221657582396705,0.75326401524448,0.731767259295696,0.6704413780765112,0.5249828301771042,0.564330766668719,0.1971549061581577,0.34936054846340536
in100.dino.s2.extL,8,teacher.z.dino.bottleneck,raw,8,10000,256,245.73001923510355,881.0066775693973,850.2904251650093,0.2889953972931268,0.2789195876619758,11.084448999276049,476.4992116440811,382.60128029662246,0.8029421055630303
in100.dino.s2.extL,8,teacher.z.dino.bottleneck,l2,8,10000,256,0.42435024404358707,1.438945409839863,1.3859016293344146,0.3061907389829559,0.29490364341953185,0.46062470843604725,0.8802632306661432,0.5200278527666703,0.5907640290429226
in100.dino.s2.extL,8,teacher.z.dino.tap1,raw,8,10000,2048,200.73417132672813,340.91544647800663,315.8236750621656,0.6355893720988978,0.588809258719458,10.018337470027852,233.97994881156862,85.25288071537709,0.3643597716316876
in100.dino.s2.extL,8,teacher.z.dino.tap1,l2,8,10000,2048,0.6005618378988907,0.9747443811938485,0.8996741514564872,0.6675326138098311,0.6161223901217403,0.5479789402426387,0.6711714443874955,0.23825015088093005,0.3549765903678378
in100.dino.s2.extL,8,teacher.z.dino.tap2,raw,8,10000,2048,94.25231564083272,170.4719462341275,158.69040677902342,0.5939383328450294,0.5528904768376719,6.8648494390202295,108.95953303531384,51.435593206050854,0.4720614321041606
in100.dino.s2.extL,8,teacher.z.dino.tap2,l2,8,10000,2048,0.7498382691617186,1.2775797113825749,1.18384992773736,0.6333896312304139,0.586920927501468,0.6123064057976687,0.8618225852873246,0.3348031395638614,0.38848267065574843
in100.dino.s1.e20fwlo.extL,8,student.h.cls,raw,8,10000,384,87.6778888517342,131.62464580047939,120.66490969401261,0.7266229185773366,0.6661206062019646,6.621098430462056,93.92750611550336,28.053650036514025,0.2986734258867284
in100.dino.s1.e20fwlo.extL,8,student.h.cls,l2,8,10000,384,0.7878944776302594,1.1722109168451071,1.0737241071413246,0.7337960211473169,0.6721439514919394,0.6276521638735341,0.8372195821847687,0.2482266341250071,0.296489283584656
in100.dino.s1.e20fwlo.extL,8,student.h.cls.L03,raw,8,10000,384,35.64500741815176,14.784913358080052,10.329287430811082,3.4508679961627156,2.410904044877039,4.2216707248524115,8.431668164811901,2.0454683995799803,0.24259356032491725
in100.dino.s1.e20fwlo.extL,8,student.h.cls.L03,l2,8,10000,384,0.36981013702015975,0.15299619182162377,0.1067699246941038,3.4636171007862657,2.417119881332187,0.4300058935759833,0.08714905683813999,0.021150829774180056,0.24269717357312337
in100.dino.s1.e20fwlo.extL,8,student.h.cls.L06,raw,8,10000,384,61.47280376811424,45.137535275915546,37.45343480490126,1.6413128485633508,1.3618998776150468,5.544042016801201,30.642662888572264,7.26214726908816,0.23699465335293926
in100.dino.s1.e20fwlo.extL,8,student.h.cls.L06,l2,8,10000,384,0.67604571028837,0.4949039179024075,0.41039820411636124,1.647292077566424,1.3660140601709334,0.5813973298392288,0.3354761309129866,0.07987111238239879,0.23808284710161745
in100.dino.s1.e20fwlo.extL,8,student.h.cls.L09,raw,8,10000,384,79.87497537306777,89.4792026500714,79.49483072843793,1.0047820045800016,0.8926652563661845,6.319611355655812,65.10759965443802,15.282023100500638,0.2347194979021001
in100.dino.s1.e20fwlo.extL,8,student.h.cls.L09,l2,8,10000,384,0.7905413543600325,0.8812148391454391,0.7823971698504351,1.0104092714332726,0.8971039969397956,0.6287055568229187,0.6406358504184086,0.15057346782348063,0.23503752986215007
in100.dino.s1.e20fwlo.extL,8,student.h.gap,raw,8,10000,384,11.403903195627393,17.814799784584476,16.38931188513105,0.6958134225252866,0.640136478294605,2.3878759594697745,12.672650758939445,3.894809124037452,0.3073397348451353
in100.dino.s1.e20fwlo.extL,8,student.h.gap,l2,8,10000,384,0.48439185821436853,0.7607790883672944,0.7002301060904983,0.6917609711453414,0.6367050115085582,0.49213405603268734,0.5386710097154194,0.16916688725875192,0.31404490720249273
in100.dino.s1.e20fwlo.extL,8,student.h.gap.L03,raw,8,10000,384,13.819501843979221,9.984364591447283,8.25692686094988,1.6736858732922602,1.3841143036600605,2.6286405083216704,6.359226195633216,1.9975443112311368,0.3141175120650403
in100.dino.s1.e20fwlo.extL,8,student.h.gap.L03,l2,8,10000,384,0.5204488070043614,0.3704488546560627,0.30539275378051756,1.704195009742773,1.4049140669838587,0.5101219496377123,0.2353289254068431,0.07376831692023512,0.3134689745117496
in100.dino.s1.e20fwlo.extL,8,student.h.gap.L06,raw,8,10000,384,11.57403587216765,13.42090173736572,11.974147253344762,0.9665853966289459,0.8623888393388554,2.4056221515615923,9.244373696111053,2.8639825746073684,0.30980817833145324
in100.dino.s1.e20fwlo.extL,8,student.h.gap.L06,l2,8,10000,384,0.5174645555083442,0.5983752455491349,0.5336921761105918,0.9695936696683279,0.8647826917262627,0.5086573284188208,0.41054114273802716,0.12913478582805607,0.3145477331865348
in100.dino.s1.e20fwlo.extL,8,student.h.gap.L09,raw,8,10000,384,12.374714552467372,18.38243058624966,16.83559126719124,0.7350329641574805,0.6731816282077435,2.4874399040446558,12.905771893428545,4.113643679625192,0.31874448995335236
in100.dino.s1.e20fwlo.extL,8,student.h.gap.L09,l2,8,10000,384,0.5284906269378346,0.7853571259578946,0.7192957975906653,0.7347333721510027,0.6729303261789829,0.5140479680622396,0.5483902464454182,0.17875912240482608,0.3259706451081422
in100.dino.s1.e20fwlo.extL,8,student.z.dino.bottleneck,raw,8,10000,256,266.2320025622613,917.371481454244,884.0924811339613,0.30113591987660027,0.2902117712883581,11.537590791891116,510.95348778514835,382.31270816335524,0.74823387510394
in100.dino.s1.e20fwlo.extL,8,student.z.dino.bottleneck,l2,8,10000,256,0.4152281151538232,1.4507523646398155,1.3988488502455876,0.29683558383089353,0.2862157079832943,0.4556468562131331,0.9170486453435458,0.4963077285484403,0.5412010922959414
in100.dino.s1.e20fwlo.extL,8,student.z.dino.tap1,raw,8,10000,2048,302.00494072384436,460.3277418906155,422.577124300135,0.7146741348671436,0.6560650450556762,12.288306244634457,319.3255752950142,107.85482642402698,0.337758184023887
in100.dino.s1.e20fwlo.extL,8,student.z.dino.tap1,l2,8,10000,2048,0.7539349567834961,1.0991365375715219,1.0048946679735848,0.7502626701202821,0.6859338499011883,0.61397677349534,0.7663071606958998,0.24957887265340017,0.32569038298787695
in100.dino.s1.e20fwlo.extL,8,student.z.dino.tap2,raw,8,10000,2048,102.98602969177678,198.5384411379315,185.6651874264594,0.5546868054226309,0.5187208537626667,7.175863351952041,124.73926180508008,62.91131003275862,0.5043424910680089
in100.dino.s1.e20fwlo.extL,8,student.z.dino.tap2,l2,8,10000,2048,0.7438253496697246,1.3067079847062166,1.213729815997501,0.6128426111526423,0.5692360943496926,0.6098464354531083,0.8796234632863025,0.3471734325582608,0.394684142759459
in100.dino.s1.e20fwlo.extL,8,teacher.h.cls,raw,8,10000,384,85.6437398205392,130.02284252975937,119.31737505219198,0.7177809584151242,0.6586822603954164,6.543842136716747,92.53741748991337,28.08018598757625,0.3034468299338158
in100.dino.s1.e20fwlo.extL,8,teacher.h.cls,l2,8,10000,384,0.7804658150982668,1.1741951830928015,1.076636956205518,0.7249108537467709,0.6646814995804522,0.6246862472866946,0.8364807696559486,0.2518981383804972,0.301140381845365
in100.dino.s1.e20fwlo.extL,8,teacher.h.cls.L03,raw,8,10000,384,35.89249670832542,14.829405839757106,10.342843751216428,3.4702735119733465,2.4203597295920596,4.236301258664533,8.448588414796117,2.042549394817886,0.2417622086123576
in100.dino.s1.e20fwlo.extL,8,teacher.h.cls.L03,l2,8,10000,384,0.3758597185503079,0.15496949746390848,0.10798703264512,3.4806004882595807,2.425378701623805,0.43350877646842856,0.08820376033860924,0.021332967281149844,0.24186006582093314
in100.dino.s1.e20fwlo.extL,8,teacher.h.cls.L06,raw,8,10000,384,60.0000195779299,43.779891762234385,36.27988931499315,1.6538093337879642,1.3704926431473592,5.477226468657741,29.65354899945575,7.06413923315975,0.2382223872525141
in100.dino.s1.e20fwlo.extL,8,teacher.h.cls.L06,l2,8,10000,384,0.6682534532036625,0.4862644381724966,0.40273275652203877,1.6592974928948785,1.3742593550849125,0.5780369595465599,0.328878548094596,0.0787168528091678,0.2393493077162525
in100.dino.s1.e20fwlo.extL,8,teacher.h.cls.L09,raw,8,10000,384,77.7980428163626,87.44844224885888,77.72368689681356,1.0009566700000703,0.8896446959565799,6.23690800061868,63.52771234657743,15.070458972724708,0.23722653336716024
in100.dino.s1.e20fwlo.extL,8,teacher.h.cls.L09,l2,8,10000,384,0.7836519697885612,0.8767649775518535,0.7788084813282833,1.0062191008141272,0.8937993531364734,0.6259600505577657,0.6363924744111126,0.15118365669268907,0.23756355200866772
in100.dino.s1.e20fwlo.extL,8,teacher.h.gap,raw,8,10000,384,11.248213263910154,17.782614128074464,16.376587470085695,0.6868472008870413,0.6325399169603492,2.3715198991269455,12.619674704402701,3.9347389069637417,0.31179400413475045
in100.dino.s1.e20fwlo.extL,8,teacher.h.gap,l2,8,10000,384,0.4935128814289797,0.783690706590105,0.7220015964114825,0.683534335494346,0.6297291486028844,0.4967458512302743,0.5533552533656843,0.17648325011169944,0.31893299835552597
in100.dino.s1.e20fwlo.extL,8,teacher.h.gap.L03,raw,8,10000,384,13.44846599145312,9.951082287058194,8.270024038126554,1.6261701210846373,1.3514576207397482,2.5931126076062645,6.354153485568661,2.0153813754284764,0.31717543178737223
in100.dino.s1.e20fwlo.extL,8,teacher.h.gap.L03,l2,8,10000,384,0.532631397825173,0.3873078772219669,0.3207289524938203,1.6606901050987457,1.37521447187071,0.5160578445412748,0.24659508478387204,0.07800694648216781,0.31633617738381486
in100.dino.s1.e20fwlo.extL,8,teacher.h.gap.L06,raw,8,10000,384,11.308360686309795,13.357635797685889,11.944090711897164,0.9467745146179996,0.8465839956700185,2.377852043999983,9.201007397771932,2.8766596721020954,0.3126461644622406
in100.dino.s1.e20fwlo.extL,8,teacher.h.gap.L06,l2,8,10000,384,0.5194907080153547,0.6109210751491125,0.5459847366471932,0.9514747815213037,0.8503401325425847,0.5096521892503527,0.419051425522171,0.1330425218765133,0.317484952379608
in100.dino.s1.e20fwlo.extL,8,teacher.h.gap.L09,raw,8,10000,384,12.1955943744928,18.34604117634026,16.82159187952866,0.7249964487210302,0.6647534613745821,2.4693718203718125,12.858657529508697,4.146394761783369,0.32245938211419134
in100.dino.s1.e20fwlo.extL,8,teacher.h.gap.L09,l2,8,10000,384,0.5356985712746789,0.8052188582525617,0.7382565368432268,0.7256265871553504,0.6652831907553932,0.5175415786556086,0.5611305074327936,0.18517821799295897,0.3300091788631501
in100.dino.s1.e20fwlo.extL,8,teacher.z.dino.bottleneck,raw,8,10000,256,316.5709742191249,1099.1717337563146,1059.600361978924,0.29876450176733865,0.2880086564246642,12.581156032319226,609.7114783001826,460.8806010163046,0.7558994990568255
in100.dino.s1.e20fwlo.extL,8,teacher.z.dino.bottleneck,l2,8,10000,256,0.41297272691809006,1.4510570980003765,1.3994355071356153,0.29509950605967444,0.28460129342062795,0.45440770620561116,0.9127591511322939,0.5011869269833248,0.5490900051361781
in100.dino.s1.e20fwlo.extL,8,teacher.z.dino.tap1,raw,8,10000,2048,305.4696982961396,468.0815685301271,429.89785624310963,0.710563437011872,0.6525992878877449,12.358594141247208,324.3919582688721,110.18671365953888,0.33967153269629047
in100.dino.s1.e20fwlo.extL,8,teacher.z.dino.tap1,l2,8,10000,2048,0.7523849292475474,1.1015750634747967,1.0075269473188533,0.7467640753924563,0.6830083161779573,0.6133453061887518,0.7675429440905124,0.25099975386308876,0.32701721225580005
in100.dino.s1.e20fwlo.extL,8,teacher.z.dino.tap2,raw,8,10000,2048,111.09996139748189,215.9979308712723,202.11043569658707,0.5496992820512631,0.5143566003124994,7.453185942852959,135.89138943182198,68.37902557347782,0.5031888029063404
in100.dino.s1.e20fwlo.extL,8,teacher.z.dino.tap2,l2,8,10000,2048,0.749692247631846,1.3056048763170582,1.2118933453630776,0.6186123972875202,0.5742106675846911,0.6122467834263591,0.8818392202999303,0.343110173826318,0.38908472874411243
in100.dino.s2.e20fwlo.extL,8,student.h.cls,raw,8,10000,384,88.53820953575855,132.04324532024563,120.9759691282758,0.7318660902139816,0.6705243370914283,6.653503195150603,93.91604068632594,28.38036089515231,0.30218864304491977
in100.dino.s2.e20fwlo.extL,8,student.h.cls,l2,8,10000,384,0.7916049401839578,1.1694631704003335,1.070512552877339,0.7394634822882467,0.6768959982835318,0.6291283415106801,0.8326591964041116,0.24954798817723053,0.2997000324441481
in100.dino.s2.e20fwlo.extL,8,student.h.cls.L03,raw,8,10000,384,37.72977689978763,17.28302940429293,12.566807291819476,3.002335917440885,2.183053446082545,4.343372934701073,10.22741665708488,2.512220928777517,0.2456359228346501
in100.dino.s2.e20fwlo.extL,8,student.h.cls.L03,l2,8,10000,384,0.38675049911071024,0.17640944921533572,0.12806563682649694,3.0199396863553574,2.192345709546544,0.4397445276013735,0.10421810886735661,0.02561162245129365,0.24575021298736854
in100.dino.s2.e20fwlo.extL,8,student.h.cls.L06,raw,8,10000,384,62.679764941032936,49.60839603869309,41.77342542106397,1.5004698395987197,1.2634910609112329,5.598203503849826,34.01179302734766,8.257716354103245,0.2427897978640383
in100.dino.s2.e20fwlo.extL,8,student.h.cls.L06,l2,8,10000,384,0.6682211646427344,0.5271359457666382,0.44360830018629643,1.5063315189596547,1.2676448457160503,0.578022994630289,0.3610056828451628,0.08787397679879999,0.24341438646130562
in100.dino.s2.e20fwlo.extL,8,student.h.cls.L09,raw,8,10000,384,81.20425842215867,94.66359673894318,84.51306443617335,0.9608485855282933,0.8578192802677701,6.371980007115476,68.68957595017943,16.77012445338336,0.24414365966601304
in100.dino.s2.e20fwlo.extL,8,student.h.cls.L09,l2,8,10000,384,0.7866568562517117,0.9108411161004752,0.8125090090690112,0.9681823185604779,0.8636598000972711,0.6271590134294937,0.660608648297484,0.16100877193253188,0.24372792022551107
in100.dino.s2.e20fwlo.extL,8,student.h.gap,raw,8,10000,384,11.304501518789985,17.37981447229851,15.96675178244976,0.708002583920394,0.6504385611715305,2.3774462684559228,12.292412386886403,3.8481375402863427,0.31304982449104557
in100.dino.s2.e20fwlo.extL,8,student.h.gap,l2,8,10000,384,0.4760742437797872,0.7408570936559814,0.681347813183508,0.6987242559059417,0.6425992918964386,0.48789048145039027,0.5220181884132968,0.16673819570677104,0.319410701404066
in100.dino.s2.e20fwlo.extL,8,student.h.gap.L03,raw,8,10000,384,12.047677323007832,8.849145182925653,7.343185517549674,1.6406608949501231,1.3614509733950029,2.4543509654293363,5.609139968878503,1.8225370005004304,0.3249227173171844
in100.dino.s2.e20fwlo.extL,8,student.h.gap.L03,l2,8,10000,384,0.45692110971289873,0.33732305302420773,0.2802079143100954,1.6306502649573331,1.3545504987472887,0.47797547516211475,0.21395079917803678,0.0696303456623007,0.32545027141664745
in100.dino.s2.e20fwlo.extL,8,student.h.gap.L06,raw,8,10000,384,11.603525242785425,14.037641368922685,12.587200713574507,0.9218511332922299,0.8266007755743039,2.4086848323084347,9.630830606472763,3.0967465207909712,0.32154511353461934
in100.dino.s2.e20fwlo.extL,8,student.h.gap.L06,l2,8,10000,384,0.49403938798178604,0.6003878397846071,0.5386329162868838,0.9172097973281926,0.822867078985187,0.4970107584257035,0.41054314346045007,0.13409365122427985,0.3266249926719282
in100.dino.s2.e20fwlo.extL,8,student.h.gap.L09,raw,8,10000,384,12.257736534321348,17.964913498099246,16.43269643130908,0.74593579851976,0.6823153663176982,2.475655118783849,12.560393433612683,4.051952132677385,0.3225975487227984
in100.dino.s2.e20fwlo.extL,8,student.h.gap.L09,l2,8,10000,384,0.5169493879631019,0.7627058108304662,0.6980871373350784,0.7405227231897393,0.6777834659476707,0.5084040656619013,0.5314653046604666,0.17424889078291653,0.32786503513006865
in100.dino.s2.e20fwlo.extL,8,student.z.dino.bottleneck,raw,8,10000,256,269.0956032595041,971.2210405394251,937.5840901319871,0.2870095664929879,0.27706937146877086,11.599474196262177,547.2238348110203,400.0724657263609,0.7310947372468215
in100.dino.s2.e20fwlo.extL,8,student.z.dino.bottleneck,l2,8,10000,256,0.41647027004099535,1.451578049256559,1.3995192655014346,0.2975809481920765,0.2869086304069526,0.4563278810466195,0.9183905865775313,0.49564445941646923,0.5396880876834058
in100.dino.s2.e20fwlo.extL,8,student.z.dino.tap1,raw,8,10000,2048,304.3456800080111,465.67905413104205,427.63584413004065,0.711693568688461,0.653552435541514,12.335835602179754,321.2407919444211,111.05184272693009,0.34569657874004844
in100.dino.s2.e20fwlo.extL,8,student.z.dino.tap1,l2,8,10000,2048,0.7353741154191862,1.0762969672915779,0.9843752028641796,0.7470465664713116,0.683244622782596,0.6063720456201729,0.7461806741730043,0.24895749836409115,0.3336423831131944
in100.dino.s2.e20fwlo.extL,8,student.z.dino.tap2,raw,8,10000,2048,102.50482837347363,205.35143905913932,192.53833551245512,0.5323865925227275,0.499167811256259,7.159079143768199,128.1407381705105,66.45111173253602,0.5185791238701375
in100.dino.s2.e20fwlo.extL,8,student.z.dino.tap2,l2,8,10000,2048,0.743388468521405,1.30924119316725,1.2163176346020745,0.6111795532460639,0.5678010074851352,0.6096673144106567,0.8762132324535484,0.3531968140801984,0.40309459044710644
in100.dino.s2.e20fwlo.extL,8,teacher.h.cls,raw,8,10000,384,86.89740510014592,130.28836800620536,119.42619236868713,0.7276243458543851,0.6669621120437028,6.591562982333778,92.46957072275751,28.259505325991707,0.3056087003011988
in100.dino.s2.e20fwlo.extL,8,teacher.h.cls,l2,8,10000,384,0.7869703468928945,1.168679786937334,1.070308493575722,0.7352743172800188,0.6733840660967064,0.6272839655582209,0.8303321540404166,0.2516631374046787,0.30308730810926654
in100.dino.s2.e20fwlo.extL,8,teacher.h.cls.L03,raw,8,10000,384,38.83454166534871,17.70892285754861,12.854605149380022,3.0210606404523985,2.1929364071285162,4.406503243238833,10.475496570873482,2.556197807082023,0.24401686256949237
in100.dino.s2.e20fwlo.extL,8,teacher.h.cls.L03,l2,8,10000,384,0.40371169414543717,0.18324204474609637,0.1327780829779167,3.0404994942770895,2.2031608231878645,0.4492837044370946,0.10819772045134494,0.026412782974032746,0.24411589138710385
in100.dino.s2.e20fwlo.extL,8,teacher.h.cls.L06,raw,8,10000,384,62.04218642084981,48.96984283729139,41.21456953468516,1.5053459764668085,1.2669468151448426,5.569658266933879,33.49828320137364,8.205984761684459,0.24496732302233215
in100.dino.s2.e20fwlo.extL,8,teacher.h.cls.L06,l2,8,10000,384,0.6697437723985354,0.5268102770053519,0.44309230545553496,1.5115220105435692,1.2713187301616204,0.5786811610889607,0.35994994847175116,0.08841045975383728,0.24561875930029678
in100.dino.s2.e20fwlo.extL,8,teacher.h.cls.L09,raw,8,10000,384,80.02131885569531,92.8545580354701,82.85189317850819,0.9658357315177545,0.8617920385246727,6.325397965966067,67.26471909693947,16.515719661923427,0.24553316929966765
in100.dino.s2.e20fwlo.extL,8,teacher.h.cls.L09,l2,8,10000,384,0.7864929418456867,0.9065350995824419,0.8082234818517311,0.9731132038427575,0.867581345948935,0.627093669975103,0.656379476296008,0.16090935655154753,0.2451468431943812
in100.dino.s2.e20fwlo.extL,8,teacher.h.gap,raw,8,10000,384,11.127144921459976,17.274305412854503,15.883412297672006,0.7005512866458082,0.6441442741413974,2.3587226332763223,12.206867556745777,3.849287795054777,0.3153378847735247
in100.dino.s2.e20fwlo.extL,8,teacher.h.gap,l2,8,10000,384,0.484734694566464,0.7603367882398513,0.6997449514190432,0.6927305350091478,0.6375262936949363,0.49230818323813386,0.5350675701447686,0.1722807491566732,0.3219794260939057
in100.dino.s2.e20fwlo.extL,8,teacher.h.gap.L03,raw,8,10000,384,11.729092697199434,8.77807368087553,7.3119370937256,1.6041019700872716,1.3361807070215397,2.4216825449673864,5.569993094572809,1.8297247359615456,0.32849676918708576
in100.dino.s2.e20fwlo.extL,8,teacher.h.gap.L03,l2,8,10000,384,0.4680638551081443,0.35069563100042167,0.29218764911190365,1.6019289539814963,1.3346726156037614,0.48376846481976493,0.22256974044491323,0.07312486497699464,0.32854809836601884
in100.dino.s2.e20fwlo.extL,8,teacher.h.gap.L06,raw,8,10000,384,11.41373080226707,14.034553686923132,12.607837336639749,0.9052885516771004,0.8132592640193435,2.388904644629738,9.629791550299556,3.1183913232094276,0.323827499995306
in100.dino.s2.e20fwlo.extL,8,teacher.h.gap.L06,l2,8,10000,384,0.501887422618703,0.6184256399673728,0.5556897121400349,0.9031792593133816,0.8115566208496495,0.5009428223952824,0.4227784974288401,0.13909547111086856,0.3290031824153507
in100.dino.s2.e20fwlo.extL,8,teacher.h.gap.L09,raw,8,10000,384,12.057683896348903,17.872559152592316,16.365348665548705,0.7367813630351778,0.674647866229051,2.455370022659406,12.492298209265615,4.0517760478090095,0.32434192491528757
in100.dino.s2.e20fwlo.extL,8,teacher.h.gap.L09,l2,8,10000,384,0.5288007486928122,0.7871233076135444,0.7210232140269429,0.7334032225390349,0.6718143695885049,0.5141987692968606,0.54813737142555,0.18075707567752836,0.32976601323027915
in100.dino.s2.e20fwlo.extL,8,teacher.z.dino.bottleneck,raw,8,10000,256,328.1849619837837,1171.96069637581,1130.937576127837,0.29018839669952473,0.280030689594513,12.809858742074084,656.2864789527731,486.3707041388219,0.7410951158325197
in100.dino.s2.e20fwlo.extL,8,teacher.z.dino.bottleneck,l2,8,10000,256,0.4162314735889915,1.452283238366284,1.40025430416766,0.2972542004335477,0.2866048871136339,0.45619703724870436,0.9142252503957905,0.5005518861555325,0.5475148339414507
in100.dino.s2.e20fwlo.extL,8,teacher.z.dino.tap1,raw,8,10000,2048,306.01257023829294,467.12922851280524,428.8776572330186,0.7135194969413611,0.6550918922640362,12.369570935127316,321.9211736237231,111.62777589442369,0.3467549979328156
in100.dino.s2.e20fwlo.extL,8,teacher.z.dino.tap1,l2,8,10000,2048,0.7376092125881869,1.0756372240635492,0.9834360724900258,0.7500326998587575,0.685741620024679,0.6072928505211415,0.7450691304469232,0.24912331428373827,0.33436268408315856
in100.dino.s2.e20fwlo.extL,8,teacher.z.dino.tap2,raw,8,10000,2048,112.43635668265027,224.00877862845283,209.95423404312155,0.5355279315755903,0.5019283501792594,7.4978782559684936,139.72121994405921,72.47310188534678,0.5186978893711575
in100.dino.s2.e20fwlo.extL,8,teacher.z.dino.tap2,l2,8,10000,2048,0.7519039429243106,1.3056879496742417,1.2116999568087028,0.6205364114269896,0.5758680265923449,0.6131492244651015,0.8763818886732065,0.3483749476322388,0.39751500131941236
in100.byol.s1.extL,8,student.h.cls,raw,8,10000,384,6.749267891411954,18.1296769212277,17.286018434801203,0.390446644313646,0.3722773395652386,1.8370176770259934,10.941362020797545,6.525953183215939,0.5964479715424172
in100.byol.s1.extL,8,student.h.cls,l2,8,10000,384,0.14835136953563083,0.39868338662488917,0.3801394654329353,0.3902551116776986,0.3721032140102963,0.2723521337676931,0.24026833010021337,0.14385796919897076,0.5987387898312239
in100.byol.s1.extL,8,student.h.cls.L03,raw,8,10000,384,2.24315037613498,1.290676204433054,1.0102824074161814,2.2203201398625603,1.737965237470472,1.0590444693531476,0.7882786003515677,0.23491056910894428,0.29800449866858686
in100.byol.s1.extL,8,student.h.cls.L03,l2,8,10000,384,0.04362317089454092,0.02508641312374704,0.019633516761929422,2.221872496074106,1.738916228452238,0.1476874586661659,0.015320286192266483,0.004564094700900413,0.29791184339652343
in100.byol.s1.extL,8,student.h.cls.L06,raw,8,10000,384,3.9898286702971975,4.114282527860841,3.615553944073691,1.1035179482903266,0.9697507750814695,1.4124143638283344,2.6514160932491375,1.0052806761031616,0.3791485910728013
in100.byol.s1.extL,8,student.h.cls.L06,l2,8,10000,384,0.07740498622552412,0.0797421518152974,0.07006652853710688,1.104735568346744,0.9706909641065778,0.19672949222920813,0.0513640818885682,0.01949986816669165,0.37964015805822515
in100.byol.s1.extL,8,student.h.cls.L09,raw,8,10000,384,6.522644069963836,12.290227253941906,11.474896745196427,0.5684272560181701,0.5307179383417663,1.8059130751456223,7.821918497737557,3.775880519998288,0.48273074196444754
in100.byol.s1.extL,8,student.h.cls.L09,l2,8,10000,384,0.13661829616844673,0.2571200679229417,0.24004278090188583,0.5691414490998068,0.5313404639010555,0.26136018840715464,0.16350932686798816,0.07910465471312714,0.48379292012493896
in100.byol.s1.extL,8,student.h.gap,raw,8,10000,384,4.5285412710829025,8.49266792362487,7.926600264739507,0.5713094037588288,0.5332295236088797,1.5047493597079387,5.587034788081654,2.4244921558940997,0.4339497153420384
in100.byol.s1.extL,8,student.h.gap,l2,8,10000,384,0.21913231581520368,0.42051472718835964,0.39312318771145915,0.5574138658441088,0.5211049736126091,0.3310077913095126,0.27615968345259745,0.12116865153074524,0.4387630012312921
in100.byol.s1.extL,8,student.h.gap.L03,raw,8,10000,384,5.299742399349211,4.633799914610315,3.971332114691664,1.334499922517985,1.1437141216734859,1.6278424984237896,3.022501269214038,0.9951688446237298,0.3292534083476201
in100.byol.s1.extL,8,student.h.gap.L03,l2,8,10000,384,0.39434972288824527,0.3513667144105172,0.30207299904948653,1.3054782258895032,1.1223309059022282,0.44404376073099217,0.2301643553790304,0.07542231081456131,0.32768892772452646
in100.byol.s1.extL,8,student.h.gap.L06,raw,8,10000,384,5.181305334331065,6.853012141791548,6.205348975000165,0.8349740450062162,0.7560624769266121,1.6095504549921797,4.567206257974052,1.7066728384440293,0.3736798257062043
in100.byol.s1.extL,8,student.h.gap.L06,l2,8,10000,384,0.3683520813349133,0.4933428026523086,0.44729879248544446,0.8235034109708665,0.7466452927955562,0.42915736119453507,0.3281413510956312,0.12409086941633635,0.3781628526914067
in100.byol.s1.extL,8,student.h.gap.L09,raw,8,10000,384,5.0671333326832,8.445388996264299,7.811997329678899,0.6486348009147972,0.5999881515137523,1.5917181491525438,5.52304805865889,2.3734031609826527,0.42972705212327333
in100.byol.s1.extL,8,student.h.gap.L09,l2,8,10000,384,0.30760213432935574,0.5201283614670611,0.4816780946758916,0.6386051965604395,0.5913965803782374,0.3921747915976725,0.33887157612810404,0.1480078021624581,0.43676664727556413
in100.byol.s1.extL,8,student.z.pred.out,raw,8,10000,256,11785.342677467996,66391.60015162181,64918.43231693831,0.18154077750877853,0.1775125565666925,76.76373713371437,35264.83458240941,30317.513736045115,0.8597095121826522
in100.byol.s1.extL,8,student.z.pred.out,l2,8,10000,256,0.27258183489744375,1.3870443201156524,1.3529715907534718,0.20146900109383858,0.196519917167979,0.369175997931504,0.7726066516984157,0.5942353822562128,0.7691305542735224
in100.byol.s1.extL,8,student.z.pred.tap1,raw,8,10000,8192,109.45974671086438,417.6231758233103,403.9407074844523,0.27097973708202583,0.2621017056706045,7.397964135857391,239.56066834879744,168.55627089388793,0.7036057799290827
in100.byol.s1.extL,8,student.z.pred.tap1,l2,8,10000,8192,0.2988132665634668,0.9948465464296089,0.9574948881091756,0.3120781847238389,0.3003611638758496,0.3865315424150187,0.595278143109381,0.37216521046409057,0.6251954901621611
in100.byol.s1.extL,8,student.z.proj.out,raw,8,10000,256,1534.6651194681003,7056.155895074779,6864.3227551412665,0.22357123553356534,0.21749308579467494,27.700768215593772,3946.3890774850965,2988.495236606917,0.7572733397365335
in100.byol.s1.extL,8,student.z.proj.out,l2,8,10000,256,0.35467022908207585,1.4063739406994262,1.3620401620641667,0.2603963076570183,0.25218771396296574,0.42111176015523233,0.8238927253804567,0.5522111760907042,0.6702464520920542
in100.byol.s1.extL,8,student.z.proj.tap1,raw,8,10000,4096,50.67393193488704,146.61451487362328,140.2802733817624,0.3612334843187942,0.34562697955633004,5.033583809518176,86.45665001854188,55.28976851195678,0.6395085687462918
in100.byol.s1.extL,8,student.z.proj.tap1,l2,8,10000,4096,0.38612033112992517,0.9675322178164294,0.9192671764251887,0.4200305863540731,0.39907749222174643,0.4393861235462069,0.5896988257842525,0.33924367281910045,0.575282937638435
in100.byol.s1.extL,8,teacher.h.cls,raw,8,10000,384,6.8313786778581065,18.19897837089362,17.345056036161356,0.3938516349336605,0.37537154771192066,1.848158364136865,11.002125373101254,6.52492044676904,0.5930599975457115
in100.byol.s1.extL,8,teacher.h.cls,l2,8,10000,384,0.14430532215132108,0.3845990352608827,0.3665608699919676,0.3936735586492995,0.37520978713177305,0.2686124737901435,0.23219290281183494,0.1382139575327415,0.5952548758337702
in100.byol.s1.extL,8,teacher.h.cls.L03,raw,8,10000,384,2.2842625603703577,1.317963130843196,1.0324303107969013,2.2125101679814163,1.7331763741440553,1.0687054225487858,0.8057051403386493,0.23990480176668377,0.2977575663298467
in100.byol.s1.extL,8,teacher.h.cls.L03,l2,8,10000,384,0.04307480422669343,0.02483947873031602,0.01945512820197934,2.214059130297124,1.7341267380994436,0.14675626771401185,0.0151840496701342,0.0045194733191483046,0.2976461100517699
in100.byol.s1.extL,8,teacher.h.cls.L06,raw,8,10000,384,4.074869367540419,4.225068145246949,3.7157094743043966,1.0966598426813925,0.9644505668209167,1.4273873629012588,2.722909439543129,1.035050716213737,0.38012675015273584
in100.byol.s1.extL,8,teacher.h.cls.L06,l2,8,10000,384,0.0766640860487446,0.07941392948662845,0.06983091873053537,1.097853034764975,0.965373285824537,0.19578570689499347,0.05115533981594329,0.019469718209458368,0.3805999193732333
in100.byol.s1.extL,8,teacher.h.cls.L09,raw,8,10000,384,6.511725374403416,12.23961064517969,11.425644973379264,0.5699219072161927,0.5320206306536328,1.8044009219687591,7.791919205035421,3.7561218747956393,0.4820534936204545
in100.byol.s1.extL,8,teacher.h.cls.L09,l2,8,10000,384,0.1314777405658108,0.24686699115858218,0.23043227358785584,0.5705699922961655,0.5325853405867139,0.25639592485627655,0.15703856984848452,0.07586237365095715,0.4830811546752586
in100.byol.s1.extL,8,teacher.h.gap,raw,8,10000,384,4.548707548158207,8.609749517814318,8.041161074294543,0.5656779544808793,0.5283205439074083,1.5080960758781596,5.657202124442846,2.470056445029838,0.43662156498838256
in100.byol.s1.extL,8,teacher.h.gap,l2,8,10000,384,0.21186625001669876,0.4106905343219251,0.3842072530698378,0.5514374034427393,0.5158780938706141,0.3254736932662137,0.26927762268086736,0.11903653573218972,0.44205877394151355
in100.byol.s1.extL,8,teacher.h.gap.L03,raw,8,10000,384,5.346370915511218,4.780141289794104,4.111844925355202,1.3002365148898147,1.1184545793502065,1.6349879075258047,3.1186311890105483,1.0410151492425939,0.3338051491663809
in100.byol.s1.extL,8,teacher.h.gap.L03,l2,8,10000,384,0.37967565973568357,0.34637140034309316,0.2989119428761327,1.2701923385276674,1.0961518744318999,0.43570383274403474,0.22701819577239524,0.0753574611071684,0.331944586427427
in100.byol.s1.extL,8,teacher.h.gap.L06,raw,8,10000,384,5.251300308827861,7.096014962605327,6.439602424001845,0.8154696459606084,0.7400351234462205,1.620385804187981,4.727407727270662,1.7831548463572358,0.3771950610629324
in100.byol.s1.extL,8,teacher.h.gap.L06,l2,8,10000,384,0.3542897489809323,0.48518283397190987,0.4408966153492933,0.8035664975569202,0.7302190518171635,0.420885821203882,0.3226379030648406,0.12311054062417194,0.3815749465723201
in100.byol.s1.extL,8,teacher.h.gap.L09,raw,8,10000,384,5.095445719577968,8.598003592481714,7.961072877534468,0.6400451042166593,0.5926312619866243,1.5961587827622237,5.626304367450683,2.420748546008602,0.4302555261697404
in100.byol.s1.extL,8,teacher.h.gap.L09,l2,8,10000,384,0.29612074011559997,0.5074645910854776,0.4704494985710276,0.6294421420685014,0.5835298566983588,0.3847861354802171,0.33080253015245564,0.1447216143294268,0.43748641905105595
in100.byol.s1.extL,8,teacher.z.proj.out,raw,8,10000,256,1884.5449655148473,8551.110417521195,8315.54229683184,0.2266292321347274,0.2203859935726501,30.69645716947517,4792.491432027933,3608.561968979115,0.7529615900538312
in100.byol.s1.extL,8,teacher.z.proj.out,l2,8,10000,256,0.36044768305707503,1.4136355443063042,1.36857958392417,0.2633735643078588,0.25497921618400804,0.4245277865211387,0.8278898401077189,0.5548260992595141,0.6701689915500403
in100.byol.s1.extL,8,teacher.z.proj.tap1,raw,8,10000,4096,57.07692117141088,162.2762154992642,155.14160035283783,0.3679021038947716,0.3517269674782974,5.3421400754478015,95.96064031213051,60.80372219569996,0.6336318932212636
in100.byol.s1.extL,8,teacher.z.proj.tap1,l2,8,10000,4096,0.389587038129788,0.9637831199811633,0.9150847402149398,0.42573875512149817,0.40422687433807963,0.44135418777314667,0.5876435430119842,0.33707902840276727,0.5736113880790025
in100.byol.s2.extL,8,student.h.cls,raw,8,10000,384,7.528186110343057,20.549253752138064,19.608230488345182,0.38392990712842195,0.366348394016974,1.9401270719134684,12.24727741070637,7.566445615160196,0.6178063386190414
in100.byol.s2.extL,8,student.h.cls,l2,8,10000,384,0.1987972711678574,0.5389522680138101,0.514102609117828,0.3866879250213934,0.36885877092693375,0.3152754915687686,0.3216888252947415,0.19780330650322464,0.6148902011811911
in100.byol.s2.extL,8,student.h.cls.L03,raw,8,10000,384,3.321488196702269,1.979799408270725,1.5646133836829414,2.1228811100182603,1.6776892562077566,1.2886986064829644,1.1831695550218455,0.40124182274380327,0.339124532946924
in100.byol.s2.extL,8,student.h.cls.L03,l2,8,10000,384,0.105267295369705,0.06313349294620751,0.049975081024994386,2.1063956918260307,1.6673763870375005,0.2294202425350747,0.037806417818912474,0.012799998135543982,0.3385668062193622
in100.byol.s2.extL,8,student.h.cls.L06,raw,8,10000,384,5.6502318227726125,7.135585833583147,6.429306855736571,0.8788244128884865,0.7918385335903582,1.6808081126012886,4.570454005688816,1.9302087083835846,0.4223231884580975
in100.byol.s2.extL,8,student.h.cls.L06,l2,8,10000,384,0.17809883168496635,0.22538952064282844,0.20312716668220765,0.8767848958559141,0.7901823970210089,0.298411487450606,0.1444336052678151,0.06094745662082083,0.4219755956919402
in100.byol.s2.extL,8,student.h.cls.L09,raw,8,10000,384,8.14383709222982,16.752573634232547,15.73459399770382,0.5175752925953009,0.4861245364466591,2.017899538162123,10.212279550425887,5.6898401836202614,0.557156720546587
in100.byol.s2.extL,8,student.h.cls.L09,l2,8,10000,384,0.23184151484657994,0.47531329848524695,0.4463331091294245,0.519436067153495,0.4877656812578661,0.34047137533615063,0.2899451375623061,0.1611411045519708,0.5557641211256502
in100.byol.s2.extL,8,student.h.gap,raw,8,10000,384,4.889902652900238,10.452893785167069,9.84165595355454,0.49685771134217893,0.4678037253032398,1.5636340129487203,6.667310955679347,3.2788739357268635,0.4917835627471153
in100.byol.s2.extL,8,student.h.gap,l2,8,10000,384,0.20269092039099484,0.44264617655186245,0.41730981150298807,0.485708494753528,0.4579073109134755,0.31834801742039703,0.2818761326958393,0.1398601405726674,0.49617588844808164
in100.byol.s2.extL,8,student.h.gap.L03,raw,8,10000,384,5.319893883695401,4.669155243515787,4.004168508053862,1.3285889125283137,1.1393696731509015,1.6309343769286673,3.0218121679763743,1.0290478925126456,0.340539992332406
in100.byol.s2.extL,8,student.h.gap.L03,l2,8,10000,384,0.36574289992654957,0.3296539780094556,0.2839361155186369,1.2881168683261184,1.1094751597872687,0.42763471557308674,0.21502315051923418,0.07220950477949735,0.33582200151531166
in100.byol.s2.extL,8,student.h.gap.L06,raw,8,10000,384,5.166986945677011,7.5202046651901,6.874331296980474,0.7516348459880879,0.6870806282167052,1.6073249431395338,4.937467338797345,2.0120660048350323,0.4075097346011257
in100.byol.s2.extL,8,student.h.gap.L06,l2,8,10000,384,0.3284211656006718,0.4850425878683598,0.4439899421682758,0.7397040662605765,0.6770975865109088,0.4052290497981801,0.3181852843688369,0.1306550836781224,0.4106257897416414
in100.byol.s2.extL,8,student.h.gap.L09,raw,8,10000,384,5.210332587810393,9.537639621495904,8.886348048019604,0.586330015396095,0.5462916187425829,1.6140527543748986,5.994588407309437,2.987136036925125,0.4983054438371103
in100.byol.s2.extL,8,student.h.gap.L09,l2,8,10000,384,0.27260018522726465,0.5073617456275875,0.4732867224741794,0.5759726024051659,0.5372895918474666,0.3691884242681944,0.31828380149851687,0.16007653843193848,0.502936491515684
in100.byol.s2.extL,8,student.z.pred.out,raw,8,10000,256,13114.951903283389,73145.2387495806,71505.86976167018,0.18341084371109198,0.17930014485541051,80.97824369323958,38973.44482653395,33263.87732263204,0.8535010818439452
in100.byol.s2.extL,8,student.z.pred.out,l2,8,10000,256,0.2817649928177504,1.3969380578894408,1.361717433787222,0.20691884074224035,0.20170185157919895,0.3753431715229081,0.7860894459210014,0.5895973684451148,0.7500385248835497
in100.byol.s2.extL,8,student.z.pred.tap1,raw,8,10000,8192,111.28703270858162,437.7372648221469,423.8263857335742,0.26257693351479744,0.2542324852187251,7.459458181013606,248.6171758544166,179.58658252737905,0.7223418169327932
in100.byol.s2.extL,8,student.z.pred.tap1,l2,8,10000,8192,0.29276820385711383,0.9869996159518839,0.9504035904697447,0.30804618879060713,0.29662443543583533,0.3826017536924745,0.5897831918390645,0.3704903947901991,0.6281806601421351
in100.byol.s2.extL,8,student.z.proj.out,raw,8,10000,256,1621.6100639880635,7529.311204711364,7326.609946712856,0.2213315675028684,0.21537296306378773,28.474638399706357,4217.067919800249,3184.8351389597215,0.7552250045597033
in100.byol.s2.extL,8,student.z.proj.out,l2,8,10000,256,0.3574691883158887,1.419396292580962,1.3747126440414759,0.2600319345757786,0.25184593632119745,0.4227701434088556,0.83722685761965,0.5516797493476358,0.6589369945872693
in100.byol.s2.extL,8,student.z.proj.tap1,raw,8,10000,4096,51.561710101740424,146.78975696411672,140.34454320139918,0.3673937648416271,0.3512623167183584,5.0774851108467285,86.43385352560355,55.378587245436805,0.6407048278720153
in100.byol.s2.extL,8,student.z.proj.tap1,l2,8,10000,4096,0.39984338985703466,0.9699264352379557,0.9199460115058264,0.4346378861978492,0.412240944602092,0.44712603919758165,0.5936457015377844,0.33599957432042155,0.5659934426376636
in100.byol.s2.extL,8,teacher.h.cls,raw,8,10000,384,7.639097564168884,20.83388099002107,19.87899379449996,0.3842798907801077,0.36666704431247493,1.9543665935756378,12.43307917070637,7.654253433693801,0.6156361854212286
in100.byol.s2.extL,8,teacher.h.cls,l2,8,10000,384,0.19497933756109392,0.5286194355060432,0.5042470183109065,0.3866742498829699,0.3688463277451041,0.31223335629068677,0.3158928366487877,0.19364037601717912,0.6129938813157391
in100.byol.s2.extL,8,teacher.h.cls.L03,raw,8,10000,384,3.457496998881233,2.073595573386266,1.641408448526112,2.106420861904215,1.6673921584598097,1.3148188085970693,1.2388434981712853,0.4233009060886895,0.34169038035356664
in100.byol.s2.extL,8,teacher.h.cls.L03,l2,8,10000,384,0.10568979100586864,0.06381814777880344,0.05060692390306987,2.08844527298877,1.6561087196105124,0.22988017640269534,0.038210102609193275,0.013035002771664621,0.3411402189882742
in100.byol.s2.extL,8,teacher.h.cls.L06,raw,8,10000,384,5.835636810277149,7.357413224209543,6.627958622924899,0.8804576404705888,0.7931642049239543,1.7081622888761403,4.704387181399594,1.9971455737674007,0.4245283172405111
in100.byol.s2.extL,8,teacher.h.cls.L06,l2,8,10000,384,0.17680342954529854,0.2235501198132313,0.201449691120069,0.8776555007965702,0.7908894421215785,0.29732425863465844,0.14300698839578066,0.06067820392242064,0.4243023687380226
in100.byol.s2.extL,8,teacher.h.cls.L09,raw,8,10000,384,8.150812396120392,16.869859286846232,15.851007737331184,0.5142141453205002,0.4831582918107529,2.0187635319819397,10.276069878311759,5.743636451887883,0.5589331835909525
in100.byol.s2.extL,8,teacher.h.cls.L09,l2,8,10000,384,0.22355961287324064,0.4615620263359595,0.43361707472680444,0.5155692104931335,0.48435443151148044,0.33433487170293846,0.28132525688292687,0.15690743810723715,0.5577438721491471
in100.byol.s2.extL,8,teacher.h.gap,raw,8,10000,384,4.92335710267609,10.70839727987929,10.092977642044778,0.4878002584853291,0.4597660111029789,1.5689737255091447,6.8087561467934155,3.3913054680501564,0.49808003032202763
in100.byol.s2.extL,8,teacher.h.gap,l2,8,10000,384,0.1944884991055905,0.43317800872949985,0.40886694634130105,0.47567674727915404,0.44898054653333014,0.31184010254102223,0.2749318193936221,0.13826690703497388,0.5029134399209574
in100.byol.s2.extL,8,teacher.h.gap.L03,raw,8,10000,384,5.379519883469037,4.847323654848105,4.174883669414475,1.2885436600017914,1.1097917668626582,1.64004876199902,3.14131232263515,1.0820445833278056,0.34445622472206516
in100.byol.s2.extL,8,teacher.h.gap.L03,l2,8,10000,384,0.3540368272859801,0.3277731208158782,0.28351851740513073,1.2487255877544077,1.0801277005409335,0.4207355626079047,0.21416185117434008,0.07263439743894932,0.33915656332191835
in100.byol.s2.extL,8,teacher.h.gap.L06,raw,8,10000,384,5.255961898411511,7.825660258014172,7.168665020712733,0.7331855907934369,0.6716317505642976,1.6211048544760316,5.1310300858552464,2.1158915374376273,0.41237168795219564
in100.byol.s2.extL,8,teacher.h.gap.L06,l2,8,10000,384,0.3151871640173068,0.4774631584790752,0.4380647629769119,0.7194990116881843,0.660128762649066,0.39698058139996395,0.31283644647045133,0.13000294809125126,0.4155620278838916
in100.byol.s2.extL,8,teacher.h.gap.L09,raw,8,10000,384,5.247157712715533,9.845763897688197,9.189869183598756,0.5709719700994421,0.5329355616528216,1.6197465407766014,6.179739777501737,3.1085870450738993,0.5030287936057071
in100.byol.s2.extL,8,teacher.h.gap.L09,l2,8,10000,384,0.25992495436407737,0.4973130742240141,0.46482245492850444,0.5591919056579508,0.522658598448579,0.36050308900484984,0.3115340907182457,0.15826149495249883,0.5080069875743775
in100.byol.s2.extL,8,teacher.z.proj.out,raw,8,10000,256,1977.2990910156584,9118.523565355334,8871.361178978377,0.22288564867599758,0.21684421571581544,31.442797991079438,5112.376657048694,3850.1697575832354,0.7531076084299873
in100.byol.s2.extL,8,teacher.z.proj.out,l2,8,10000,256,0.3618204295272212,1.431955408970465,1.3867278552795623,0.2609166810558361,0.2526757657819525,0.42533541442444056,0.8437919347806041,0.5572554745886628,0.6604181097482945
in100.byol.s2.extL,8,teacher.z.proj.tap1,raw,8,10000,4096,57.90628437490751,162.7470917082067,155.50880616134327,0.37236659327722355,0.3558053404648798,5.38081240961379,96.08450065397989,61.05177642444547,0.6353967186061102
in100.byol.s2.extL,8,teacher.z.proj.tap1,l2,8,10000,4096,0.4029410173462951,0.9696093849209262,0.9192417577526393,0.4383406366692965,0.4155704592103921,0.44885466319639317,0.5937879577731477,0.33514989382870086,0.5644268959000047
in100.byol.s1.e20f.extL,8,student.h.cls,raw,8,10000,384,279.23390268163894,401.7866787024686,366.8824408672637,0.7610991194388188,0.6949804896055737,11.815961718828454,274.43942863374417,96.46087902054433,0.35148331091039087
in100.byol.s1.e20f.extL,8,student.h.cls,l2,8,10000,384,0.8694565214641242,1.2267344163780285,1.118052351195013,0.7776527821213551,0.708756932108599,0.6593392607239934,0.8450509853469049,0.2852687100118885,0.33757573798317253
in100.byol.s1.e20f.extL,8,student.h.cls.L03,raw,8,10000,384,51.546718103180716,23.834810479919394,17.391470717021804,2.963907937511556,2.1626653229153363,5.07674689654609,13.92632141954769,3.7034974022733067,0.26593508010485023
in100.byol.s1.e20f.extL,8,student.h.cls.L03,l2,8,10000,384,0.17893737697784104,0.08307137919631268,0.06070420707408254,2.9476931765119416,2.1540195758033547,0.2991131700358921,0.048604482569631596,0.012930438296414073,0.266033863808543
in100.byol.s1.e20f.extL,8,student.h.cls.L06,raw,8,10000,384,87.6768944326616,61.70432249049005,50.74471068640735,1.7278036123703238,1.4209198139429289,6.621060882995322,41.00361944699176,10.358134464320505,0.2526151252991504
in100.byol.s1.e20f.extL,8,student.h.cls.L06,l2,8,10000,384,0.3207295754628195,0.22773673670119896,0.18764553976834653,1.709231010013714,1.4083348172483539,0.400455725057602,0.15156244628478993,0.03836046085056855,0.2531000375811315
in100.byol.s1.e20f.extL,8,student.h.cls.L09,raw,8,10000,384,175.11436562623769,200.9716710035192,179.08237530023948,0.9778425449888676,0.871338556085207,9.357199517650505,141.57842627753146,39.513665732743206,0.2790938335144783
in100.byol.s1.e20f.extL,8,student.h.cls.L09,l2,8,10000,384,0.6366225287412279,0.7324439867212137,0.6528661706285602,0.9751194921438594,0.8691757189393682,0.5641908049327053,0.5171477020480492,0.14304290844772322,0.2765997178006078
in100.byol.s1.e20f.extL,8,student.h.gap,raw,8,10000,384,38.09541211820863,55.280215838065025,50.51828932328895,0.7540914909928795,0.6891328396727563,4.364367773126403,39.29932066158027,11.771770820089323,0.29954133104386255
in100.byol.s1.e20f.extL,8,student.h.gap,l2,8,10000,384,0.3502361060311194,0.5133030743544948,0.46952356110060495,0.7459393628940256,0.6823183486121905,0.41847108982050324,0.3642655182829633,0.11039107356118658,0.30305112073615004
in100.byol.s1.e20f.extL,8,student.h.gap.L03,raw,8,10000,384,34.96184279342602,28.41056619755268,24.040335848374426,1.454299266613203,1.230592961446776,4.181019181576786,18.27508476392526,6.049356746424687,0.3310166176830011
in100.byol.s1.e20f.extL,8,student.h.gap.L03,l2,8,10000,384,0.49980578496732725,0.4040424465326501,0.34156672341173416,1.4632742322642691,1.2370130644848936,0.499902883051962,0.26114436113578526,0.08446278674127547,0.32343331624670996
in100.byol.s1.e20f.extL,8,student.h.gap.L06,raw,8,10000,384,36.2982502485641,43.85410386877249,39.31682258770198,0.923224407760711,0.8277047538625287,4.260179001436683,29.674498806983166,10.080864819406541,0.33971474581515954
in100.byol.s1.e20f.extL,8,student.h.gap.L06,l2,8,10000,384,0.5029042066245927,0.6069581181545903,0.5440950923265162,0.9242946935510962,0.8285649233156884,0.5014500008099475,0.409220091988083,0.14094458151997927,0.3444224374107314
in100.byol.s1.e20f.extL,8,student.h.gap.L09,raw,8,10000,384,39.172213215350986,58.00340001965005,53.106873367731176,0.7376109857590077,0.6753433971470716,4.425619347354163,39.83429769357498,13.852609674352683,0.347755840479824
in100.byol.s1.e20f.extL,8,student.h.gap.L09,l2,8,10000,384,0.506096548835329,0.7424616980984086,0.6791996294939925,0.7451366680108081,0.6816466763626224,0.5030390386616773,0.5070181146438355,0.17960613183114113,0.35424006883325826
in100.byol.s1.e20f.extL,8,student.z.pred.out,raw,8,10000,256,11599.838265389562,64852.68068009235,63402.70089691866,0.18295495462013212,0.1788644377340339,76.1572001369193,33918.30834559894,30132.919358120653,0.8883968814450188
in100.byol.s1.e20f.extL,8,student.z.pred.out,l2,8,10000,256,0.2652912206350374,1.38904490608186,1.3558835035024803,0.1956593025505101,0.1909882246955975,0.36420545069715626,0.7646701571737156,0.6051037953895831,0.7913265474176435
in100.byol.s1.e20f.extL,8,student.z.pred.tap1,raw,8,10000,8192,120.72721045877427,486.7290360626879,471.6381347553411,0.25597423440197564,0.24803782292377005,7.7694018578901645,268.51259751058944,207.99282760537858,0.7746110593458315
in100.byol.s1.e20f.extL,8,student.z.pred.tap1,l2,8,10000,8192,0.2784682025616631,1.0147385212920437,0.9799299959718358,0.2841715262379483,0.2744236044248087,0.37314085983825407,0.5873830364248998,0.4026943447598564,0.6855736713318297
in100.byol.s1.e20f.extL,8,student.z.proj.out,raw,8,10000,256,1207.041599955532,5855.33883802861,5704.458638034168,0.21159617003928258,0.20614376611583454,24.566660334236847,3211.3342475537506,2551.677778860704,0.794584923946941
in100.byol.s1.e20f.extL,8,student.z.proj.out,l2,8,10000,256,0.3285979052039901,1.4117193472249698,1.370644609074471,0.23973968381627106,0.23276432801598856,0.4053380719868232,0.8129283443820864,0.571833458164634,0.7034241850667532
in100.byol.s1.e20f.extL,8,student.z.proj.tap1,raw,8,10000,4096,59.429564204667145,135.70395848431733,128.27526295873395,0.4632971535890407,0.4379353768927466,5.451126681919397,82.24741786518896,47.38488467838816,0.5761261071570213
in100.byol.s1.e20f.extL,8,student.z.proj.tap1,l2,8,10000,4096,0.5314070226526794,1.0512322753570251,0.9848063975254402,0.5396055752561779,0.505508663603579,0.5154643647492421,0.6552927656204238,0.34002595465858676,0.5188916656765683
in100.byol.s1.e20f.extL,8,teacher.h.cls,raw,8,10000,384,276.54523018666424,401.21234197758423,366.6441882042512,0.754260504008332,0.6892739859984538,11.75893766857075,272.8194660436736,97.83684558035345,0.3586138738527239
in100.byol.s1.e20f.extL,8,teacher.h.cls,l2,8,10000,384,0.8666119039588727,1.230737914138356,1.122411426143497,0.7720982553932758,0.7041400886439666,0.6582597906445724,0.8446332254704753,0.2900855798144052,0.34344561765590326
in100.byol.s1.e20f.extL,8,teacher.h.cls.L03,raw,8,10000,384,52.734577060073335,24.392489136255428,17.800667003746263,2.962505677398213,2.16191864493616,5.134908814189076,14.261717489735945,3.782874405372867,0.2652467634487483
in100.byol.s1.e20f.extL,8,teacher.h.cls.L03,l2,8,10000,384,0.18586022665393462,0.08635896171821152,0.06312643338646969,2.9442535667439005,2.152182274497403,0.3048444083905219,0.0505709552154775,0.013419067788174303,0.26535128179796236
in100.byol.s1.e20f.extL,8,teacher.h.cls.L06,raw,8,10000,384,89.22495724212818,62.72751235979476,51.574392704528734,1.7300243892991758,1.4224214206096428,6.67925734053301,41.66358971160598,10.538078116520698,0.25293255308687834
in100.byol.s1.e20f.extL,8,teacher.h.cls.L06,l2,8,10000,384,0.3326665963294463,0.2360014010859945,0.1944180765448137,1.7110888156162067,1.409595853239146,0.4078397947291597,0.1569987682227808,0.03977932233289286,0.2533734677233016
in100.byol.s1.e20f.extL,8,teacher.h.cls.L09,raw,8,10000,384,172.942500868558,197.8424872448845,176.22467463631475,0.9813750612703337,0.8741423709180025,9.298991904194724,139.1244620016964,39.078637507067114,0.2808897655006969
in100.byol.s1.e20f.extL,8,teacher.h.cls.L09,l2,8,10000,384,0.6408262730482939,0.734403360212723,0.6543000760816863,0.9794073032757675,0.8725808020032423,0.5660504717109128,0.5176943060327074,0.1439498036511062,0.2780594686355535
in100.byol.s1.e20f.extL,8,teacher.h.gap,raw,8,10000,384,38.40496258887713,56.5999228946003,51.799302570990655,0.7414185265572514,0.6785338322879767,4.382063588589121,40.20818691938812,12.15711488054854,0.30235421718770567
in100.byol.s1.e20f.extL,8,teacher.h.gap,l2,8,10000,384,0.3539192046950756,0.5271602013504981,0.4829203007636137,0.7328729070520411,0.6713693556311583,0.42066566575790065,0.37378582213882394,0.11440608063829472,0.3060738900786995
in100.byol.s1.e20f.extL,8,teacher.h.gap.L03,raw,8,10000,384,33.73469701014934,28.132765140433033,23.915928014164365,1.4105535436538255,1.19912482266683,4.106987765391403,18.125552931544654,6.07170273402404,0.33498027657171237
in100.byol.s1.e20f.extL,8,teacher.h.gap.L03,l2,8,10000,384,0.4968301962720035,0.4109501109292904,0.34884633639528995,1.4242092991598108,1.2089793458103968,0.4984125782281199,0.26607084199412123,0.08688499551046164,0.3265483540371603
in100.byol.s1.e20f.extL,8,teacher.h.gap.L06,raw,8,10000,384,35.66734104020845,44.08170592569138,39.623288295665326,0.9001610561461239,0.8091188916402863,4.2229930760189776,29.850180387966077,10.213924966956164,0.3421729729671532
in100.byol.s1.e20f.extL,8,teacher.h.gap.L06,l2,8,10000,384,0.49782022989976404,0.6139143040632845,0.551686775325814,0.9023602742802063,0.8108953099884881,0.49890892450414437,0.4141148502091556,0.1437110681572913,0.34703191176241954
in100.byol.s1.e20f.extL,8,teacher.h.gap.L09,raw,8,10000,384,39.13447078723521,58.83767994934361,53.94587110093921,0.7254395932176145,0.665126001244918,4.423486791391786,40.38756160643087,14.146686294001796,0.3502733448445977
in100.byol.s1.e20f.extL,8,teacher.h.gap.L09,l2,8,10000,384,0.5150038085019133,0.7658814779616415,0.7015060018989023,0.7341402740787001,0.6724327762470146,0.5074464545653626,0.5226200423099215,0.18654477436859723,0.35694148571893725
in100.byol.s1.e20f.extL,8,teacher.z.proj.out,raw,8,10000,256,1494.535727172008,7156.649800226309,6969.832834329808,0.21442920694032924,0.20883175352868985,27.33620060626575,3943.793842174415,3097.605490157656,0.7854379853815552
in100.byol.s1.e20f.extL,8,teacher.z.proj.out,l2,8,10000,256,0.3354749283190186,1.4206244254984077,1.3786900594585303,0.24332874964716417,0.23614610751277315,0.40955764448916016,0.8198313233475074,0.5730649803660071,0.6990035194387153
in100.byol.s1.e20f.extL,8,teacher.z.proj.tap1,raw,8,10000,4096,67.38537984072033,154.31728186689816,145.8941093868081,0.46187868807000226,0.4366677472899089,5.80454045729377,93.54591246494955,53.89136974052753,0.5760953987243422
in100.byol.s1.e20f.extL,8,teacher.z.proj.tap1,l2,8,10000,4096,0.5276792942410886,1.0530622417461384,0.9871023299660023,0.534574053998295,0.5010903186179343,0.5136532362601683,0.655513808121325,0.3421191442621391,0.5219098972798729
in100.byol.s2.e20f.extL,8,student.h.cls,raw,8,10000,384,279.2958597727556,399.6992804637931,364.78729799219866,0.7656403095996194,0.6987649801337475,11.817272523149231,272.1159039299143,96.66838686692239,0.35524710415977795
in100.byol.s2.e20f.extL,8,student.h.cls,l2,8,10000,384,0.8719385899231366,1.2245321141278793,1.1155397903874873,0.7816293039805108,0.7120585731180579,0.660279709639459,0.8401878063326487,0.2875973051961174,0.34230121292935234
in100.byol.s2.e20f.extL,8,student.h.cls.L03,raw,8,10000,384,44.866007413617375,20.799266339921452,15.19101541321928,2.9534567764689914,2.157095672528746,4.736349196037882,12.033785466110526,3.365222610507966,0.2796478813740768
in100.byol.s2.e20f.extL,8,student.h.cls.L03,l2,8,10000,384,0.14073262042052898,0.06534713320826845,0.047755555655702324,2.9469371361764187,2.153615828440381,0.2652664890450064,0.037825617152060065,0.010583409835724955,0.279794769591712
in100.byol.s2.e20f.extL,8,student.h.cls.L06,raw,8,10000,384,82.54878601677913,65.7018106025102,55.38321235041282,1.4905019502026742,1.2564156947849054,6.424515001802826,44.291909258553275,11.748321197884628,0.26524756766081137
in100.byol.s2.e20f.extL,8,student.h.cls.L06,l2,8,10000,384,0.27432864531376355,0.2192176141384854,0.18492653347426496,1.4834466431608102,1.2513987363281087,0.37035702053138103,0.14781345396325568,0.03930525565239406,0.26591121848870936
in100.byol.s2.e20f.extL,8,student.h.cls.L09,raw,8,10000,384,180.8003074233703,216.0314935228594,193.43145509493812,0.9346996192249688,0.8369164350763464,9.50789954257433,149.9813002649553,45.61046976521134,0.3041077099920883
in100.byol.s2.e20f.extL,8,student.h.cls.L09,l2,8,10000,384,0.632897286511569,0.7543621685364055,0.6752500077224594,0.9372784587537566,0.8389833330845585,0.5625376816318925,0.5246535265019496,0.15814010290587366,0.30141816440318164
in100.byol.s2.e20f.extL,8,student.h.gap,raw,8,10000,384,41.22447075553892,54.56501405082323,49.41195520638087,0.8343015487518161,0.7555110444421659,4.540069974986009,39.15670100068092,10.800904346208185,0.275837955450342
in100.byol.s2.e20f.extL,8,student.h.gap,l2,8,10000,384,0.41219184394501257,0.5502692360853839,0.49874525559225735,0.8264576741798515,0.7490730299177651,0.45397788709639403,0.39447415747650527,0.10977379047660617,0.2782787880930939
in100.byol.s2.e20f.extL,8,student.h.gap.L03,raw,8,10000,384,35.80081418576742,29.347479233517102,24.872377460296175,1.4393804630424387,1.219894012051301,4.230887270169664,18.957579495696816,6.208272756934528,0.3274823538703211
in100.byol.s2.e20f.extL,8,student.h.gap.L03,l2,8,10000,384,0.37957131469675565,0.314534423701637,0.2670880093645425,1.4211469679969315,1.2067719336717553,0.43564395708924714,0.20493414244896363,0.06529921115259527,0.31863510087811375
in100.byol.s2.e20f.extL,8,student.h.gap.L06,raw,8,10000,384,38.106859371769524,43.88112609394564,39.11776867247445,0.9741572861895812,0.8684111544946701,4.365023446201035,29.871860546943815,9.684719386470086,0.32420877739605436
in100.byol.s2.e20f.extL,8,student.h.gap.L06,l2,8,10000,384,0.42762157784056043,0.4947247862171013,0.44127208898703124,0.9690655459813775,0.8643625501571417,0.462396787316132,0.33596489564056115,0.11025444120864127,0.3281725044470099
in100.byol.s2.e20f.extL,8,student.h.gap.L09,raw,8,10000,384,41.62536647325321,57.40849439388875,52.2053235847321,0.7973394974880859,0.7250732999136851,4.562091980290029,39.64143160790741,13.137976920763572,0.33142034452012314
in100.byol.s2.e20f.extL,8,student.h.gap.L09,l2,8,10000,384,0.4784332755594128,0.6600389639778265,0.6002348045328999,0.7970768638311926,0.7248561095182335,0.48909777936493065,0.45432167989316746,0.15251351427951051,0.3356949954828783
in100.byol.s2.e20f.extL,8,student.z.pred.out,raw,8,10000,256,11950.015017716602,66857.52207875799,65363.77020154341,0.18282322119531638,0.17873852703723472,77.29817273945291,34646.8233215972,31385.522100733786,0.9058701229087727
in100.byol.s2.e20f.extL,8,student.z.pred.out,l2,8,10000,256,0.26918632463475667,1.3948638947965788,1.3612156042172343,0.19775436293911133,0.19298393602338793,0.3668694077153045,0.7661735984940982,0.6089906446711019,0.7948468152231598
in100.byol.s2.e20f.extL,8,student.z.pred.tap1,raw,8,10000,8192,120.0041959510227,491.3027296757048,476.302205181827,0.2519496963177221,0.24425713252241466,7.746102114967976,268.1526496788536,213.06258279973054,0.7945570668606097
in100.byol.s2.e20f.extL,8,student.z.pred.tap1,l2,8,10000,8192,0.276682801029309,1.019290003410869,0.9847046532822054,0.28098049512315526,0.27144659528047976,0.3719427382200847,0.5873381177018692,0.40755943561444496,0.6939093910831797
in100.byol.s2.e20f.extL,8,student.z.proj.out,raw,8,10000,256,1286.918920876276,6275.043986479313,6114.179121369779,0.21048106300620834,0.20508524301170944,25.366502723831246,3411.8006920959488,2765.128869138622,0.8104602579935404
in100.byol.s2.e20f.extL,8,student.z.proj.out,l2,8,10000,256,0.33041192390683827,1.4191487622014143,1.3778472717130594,0.23980301060221387,0.23282402289827328,0.40645536280558425,0.814767068991475,0.5772716903435983,0.7085113185270848
in100.byol.s2.e20f.extL,8,student.z.proj.tap1,raw,8,10000,4096,60.668918176248795,140.30749225753303,132.72387748550193,0.4571062820469207,0.43239970439277464,5.507672747007069,84.69425077906776,49.432701629009514,0.5836606519840286
in100.byol.s2.e20f.extL,8,student.z.proj.tap1,l2,8,10000,4096,0.5303947689135393,1.0569586872093355,0.9906593410951431,0.5353957176916178,0.5018122045185407,0.5149731880950402,0.6568309712843884,0.3443979566828479,0.5243327000999984
in100.byol.s2.e20f.extL,8,teacher.h.cls,raw,8,10000,384,276.6344958816872,399.7331131981313,365.1538012129204,0.7575835030685665,0.6920479858884516,11.7608353419663,270.67427172259465,98.47686062230711,0.363820543399237
in100.byol.s2.e20f.extL,8,teacher.h.cls,l2,8,10000,384,0.8686553727326949,1.2290937555052694,1.1205118339136826,0.7752308779271766,0.7067445984831308,0.6590354211773047,0.8394648388820831,0.293337932586652,0.34943444799580964
in100.byol.s2.e20f.extL,8,teacher.h.cls.L03,raw,8,10000,384,46.275308254399576,21.481166275138886,15.696752743338939,2.9480816198775206,2.1542269940881216,4.810161548971073,12.436480538569176,3.47508386752115,0.2794266317342672
in100.byol.s2.e20f.extL,8,teacher.h.cls.L03,l2,8,10000,384,0.14719254250534244,0.06843702537915856,0.05003795756599076,2.9416177171344944,2.1507735277776647,0.2712863270654664,0.039640986825853874,0.011081340993928447,0.27954251095235577
in100.byol.s2.e20f.extL,8,teacher.h.cls.L06,raw,8,10000,384,84.18295697964493,66.60828604395206,56.08541642149645,1.5009776578458147,1.2638511209265475,6.487794578269449,44.78841630159096,11.963082980345021,0.267102165430218
in100.byol.s2.e20f.extL,8,teacher.h.cls.L06,l2,8,10000,384,0.28450073842600776,0.22607068501971456,0.19050809271646357,1.4933787555651772,1.2584592221729136,0.37716093277671786,0.15204394562774642,0.04072485393891427,0.26784923115993126
in100.byol.s2.e20f.extL,8,teacher.h.cls.L09,raw,8,10000,384,178.16336631329787,212.03166343555324,189.761242646391,0.938881743335202,0.8402677384429915,9.438309337834236,146.81133090359558,45.07022837715095,0.30699420882402156
in100.byol.s2.e20f.extL,8,teacher.h.cls.L09,l2,8,10000,384,0.6319996852931729,0.7498344868047768,0.6708345261431302,0.9421096569473952,0.8428522512831784,0.56213863294261,0.5201659961569848,0.15816687485419312,0.30407000077425045
in100.byol.s2.e20f.extL,8,teacher.h.gap,raw,8,10000,384,41.114040473948585,55.233057469083356,50.09380240983978,0.8207410596938968,0.7443737927592027,4.533985028313866,39.58580901216081,11.0603239723698,0.2794012361594544
in100.byol.s2.e20f.extL,8,teacher.h.gap,l2,8,10000,384,0.4114804138714624,0.5569955342674718,0.505560482533539,0.8139093700706022,0.7387499334489593,0.4535859421716365,0.3987161176761605,0.11241432020005324,0.28194074735488067
in100.byol.s2.e20f.extL,8,teacher.h.gap.L03,raw,8,10000,384,34.576173926509696,29.305570602315036,24.983548861501326,1.383957664228809,1.1798498789093121,4.157894534888403,18.989364249911212,6.287240317613267,0.3310927230037553
in100.byol.s2.e20f.extL,8,teacher.h.gap.L03,l2,8,10000,384,0.37732708399041653,0.32161021328426326,0.2744443277854612,1.3748765989632001,1.1732434742577857,0.4343541665452379,0.21010224006141892,0.06755818985688485,0.32154911740653336
in100.byol.s2.e20f.extL,8,teacher.h.gap.L06,raw,8,10000,384,37.71552439658094,44.24893368284282,39.5344931332702,0.9539903362221555,0.8523487744791655,4.342552498046566,30.129217895856126,9.84776457424251,0.32685098591944994
in100.byol.s2.e20f.extL,8,teacher.h.gap.L06,l2,8,10000,384,0.4246817794300276,0.4998398782287325,0.44675465579997903,0.9505928453494754,0.849635649190216,0.46080461121283695,0.33946301528821565,0.11229003929405058,0.33078725586265273
in100.byol.s2.e20f.extL,8,teacher.h.gap.L09,raw,8,10000,384,41.57670883621783,58.08363857555291,52.88654997102568,0.786149008755458,0.7158075812026908,4.559424790267838,40.09232329644135,13.37506306033987,0.333606585017413
in100.byol.s2.e20f.extL,8,teacher.h.gap.L09,l2,8,10000,384,0.4852739142461413,0.6760377050185905,0.6153784657378228,0.7885779910486638,0.7178207822488195,0.4925819293509158,0.4648578125674615,0.1572810302205472,0.3383422327611674
in100.byol.s2.e20f.extL,8,teacher.z.proj.out,raw,8,10000,256,1594.176586349414,7695.448129611428,7496.176056317751,0.2126653075344792,0.20715838239688192,28.23275213603355,4202.416030533037,3370.714507080828,0.8020896747467633
in100.byol.s2.e20f.extL,8,teacher.z.proj.out,l2,8,10000,256,0.3359772599957348,1.4278134000333123,1.3858162425338454,0.24243997846455412,0.2353089416221308,0.4098641604213125,0.8212470150776503,0.5788473614565282,0.7048395316259349
in100.byol.s2.e20f.extL,8,teacher.z.proj.tap1,raw,8,10000,4096,68.86744130809952,160.23951957323808,151.63108940972563,0.454177580443357,0.4297781314591585,5.8680252772163275,96.6581889281287,56.57529567732936,0.585313011806962
in100.byol.s2.e20f.extL,8,teacher.z.proj.tap1,l2,8,10000,4096,0.5249816018016735,1.0597520770318187,0.9941293768066095,0.52808177089389,0.4953815266605145,0.5123385608177826,0.6572569496858659,0.3474699478910618,0.5286668297035643
in100.visreg.s1.extL,8,student.h.cls,raw,8,10000,384,1.059577132681599,5.3601239157036105,5.227676774118411,0.20268604553507133,0.19767773084076376,0.727865761209304,3.0409940953030246,2.2402839179724214,0.7366945964915413
in100.visreg.s1.extL,8,student.h.cls,l2,8,10000,384,0.11476252223117625,0.6078971207551598,0.5935518054762627,0.19334878804570635,0.18878609276617825,0.239543860525767,0.33797892877355545,0.2616518479102589,0.774166155445639
in100.visreg.s1.extL,8,student.h.cls.L03,raw,8,10000,384,0.40724210047973186,0.2955083068119638,0.2446030442519973,1.6649101883629012,1.3781071160847804,0.45124389219120287,0.1919699136941697,0.05558821362594722,0.2895673210256565
in100.visreg.s1.extL,8,student.h.cls.L03,l2,8,10000,384,0.02773649383805551,0.020034025056783977,0.016566963327027038,1.6742050604293128,1.3844693594741864,0.11776352117284773,0.013016566270728624,0.003750737306866253,0.2881510552672275
in100.visreg.s1.extL,8,student.h.cls.L06,raw,8,10000,384,0.7967790643699953,1.3769559324293839,1.2773585493831345,0.6237708783918017,0.5786525520567867,0.6311810613326398,0.9136158403495868,0.37751226835784146,0.41320678964299684
in100.visreg.s1.extL,8,student.h.cls.L06,l2,8,10000,384,0.04780862501518324,0.08146983931607364,0.07549376118917574,0.6332791513113539,0.5868260624610169,0.15461019535461307,0.05419947841212087,0.02210898117021561,0.4079187073001662
in100.visreg.s1.extL,8,student.h.cls.L09,raw,8,10000,384,1.4909002303678993,4.870600029266732,4.684237500470744,0.31828023882607803,0.3061019630865387,0.8633945304343488,3.0342776591104936,1.6986658416529177,0.5598254452925993
in100.visreg.s1.extL,8,student.h.cls.L09,l2,8,10000,384,0.12911992647654066,0.42605664588482045,0.4099166550752529,0.31499068134432523,0.30305812084773054,0.25408652706956014,0.2633553620446386,0.15082185948946247,0.5726933308610525
in100.visreg.s1.extL,8,student.h.gap,raw,8,10000,384,0.33669030221529306,1.061062258747292,1.0189759709703803,0.33042025701024114,0.31731437004723484,0.4102988558449152,0.6573324663388115,0.3722541272190418,0.5663102711058994
in100.visreg.s1.extL,8,student.h.gap,l2,8,10000,384,0.08569588494477436,0.27184543432627467,0.2611334487081779,0.32816893189558916,0.3152375362019887,0.20699744556971514,0.1681869990356752,0.0956649040157654,0.5688008262486051
in100.visreg.s1.extL,8,student.h.gap.L03,raw,8,10000,384,0.4568408242228516,0.44201371964117997,0.38490861661332354,1.1868812609144332,1.0335444442622914,0.47793348084375276,0.2972230093990501,0.09210574441068534,0.30988766514716437
in100.visreg.s1.extL,8,student.h.gap.L03,l2,8,10000,384,0.167001427968007,0.16036602500108613,0.13949084650508525,1.1972214102372576,1.0413766130754685,0.28896490095512206,0.10754551631777476,0.0335489904373214,0.31195154931602237
in100.visreg.s1.extL,8,student.h.gap.L06,raw,8,10000,384,0.44685556001423643,0.6943769211061989,0.6385199761044194,0.6998301959798994,0.6435345796089524,0.4726814783838248,0.4704629140500873,0.17500083126539395,0.3719758264447656
in100.visreg.s1.extL,8,student.h.gap.L06,l2,8,10000,384,0.16683180035875872,0.2586349156080293,0.23778094056318447,0.7016197343808018,0.6450474792490833,0.28881810916107625,0.17522405116646203,0.06514323855280274,0.3717711017360109
in100.visreg.s1.extL,8,student.h.gap.L09,raw,8,10000,384,0.48164934252842967,1.1226677611441083,1.0624615933280546,0.4533334151117043,0.4290221552613053,0.4907389033531118,0.7184904196773049,0.3551978512621908,0.49436685797664576
in100.visreg.s1.extL,8,student.h.gap.L09,l2,8,10000,384,0.1639182486308917,0.3805763609463303,0.36008657986746884,0.45521898842001385,0.43071053657483416,0.28628504032772273,0.24341473882926928,0.12047760464766277,0.4949478623484898
in100.visreg.s1.extL,8,student.z.embed,raw,8,10000,512,12.677600062900641,92.89406307691758,91.309363069055,0.13884227900388363,0.13647373839599858,2.5176973669308076,49.7279570899349,42.510346609889275,0.8548580938687608
in100.visreg.s1.extL,8,student.z.embed,l2,8,10000,512,0.13318861383296351,0.9930618425037466,0.9764132657746262,0.13640598556114442,0.13411915364421126,0.2580587276502807,0.5289006662575382,0.4574432179421255,0.8648943877854414
in100.visreg.s1.extL,8,student.z.proj.out,raw,8,10000,128,35.36800870993539,207.5137207608684,203.0927196721265,0.17414710269788897,0.17043696474746484,4.205235350722679,135.7569221669445,69.41093471279065,0.5112883645626105
in100.visreg.s1.extL,8,student.z.proj.out,l2,8,10000,128,0.3208300552170114,1.7185852826527976,1.678481525750671,0.19114303630689403,0.18668265023297542,0.4005184485245414,1.1425536795217963,0.5531136990554029,0.4841030307537959
in100.visreg.s1.extL,8,student.z.proj.tap1,raw,8,10000,2048,0.9004519407371763,5.355297403553899,5.242740910961752,0.17175213424231436,0.1681422847103908,0.670988800479254,3.0829576839797523,2.213336201017539,0.717926234446517
in100.visreg.s1.extL,8,student.z.proj.tap1,l2,8,10000,2048,0.2502981925271988,1.3652395758603613,1.3339523017944614,0.18763653857075122,0.18333646119909996,0.3537641817137504,0.7995010093933228,0.5481036881597421,0.6855572184651199
in100.visreg.s1.extL,8,student.z.proj.tap2,raw,8,10000,2048,4.3500497316571485,24.448108882963794,23.90435266650665,0.18197730732747172,0.17792990666400374,1.4747965506565894,15.220988708296307,8.927845047039982,0.586548299728637
in100.visreg.s1.extL,8,student.z.proj.tap2,l2,8,10000,2048,0.2746928095580494,1.4587897816662245,1.4244531804714684,0.19284088331153926,0.18830184651026022,0.37060275873099585,0.9152373348630503,0.5238037434250802,0.5723146592391344
in100.visreg.s2.extL,8,student.h.cls,raw,8,10000,384,1.003739312474376,5.073578489060086,4.9481110750007895,0.20285302760189472,0.19783655946955211,0.708427594209308,2.8540008480525048,2.144846011838886,0.7515225558893834
in100.visreg.s2.extL,8,student.h.cls,l2,8,10000,384,0.11962514248805634,0.6310189317947918,0.6160657889837848,0.1941759218368234,0.1895745697324951,0.2445660876818946,0.3476242965279289,0.2747516817738037,0.7903696160424435
in100.visreg.s2.extL,8,student.h.cls.L03,raw,8,10000,384,0.4381504058278534,0.29897042121335,0.24420162048486832,1.7942157998701853,1.465530951355159,0.46805470077110295,0.19420096603988274,0.05299035865711906,0.2728635173021566
in100.visreg.s2.extL,8,student.h.cls.L03,l2,8,10000,384,0.028438083912581815,0.0192848812812096,0.015730120792136874,1.807874477785152,1.4746310074664923,0.11924362438424499,0.01252298255787232,0.0033999870470766513,0.2714997830081076
in100.visreg.s2.extL,8,student.h.cls.L06,raw,8,10000,384,0.8180481708527204,1.2945039394889317,1.1922479181323418,0.686139315834742,0.631939498906187,0.6395499084718567,0.8707054241381667,0.3344875333890644,0.38415694230932773
in100.visreg.s2.extL,8,student.h.cls.L06,l2,8,10000,384,0.051757363316801766,0.0811887704658988,0.07471910005129857,0.6926925415491839,0.6374941142696708,0.16086852289494324,0.05457511071782933,0.020955877038128252,0.38398230919726023
in100.visreg.s2.extL,8,student.h.cls.L09,raw,8,10000,384,1.3814325506551952,4.388698733697429,4.216019664865529,0.32766273890215747,0.31477042159404595,0.831093421540321,2.765018126288354,1.4948885259141498,0.5406433005633949
in100.visreg.s2.extL,8,student.h.cls.L09,l2,8,10000,384,0.12679290373249483,0.4060113233721309,0.3901622104055691,0.32497484469522325,0.31228908267733807,0.25178652042205796,0.2531950156616555,0.14102730797763494,0.5569908539040506
in100.visreg.s2.extL,8,student.h.gap,raw,8,10000,384,0.3372789857204067,1.047459713458749,1.0052998402436983,0.3355008846302469,0.32199709581831987,0.4106573910940887,0.6503050987127823,0.3654693386655036,0.5619967295180611
in100.visreg.s2.extL,8,student.h.gap,l2,8,10000,384,0.09630978271769498,0.2975958882960211,0.28555716545630927,0.3372697111760291,0.32362605299806707,0.21944222783878103,0.18468106233078666,0.10385206200848282,0.5623319505411493
in100.visreg.s2.extL,8,student.h.gap.L03,raw,8,10000,384,0.4574209495551968,0.4874347892053014,0.43025717051090184,1.063133820668322,0.9384249127990264,0.47823683962823105,0.33172651568440603,0.10340500271854869,0.311717628315624
in100.visreg.s2.extL,8,student.h.gap.L03,l2,8,10000,384,0.17797270524947112,0.1872938410872301,0.16504725293104622,1.0783136470852073,0.950232555519977,0.298305803873702,0.12715529785228236,0.039764893489636105,0.3127269894474346
in100.visreg.s2.extL,8,student.h.gap.L06,raw,8,10000,384,0.4902455964012172,0.7838602908413216,0.7225795912911694,0.6784658774062561,0.6254247116855911,0.495098776205929,0.5321923194174137,0.1982258747821689,0.3724703787517359
in100.visreg.s2.extL,8,student.h.gap.L06,l2,8,10000,384,0.1929903399423785,0.3063165013317533,0.282192708838956,0.6838955575302117,0.6300357280894967,0.31063671703645923,0.20778221462553062,0.07747365922674289,0.37285991665055407
in100.visreg.s2.extL,8,student.h.gap.L09,raw,8,10000,384,0.49879071302896627,1.1919887584590394,1.1296399193304185,0.4415484124575014,0.4184525311075795,0.4993949904779614,0.7647082895405475,0.37685151737446143,0.4928042791335263
in100.visreg.s2.extL,8,student.h.gap.L09,l2,8,10000,384,0.16699007424778728,0.3969095621908529,0.3760358029098795,0.44408025234716286,0.42072575255188877,0.28895507803790826,0.25430763046106,0.12569726807072804,0.4942724991886353
in100.visreg.s2.extL,8,student.z.embed,raw,8,10000,512,12.342101469892983,90.84342416314502,89.30066147940839,0.13820839919241715,0.13586125339934232,2.484159965651667,48.3289021228982,41.88019359814164,0.8665662110768048
in100.visreg.s2.extL,8,student.z.embed,l2,8,10000,512,0.14157151194879933,1.0496225114235882,1.0319260724299884,0.13719152537296156,0.13487850194522588,0.2660559264034531,0.5539953219890448,0.48842697555517917,0.8816445846537992
in100.visreg.s2.extL,8,student.z.proj.out,raw,8,10000,128,35.1084513988274,207.5467754100874,203.158218985234,0.17281334505782,0.1691592236470903,4.189776330475614,135.27720971975646,69.9564770195784,0.5171342398656945
in100.visreg.s2.extL,8,student.z.proj.out,l2,8,10000,128,0.3189507796676138,1.7203995533203884,1.6805307058619368,0.18979170005943174,0.1853934332010466,0.39934369887830573,1.1403804413608492,0.5573542600342916,0.4887441417086955
in100.visreg.s2.extL,8,student.z.proj.tap1,raw,8,10000,2048,0.8549015137264251,5.08185868825816,4.974995999042357,0.17183963844211855,0.16822614837789757,0.6537971832787386,2.9121204624061066,2.113694123518832,0.7258264727731819
in100.visreg.s2.extL,8,student.z.proj.tap1,l2,8,10000,2048,0.25254790540598726,1.3730725076736316,1.3415040194978833,0.18825728565503247,0.18392903797474902,0.3553504646162625,0.8013351661658882,0.5538995784087312,0.6912208546380776
in100.visreg.s2.extL,8,student.z.proj.tap2,raw,8,10000,2048,4.283396487107299,24.199639589853664,23.664215028965252,0.1810073345709704,0.1770024909339239,1.4634542164186926,14.996211124325363,8.910000300538428,0.5941500974259766
in100.visreg.s2.extL,8,student.z.proj.tap2,l2,8,10000,2048,0.27351786517973237,1.4589569047295723,1.4247671715821058,0.19197372780284488,0.1874749447999842,0.3698093192306897,0.912232962494382,0.5271237781350194,0.5778389948699817
in100.visreg.s1.visregf.extL,8,student.h.cls,raw,8,10000,384,70.55641584870152,117.50870343604105,108.68915145495336,0.6491578497412771,0.6004356595348255,5.939546104236481,77.76473539893244,32.09950309038132,0.4127771145328424
in100.visreg.s1.visregf.extL,8,student.h.cls,l2,8,10000,384,0.7827507835368382,1.3098755194620184,1.2120316715199135,0.6458171035706122,0.5975764657838047,0.6256000253903601,0.8688142363655381,0.35631619034899553,0.4101178081974728
in100.visreg.s1.visregf.extL,8,student.h.cls.L03,raw,8,10000,384,29.64704350510353,13.945125577815894,10.239245139677953,2.895432534398331,2.1259789551315675,3.8501326928499187,8.247642356553367,2.1310540389027444,0.25838341998540504
in100.visreg.s1.visregf.extL,8,student.h.cls.L03,l2,8,10000,384,0.2816785581492381,0.13274247597442212,0.09753265620576737,2.8880435446664445,2.121992648408292,0.37528559667887473,0.07858180774971432,0.020278273215797227,0.2580530252038004
in100.visreg.s1.visregf.extL,8,student.h.cls.L06,raw,8,10000,384,48.56727063478682,41.21959000359006,35.14868117424171,1.3817665133444257,1.1782570042680387,4.927842866548548,27.682253963531288,7.87862311074633,0.2846091622859056
in100.visreg.s1.visregf.extL,8,student.h.cls.L06,l2,8,10000,384,0.4844875604461275,0.41288994090599346,0.35232899585022753,1.3750998815098363,1.173406064054332,0.49218266956798035,0.27761776115269293,0.07884013410659456,0.28398807691281536
in100.visreg.s1.visregf.extL,8,student.h.cls.L09,raw,8,10000,384,68.47839752673104,89.01677713328466,80.45697744244328,0.8511181963766737,0.7692751830837288,5.851427070669644,60.878701458038016,20.46844375573812,0.33621682567993744
in100.visreg.s1.visregf.extL,8,student.h.cls.L09,l2,8,10000,384,0.728641667914724,0.9512915212001412,0.8602113127108006,0.8470496227473937,0.7659499235265714,0.6035899551494889,0.6515950406210583,0.21812918730174344,0.3347618899828286
in100.visreg.s1.visregf.extL,8,student.h.gap,raw,8,10000,384,9.19976642580119,14.711051729291636,13.561080926066488,0.6783947736878275,0.6253642904051004,2.144733832646978,10.47705371316612,3.231137730193284,0.30840137109661225
in100.visreg.s1.visregf.extL,8,student.h.gap,l2,8,10000,384,0.3540285864051485,0.5649616660550952,0.5207080927544516,0.6798983755608662,0.6266417841712884,0.42073066586900254,0.4014171898242679,0.12494051959073466,0.31124855327055384
in100.visreg.s1.visregf.extL,8,student.h.gap.L03,raw,8,10000,384,11.067400119554268,10.452542320220905,9.069117305276622,1.2203392840794989,1.0588237560295635,2.352381784442554,7.028450834138347,2.145191894340483,0.30521546567857194
in100.visreg.s1.visregf.extL,8,student.h.gap.L03,l2,8,10000,384,0.44034558960104714,0.4079107397914474,0.35286754109131646,1.2479061923326429,1.0795145767090681,0.4692257397037417,0.2733616480528261,0.08358500043640492,0.3057671075360668
in100.visreg.s1.visregf.extL,8,student.h.gap.L06,raw,8,10000,384,10.232580364659318,14.926625467360537,13.647552921778123,0.7497740014864238,0.685525364526262,2.2619217896137918,10.245311021111373,3.551508155340356,0.3466471782088565
in100.visreg.s1.visregf.extL,8,student.h.gap.L06,l2,8,10000,384,0.46033549840573207,0.6632450343940873,0.6057030970933708,0.7600018897291029,0.6940655029950962,0.4797580110877421,0.45351480606194233,0.1588207413753694,0.3501996831249589
in100.visreg.s1.visregf.extL,8,student.h.gap.L09,raw,8,10000,384,11.069325110367549,18.23821947138665,16.854553832590707,0.6567557480497297,0.6069301407263935,2.352586354458381,12.53775892021287,4.499177107091705,0.35885018492725307
in100.visreg.s1.visregf.extL,8,student.h.gap.L09,l2,8,10000,384,0.5053767858958544,0.8221948930798519,0.7590227948428702,0.6658255711549157,0.6146678727263416,0.5026812040925414,0.5626067137147631,0.20463803005890568,0.36373193755141614
in100.visreg.s1.visregf.extL,8,student.z.embed,raw,8,10000,512,501.76974442528166,506.1061096935019,443.38489164034166,1.1316798426959025,0.9914319049204003,15.83934570026934,352.143811435175,96.30214130210165,0.27347389951173284
in100.visreg.s1.visregf.extL,8,student.z.embed,l2,8,10000,512,1.0283191968626768,1.0981042570246418,0.9695643574168071,1.0605992155099524,0.9364495131354372,0.7170492301309154,0.7586491774206191,0.2218962225664346,0.29248858256312105
in100.visreg.s1.visregf.extL,8,student.z.proj.out,raw,8,10000,128,32.55404356917337,214.07941344346582,210.01015799731914,0.15501175695315147,0.15206526889037025,4.034479121842953,133.71970487136664,78.43124726038714,0.5865347020907282
in100.visreg.s1.visregf.extL,8,student.z.proj.out,l2,8,10000,128,0.293043968825426,1.742909021878747,1.7062785257755688,0.17174450970261512,0.1681349772976348,0.38278190188763234,1.107929691520358,0.6157779244739984,0.555791517446379
in100.visreg.s1.visregf.extL,8,student.z.proj.tap1,raw,8,10000,2048,1.797806515861645,7.743863029427846,7.5191372149451405,0.2390974475486762,0.23215887329485418,0.9481050880207439,4.664745102659766,2.931830742579654,0.6285082417274995
in100.visreg.s1.visregf.extL,8,student.z.proj.tap1,l2,8,10000,2048,0.36768310185654457,1.437288844980428,1.39132845724836,0.26426765005850167,0.2558171262099731,0.42876747886036354,0.8802328480830146,0.5254684976151492,0.5969653356603575
in100.visreg.s1.visregf.extL,8,student.z.proj.tap2,raw,8,10000,2048,4.1035666120827745,24.411109026104608,23.89816319959426,0.17171054435482488,0.16810242450248888,1.4324047284344559,14.7799603385871,9.362313951268202,0.6334464867828731
in100.visreg.s1.visregf.extL,8,student.z.proj.tap2,l2,8,10000,2048,0.25903212606193904,1.439655644971356,1.4072766292136136,0.1840662458856339,0.17992644766595756,0.35988340199427027,0.8819788627754559,0.5396943228878712,0.6119129898300892
in100.visreg.s2.visregf.extL,8,student.h.cls,raw,8,10000,384,71.21563992549355,118.1604373500907,109.25848235940401,0.6518087967873364,0.6027029141276183,5.967228834454631,78.25667676707258,32.18340996583236,0.4112544934871795
in100.visreg.s2.visregf.extL,8,student.h.cls,l2,8,10000,384,0.7847286916074705,1.3083221029971879,1.210231016546254,0.6484123120946957,0.5997977790100495,0.626389931116182,0.8677611831889771,0.35555305438724893,0.40973606710617083
in100.visreg.s2.visregf.extL,8,student.h.cls.L03,raw,8,10000,384,32.673621339410076,15.47200737126532,11.38780470383906,2.8691764733544414,2.111789411378621,4.04188207023721,9.35362892843102,2.1888958491206956,0.23401568160004627
in100.visreg.s2.visregf.extL,8,student.h.cls.L03,l2,8,10000,384,0.2907079881595883,0.13779124471015047,0.10145274619020193,2.8654521348744346,2.1097711162353203,0.38125318894377025,0.08332697088519665,0.0195036877521068,0.2340621235227417
in100.visreg.s2.visregf.extL,8,student.h.cls.L06,raw,8,10000,384,49.274101219504296,42.63401807348339,36.47475542104535,1.350909708665899,1.1557461258888655,4.963572363706622,29.29611131657351,7.604984285206683,0.25959023035608014
in100.visreg.s2.visregf.extL,8,student.h.cls.L06,l2,8,10000,384,0.46857998693757513,0.40726172846038444,0.34868923009318753,1.3438326925450113,1.1505622900266095,0.4840351159459276,0.27992989881439195,0.07283194856339933,0.26017924084518995
in100.visreg.s2.visregf.extL,8,student.h.cls.L09,raw,8,10000,384,71.23653948235669,89.50933014014494,80.60476270485036,0.8837758104096504,0.7958560227277033,5.968104367483727,62.090758941677485,19.409097064574343,0.31259236310520083
in100.visreg.s2.visregf.extL,8,student.h.cls.L09,l2,8,10000,384,0.7528340001376387,0.9489534864670874,0.8548492364498826,0.8806628912299148,0.7933307700258386,0.6135283205108134,0.6589654067496966,0.20537336456485691,0.31166031245531917
in100.visreg.s2.visregf.extL,8,student.h.gap,raw,8,10000,384,8.97114988814277,14.618744188988723,13.497350452970876,0.6646600693522148,0.6136744560384407,2.1179175961475427,10.501868878793852,3.141669016066911,0.29915332711978543
in100.visreg.s2.visregf.extL,8,student.h.gap,l2,8,10000,384,0.3784994239848901,0.6140663305603292,0.5667539025622179,0.667837349286428,0.6163819853785393,0.43502840366169776,0.4400849121175517,0.13280965375026965,0.3017818836624753
in100.visreg.s2.visregf.extL,8,student.h.gap.L03,raw,8,10000,384,9.66964556012068,9.299947362341024,8.091241667325939,1.1950756086261338,1.0397527193838432,2.1988230442808123,6.274349696139526,1.909891444809825,0.30439671636168775
in100.visreg.s2.visregf.extL,8,student.h.gap.L03,l2,8,10000,384,0.47335596034062066,0.44302017868221333,0.38385068363963576,1.233177327840879,1.068474943395677,0.48649561166603583,0.2974340829772117,0.09084680244924608,0.3054350783874571
in100.visreg.s2.visregf.extL,8,student.h.gap.L06,raw,8,10000,384,9.448851278363827,13.370772235645191,12.189665825849712,0.775152609871089,0.706679547885357,2.1735743923735193,9.317342444172901,3.006031104033261,0.3226275219618276
in100.visreg.s2.visregf.extL,8,student.h.gap.L06,l2,8,10000,384,0.488164195492804,0.6824738074992672,0.6214532830626667,0.7855203420714378,0.715286345246778,0.49404665543489107,0.4728545609190777,0.1554234602185818,0.3286918918926962
in100.visreg.s2.visregf.extL,8,student.h.gap.L09,raw,8,10000,384,10.673506585410564,17.892678129796472,16.558489806620152,0.644594205755603,0.5965292902484003,2.3101414010197043,12.439983650191959,4.2974329377261595,0.34545326252577885
in100.visreg.s2.visregf.extL,8,student.h.gap.L09,l2,8,10000,384,0.5267515675251516,0.8719723400157616,0.8061283940751177,0.6534338343577403,0.6040920604380985,0.5132015040533063,0.6030003496403615,0.21184776783491385,0.35132279435868163
in100.visreg.s2.visregf.extL,8,student.z.embed,raw,8,10000,512,503.4033922731346,509.00697582223677,446.08155178809494,1.1285008094490077,0.9889911458677944,15.86510939566971,353.18198552398803,97.98963602232922,0.27744800142326
in100.visreg.s2.visregf.extL,8,student.z.embed,l2,8,10000,512,1.02773477129808,1.0990627972121163,0.9705959507998563,1.0588698319327794,0.9351010460048624,0.7168454405581722,0.7566128810790869,0.2249736976928906,0.29734320326668434
in100.visreg.s2.visregf.extL,8,student.z.proj.out,raw,8,10000,128,32.575818144899266,214.41627650647408,210.34429923836166,0.15486903264245078,0.15192791646074347,4.035828176774828,133.40260743637145,79.08585456705492,0.5928358979398226
in100.visreg.s2.visregf.extL,8,student.z.proj.out,l2,8,10000,128,0.29319024857089343,1.7430293815424605,1.7063806004710989,0.17181996120323287,0.1682072899490887,0.3828774272341564,1.104752311360884,0.6190585829256395,0.5603596177708423
in100.visreg.s2.visregf.extL,8,student.z.proj.tap1,raw,8,10000,2048,1.8026185843011362,7.7869975880015145,7.5616702649638725,0.23838894333350683,0.23149083634990147,0.9493731048173674,4.694588585829258,2.94495165501463,0.6273077184876319
in100.visreg.s2.visregf.extL,8,student.z.proj.tap1,l2,8,10000,2048,0.367286212513563,1.439903187122592,1.3939924105583967,0.26347791403429366,0.25507701892619855,0.42853600345453063,0.882520879523739,0.5258705629058837,0.595873225333405
in100.visreg.s2.visregf.extL,8,student.z.proj.tap2,raw,8,10000,2048,4.055073445395612,24.141437748604314,23.634553567929864,0.1715739387139519,0.16797149729121033,1.423915981614718,14.560546975941445,9.315420969474463,0.6397713619458415
in100.visreg.s2.visregf.extL,8,student.z.proj.tap2,l2,8,10000,2048,0.25848253649483205,1.4361399216271742,1.4038296045653202,0.18412671712737402,0.1799842289753817,0.3595014161966765,0.8769344323362149,0.5412565714453768,0.6172144136288858
in100.floorssl.s1.d256vm4zonly.extL,8,student.h.cls,raw,8,10000,384,0.7761250360624949,3.4005276914053524,3.3035120618975404,0.23493936801813523,0.2282366463370107,0.6229466413997651,1.9346247375165824,1.4028926012950118,0.725149727536236
in100.floorssl.s1.d256vm4zonly.extL,8,student.h.cls,l2,8,10000,384,0.06637371080281138,0.29191418240310923,0.2836174685527578,0.2340254679710065,0.22737405307411476,0.1821725978334988,0.1628901639776893,0.12364644639909961,0.7590786538592668
in100.floorssl.s1.d256vm4zonly.extL,8,student.h.cls.L03,raw,8,10000,384,0.3340023636491966,0.22935374247136334,0.18760344701521375,1.7803636818150286,1.4562760565849475,0.40865778081984233,0.1467615669825048,0.043135417457422644,0.29391494206766505
in100.floorssl.s1.d256vm4zonly.extL,8,student.h.cls.L03,l2,8,10000,384,0.016757010456139722,0.011433578171352378,0.009338951864334913,1.7943138266012573,1.4655963518162296,0.091534175191946,0.007310730999417909,0.002142556646630525,0.29307009747740936
in100.floorssl.s1.d256vm4zonly.extL,8,student.h.cls.L06,raw,8,10000,384,0.739705314698126,1.3580297911513723,1.2655666268141066,0.5844854779082113,0.5446900498927825,0.6081551260567183,0.9161792818538894,0.362967642871731,0.3961753447832456
in100.floorssl.s1.d256vm4zonly.extL,8,student.h.cls.L06,l2,8,10000,384,0.037211530185624744,0.06796090567227328,0.06330946439907019,0.5877719948957784,0.5475431767355967,0.13640295118806034,0.04585265272978255,0.018136420726010394,0.39553700050663143
in100.floorssl.s1.d256vm4zonly.extL,8,student.h.cls.L09,raw,8,10000,384,1.3814379993500872,3.6814933750664824,3.5088136251477215,0.39370515135067297,0.37523848574768665,0.8310950605526685,2.418774537843431,1.126854021054955,0.4658780731418039
in100.floorssl.s1.d256vm4zonly.extL,8,student.h.cls.L09,l2,8,10000,384,0.10868845673929194,0.2866955281685052,0.2731094710760937,0.3979666333468501,0.3791076108986616,0.23311848568838545,0.1877089463488568,0.0882674800089219,0.4702358716823061
in100.floorssl.s1.d256vm4zonly.extL,8,student.h.gap,raw,8,10000,384,0.29268848277251497,0.7810952944834056,0.7445092341368412,0.3931294191560271,0.3747154602513524,0.38254965871930596,0.5023179600002207,0.2500022270814545,0.497697169898812
in100.floorssl.s1.d256vm4zonly.extL,8,student.h.gap,l2,8,10000,384,0.05518017032823503,0.14961951042849078,0.1427219891374614,0.3866269708102845,0.36880330760477836,0.1661026344285891,0.0959828920161545,0.04823529222559181,0.5025405175067399
in100.floorssl.s1.d256vm4zonly.extL,8,student.h.gap.L03,raw,8,10000,384,0.46867154646463616,0.5110994694598253,0.4525155261517458,1.0357026872653041,0.9169869555137071,0.4840824033491799,0.34651492685642515,0.11111159398991884,0.32065456746097626
in100.floorssl.s1.d256vm4zonly.extL,8,student.h.gap.L03,l2,8,10000,384,0.173584655718131,0.18787398633705885,0.16617590437229246,1.0445837883285434,0.9239419416305363,0.2946053764938201,0.1269936558153842,0.04106098842027884,0.3233310211966089
in100.floorssl.s1.d256vm4zonly.extL,8,student.h.gap.L06,raw,8,10000,384,0.4395858689728576,0.7485655528764564,0.6936173192548493,0.6337584958880543,0.5872376404226646,0.4688207914400009,0.5104398867719966,0.1906630880116174,0.3735270165060256
in100.floorssl.s1.d256vm4zonly.extL,8,student.h.gap.L06,l2,8,10000,384,0.1613401153396524,0.2745484718348605,0.2543809574174039,0.6342460417542797,0.5876562133505433,0.2840247483403976,0.18701597345972307,0.07011046867602949,0.3748902694193067
in100.floorssl.s1.d256vm4zonly.extL,8,student.h.gap.L09,raw,8,10000,384,0.42403240173020534,0.9120812268823536,0.859077176666078,0.49359057980773957,0.4649064022286909,0.4604521700080288,0.6000602580878659,0.26813773084703557,0.4468513407328045
in100.floorssl.s1.d256vm4zonly.extL,8,student.h.gap.L09,l2,8,10000,384,0.13653484090070575,0.2945133758034804,0.2774465206908922,0.49211228369600457,0.4635947027133029,0.26128034838149017,0.19334227630600284,0.08704937814292422,0.4502345777968972
in100.floorssl.s1.d256vm4zonly.extL,8,student.z.proj.out,raw,8,10000,256,28.10395241636604,217.02375883399074,213.510764781945,0.13162780080464861,0.12949712311389724,3.748596565140482,151.83268241046392,63.84831995982094,0.42051763129109204
in100.floorssl.s1.d256vm4zonly.extL,8,student.z.proj.out,l2,8,10000,256,0.30268679841229174,1.666198312175369,1.6283624623738324,0.18588416609102734,0.1816631286927109,0.38902878968804594,1.1553582704023222,0.48966617509326377,0.4238219326743996
in100.floorssl.s1.d256vm4zonly.extL,8,student.z.proj.tap1,raw,8,10000,2048,0.3336162372230023,1.7940674787273436,1.7523654490744682,0.19038051531956734,0.18595523366805547,0.4084214962651956,1.0584296389710088,0.7118764848907327,0.6725779954374762
in100.floorssl.s1.d256vm4zonly.extL,8,student.z.proj.tap1,l2,8,10000,2048,0.36526695041183116,1.4507603498864179,1.405101981084939,0.25995760829387843,0.2517762154448379,0.4273563796246823,0.8774633028210782,0.5421462817627251,0.617856359371046
in100.floorssl.s1.d256vm4zonly.extL,8,student.z.proj.tap2,raw,8,10000,2048,3.4664998638762876,26.177453358239436,25.7441408752549,0.13465199249310605,0.13242311299105786,1.3165295028741832,16.363303461127874,9.642611947709423,0.589282718530283
in100.floorssl.s1.d256vm4zonly.extL,8,student.z.proj.tap2,l2,8,10000,2048,0.2787100272565383,1.556530011284396,1.5216912578773287,0.18315806561530928,0.17905856310894783,0.373302844388131,0.9791269356173822,0.5581296223727903,0.5700278503939484
in100.floorssl.s2.d256vm4zonly.extL,8,student.h.cls,raw,8,10000,384,0.8079380647439587,3.25229819351984,3.151305935426845,0.25638198299351195,0.2484206603053079,0.6355855822562209,1.8537771558031917,1.3300517615588516,0.7174820109284258
in100.floorssl.s2.d256vm4zonly.extL,8,student.h.cls,l2,8,10000,384,0.0777564867566203,0.31791400543750875,0.3081944445929312,0.2522968473987987,0.24458339496434867,0.19717566629356206,0.17823168617325844,0.13314189847404795,0.7470158720521847
in100.floorssl.s2.d256vm4zonly.extL,8,student.h.cls.L03,raw,8,10000,384,0.34186237273121833,0.21276851232031793,0.17003571572891563,2.0105327358179403,1.606733858328401,0.4134382497612058,0.13608514771243507,0.036078253139683734,0.26511528808361656
in100.floorssl.s2.d256vm4zonly.extL,8,student.h.cls.L03,l2,8,10000,384,0.017962643236605676,0.011154470960680082,0.008909140556104372,2.0162038216243,1.6103536689390874,0.09476983495977419,0.007133298995273858,0.0018873862704373169,0.26458813400192505
in100.floorssl.s2.d256vm4zonly.extL,8,student.h.cls.L06,raw,8,10000,384,0.7181075478364299,1.1310567643796026,1.0412933209000488,0.6896304176960714,0.6348996535380079,0.5992109594443471,0.7756842796216321,0.27691960892221257,0.35700041395358695
in100.floorssl.s2.d256vm4zonly.extL,8,student.h.cls.L06,l2,8,10000,384,0.0402070440803655,0.06339097800662641,0.05836509749658072,0.6888884933794723,0.6342707644637154,0.14178688952150248,0.04349005456998136,0.01550895270666562,0.3566091801910624
in100.floorssl.s2.d256vm4zonly.extL,8,student.h.cls.L09,raw,8,10000,384,1.4753401729063491,3.633043178622192,3.4486256570088982,0.42780525335010067,0.4060893582514101,0.8588772243185719,2.391003059187678,1.0939530296074425,0.4575289125640447
in100.floorssl.s2.d256vm4zonly.extL,8,student.h.cls.L09,l2,8,10000,384,0.13358004718145336,0.3286877716289106,0.31199026573122896,0.42815453510504364,0.40640406705566645,0.2584376590025662,0.21560882275526808,0.09966832069224991,0.4622645744204114
in100.floorssl.s2.d256vm4zonly.extL,8,student.h.gap,raw,8,10000,384,0.2974152869216448,0.7012133694184374,0.6640364585532318,0.44788999623550463,0.42414377690532484,0.3856263002711594,0.45035057487317204,0.22069801737424408,0.4900582561405571
in100.floorssl.s2.d256vm4zonly.extL,8,student.h.gap,l2,8,10000,384,0.05372439930536678,0.12972294989534314,0.12300739998217229,0.43675745778833763,0.41414722181934754,0.16389691776443932,0.08325763682542853,0.04104699265569723,0.4930117430760498
in100.floorssl.s2.d256vm4zonly.extL,8,student.h.gap.L03,raw,8,10000,384,0.47675223425912494,0.4324961047996685,0.3729020755172779,1.2784917691803925,1.1023272324728932,0.4882377670045226,0.28995286871939857,0.08727416784587605,0.300994324461523
in100.floorssl.s2.d256vm4zonly.extL,8,student.h.gap.L03,l2,8,10000,384,0.1546980427658962,0.1411865073840056,0.12184925203826857,1.26958549337103,1.0956999052688603,0.27811692034636815,0.09445575383012136,0.028805363281987285,0.30496144611575193
in100.floorssl.s2.d256vm4zonly.extL,8,student.h.gap.L06,raw,8,10000,384,0.43203201080453857,0.6043685602775186,0.5503645589269512,0.7849924269231175,0.7148485861113536,0.46477522029715534,0.4165602459091637,0.1398479986205628,0.33572094311433276
in100.floorssl.s2.d256vm4zonly.extL,8,student.h.gap.L06,l2,8,10000,384,0.14576392985371148,0.20415224051370692,0.185931749281993,0.7839647097206562,0.7139962289266416,0.26996659965050446,0.14049873681241976,0.04747453487471031,0.3379000833160065
in100.floorssl.s2.d256vm4zonly.extL,8,student.h.gap.L09,raw,8,10000,384,0.433973496842002,0.810832779156841,0.7565860920515908,0.5735943356627414,0.5352194780448776,0.465818364194673,0.5414516676166629,0.22324275222649634,0.412304117944924
in100.floorssl.s2.d256vm4zonly.extL,8,student.h.gap.L09,l2,8,10000,384,0.13462812066603055,0.25223047411801447,0.23540195903476066,0.5719073928613766,0.5337504167043681,0.25944953330660525,0.16790626806000647,0.07001799571593433,0.41700644368387274
in100.floorssl.s2.d256vm4zonly.extL,8,student.z.proj.out,raw,8,10000,256,29.892783796039577,229.81742647842242,226.08082850391747,0.13222166600261553,0.1300718759847666,3.8660563754321777,161.2022057094091,67.1767970592926,0.41672380823615246
in100.floorssl.s2.d256vm4zonly.extL,8,student.z.proj.out,l2,8,10000,256,0.3166446551452311,1.6901514954813268,1.650570913588173,0.19183947356546946,0.18734690706234947,0.39789738321911033,1.1848290325110435,0.48264339603194245,0.4073527764668814
in100.floorssl.s2.d256vm4zonly.extL,8,student.z.proj.tap1,raw,8,10000,2048,0.36729415339218274,1.8372642220617967,1.7913524528877738,0.20503734639159438,0.19991362645705987,0.4285406359916074,1.0211723999081497,0.7885526952002423,0.7722032981611816
in100.floorssl.s2.d256vm4zonly.extL,8,student.z.proj.tap1,l2,8,10000,2048,0.36546859982163793,1.4426253218695289,1.3969417468918242,0.2616205010944805,0.25333577213799313,0.42747432661017076,0.8771090955038556,0.5342589046066637,0.6091134014517983
in100.floorssl.s2.d256vm4zonly.extL,8,student.z.proj.tap2,raw,8,10000,2048,3.538991235876247,26.970855694953155,26.528481790468625,0.13340345911343354,0.13121538581879222,1.3302238976721639,16.784682091634274,10.013508255783883,0.5965861135239945
in100.floorssl.s2.d256vm4zonly.extL,8,student.z.proj.tap2,l2,8,10000,2048,0.2795452605561283,1.56101194492375,1.526068787354234,0.18317998695247525,0.1790795140711003,0.3738617796433117,0.9820591216178784,0.5596197851855932,0.569843274062417
in100.floorssl.s1.d256vm4.extL,8,student.h.cls,raw,8,10000,384,160.46600969199594,463.80655358575484,443.74830237425533,0.36161492637477094,0.3459761584898063,8.95728780636181,299.4248592913225,148.9615086187904,0.497492121967935
in100.floorssl.s1.d256vm4.extL,8,student.h.cls,l2,8,10000,384,0.5391839213065028,1.5256928363599536,1.4582948461966407,0.36973587523314727,0.35340266956545785,0.5192224577705122,0.9916864626599089,0.4818653119003313,0.4859049004338211
in100.floorssl.s1.d256vm4.extL,8,student.h.cls.L03,raw,8,10000,384,36.815341287606905,22.961833355220016,18.35991569426915,2.005202088106451,1.6033276053385133,4.290416138768296,15.042724874902362,3.546809152918992,0.2357823587425023
in100.floorssl.s1.d256vm4.extL,8,student.h.cls.L03,l2,8,10000,384,0.13318073295461325,0.08313767472207231,0.06649008310274565,2.003016491178271,1.601929972179688,0.258051092765186,0.054474042457738424,0.012847417392227955,0.23584475857827378
in100.floorssl.s1.d256vm4.extL,8,student.h.cls.L06,raw,8,10000,384,77.41650836907536,102.8043273964332,93.12726385029877,0.8312980019849149,0.7530471754417736,6.221595790835152,75.13376727028802,19.021539853975078,0.25316898839301555
in100.floorssl.s1.d256vm4.extL,8,student.h.cls.L06,l2,8,10000,384,0.286064841354745,0.3806713188620991,0.34491321369275596,0.8293820880100226,0.7514746375162927,0.37819627269100964,0.2780622484638362,0.07065767841754075,0.2541074123074648
in100.floorssl.s1.d256vm4.extL,8,student.h.cls.L09,raw,8,10000,384,168.62730916333342,310.891588987894,289.81317534247734,0.5818483199187323,0.5423990713685718,9.182246706643571,225.1914241808413,67.7306670515149,0.3007693001538255
in100.floorssl.s1.d256vm4.extL,8,student.h.cls.L09,l2,8,10000,384,0.5810972324522332,1.0695212237042717,0.9968840696477426,0.5829135504769064,0.5433246387010546,0.5390256174117485,0.7754010117922144,0.23217827009257075,0.299429929238715
in100.floorssl.s1.d256vm4.extL,8,student.h.gap,raw,8,10000,384,24.109416318541225,45.03667006619956,42.02299302638191,0.573719637328198,0.5353285729851409,3.471989078218797,32.30817001779201,10.165189709251898,0.31463217209931604
in100.floorssl.s1.d256vm4.extL,8,student.h.gap,l2,8,10000,384,0.3141979509364661,0.5889888646080376,0.5497141207409793,0.571566090594412,0.5334531258847477,0.3963571312190977,0.42082037416539875,0.13478363522166084,0.32028780804392715
in100.floorssl.s1.d256vm4.extL,8,student.h.gap.L03,raw,8,10000,384,28.021450210434853,28.309049813745784,24.806368537441426,1.1296071074708398,0.9898407185969456,3.743090314862497,19.319645596226408,5.769813439352475,0.2986500663593673
in100.floorssl.s1.d256vm4.extL,8,student.h.gap.L03,l2,8,10000,384,0.45027185412918963,0.4443604046585742,0.3880764228924255,1.160265936212272,1.013303276819089,0.47448490709884,0.30195318505719354,0.09056684188181775,0.29993670000421857
in100.floorssl.s1.d256vm4.extL,8,student.h.gap.L06,raw,8,10000,384,26.774174995281395,39.009970563514116,35.66319868910394,0.750750801370535,0.6863418405222583,3.658836905034262,27.370188911246757,8.683109483492329,0.31724696938150576
in100.floorssl.s1.d256vm4.extL,8,student.h.gap.L06,l2,8,10000,384,0.45548608886699155,0.6587850810069947,0.6018493198986208,0.7568108392042654,0.6914031631844975,0.47722431249203534,0.45935244425151045,0.1490847264571803,0.324554115957967
in100.floorssl.s1.d256vm4.extL,8,student.h.gap.L09,raw,8,10000,384,26.480010826622983,47.66163376735497,44.3516324140271,0.597047039428658,0.5555833640927353,3.638681823588247,33.535070760517705,11.293177991182958,0.33675724353857356
in100.floorssl.s1.d256vm4.extL,8,student.h.gap.L09,l2,8,10000,384,0.411002383708832,0.7383533788161828,0.6869780808525788,0.5982758331950776,0.5566472579400945,0.4533223928446686,0.5166121450523389,0.1777494695884018,0.3440675394311407
in100.floorssl.s1.d256vm4.extL,8,student.z.proj.out,raw,8,10000,256,48.202422173842955,403.3132293979882,397.28792662625784,0.12132868618277595,0.11951609483723867,4.909298431234495,298.00401884297736,103.31704007726024,0.3466968011988439
in100.floorssl.s1.d256vm4.extL,8,student.z.proj.out,l2,8,10000,256,0.31346929169025944,1.724437727123789,1.6852540656625066,0.186007141639518,0.1817805808581437,0.3958972667815853,1.284435231349482,0.4180632115842626,0.3254840737629313
in100.floorssl.s1.d256vm4.extL,8,student.z.proj.tap1,raw,8,10000,2048,0.7226076188972274,3.4606107720214996,3.370284819659346,0.21440550504282468,0.20880927284264317,0.6010855259017752,2.154287608679962,1.250603318699599,0.5805182714047662
in100.floorssl.s1.d256vm4.extL,8,student.z.proj.tap1,l2,8,10000,2048,0.36214989260977093,1.4311582039874493,1.3858894674112279,0.26131224828935945,0.253046722298597,0.4255290193451975,0.9035392411842291,0.4966618082668732,0.549684823445986
in100.floorssl.s1.d256vm4.extL,8,student.z.proj.tap2,raw,8,10000,2048,4.822496925024771,39.97736995544508,39.37455783981698,0.1224774877382391,0.12063067006157385,1.5528195202638282,25.813892719583446,13.960438819787976,0.5408110652446089
in100.floorssl.s1.d256vm4.extL,8,student.z.proj.tap2,l2,8,10000,2048,0.26539887096684134,1.581035224686046,1.5478603658151908,0.1714617654332581,0.16786398356149396,0.364279337162322,1.0337893896894832,0.5298813283725677,0.5125621656184022
in100.floorssl.s2.d256vm4.extL,8,student.h.cls,raw,8,10000,384,167.636673220027,472.05339073017694,451.09880657767354,0.3716185252003367,0.3551222732681253,9.1552354753995,302.88135326162154,152.93798722335396,0.5049435548818677
in100.floorssl.s2.d256vm4.extL,8,student.h.cls,l2,8,10000,384,0.5501044913816747,1.5158799419175162,1.447116880494807,0.38013825890385555,0.3628944985483604,0.5244542360309785,0.9801163829466332,0.4821592969673488,0.49194086065348647
in100.floorssl.s2.d256vm4.extL,8,student.h.cls.L03,raw,8,10000,384,24.625256531143503,15.760508821487402,12.682351755094464,1.9416948060324544,1.5624658321671805,3.508935488944154,10.342879816450257,2.4970770268590803,0.24142957002047938
in100.floorssl.s2.d256vm4.extL,8,student.h.cls.L03,l2,8,10000,384,0.09926856481383052,0.06358726159885347,0.05117869099712466,1.9396464208005566,1.561139170296027,0.2227875274940571,0.04173561560729624,0.010078948005816945,0.24149513213493704
in100.floorssl.s2.d256vm4.extL,8,student.h.cls.L06,raw,8,10000,384,76.16605334314566,97.19257810818526,87.67182144029205,0.8687632136742789,0.783661209792841,6.171144680816747,70.4514781926914,18.192269028682507,0.2582240926006541
in100.floorssl.s2.d256vm4.extL,8,student.h.cls.L06,l2,8,10000,384,0.3217289483874502,0.41005853597998937,0.3698424174315581,0.8699081912284665,0.7845927353238914,0.4010791370711335,0.29702341303086,0.07691958976049804,0.2589681028024087
in100.floorssl.s2.d256vm4.extL,8,student.h.cls.L09,raw,8,10000,384,170.21301382957952,308.4872954490303,287.2106687203328,0.5926416821072965,0.5517666897167339,9.225318797461135,222.14435740315517,68.151184271668,0.30678782512573527
in100.floorssl.s2.d256vm4.extL,8,student.h.cls.L09,l2,8,10000,384,0.5975855998486778,1.0799835571952712,1.0052853572141864,0.5944437522741675,0.5533284241850995,0.546619428784176,0.7785494129075105,0.23753577987862856,0.30510045469245917
in100.floorssl.s2.d256vm4.extL,8,student.h.gap,raw,8,10000,384,23.562803832571852,42.944919906160834,39.999569427089355,0.5890764368231962,0.5486749977426679,3.432404684224447,30.846093067380767,9.582925558770198,0.3106690217732625
in100.floorssl.s2.d256vm4.extL,8,student.h.gap,l2,8,10000,384,0.2926071885065224,0.5368201907078308,0.5002442921445155,0.58492859009372,0.5450748566679312,0.38249652841988147,0.3843823196612631,0.12123017439033082,0.3153895696793882
in100.floorssl.s2.d256vm4.extL,8,student.h.gap.L03,raw,8,10000,384,27.538215474142586,28.292742639060467,24.850465704792644,1.1081569175112715,0.973331423731392,3.710674835804303,19.287750670986462,5.845642460196784,0.30307538498981496
in100.floorssl.s2.d256vm4.extL,8,student.h.gap.L03,l2,8,10000,384,0.4175238075986055,0.41832794620608493,0.36613747025625926,1.1403471141764896,0.9980777315625878,0.45690469881508416,0.2839908473420959,0.08632990237622425,0.3039883263288098
in100.floorssl.s2.d256vm4.extL,8,student.h.gap.L06,raw,8,10000,384,27.696137113398382,40.08139819497046,36.619381055795664,0.7563245558738076,0.6909972795528321,3.721299310281181,28.18686423051874,8.833330807226625,0.3133846580089785
in100.floorssl.s2.d256vm4.extL,8,student.h.gap.L06,l2,8,10000,384,0.43080590253215156,0.6167282143151533,0.5628774764986344,0.7653635480530668,0.6985344476424523,0.46411523489977763,0.43150407553284037,0.13754068310894554,0.3187471240893941
in100.floorssl.s2.d256vm4.extL,8,student.h.gap.L09,raw,8,10000,384,26.48352308664627,46.15222768881546,42.84178730298468,0.6181703601521132,0.5738297892186967,3.6389231296254576,32.45630262823188,10.847006951640942,0.33420340806798343
in100.floorssl.s2.d256vm4.extL,8,student.h.gap.L09,l2,8,10000,384,0.40986435066034016,0.7126038175563163,0.6613707737237737,0.619719478005726,0.5751644049085508,0.4526943508927078,0.49853492884968037,0.16996188304965662,0.34092271817709285
in100.floorssl.s2.d256vm4.extL,8,student.z.proj.out,raw,8,10000,256,43.64926477452315,373.8895843682554,368.43342627144,0.11847259684403592,0.11674373023328631,4.671684106107944,258.1142570698484,114.05806504527416,0.44188982948899586
in100.floorssl.s2.d256vm4.extL,8,student.z.proj.out,l2,8,10000,256,0.3009462963697838,1.7228289049450056,1.6852106178987827,0.17858082139609405,0.1746814762081034,0.38790868536923984,1.2092585271351524,0.49318037981308044,0.4078370081718351
in100.floorssl.s2.d256vm4.extL,8,student.z.proj.tap1,raw,8,10000,2048,0.7726759138680869,4.203460200323674,4.106875711090163,0.18814202528251855,0.1838190150601615,0.6215609036402172,2.419240794038052,1.729669519055347,0.714963770170346
in100.floorssl.s2.d256vm4.extL,8,student.z.proj.tap1,l2,8,10000,2048,0.36511802883088673,1.4327257170367271,1.3870859634328663,0.26322667697340457,0.2548415404911219,0.4272692528317985,0.8882453449029281,0.5131678757003056,0.5777321307058324
in100.floorssl.s2.d256vm4.extL,8,student.z.proj.tap2,raw,8,10000,2048,4.3938263753322735,36.63692775248854,36.08769945557201,0.1217541279055919,0.11992889810565041,1.4821987679343607,22.6359216525179,13.818147080578996,0.6104521517921908
in100.floorssl.s2.d256vm4.extL,8,student.z.proj.tap2,l2,8,10000,2048,0.26402051948625854,1.5784676032459823,1.5454650383102,0.1708356468386607,0.16726381899972045,0.3633321617241299,0.9956331916937953,0.5656165226488646,0.568097294633804
in100.lejepa.s1.extL,8,student.h.cls,raw,8,10000,384,0.8241349961356289,4.817683184869953,4.7146663103529995,0.1748024020970264,0.1710645894532551,0.6419248383321948,2.3771682791680684,2.3856748630336306,1.003578452539565
in100.lejepa.s1.extL,8,student.h.cls,l2,8,10000,384,0.07957595393359695,0.48739459331198226,0.47744759907028267,0.16666950276543957,0.16326802764235882,0.19946923814663373,0.23306332557387918,0.24925821942952328,1.0694870967612211
in100.lejepa.s1.extL,8,student.h.cls.L03,raw,8,10000,384,0.35061282859152093,0.2107478215576744,0.1669212179837343,2.100468908785979,1.6636605114115985,0.4186960882260073,0.13381748613550906,0.03521121006380192,0.2631286170489379
in100.lejepa.s1.extL,8,student.h.cls.L03,l2,8,10000,384,0.027427272086743632,0.016495876216186884,0.01306746720534393,2.0988973345597737,1.6626744604103003,0.11710523491019441,0.010484583082500271,0.002747842885005527,0.2620841347131798
in100.lejepa.s1.extL,8,student.h.cls.L06,raw,8,10000,384,0.6280532419486244,0.8986440251882565,0.8201373699446785,0.7657902992409542,0.6988899100698454,0.5603807821243625,0.5757065591896664,0.2534172510068948,0.44018475551779584
in100.lejepa.s1.extL,8,student.h.cls.L06,l2,8,10000,384,0.04675209076065891,0.06659768104299246,0.0607536696979101,0.7695352559463113,0.7020077880861627,0.15289226723523153,0.042724211929276966,0.018695434579063044,0.4375840708310856
in100.lejepa.s1.extL,8,student.h.cls.L09,raw,8,10000,384,1.156490437545209,3.261031764157205,3.116470459464054,0.3710898122050844,0.3546394273911948,0.7604243675557777,1.9570856507225574,1.1919951263830681,0.6090664074630473
in100.lejepa.s1.extL,8,student.h.cls.L09,l2,8,10000,384,0.09464749450878404,0.2663367940182292,0.2545058572046312,0.37188729386563507,0.3553677022270756,0.21754021985460992,0.15948751146871468,0.09768171367609876,0.6124724925265397
in100.lejepa.s1.extL,8,student.h.gap,raw,8,10000,384,0.42909457807560764,1.3319700370031569,1.2783332147437059,0.3356672369352753,0.3221503233218681,0.4631924967416936,0.7582371346896255,0.5334157804241123,0.7034946668003264
in100.lejepa.s1.extL,8,student.h.gap,l2,8,10000,384,0.07777056925715162,0.25179748237948213,0.2420761612223382,0.32126488153338717,0.30886158400878755,0.19719352075708727,0.14205405408893237,0.10254008195720057,0.7218384763099106
in100.lejepa.s1.extL,8,student.h.gap.L03,raw,8,10000,384,0.7004956147516047,0.6622658588863848,0.5747039070424342,1.2188808987858202,1.0577256933182455,0.5918173767099124,0.4383774901625936,0.14294907546870453,0.3260867144790781
in100.lejepa.s1.extL,8,student.h.gap.L03,l2,8,10000,384,0.18063993160703515,0.17765832902375273,0.15507833757287334,1.1648302041034588,1.0167827908754212,0.30053280320710013,0.11814980640136226,0.03870511446174856,0.3275935495845408
in100.lejepa.s1.extL,8,student.h.gap.L06,raw,8,10000,384,0.5507047500077816,0.8034298137791037,0.734591720028131,0.7496745947350081,0.6854422633601611,0.5247402929105891,0.5342363587940027,0.2083896593719195,0.3900701551694143
in100.lejepa.s1.extL,8,student.h.gap.L06,l2,8,10000,384,0.1705998220726224,0.2488504741597066,0.2275254964006288,0.7498052955446751,0.6855515250621355,0.2920614850272305,0.16581432005581356,0.06419968108641233,0.38717814640377585
in100.lejepa.s1.extL,8,student.h.gap.L09,raw,8,10000,384,0.5225473407894187,1.1277597657804987,1.0624413481818213,0.49183641213104623,0.4633498699324272,0.5111493621190477,0.7103111508498543,0.363407794989772,0.5116177530860545
in100.lejepa.s1.extL,8,student.h.gap.L09,l2,8,10000,384,0.15898798963476415,0.34637324881414444,0.3264997501097989,0.48694674216840267,0.4590077039121266,0.28194679430236846,0.21757781485143218,0.11238566774650817,0.5165309148051148
in100.lejepa.s1.extL,8,student.z.embed,raw,8,10000,512,8.72574091422941,72.30665109454615,71.21593348026748,0.12252512166602632,0.12067687802080442,2.088748538506899,33.36856563717151,38.570434354041424,1.1558912892280633
in100.lejepa.s1.extL,8,student.z.embed,l2,8,10000,512,0.08563144279139027,0.7151545046778185,0.7044505743288947,0.1215577726982029,0.11973838133057382,0.20691960128440015,0.32694008835671806,0.38466203101895485,1.1765520494973913
in100.lejepa.s1.extL,8,student.z.proj.out,raw,8,10000,16,2.099789829428461,26.790700226411435,26.528226497732877,0.07915304212318568,0.07837756429219409,1.024643798943921,12.315536736383145,14.480596763613853,1.1757990799405913
in100.lejepa.s1.extL,8,student.z.proj.out,l2,8,10000,16,0.180987881967243,1.840888714481415,1.8182652292355097,0.09953876863351746,0.09831549324165852,0.3008221085352962,0.9132150175172847,0.923459098863039,1.0112176006189697
in100.lejepa.s1.extL,8,student.z.proj.tap1,raw,8,10000,2048,0.8203099100930533,5.570255265134786,5.467716526373154,0.1500278783906124,0.1472661253475255,0.6404334118755256,2.775488217998527,2.747930861025975,0.9900711677340774
in100.lejepa.s1.extL,8,student.z.proj.tap1,l2,8,10000,2048,0.24651022965494446,1.3670339399341116,1.3362201612272435,0.18448324371078087,0.18032487888839524,0.3510770781857913,0.7250387238728202,0.6248517767537644,0.8618184880058493
in100.lejepa.s1.extL,8,student.z.proj.tap2,raw,8,10000,2048,1.562906508562962,13.83658838027147,13.6412250667011,0.11457229837649212,0.11295461464990825,0.8839984469904237,6.893353297743388,6.886237652760428,0.9989677527502778
in100.lejepa.s1.extL,8,student.z.proj.tap2,l2,8,10000,2048,0.20837204205336696,1.4204076662751248,1.3943611610184539,0.1494390749532712,0.14669875909625404,0.3227785944369352,0.756614240188702,0.6519509974925034,0.8616689494634739
in100.lejepa.s2.extL,8,student.h.cls,raw,8,10000,384,0.8291818784333905,4.743932120512601,4.640284385708427,0.17869203900243286,0.1747878884792715,0.6438873653184191,2.3294746658546943,2.3582490410588592,1.0123523022705239
in100.lejepa.s2.extL,8,student.h.cls,l2,8,10000,384,0.09112668309098393,0.5423494100465868,0.5309585746602138,0.17162672841153442,0.16802209314315714,0.2134557133118998,0.26097351650117295,0.27540855225950667,1.0553122629141138
in100.lejepa.s2.extL,8,student.h.cls.L03,raw,8,10000,384,0.35693194095317043,0.20867081923677297,0.16405432661762667,2.1756935541547624,1.7105024183959794,0.4224523292356017,0.13187801644215089,0.03426301836784352,0.2598084145652373
in100.lejepa.s2.extL,8,student.h.cls.L03,l2,8,10000,384,0.03276595183223445,0.019167694994457755,0.015071951015428449,2.1739688377897117,1.7094362072074167,0.12799599960982072,0.012116825391962542,0.0031468025734104803,0.25970520095947325
in100.lejepa.s2.extL,8,student.h.cls.L06,raw,8,10000,384,0.5535174295784147,0.7734741212374555,0.7042844425401537,0.7859288039673782,0.7156250149557176,0.5260786203498554,0.49781338035732847,0.21420580339519973,0.4302933827159159
in100.lejepa.s2.extL,8,student.h.cls.L06,l2,8,10000,384,0.049477389003257995,0.06883864534675357,0.06265397172134632,0.7896927783494524,0.7187443732227852,0.1572853918888496,0.04437490461630538,0.018967453558508474,0.42743649192068256
in100.lejepa.s2.extL,8,student.h.cls.L09,raw,8,10000,384,1.1450539230442451,3.1474078573068462,3.0042761169263157,0.3811413726564366,0.3638085608720687,0.7566551139866317,1.9116223531413206,1.1241278423580636,0.5880491199063522
in100.lejepa.s2.extL,8,student.h.cls.L09,l2,8,10000,384,0.1063797271782951,0.2918773725690646,0.27857990667177773,0.38186432197937187,0.36446719470562355,0.2306292773893799,0.17741676501904813,0.10408191537842021,0.5866520864995233
in100.lejepa.s2.extL,8,student.h.gap,raw,8,10000,384,0.3867646737112964,1.1878436585281569,1.1394980743142449,0.33941669795629376,0.3256023391079361,0.4397525859567493,0.6770214313962359,0.4743550795032903,0.7006500200813696
in100.lejepa.s2.extL,8,student.h.gap,l2,8,10000,384,0.09012765032527191,0.2799928964854254,0.26872694019476645,0.33538747644709416,0.3218926317652611,0.21228241840208048,0.15920612680341403,0.11232074235620661,0.7055051499048087
in100.lejepa.s2.extL,8,student.h.gap.L03,raw,8,10000,384,0.5853784053763313,0.5096964891992801,0.43652418852723873,1.3409987825675878,1.1484842799210675,0.541007580989551,0.33496739797397745,0.10665375544525421,0.31840040580170076
in100.lejepa.s2.extL,8,student.h.gap.L03,l2,8,10000,384,0.18185598952772494,0.15846796857414586,0.13573596988318024,1.3397774347082607,1.1475883180936721,0.30154269144494694,0.10410254902956939,0.033218100539352334,0.3190901745346988
in100.lejepa.s2.extL,8,student.h.gap.L06,raw,8,10000,384,0.5042754609535065,0.680839462592498,0.6178050299733097,0.8162372212723683,0.7406672037389377,0.5021331800197566,0.4523197341524393,0.1722936904467953,0.38091128340805364
in100.lejepa.s2.extL,8,student.h.gap.L06,l2,8,10000,384,0.1684852466687279,0.22734662326619143,0.20628596743260044,0.8167557336335874,0.7410941242415332,0.29024579813386436,0.1510973715603107,0.05746206210495171,0.38029822432758636
in100.lejepa.s2.extL,8,student.h.gap.L09,raw,8,10000,384,0.5015071390998401,1.0704725195213305,1.0077841271338506,0.4976334966954997,0.4684913717580463,0.5007530025370992,0.6751284858257075,0.34336036650335616,0.5085852155733194
in100.lejepa.s2.extL,8,student.h.gap.L09,l2,8,10000,384,0.1648493257879388,0.3497062021638419,0.3291000364403496,0.5009094729098222,0.4713937721662275,0.2870969573053142,0.22037837759505532,0.11221872086693263,0.5092093067003798
in100.lejepa.s2.extL,8,student.z.embed,raw,8,10000,512,9.060444069868632,76.16370211984221,75.03114661110864,0.12075577249044998,0.11896013215865199,2.1284318252963415,34.77490976312694,41.01787386918011,1.1795249548763114
in100.lejepa.s2.extL,8,student.z.embed,l2,8,10000,512,0.08937792725240498,0.7578747726011218,0.7467025316945711,0.11969683168151336,0.11793231610764489,0.21139764337901804,0.34587858224777734,0.4084026971728049,1.1807689696155776
in100.lejepa.s2.extL,8,student.z.proj.out,raw,8,10000,16,2.1127040829444526,26.815248679361964,26.55116066899391,0.07957106317433574,0.07878741339327835,1.0277898819662636,12.245875430949766,14.57343772483776,1.1900690813827324
in100.lejepa.s2.extL,8,student.z.proj.out,l2,8,10000,16,0.18262261277514555,1.8397277902205256,1.8168999636236325,0.10051330091444456,0.09926610542381101,0.302177607356291,0.9102689767206952,0.9250282648051422,1.0162142053194192
in100.lejepa.s2.extL,8,student.z.proj.tap1,raw,8,10000,2048,0.7301336990519686,5.083360126241194,4.992093413859698,0.14625802013737896,0.14363210178300975,0.6042076212081277,2.4754023885033334,2.567524626618777,1.0372150558403324
in100.lejepa.s2.extL,8,student.z.proj.tap1,l2,8,10000,2048,0.24463481572023657,1.3669050587260265,1.336325706760997,0.18306526207086557,0.17896986638431162,0.34973905681253026,0.7176370143799727,0.6323577429682844,0.8811665651257296
in100.lejepa.s2.extL,8,student.z.proj.tap2,raw,8,10000,2048,1.5975732302848964,14.248992022084796,14.049295368299184,0.11371198258737296,0.11211833284830154,0.8937486308478734,7.076099140537769,7.115686147982263,1.0055944676096618
in100.lejepa.s2.extL,8,student.z.proj.tap2,l2,8,10000,2048,0.2067825297855533,1.4164492388940721,1.390601422670878,0.1487000706416606,0.14598654445746598,0.32154512108377054,0.7481881259150688,0.6565777891447497,0.8775570827747696
in100.lejepa.s1.e20f.extL,8,student.h.cls,raw,8,10000,384,46.33209669637784,100.9680048905195,95.17649280347227,0.48680189121958833,0.45887899584245667,4.813112127115772,62.758008483275326,33.428164369102134,0.532651771096442
in100.lejepa.s1.e20f.extL,8,student.h.cls,l2,8,10000,384,0.6533781975386226,1.4177702564303412,1.3360979817380134,0.48901967256076523,0.4608491358703608,0.5715672303144324,0.8846918511240447,0.46558383317827257,0.5262666685430925
in100.lejepa.s1.e20f.extL,8,student.h.cls.L03,raw,8,10000,384,13.826344261922504,6.777748356967993,5.049455324227679,2.7381852841795884,2.03996128710032,2.6292911841333306,4.17585937156591,0.9413734362314511,0.22543226494680652
in100.lejepa.s1.e20f.extL,8,student.h.cls.L03,l2,8,10000,384,0.2083008460870411,0.10203507290323995,0.0759974671423598,2.7408919523179405,2.0414631965282486,0.32272344669007325,0.06285027771421706,0.014167540157175144,0.2254173039870335
in100.lejepa.s1.e20f.extL,8,student.h.cls.L06,raw,8,10000,384,19.922097052322275,18.65114817030257,16.160886038762285,1.232735445602341,1.0681431979637255,3.1561128823540416,12.847134380813047,3.5002631396522648,0.27245477753232206
in100.lejepa.s1.e20f.extL,8,student.h.cls.L06,l2,8,10000,384,0.3185523087281749,0.29911785224552806,0.2592988136545062,1.2285143315488478,1.064972572973325,0.3990941672889839,0.20594465312792784,0.056345339049033674,0.27359457112991087
in100.lejepa.s1.e20f.extL,8,student.h.cls.L09,raw,8,10000,384,41.10051141737659,63.21812601527828,58.080562088106205,0.7076465850145963,0.6501380855143285,4.533238986496111,44.07786901593931,14.634874332319683,0.332023182133135
in100.lejepa.s1.e20f.extL,8,student.h.cls.L09,l2,8,10000,384,0.5872258758385192,0.9056442177432233,0.8322409832634085,0.7055959603621914,0.648406807368382,0.5418606259170891,0.6319816845000836,0.2093157409407571,0.33120539103333685
in100.lejepa.s1.e20f.extL,8,student.h.gap,raw,8,10000,384,6.137282406543467,11.851284426001651,11.084124125183719,0.5537002596893729,0.5178579963095227,1.7517537507514387,7.887060313306898,3.3155766561368374,0.4203818056954452
in100.lejepa.s1.e20f.extL,8,student.h.gap,l2,8,10000,384,0.23229402974542196,0.449661384473483,0.4206246307553052,0.5522596937043305,0.5165976838714301,0.34080348424379553,0.2982987661714325,0.1268224784286075,0.4251525410457868
in100.lejepa.s1.e20f.extL,8,student.h.gap.L03,raw,8,10000,384,8.03103830519283,6.369663159884785,5.365783371735681,1.4967131076324114,1.2608262169609132,2.0038760322426175,4.253857553917328,1.1756224494172,0.27636620044660004
in100.lejepa.s1.e20f.extL,8,student.h.gap.L03,l2,8,10000,384,0.4158877366391912,0.32820911998579255,0.27622315290589367,1.5056222922083573,1.267142536006294,0.456008627461801,0.2179471834006964,0.06155806070505519,0.2824448554211437
in100.lejepa.s1.e20f.extL,8,student.h.gap.L06,raw,8,10000,384,7.06487831245346,8.49124632548534,7.608136536428658,0.9285951006039371,0.8320190042360651,1.8794784266457356,5.775024842455679,1.9180241572278347,0.3321239664853537
in100.lejepa.s1.e20f.extL,8,student.h.gap.L06,l2,8,10000,384,0.45838247061889403,0.5450064646876893,0.4877086558603276,0.9398694591759879,0.8410587769478398,0.47873921430090416,0.36913731451665005,0.12402140599055435,0.3359763456938741
in100.lejepa.s1.e20f.extL,8,student.h.gap.L09,raw,8,10000,384,7.140425092975617,12.56439603140559,11.671842894783637,0.611765010662267,0.5683062739448537,1.889500607697126,8.446042130750966,3.3514447243467265,0.396806536418347
in100.lejepa.s1.e20f.extL,8,student.h.gap.L09,l2,8,10000,384,0.3840113896045585,0.667966520601938,0.6199650969013681,0.6194080788158496,0.5748961628473634,0.4381845442302584,0.4463806567735641,0.1802641053338236,0.40383493907816514
in100.lejepa.s1.e20f.extL,8,student.z.embed,raw,8,10000,512,381.8754763061981,589.9350317279932,542.2005971897185,0.7043066316885264,0.6473178498785489,13.818022222919568,403.6043080977263,144.49563940927212,0.3580131245137374
in100.lejepa.s1.e20f.extL,8,student.z.embed,l2,8,10000,512,0.8050476698581776,1.2932465882096054,1.1926156294773331,0.6750269323662912,0.6225012903167219,0.6344476613000388,0.877456124570301,0.32809197078912833,0.3739126796223552
in100.lejepa.s1.e20f.extL,8,student.z.proj.out,raw,8,10000,16,1.9774330858072005,27.53092696624078,27.28374783051488,0.07247659295529722,0.07182588106212283,0.9943422664774942,12.254914703048572,15.304142397128716,1.2488167211250853
in100.lejepa.s1.e20f.extL,8,student.z.proj.out,l2,8,10000,16,0.16997144638320347,1.8504974927653677,1.8292510619674673,0.09291859926564107,0.09185175718838699,0.29152310918965196,0.8931453897618125,0.9546106471333087,1.068818871010338
in100.lejepa.s1.e20f.extL,8,student.z.proj.tap1,raw,8,10000,2048,1.514230536108818,6.641105859093153,6.45182704207955,0.234697943114847,0.22800879375164593,0.8701237084773688,3.4976171176720334,3.020620982998449,0.863622541111342
in100.lejepa.s1.e20f.extL,8,student.z.proj.tap1,l2,8,10000,2048,0.3729758268495983,1.3517167701331019,1.305094791776902,0.2857844726679104,0.275927498341884,0.4318424636656279,0.7462706261081424,0.572341333370091,0.7669353627850719
in100.lejepa.s1.e20f.extL,8,student.z.proj.tap2,raw,8,10000,2048,1.5255840517465848,14.209256246751256,14.018558240282932,0.10882603086548182,0.10736551056959001,0.87337965735028,6.936528544302734,7.224122258447712,1.0414607555217503
in100.lejepa.s1.e20f.extL,8,student.z.proj.tap2,l2,8,10000,2048,0.20378586542225596,1.4310584739660392,1.4055852407882572,0.14498292918042602,0.14240219329227216,0.3192067241007432,0.7405532614477157,0.6793425640802019,0.9173446387261163
in100.lejepa.s2.e20f.extL,8,student.h.cls,raw,8,10000,384,45.89663129554991,101.33479638429813,95.59771747235439,0.48010174833748115,0.4529207432508505,4.790440026529396,62.40446866789142,34.20659676830595,0.5481433861787859
in100.lejepa.s2.e20f.extL,8,student.h.cls,l2,8,10000,384,0.6474663609610597,1.4239782410388437,1.3430449459187113,0.48208837904390434,0.4546883809746345,0.5689755534999108,0.8806680030620087,0.47661672526709137,0.5411990938809348
in100.lejepa.s2.e20f.extL,8,student.h.cls.L03,raw,8,10000,384,12.533487396016403,5.50192327374688,3.9352373492448294,3.184938107588752,2.278019298419067,2.503346499789472,3.2358233142416486,0.7544332677406484,0.233150328208652
in100.lejepa.s2.e20f.extL,8,student.h.cls.L03,l2,8,10000,384,0.18432837253960255,0.08093889799979102,0.057897851432340705,3.1836824334493357,2.277376849633886,0.3035855501663432,0.04760886810525773,0.011098372307080872,0.233115651532476
in100.lejepa.s2.e20f.extL,8,student.h.cls.L06,raw,8,10000,384,19.118852227139307,17.872969800582574,15.48311327219016,1.2348196316227593,1.069707633395997,3.0918321612871638,12.153858738090697,3.5079842321052848,0.2886313151815001
in100.lejepa.s2.e20f.extL,8,student.h.cls.L06,l2,8,10000,384,0.2808935328323899,0.26319047926429784,0.2280787876602491,1.2315636000784724,1.0672632749390396,0.374762279873782,0.17896109927777618,0.05174959317511585,0.28916671491155865
in100.lejepa.s2.e20f.extL,8,student.h.cls.L09,raw,8,10000,384,39.89026662221088,60.724854335153125,55.73857100737676,0.7156671924174657,0.6569018083114401,4.465997459818516,42.44991910463614,13.89590044609215,0.32734810193253155
in100.lejepa.s2.e20f.extL,8,student.h.cls.L09,l2,8,10000,384,0.5709611059229319,0.8699739380703954,0.7986037998300288,0.7149491475553368,0.6562967934296116,0.5343038021214765,0.608420204649856,0.19888333456087648,0.3268848290061853
in100.lejepa.s2.e20f.extL,8,student.h.gap,raw,8,10000,384,6.228680568254137,12.754700973598776,11.97611590256701,0.5200918744381102,0.4883439118758655,1.7647493544770227,8.567073357934508,3.5365895543684926,0.4128118677883193
in100.lejepa.s2.e20f.extL,8,student.h.gap,l2,8,10000,384,0.23391671377297454,0.47636925593384116,0.4471296667122193,0.5231518532263428,0.49104074383310164,0.3419917497345327,0.31844344738494496,0.13344991188661282,0.419069423417258
in100.lejepa.s2.e20f.extL,8,student.h.gap.L03,raw,8,10000,384,9.391559949837244,8.543815595035852,7.3698706013061965,1.2743181607792047,1.0992231568403643,2.1669748440899403,5.770647432617135,1.6846613246394162,0.2919362765289196
in100.lejepa.s2.e20f.extL,8,student.h.gap.L03,l2,8,10000,384,0.4479322468743469,0.3957510377663159,0.33975950690702256,1.3183803183377192,1.131853625457435,0.4732505926432353,0.26543379267887424,0.0782832246058114,0.2949256152193086
in100.lejepa.s2.e20f.extL,8,student.h.gap.L06,raw,8,10000,384,7.585729964230379,9.927057069226999,8.978840823698201,0.8448451323704357,0.7641469079235449,1.947527915618975,6.792487193187199,2.285624201203271,0.33649297174910103
in100.lejepa.s2.e20f.extL,8,student.h.gap.L06,l2,8,10000,384,0.4245204651051529,0.5468685484339725,0.4938034902958284,0.8596951488755794,0.7762751511689987,0.4607170851537595,0.37142587908677555,0.1278462966933925,0.34420406302255535
in100.lejepa.s2.e20f.extL,8,student.h.gap.L09,raw,8,10000,384,7.601290640863113,14.08312343894014,13.13296210883225,0.5787948353061227,0.5397446577685587,1.9495243831333726,9.519948106407892,3.7538452368137585,0.3943136238617771
in100.lejepa.s2.e20f.extL,8,student.h.gap.L09,l2,8,10000,384,0.3729920356872329,0.6812681057908947,0.6346441013299906,0.5877184313311553,0.5474966940573575,0.43185184709992436,0.4574570307621648,0.18399975162573473,0.4022230269784563
in100.lejepa.s2.e20f.extL,8,student.z.embed,raw,8,10000,512,381.31376234874364,592.834791980121,545.1705716865281,0.6994393721016883,0.6432040890770289,13.807855777577192,403.76922254442104,147.3296970619082,0.36488590223267847
in100.lejepa.s2.e20f.extL,8,student.z.embed,l2,8,10000,512,0.801178785375897,1.2967612560464141,1.196613907874427,0.6695382529850832,0.6178306003824816,0.6329213163482081,0.8759736179795984,0.33360790245529265,0.38084240850169354
in100.lejepa.s2.e20f.extL,8,student.z.proj.out,raw,8,10000,16,1.9782852338895418,27.621953289743253,27.37466763550706,0.07226700467126597,0.0716200340047686,0.9945564925859017,12.2100506519504,15.440836516454095,1.2646005292359388
in100.lejepa.s2.e20f.extL,8,student.z.proj.out,l2,8,10000,16,0.17062792803673318,1.850329323826879,1.8290008328222873,0.09329024075590021,0.09221489701294791,0.2920855422960311,0.8892861185474175,0.9582180075131385,1.0775137354874222
in100.lejepa.s2.e20f.extL,8,student.z.proj.tap1,raw,8,10000,2048,1.4760302347830145,6.444250573749408,6.259746794401531,0.23579711500521353,0.2290460648435381,0.8590780624550409,3.3657385051409063,2.95845079499812,0.878990091024396
in100.lejepa.s2.e20f.extL,8,student.z.proj.tap1,l2,8,10000,2048,0.3735677945638005,1.3527568268566417,1.3060608525361665,0.28602633165092584,0.27615295457931505,0.4321850266748031,0.7434575804533914,0.5761308403513415,0.7749343815957771
in100.lejepa.s2.e20f.extL,8,student.z.proj.tap2,raw,8,10000,2048,1.473660550369909,13.844081283032086,13.659873714235847,0.10788244322010906,0.10644697327630487,0.8583881844392748,6.639081955483366,7.159232571582803,1.078346768361525
in100.lejepa.s2.e20f.extL,8,student.z.proj.tap2,l2,8,10000,2048,0.20227901831423686,1.4293635599721761,1.4040786826828966,0.14406530118933544,0.1415168428654879,0.3180243845322532,0.7363105442110598,0.6820617740715585,0.9263235185669824
