run,V_used,from,to,declared,a2,a,b2,b,lam,omega_h_over_z
toy.floorssl.s0.e24s0a.extL,8,student.h.cls,student.z.proj.out,1,0.46758717523291,0.683803462431209,0.4657487813225103,0.682457897106122,0.9980322338230009,0.9960683397497292
toy.floorssl.s0.e24s0a.extL,8,student.h.cls,student.z.proj.tap1,0,2.079319309252362,1.4419845038183878,2.759272909592697,1.6611059296723665,1.1519582389919887,1.3270077843815236
toy.floorssl.s0.e24s0a.extL,8,student.h.cls,student.z.proj.tap2,0,0.8522872016439108,0.9231940216682032,1.1128559725306408,1.0549198891530298,1.1426849225548485,1.3057288322341802
toy.floorssl.s0.e24s0a.extL,8,student.h.cls.L03,student.z.proj.out,0,1.3312982053527131,1.1538189655889322,3.9764089633789053,1.994093519215913,1.7282551064655869,2.986865713024377
toy.floorssl.s0.e24s0a.extL,8,student.h.cls.L03,student.z.proj.tap1,0,5.920166786832951,2.433139286360925,23.55775896816651,4.853633584044691,1.994803014875457,3.979239068156213
toy.floorssl.s0.e24s0a.extL,8,student.h.cls.L03,student.z.proj.tap2,0,2.4266029568249907,1.557755743634088,9.50119601291314,3.0824010142927767,1.9787447594973036,3.9154308232380424
toy.floorssl.s0.e24s0a.extL,8,student.h.cls.L06,student.z.proj.out,0,0.5333410088632302,0.7303019983973961,1.0071979429107427,1.0035925183612833,1.3742157635657672,1.888468964832645
toy.floorssl.s0.e24s0a.extL,8,student.h.cls.L06,student.z.proj.tap1,0,2.371720861661897,1.5400392402993819,5.967023661510512,2.4427492015167074,1.586160363707252,2.515904699395922
toy.floorssl.s0.e24s0a.extL,8,student.h.cls.L06,student.z.proj.tap2,0,0.9721389722452543,0.9859710808361746,2.4065897566195575,1.551318715357859,1.573391700334891,2.4755614426827193
toy.floorssl.s0.e24s0a.extL,8,student.h.cls.L09,student.z.proj.out,0,0.3618095415480428,0.6015060611066548,0.5276392274756905,0.7263877941400795,1.2076150867102924,1.4583341976503073
toy.floorssl.s0.e24s0a.extL,8,student.h.cls.L09,student.z.proj.tap1,0,1.608935415386132,1.268438179568138,3.125935450175542,1.7680315184338604,1.3938649489688317,1.9428594959638834
toy.floorssl.s0.e24s0a.extL,8,student.h.cls.L09,student.z.proj.tap2,0,0.6594826762313307,0.8120853872785365,1.2607364510336208,1.1228252094754645,1.382644272467801,1.9117051841880144
toy.floorssl.s0.e24s0a.extL,8,student.h.gap,student.z.proj.out,0,1.7406307864657453,1.3193296731544186,2.5527032022053686,1.597718123514085,1.2110074957186858,1.466539154686843
toy.floorssl.s0.e24s0a.extL,8,student.h.gap,student.z.proj.tap1,0,7.740433006475263,2.7821633680420823,15.12318458907232,3.8888538914534085,1.3977805674977843,1.953790514874428
toy.floorssl.s0.e24s0a.extL,8,student.h.gap,student.z.proj.tap2,0,3.1727075092535943,1.7812095635420315,6.099406200496777,2.4696975929244407,1.3865283700887578,1.9224609210609878
toy.floorssl.s0.e24s0a.extL,8,student.h.gap.L03,student.z.proj.out,0,1.7266197915341668,1.3140090530640065,4.956418031449168,2.2263014242121772,1.6942816482282883,2.8705903035231652
toy.floorssl.s0.e24s0a.extL,8,student.h.gap.L03,student.z.proj.tap1,0,7.678127336332457,2.770943401863787,29.363705394914078,5.418828784425107,1.955589847407314,3.8243316512825607
toy.floorssl.s0.e24s0a.extL,8,student.h.gap.L03,student.z.proj.tap2,0,3.147169187642156,1.774026264642707,11.842820915160564,3.441339988312774,1.9398472598182575,3.763007391424402
toy.floorssl.s0.e24s0a.extL,8,student.h.gap.L06,student.z.proj.out,0,1.5917503824322858,1.2616459021580841,3.3082871391215107,1.8188697422084712,1.4416642095038226,2.0783956929642815
toy.floorssl.s0.e24s0a.extL,8,student.h.gap.L06,student.z.proj.tap1,0,7.078374859303315,2.6605215389662447,19.599551187683844,4.427138035761235,1.6640113492489954,2.7689337704294625
toy.floorssl.s0.e24s0a.extL,8,student.h.gap.L06,student.z.proj.tap2,0,2.9013380841403253,1.7033314663154455,7.9047917015767855,2.8115461407518794,1.6506159818873445,2.7245331196619222
toy.floorssl.s0.e24s0a.extL,8,student.h.gap.L09,student.z.proj.out,0,1.6352503745423805,1.2787690857001432,2.8384702208163475,1.6847760150288071,1.3174982362874135,1.7358016026204455
toy.floorssl.s0.e24s0a.extL,8,student.h.gap.L09,student.z.proj.tap1,0,7.271815523072142,2.696630401644271,16.816177087451695,4.100753234157317,1.520695320966819,2.312514259210377
toy.floorssl.s0.e24s0a.extL,8,student.h.gap.L09,student.z.proj.tap2,0,2.980627013586642,1.7264492502204176,6.7822153589243745,2.604268680248713,1.5084536541784959,2.275432426804457
toy.floorssl.s0.e24s0b.extL,8,student.h.cls,student.z.proj.out,1,0.6872222922598065,0.8289887166058453,0.5670438245965246,0.7530231235470293,0.9083635379624414,0.8251243170996437
toy.floorssl.s0.e24s0b.extL,8,student.h.cls,student.z.proj.tap1,0,2.053307397394438,1.4329366341169585,2.5399709191322764,1.5937286215451727,1.1122115127772567,1.237014449154274
toy.floorssl.s0.e24s0b.extL,8,student.h.cls,student.z.proj.tap2,0,1.1476718650398718,1.0712944810087803,1.334733715692759,1.1553067625928444,1.0784212773176562,1.1629924513714454
toy.floorssl.s0.e24s0b.extL,8,student.h.cls.L03,student.z.proj.out,0,1.7139024516075694,1.3091609723817654,4.182425571912905,2.0450979369978604,1.5621439839267435,2.440293826518518
toy.floorssl.s0.e24s0b.extL,8,student.h.cls.L03,student.z.proj.tap1,0,5.120859177495733,2.262931545030855,18.734423801639736,4.328328060768931,1.9127083496067108,3.6584532306552275
toy.floorssl.s0.e24s0b.extL,8,student.h.cls.L03,student.z.proj.tap2,0,2.8622436223143337,1.6918166633280136,9.844784798035413,3.1376400045313377,1.8545981207911795,3.439534189642174
toy.floorssl.s0.e24s0b.extL,8,student.h.cls.L06,student.z.proj.out,0,0.8182412839221516,0.9045669040608061,1.2138672893096472,1.1017564564410989,1.2179933308360766,1.4835077539611605
toy.floorssl.s0.e24s0b.extL,8,student.h.cls.L06,student.z.proj.tap1,0,2.444770636886891,1.563576233154908,5.437300400416575,2.331801964236366,1.4913260478073205,2.224053380868602
toy.floorssl.s0.e24s0b.extL,8,student.h.cls.L06,student.z.proj.tap2,0,1.3664756090545094,1.1689634763560877,2.857256400898106,1.6903420958190996,1.4460178867934026,2.0909677289264583
toy.floorssl.s0.e24s0b.extL,8,student.h.cls.L09,student.z.proj.out,0,0.5932751411946021,0.7702435596579839,0.6417890726246842,0.8011173900401141,1.0400832048447628,1.0817730730001525
toy.floorssl.s0.e24s0b.extL,8,student.h.cls.L09,student.z.proj.tap1,0,1.7726087320295643,1.3313935301140547,2.8747788265633134,1.6955172740386084,1.273490696543614,1.6217785541831387
toy.floorssl.s0.e24s0b.extL,8,student.h.cls.L09,student.z.proj.tap2,0,0.9907786686279259,0.9953786559033331,1.5106725026145447,1.2290941797171382,1.2348006182649174,1.5247325668674223
toy.floorssl.s0.e24s0b.extL,8,student.h.gap,student.z.proj.out,0,2.859188569503754,1.6909135310546646,3.5922721355815272,1.8953290309551867,1.120890569592298,1.2563956690009461
toy.floorssl.s0.e24s0b.extL,8,student.h.gap,student.z.proj.tap1,0,8.54278609182283,2.9228044908653796,16.090937529349826,4.011351085276608,1.3724322300082872,1.8835702259655194
toy.floorssl.s0.e24s0b.extL,8,student.h.gap,student.z.proj.tap2,0,4.774889166171737,2.185151977820247,8.455654620197906,2.907860832329826,1.3307361967703968,1.77085882539494
toy.floorssl.s0.e24s0b.extL,8,student.h.gap.L03,student.z.proj.out,0,2.5490839937499135,1.5965851038231296,5.555277153904495,2.3569635453066504,1.4762529975149736,2.179322912671945
toy.floorssl.s0.e24s0b.extL,8,student.h.gap.L03,student.z.proj.tap1,0,7.616244525094224,2.7597544320272815,24.88386577294509,4.988373058718151,1.8075423671133501,3.2672094089097325
toy.floorssl.s0.e24s0b.extL,8,student.h.gap.L03,student.z.proj.tap2,0,4.257009724801316,2.0632522203553583,13.076265705935503,3.6161119598175473,1.75262719901241,3.0717020987180863
toy.floorssl.s0.e24s0b.extL,8,student.h.gap.L06,student.z.proj.out,0,2.471263997236761,1.5720254442078097,4.019475350386892,2.0048629255854107,1.2753374526935348,1.6264856182428342
toy.floorssl.s0.e24s0b.extL,8,student.h.gap.L06,student.z.proj.tap1,0,7.383731150156649,2.7173021823412737,18.004517565138993,4.243173053875954,1.5615388974589364,2.4384037282772706
toy.floorssl.s0.e24s0b.extL,8,student.h.gap.L06,student.z.proj.tap2,0,4.127049126110665,2.031513998502266,9.461225106145406,3.0759104515810285,1.5140975911801462,2.292491515617521
toy.floorssl.s0.e24s0b.extL,8,student.h.gap.L09,student.z.proj.out,0,2.6038119258010335,1.6136331447392351,3.6778329531644616,1.917767700521745,1.1884781288572617,1.4124802627720576
toy.floorssl.s0.e24s0b.extL,8,student.h.gap.L09,student.z.proj.tap1,0,7.779762602127415,2.7892225802412067,16.474191837131887,4.058841193879343,1.4551872706868527,2.1175699927690514
toy.floorssl.s0.e24s0b.extL,8,student.h.gap.L09,student.z.proj.tap2,0,4.3484062184167165,2.085283246567889,8.657051589914381,2.9422867959997343,1.4109770463280533,1.9908562252646373
toy.floorssl.s0.e24s0c.extL,8,student.h.cls,student.z.proj.out,1,0.9415027793085876,0.9703106612361773,0.6151748778445971,0.784330847184144,0.8083296190777759,0.6533967730784224
toy.floorssl.s0.e24s0c.extL,8,student.h.cls,student.z.proj.tap1,0,2.09647379954217,1.4479205087097047,2.2247934609734323,1.491574155371912,1.0301492011471738,1.0612073766241608
toy.floorssl.s0.e24s0c.extL,8,student.h.cls,student.z.proj.tap2,0,1.5928608239974462,1.262085901988231,1.5477162754551175,1.2440724558702831,0.9857272424249648,0.9716581964587252
toy.floorssl.s0.e24s0c.extL,8,student.h.cls.L03,student.z.proj.out,0,2.471001814177028,1.571942051787224,3.3470998772047067,1.829508097059072,1.1638521248152929,1.354551768437072
toy.floorssl.s0.e24s0c.extL,8,student.h.cls.L03,student.z.proj.tap1,0,5.502257322965777,2.3456890934149346,12.104860240913704,3.4792039665581127,1.4832332112236444,2.199980758876804
toy.floorssl.s0.e24s0c.extL,8,student.h.cls.L03,student.z.proj.tap2,0,4.180510214446379,2.0446296032402493,8.420956612653143,2.9018884562734564,1.4192734232521413,2.014337049949852
toy.floorssl.s0.e24s0c.extL,8,student.h.cls.L06,student.z.proj.out,0,1.3047478132992307,1.142255581426167,1.2639111339618423,1.1242380237128802,0.9842263342755646,0.9687014770815155
toy.floorssl.s0.e24s0c.extL,8,student.h.cls.L06,student.z.proj.tap1,0,2.905322921723664,1.7045007837263273,4.570962383805542,2.1379809128721288,1.2543150072352214,1.5733061373754937
toy.floorssl.s0.e24s0c.extL,8,student.h.cls.L06,student.z.proj.tap2,0,2.2074089664683822,1.485735160271972,3.179869502499154,1.7832188599549843,1.200226600027798,1.4405438914142874
toy.floorssl.s0.e24s0c.extL,8,student.h.cls.L09,student.z.proj.out,0,0.9358674224651538,0.9674024097887878,0.7296953569666653,0.8542220770775392,0.8830059429602215,0.7796994953030699
toy.floorssl.s0.e24s0c.extL,8,student.h.cls.L09,student.z.proj.tap1,0,2.083925373522646,1.4435807471432438,2.638959289706582,1.624487392904784,1.1253179956296475,1.266340591287927
toy.floorssl.s0.e24s0c.extL,8,student.h.cls.L09,student.z.proj.tap2,0,1.5833267691412898,1.2583031308636603,1.8358379393812536,1.3549309721831786,1.0767921806355167,1.1594814002777911
toy.floorssl.s0.e24s0c.extL,8,student.h.gap,student.z.proj.out,0,4.140314155545853,2.0347761929867993,3.831454831757299,1.9574102359386238,0.9619781490884204,0.9254019593235833
toy.floorssl.s0.e24s0c.extL,8,student.h.gap,student.z.proj.tap1,0,9.219367525765382,3.0363411412035672,13.856540575218428,3.7224374508134357,1.2259615365017609,1.5029816889817584
toy.floorssl.s0.e24s0c.extL,8,student.h.gap,student.z.proj.tap2,0,7.004699680498228,2.6466393181728085,9.639543510877786,3.104761425758473,1.1730957839400435,1.3761537182979051
toy.floorssl.s0.e24s0c.extL,8,student.h.gap.L03,student.z.proj.out,0,3.7551933895944996,1.937832136588332,5.521861616063856,2.3498641697051035,1.2126252451578075,1.4704599851940325
toy.floorssl.s0.e24s0c.extL,8,student.h.gap.L03,student.z.proj.tap1,0,8.361807024383165,2.891678928301544,19.9699338485055,4.468773192779591,1.545390516575908,2.3882318487227527
toy.floorssl.s0.e24s0c.extL,8,student.h.gap.L03,student.z.proj.tap2,0,6.353141560784238,2.5205439017768043,13.89243189503563,3.7272552763441933,1.4787503894364797,2.1867027142585402
toy.floorssl.s0.e24s0c.extL,8,student.h.gap.L06,student.z.proj.out,0,3.7876912852970626,1.94619918952225,4.432229626255782,2.1052861150579467,1.0817423655256733,1.1701665453730792
toy.floorssl.s0.e24s0c.extL,8,student.h.gap.L06,student.z.proj.tap1,0,8.434171109097509,2.9041644425027844,16.029255818404167,4.003655307141734,1.378591118515113,1.9005134720487507
toy.floorssl.s0.e24s0c.extL,8,student.h.gap.L06,student.z.proj.tap2,0,6.408122412741979,2.531426951887409,11.15103066813357,3.339315898224301,1.3191436931389773,1.7401400831483405
toy.floorssl.s0.e24s0c.extL,8,student.h.gap.L09,student.z.proj.out,0,4.138364278874627,2.03429699868889,4.414709824498417,2.1011210875383686,1.0328487378649955,1.0667765153093143
toy.floorssl.s0.e24s0c.extL,8,student.h.gap.L09,student.z.proj.tap1,0,9.215025674160264,3.035626076143151,15.965895070442707,3.995734609610942,1.3162802365591866,1.732593661156308
toy.floorssl.s0.e24s0c.extL,8,student.h.gap.L09,student.z.proj.tap2,0,7.001400824425278,2.6460160287544134,11.106952661538722,3.332709507523679,1.259519772861134,1.5863900582281627
toy.floorssl.s0.e24s0d.extL,8,student.h.cls,student.z.proj.out,1,1.0788524498684398,1.0386782224868487,0.5869205179636277,0.76610738017828,0.737579130468368,0.5440229737024739
toy.floorssl.s0.e24s0d.extL,8,student.h.cls,student.z.proj.tap1,0,1.8318603650963965,1.3534623619060844,1.636440039585092,1.2792341613579166,0.9451568047717026,0.8933213856062543
toy.floorssl.s0.e24s0d.extL,8,student.h.cls,student.z.proj.tap2,0,1.8570914434609849,1.3627514239438479,1.5511360595191819,1.245446128710183,0.9139202548809824,0.8352502322817198
toy.floorssl.s0.e24s0d.extL,8,student.h.cls.L03,student.z.proj.out,0,2.9982015637797517,1.7315315659206885,3.1630157956696494,1.778486939977252,1.0271178273504915,1.0549710312611942
toy.floorssl.s0.e24s0d.extL,8,student.h.cls.L03,student.z.proj.tap1,0,5.090859840868802,2.2562933853709723,8.819057326250574,2.969689769361536,1.3161806831575982,1.7323315907172019
toy.floorssl.s0.e24s0d.extL,8,student.h.cls.L03,student.z.proj.tap2,0,5.16097865889418,2.271778743384615,8.359339480096347,2.891252233911173,1.272682140516745,1.6197198307902836
toy.floorssl.s0.e24s0d.extL,8,student.h.cls.L06,student.z.proj.out,0,1.5709682633367947,1.2533827281947023,0.9970338160946186,0.998515806632333,0.7966567467149764,0.63466197208649
toy.floorssl.s0.e24s0d.extL,8,student.h.cls.L06,student.z.proj.tap1,0,2.6674588325603974,1.6332356941239061,2.7799097280471368,1.6673061290738234,1.0208606970031924,1.0421565626858436
toy.floorssl.s0.e24s0d.extL,8,student.h.cls.L06,student.z.proj.tap2,0,2.7041990034385983,1.6444448921866,2.6349992160271016,1.6232680665950099,0.9871222041600729,0.9744102459458408
toy.floorssl.s0.e24s0d.extL,8,student.h.cls.L09,student.z.proj.out,0,1.1846459939009906,1.0884144403217877,0.6708217098877021,0.8190370625849004,0.7525047741398521,0.5662634351032697
toy.floorssl.s0.e24s0d.extL,8,student.h.cls.L09,student.z.proj.tap1,0,2.011494753672835,1.4182717488805998,1.8703716634271763,1.36761531997385,0.9642829881179461,0.9298416811736749
toy.floorssl.s0.e24s0d.extL,8,student.h.cls.L09,student.z.proj.tap2,0,2.0392000213487407,1.4280056097049272,1.7728733480392884,1.3314929019860708,0.9324143357260347,0.8693964934674226
toy.floorssl.s0.e24s0d.extL,8,student.h.gap,student.z.proj.out,0,4.915406560705826,2.217071618307768,3.8620025412046486,1.9651978376755477,0.8863934847425141,0.7856934097939776
toy.floorssl.s0.e24s0d.extL,8,student.h.gap,student.z.proj.tap1,0,8.346218667798203,2.888982289284274,10.7679581782798,3.2814567158930803,1.1358521400648807,1.2901600840899692
toy.floorssl.s0.e24s0d.extL,8,student.h.gap,student.z.proj.tap2,0,8.461175081107644,2.9088099080393075,10.20664846477302,3.1947845725139308,1.0983132873977954,1.2062920772745522
toy.floorssl.s0.e24s0d.extL,8,student.h.gap.L03,student.z.proj.out,0,5.665236126165724,2.3801756502757785,5.168367791438741,2.273404449595087,0.9551414616529162,0.9122952117684691
toy.floorssl.s0.e24s0d.extL,8,student.h.gap.L03,student.z.proj.tap1,0,9.619407658295415,3.101516993068943,14.410339618994994,3.7960953121589287,1.2239479327832743,1.4980485421644503
toy.floorssl.s0.e24s0d.extL,8,student.h.gap.L03,student.z.proj.tap2,0,9.751900305154228,3.122803276729776,13.659160661094763,3.6958301721121822,1.1834975964231997,1.400666560739491
toy.floorssl.s0.e24s0d.extL,8,student.h.gap.L06,student.z.proj.out,0,5.250762803584224,2.2914542988207782,4.207058967837557,2.0511116419730926,0.8951134844926343,0.8012281501205455
toy.floorssl.s0.e24s0d.extL,8,student.h.gap.L06,student.z.proj.tap1,0,8.91564390253859,2.985907550902839,11.730037599897907,3.4249142470867655,1.1470262185616515,1.3156691460678416
toy.floorssl.s0.e24s0d.extL,8,student.h.gap.L06,student.z.proj.tap2,0,9.038443278660186,3.0064003856206822,11.118576825662778,3.334453002467238,1.1091180730336516,1.2301428999298805
toy.floorssl.s0.e24s0d.extL,8,student.h.gap.L09,student.z.proj.out,0,5.7158923634682886,2.3907932498374445,4.695359469063838,2.1668778159056035,0.9063426191507503,0.821456943289042
toy.floorssl.s0.e24s0d.extL,8,student.h.gap.L09,student.z.proj.tap1,0,9.70542048921664,3.115352386041849,13.091507282928609,3.6182187997588824,1.1614155804557125,1.3488861505252794
toy.floorssl.s0.e24s0d.extL,8,student.h.gap.L09,student.z.proj.tap2,0,9.839097831436893,3.1367336245586577,12.409076121821842,3.522651859298878,1.123031879952675,1.26120060339004
toy.floorssl.s0.e24s1a.extL,8,student.h.cls,student.z.proj.out,1,0.16670559067624077,0.4082959596619109,0.37087356013912265,0.6089938917092048,1.4915501299926692,2.2247217902811482
toy.floorssl.s0.e24s1a.extL,8,student.h.cls,student.z.proj.tap1,0,1.0141033604171308,1.0070269909079552,2.2051252951085756,1.4849664289500202,1.47460439725766,2.1744581284116267
toy.floorssl.s0.e24s1a.extL,8,student.h.cls,student.z.proj.tap2,0,0.3257066358004556,0.5707071366300369,0.8934536610027244,0.9452267775527333,1.6562378790883778,2.7431239121271678
toy.floorssl.s0.e24s1a.extL,8,student.h.cls.L03,student.z.proj.out,0,0.4514051981602953,0.67186694974548,1.649373127980575,1.2842792250833053,1.9115082615238366,3.6538638338738796
toy.floorssl.s0.e24s1a.extL,8,student.h.cls.L03,student.z.proj.tap1,0,2.745987861037937,1.6571022482146167,9.806777286086326,3.131577443731246,1.8897913192171745,3.5713112301885888
toy.floorssl.s0.e24s1a.extL,8,student.h.cls.L03,student.z.proj.tap2,0,0.8819480371307199,0.9391208852595708,3.9734254957429864,1.9933453026866637,2.1225651925904168,4.505282996796393
toy.floorssl.s0.e24s1a.extL,8,student.h.cls.L06,student.z.proj.out,0,0.2221138997717873,0.4712896134775169,0.5878934336779356,0.7667420907175604,1.6269021611997356,2.6468106421163706
toy.floorssl.s0.e24s1a.extL,8,student.h.cls.L06,student.z.proj.tap1,0,1.3511631567976317,1.162395439081568,3.495473446381974,1.8696185296423369,1.6084186730116214,2.5870106276924654
toy.floorssl.s0.e24s1a.extL,8,student.h.cls.L06,student.z.proj.tap2,0,0.4339624769974739,0.6587582841964675,1.4162658033696962,1.190069663242323,1.8065346452438655,3.263567424466379
toy.floorssl.s0.e24s1a.extL,8,student.h.cls.L09,student.z.proj.out,0,0.1930485209317072,0.43937287232111544,0.44101321020832696,0.664088254833894,1.5114457370243501,2.284468215969081
toy.floorssl.s0.e24s1a.extL,8,student.h.cls.L09,student.z.proj.tap1,0,1.1743526597173854,1.083675532489954,2.6221588428752254,1.6193081370990592,1.4942739672071266,2.2328546890729255
toy.floorssl.s0.e24s1a.extL,8,student.h.cls.L09,student.z.proj.tap2,0,0.37717501880926174,0.6141457634871885,1.062423719456805,1.0307394042418312,1.6783302361139432,2.816792381454285
toy.floorssl.s0.e24s1a.extL,8,student.h.gap,student.z.proj.out,0,0.8669597459877512,0.9311067317916626,2.15517541504168,1.4680515709748347,1.576673780620152,2.4859002104950436
toy.floorssl.s0.e24s1a.extL,8,student.h.gap,student.z.proj.tap1,0,5.273889065064595,2.2964949521095392,12.814156450844843,3.579686641431739,1.5587609448666417,2.429735683241546
toy.floorssl.s0.e24s1a.extL,8,student.h.gap,student.z.proj.tap2,0,1.6938516644501027,1.301480566297516,5.191929464990009,2.2785805811930393,1.7507603572408321,3.065161828486046
toy.floorssl.s0.e24s1a.extL,8,student.h.gap.L03,student.z.proj.out,0,1.3186242364530658,1.148313648988405,4.261008778924056,2.0642211070822953,1.797610878265489,3.2314048696584226
toy.floorssl.s0.e24s1a.extL,8,student.h.gap.L03,student.z.proj.tap1,0,8.021454252914332,2.8322171973410395,25.334936892132394,5.033382251740115,1.7771879418236667,3.1583969805634404
toy.floorssl.s0.e24s1a.extL,8,student.h.gap.L03,student.z.proj.tap2,0,2.576306302613303,1.605087630820605,10.264991367047985,3.203902521464719,1.9960919640423096,3.9843831289142853
toy.floorssl.s0.e24s1a.extL,8,student.h.gap.L06,student.z.proj.out,0,1.0938134671440967,1.0458553758259774,2.672058016977128,1.6346430855012748,1.5629723987509216,2.4428827192572102
toy.floorssl.s0.e24s1a.extL,8,student.h.gap.L06,student.z.proj.tap1,0,6.653885500784422,2.5795126479210024,15.887416512041527,3.9859022205821266,1.5452152265252992,2.387690096285632
toy.floorssl.s0.e24s1a.extL,8,student.h.gap.L06,student.z.proj.tap2,0,2.1370747263577594,1.4618737039695868,6.437126488025581,2.537149283748511,1.7355461534461625,3.012120450741771
toy.floorssl.s0.e24s1a.extL,8,student.h.gap.L09,student.z.proj.out,0,0.9649319415894027,0.9823094937897132,2.2958829003411103,1.5152171132682968,1.542504804084348,2.379321070623293
toy.floorssl.s0.e24s1a.extL,8,student.h.gap.L09,student.z.proj.tap1,0,5.869873473170228,2.422782176170658,13.650769432715267,3.6946947685451996,1.5249801673813164,2.3255645109063483
toy.floorssl.s0.e24s1a.extL,8,student.h.gap.L09,student.z.proj.tap2,0,1.8852681256614785,1.373050663909194,5.530901102181143,2.351786789269202,1.712818653445359,2.933747739590374
toy.floorssl.s0.e24s1b.extL,8,student.h.cls,student.z.proj.out,1,0.2702020233396682,0.5198096029698452,0.4721736975441646,0.6871489631398454,1.3219243338598108,1.7474839444507042
toy.floorssl.s0.e24s1b.extL,8,student.h.cls,student.z.proj.tap1,0,1.0921990581602934,1.045083278098111,2.175131426676687,1.4748326775186014,1.4112106742369541,1.9915155670803186
toy.floorssl.s0.e24s1b.extL,8,student.h.cls,student.z.proj.tap2,0,0.4791118699710366,0.6921790736298206,1.1194193034638107,1.0580261355296525,1.5285439503123264,2.3364466080364115
toy.floorssl.s0.e24s1b.extL,8,student.h.cls.L03,student.z.proj.out,0,0.8084948192938382,0.8991633996631747,2.1180270428930097,1.4553443038995995,1.6185537628030335,2.619716283083859
toy.floorssl.s0.e24s1b.extL,8,student.h.cls.L03,student.z.proj.tap1,0,3.2680631671293945,1.8077785171666894,9.756975467945805,3.123615768295743,1.7278752560857678,2.9855529005934573
toy.floorssl.s0.e24s1b.extL,8,student.h.cls.L03,student.z.proj.tap2,0,1.4335920210590745,1.19732703179168,5.021373213722987,2.2408420769262136,1.8715371969619847,3.5026514796123225
toy.floorssl.s0.e24s1b.extL,8,student.h.cls.L06,student.z.proj.out,0,0.43193856821599097,0.6572203346032371,0.807771173461719,0.898760910065474,1.3675184146699517,1.8701066144614176
toy.floorssl.s0.e24s1b.extL,8,student.h.cls.L06,student.z.proj.tap1,0,1.7459635999674312,1.3213491589914572,3.721106182107378,1.9290168952363735,1.4598843024267176,2.1312621764719437
toy.floorssl.s0.e24s1b.extL,8,student.h.cls.L06,student.z.proj.tap2,0,0.7658969114025648,0.8751553641511688,1.9150466217362416,1.3838520953253066,1.5812644840125427,2.5003973683994523
toy.floorssl.s0.e24s1b.extL,8,student.h.cls.L09,student.z.proj.out,0,0.3348246030031182,0.5786403053738292,0.56935946192412,0.7545591175806704,1.3040210136989843,1.7004708041685264
toy.floorssl.s0.e24s1b.extL,8,student.h.cls.L09,student.z.proj.tap1,0,1.3534136848012728,1.163363092418387,2.6228306768210983,1.619515568563976,1.392098115470849,1.9379371630974893
toy.floorssl.s0.e24s1b.extL,8,student.h.cls.L09,student.z.proj.tap2,0,0.5936981510144858,0.7705181055721441,1.3498252350831421,1.1618197945822502,1.5078423027055894,2.2735884098284944
toy.floorssl.s0.e24s1b.extL,8,student.h.gap,student.z.proj.out,0,1.630703096392701,1.276989857591947,3.208656691255468,1.7912723665750745,1.4027303004214329,1.9676522957204035
toy.floorssl.s0.e24s1b.extL,8,student.h.gap,student.z.proj.tap1,0,6.591558286668488,2.5674030238099528,14.781107128300812,3.844620544124064,1.4974744940584968,2.2424298603557515
toy.floorssl.s0.e24s1b.extL,8,student.h.gap,student.z.proj.tap2,0,2.8915002198118844,1.7004411838731395,7.607014658082963,2.758081698950008,1.6219800632373846,2.6308193255395502
toy.floorssl.s0.e24s1b.extL,8,student.h.gap.L03,student.z.proj.out,0,1.9683232871911431,1.4029694534062895,4.659609255840109,2.158612808226642,1.5386028562387548,2.3672987492260544
toy.floorssl.s0.e24s1b.extL,8,student.h.gap.L03,student.z.proj.tap1,0,7.956272176846902,2.82068647262451,21.46511459898376,4.633045931024617,1.6425242493235326,2.6978859096158345
toy.floorssl.s0.e24s1b.extL,8,student.h.gap.L03,student.z.proj.tap2,0,3.490155399940109,1.8681957606043615,11.04690196577114,3.32368800668341,1.7790897917508368,3.1651604871120362
toy.floorssl.s0.e24s1b.extL,8,student.h.gap.L06,student.z.proj.out,0,1.8949703012530825,1.3765792026807184,3.8549269351698574,1.9633967849545484,1.426286828343095,2.0342941167050053
toy.floorssl.s0.e24s1b.extL,8,student.h.gap.L06,student.z.proj.tap1,0,7.6597678754927925,2.7676285653051047,17.758237631282107,4.214052400158558,1.522622093508418,2.3183780396399576
toy.floorssl.s0.e24s1b.extL,8,student.h.gap.L06,student.z.proj.tap2,0,3.360088697158377,1.8330544719561328,9.139178330169685,3.023107396400215,1.6492185271363617,2.7199217502498305
toy.floorssl.s0.e24s1b.extL,8,student.h.gap.L09,student.z.proj.out,0,1.8130125620655724,1.346481549099568,3.464884419503267,1.861420000833575,1.3824326089565517,1.9111199183064185
toy.floorssl.s0.e24s1b.extL,8,student.h.gap.L09,student.z.proj.tap1,0,7.328481808707799,2.707116881242441,15.961454502575364,3.995178907455255,1.4758058416826294,2.178002882344574
toy.floorssl.s0.e24s1b.extL,8,student.h.gap.L09,student.z.proj.tap2,0,3.214764375765844,1.7929764013410339,8.214473876110322,2.866090346815732,1.5985097989421815,2.555233577314173
toy.floorssl.s0.e24s1c.extL,8,student.h.cls,student.z.proj.out,1,0.38275816191445244,0.6186745201755544,0.5333237078366149,0.730290153183387,1.180410909723841,1.3933699157950659
toy.floorssl.s0.e24s1c.extL,8,student.h.cls,student.z.proj.tap1,0,1.1362352851875197,1.0659433780400906,2.0950931544006917,1.447443661909054,1.357899201522705,1.8438902414959997
toy.floorssl.s0.e24s1c.extL,8,student.h.cls,student.z.proj.tap2,0,0.6616846147955755,0.8134399884414187,1.3341492650225972,1.1550537931293925,1.4199619019745002,2.01629180305904
toy.floorssl.s0.e24s1c.extL,8,student.h.cls.L03,student.z.proj.out,0,1.1017194827420866,1.0496282593099744,1.81679364516247,1.3478848783046977,1.284154524565485,1.6490528429620073
toy.floorssl.s0.e24s1c.extL,8,student.h.cls.L03,student.z.proj.tap1,0,3.2705051785411308,1.8084538087938908,7.137038674651712,2.6715236616305145,1.4772418563525433,2.1822435021599076
toy.floorssl.s0.e24s1c.extL,8,student.h.cls.L03,student.z.proj.tap2,0,1.904572923813731,1.380062652133493,4.544845598976813,2.1318643481649606,1.5447591055878713,2.386280694296641
toy.floorssl.s0.e24s1c.extL,8,student.h.cls.L06,student.z.proj.out,0,0.6163746872514898,0.7850953364092095,0.8368680573368806,0.9148049285705017,1.1652150842654918,1.3577261925998374
toy.floorssl.s0.e24s1c.extL,8,student.h.cls.L06,student.z.proj.tap1,0,1.8297367325849323,1.3526776159103588,3.2875278415341658,1.8131541141155558,1.3404185097683412,1.7967217813295804
toy.floorssl.s0.e24s1c.extL,8,student.h.cls.L06,student.z.proj.tap2,0,1.0655439598304373,1.0322518877824527,2.093488227151779,1.4468891551019998,1.4016822562662459,1.964713147531634
toy.floorssl.s0.e24s1c.extL,8,student.h.cls.L09,student.z.proj.out,0,0.497176312537888,0.7051073056903382,0.636641617159952,0.797898249878988,1.1315983304098693,1.2805147813864037
toy.floorssl.s0.e24s1c.extL,8,student.h.cls.L09,student.z.proj.tap1,0,1.475890850868976,1.214862482287183,2.500964188014349,1.5814437037132714,1.301747092177822,1.694545491993415
toy.floorssl.s0.e24s1c.extL,8,student.h.cls.L09,student.z.proj.tap2,0,0.8594824345526135,0.927082754964525,1.5926067660899035,1.2619852479684157,1.36124336388579,1.8529834957231015
toy.floorssl.s0.e24s1c.extL,8,student.h.gap,student.z.proj.out,0,2.6475580773283047,1.627131856159268,3.9005748078218447,1.974987293078577,1.2137844180252224,1.4732726134408278
toy.floorssl.s0.e24s1c.extL,8,student.h.gap,student.z.proj.tap1,0,7.859398456710114,2.8034618700296448,15.322903253719364,3.914448013924743,1.396290798805603,1.9496279948291892
toy.floorssl.s0.e24s1c.extL,8,student.h.gap,student.z.proj.tap2,0,4.576906832720753,2.139370662769954,9.75758050233802,3.123712615196542,1.460108184877187,2.131915911545354
toy.floorssl.s0.e24s1c.extL,8,student.h.gap.L03,student.z.proj.out,0,2.861160806120249,1.691496617235828,4.4627725406559335,2.1125275242362958,1.2489102861396784,1.559776902825493
toy.floorssl.s0.e24s1c.extL,8,student.h.gap.L03,student.z.proj.tap1,0,8.493488024524456,2.9143589388619335,17.531424277954667,4.187054367685553,1.4366982432577817,2.064101842179996
toy.floorssl.s0.e24s1c.extL,8,student.h.gap.L03,student.z.proj.tap2,0,4.946167774441888,2.223998150728073,11.163960307017081,3.341251308569453,1.5023624491214722,2.2570929285302683
toy.floorssl.s0.e24s1c.extL,8,student.h.gap.L06,student.z.proj.out,0,2.9613333357720966,1.7208525026195873,4.345372991590813,2.084555825971282,1.2113506664853864,1.4673704371945895
toy.floorssl.s0.e24s1c.extL,8,student.h.gap.L06,student.z.proj.tap1,0,8.790854806274133,2.9649375720703013,17.070235345301004,4.131614133156798,1.393491104863922,1.941817459334874
toy.floorssl.s0.e24s1c.extL,8,student.h.gap.L06,student.z.proj.tap2,0,5.119338795444428,2.262595588134218,10.870276527733077,3.2970102407686084,1.4571805310941093,2.123375100199711
toy.floorssl.s0.e24s1c.extL,8,student.h.gap.L09,student.z.proj.out,0,3.0444888103548684,1.7448463572346042,4.426683937871876,2.1039686161803544,1.2058188432790844,1.453999082806909
toy.floorssl.s0.e24s1c.extL,8,student.h.gap.L09,student.z.proj.tap1,0,9.037705673947013,3.0062777107158634,17.389654873118964,4.170090511382093,1.38712750871878,1.9241227254443691
toy.floorssl.s0.e24s1c.extL,8,student.h.gap.L09,student.z.proj.tap2,0,5.2630919629594874,2.2941429691628827,11.073681959790871,3.3277142244776474,1.45052608717403,2.1040259295724018
toy.floorssl.s0.e24s0ac.extL,8,student.h.cls,student.z.proj.out,1,0.17005160465174501,0.4123731376456825,0.20835138766012354,0.45645524168326024,1.1068985828932771,1.225224472811145
toy.floorssl.s0.e24s0ac.extL,8,student.h.cls,student.z.proj.tap1,0,1.8786158118252556,1.3706260656449138,2.800899490206298,1.673588805593028,1.221039674891607,1.4909378876594013
toy.floorssl.s0.e24s0ac.extL,8,student.h.cls,student.z.proj.tap2,0,0.401922562846365,0.6339736294565926,0.582876353762947,0.7634633938591601,1.2042510262036592,1.4502205341125662
toy.floorssl.s0.e24s0ac.extL,8,student.h.cls.L03,student.z.proj.out,0,0.5054836833643178,0.7109737571558586,2.3631142157335767,1.5372424063021344,2.162164764634403,4.674956469426545
toy.floorssl.s0.e24s0ac.extL,8,student.h.cls.L03,student.z.proj.tap1,0,5.584243924852219,2.363100489791371,31.767704916583156,5.636284673132041,2.385122722237532,5.688810400133776
toy.floorssl.s0.e24s0ac.extL,8,student.h.cls.L03,student.z.proj.tap2,0,1.1947273176920432,1.0930358263533924,6.6109633972732835,2.571179378665223,2.352328548317801,5.533449599230932
toy.floorssl.s0.e24s0ac.extL,8,student.h.cls.L06,student.z.proj.out,0,0.18916681954518075,0.43493312077281576,0.5088234641054968,0.713318627336688,1.6400650887870298,2.689813495458008
toy.floorssl.s0.e24s0ac.extL,8,student.h.cls.L06,student.z.proj.tap1,0,2.089787855857346,1.4456098560321682,6.840191453598133,2.615375967924714,1.8091852078978323,3.273151116476322
toy.floorssl.s0.e24s0ac.extL,8,student.h.cls.L06,student.z.proj.tap2,0,0.447102002199864,0.6686568643182121,1.4234662355628098,1.193091042445131,1.7843098696992394,3.1837617111061163
toy.floorssl.s0.e24s0ac.extL,8,student.h.cls.L09,student.z.proj.out,0,0.12538995741060516,0.35410444421188103,0.23803749172328886,0.4878908604629614,1.3778162585585294,1.8983776423482241
toy.floorssl.s0.e24s0ac.extL,8,student.h.cls.L09,student.z.proj.tap1,0,1.3852239566810873,1.1769553758240316,3.1999743160114758,1.7888472030923925,1.5198938208170825,2.3100772265579494
toy.floorssl.s0.e24s0ac.extL,8,student.h.cls.L09,student.z.proj.tap2,0,0.2963632900781911,0.5443925881918223,0.665925131542107,0.8160423589141111,1.498996085939675,2.246989265662465
toy.floorssl.s0.e24s0ac.extL,8,student.h.gap,student.z.proj.out,0,0.5107459996708309,0.7146649562353193,0.9379985532369411,0.9685032541178894,1.3551850355441077,1.8365264805626846
toy.floorssl.s0.e24s0ac.extL,8,student.h.gap,student.z.proj.tap1,0,5.642378457839937,2.3753691203347613,12.60965765133909,3.551007976805894,1.494928912903208,2.234812454633967
toy.floorssl.s0.e24s0ac.extL,8,student.h.gap,student.z.proj.tap2,0,1.2071649754298426,1.0987105967586928,2.624111039939611,1.6199108123411026,1.4743744322845371,2.173779966574351
toy.floorssl.s0.e24s0ac.extL,8,student.h.gap.L03,student.z.proj.out,0,0.5858731815058924,0.7654235308023215,2.343309890301307,1.5307873432653234,1.9999219800059491,3.9996879261109166
toy.floorssl.s0.e24s0ac.extL,8,student.h.gap.L03,student.z.proj.tap1,0,6.4723330588697445,2.5440780371029788,31.501472348467946,5.612617245854909,2.206149797294022,4.867096928100453
toy.floorssl.s0.e24s0ac.extL,8,student.h.gap.L03,student.z.proj.tap2,0,1.3847305416261209,1.17674574213214,6.555559528231018,2.5603826917535235,2.1758164062819367,4.734177033845641
toy.floorssl.s0.e24s0ac.extL,8,student.h.gap.L06,student.z.proj.out,0,0.503053059211994,0.7092623345504778,1.3180335502648717,1.1480564229448271,1.618662611870475,2.6200686510673483
toy.floorssl.s0.e24s0ac.extL,8,student.h.gap.L06,student.z.proj.tap1,0,5.557392023192652,2.3574121453815944,17.71852609416639,4.20933796388059,1.785575751837498,3.188280765550046
toy.floorssl.s0.e24s0ac.extL,8,student.h.gap.L06,student.z.proj.tap2,0,1.18898245753257,1.0904047218957602,3.687283288791151,1.9202300093455342,1.7610250311527018,3.1012091603463743
toy.floorssl.s0.e24s0ac.extL,8,student.h.gap.L09,student.z.proj.out,0,0.46583522463009613,0.6825212265051513,1.0144515066870703,1.0071998345348705,1.4757047772598006,2.1777045896273983
toy.floorssl.s0.e24s0ac.extL,8,student.h.gap.L09,student.z.proj.tap1,0,5.1462344062408,2.268531332435327,13.63742636815967,3.6928886211419467,1.6278764010623277,2.649981577135636
toy.floorssl.s0.e24s0ac.extL,8,student.h.gap.L09,student.z.proj.tap2,0,1.1010168809102094,1.0492935151377851,2.837993074716903,1.6846344038742955,1.6054939629099703,2.5776108649403597
toy.floorssl.s0.e24s0bc.extL,8,student.h.cls,student.z.proj.out,1,0.4533262788790968,0.6732950904908611,0.4577290836755194,0.6765567852556941,1.0048443762785424,1.009712220538613
toy.floorssl.s0.e24s0bc.extL,8,student.h.cls,student.z.proj.tap1,0,2.0129869214410046,1.4187977027895853,2.6961654845646987,1.642000452059834,1.1573182341861676,1.3393854951797888
toy.floorssl.s0.e24s0bc.extL,8,student.h.cls,student.z.proj.tap2,0,0.8244781460908109,0.9080077896641696,1.0870873541125992,1.0426348133994947,1.1482663753194424,1.3185156686892507
toy.floorssl.s0.e24s0bc.extL,8,student.h.cls.L03,student.z.proj.out,0,1.3443138022037813,1.159445471854447,4.484435682459511,2.1176486211030174,1.826432266552385,3.3358548243036825
toy.floorssl.s0.e24s0bc.extL,8,student.h.cls.L03,student.z.proj.tap1,0,5.969400469877813,2.443235655821561,26.41470934665085,5.139524233491934,2.103572867089532,4.425018807155273
toy.floorssl.s0.e24s0bc.extL,8,student.h.cls.L03,student.z.proj.tap2,0,2.4449439687145604,1.5636316601791358,10.650346448574957,3.2634868543591464,2.087119964036331,4.356069744279016
toy.floorssl.s0.e24s0bc.extL,8,student.h.cls.L06,student.z.proj.out,0,0.49679746292478055,0.7048386077144048,0.977497451413949,0.9886847077880536,1.402710772320039,1.9675975107826802
toy.floorssl.s0.e24s0bc.extL,8,student.h.cls.L06,student.z.proj.tap1,0,2.206019906777499,1.4852676212647669,5.757761487623822,2.3995335979360286,1.6155563910379507,2.610022452623568
toy.floorssl.s0.e24s0bc.extL,8,student.h.cls.L06,student.z.proj.tap2,0,0.9035404967645441,0.9505474721256925,2.3215154029030094,1.5236519953398182,1.6029204642799189,2.569354014807351
toy.floorssl.s0.e24s0bc.extL,8,student.h.cls.L09,student.z.proj.out,0,0.3556681278680045,0.5963791812831871,0.5110427480040606,0.7148725396908603,1.1986879524411287,1.4368528073275058
toy.floorssl.s0.e24s0bc.extL,8,student.h.cls.L09,student.z.proj.tap1,0,1.5793377157441315,1.25671703885327,3.0101994114981654,1.7349926257763073,1.3805753977517918,1.905988428877518
toy.floorssl.s0.e24s0bc.extL,8,student.h.cls.L09,student.z.proj.tap2,0,0.6468643278595586,0.8042787625317224,1.2137050683019077,1.1016828347132888,1.3697773533711035,1.8762899978083452
toy.floorssl.s0.e24s0bc.extL,8,student.h.gap,student.z.proj.out,0,2.0670765692249344,1.4377331356079035,2.9297787938373645,1.7116596606327334,1.190526682762311,1.4173537823690328
toy.floorssl.s0.e24s0bc.extL,8,student.h.gap,student.z.proj.tap1,0,9.178815112495789,3.029655939623473,17.257300755119932,4.154190746116496,1.3711757469835935,1.8801229291160155
toy.floorssl.s0.e24s0bc.extL,8,student.h.gap,student.z.proj.tap2,0,3.7594543643847693,1.9389312428203247,6.958101616688251,2.6378213769488355,1.3604512211128854,1.8508275250275412
toy.floorssl.s0.e24s0bc.extL,8,student.h.gap.L03,student.z.proj.out,0,1.851946752333429,1.360862503096264,5.3692454528292854,2.3171632339628743,1.7027166438128862,2.8992439691174194
toy.floorssl.s0.e24s0bc.extL,8,student.h.gap.L03,student.z.proj.tap1,0,8.223535156334027,2.8676706847778086,31.626511804385284,5.62374535379984,1.9610847869149854,3.8458535414693946
toy.floorssl.s0.e24s0bc.extL,8,student.h.gap.L03,student.z.proj.tap2,0,3.3681912921487367,1.835263275976702,12.75173250086722,3.570956804676755,1.9457463413669303,3.7859288249427956
toy.floorssl.s0.e24s0bc.extL,8,student.h.gap.L06,student.z.proj.out,0,1.676060470612971,1.2946275412692914,3.5294599821948687,1.8786857060708342,1.4511399195392636,2.1058070660804202
toy.floorssl.s0.e24s0bc.extL,8,student.h.gap.L06,student.z.proj.tap1,0,7.442515389203786,2.728097393643377,20.789607919893427,4.559562250906706,1.6713341178840415,2.793357733603227
toy.floorssl.s0.e24s0bc.extL,8,student.h.gap.L06,student.z.proj.tap2,0,3.048301618348544,1.7459386066951335,8.382319258984253,2.895223524874073,1.6582619307298598,2.7498326309079224
toy.floorssl.s0.e24s0bc.extL,8,student.h.gap.L09,student.z.proj.out,0,1.938702080884921,1.392372823953743,3.3501382727915208,1.8303382946306732,1.314546120940005,1.7280315040784138
toy.floorssl.s0.e24s0bc.extL,8,student.h.gap.L09,student.z.proj.tap1,0,8.608770581404203,2.9340706503770835,19.733347741614736,4.442223288131151,1.5140137431797156,2.2922376145370533
toy.floorssl.s0.e24s0bc.extL,8,student.h.gap.L09,student.z.proj.tap2,0,3.5259758190561428,1.8777581897188313,7.956437728702416,2.820715818494025,1.5021720229676583,2.2565207865867465
toy.floorssl.s0.e24s0cc.extL,8,student.h.cls,student.z.proj.out,1,0.6776935986515937,0.8232214760631514,0.5685874778007598,0.7540473975823799,0.9159714845978278,0.8390037605963487
toy.floorssl.s0.e24s0cc.extL,8,student.h.cls,student.z.proj.tap1,0,2.074505530502854,1.4403143859945486,2.5786681608991415,1.6058232035000433,1.1149115909102092,1.2430278555459333
toy.floorssl.s0.e24s0cc.extL,8,student.h.cls,student.z.proj.tap2,0,1.1383698498773382,1.0669441643672541,1.337662899688116,1.1565737761544292,1.084005906569937,1.175068805478511
toy.floorssl.s0.e24s0cc.extL,8,student.h.cls.L03,student.z.proj.out,0,1.7113454001835473,1.3081840085337946,4.10857792012166,2.0269627327905315,1.5494477226199548,2.4007882451321643
toy.floorssl.s0.e24s0cc.extL,8,student.h.cls.L03,student.z.proj.tap1,0,5.238643989474313,2.28880842131322,18.63329651607882,4.316630226933831,1.8859727125860253,3.556893072619091
toy.floorssl.s0.e24s0cc.extL,8,student.h.cls.L03,student.z.proj.tap2,0,2.874667859002119,1.6954845499154862,9.665869314396573,3.108998120680772,1.8336929822425951,3.362429953125743
toy.floorssl.s0.e24s0cc.extL,8,student.h.cls.L06,student.z.proj.out,0,0.8318022057347837,0.91203191048054,1.2385364660817635,1.1128955324206147,1.220237493482264,1.4889795404998782
toy.floorssl.s0.e24s0cc.extL,8,student.h.cls.L06,student.z.proj.tap1,0,2.546251402572878,1.5956977792091076,5.617032868101118,2.3700280310791935,1.4852612204886788,2.2060008930875195
toy.floorssl.s0.e24s0cc.extL,8,student.h.cls.L06,student.z.proj.tap2,0,1.3972369725108629,1.18204778774416,2.9137896019035217,1.7069826015233787,1.444089333123336,2.085394002040601
toy.floorssl.s0.e24s0cc.extL,8,student.h.cls.L09,student.z.proj.out,0,0.5734093881402149,0.7572379996673535,0.6459130233731234,0.8036871427198045,1.0613402167784178,1.126443055751259
toy.floorssl.s0.e24s0cc.extL,8,student.h.cls.L09,student.z.proj.tap1,0,1.7552784168331557,1.3248692074439483,2.9293563666311027,1.711536259221844,1.2918529992284196,1.6688841716154632
toy.floorssl.s0.e24s0cc.extL,8,student.h.cls.L09,student.z.proj.tap2,0,0.963196288697743,0.9814256409416574,1.5195795221054293,1.2327122624949545,1.2560424458771964,1.5776426258451697
toy.floorssl.s0.e24s0cc.extL,8,student.h.gap,student.z.proj.out,0,2.7999175015067346,1.6732954017467252,3.25205858229226,1.803346495350314,1.0777215388674533,1.1614837153388313
toy.floorssl.s0.e24s0cc.extL,8,student.h.gap,student.z.proj.tap1,0,8.570900408952525,2.927610016541227,14.74879460232222,3.8404159413170627,1.3117921853041936,1.7207987374251514
toy.floorssl.s0.e24s0cc.extL,8,student.h.gap,student.z.proj.tap2,0,4.703219378493473,2.168690706046732,7.650815895507705,2.766010827077093,1.2754289117230577,1.6267189088590637
toy.floorssl.s0.e24s0cc.extL,8,student.h.gap.L03,student.z.proj.out,0,2.6247506520301322,1.6201082223203893,5.700924040731264,2.3876607884561962,1.4737662308981339,2.1719869033356916
toy.floorssl.s0.e24s0cc.extL,8,student.h.gap.L03,student.z.proj.tap1,0,8.034692602470367,2.83455333385533,25.85493329610318,5.084774655390658,1.7938539362301427,3.2179119445283764
toy.floorssl.s0.e24s0cc.extL,8,student.h.gap.L03,student.z.proj.tap2,0,4.4089792373162195,2.0997569472003703,13.412033998220569,3.6622443935680438,1.744127766049759,3.0419816643057227
toy.floorssl.s0.e24s0cc.extL,8,student.h.gap.L06,student.z.proj.out,0,2.5133563070323706,1.5853568390215405,4.17864025163128,2.044172265644772,1.2894082993368268,1.6625737623986876
toy.floorssl.s0.e24s0cc.extL,8,student.h.gap.L06,student.z.proj.tap1,0,7.693700470887014,2.773752056490813,18.95104446269386,4.353279736324541,1.569455253268763,2.4631897920129164
toy.floorssl.s0.e24s0cc.extL,8,student.h.gap.L06,student.z.proj.tap2,0,4.221862280560841,2.054717080417847,9.830698448320815,3.1353944645484106,1.5259494820137463,2.3285218216580206
toy.floorssl.s0.e24s0cc.extL,8,student.h.gap.L09,student.z.proj.out,0,2.7207542874337944,1.6494709113633361,3.8215820293960867,1.954886705002642,1.1851598543116295,1.4046038802719627
toy.floorssl.s0.e24s0cc.extL,8,student.h.gap.L09,student.z.proj.tap1,0,8.32857183194744,2.8859265118757684,17.331707588047145,4.163136748660455,1.4425650589260974,2.080993949234455
toy.floorssl.s0.e24s0cc.extL,8,student.h.gap.L09,student.z.proj.tap2,0,4.570243331059461,2.1378127446199446,8.990680763161775,2.998446391577107,1.4025767219898222,1.9672214610677154
toy.floorssl.s0.e24s1ac.extL,8,student.h.cls,student.z.proj.out,1,0.07417068224200961,0.2723429496829496,0.19814020720817513,0.44512942747944123,1.634444467894772,2.6714087186318247
toy.floorssl.s0.e24s1ac.extL,8,student.h.cls,student.z.proj.tap1,0,0.9495693141046798,0.9744584722319776,2.134130870304607,1.4608664792870727,1.4991572457069282,2.247472447355583
toy.floorssl.s0.e24s1ac.extL,8,student.h.cls,student.z.proj.tap2,0,0.1722128871097823,0.41498540589975247,0.5039288453441275,0.7098794583195992,1.7106130678992695,2.9261970680677503
toy.floorssl.s0.e24s1ac.extL,8,student.h.cls.L03,student.z.proj.out,0,0.19007419026732794,0.4359749881212544,1.1240399823376512,1.0602075185253363,2.431808125264445,5.913690758102173
toy.floorssl.s0.e24s1ac.extL,8,student.h.cls.L03,student.z.proj.tap1,0,2.4334226546850055,1.5599431575172877,12.106823039924889,3.479486031000109,2.2305210380472134,4.975224101171221
toy.floorssl.s0.e24s1ac.extL,8,student.h.cls.L03,student.z.proj.tap2,0,0.44132296052214043,0.6643214286188128,2.858764399216169,1.6907881000338774,2.545135573225729,6.47771508609906
toy.floorssl.s0.e24s1ac.extL,8,student.h.cls.L06,student.z.proj.out,0,0.0922958123126192,0.30380225857063536,0.34956449445148,0.5912397943740594,1.9461336369117002,3.787436132719161
toy.floorssl.s0.e24s1ac.extL,8,student.h.cls.L06,student.z.proj.tap1,0,1.1816160852675675,1.0870216581409808,3.7650933613263464,1.940384848767467,1.7850470910449971,3.1863931172482065
toy.floorssl.s0.e24s1ac.extL,8,student.h.cls.L06,student.z.proj.tap2,0,0.21429664425408546,0.46292185545088,0.8890453610819173,0.9428920198421011,2.0368276173172606,4.148666742666308
toy.floorssl.s0.e24s1ac.extL,8,student.h.cls.L09,student.z.proj.out,0,0.08230584488953041,0.28688995257682065,0.24328315397842112,0.4932374215105958,1.7192565200711285,2.955842981807086
toy.floorssl.s0.e24s1ac.extL,8,student.h.cls.L09,student.z.proj.tap1,0,1.0537196411858163,1.0265084710735788,2.620357051433404,1.6187516954225574,1.5769491836044744,2.486768727670819
toy.floorssl.s0.e24s1ac.extL,8,student.h.cls.L09,student.z.proj.tap2,0,0.19110148034215946,0.4371515530593017,0.6187406413036447,0.7866006873272136,1.799377542690572,3.2377595411391615
toy.floorssl.s0.e24s1ac.extL,8,student.h.gap,student.z.proj.out,0,0.4890283543754263,0.6993056230114457,1.5604152994541423,1.2491658414534645,1.786294576145599,3.190848312767186
toy.floorssl.s0.e24s1ac.extL,8,student.h.gap,student.z.proj.tap1,0,6.26077993359755,2.50215505786463,16.806939429319893,4.099626742682789,1.6384383253136443,2.6844801458565795
toy.floorssl.s0.e24s1ac.extL,8,student.h.gap,student.z.proj.tap2,0,1.1354484311031208,1.0655742259941918,3.968595224517324,1.9921333350248733,1.8695397152330635,3.4951787468337248
toy.floorssl.s0.e24s1ac.extL,8,student.h.gap.L03,student.z.proj.out,0,0.6546738310153276,0.8091191698478831,3.1264927828106788,1.7681891252947686,2.185325958384095,4.775649544387363
toy.floorssl.s0.e24s1ac.extL,8,student.h.gap.L03,student.z.proj.tap1,0,8.381454260473367,2.895074137301732,33.67486517549947,5.803004840209895,2.0044408415801103,4.017783087394381
toy.floorssl.s0.e24s1ac.extL,8,student.h.gap.L03,student.z.proj.tap2,0,1.5200516854692558,1.2329037616412952,7.951591048671963,2.8198565652656806,2.2871668113914785,5.231132023130663
toy.floorssl.s0.e24s1ac.extL,8,student.h.gap.L06,student.z.proj.out,0,0.5724821258397148,0.7566254858512994,1.8421453308807205,1.3572565457129764,1.7938287449911776,3.217821566356623
toy.floorssl.s0.e24s1ac.extL,8,student.h.gap.L06,student.z.proj.tap1,0,7.329195891674168,2.707248767969831,19.84140055980437,4.454368704968681,1.6453488713964834,2.707172908605682
toy.floorssl.s0.e24s1ac.extL,8,student.h.gap.L06,student.z.proj.tap2,0,1.3292152199425662,1.1529159639551212,4.68511758732276,2.164513244894279,1.8774249924242836,3.5247246021793206
toy.floorssl.s0.e24s1ac.extL,8,student.h.gap.L09,student.z.proj.out,0,0.5382994540686619,0.7336889354955967,1.6641558812353534,1.2900216592117177,1.7582678391358404,3.091505794139417
toy.floorssl.s0.e24s1ac.extL,8,student.h.gap.L09,student.z.proj.tap1,0,6.891572625893828,2.625180493964906,17.924309705661805,4.233711103235766,1.6127314342647112,2.6009026790655123
toy.floorssl.s0.e24s1ac.extL,8,student.h.gap.L09,student.z.proj.tap2,0,1.2498483270291165,1.117966156477519,4.232438047379663,2.057289004340339,1.840206872471375,3.3863613334908784
toy.floorssl.s0.e24s1bc.extL,8,student.h.cls,student.z.proj.out,1,0.1903156628464785,0.4362518342041423,0.365197960064487,0.604316109386873,1.3852460024364863,1.9189064872662658
toy.floorssl.s0.e24s1bc.extL,8,student.h.cls,student.z.proj.tap1,0,1.0737455883584146,1.036216960080472,2.1248048323018542,1.4576710302060112,1.406723771528319,1.9788717693828584
toy.floorssl.s0.e24s1bc.extL,8,student.h.cls,student.z.proj.tap2,0,0.36040620061955536,0.6003384050846284,0.8624277153075154,0.9286698634646843,1.5469106350671864,2.392932512883966
toy.floorssl.s0.e24s1bc.extL,8,student.h.cls.L03,student.z.proj.out,0,0.5744430940975953,0.7579202425701502,2.499801537776772,1.5810760695731159,2.086071832850905,4.3516956918139345
toy.floorssl.s0.e24s1bc.extL,8,student.h.cls.L03,student.z.proj.tap1,0,3.240961510077118,1.800267066320194,14.544414175604285,3.8137139609053383,2.118415668571162,4.4876849448478024
toy.floorssl.s0.e24s1bc.extL,8,student.h.cls.L03,student.z.proj.tap2,0,1.0878392767013758,1.0429953387726025,5.903368486960729,2.4296848534245608,2.329526090005172,5.426691804014786
toy.floorssl.s0.e24s1bc.extL,8,student.h.cls.L06,student.z.proj.out,0,0.26628898283374797,0.5160319591205064,0.7505405452976582,0.8663374315459642,1.6788445293630598,2.8185189537722737
toy.floorssl.s0.e24s1bc.extL,8,student.h.cls.L06,student.z.proj.tap1,0,1.5023809195191373,1.2257164923093502,4.366815677736344,2.0896927232816656,1.7048744439625785,2.9065968696767115
toy.floorssl.s0.e24s1bc.extL,8,student.h.cls.L06,student.z.proj.tap2,0,0.5042790442706483,0.710126076320711,1.7724276652925928,1.3313255294226851,1.8747734716636775,3.514775570053878
toy.floorssl.s0.e24s1bc.extL,8,student.h.cls.L09,student.z.proj.out,0,0.21041104332363966,0.4587058352840518,0.46155531665382044,0.6793786254025221,1.4810769193328868,2.1935888409805946
toy.floorssl.s0.e24s1bc.extL,8,student.h.cls.L09,student.z.proj.tap1,0,1.187122100890341,1.0895513300851598,2.6854338590157365,1.6387293428189222,1.5040405142645628,2.2621378685492104
toy.floorssl.s0.e24s1bc.extL,8,student.h.cls.L09,student.z.proj.tap2,0,0.39846139596950586,0.6312379867922286,1.0899789723893905,1.044020580443408,1.65392546438598,2.73546944174438
toy.floorssl.s0.e24s1bc.extL,8,student.h.gap,student.z.proj.out,0,1.1561575979066472,1.0752476914212126,2.7708450377428187,1.6645855453363816,1.548094972551124,2.3965980440380656
toy.floorssl.s0.e24s1bc.extL,8,student.h.gap,student.z.proj.tap1,0,6.522947726066755,2.55400621104702,16.12140693424447,4.015147187120849,1.5720976596508869,2.471491051479796
toy.floorssl.s0.e24s1bc.extL,8,student.h.gap,student.z.proj.tap2,0,2.1894486294335835,1.4796785561173695,6.543447162053529,2.5580162552363754,1.7287648352142986,2.9886278554735206
toy.floorssl.s0.e24s1bc.extL,8,student.h.gap.L03,student.z.proj.out,0,1.5031915886410367,1.2260471396488133,5.254384009173917,2.2922443170774613,1.8696216833343353,3.495485238793913
toy.floorssl.s0.e24s1bc.extL,8,student.h.gap.L03,student.z.proj.tap1,0,8.480885454303298,2.9121959848717767,30.57120179830929,5.529123058705538,1.898609532953183,3.6047181586207024
toy.floorssl.s0.e24s1bc.extL,8,student.h.gap.L03,student.z.proj.tap2,0,2.84663679889768,1.6871979133752153,12.40841103159509,3.522557456109849,2.0878152042418208,4.3589723270633165
toy.floorssl.s0.e24s1bc.extL,8,student.h.gap.L06,student.z.proj.out,0,1.2748581776649743,1.129096177331663,3.335628876804799,1.8263704106245258,1.6175507873392116,2.6164705496217033
toy.floorssl.s0.e24s1bc.extL,8,student.h.gap.L06,student.z.proj.tap1,0,7.192646803614058,2.6819110357381466,19.407447826238993,4.405388498899841,1.6426303632727843,2.6982345103456793
toy.floorssl.s0.e24s1bc.extL,8,student.h.gap.L06,student.z.proj.tap2,0,2.414235303962557,1.553780970395299,7.877203889168929,2.806635688715037,1.8063264656929077,3.2628153006626315
toy.floorssl.s0.e24s1bc.extL,8,student.h.gap.L09,student.z.proj.out,0,1.237274384528013,1.1123283618284723,2.9979428284698186,1.7314568514605897,1.5566058646696546,2.4230218179239627
toy.floorssl.s0.e24s1bc.extL,8,student.h.gap.L09,student.z.proj.tap1,0,6.980602080279117,2.642082905640759,17.44271355670369,4.176447480419656,1.5807405102629744,2.498740560786448
toy.floorssl.s0.e24s1bc.extL,8,student.h.gap.L09,student.z.proj.tap2,0,2.3430618025976684,1.530706308407223,7.079746512612569,2.660779305506672,1.7382689879127415,3.021579074339187
toy.floorssl.s0.e24s1cc.extL,8,student.h.cls,student.z.proj.out,1,0.30555054857906255,0.5527662693933689,0.4988720963520308,0.7063087825816913,1.277771133460851,1.632699069505828
toy.floorssl.s0.e24s1cc.extL,8,student.h.cls,student.z.proj.tap1,0,1.0928450316652745,1.0453922860176816,2.1615048325453246,1.4702057109620152,1.4063674762348,1.9778694782110409
toy.floorssl.s0.e24s1cc.extL,8,student.h.cls,student.z.proj.tap2,0,0.5245102985399958,0.7242308323594044,1.1788865899948988,1.0857654396760374,1.4991980335037973,2.247594743661653
toy.floorssl.s0.e24s1cc.extL,8,student.h.cls.L03,student.z.proj.out,0,0.8725933491499412,0.9341270519313426,1.968439359982478,1.4030108196241675,1.5019486018774322,2.2558496026815726
toy.floorssl.s0.e24s1cc.extL,8,student.h.cls.L03,student.z.proj.tap1,0,3.1209543256176637,1.76662229285653,8.528821756693613,2.9204146549237855,1.6531064205023913,2.7327608375062282
toy.floorssl.s0.e24s1cc.extL,8,student.h.cls.L03,student.z.proj.tap2,0,1.4979001026019192,1.223887291625303,4.651626702857256,2.1567630149966073,1.762223555841045,3.1054318607610574
toy.floorssl.s0.e24s1cc.extL,8,student.h.cls.L06,student.z.proj.out,0,0.4612711820003584,0.6791694795854407,0.8183422717157398,0.9046227234133243,1.331954321571544,1.7741023147531119
toy.floorssl.s0.e24s1cc.extL,8,student.h.cls.L06,student.z.proj.tap1,0,1.6498020437002183,1.284446201170068,3.5456999658315134,1.8830029117958138,1.4660037221337026,2.1491669133098696
toy.floorssl.s0.e24s1cc.extL,8,student.h.cls.L06,student.z.proj.tap2,0,0.7918214727613271,0.8898435102653315,1.933827803170776,1.3906213730454369,1.5627707085606373,2.442252287535117
toy.floorssl.s0.e24s1cc.extL,8,student.h.cls.L09,student.z.proj.out,0,0.37445323432301647,0.6119258405419863,0.6049496667892105,0.7777851032188843,1.2710447111205427,1.6155546576675037
toy.floorssl.s0.e24s1cc.extL,8,student.h.cls.L09,student.z.proj.tap1,0,1.3392852954247405,1.157274943747051,2.6211159889946,1.6189860990739235,1.3989640990860248,1.9571005505315726
toy.floorssl.s0.e24s1cc.extL,8,student.h.cls.L09,student.z.proj.tap2,0,0.6427891510501144,0.8017413242749274,1.429558909016298,1.1956416306804887,1.4913059792219063,2.2239935236630086
toy.floorssl.s0.e24s1cc.extL,8,student.h.gap,student.z.proj.out,0,1.9087776591136307,1.3815851979207185,3.4764798691268104,1.8645320777950725,1.3495599696646923,1.8213121117213649
toy.floorssl.s0.e24s1cc.extL,8,student.h.gap,student.z.proj.tap1,0,6.8270150095189335,2.612855719231151,15.062834927655599,3.8810868229988875,1.4853812227109586,2.2063573767823024
toy.floorssl.s0.e24s1cc.extL,8,student.h.gap,student.z.proj.tap2,0,3.2766216407859163,1.8101440939289657,8.215283091738177,2.866231513981063,1.583427266146438,2.5072419071759824
toy.floorssl.s0.e24s1cc.extL,8,student.h.gap.L03,student.z.proj.out,0,2.49140326186268,1.5784179617144123,5.244443443446394,2.2900749864243295,1.450867287354577,2.1050158855156282
toy.floorssl.s0.e24s1cc.extL,8,student.h.gap.L03,student.z.proj.tap1,0,8.910858413650574,2.9851060975534143,22.723038490051795,4.766868834995546,1.5968842242835055,2.5500392257655324
toy.floorssl.s0.e24s1cc.extL,8,student.h.gap.L03,student.z.proj.tap2,0,4.276760996634185,2.0680331227120576,12.393164686250257,3.520392689211,1.7022902827563469,2.8977922067666837
toy.floorssl.s0.e24s1cc.extL,8,student.h.gap.L06,student.z.proj.out,0,2.20958165782696,1.4864661643733974,4.039491051927094,2.009848514671465,1.3520983947311664,1.828170069034597
toy.floorssl.s0.e24s1cc.extL,8,student.h.gap.L06,student.z.proj.tap1,0,7.902883329925005,2.8112067390935525,17.50224054143666,4.183567920021935,1.4881751177684241,2.214665181145063
toy.floorssl.s0.e24s1cc.extL,8,student.h.gap.L06,student.z.proj.tap2,0,3.792983977233589,1.9475584656778828,9.54573700622623,3.0896176148880024,1.5864055787473397,2.5166826602806815
toy.floorssl.s0.e24s1cc.extL,8,student.h.gap.L09,student.z.proj.out,0,2.150248341949137,1.4663725113180268,3.9711715599091155,1.9927798573623519,1.358986097994412,1.8468432145420768
toy.floorssl.s0.e24s1cc.extL,8,student.h.gap.L09,student.z.proj.tap1,0,7.690669279677514,2.773205596359115,17.20622696754919,4.148038930331921,1.4957560073359857,2.237286033481689
toy.floorssl.s0.e24s1cc.extL,8,student.h.gap.L09,student.z.proj.tap2,0,3.691131974777137,1.9212318899021892,9.384290949082107,3.0633790083961383,1.594486862568212,2.5423883549026205
toy.floorssl.s0.e24wz05.extL,8,student.h.cls,student.z.proj.out,1,0.0808266339680118,0.2843002531972348,0.1213183909411705,0.3483078967539647,1.22514100088516,1.500970472049892
toy.floorssl.s0.e24wz05.extL,8,student.h.cls,student.z.proj.tap1,0,26.486456056992782,5.146499398328225,22.23651246397468,4.715560673342533,0.9162656610577518,0.8395427616335989
toy.floorssl.s0.e24wz05.extL,8,student.h.cls,student.z.proj.tap2,0,0.2716303074776184,0.5211816453767519,0.4852985467168521,0.6966337249350278,1.3366428597681046,1.7866141345690574
toy.floorssl.s0.e24wz05.extL,8,student.h.cls.L03,student.z.proj.out,0,0.23855166294455765,0.4884175088431594,0.6441274042509982,0.8025754819647796,1.643216034301716,2.7001589353862574
toy.floorssl.s0.e24wz05.extL,8,student.h.cls.L03,student.z.proj.tap1,0,78.17210525436658,8.841499038871552,118.06245485039885,10.865654828421473,1.2289380772028295,1.510288797598988
toy.floorssl.s0.e24wz05.extL,8,student.h.cls.L03,student.z.proj.tap2,0,0.8016894725638579,0.8953711367717064,2.576642261395391,1.6051922817517505,1.7927675081635202,3.214015338326837
toy.floorssl.s0.e24wz05.extL,8,student.h.cls.L06,student.z.proj.out,0,0.15822520358201955,0.3977753179648274,0.2542517169818855,0.5042337919872938,1.2676346902747742,1.6068977079880227
toy.floorssl.s0.e24wz05.extL,8,student.h.cls.L06,student.z.proj.tap1,0,51.84955374292181,7.200663423804907,46.60193256598851,6.8265608153731785,0.9480460915316536,0.8987913916684447
toy.floorssl.s0.e24wz05.extL,8,student.h.cls.L06,student.z.proj.tap2,0,0.5317400786070362,0.7292051005081055,1.0170592256816733,1.008493542706979,1.3830039614427643,1.9126999573663797
toy.floorssl.s0.e24wz05.extL,8,student.h.cls.L09,student.z.proj.out,0,0.11830483039039164,0.34395469235117526,0.1581127568212463,0.3976339482756047,1.1560649036577857,1.3364860614692848
toy.floorssl.s0.e24wz05.extL,8,student.h.cls.L09,student.z.proj.tap1,0,38.767860761159575,6.226384244580443,28.980571374985946,5.38336060235481,0.8646046229865406,0.7475411540896981
toy.floorssl.s0.e24wz05.extL,8,student.h.cls.L09,student.z.proj.tap2,0,0.39758153813194164,0.6305406712750111,0.6324835872572242,0.7952883673594278,1.261280046775225,1.5908273563933142
toy.floorssl.s0.e24wz05.extL,8,student.h.gap,student.z.proj.out,0,0.05060010274318634,0.22494466595851154,0.0760967046114254,0.2758563115308863,1.2263296413606217,1.503884389279671
toy.floorssl.s0.e24wz05.extL,8,student.h.gap,student.z.proj.tap1,0,16.581383289042243,4.072024470584901,13.94780550114535,3.734676090525837,0.9171546284910691,0.841172612562591
toy.floorssl.s0.e24wz05.extL,8,student.h.gap,student.z.proj.tap2,0,0.1700494105936709,0.4123704773546124,0.30440248894971056,0.551726824569651,1.3379396801367065,1.7900825876843125
toy.floorssl.s0.e24wz05.extL,8,student.h.gap.L03,student.z.proj.out,0,0.05326754648160933,0.23079763101385883,0.12120453836845987,0.3481444217109616,1.508440187109444,2.275391798086774
toy.floorssl.s0.e24wz05.extL,8,student.h.gap.L03,student.z.proj.tap1,0,17.455490348730045,4.177976824819646,22.215644365308886,4.713347469188845,1.1281411235191114,1.2727023945749631
toy.floorssl.s0.e24wz05.extL,8,student.h.gap.L03,student.z.proj.tap2,0,0.1790137646348628,0.42310018274028527,0.48484311298048444,0.6963067664330747,1.6457255157001287,2.708412473026455
toy.floorssl.s0.e24wz05.extL,8,student.h.gap.L06,student.z.proj.out,0,0.04922578462497398,0.22186884554838693,0.08074065911495061,0.28414900864678483,1.2807071129994019,1.6402107092872629
toy.floorssl.s0.e24wz05.extL,8,student.h.gap.L06,student.z.proj.tap1,0,16.13102658532541,4.016344928579393,14.79899839447877,3.846946632652807,0.9578227719633374,0.9174244624915315
toy.floorssl.s0.e24wz05.extL,8,student.h.gap.L06,student.z.proj.tap2,0,0.1654308036482199,0.4067318571838453,0.3229792632878472,0.5683126457222707,1.3972661243139113,1.9523526221552185
toy.floorssl.s0.e24wz05.extL,8,student.h.gap.L09,student.z.proj.out,0,0.04828952494431966,0.2197487768892461,0.07499888428506384,0.27385924173754633,1.2462378431146948,1.5531087616111665
toy.floorssl.s0.e24wz05.extL,8,student.h.gap.L09,student.z.proj.tap1,0,15.82421929084623,3.977966728222627,13.74658542906097,3.7076387943084437,0.9320436915682885,0.868705442992243
toy.floorssl.s0.e24wz05.extL,8,student.h.gap.L09,student.z.proj.tap2,0,0.16228435930865134,0.4028453292625488,0.3000109815714283,0.5477325821707417,1.359659756198302,1.8486746526252253
toy.floorssl.s0.e24wz12.extL,8,student.h.cls,student.z.proj.out,1,0.095081175377067,0.30835235588052023,0.11054532805100997,0.33248357561090136,1.0782585871979893,1.1626415808662038
toy.floorssl.s0.e24wz12.extL,8,student.h.cls,student.z.proj.tap1,0,7.232310149766238,2.6892954746115643,6.370878702947886,2.5240599642139814,0.9385580677327958,0.8808912465063193
toy.floorssl.s0.e24wz12.extL,8,student.h.cls,student.z.proj.tap2,0,0.24150424716190894,0.4914308162517985,0.3252788165911208,0.5703321984520257,1.1605544047929623,1.3468865264843473
toy.floorssl.s0.e24wz12.extL,8,student.h.cls.L03,student.z.proj.out,0,0.19476424324836392,0.4413210206282541,0.6144951908045123,0.7838974364063913,1.7762522059122712,3.1550718990082087
toy.floorssl.s0.e24wz12.extL,8,student.h.cls.L03,student.z.proj.tap1,0,14.814661342485122,3.8489818579054282,35.414199705969374,5.950983087353666,1.546118767780351,2.3904832440826307
toy.floorssl.s0.e24wz12.extL,8,student.h.cls.L03,student.z.proj.tap2,0,0.49469720744638507,0.7033471457583268,1.808147589680074,1.344673785600089,1.9118209176071994,3.6550592210004336
toy.floorssl.s0.e24wz12.extL,8,student.h.cls.L06,student.z.proj.out,0,0.11015234826288531,0.33189207321490116,0.21244172491812172,0.4609140103296077,1.3887466665441102,1.9286173038373777
toy.floorssl.s0.e24wz12.extL,8,student.h.cls.L06,student.z.proj.tap1,0,8.37869266132778,2.894597150093218,12.24330765271097,3.499043819775764,1.2088189265518625,1.461243197189997
toy.floorssl.s0.e24wz12.extL,8,student.h.cls.L06,student.z.proj.tap2,0,0.27978471905555374,0.5289468017254229,0.6251082166408363,0.7906378542928717,1.4947398334082247,2.2342471695772472
toy.floorssl.s0.e24wz12.extL,8,student.h.cls.L09,student.z.proj.out,0,0.08318068517388835,0.28841061903801035,0.11654970843765104,0.3413937732848258,1.183707362868746,1.4011631209096809
toy.floorssl.s0.e24wz12.extL,8,student.h.cls.L09,student.z.proj.tap1,0,6.327104300739663,2.515373590689793,6.716919370645738,2.5917020219627367,1.0303447692841572,1.061610343591223
toy.floorssl.s0.e24wz12.extL,8,student.h.cls.L09,student.z.proj.tap2,0,0.21127724464559877,0.4596490450828749,0.34294666181772604,0.585616480145262,1.2740513363617998,1.6232068076852881
toy.floorssl.s0.e24wz12.extL,8,student.h.gap,student.z.proj.out,0,0.14223043876491753,0.37713451017497396,0.20996654868535472,0.45822106966545606,1.2150069996322042,1.4762420091552506
toy.floorssl.s0.e24wz12.extL,8,student.h.gap,student.z.proj.tap1,0,10.818699304103507,3.28917912314053,12.100659855419151,3.4786002724399294,1.0575891863008478,1.1184948869804892
toy.floorssl.s0.e24wz12.extL,8,student.h.gap,student.z.proj.tap2,0,0.3612624149965465,0.6010510918354167,0.6178250287391512,0.7860184659021385,1.307739852034693,1.7101835205997207
toy.floorssl.s0.e24wz12.extL,8,student.h.gap.L03,student.z.proj.out,0,0.1476605824955123,0.3842662911257144,0.47535401101792224,0.6894592163557771,1.794222476127154,3.219234293839855
toy.floorssl.s0.e24wz12.extL,8,student.h.gap.L03,student.z.proj.tap1,0,11.23174093365558,3.351378960018634,27.39530289111361,5.234052243827302,1.5617607875052721,2.4390967573890876
toy.floorssl.s0.e24wz12.extL,8,student.h.gap.L03,student.z.proj.tap2,0,0.3750548693750033,0.6124172347142128,1.398725689197859,1.1826773394285777,1.9311627308798371,3.7293894931392706
toy.floorssl.s0.e24wz12.extL,8,student.h.gap.L06,student.z.proj.out,0,0.12866748640752695,0.358702504044127,0.27209071216360053,0.5216231514835212,1.4541943410000617,2.1146811813966035
toy.floorssl.s0.e24wz12.extL,8,student.h.gap.L06,student.z.proj.tap1,0,9.787038961179194,3.1284243575926833,15.680960506925457,3.959919255101732,1.265787119158247,1.602217031026934
toy.floorssl.s0.e24wz12.extL,8,student.h.gap.L06,student.z.proj.tap2,0,0.3268127924989845,0.5716754258309381,0.8006249238970228,0.894776465882414,1.5651826638898183,2.4497967713412274
toy.floorssl.s0.e24wz12.extL,8,student.h.gap.L09,student.z.proj.out,0,0.11714167604601937,0.34225966172778727,0.2018107782064795,0.4492335452818272,1.312551829841755,1.722792306020939
toy.floorssl.s0.e24wz12.extL,8,student.h.gap.L09,student.z.proj.tap1,0,8.910332978830581,2.9850180868514986,11.630631629296188,3.4103711864394155,1.142495987364876,1.3052970811448423
toy.floorssl.s0.e24wz12.extL,8,student.h.gap.L09,student.z.proj.tap2,0,0.2975374691424098,0.5454699525568845,0.5938267339533854,0.7706015403263773,1.412729586137955,1.9958048835495175
toy.floorssl.s0.e24wz18.extL,8,student.h.cls,student.z.proj.out,1,0.09066372611225879,0.3011041781713744,0.11066539916545803,0.33266409359210686,1.1048139405185204,1.2206138431640612
toy.floorssl.s0.e24wz18.extL,8,student.h.cls,student.z.proj.tap1,0,3.121104381665241,1.766664762105488,3.584193324298331,1.893196588920002,1.0716218659751353,1.148373423636031
toy.floorssl.s0.e24wz18.extL,8,student.h.cls,student.z.proj.tap2,0,0.2327078959677582,0.4823980679560794,0.3324182736704782,0.576557259663321,1.1951898192838835,1.4284787041198421
toy.floorssl.s0.e24wz18.extL,8,student.h.cls.L03,student.z.proj.out,0,0.18145363284311491,0.42597374665948007,0.7842931033098862,0.8856032426035296,2.079008975432173,4.322278319927534
toy.floorssl.s0.e24wz18.extL,8,student.h.cls.L03,student.z.proj.tap1,0,6.246552538933724,2.4993104126806105,25.40141838709357,5.03998198281438,2.016549027781146,4.066469981445086
toy.floorssl.s0.e24wz18.extL,8,student.h.cls.L03,student.z.proj.tap2,0,0.46573966155267005,0.6824512155111675,2.355870592073108,1.5348845533371909,2.2490758583930957,5.058342216806642
toy.floorssl.s0.e24wz18.extL,8,student.h.cls.L06,student.z.proj.out,0,0.08439461030720931,0.29050750473474746,0.21216028767822256,0.4606086057361744,1.5855308321784682,2.513908019788546
toy.floorssl.s0.e24wz18.extL,8,student.h.cls.L06,student.z.proj.tap1,0,2.905289682144954,1.7044910331664858,6.871375267355016,2.621330819899506,1.5378965150844932,2.3651256911090286
toy.floorssl.s0.e24wz18.extL,8,student.h.cls.L06,student.z.proj.tap2,0,0.21661686583774875,0.46542117037984937,0.637290039192666,0.7983044777480995,1.71523026573237,2.9420148644843365
toy.floorssl.s0.e24wz18.extL,8,student.h.cls.L09,student.z.proj.out,0,0.0684713294877475,0.26167026863544796,0.11980174834272905,0.34612389160924595,1.3227482564763846,1.7496629500113154
toy.floorssl.s0.e24wz18.extL,8,student.h.cls.L09,student.z.proj.tap1,0,2.3571297546059893,1.535294680055262,3.8800982952881657,1.9697965111371696,1.283008751822333,1.6461114572527007
toy.floorssl.s0.e24wz18.extL,8,student.h.cls.L09,student.z.proj.tap2,0,0.17574635085568588,0.41922112405708506,0.3598621671011459,0.59988512825469,1.4309515762211547,2.0476224134898073
toy.floorssl.s0.e24wz18.extL,8,student.h.gap,student.z.proj.out,0,0.2591324189746243,0.509050507292375,0.47050259077390044,0.6859319140949052,1.3474731962126065,1.8156840145114177
toy.floorssl.s0.e24wz18.extL,8,student.h.gap,student.z.proj.tap1,0,8.920649558256539,2.986745646729319,15.238477949151521,3.903649311753237,1.3069908768521976,1.7082251521748768
toy.floorssl.s0.e24wz18.extL,8,student.h.gap,student.z.proj.tap2,0,0.6651189244302067,0.8155482355018657,1.413302262152466,1.188823898713542,1.4576990629891715,2.1248865582395093
toy.floorssl.s0.e24wz18.extL,8,student.h.gap.L03,student.z.proj.out,0,0.2636048161431802,0.5134245963558624,0.9804298250499842,0.9901665642961209,1.928553036461505,3.719316814444891
toy.floorssl.s0.e24wz18.extL,8,student.h.gap.L03,student.z.proj.tap1,0,9.074612107534994,3.0124096845440853,31.753827848514856,5.635053491184876,1.870613256920835,3.4991939569679733
toy.floorssl.s0.e24wz18.extL,8,student.h.gap.L03,student.z.proj.tap2,0,0.676598290872064,0.8225559499949313,2.945028819811024,1.7161086270428874,2.086312337845787,4.352699171047553
toy.floorssl.s0.e24wz18.extL,8,student.h.gap.L06,student.z.proj.out,0,0.2395344140360759,0.4894225311896418,0.5907398065261502,0.76859599694908,1.5704140041956178,2.4662001445737145
toy.floorssl.s0.e24wz18.extL,8,student.h.gap.L06,student.z.proj.tap1,0,8.245987025526924,2.871582669108957,19.132680014849626,4.374091907453435,1.5232338440079458,2.3202413435312232
toy.floorssl.s0.e24wz18.extL,8,student.h.gap.L06,student.z.proj.tap2,0,0.6148164419493032,0.7841023159953701,1.7744724923483486,1.3320932746427139,1.6988768525083398,2.8861825599886433
toy.floorssl.s0.e24wz18.extL,8,student.h.gap.L09,student.z.proj.out,0,0.2171780078345808,0.4660236129581642,0.4565501151000628,0.6756849229486054,1.4498941773777951,2.102193125594033
toy.floorssl.s0.e24wz18.extL,8,student.h.gap.L09,student.z.proj.tap1,0,7.47636635863113,2.734294490107298,14.78658991057105,3.8453335239704565,1.40633481063686,1.9777775996090126
toy.floorssl.s0.e24wz18.extL,8,student.h.gap.L09,student.z.proj.tap2,0,0.5574339310859312,0.7466149818252585,1.37139162059781,1.1710643110426557,1.5684982749472034,2.460186838512353
toy.floorssl.s0.e24wz25.extL,8,student.h.cls,student.z.proj.out,1,0.11811079194346749,0.3436725068193083,0.14195514268613768,0.37676934945154134,1.096303434157549,1.2018812197456354
toy.floorssl.s0.e24wz25.extL,8,student.h.cls,student.z.proj.tap1,0,2.1265325200903034,1.458263529027008,2.997391030109006,1.7312974990188734,1.187232255732296,1.4095204290511962
toy.floorssl.s0.e24wz25.extL,8,student.h.cls,student.z.proj.tap2,0,0.28763804763317713,0.5363189793706513,0.4062534745598949,0.6373801648623018,1.1884348482506466,1.4123773885365378
toy.floorssl.s0.e24wz25.extL,8,student.h.cls.L03,student.z.proj.out,0,0.3407916525405026,0.5837736312480228,1.3928284782452514,1.1801815446130528,2.021642433711843,4.087038129784344
toy.floorssl.s0.e24wz25.extL,8,student.h.cls.L03,student.z.proj.tap1,0,6.135802832052521,2.4770552743232277,29.409653698867924,5.423066816743818,2.189320066031021,4.793122351526074
toy.floorssl.s0.e24wz25.extL,8,student.h.cls.L03,student.z.proj.tap2,0,0.8299380943390229,0.9110093821355645,3.9860578352147322,1.996511416249537,2.1915377112465815,4.802837539815904
toy.floorssl.s0.e24wz25.extL,8,student.h.cls.L06,student.z.proj.out,0,0.12162718947965952,0.34875089889441074,0.3128945434898508,0.5593697734860642,1.6039235318370357,2.5725706959805903
toy.floorssl.s0.e24wz25.extL,8,student.h.cls.L06,student.z.proj.tap1,0,2.1898437009843987,1.4798120492090874,6.606786343064388,2.570366966614765,1.7369550193813763,3.0170127393541577
toy.floorssl.s0.e24wz25.extL,8,student.h.cls.L06,student.z.proj.tap2,0,0.296201614986925,0.5442440766668251,0.8954553745519015,0.9462850387446171,1.738714446907822,3.0231279278859735
toy.floorssl.s0.e24wz25.extL,8,student.h.cls.L09,student.z.proj.out,0,0.0858492601381987,0.2930004439215045,0.15620561933309518,0.39522856593760425,1.348900911711543,1.8195336696162323
toy.floorssl.s0.e24wz25.extL,8,student.h.cls.L09,student.z.proj.tap1,0,1.5456779224455013,1.2432529599584716,3.2982906669105367,1.8161196730696292,1.4607804940438613,2.1338796517790275
toy.floorssl.s0.e24wz25.extL,8,student.h.cls.L09,student.z.proj.tap2,0,0.20907076458113585,0.4572425664580408,0.4470361157690356,0.6686075947587161,1.4622601739334595,2.1382048162719114
toy.floorssl.s0.e24wz25.extL,8,student.h.gap,student.z.proj.out,0,0.40807670963546505,0.6388088208810716,0.723693316040927,0.8507016610075044,1.3316999283669588,1.773424699212563
toy.floorssl.s0.e24wz25.extL,8,student.h.gap,student.z.proj.tap1,0,7.347240497266519,2.710579365609227,15.280826132850938,3.909069727294582,1.4421528389433393,2.079804810872333
toy.floorssl.s0.e24wz25.extL,8,student.h.gap,student.z.proj.tap2,0,0.9937990094952376,0.9968946832515647,2.0710973804410746,1.4391307725294025,1.4436136501755623,2.084020370973211
toy.floorssl.s0.e24wz25.extL,8,student.h.gap.L03,student.z.proj.out,0,0.4005871741466776,0.6329195637256583,1.6079543243962917,1.2680513887048472,2.003495327653499,4.013993527929401
toy.floorssl.s0.e24wz25.extL,8,student.h.gap.L03,student.z.proj.tap1,0,7.212394726484624,2.6855902007723786,33.952048355350534,5.8268386244472685,2.169667815577918,4.707458429954654
toy.floorssl.s0.e24wz25.extL,8,student.h.gap.L03,student.z.proj.tap2,0,0.9755595638846677,0.987704188451516,4.601714449077105,2.1451607047205354,2.1718655542846634,4.716999985888229
toy.floorssl.s0.e24wz25.extL,8,student.h.gap.L06,student.z.proj.out,0,0.34792628195218445,0.5898527629435879,0.8982493484846031,0.9477601745613724,1.6067741546749592,2.58172318413143
toy.floorssl.s0.e24wz25.extL,8,student.h.gap.L06,student.z.proj.tap1,0,6.264258676036669,2.5028501105812686,18.96658683160148,4.355064503724541,1.740042076556118,3.027746428185728
toy.floorssl.s0.e24wz25.extL,8,student.h.gap.L06,student.z.proj.tap2,0,0.8473132286582024,0.9204961861182274,2.5706495160225504,1.6033245198719286,1.7418046310796986,3.033883372850685
toy.floorssl.s0.e24wz25.extL,8,student.h.gap.L09,student.z.proj.out,0,0.34942987919581375,0.5911259419073179,0.7480806700531235,0.8649165682614269,1.4631680103070768,2.14086062638597
toy.floorssl.s0.e24wz25.extL,8,student.h.gap.L09,student.z.proj.tap1,0,6.291330278750385,2.508252435212689,15.795766520222964,3.9743888234825446,1.5845250532550696,2.510719644392982
toy.floorssl.s0.e24wz25.extL,8,student.h.gap.L09,student.z.proj.tap2,0,0.8509749751291867,0.9224830486947643,2.1408901834019534,1.4631781106215174,1.5861300786955286,2.515808626542684
toy.floorssl.s0.e24wt05.extL,8,student.h.cls,student.z.proj.out,1,0.16881089868233543,0.41086603495827617,0.20525190502994758,0.453047354070132,1.102664410106665,1.2158688013158796
toy.floorssl.s0.e24wt05.extL,8,student.h.cls,student.z.proj.tap1,0,1.8642471372651912,1.3653743579199045,2.790054647168098,1.6703456669707915,1.223360946601853,1.4966120056705814
toy.floorssl.s0.e24wt05.extL,8,student.h.cls,student.z.proj.tap2,0,0.39026248865082797,0.6247099236052105,0.5615833966597767,0.7493886819666926,1.1995786422632109,1.4389889189740483
toy.floorssl.s0.e24wt05.extL,8,student.h.cls.L03,student.z.proj.out,0,0.6222150180309008,0.7888060712436872,2.6573361458990847,1.6301337815955734,2.066583715596141,4.2707682535671525
toy.floorssl.s0.e24wt05.extL,8,student.h.cls.L03,student.z.proj.tap1,0,6.871372495387918,2.6213302911666663,36.122018267609924,6.010159587532591,2.29278988908249,5.256885475478896
toy.floorssl.s0.e24wt05.extL,8,student.h.cls.L03,student.z.proj.tap2,0,1.438456778016483,1.1993568184725023,7.27065533770841,2.6964152754552497,2.2482177396459853,5.054483004858904
toy.floorssl.s0.e24wt05.extL,8,student.h.cls.L06,student.z.proj.out,0,0.2026717683196845,0.4501908132333272,0.5399749552776165,0.7348298818622012,1.6322631654443596,2.6642830412664407
toy.floorssl.s0.e24wt05.extL,8,student.h.cls.L06,student.z.proj.tap1,0,2.238186437271674,1.4960569632442724,7.340051889442307,2.709253013183211,1.810929048656051,3.2794640192663094
toy.floorssl.s0.e24wt05.extL,8,student.h.cls.L06,student.z.proj.tap2,0,0.46854314088181986,0.684502111670826,1.4774087940950906,1.2154870604391848,1.7757243399472626,3.1531969314811414
toy.floorssl.s0.e24wt05.extL,8,student.h.cls.L09,student.z.proj.out,0,0.122682634931345,0.3502608098707947,0.2299206176367803,0.4795003833541536,1.3689809702976283,1.8741088970370359
toy.floorssl.s0.e24wt05.extL,8,student.h.cls.L09,student.z.proj.tap1,0,1.3548340346987504,1.1639733822982166,3.1253843301657076,1.7678756546108405,1.5188282494228897,2.306839251245
toy.floorssl.s0.e24wt05.extL,8,student.h.cls.L09,student.z.proj.tap2,0,0.28362167843584707,0.5325614316075161,0.6290786991513548,0.7931448160023205,1.4893020202537828,2.2180205075319988
toy.floorssl.s0.e24wt05.extL,8,student.h.gap,student.z.proj.out,0,0.6332881571813977,0.7957940419363528,1.1349711460923395,1.0653502457372128,1.3387260894099768,1.7921875424669294
toy.floorssl.s0.e24wt05.extL,8,student.h.gap,student.z.proj.tap1,0,6.9936576566126005,2.6445524492081076,15.428024992482296,3.9278524657224967,1.485261699724906,2.2060023166697165
toy.floorssl.s0.e24wt05.extL,8,student.h.gap,student.z.proj.tap2,0,1.4640560187988083,1.2099818258134327,3.1053594910136293,1.7622030220759552,1.4563880088787957,2.121066032405943
toy.floorssl.s0.e24wt05.extL,8,student.h.gap.L03,student.z.proj.out,0,0.5678656872762161,0.7535686347481668,2.228028514785173,1.4926582042735614,1.9807860033510933,3.923513191071599
toy.floorssl.s0.e24wt05.extL,8,student.h.gap.L03,student.z.proj.tap1,0,6.27117081965155,2.504230584361502,30.286302632817975,5.503299249797159,2.197600845610758,4.829449476629119
toy.floorssl.s0.e24wt05.extL,8,student.h.gap.L03,student.z.proj.tap2,0,1.312810239538279,1.1457793153737237,6.096039990495257,2.469015996403275,2.154879184215283,4.643504298564324
toy.floorssl.s0.e24wt05.extL,8,student.h.gap.L06,student.z.proj.out,0,0.5344479855833143,0.7310594952418813,1.4019746639113928,1.1840501103886578,1.6196357725945385,2.623220035867908
toy.floorssl.s0.e24wt05.extL,8,student.h.gap.L06,student.z.proj.tap1,0,5.902125602777212,2.4294290693035703,19.057489019101617,4.365488405562615,1.796919474094398,3.2289195963796873
toy.floorssl.s0.e24wt05.extL,8,student.h.gap.L06,student.z.proj.tap2,0,1.235554117276858,1.1115548197353373,3.8358995677795686,1.95854526824875,1.76198711343367,3.1045985879063163
toy.floorssl.s0.e24wt05.extL,8,student.h.gap.L09,student.z.proj.out,0,0.5375757219775908,0.7331955550721723,1.1554728871507516,1.0749292475092262,1.4660880580535098,2.1494141939671114
toy.floorssl.s0.e24wt05.extL,8,student.h.gap.L09,student.z.proj.tap1,0,5.936666462784851,2.43652754197133,15.706711701415465,3.963169401049552,1.6265645812659506,2.645712337028877
toy.floorssl.s0.e24wt05.extL,8,student.h.gap.L09,student.z.proj.tap2,0,1.2427849193080178,1.1148026369308686,3.16145367137869,1.778047713470786,1.5949439430515508,2.5438461814768285
toy.floorssl.s0.e24wt2.extL,8,student.h.cls,student.z.proj.out,1,0.17496946096497779,0.41829351054609704,0.21040992900066913,0.45870462064455936,1.0966094598161569,1.2025523073582836
toy.floorssl.s0.e24wt2.extL,8,student.h.cls,student.z.proj.tap1,0,1.9460756616879085,1.395018158192899,2.9016858228874387,1.7034335393221065,1.2210834169561833,1.4910447111653882
toy.floorssl.s0.e24wt2.extL,8,student.h.cls,student.z.proj.tap2,0,0.4027918700475066,0.6346588611588958,0.5761778055643062,0.7590637691026402,1.1960185472185472,1.4304603652907641
toy.floorssl.s0.e24wt2.extL,8,student.h.cls.L03,student.z.proj.out,0,0.508440629562362,0.7130502293403754,2.220441003009309,1.4901144261462973,2.0897748360936146,4.367158865570093
toy.floorssl.s0.e24wt2.extL,8,student.h.cls.L03,student.z.proj.tap1,0,5.6550664850173105,2.3780383691221867,30.621283936508465,5.53365014583579,2.3269810183417876,5.414840659722984
toy.floorssl.s0.e24wt2.extL,8,student.h.cls.L03,student.z.proj.tap2,0,1.1704656964711555,1.0818806294925312,6.080363367713707,2.465839282620363,2.2792156689014704,5.194824065365977
toy.floorssl.s0.e24wt2.extL,8,student.h.cls.L06,student.z.proj.out,0,0.18236516501838956,0.4270423456969924,0.4756695702078419,0.6896880238251509,1.6150342718342938,2.6083356991993276
toy.floorssl.s0.e24wt2.extL,8,student.h.cls.L06,student.z.proj.tap1,0,2.028333443017372,1.4241957179465792,6.559783822020427,2.5612074929650714,1.7983535975363334,3.234075661771872
toy.floorssl.s0.e24wt2.extL,8,student.h.cls.L06,student.z.proj.tap2,0,0.4198172952249204,0.6479330947134283,1.3025537836439243,1.1412947838503094,1.761439249148229,3.102668228439876
toy.floorssl.s0.e24wt2.extL,8,student.h.cls.L09,student.z.proj.out,0,0.12684823849690383,0.35615760345232533,0.23619654647424526,0.48600056221597654,1.3645660165753888,1.8620404135924244
toy.floorssl.s0.e24wt2.extL,8,student.h.cls.L09,student.z.proj.tap1,0,1.4108534615433201,1.1877935264781165,3.2572995655405217,1.8047990374389393,1.519455189144096,2.3087440718169208
toy.floorssl.s0.e24wt2.extL,8,student.h.cls.L09,student.z.proj.tap2,0,0.29201346860539834,0.5403827056868108,0.6467908072387853,0.8042330553010025,1.4882657176802978,2.214934846422452
toy.floorssl.s0.e24wt2.extL,8,student.h.gap,student.z.proj.out,0,0.5664815537249902,0.7526496885836002,1.0512454386177412,1.025302608315097,1.3622574005771506,1.8557452254272158
toy.floorssl.s0.e24wt2.extL,8,student.h.gap,student.z.proj.tap1,0,6.3006193104750805,2.5101034461701137,14.497338600415985,3.807537078009351,1.5168845267388664,2.3009386674597954
toy.floorssl.s0.e24wt2.extL,8,student.h.gap,student.z.proj.tap2,0,1.3040799412303024,1.141963196092721,2.8786868224756184,1.6966693320961566,1.4857478226105605,2.207446592392022
toy.floorssl.s0.e24wt2.extL,8,student.h.gap.L03,student.z.proj.out,0,0.5897587438650317,0.7679575143619807,2.383991115338391,1.544017848128185,2.0105511297860734,4.042315845484056
toy.floorssl.s0.e24wt2.extL,8,student.h.gap.L03,student.z.proj.tap1,0,6.559516908685568,2.5611553855019356,32.87674328926285,5.733824490622542,2.2387647868146923,5.012067770681434
toy.floorssl.s0.e24wt2.extL,8,student.h.gap.L03,student.z.proj.tap2,0,1.3576656520980712,1.1651891057240757,6.528222198659211,2.5550385904442248,2.192810229594847,4.808416703015806
toy.floorssl.s0.e24wt2.extL,8,student.h.gap.L06,student.z.proj.out,0,0.507754196397961,0.7125687309993058,1.3546270915404397,1.1638844837613567,1.6333645206815712,2.6678796574213393
toy.floorssl.s0.e24wt2.extL,8,student.h.gap.L06,student.z.proj.tap1,0,5.647431719114457,2.376432561448874,18.681163220247267,4.322171123434063,1.8187644764465363,3.3079042207838434
toy.floorssl.s0.e24wt2.extL,8,student.h.gap.L06,student.z.proj.tap2,0,1.1688854795782941,1.0811500726440775,3.709454533199557,1.925994427094626,1.7814311591214935,3.1734969746889488
toy.floorssl.s0.e24wt2.extL,8,student.h.gap.L09,student.z.proj.out,0,0.4907071075778439,0.7005048947565206,1.079116748193678,1.0388054428975997,1.4829381645629536,2.1991055999173423
toy.floorssl.s0.e24wt2.extL,8,student.h.gap.L09,student.z.proj.tap1,0,5.457827633507184,2.3361993993465506,14.881701563922071,3.8576808530413804,1.6512635240469618,2.726671225847991
toy.floorssl.s0.e24wt2.extL,8,student.h.gap.L09,student.z.proj.tap2,0,1.1296418953159222,1.0628461296518523,2.955008458369596,1.7190138040078666,1.6173684563079225,2.615880723459873
toy.floorssl.s1.e24wrep.extL,8,student.h.cls,student.z.proj.out,1,0.16665996806382774,0.4082400863019551,0.20465184377429105,0.4523846192945678,1.1081337538224043,1.227960416360533
toy.floorssl.s1.e24wrep.extL,8,student.h.cls,student.z.proj.tap1,0,1.882822724269876,1.3721598756230544,2.8288814974654346,1.6819279109002963,1.2257521450527664,1.5024683211014582
toy.floorssl.s1.e24wrep.extL,8,student.h.cls,student.z.proj.tap2,0,0.39127525807642033,0.6255199901493319,0.5682069779837398,0.753795050384214,1.2050694817990688,1.4521924559634762
toy.floorssl.s1.e24wrep.extL,8,student.h.cls.L03,student.z.proj.out,0,0.3820536842730035,0.6181049136457366,1.814496089640633,1.3470323268729052,2.1792939954606947,4.74932231865104
toy.floorssl.s1.e24wrep.extL,8,student.h.cls.L03,student.z.proj.tap1,0,4.316209627285814,2.0775489470252713,25.081593796286093,5.008152732923198,2.4106063734835694,5.811023087879606
toy.floorssl.s1.e24wrep.extL,8,student.h.cls.L03,student.z.proj.tap2,0,0.8969649739505254,0.9470823480302679,5.037869782375914,2.2445199447489688,2.369931135784653,5.616573588361536
toy.floorssl.s1.e24wrep.extL,8,student.h.cls.L06,student.z.proj.out,0,0.16159217880595036,0.4019852967534389,0.4210949528978225,0.6489182944699761,1.614283655921862,2.6059117217764527
toy.floorssl.s1.e24wrep.extL,8,student.h.cls.L06,student.z.proj.tap1,0,1.825569930528262,1.3511365328967544,5.820752449425887,2.412623561483616,1.785625288593965,3.18845767126628
toy.floorssl.s1.e24wrep.extL,8,student.h.cls.L06,student.z.proj.tap2,0,0.3793773765828065,0.6159361789851335,1.1691518933695266,1.0812732741400422,1.7554956358005072,3.0817649273146275
toy.floorssl.s1.e24wrep.extL,8,student.h.cls.L09,student.z.proj.out,0,0.12229388743354003,0.34970542951681494,0.23156583004446624,0.4812128739388279,1.37605205216206,1.893519250259417
toy.floorssl.s1.e24wrep.extL,8,student.h.cls.L09,student.z.proj.tap1,0,1.3816017906050893,1.1754155820836685,3.200910775963935,1.7891089335096213,1.5221075513888065,2.316811397994828
toy.floorssl.s1.e24wrep.extL,8,student.h.cls.L09,student.z.proj.tap2,0,0.2871149738154346,0.5358311056811041,0.6429324948519793,0.8018307145850546,1.4964243510384374,2.2392858383808085
toy.floorssl.s1.e24wrep.extL,8,student.h.gap,student.z.proj.out,0,0.5414738013395727,0.735849034340314,0.9955305025088959,0.9977627486075514,1.355934032721864,1.8385571010933772
toy.floorssl.s1.e24wrep.extL,8,student.h.gap,student.z.proj.tap1,0,6.117240928358333,2.4733056682016343,13.761116278121046,3.7095978593536314,1.499854185856016,2.249562578829812
toy.floorssl.s1.e24wrep.extL,8,student.h.gap,student.z.proj.tap2,0,1.2712429014724225,1.1274940804600362,2.7640473102459993,1.6625424235928536,1.474546476478625,2.174287311295528
toy.floorssl.s1.e24wrep.extL,8,student.h.gap.L03,student.z.proj.out,0,0.5872730555800486,0.7663374293221287,2.3056528466124595,1.5184376334286698,1.9814217279871333,3.926032064139518
toy.floorssl.s1.e24wrep.extL,8,student.h.gap.L03,student.z.proj.tap1,0,6.634652983817004,2.575782014033215,31.870803395028396,5.645423225501202,2.191731751656064,4.803688071217358
toy.floorssl.s1.e24wrep.extL,8,student.h.gap.L03,student.z.proj.tap2,0,1.3787679132124147,1.174209484381903,6.4015452394270085,2.5301275144598954,2.1547496831808846,4.642946197168124
toy.floorssl.s1.e24wrep.extL,8,student.h.gap.L06,student.z.proj.out,0,0.5120752134189606,0.7155943078441587,1.2727386710134219,1.128157201374623,1.5765318267739936,2.4854526008313456
toy.floorssl.s1.e24wrep.extL,8,student.h.gap.L06,student.z.proj.tap1,0,5.78511360323383,2.4052263101907543,17.592936428706203,4.194393451824257,1.7438664436909503,3.0410701734313217
toy.floorssl.s1.e24wrep.extL,8,student.h.gap.L06,student.z.proj.tap2,0,1.2022224869760365,1.0964590676245223,3.5337037804417055,1.8798148261043441,1.7144414065332705,2.939309336435779
toy.floorssl.s1.e24wrep.extL,8,student.h.gap.L09,student.z.proj.out,0,0.4951373143321868,0.7036599422534914,1.0893198261368227,1.0437048558557265,1.4832517714639708,2.200035817551008
toy.floorssl.s1.e24wrep.extL,8,student.h.gap.L09,student.z.proj.tap1,0,5.593759544592981,2.3651130088418566,15.057556502541686,3.8804067444717294,1.640685552853087,2.6918490833408395
toy.floorssl.s1.e24wrep.extL,8,student.h.gap.L09,student.z.proj.tap2,0,1.1624566037021862,1.0781728079033464,3.024449304007357,1.7390943919199315,1.6130015329377831,2.6017739452596387
toy.floorssl.s0.e24v1.extL,8,student.h.cls,student.z.proj.out,1,0.3210058826070417,0.5665738103787024,0.5797126382600221,0.7613886249872808,1.3438471934986949,1.8059252794743184
toy.floorssl.s0.e24v1.extL,8,student.h.cls,student.z.proj.tap1,0,0.870068308130319,0.9327745215915361,1.3652156869258196,1.1684244463917295,1.2526333206422902,1.5690902359833308
toy.floorssl.s0.e24v1.extL,8,student.h.cls,student.z.proj.tap2,0,0.3341469355681612,0.5780544399692482,0.6731040907616229,0.8204292113044385,1.4192940224593453,2.014395522188828
toy.floorssl.s0.e24v1.extL,8,student.h.cls.L03,student.z.proj.out,0,1.7886274415675802,1.337395768487242,6.548401166797993,2.558984401437022,1.9134084776801308,3.661132002458195
toy.floorssl.s0.e24v1.extL,8,student.h.cls.L03,student.z.proj.tap1,0,4.847973623789372,2.2018114414702663,15.42139916774776,3.9270089340040673,1.7835355289923442,3.180998983178001
toy.floorssl.s0.e24v1.extL,8,student.h.cls.L03,student.z.proj.tap2,0,1.8618486789681552,1.364495759967086,7.603345730997979,2.7574164957434304,2.020831853526569,4.083761380227627
toy.floorssl.s0.e24v1.extL,8,student.h.cls.L06,student.z.proj.out,0,0.7383279021513551,0.8592600899328183,1.7877847203615074,1.3370806708503071,1.556083759173369,2.4213966655631234
toy.floorssl.s0.e24v1.extL,8,student.h.cls.L06,student.z.proj.tap1,0,2.001196063614273,1.4146363715154058,4.21020965216403,2.051879541338631,1.4504642907919785,2.1038466588626776
toy.floorssl.s0.e24v1.extL,8,student.h.cls.L06,student.z.proj.tap2,0,0.7685529123164194,0.8766714962381402,2.075796056971078,1.4407623180008138,1.6434460618181697,2.7009149581056513
toy.floorssl.s0.e24v1.extL,8,student.h.cls.L09,student.z.proj.out,0,0.41275974429598483,0.6424638077712899,0.8442048851200289,0.9188062282766856,1.43012916395093,2.045269425582986
toy.floorssl.s0.e24v1.extL,8,student.h.cls.L09,student.z.proj.tap1,0,1.1187619661896893,1.0577154467009022,1.9880914716720828,1.4099969757669988,1.3330588866456383,1.777045995264909
toy.floorssl.s0.e24v1.extL,8,student.h.cls.L09,student.z.proj.tap2,0,0.429656935138595,0.6554822157302171,0.980205922922043,0.9900534949799648,1.51042007124027,2.2813687916054626
toy.floorssl.s0.e24v1.extL,8,student.h.gap,student.z.proj.out,0,2.0454278466976836,1.430184549873786,4.464149153768313,2.112853320457507,1.4773291465384426,2.1825014072120035
toy.floorssl.s0.e24v1.extL,8,student.h.gap,student.z.proj.tap1,0,5.544016612796664,2.354573552216338,10.513012915836256,3.242377663973809,1.3770551618240126,1.8962809187061573
toy.floorssl.s0.e24v1.extL,8,student.h.gap,student.z.proj.tap2,0,2.129161750398467,1.4591647440911073,5.183321630162064,2.2766909386568184,1.5602699749128988,2.434442394614697
toy.floorssl.s0.e24v1.extL,8,student.h.gap.L03,student.z.proj.out,0,2.085554527664184,1.4441449122799914,7.098552693021218,2.6643109227380384,1.8449055216568742,3.4036763838400237
toy.floorssl.s0.e24v1.extL,8,student.h.gap.L03,student.z.proj.tap1,0,5.652777714418427,2.3775570896233864,16.716998822156608,4.088642662566222,1.719682223577596,2.957306950088785
toy.floorssl.s0.e24v1.extL,8,student.h.gap.L03,student.z.proj.tap2,0,2.1709311016969006,1.4734079888805072,8.242126427501452,2.8709103830495044,1.948482976009121,3.7965859077973603
toy.floorssl.s0.e24v1.extL,8,student.h.gap.L06,student.z.proj.out,0,2.234067952841898,1.4946798830659018,6.192631129430596,2.4884997748504207,1.6649048421967025,2.7719081335700264
toy.floorssl.s0.e24v1.extL,8,student.h.gap.L06,student.z.proj.tap1,0,6.05531496242641,2.4607549578181103,14.583565379252187,3.8188434609515203,1.5518991229982497,2.408390887962737
toy.floorssl.s0.e24v1.extL,8,student.h.gap.L06,student.z.proj.tap2,0,2.3255242372208786,1.5249669626653815,7.190261296197369,2.6814662586348854,1.7583766234175597,3.091888349781339
toy.floorssl.s0.e24v1.extL,8,student.h.gap.L09,student.z.proj.out,0,2.204247209106926,1.484670740974889,5.304222982786945,2.3030898772707387,1.551246221609005,2.4063648400562148
toy.floorssl.s0.e24v1.extL,8,student.h.gap.L09,student.z.proj.tap1,0,5.9744875213902695,2.444276482190644,12.491375804377698,3.5343140500495562,1.445955101970291,2.0907861569139143
toy.floorssl.s0.e24v1.extL,8,student.h.gap.L09,student.z.proj.tap2,0,2.29448271843475,1.514755002775944,6.158730985651386,2.4816790658043164,1.6383369332046338,2.684147906702365
toy.floorssl.s0.e24v2lr.extL,8,student.h.cls,student.z.proj.out,1,0.36714179054835255,0.6059222644435114,0.5506938886783727,0.7420875209019302,1.224723969473997,1.499948801404144
toy.floorssl.s0.e24v2lr.extL,8,student.h.cls,student.z.proj.tap1,0,1.3411443294687977,1.1580778598474275,1.9404711294566588,1.393007943070196,1.2028620798032699,1.446877183028648
toy.floorssl.s0.e24v2lr.extL,8,student.h.cls,student.z.proj.tap2,0,0.9685372662902857,0.9841429094853479,1.6632149252858848,1.2896569021588202,1.3104366141633221,1.7172441197398318
toy.floorssl.s0.e24v2lr.extL,8,student.h.cls.L03,student.z.proj.out,0,0.8881015948026063,0.9423914233494521,2.3592751100872524,1.5359931998831415,1.6298887721451316,2.6565374095647654
toy.floorssl.s0.e24v2lr.extL,8,student.h.cls.L03,student.z.proj.tap1,0,3.244175543412694,1.8011594997147515,8.313339464429378,2.8832862265875336,1.6007945032320334,2.562543041577893
toy.floorssl.s0.e24v2lr.extL,8,student.h.cls.L03,student.z.proj.tap2,0,2.342853668424533,1.5306383205788796,7.125522284930204,2.6693673941460743,1.743956987263022,3.0413859734235165
toy.floorssl.s0.e24v2lr.extL,8,student.h.cls.L06,student.z.proj.out,0,0.39860408813983167,0.631351002327415,0.8227106944802817,0.9070340095499626,1.4366556894758518,2.063979570103335
toy.floorssl.s0.e24v2lr.extL,8,student.h.cls.L06,student.z.proj.tap1,0,1.456073991776785,1.2066789099743085,2.8989723389986866,1.702636878197664,1.4110107205187792,1.9909512534189242
toy.floorssl.s0.e24v2lr.extL,8,student.h.cls.L06,student.z.proj.tap2,0,1.051536283250327,1.0254444320636429,2.4847646476263847,1.57631362603588,1.5372004340241503,2.362985174364036
toy.floorssl.s0.e24v2lr.extL,8,student.h.cls.L09,student.z.proj.out,0,0.37716828022937066,0.6141402773221852,0.6611684420491268,0.8131226488354182,1.32400150073343,1.7529799739443752
toy.floorssl.s0.e24v2lr.extL,8,student.h.cls.L09,student.z.proj.tap1,0,1.3777704236001433,1.173784658103923,2.3297485225108057,1.526351375834151,1.3003674611829974,1.6909555341035143
toy.floorssl.s0.e24v2lr.extL,8,student.h.cls.L09,student.z.proj.tap2,0,0.9949876164169681,0.9974906598144005,1.9968720255516983,1.4131072236570368,1.4166621108211364,2.0069315362361975
toy.floorssl.s0.e24v2lr.extL,8,student.h.gap,student.z.proj.out,0,1.7958873943048852,1.3401072323903358,3.9862198785447926,1.996551997455812,1.4898449535971703,2.219637985758955
toy.floorssl.s0.e24v2lr.extL,8,student.h.gap,student.z.proj.tap1,0,6.560256165987418,2.5612997024923536,14.046178374243834,3.7478231514098734,1.4632505316589604,2.1411021184002306
toy.floorssl.s0.e24v2lr.extL,8,student.h.gap,student.z.proj.tap2,0,4.737635192243693,2.1766109418643684,12.039248180833068,3.469761977547317,1.5941121634605515,2.5411935896928806
toy.floorssl.s0.e24v2lr.extL,8,student.h.gap.L03,student.z.proj.out,0,1.7562099334052015,1.3252207112044398,5.3489894180130975,2.312788234580308,1.7452098469531974,3.0457574099024027
toy.floorssl.s0.e24v2lr.extL,8,student.h.gap.L03,student.z.proj.tap1,0,6.4153170632667695,2.5328476194328724,18.84814731162864,4.3414453021578705,1.7140570434829234,2.9379915483134202
toy.floorssl.s0.e24v2lr.extL,8,student.h.gap.L03,student.z.proj.tap2,0,4.63296418909877,2.1524321566773645,16.155107616296004,4.019341689418306,1.8673488392883082,3.4869916875913924
toy.floorssl.s0.e24v2lr.extL,8,student.h.gap.L06,student.z.proj.out,0,1.8392989981319317,1.3562075792930564,4.507492522534992,2.123085613566959,1.5654577116237987,2.4506578468824203
toy.floorssl.s0.e24v2lr.extL,8,student.h.gap.L06,student.z.proj.tap1,0,6.718835842299483,2.5920717278461805,15.882978340675432,3.985345448097998,1.5375135669604039,2.3639479685873046
toy.floorssl.s0.e24v2lr.extL,8,student.h.gap.L06,student.z.proj.tap2,0,4.8521570396017015,2.2027612307287647,13.613604569113404,3.689661850239586,1.6750167012059192,2.8056809493187593
toy.floorssl.s0.e24v2lr.extL,8,student.h.gap.L09,student.z.proj.out,0,1.8883804861775244,1.374183570771214,4.472367685815803,2.114797315540145,1.5389481875069182,2.368361523830828
toy.floorssl.s0.e24v2lr.extL,8,student.h.gap.L09,student.z.proj.tap1,0,6.898127225271502,2.62642860654378,15.75920952285898,3.969787087849798,1.5114772501179068,2.2845634776239887
toy.floorssl.s0.e24v2lr.extL,8,student.h.gap.L09,student.z.proj.tap2,0,4.98163630750563,2.231957953794298,13.507519947728206,3.6752578069746624,1.6466519007344087,2.7114624821922413
toy.floorssl.s0.e24v3nq.extL,8,student.h.cls,student.z.proj.out,1,0.4008310506889825,0.6331121943928916,0.5572474466029388,0.7464900847318328,1.1790802504564966,1.3902302370165547
toy.floorssl.s0.e24v3nq.extL,8,student.h.cls,student.z.proj.tap1,0,1.6136118091431946,1.270280208907938,2.1810053994461747,1.4768227379906413,1.1625960379720222,1.3516295475082438
toy.floorssl.s0.e24v3nq.extL,8,student.h.cls,student.z.proj.tap2,0,1.5434554614812277,1.242358829598449,2.604300451425423,1.613784512078804,1.2989681190581677,1.6873181743295145
toy.floorssl.s0.e24v3nq.extL,8,student.h.cls.L03,student.z.proj.out,0,0.5730859984244285,0.7570244371382132,1.699354292328282,1.3035928399344183,1.7219957190053243,2.9652692562726637
toy.floorssl.s0.e24v3nq.extL,8,student.h.cls.L03,student.z.proj.tap1,0,2.3070526425603934,1.518898496463932,6.651086352632325,2.5789700177846826,1.697921239496021,2.882936535531705
toy.floorssl.s0.e24v3nq.extL,8,student.h.cls.L03,student.z.proj.tap2,0,2.206746988902672,1.4855123657858498,7.941946037835709,2.8181458510580515,1.897086766805355,3.5989382007879955
toy.floorssl.s0.e24v3nq.extL,8,student.h.cls.L06,student.z.proj.out,0,0.39664825094828526,0.6298001674724176,0.8340888475685232,0.9132846476145995,1.4501181402982037,2.102842620821921
toy.floorssl.s0.e24v3nq.extL,8,student.h.cls.L06,student.z.proj.tap1,0,1.5967732557295586,1.2636349376815912,3.2645322849922462,1.8068016728441023,1.4298446639652642,2.0444557630699394
toy.floorssl.s0.e24v3nq.extL,8,student.h.cls.L06,student.z.proj.tap2,0,1.5273490119111048,1.2358596246787517,3.8981209792772877,1.9743659689321247,1.5975649090772261,2.5522136387149263
toy.floorssl.s0.e24v3nq.extL,8,student.h.cls.L09,student.z.proj.out,0,0.38635076641012006,0.6215712078355303,0.6506335923347558,0.8066186164072559,1.2977091059544212,1.6840489236770237
toy.floorssl.s0.e24v3nq.extL,8,student.h.cls.L09,student.z.proj.tap1,0,1.555319025507894,1.247124302348364,2.5465085333164095,1.5957783471762015,1.279566394601816,1.6372901581942907
toy.floorssl.s0.e24v3nq.extL,8,student.h.cls.L09,student.z.proj.tap2,0,1.4876971218625914,1.2197119011728104,3.0407413592642443,1.743772163805881,1.4296590548384107,2.043925013081458
toy.floorssl.s0.e24v3nq.extL,8,student.h.gap,student.z.proj.out,0,2.202526167650638,1.4840910240448995,4.645413817732466,2.1553222074048386,1.45228437641951,2.109129909992205
toy.floorssl.s0.e24v3nq.extL,8,student.h.gap,student.z.proj.tap1,0,8.86663402937227,2.9776893775832747,18.181640276506464,4.263993465814232,1.431980614873582,2.050568481373723
toy.floorssl.s0.e24v3nq.extL,8,student.h.gap,student.z.proj.tap2,0,8.481131979851222,2.912238310964819,21.71037907186484,4.659439780903369,1.5999514062294256,2.5598445022955163
toy.floorssl.s0.e24v3nq.extL,8,student.h.gap.L03,student.z.proj.out,0,2.0031440455420797,1.4153247138173204,6.190828185615104,2.488137493310027,1.7579976305219647,3.090555668920842
toy.floorssl.s0.e24v3nq.extL,8,student.h.gap.L03,student.z.proj.tap1,0,8.063988260753815,2.8397162289133426,24.230222645579907,4.922420405205137,1.733419823814146,3.0047442855918645
toy.floorssl.s0.e24v3nq.extL,8,student.h.gap.L03,student.z.proj.tap2,0,7.713383511360054,2.7772978794792706,28.932885626989293,5.378929784537933,1.936749321807157,3.750997935520482
toy.floorssl.s0.e24v3nq.extL,8,student.h.gap.L06,student.z.proj.out,0,2.285296089277048,1.5117195802386922,5.460258401804928,2.336719581337249,1.5457361351159409,2.3893001994031664
toy.floorssl.s0.e24v3nq.extL,8,student.h.gap.L06,student.z.proj.tap1,0,9.199838063213111,3.0331234830143514,21.37085262445971,4.6228619516982885,1.5241258648342393,2.3229596518567184
toy.floorssl.s0.e24v3nq.extL,8,student.h.gap.L06,student.z.proj.tap2,0,8.799849023755543,2.9664539476883074,25.518561829952112,5.051590029876941,1.702905259599103,2.8998863231702883
toy.floorssl.s0.e24v3nq.extL,8,student.h.gap.L09,student.z.proj.out,0,2.3837183516412215,1.5439295164097426,5.3395410218551085,2.31074468989006,1.49666462447293,2.240004998148697
toy.floorssl.s0.e24v3nq.extL,8,student.h.gap.L09,student.z.proj.tap1,0,9.596053188165218,3.0977496974683443,20.89837803694464,4.571474383275557,1.475740401818657,2.177809733559892
toy.floorssl.s0.e24v3nq.extL,8,student.h.gap.L09,student.z.proj.tap2,0,9.17883757296151,3.0296596463895926,24.95438817780756,4.995436735442413,1.6488441998411976,2.7186871953499594
toy.floorssl.s0.e24v4oas.extL,8,student.h.cls,student.z.proj.out,1,0.23132107874224642,0.4809585000207881,0.7041108544470628,0.8391131356659022,1.7446684810220296,3.0438681086717163
toy.floorssl.s0.e24v4oas.extL,8,student.h.cls,student.z.proj.tap1,0,0.7346954453405637,0.8571437716862695,1.3258243090471495,1.1514444446203862,1.3433504187461285,1.8045903475453988
toy.floorssl.s0.e24v4oas.extL,8,student.h.cls,student.z.proj.tap2,0,0.25946959449399165,0.5093815804423946,0.7318044803399313,0.8554557150080484,1.6794005669877006,2.82038626439861
toy.floorssl.s0.e24v4oas.extL,8,student.h.cls.L03,student.z.proj.out,0,0.7369211072297832,0.8584410912985138,7.676636700690631,2.770674412609795,3.2275649904162407,10.417175767360588
toy.floorssl.s0.e24v4oas.extL,8,student.h.cls.L03,student.z.proj.tap1,0,2.3405241926107627,1.529877182198219,14.45492777908077,3.80196367408748,2.4851430679060074,6.175936067961284
toy.floorssl.s0.e24v4oas.extL,8,student.h.cls.L03,student.z.proj.tap2,0,0.826594022069354,0.9091721630523858,7.978569135848644,2.824636106801838,3.106822031724573,9.652343136809204
toy.floorssl.s0.e24v4oas.extL,8,student.h.cls.L06,student.z.proj.out,0,0.32192211193399384,0.5673818043733813,1.9501116634181448,1.3964639857218462,2.461242103567468,6.057712692373213
toy.floorssl.s0.e24v4oas.extL,8,student.h.cls.L06,student.z.proj.tap1,0,1.0224520423227885,1.0111637069845756,3.6720147578843148,1.9162501814440396,1.8950939083430438,3.591380921438913
toy.floorssl.s0.e24v4oas.extL,8,student.h.cls.L06,student.z.proj.tap2,0,0.361095496771552,0.6009122205210607,2.02681217515565,1.4236615381317463,2.369167225285028,5.612953341364758
toy.floorssl.s0.e24v4oas.extL,8,student.h.cls.L09,student.z.proj.out,0,0.22949488935045842,0.4790562486289668,1.0323113569337996,1.0160272422203056,2.1208934130973573,4.498188869719758
toy.floorssl.s0.e24v4oas.extL,8,student.h.cls.L09,student.z.proj.tap1,0,0.7288953123143345,0.853753660205527,1.9438181969273711,1.394208806788772,1.6330340609645402,2.6668002442703376
toy.floorssl.s0.e24v4oas.extL,8,student.h.cls.L09,student.z.proj.tap2,0,0.2574211835859462,0.5073669121907204,1.0729135495336206,1.0358154032131501,2.0415509532158547,4.167930294576564
toy.floorssl.s0.e24v4oas.extL,8,student.h.gap,student.z.proj.out,0,1.3589721073294456,1.165749590319227,6.669141587152353,2.582468119290605,2.215285461591649,4.907489676339327
toy.floorssl.s0.e24v4oas.extL,8,student.h.gap,student.z.proj.tap1,0,4.316211142661713,2.0775493117280543,12.557837989399516,3.54370399291469,1.7057135409060995,2.9094586836304246
toy.floorssl.s0.e24v4oas.extL,8,student.h.gap,student.z.proj.tap2,0,1.524339863598512,1.2346415931753278,6.931447885904426,2.6327643050422167,2.1324118024171774,4.547180095088076
toy.floorssl.s0.e24v4oas.extL,8,student.h.gap.L03,student.z.proj.out,0,1.4677541862891603,1.2115090533252983,11.832002060393775,3.439767733495065,2.8392422855229493,8.061296755901582
toy.floorssl.s0.e24v4oas.extL,8,student.h.gap.L03,student.z.proj.tap1,0,4.661712289297096,2.159099879416674,22.27938378919769,4.720104213806904,2.1861444478808174,4.779227547000123
toy.floorssl.s0.e24v4oas.extL,8,student.h.gap.L03,student.z.proj.tap2,0,1.646359188725996,1.2831052913638834,12.297370597968039,3.506760698703012,2.733026449431506,7.469433573292183
toy.floorssl.s0.e24v4oas.extL,8,student.h.gap.L06,student.z.proj.out,0,1.2678308178398305,1.1259799366950685,7.305052283923634,2.7027860225929157,2.4003855970347265,5.761851014451762
toy.floorssl.s0.e24v4oas.extL,8,student.h.gap.L06,student.z.proj.tap1,0,4.026738645669346,2.0066735274252627,13.755242992940563,3.7088061411916047,1.848235943965597,3.4159761045664023
toy.floorssl.s0.e24v4oas.extL,8,student.h.gap.L06,student.z.proj.tap2,0,1.4221079634443519,1.1925216825887703,7.592369804738867,2.7554255215372576,2.3105873559931234,5.338813929675292
toy.floorssl.s0.e24v4oas.extL,8,student.h.gap.L09,student.z.proj.out,0,1.2559222859288464,1.1206793858766415,6.686042370371351,2.5857382640884885,2.3072952859446216,5.323611536542273
toy.floorssl.s0.e24v4oas.extL,8,student.h.gap.L09,student.z.proj.tap1,0,3.988916134191948,1.9972271113200792,12.589661769834317,3.54819133782753,1.776558768763324,3.1561610588698574
toy.floorssl.s0.e24v4oas.extL,8,student.h.gap.L09,student.z.proj.tap2,0,1.4087503310021967,1.1869078864858034,6.949013399633978,2.6360981392266067,2.220979546299558,4.93275014508099
toy.floorssl.s0.e24va.extL,8,student.h.cls,student.z.proj.out,1,0.15130557751754278,0.38898017625265013,0.5515136926297665,0.7426396788684042,1.9091967257119173,3.645032137469106
toy.floorssl.s0.e24va.extL,8,student.h.cls,student.z.proj.tap1,0,0.6985911046267622,0.8358176264154533,1.2843947985304132,1.1333114305125547,1.3559314791827908,1.8385501762388308
toy.floorssl.s0.e24va.extL,8,student.h.cls,student.z.proj.tap2,0,0.17290661127703102,0.41582040748023785,0.5180996415851173,0.7197913875458064,1.731015059860945,2.996413137465391
toy.floorssl.s0.e24va.extL,8,student.h.cls.L03,student.z.proj.out,0,0.4397233830006788,0.6631164173813515,5.011535511020654,2.2386459101476173,3.3759470456002822,11.397018454697271
toy.floorssl.s0.e24va.extL,8,student.h.cls.L03,student.z.proj.tap1,0,2.030241375768484,1.4248653886485152,11.671133879402028,3.4163041257186144,2.397632894261667,5.748643495645578
toy.floorssl.s0.e24va.extL,8,student.h.cls.L03,student.z.proj.tap2,0,0.5025001807689751,0.7088724714424839,4.707906234694183,2.1697710097367837,3.0608763877112044,9.368964260847992
toy.floorssl.s0.e24va.extL,8,student.h.cls.L06,student.z.proj.out,0,0.23892542634495972,0.4887999860320781,1.6048081303784274,1.2668102187693417,2.5916740077120335,6.716774162250152
toy.floorssl.s0.e24va.extL,8,student.h.cls.L06,student.z.proj.tap1,0,1.1031396215013516,1.0503045375039335,3.7373636282156038,1.9332262227208703,1.8406339815642567,3.387933454089089
toy.floorssl.s0.e24va.extL,8,student.h.cls.L06,student.z.proj.tap2,0,0.2730354458508779,0.522527937866367,1.5075791014314885,1.2278351279514235,2.349798047095874,5.521550862135585
toy.floorssl.s0.e24va.extL,8,student.h.cls.L09,student.z.proj.out,0,0.15888556514138216,0.39860452222896586,0.8156567030734154,0.9031371452184964,2.2657473632467156,5.133611114059445
toy.floorssl.s0.e24va.extL,8,student.h.cls.L09,student.z.proj.tap1,0,0.7335885714358176,0.8564978525576218,1.8995452711583642,1.378239917851157,1.6091574704309426,2.58938776464371
toy.floorssl.s0.e24va.extL,8,student.h.cls.L09,student.z.proj.tap2,0,0.18156875047284451,0.4261088481513198,0.7662392632607264,0.8753509372021752,2.05428951076679,4.220105394046458
toy.floorssl.s0.e24va.extL,8,student.h.gap,student.z.proj.out,0,0.9513158410591278,0.9753542131242002,5.326061204938289,2.3078260777056596,2.36614149675261,5.598625582654683
toy.floorssl.s0.e24va.extL,8,student.h.gap,student.z.proj.tap1,0,4.392308566268023,2.095783520850382,12.403618259519078,3.5218770931875345,1.680458433874174,2.823940547978841
toy.floorssl.s0.e24va.extL,8,student.h.gap,student.z.proj.tap2,0,1.087129774265071,1.0426551559672406,5.003376050703682,2.2368227579993194,2.145314052491578,4.602372383817839
toy.floorssl.s0.e24va.extL,8,student.h.gap.L03,student.z.proj.out,0,1.0126650036824656,1.0063125775237363,9.251629586727354,3.0416491557586576,3.0225689549099504,9.135923087185429
toy.floorssl.s0.e24va.extL,8,student.h.gap.L03,student.z.proj.tap1,0,4.675563023824258,2.1623050256206358,21.545693385167915,4.641733877029996,2.146660078957964,4.608149494591812
toy.floorssl.s0.e24va.extL,8,student.h.gap.L03,student.z.proj.tap2,0,1.157237406699539,1.0757496951891452,8.691109644270337,2.9480687991073644,2.7404783959422976,7.510221838626467
toy.floorssl.s0.e24va.extL,8,student.h.gap.L06,student.z.proj.out,0,0.8726817000480706,0.9341743413560825,5.758365861845146,2.3996595304011663,2.568749134040366,6.59847211363313
toy.floorssl.s0.e24va.extL,8,student.h.gap.L06,student.z.proj.tap1,0,4.02924784946185,2.0072986448114416,13.410392633631279,3.662020293995007,1.8243524965558895,3.3282620316897065
toy.floorssl.s0.e24va.extL,8,student.h.gap.L06,student.z.proj.tap2,0,0.9972694857286107,0.9986338096262367,5.409489064382522,2.3258308331395305,2.3290127078814105,5.424300193473099
toy.floorssl.s0.e24va.extL,8,student.h.gap.L09,student.z.proj.out,0,0.8564060157731899,0.925422074392647,5.045391315875469,2.246194852606396,2.427211231243398,5.891354361074091
toy.floorssl.s0.e24va.extL,8,student.h.gap.L09,student.z.proj.tap1,0,3.9541015895374456,1.9884922905401081,11.74997910162714,3.427824251858187,1.7238307979193281,2.9715926198551874
toy.floorssl.s0.e24va.extL,8,student.h.gap.L09,student.z.proj.tap2,0,0.9786702148996276,0.9892776227630076,4.739710849149387,2.1770876990028185,2.2006842658811094,4.843011238096677
toy.floorssl.s0.e24vb.extL,8,student.h.cls,student.z.proj.out,1,0.196957091273847,0.4437984804771722,0.6451191030921477,0.8031930671340158,1.809814820164374,3.275429683286605
toy.floorssl.s0.e24vb.extL,8,student.h.cls,student.z.proj.tap1,0,0.6983885528517323,0.8356964477917399,1.2865813612294321,1.134275698950406,1.3572819436383121,1.8422142745265944
toy.floorssl.s0.e24vb.extL,8,student.h.cls,student.z.proj.tap2,0,0.2208260242182532,0.4699212957701036,0.6540655184452467,0.8087431721166163,1.7210183479581485,2.961904154008595
toy.floorssl.s0.e24vb.extL,8,student.h.cls.L03,student.z.proj.out,0,0.7840152574512149,0.885446360572573,7.845626120123103,2.8010044841312025,3.1633813281698235,10.006981427413475
toy.floorssl.s0.e24vb.extL,8,student.h.cls.L03,student.z.proj.tap1,0,2.780033343931387,1.6673431992038672,15.646779462804647,3.9556010242192836,2.3723976120261425,5.628270429547343
toy.floorssl.s0.e24vb.extL,8,student.h.cls.L03,student.z.proj.tap2,0,0.8790288844623655,0.93756540276525,7.954428091168934,2.820359567709219,3.00817367982102,9.04910888796794
toy.floorssl.s0.e24vb.extL,8,student.h.cls.L06,student.z.proj.out,0,0.2933323756368825,0.5416016761762121,1.772904964815234,1.3315047746122557,2.458457632577647,6.044013931179288
toy.floorssl.s0.e24vb.extL,8,student.h.cls.L06,student.z.proj.tap1,0,1.0401248921815565,1.0198651343101972,3.535760252687154,1.8803617345306605,1.843735677661414,3.3993612490815934
toy.floorssl.s0.e24vb.extL,8,student.h.cls.L06,student.z.proj.tap2,0,0.32888088399074156,0.5734813719648979,1.7974913460288484,1.3407055403886599,2.3378362505394907,5.465478334336544
toy.floorssl.s0.e24vb.extL,8,student.h.cls.L09,student.z.proj.out,0,0.202993237683156,0.45054770855388443,0.9520734819347467,0.9757425285057256,2.1656808146634465,4.690173391001331
toy.floorssl.s0.e24vb.extL,8,student.h.cls.L09,student.z.proj.tap1,0,0.719792075458274,0.8484056078658804,1.8987501540519196,1.377951433850961,1.6241658719313812,2.6379147795466236
toy.floorssl.s0.e24vb.extL,8,student.h.cls.L09,student.z.proj.tap2,0,0.2275936821103658,0.47706779613632044,0.9652766947604609,0.982484959050499,2.0594241887787317,4.241227989326938
toy.floorssl.s0.e24vb.extL,8,student.h.gap,student.z.proj.out,0,1.0891693790755659,1.0436327798011933,5.438425596740555,2.3320432236004023,2.2345438632587267,4.993186276827235
toy.floorssl.s0.e24vb.extL,8,student.h.gap,student.z.proj.tap1,0,3.862076869349101,1.9652167486944287,10.846023584888346,3.293330166395156,1.6758101459205688,2.8083396451703173
toy.floorssl.s0.e24vb.extL,8,student.h.gap,student.z.proj.tap2,0,1.2211641740134584,1.105062972872342,5.51384487051831,2.348157760994416,2.124908551492728,4.515236352206925
toy.floorssl.s0.e24vb.extL,8,student.h.gap.L03,student.z.proj.out,0,1.383888711909086,1.1763879937797248,11.760912974237552,3.4294187516600467,2.915210602108708,8.498452854647015
toy.floorssl.s0.e24vb.extL,8,student.h.gap.L03,student.z.proj.tap1,0,4.907119761807582,2.2152019686266944,23.455159444463238,4.843052698914522,2.186280423864445,4.779822091772896
toy.floorssl.s0.e24vb.extL,8,student.h.gap.L03,student.z.proj.tap2,0,1.551600098452419,1.2456324090406523,11.924011558506498,3.453116209817807,2.772179163576268,7.6849773149664165
toy.floorssl.s0.e24vb.extL,8,student.h.gap.L06,student.z.proj.out,0,1.245819134592516,1.1161626828525115,7.254477857262601,2.6934137924319392,2.4131014535878763,5.8230586253079215
toy.floorssl.s0.e24vb.extL,8,student.h.gap.L06,student.z.proj.tap1,0,4.417539967186734,2.101794463592179,14.46783384939155,3.8036605854612673,1.809720527553597,3.2750883878488697
toy.floorssl.s0.e24vb.extL,8,student.h.gap.L06,student.z.proj.tap2,0,1.3967980772247557,1.1818621227642232,7.355081872505443,2.7120254188531203,2.2947054200451427,5.265672964784554
toy.floorssl.s0.e24vb.extL,8,student.h.gap.L09,student.z.proj.out,0,1.1331364712973175,1.064488830987586,6.020046012631129,2.4535782059333524,2.3049356033703337,5.3127281356841625
toy.floorssl.s0.e24vb.extL,8,student.h.gap.L09,student.z.proj.tap1,0,4.0179794251355005,2.0044898166704415,12.005967512774847,3.4649628443570424,1.7286008716734316,2.9880609735501475
toy.floorssl.s0.e24vb.extL,8,student.h.gap.L09,student.z.proj.tap2,0,1.2704595718535256,1.1271466505533012,6.103531111453373,2.4705325562423526,2.1918466022408007,4.8041915277545435
toy.floorssl.s0.e24vc.extL,8,student.h.cls,student.z.proj.out,1,0.2574491775039717,0.5073944988901355,0.7316160316202697,0.8553455626939732,1.685760418303586,2.8417881879190814
toy.floorssl.s0.e24vc.extL,8,student.h.cls,student.z.proj.tap1,0,0.6830696913745511,0.8264803030771823,1.2241063963455758,1.1063934184301603,1.338680927193056,1.79206662483046
toy.floorssl.s0.e24vc.extL,8,student.h.cls,student.z.proj.tap2,0,0.3078970530430883,0.5548847204988513,0.8694300992545669,0.9324323563961983,1.6804073385872385,2.8237688235778453
toy.floorssl.s0.e24vc.extL,8,student.h.cls.L03,student.z.proj.out,0,0.7290790439888437,0.8538612557019107,6.9071066482569,2.628137486559046,3.077944418966058,9.473741846244303
toy.floorssl.s0.e24vc.extL,8,student.h.cls.L03,student.z.proj.tap1,0,1.9344081903599375,1.3908300364746,11.556654123129897,3.399507923675116,2.4442295855876126,5.974258267061791
toy.floorssl.s0.e24vc.extL,8,student.h.cls.L03,student.z.proj.tap2,0,0.8719440910863815,0.9337794659802611,8.20819413354897,2.8649946131797472,3.068170502306066,9.413670231221056
toy.floorssl.s0.e24vc.extL,8,student.h.cls.L06,student.z.proj.out,0,0.33616970788905154,0.5798014383295815,1.9402560365157728,1.3929307364387409,2.4024271834367976,5.771656371716064
toy.floorssl.s0.e24vc.extL,8,student.h.cls.L06,student.z.proj.tap1,0,0.8919326946138911,0.944421883807174,3.2463474311615537,1.8017623126154998,1.9077939038771492,3.6396775796708125
toy.floorssl.s0.e24vc.extL,8,student.h.cls.L06,student.z.proj.tap2,0,0.40204308821222784,0.634068677835633,2.3057408879781636,1.5184666239263094,2.3947983507236654,5.735059140628788
toy.floorssl.s0.e24vc.extL,8,student.h.cls.L09,student.z.proj.out,0,0.2503628485402455,0.5003627169766404,1.0838681759208826,1.0410898980976055,2.0806704072362154,4.329189343548518
toy.floorssl.s0.e24vc.extL,8,student.h.cls.L09,student.z.proj.tap1,0,0.664268091054207,0.8150264358008316,1.8134785319040096,1.3466545703720794,1.6522833017666214,2.7300401092968083
toy.floorssl.s0.e24vc.extL,8,student.h.cls.L09,student.z.proj.tap2,0,0.29942213839788023,0.5471947901779404,1.2880357660872932,1.1349166339812335,2.0740633031468994,4.301738585460626
toy.floorssl.s0.e24vc.extL,8,student.h.gap,student.z.proj.out,0,1.3920444183537632,1.1798493201904061,6.723101943367931,2.592894510651741,2.1976488575958966,4.829660501292548
toy.floorssl.s0.e24vc.extL,8,student.h.gap,student.z.proj.tap1,0,3.6934021714243093,1.9218226170550468,11.248785888321759,3.3539209722833006,1.7451771784342747,3.0456433841278163
toy.floorssl.s0.e24vc.extL,8,student.h.gap,student.z.proj.tap2,0,1.6648193568596326,1.2902787903626225,7.9895285741289195,2.8265754145483046,2.1906702920799916,4.799036328601835
toy.floorssl.s0.e24vc.extL,8,student.h.gap.L03,student.z.proj.out,0,1.658169370498757,1.2876992546781865,13.228423115604484,3.637089924047037,2.8244870926449326,7.977727336517821
toy.floorssl.s0.e24vc.extL,8,student.h.gap.L03,student.z.proj.tap1,0,4.3994906145538035,2.0974962728343054,22.1331909765774,4.704592540972852,2.242956329364833,5.030853095437765
toy.floorssl.s0.e24vc.extL,8,student.h.gap.L03,student.z.proj.tap2,0,1.983092226484211,1.408223074120081,15.720253145506344,3.964877443945316,2.8155180218324034,7.927141731263049
toy.floorssl.s0.e24vc.extL,8,student.h.gap.L06,student.z.proj.out,0,1.575563031012883,1.2552143366823385,9.51465774445292,3.084583885137981,2.457416072294757,6.03889375237259
toy.floorssl.s0.e24vc.extL,8,student.h.gap.L06,student.z.proj.tap1,0,4.180317699086529,2.0445825244011377,15.919489049781923,3.989923439087763,1.9514611865600386,3.8082007626503134
toy.floorssl.s0.e24vc.extL,8,student.h.gap.L06,student.z.proj.tap2,0,1.8842989472165577,1.3726976896667953,11.306928046413448,3.3625775896495607,2.4496126240773255,6.0006020080389995
toy.floorssl.s0.e24vc.extL,8,student.h.gap.L09,student.z.proj.out,0,1.446911638448348,1.2028764019833242,7.536140163328312,2.745203118774331,2.2821988312747594,5.208431505471879
toy.floorssl.s0.e24vc.extL,8,student.h.gap.L09,student.z.proj.tap1,0,3.838977059097079,1.9593307681698562,12.609124156638282,3.5509328572416408,1.8123192443705896,3.2845010435159847
toy.floorssl.s0.e24vc.extL,8,student.h.gap.L09,student.z.proj.tap2,0,1.7304379598770323,1.3154611206253997,8.955718309901144,2.9926106178220286,2.274951779950193,5.175405601098551
toy.floorssl.s0.e24vh0.extL,8,student.h.cls,student.z.proj.out,1,0.6429832306886976,0.801862351459836,1.5452879034508542,1.2430960958231887,1.550261205754406,2.4033098060671048
toy.floorssl.s0.e24vh0.extL,8,student.h.cls,student.z.proj.tap1,0,1.9153833386071202,1.383973749247839,2.903973043227982,1.7041047629849468,1.231312923320325,1.5161315151356443
toy.floorssl.s0.e24vh0.extL,8,student.h.cls,student.z.proj.tap2,0,0.7037119808997777,0.8388754263296653,1.4836378259852823,1.2180467256986829,1.4519995311199032,2.1083026383724186
toy.floorssl.s0.e24vh0.extL,8,student.h.cls.L03,student.z.proj.out,0,1.0155950726724359,1.0077673703154095,9.971296176444303,3.157735925698079,3.133397665683277,9.81818093130941
toy.floorssl.s0.e24vh0.extL,8,student.h.cls.L03,student.z.proj.tap1,0,3.025357098169909,1.7393553685690308,18.73849865631685,4.328798754425626,2.488737398147069,6.193813836935842
toy.floorssl.s0.e24vh0.extL,8,student.h.cls.L03,student.z.proj.tap2,0,1.1115164226240783,1.0542847919912715,9.573486046476182,3.094105047744207,2.9347905530347664,8.612995590182111
toy.floorssl.s0.e24vh0.extL,8,student.h.cls.L06,student.z.proj.out,0,0.5071140504357262,0.7121194074280845,2.979134352329368,1.7260169038365087,2.423774560603891,5.874683120630586
toy.floorssl.s0.e24vh0.extL,8,student.h.cls.L06,student.z.proj.tap1,0,1.5106425123059355,1.2290819794895438,5.598520399984535,2.366119270025189,1.9251110255541084,3.706052460709991
toy.floorssl.s0.e24vh0.extL,8,student.h.cls.L06,student.z.proj.tap2,0,0.5550101712481685,0.7449900477510881,2.8602802131160194,1.6912362972441253,2.2701461614815983,5.153563594489635
toy.floorssl.s0.e24vh0.extL,8,student.h.cls.L09,student.z.proj.out,0,0.4035023515655341,0.6352183495189148,1.6570501352224536,1.2872645940996177,2.026491512838905,4.106667851608114
toy.floorssl.s0.e24vh0.extL,8,student.h.cls.L09,student.z.proj.tap1,0,1.2019935270311897,1.096354653855763,3.1140015483311054,1.7646533790892491,1.6095643621187274,2.590697435802666
toy.floorssl.s0.e24vh0.extL,8,student.h.cls.L09,student.z.proj.tap2,0,0.441612511128421,0.6645393224846976,1.590941244463218,1.2613251937796288,1.8980444814966888,3.602572853740034
toy.floorssl.s0.e24vh0.extL,8,student.h.gap,student.z.proj.out,0,2.2108443999128524,1.4868908500333347,9.568401896413926,3.0932833521056433,2.0803701576590474,4.3279399928783295
toy.floorssl.s0.e24vh0.extL,8,student.h.gap,student.z.proj.tap1,0,6.585886420879516,2.566298194068553,17.981361992096417,4.240443607937313,1.6523580999815952,2.730287290574787
toy.floorssl.s0.e24vh0.extL,8,student.h.gap,student.z.proj.tap2,0,2.4196551603024594,1.555524078985105,9.186665446644064,3.0309512445178104,1.948508085130602,3.7966837578193253
toy.floorssl.s0.e24vh0.extL,8,student.h.gap.L03,student.z.proj.out,0,2.0116072307439774,1.4183114011894487,16.639668824098027,4.079175017586035,2.8760785636814923,8.271827904468196
toy.floorssl.s0.e24vh0.extL,8,student.h.gap.L03,student.z.proj.tap1,0,5.992378633983481,2.4479335436207172,31.269998040826906,5.591958336828602,2.284358720195314,5.218294762532374
toy.floorssl.s0.e24vh0.extL,8,student.h.gap.L03,student.z.proj.tap2,0,2.201600355304638,1.4837790790089467,15.975820443665967,3.9969764126982246,2.693781351444789,7.256457969391713
toy.floorssl.s0.e24vh0.extL,8,student.h.gap.L06,student.z.proj.out,0,1.825218839717575,1.3510066023959968,10.963928781849726,3.311182384262414,2.450900223870161,6.006911907366805
toy.floorssl.s0.e24vh0.extL,8,student.h.gap.L06,student.z.proj.tap1,0,5.437146084140195,2.331768874511407,20.603897538615275,4.539151632036021,1.946655897869442,3.789469184709883
toy.floorssl.s0.e24vh0.extL,8,student.h.gap.L06,student.z.proj.tap2,0,1.9976078752434974,1.413367565512771,10.526517049564367,3.244459438730028,2.295552493135736,5.269561248741694
toy.floorssl.s0.e24vh0.extL,8,student.h.gap.L09,student.z.proj.out,0,1.7938082952244112,1.3393312865846192,9.017892986653585,3.0029806836963813,2.2421492828366425,5.02723340652487
toy.floorssl.s0.e24vh0.extL,8,student.h.gap.L09,student.z.proj.tap1,0,5.343577184194946,2.3116178715771656,16.9468214185044,4.1166517242176806,1.7808530444562534,3.1714375659491063
toy.floorssl.s0.e24vh0.extL,8,student.h.gap.L09,student.z.proj.tap2,0,1.9632306544522968,1.4011533301007055,8.658119380737235,2.9424682463430654,2.100033010756632,4.410138646267564
toy.floorssl.s0.e24vac.extL,8,student.h.cls,student.z.proj.out,1,0.09247074139781032,0.3040900218649246,0.36718098089520695,0.6059546029986133,1.9926816384253985,3.97078011211773
toy.floorssl.s0.e24vac.extL,8,student.h.cls,student.z.proj.tap1,0,0.7371750944067419,0.8585890136769407,1.3542848737078093,1.1637374590979743,1.3554068833401716,1.8371278194059177
toy.floorssl.s0.e24vac.extL,8,student.h.cls,student.z.proj.tap2,0,0.12552744935419105,0.35429853140281437,0.33452655786687147,0.578382708824245,1.6324727808895758,2.664967380345345
toy.floorssl.s0.e24vac.extL,8,student.h.cls.L03,student.z.proj.out,0,0.2742348720832559,0.5236743950999093,3.265189654318601,1.806983578873533,3.450586081316401,11.906544304574476
toy.floorssl.s0.e24vac.extL,8,student.h.cls.L03,student.z.proj.tap1,0,2.186195489099669,1.4785788748320696,12.043099149225664,3.4703168658244543,2.3470623886862967,5.508701856385825
toy.floorssl.s0.e24vac.extL,8,student.h.cls.L03,student.z.proj.tap2,0,0.37226914693472024,0.6101386292759378,2.9748072821709157,1.724762964053587,2.826837838640693,7.991012165970787
toy.floorssl.s0.e24vac.extL,8,student.h.cls.L06,student.z.proj.out,0,0.14083909924530283,0.37528535708884625,0.9881040990242637,0.9940342544521611,2.648742445383581,7.015836541976593
toy.floorssl.s0.e24vac.extL,8,student.h.cls.L06,student.z.proj.tap1,0,1.1227667769599508,1.0596068973727713,3.64445465474465,1.9090454826285963,1.8016544506853953,3.245958759674493
toy.floorssl.s0.e24vac.extL,8,student.h.cls.L06,student.z.proj.tap2,0,0.1911866675919533,0.4372489766619852,0.9002292609351437,0.9488041214787927,2.1699401762402855,4.7086403684617215
toy.floorssl.s0.e24vac.extL,8,student.h.cls.L09,student.z.proj.out,0,0.0998658180930684,0.31601553457554643,0.5345184012367356,0.7311076536576098,2.3135180827094173,5.352365919023458
toy.floorssl.s0.e24vac.extL,8,student.h.cls.L09,student.z.proj.tap1,0,0.796128513386262,0.8922603394672779,1.9714806135887248,1.4040942324462147,1.5736373907244674,2.47633463748611
toy.floorssl.s0.e24vac.extL,8,student.h.cls.L09,student.z.proj.tap2,0,0.13556613944472326,0.36819307359688785,0.4869821972975795,0.6978410974552728,1.8953129417618988,3.592211147210142
toy.floorssl.s0.e24vac.extL,8,student.h.gap,student.z.proj.out,0,0.6521666925231207,0.8075683825677679,3.7915851409519217,1.9471993069411055,2.411188140810731,5.813828250386311
toy.floorssl.s0.e24vac.extL,8,student.h.gap,student.z.proj.tap1,0,5.1990611934365685,2.28014499395029,13.98461976774328,3.7396015520030046,1.6400718208381324,2.6898355775073073
toy.floorssl.s0.e24vac.extL,8,student.h.gap,student.z.proj.tap2,0,0.8853051270996389,0.9409065453591228,3.454388958190128,1.8585986544141604,1.9753275854880736,3.9019190699901425
toy.floorssl.s0.e24vac.extL,8,student.h.gap.L03,student.z.proj.out,0,0.663333108311343,0.8144526433816413,5.865702314504264,2.4219212031988704,2.973679590679395,8.842770308023175
toy.floorssl.s0.e24vac.extL,8,student.h.gap.L03,student.z.proj.tap1,0,5.288079660125996,2.2995824969167766,21.6346497545666,4.651306241752589,2.0226742236857977,4.091211015162944
toy.floorssl.s0.e24vac.extL,8,student.h.gap.L03,student.z.proj.tap2,0,0.9004633454845636,0.948927471140215,5.344049138816566,2.311719952506481,2.4361397712817374,5.934776985220635
toy.floorssl.s0.e24vac.extL,8,student.h.gap.L06,student.z.proj.out,0,0.6077297464172398,0.7795702318696115,4.086509787897626,2.0215117580409037,2.593110505506085,6.724222093766023
toy.floorssl.s0.e24vac.extL,8,student.h.gap.L06,student.z.proj.tap1,0,4.844810654881616,2.2010930591144064,15.072399388758496,3.8823188159601854,1.7638140286182211,3.111039927550439
toy.floorssl.s0.e24vac.extL,8,student.h.gap.L06,student.z.proj.tap2,0,0.8249827330381054,0.9082856010298223,3.7230851382926757,1.929529771289543,2.1243645931431976,4.512924924600464
toy.floorssl.s0.e24vac.extL,8,student.h.gap.L09,student.z.proj.out,0,0.5911140116335691,0.7688393926130276,3.6043944459888695,1.898524281116486,2.469337938921207,6.097629856595632
toy.floorssl.s0.e24vac.extL,8,student.h.gap.L09,student.z.proj.tap1,0,4.712350314749859,2.1707948578227882,13.294198586152545,3.646121032844706,1.6796248709109276,2.821139706982551
toy.floorssl.s0.e24vac.extL,8,student.h.gap.L09,student.z.proj.tap2,0,0.8024271573499313,0.8957829856332008,3.283845650914174,1.8121384193582382,2.0229658839493303,4.092390967622895
