run,V_used,space,framing,V,N,D,W,B_hat,B,omega,omega_hat,r_rms,B_within_cls,B_between_cls,BW_cls
toy.floorssl.s0.e24s0a.extL,8,student.h.cls,raw,8,9469,384,114.85874290478269,282.4912577687476,268.13391490564976,0.42836335323414376,0.4065922032844221,7.578216904548942,210.27174905625165,64.37375287140327,0.3061455148412832
toy.floorssl.s0.e24s0a.extL,8,student.h.cls,l2,8,9469,384,0.3879482801026262,0.9553171835864764,0.9068236485736482,0.42781006065824806,0.40609368989489,0.4404249539380269,,,
toy.floorssl.s0.e24s0a.extL,8,student.h.cls.L03,raw,8,9469,384,40.341431341013056,36.448664883522405,31.405985965895773,1.2845140854619377,1.106801345671525,4.4911819903569405,24.386147409586123,7.759094409421154,0.31817631047252165
toy.floorssl.s0.e24s0a.extL,8,student.h.cls.L03,l2,8,9469,384,0.13565813836182833,0.1224684018043575,0.10551113450912897,1.285723435663475,1.1076990992218658,0.2604401451023136,,,
toy.floorssl.s0.e24s0a.extL,8,student.h.cls.L06,raw,8,9469,384,100.69819168813034,136.577841036278,123.9905670752617,0.8121439724282171,0.7372952370903473,7.095709678676627,99.790434723216,26.86827387354673,0.26924698692885735
toy.floorssl.s0.e24s0a.extL,8,student.h.cls.L06,l2,8,9469,384,0.33391611533999244,0.45241750809291253,0.41067799367541347,0.8130849972056425,0.7380707186765557,0.40860501424969836,,,
toy.floorssl.s0.e24s0a.extL,8,student.h.cls.L09,raw,8,9469,384,148.43852629165386,255.23745345917166,236.68263767271492,0.627162717769416,0.5815703153275599,8.615060252013734,191.47983918091137,50.376358742716015,0.26308962321155965
toy.floorssl.s0.e24s0a.extL,8,student.h.cls.L09,l2,8,9469,384,0.4986059286933945,0.8576621266134384,0.7953363855267641,0.6269120057460463,0.5813547237560647,0.499302477809491,,,
toy.floorssl.s0.e24s0a.extL,8,student.h.gap,raw,8,9469,384,30.85460487269584,52.77870731889534,48.92188170980836,0.6306912938410093,0.5846032697668888,3.927760486122839,38.67221492615404,11.37683564902107,0.2941862955288581
toy.floorssl.s0.e24s0a.extL,8,student.h.gap,l2,8,9469,384,0.1666483145586404,0.28687266271839434,0.2660416233985643,0.6263994048366633,0.5809138904330841,0.2886592407655092,,,
toy.floorssl.s0.e24s0a.extL,8,student.h.gap.L03,raw,8,9469,384,31.10498061529235,29.084351649225383,25.196229072313837,1.2345093595561558,1.0694747811619443,3.9436645784912003,19.292222005434372,6.581486472304458,0.3411471457487135
toy.floorssl.s0.e24s0a.extL,8,student.h.gap.L03,l2,8,9469,384,0.23312731372587742,0.21635764226519197,0.1872167280494573,1.2452269418162882,1.0775090321983203,0.34141420131994904,,,
toy.floorssl.s0.e24s0a.extL,8,student.h.gap.L06,raw,8,9469,384,33.74051342370894,41.96611466554365,37.74855048758003,0.89382275578529,0.8039942151569167,4.10734180606563,29.847080859344757,8.798885369614444,0.29479885859121197
toy.floorssl.s0.e24s0a.extL,8,student.h.gap.L06,l2,8,9469,384,0.24654346348166234,0.30698221946627063,0.27616428653106284,0.8927420217093539,0.8031196852713844,0.3511007430080876,,,
toy.floorssl.s0.e24s0a.extL,8,student.h.gap.L09,raw,8,9469,384,32.84296764688402,48.10197278127036,43.99660182540986,0.7464887351348996,0.6827779766170464,4.052343004169565,34.65174963595366,10.38968106047907,0.29983135540431805
toy.floorssl.s0.e24s0a.extL,8,student.h.gap.L09,l2,8,9469,384,0.20480643525146625,0.3010239281239962,0.27542312371756295,0.7436065370512909,0.6803659646853836,0.32000502750071463,,,
toy.floorssl.s0.e24s0a.extL,8,student.z.proj.out,raw,8,9469,256,53.70647514565038,131.59635349174636,124.88304409854005,0.4300541801597406,0.40811522295728975,5.182010958385286,114.95747479013447,10.927415214390528,0.09505615214964959
toy.floorssl.s0.e24s0a.extL,8,student.z.proj.out,l2,8,9469,256,0.6603361315764317,1.4216791661125137,1.3391371496654596,0.4931056775935127,0.4644761963995551,0.5746025285257765,,,
toy.floorssl.s0.e24s0a.extL,8,student.z.proj.tap1,raw,8,9469,2048,238.82800195836737,769.7081477869887,739.8546475421928,0.3228039490618289,0.31028384283709226,10.927671342934124,549.4092841342177,211.91800620657855,0.3857197399576672
toy.floorssl.s0.e24s0a.extL,8,student.z.proj.tap1,l2,8,9469,2048,0.40526271619095616,1.1806026645976881,1.1299448250738187,0.35865708413194475,0.3432676617997104,0.45014592977775336,,,
toy.floorssl.s0.e24s0a.extL,8,student.z.proj.tap2,raw,8,9469,2048,97.89263657465463,310.6310082126068,298.39442864077495,0.32806455878069907,0.3151412253977345,6.996164541184499,238.13975063657483,66.9256882427614,0.28103535030947735
toy.floorssl.s0.e24s0a.extL,8,student.z.proj.tap2,l2,8,9469,2048,0.43016886641312635,1.2253585672500285,1.1715874589483877,0.36716752396721986,0.35105550155700055,0.4637719625058884,,,
toy.floorssl.s0.e24s0b.extL,8,student.h.cls,raw,8,9469,384,129.01356480871982,285.42443126877333,269.29773566768336,0.47907407943423674,0.4520060326834203,8.031611445056335,214.64207458264633,60.82962841465017,0.2834003003974329
toy.floorssl.s0.e24s0b.extL,8,student.h.cls,l2,8,9469,384,0.43989159184239207,0.9733474917105851,0.9183610427302861,0.4789963547828586,0.4519368422774847,0.4689837906806546,,,
toy.floorssl.s0.e24s0b.extL,8,student.h.cls.L03,raw,8,9469,384,51.73048072677485,42.977089628364226,36.51077953751737,1.4168550050709865,1.2036757531536877,5.085788076924502,28.10947429105244,9.302620979100393,0.33094254566196285
toy.floorssl.s0.e24s0b.extL,8,student.h.cls.L03,l2,8,9469,384,0.1724975946891089,0.1432387335253639,0.12167653418922528,1.417673472034051,1.2042664050681795,0.29368145556802605,,,
toy.floorssl.s0.e24s0b.extL,8,student.h.cls.L06,raw,8,9469,384,108.35556636237001,139.34371506717272,125.79926927187647,0.8613370092650757,0.7776135888879925,7.360555901641193,102.15718926629845,26.302422727460698,0.2574701097041424
toy.floorssl.s0.e24s0b.extL,8,student.h.cls.L06,l2,8,9469,384,0.35557427252710117,0.457031466118989,0.41258468205310134,0.8618213132821477,0.7780082967734365,0.4216481190086712,,,
toy.floorssl.s0.e24s0b.extL,8,student.h.cls.L09,raw,8,9469,384,149.44330477412595,256.6146885491114,237.93427545234567,0.6280864935916178,0.5823645778777203,8.644168692654198,191.32159066078688,51.98173541406002,0.2716982188707788
toy.floorssl.s0.e24s0b.extL,8,student.h.cls.L09,l2,8,9469,384,0.5035127004732233,0.8647197351322755,0.8017806475731226,0.6279930826433457,0.5822842708640174,0.5017532762589714,,,
toy.floorssl.s0.e24s0b.extL,8,student.h.gap,raw,8,9469,384,31.00914668102695,46.385065884635324,42.508922549506956,0.7294738332855396,0.6685157407806653,3.937584708995284,34.202063671920804,9.243283941958907,0.27025515274820844
toy.floorssl.s0.e24s0b.extL,8,student.h.gap,l2,8,9469,384,0.160363009111447,0.24239322352494214,0.22234784738601127,0.7212258224971511,0.6615820639678308,0.2831633884451228,,,
toy.floorssl.s0.e24s0b.extL,8,student.h.gap.L03,raw,8,9469,384,34.78151287201403,31.835717835140144,27.488028726138392,1.265333109861758,1.0925311328655616,4.170222588304731,21.04702584744095,7.182532638747745,0.34126116871857454
toy.floorssl.s0.e24s0b.extL,8,student.h.gap.L03,l2,8,9469,384,0.2682014604044241,0.24352639820490077,0.21000121565434776,1.2771424182890028,1.1013239730124122,0.36619766547892146,,,
toy.floorssl.s0.e24s0b.extL,8,student.h.gap.L06,raw,8,9469,384,35.876781209775096,42.47553046624431,37.99093281502242,0.9443511530622027,0.8446458658894608,4.235373726707898,29.980652036770127,8.930729420992233,0.29788309507208294
toy.floorssl.s0.e24s0b.extL,8,student.h.gap.L06,l2,8,9469,384,0.27587823406402895,0.3280855139574629,0.29360073469945924,0.9396374104663883,0.8408729502753884,0.3714015576596502,,,
toy.floorssl.s0.e24s0b.extL,8,student.h.gap.L09,raw,8,9469,384,34.05046150296818,45.77630599469968,41.51999830682866,0.8200978538423498,0.7438446760407185,4.126164169235646,33.411512298716225,9.042610315320248,0.2706435504766928
toy.floorssl.s0.e24s0b.extL,8,student.h.gap.L09,l2,8,9469,384,0.20682605295578904,0.28051159215025157,0.25465833553077794,0.8121707562593886,0.7373173114535886,0.32157895838797435,,,
toy.floorssl.s0.e24s0b.extL,8,student.z.proj.out,raw,8,9469,256,88.66099774045753,163.78624270574429,152.7036179881871,0.5806083634987366,0.5413213971807416,6.65811526411407,142.74093122799886,11.026815755914063,0.07725055217904545
toy.floorssl.s0.e24s0b.extL,8,student.z.proj.out,l2,8,9469,256,0.7753329266554132,1.3211902797939088,1.2242736639619822,0.6333003391956407,0.5868442559056343,0.6226286721053782,,,
toy.floorssl.s0.e24s0b.extL,8,student.z.proj.tap1,raw,8,9469,2048,264.9045069859711,717.1214805573329,684.0084171840865,0.3872825250843041,0.369399765825021,11.508790270614265,518.7240524530615,184.0191143618929,0.35475338668346107
toy.floorssl.s0.e24s0b.extL,8,student.z.proj.tap1,l2,8,9469,2048,0.45202473972005597,1.137452852437704,1.0809497599726972,0.4181736806449481,0.39740085819936205,0.4754075828802355,,,
toy.floorssl.s0.e24s0b.extL,8,student.z.proj.tap2,raw,8,9469,2048,148.06523853946587,377.9489221728067,359.44076735537345,0.4119322347013467,0.39175991742018285,8.604221014695806,290.69243516177653,76.5223724802531,0.2632417057487814
toy.floorssl.s0.e24s0b.extL,8,student.z.proj.tap2,l2,8,9469,2048,0.4827192165258015,1.1494880952767155,1.0891481932109903,0.44320802213578014,0.41994277149046666,0.4912836332129341,,,
toy.floorssl.s0.e24s0c.extL,8,student.h.cls,raw,8,9469,384,144.9523437822056,264.84378291535916,246.72473994258345,0.5875063190498779,0.5473126164661777,8.513293833241208,200.78490220888125,51.18760832073778,0.25493753642635
toy.floorssl.s0.e24s0c.extL,8,student.h.cls,l2,8,9469,384,0.4825003426033053,0.8821184662017499,0.8218059233763367,0.5871220063990092,0.546979074909143,0.49117224199017256,,,
toy.floorssl.s0.e24s0c.extL,8,student.h.cls.L03,raw,8,9469,384,55.22983987921233,52.25010963407269,45.346379649171155,1.2179547806573754,1.05702821039052,5.254990003758919,33.59056357367249,12.990906300310538,0.38674273123814185
toy.floorssl.s0.e24s0c.extL,8,student.h.cls.L03,l2,8,9469,384,0.15643841651765164,0.14764226450930873,0.12808746244460228,1.2213405865957498,1.0595774660973742,0.2796769712701169,,,
toy.floorssl.s0.e24s0c.extL,8,student.h.cls.L06,raw,8,9469,384,104.59725101446996,133.1613125324946,120.08665615568586,0.8710147685256993,0.7854927908505384,7.231778861886955,94.52542547977845,28.372049841193608,0.30015257479336244
toy.floorssl.s0.e24s0c.extL,8,student.h.cls.L06,l2,8,9469,384,0.3067140623486373,0.39011481111505786,0.3517755533214782,0.8719027216434782,0.7862148619068378,0.3916082623928135,,,
toy.floorssl.s0.e24s0c.extL,8,student.h.cls.L09,raw,8,9469,384,145.8251791463784,226.23120004579278,208.00305265249548,0.701072302962804,0.6445847394915514,8.538886904813133,168.56107621859036,43.970775749004375,0.2608596049302805
toy.floorssl.s0.e24s0c.extL,8,student.h.cls.L09,l2,8,9469,384,0.4676585770434873,0.7256225630997758,0.6671652409693399,0.7009636418768088,0.644492882147578,0.4835589814301288,,,
toy.floorssl.s0.e24s0c.extL,8,student.h.gap,raw,8,9469,384,32.96199984134973,43.73414820425539,39.613898224086675,0.8320817016010721,0.7536902213667096,4.059679780558421,33.11058468198765,7.219928001540692,0.21805498365205173
toy.floorssl.s0.e24s0c.extL,8,student.h.gap,l2,8,9469,384,0.1562459510768977,0.20972197342644863,0.19019122954183643,0.8215202743748403,0.7450146902784822,0.2795048756970956,,,
toy.floorssl.s0.e24s0c.extL,8,student.h.gap.L03,raw,8,9469,384,36.34247837046212,32.02971046652252,27.48690067021476,1.322174471632715,1.134648981870982,4.262773649307579,21.298365343179203,6.895266182448335,0.32374626274577184
toy.floorssl.s0.e24s0c.extL,8,student.h.gap.L03,l2,8,9469,384,0.2558038053195605,0.22635821412133175,0.1943827384563867,1.3159800471529766,1.1300840409636974,0.3576337549222392,,,
toy.floorssl.s0.e24s0c.extL,8,student.h.gap.L06,raw,8,9469,384,36.03066466055379,38.74819191639551,34.24435883382629,1.0521635062696224,0.9298669919436459,4.244447234950258,27.92467059089693,7.03779752920909,0.25202795163869607
toy.floorssl.s0.e24s0c.extL,8,student.h.gap.L06,l2,8,9469,384,0.23994292170208645,0.2604744780998394,0.2304816128870786,1.041050167501402,0.9211763219662417,0.3463689663509755,,,
toy.floorssl.s0.e24s0c.extL,8,student.h.gap.L09,raw,8,9469,384,32.97753057528141,38.50244909404208,34.3802577721319,0.9591996311910287,0.8565047510285366,4.060636069341934,28.769560354407684,6.234929627459653,0.21671967004891757
toy.floorssl.s0.e24s0c.extL,8,student.h.gap.L09,l2,8,9469,384,0.176749937601639,0.20866103684929432,0.18656729464908944,0.9473790030245349,0.8470672832383981,0.29727927744937,,,
toy.floorssl.s0.e24s0c.extL,8,student.z.proj.out,raw,8,9469,256,136.47303453824043,168.83799107269883,151.77886175541877,0.8991570562583172,0.8083076188668782,8.260539768630148,143.53350740725367,9.212255131701268,0.06418191332538783
toy.floorssl.s0.e24s0c.extL,8,student.z.proj.out,l2,8,9469,256,0.9710681973930516,1.1498296871593003,1.0284461624851688,0.9442090726913042,0.8445322018012198,0.696802768863992,,,
toy.floorssl.s0.e24s0c.extL,8,student.z.proj.tap1,raw,8,9469,2048,303.88879092162335,586.8976869498332,548.9115880846302,0.5536206513366052,0.5177883601841476,12.326572737821802,434.5012818531626,127.65050767914244,0.29378626257374596
toy.floorssl.s0.e24s0c.extL,8,student.z.proj.tap1,l2,8,9469,2048,0.5593425521418833,1.0349671538579068,0.9650493348401714,0.5795999561354239,0.5404447378420638,0.5288395560762656,,,
toy.floorssl.s0.e24s0c.extL,8,student.z.proj.tap2,raw,8,9469,2048,230.8889097572851,410.72100928622837,381.85989556656773,0.6046429919400514,0.5621550992936433,10.744508126417074,316.7678191527174,72.70620726619957,0.22952523226845553
toy.floorssl.s0.e24s0c.extL,8,student.z.proj.tap2,l2,8,9469,2048,0.601179640219809,1.0284616771680104,0.9533142221405343,0.6306206560833046,0.5845425780717737,0.5482607227495916,,,
toy.floorssl.s0.e24s0d.extL,8,student.h.cls,raw,8,9469,384,186.98974322368596,260.70040067993995,237.3266827769792,0.7879002101057642,0.7172591324600684,9.669274616631952,199.20408424786564,42.55900535909498,0.21364524487429518
toy.floorssl.s0.e24s0d.extL,8,student.h.cls,l2,8,9469,384,0.6380729678204108,0.8896605532393331,0.8099014322617818,0.7878402758697289,0.717209463201589,0.5648331469648408,,,
toy.floorssl.s0.e24s0d.extL,8,student.h.cls.L03,raw,8,9469,384,67.28511685612726,52.44832660584557,44.03768699882966,1.5278985215076217,1.2828839585632856,5.800220549950116,34.57562798719635,10.495747396111131,0.3035591255203751
toy.floorssl.s0.e24s0d.extL,8,student.h.cls.L03,l2,8,9469,384,0.24301011169726985,0.1893231669259865,0.15894690296382777,1.5288760407780497,1.283573033575292,0.34857575338602503,,,
toy.floorssl.s0.e24s0d.extL,8,student.h.cls.L06,raw,8,9469,384,128.4140152829395,155.75804605358974,139.7062941432223,0.9191712948257984,0.8244454687031556,8.012927532523287,109.81600649712868,33.25414528408627,0.30281692391496456
toy.floorssl.s0.e24s0d.extL,8,student.h.cls.L06,l2,8,9469,384,0.4518924197978249,0.547863172619775,0.4913766201450469,0.9196457488442025,0.8248271509781601,0.4753379954294759,,,
toy.floorssl.s0.e24s0d.extL,8,student.h.cls.L09,raw,8,9469,384,170.29082410758102,228.93004958577853,207.6436965723309,0.8201107325608686,0.7438552711437483,9.227427163288286,169.6960978620354,42.33046323105387,0.24944865417865383
toy.floorssl.s0.e24s0d.extL,8,student.h.cls.L09,l2,8,9469,384,0.5850433223737548,0.7862607717605572,0.7131303564638378,0.8203876290931976,0.744083061735045,0.5408527167232106,,,
toy.floorssl.s0.e24s0d.extL,8,student.h.gap,raw,8,9469,384,41.04123231429632,41.1974269361624,36.06727289687536,1.1379078321680338,0.9962086316189575,4.529968670658569,30.749841291290267,5.906662637557798,0.19208758125300732
toy.floorssl.s0.e24s0d.extL,8,student.h.gap,l2,8,9469,384,0.20128877708687062,0.20616580662533132,0.1810047094894725,1.112063755990713,0.9763441396112605,0.31724499766495184,,,
toy.floorssl.s0.e24s0d.extL,8,student.h.gap.L03,raw,8,9469,384,35.609167576511844,31.401994880993836,26.950848933929855,1.3212632991193674,1.133977879795924,4.2195478179842825,21.19450579392579,6.399597792124803,0.3019460729279608
toy.floorssl.s0.e24s0d.extL,8,student.h.gap.L03,l2,8,9469,384,0.23985342062934278,0.2136234593515663,0.18364178177289844,1.306093952660287,1.1227859587958882,0.346304360808049,,,
toy.floorssl.s0.e24s0d.extL,8,student.h.gap.L06,raw,8,9469,384,38.42000679204899,37.911592175494164,33.10909132648804,1.160406560638893,1.01341053190806,4.382921787577836,27.010883298728327,6.785369698200231,0.2512087303164827
toy.floorssl.s0.e24s0d.extL,8,student.h.gap.L06,l2,8,9469,384,0.23953874748893433,0.24085385031993325,0.21091150688381646,1.1357310515110377,0.9945398305684048,0.3460771210936475,,,
toy.floorssl.s0.e24s0d.extL,8,student.h.gap.L09,raw,8,9469,384,35.293586678867364,34.07756321694087,29.665864882082445,1.1897036145466955,1.0356839910819087,4.200808653037375,24.89908292796209,5.295910989497771,0.2126950219339353
toy.floorssl.s0.e24s0d.extL,8,student.h.gap.L09,l2,8,9469,384,0.1827538576227849,0.18027464916629288,0.15743041696344476,1.160854815402161,1.0137523965125297,0.30228617039387107,,,
toy.floorssl.s0.e24s0d.extL,8,student.z.proj.out,raw,8,9469,256,201.73434257714408,164.5086924041972,139.29189958205419,1.448284811840808,1.2262837885884084,10.043264971540482,132.89628960784404,7.198578207231686,0.0541668862875973
toy.floorssl.s0.e24s0d.extL,8,student.z.proj.out,l2,8,9469,256,1.1943289113132853,0.954577403891033,0.8052862899768722,1.4831109459811942,1.2511598393644991,0.7727641656137031,,,
toy.floorssl.s0.e24s0d.extL,8,student.z.proj.tap1,raw,8,9469,2048,342.5390992910228,431.18827356953625,388.3708861581584,0.8819896431462392,0.794407270066408,13.08699926054523,325.7247332883051,70.05358477948403,0.21506989681829988
toy.floorssl.s0.e24s0d.extL,8,student.z.proj.tap1,l2,8,9469,2048,0.7288852507271734,0.8967789379788093,0.8056682816379126,0.9046964704200091,0.8127814111802845,0.6036908359115506,,,
toy.floorssl.s0.e24s0d.extL,8,student.z.proj.tap2,raw,8,9469,2048,347.2570521556739,411.53310706090167,368.1259755414424,0.943310375327157,0.8438131615600108,13.176817752319296,315.3261665067808,59.14211449907717,0.1875585370990941
toy.floorssl.s0.e24s0d.extL,8,student.z.proj.tap2,l2,8,9469,2048,0.7616823179537399,0.8891678866597916,0.7939575969155741,0.9593488631039999,0.8566237370706691,0.617123293173147,,,
toy.floorssl.s0.e24s1a.extL,8,student.h.cls,raw,8,9469,384,327.29202850292626,408.92163540863794,368.01013184577215,0.8893560263174758,0.8003783614331418,12.79242018741814,332.18492966953386,40.01440381381876,0.12045821540918826
toy.floorssl.s0.e24s1a.extL,8,student.h.cls,l2,8,9469,384,0.9397525262498483,1.1743269327221464,1.0568578669409154,0.8891948062703743,0.8002477845513231,0.6854752097085088,,,
toy.floorssl.s0.e24s1a.extL,8,student.h.cls.L03,raw,8,9469,384,120.87014318304425,97.85852624517237,82.74975834729184,1.4606706484357965,1.235151885286103,7.773999716460127,63.18255083135113,21.65794890500301,0.34278370562804744
toy.floorssl.s0.e24s1a.extL,8,student.h.cls.L03,l2,8,9469,384,0.35502272128878776,0.2879213286384762,0.24354348847737772,1.4577385070254716,1.2330546089364791,0.42132097104748284,,,
toy.floorssl.s0.e24s1a.extL,8,student.h.cls.L06,raw,8,9469,384,245.64608964709055,262.86557103917636,232.15980983329004,1.0580905016397315,0.9344932037922932,11.082555879558887,192.47709841041663,44.23641672946011,0.2298269097715476
toy.floorssl.s0.e24s1a.extL,8,student.h.cls.L06,l2,8,9469,384,0.7250137850959572,0.777888177784734,0.6872614546477394,1.0549315405264041,0.9320282860714605,0.6020854528619493,,,
toy.floorssl.s0.e24s1a.extL,8,student.h.cls.L09,raw,8,9469,384,282.6305566697762,344.809861433775,309.481041850053,0.9132402908437728,0.8196707469286196,11.887610286970553,265.8474774516671,48.73821372205535,0.18333148837538357
toy.floorssl.s0.e24s1a.extL,8,student.h.cls.L09,l2,8,9469,384,0.8387385486805503,1.024506021756867,0.9196637031717981,0.9120057101175705,0.8186760554537742,0.6475872716015002,,,
toy.floorssl.s0.e24s1a.extL,8,student.h.gap,raw,8,9469,384,62.93419179807712,71.19583146694056,63.32905749218092,0.9937648575592246,0.8839589411537431,5.609553983966868,51.64911808869907,12.982033910111603,0.25135054363981674
toy.floorssl.s0.e24s1a.extL,8,student.h.gap,l2,8,9469,384,0.3696308553470275,0.42257675772197084,0.3763729008035924,0.9820867935970682,0.8747070173467079,0.4299016488378635,,,
toy.floorssl.s0.e24s1a.extL,8,student.h.gap.L03,raw,8,9469,384,41.37752774965575,37.203391758528674,32.0312007898217,1.291788216781556,1.112197726976605,4.5484902852295805,24.479802031069994,8.42203977793063,0.3440403548705704
toy.floorssl.s0.e24s1a.extL,8,student.h.gap.L03,l2,8,9469,384,0.24791572870653214,0.22336372056480794,0.19237425447649142,1.288715734759757,1.1099194089337374,0.3520765035518077,,,
toy.floorssl.s0.e24s1a.extL,8,student.h.gap.L06,raw,8,9469,384,49.8818240715787,57.313919750571195,51.07869174162386,0.976568161218784,0.8703265155945222,4.994087708059336,40.05133012771794,12.285627120632189,0.3067470438923024
toy.floorssl.s0.e24s1a.extL,8,student.h.gap.L06,l2,8,9469,384,0.3157926843878065,0.3667076658546273,0.32723358030615146,0.9650375248541389,0.8611564845579072,0.3973617271377595,,,
toy.floorssl.s0.e24s1a.extL,8,student.h.gap.L09,raw,8,9469,384,56.5443101047455,66.51585630841798,59.447817545324796,0.9511587210352075,0.8500876819891361,5.317156669910409,47.619974425187365,13.171694170996107,0.27660019414099635
toy.floorssl.s0.e24s1a.extL,8,student.h.gap.L09,l2,8,9469,384,0.33946826909709193,0.403607114018843,0.36117358038170655,0.9399033803588974,0.8410859405249317,0.41198802719077404,,,
toy.floorssl.s0.e24s1a.extL,8,student.z.proj.out,raw,8,9469,256,54.56141093520535,143.30540413181012,136.48522776490944,0.39976055891693485,0.3807351946408148,5.223093476820291,126.15744876359393,11.394814500438281,0.09032216973403599
toy.floorssl.s0.e24s1a.extL,8,student.z.proj.out,l2,8,9469,256,0.6322012117192293,1.4464496258007637,1.3674244743358601,0.46232989359524296,0.4370710188882234,0.5622282506772625,,,
toy.floorssl.s0.e24s1a.extL,8,student.z.proj.tap1,raw,8,9469,2048,331.90794594255686,852.9969438321737,811.5084505893541,0.40900121952089386,0.3891080130386252,12.882312407765868,636.6533013299869,194.59621849407563,0.30565492723835497
toy.floorssl.s0.e24s1a.extL,8,student.z.proj.tap1,l2,8,9469,2048,0.4879143665563249,1.152146747032747,1.0911574512132065,0.4471530355347305,0.42348283134323433,0.4939202195478157,,,
toy.floorssl.s0.e24s1a.extL,8,student.z.proj.tap2,raw,8,9469,2048,106.60118552799494,342.12514777469977,328.7999995837004,0.32421285177300674,0.3115853547199494,7.3007254957296865,265.63989346340895,70.21486287489445,0.2643234868055175
toy.floorssl.s0.e24s1a.extL,8,student.z.proj.tap2,l2,8,9469,2048,0.43209208541532906,1.2466601762381324,1.1926486655612163,0.3622962049867406,0.3465997339541168,0.4648075329721588,,,
toy.floorssl.s0.e24s1b.extL,8,student.h.cls,raw,8,9469,384,336.45901303633815,389.07342175020864,347.0160451206664,0.9695776831280027,0.8647699745791174,12.970331781345035,311.8077084274067,39.33333672461666,0.12614613321458032
toy.floorssl.s0.e24s1b.extL,8,student.h.cls,l2,8,9469,384,0.9835617455362333,1.135923294557536,1.0129780763655067,0.970960545429752,0.8658698613266397,0.7012708982754928,,,
toy.floorssl.s0.e24s1b.extL,8,student.h.cls.L03,raw,8,9469,384,112.44587339804026,91.41633713852679,77.36060296377175,1.4535289164007559,1.230041335255498,7.498195562868451,59.65624172085053,19.59794787572029,0.328514624964559
toy.floorssl.s0.e24s1b.extL,8,student.h.cls.L03,l2,8,9469,384,0.3328698578904029,0.2712618729882431,0.22965314075194276,1.4494461377732626,1.2271162704271013,0.4079643721517866,,,
toy.floorssl.s0.e24s1b.extL,8,student.h.cls.L06,raw,8,9469,384,210.47415716724294,229.15365740684445,202.84438776093907,1.037613904385148,0.9184848260726752,10.258512493710844,164.4940955312656,42.713123330071554,0.25966356538282565
toy.floorssl.s0.e24s1b.extL,8,student.h.cls.L06,l2,8,9469,384,0.6341068227366417,0.6923787961544866,0.6131154433124064,1.03423723811429,0.9158380156332184,0.5630749607009007,,,
toy.floorssl.s0.e24s1b.extL,8,student.h.cls.L09,raw,8,9469,384,271.5209852498196,321.7229037884296,287.78278063220216,0.943492813063177,0.8439591401561399,11.651630470664172,244.9266647947274,47.897760082949304,0.19555959790287566
toy.floorssl.s0.e24s1b.extL,8,student.h.cls.L09,l2,8,9469,384,0.8279296941490693,0.9827741113603455,0.8792828995917119,0.9415964924753022,0.8424414975716624,0.6434010002125693,,,
toy.floorssl.s0.e24s1b.extL,8,student.h.gap,raw,8,9469,384,55.75012784018976,58.0343254642534,51.06555948422968,1.091736356230598,0.9606405759730833,5.27968407389068,42.558631444262964,9.462255101074255,0.22233457185921324
toy.floorssl.s0.e24s1b.extL,8,student.h.gap,l2,8,9469,384,0.2929717908159142,0.3090407865759222,0.27241931272393294,1.0754442770098642,0.9480036407554886,0.38273475855735534,,,
toy.floorssl.s0.e24s1b.extL,8,student.h.gap.L03,raw,8,9469,384,46.18748692600208,40.93772543067771,35.16428956492745,1.3134770387077312,1.1282377425735122,4.805595016540724,26.992711140499352,9.109388894794442,0.3374758781131432
toy.floorssl.s0.e24s1b.extL,8,student.h.gap.L03,l2,8,9469,384,0.2768902118802191,0.2452315392386676,0.2106202627536402,1.314641850029852,1.12909706777455,0.3720821225752583,,,
toy.floorssl.s0.e24s1b.extL,8,student.h.gap.L06,raw,8,9469,384,47.97537250751068,48.50144937611915,42.504527812680315,1.1287120449600254,0.9891533783964094,4.897722557858431,33.987061784016795,9.503026802289732,0.27960718883792274
toy.floorssl.s0.e24s1b.extL,8,student.h.gap.L06,l2,8,9469,384,0.30037315350339283,0.3062177195826703,0.2686710753947462,1.117995873065488,0.9809136907973753,0.38753912931689416,,,
toy.floorssl.s0.e24s1b.extL,8,student.h.gap.L09,raw,8,9469,384,50.14411261977693,53.557282432134244,47.28926835466213,1.0603698125271026,0.9362706683879573,5.007200446346088,38.9012387448429,9.348487145533998,0.24031335369168205
toy.floorssl.s0.e24s1b.extL,8,student.h.gap.L09,l2,8,9469,384,0.2800403137709255,0.302954921180965,0.26794988195959935,1.0451219896904045,0.9243629800740161,0.37419267347913526,,,
toy.floorssl.s0.e24s1b.extL,8,student.z.proj.out,raw,8,9469,256,90.91190609328636,175.2158373934385,163.8518491317777,0.5548421124022259,0.5188566709820196,6.742103013648129,153.52862553849616,11.452126140966765,0.07459277447967011
toy.floorssl.s0.e24s1b.extL,8,student.z.proj.out,l2,8,9469,256,0.7594920371204334,1.3349992627774918,1.2400627581374377,0.6124625807335615,0.5689082071403512,0.6162353597126805,,,
toy.floorssl.s0.e24s1b.extL,8,student.z.proj.tap1,raw,8,9469,2048,367.4802171478304,800.7405324464953,754.8055053030165,0.4868541823900788,0.45892545994277495,13.55507685606818,600.1105385097661,172.39888350251852,0.2872785469334212
toy.floorssl.s0.e24s1b.extL,8,student.z.proj.tap1,l2,8,9469,2048,0.5411758334964685,1.1079808775242945,1.0403338983372359,0.5201943667907284,0.4884342721741623,0.5201806577990326,,,
toy.floorssl.s0.e24s1b.extL,8,student.z.proj.tap2,raw,8,9469,2048,161.20150690444936,408.60664788279877,388.4564595197426,0.41497960184198346,0.3945151351298793,8.977792237082827,317.5552240293131,79.00396624484283,0.24878811704747797
toy.floorssl.s0.e24s1b.extL,8,student.z.proj.tap2,l2,8,9469,2048,0.4935692520422478,1.1608428438470968,1.0991466873418159,0.44904766372530236,0.4251818018764127,0.49677422036688246,,,
toy.floorssl.s0.e24s1c.extL,8,student.h.cls,raw,8,9469,384,372.8310163067331,343.55438160548294,296.9505045671413,1.2555325233415624,1.0852168863759963,13.653406467009123,266.42020675420036,34.1080218600043,0.12802340436389048
toy.floorssl.s0.e24s1c.extL,8,student.h.cls,l2,8,9469,384,1.112473877241023,1.0227989132454292,0.8837396785903013,1.258825312693425,1.0876760454418626,0.7458129380887083,,,
toy.floorssl.s0.e24s1c.extL,8,student.h.cls.L03,raw,8,9469,384,129.52853856326834,103.36153082428042,87.17046350387187,1.4859223337445606,1.2531600251110164,8.04762507089105,63.75656357885655,25.88810721200383,0.40604615052667375
toy.floorssl.s0.e24s1c.extL,8,student.h.cls.L03,l2,8,9469,384,0.37316405081519877,0.2981730977510741,0.25152759139917424,1.483590920341568,1.251501405156041,0.43195141556383326,,,
toy.floorssl.s0.e24s1c.extL,8,student.h.cls.L06,raw,8,9469,384,231.52169850225707,218.18240258549486,189.24219027271272,1.2234148112987717,1.0611382758585912,10.759221591320095,150.89430235369863,42.6843239026056,0.2828756502850112
toy.floorssl.s0.e24s1c.extL,8,student.h.cls.L06,l2,8,9469,384,0.6918437294983223,0.6529645940287699,0.5664841278414796,1.2212941113363767,1.0595424864151812,0.588151226088292,,,
toy.floorssl.s0.e24s1c.extL,8,student.h.cls.L09,raw,8,9469,384,287.02919046527876,284.63829610578824,248.7596472976284,1.1538414432701891,1.0083997634619128,11.979757728461765,210.04479446514563,43.19773246402994,0.20565961929229376
toy.floorssl.s0.e24s1c.extL,8,student.h.cls.L09,l2,8,9469,384,0.8851300408866669,0.8782147637002962,0.7675735085894628,1.153153451730288,1.0078742438321506,0.6652556053452939,,,
toy.floorssl.s0.e24s1c.extL,8,student.h.gap,raw,8,9469,384,53.9002772888244,47.33943359715721,40.60189893605416,1.327530945626816,1.138591512258,5.191352294384595,34.02548620323535,7.3113783894008515,0.21487946845872377
toy.floorssl.s0.e24s1c.extL,8,student.h.gap,l2,8,9469,384,0.24099896124853656,0.21577923580605773,0.18565436564999066,1.2981055436255435,1.1168774435050197,0.3471303510560093,,,
toy.floorssl.s0.e24s1c.extL,8,student.h.gap.L03,raw,8,9469,384,49.87629992729071,41.72161255398956,35.48707506307822,1.405477905367959,1.1954547505264481,4.993811166198153,27.58468616763022,8.796956378534448,0.31890724893790545
toy.floorssl.s0.e24s1c.extL,8,student.h.gap.L03,l2,8,9469,384,0.25024592257001316,0.21313837114114628,0.18185763081989464,1.376054012371072,1.174100755439729,0.3537272413668568,,,
toy.floorssl.s0.e24s1c.extL,8,student.h.gap.L06,raw,8,9469,384,48.189142634648974,42.46947715613834,36.445834326807216,1.3222126348525964,1.134677087205062,4.9086221404101265,29.712395703826424,7.4922823771656,0.25216015739184333
toy.floorssl.s0.e24s1c.extL,8,student.h.gap.L06,l2,8,9469,384,0.2319021976648639,0.20800439907466609,0.1790166243665581,1.2954226932020358,1.1148908325809943,0.3405159303651328,,,
toy.floorssl.s0.e24s1c.extL,8,student.h.gap.L09,raw,8,9469,384,46.87293118664105,41.635500337735124,35.776383939404994,1.3101640251298299,1.1257924320933195,4.8411223485180095,29.817955514899403,6.631570876113232,0.22240193070244457
toy.floorssl.s0.e24s1c.extL,8,student.h.gap.L09,l2,8,9469,384,0.21049200179661257,0.190528746952271,0.16421724672769444,1.2817898606329154,1.1047781773809835,0.3244164004767735,,,
toy.floorssl.s0.e24s1c.extL,8,student.z.proj.out,raw,8,9469,256,142.7041145062624,176.20875845298423,158.37074413970143,0.9010762390582744,0.809858237235912,8.44701469473868,149.96413318305733,9.39701085329901,0.06266172219878952
toy.floorssl.s0.e24s1c.extL,8,student.z.proj.out,l2,8,9469,256,0.9759754983262782,1.145597593701975,1.0236006564111901,0.9534729117389502,0.8519357090934816,0.6985611992969113,,,
toy.floorssl.s0.e24s1c.extL,8,student.z.proj.tap1,raw,8,9469,2048,423.62375614003366,675.0919388319534,622.1389693144491,0.6809149997577479,0.627505280055616,14.553758211198124,507.3802120191195,128.1220784671207,0.2525169004074063
toy.floorssl.s0.e24s1c.extL,8,student.z.proj.tap1,l2,8,9469,2048,0.6483758665703396,0.9957596795670961,0.9147126962458036,0.7088300722526613,0.6511368956535972,0.5693750374622775,,,
toy.floorssl.s0.e24s1c.extL,8,student.z.proj.tap2,raw,8,9469,2048,246.6965474087636,427.01336584243643,396.17629741634096,0.6226938588138468,0.577725586931141,11.106226798709892,331.1678153766215,72.58283703543322,0.21917237625548905
toy.floorssl.s0.e24s1c.extL,8,student.z.proj.tap2,l2,8,9469,2048,0.6201566176763572,1.0269032731689525,0.9493836959594079,0.6532202104541648,0.6039094760722661,0.5568467552551407,,,
toy.floorssl.s0.e24s0ac.extL,8,student.h.cls,raw,8,9469,384,98.93613941006059,281.9968245793188,269.6298071530612,0.36693324248790243,0.3508413243931131,7.033354086424932,205.77266366820407,70.91224445096667,0.34461450411755545
toy.floorssl.s0.e24s0ac.extL,8,student.h.cls,l2,8,9469,384,0.3349147749985559,0.9559253000197682,0.9140609531449487,0.3664031089461123,0.3503566387369703,0.40921557582682255,,,
toy.floorssl.s0.e24s0ac.extL,8,student.h.cls.L03,raw,8,9469,384,33.28346654585049,27.933192205991066,23.772758887759757,1.4000674765177403,1.1915382352437291,4.079428057084136,18.607757928104746,5.726114074801687,0.3077272445678741
toy.floorssl.s0.e24s0ac.extL,8,student.h.cls.L03,l2,8,9469,384,0.10732446379948403,0.09003306723582935,0.07661750926089385,1.4007824691093584,1.1920560644497673,0.23165109950039522,,,
toy.floorssl.s0.e24s0ac.extL,8,student.h.cls.L06,raw,8,9469,384,88.93869075549603,121.5244783846166,110.4071420401796,0.8055519698456579,0.7318582390784777,6.668533975151361,89.27914823433136,23.47702397316569,0.262962006666388
toy.floorssl.s0.e24s0ac.extL,8,student.h.cls.L06,l2,8,9469,384,0.29075701537752824,0.3971037397470617,0.36075911282487066,0.8059588934588474,0.7321941001178387,0.381285336314897,,,
toy.floorssl.s0.e24s0ac.extL,8,student.h.cls.L09,raw,8,9469,384,134.17541254628898,252.7756924799883,236.00376591170217,0.5685308114807329,0.530808208771543,8.19070853303574,185.79472683539274,55.90348227967512,0.3008884225718824
toy.floorssl.s0.e24s0ac.extL,8,student.h.cls.L09,l2,8,9469,384,0.4518515124013485,0.8515235068939512,0.7950420678437826,0.5683366084348288,0.53063891806057,0.47531648004321736,,,
toy.floorssl.s0.e24s0ac.extL,8,student.h.gap,raw,8,9469,384,32.94054045567182,64.0086455133246,59.89107795636562,0.5500074732278329,0.5146264257195481,4.058358070431429,46.884539001424784,14.431371653216477,0.30780662368841716
toy.floorssl.s0.e24s0ac.extL,8,student.h.gap,l2,8,9469,384,0.18041929305900098,0.3536172764207272,0.33106486478835206,0.5449665979334353,0.5102106290879903,0.3003492076392087,,,
toy.floorssl.s0.e24s0ac.extL,8,student.h.gap.L03,raw,8,9469,384,28.716537632744235,27.563239959619345,23.973672755526316,1.1978363901761615,1.0418418761660273,3.789230636471224,18.359344959601124,6.262497506857342,0.34110680531564025
toy.floorssl.s0.e24s0ac.extL,8,student.h.gap.L03,l2,8,9469,384,0.20665257099204523,0.19803321885946518,0.17220164748545952,1.2000615209531877,1.043524779237653,0.32144406277923787,,,
toy.floorssl.s0.e24s0ac.extL,8,student.h.gap.L06,raw,8,9469,384,33.444283772140956,46.80292885716577,42.622393385648145,0.7846646120863393,0.7145767281831223,4.089271559345317,32.822431384786704,10.912417287376432,0.332468279374159
toy.floorssl.s0.e24s0ac.extL,8,student.h.gap.L06,l2,8,9469,384,0.25105186247593364,0.3527754300008691,0.32139394719137737,0.7811343824917841,0.7116478108334108,0.3542963889711082,,,
toy.floorssl.s0.e24s0ac.extL,8,student.h.gap.L09,raw,8,9469,384,36.116309748987135,59.89199550641351,55.377456787790116,0.6521843335526782,0.6030239841502633,4.2494887780171355,43.12203274931279,13.648611380827438,0.3165113170840711
toy.floorssl.s0.e24s0ac.extL,8,student.h.gap.L09,l2,8,9469,384,0.2411766681016531,0.40279658697965953,0.3726495034669529,0.6471943900578443,0.59875549073069,0.3472583102689215,,,
toy.floorssl.s0.e24s0ac.extL,8,student.z.proj.out,raw,8,9469,256,16.824249264729552,58.280775632963,56.17774447487181,0.2994824627082528,0.28867579544040817,2.9003662927921323,49.805601461651186,6.981444913893955,0.1401738902655248
toy.floorssl.s0.e24s0ac.extL,8,student.z.proj.out,l2,8,9469,256,0.5432244562502265,1.523882902478962,1.4559798454476836,0.3730988845406691,0.3564738835028212,0.5211643005090748,,,
toy.floorssl.s0.e24s0ac.extL,8,student.z.proj.tap1,raw,8,9469,2048,185.86299585668763,778.4388638815176,755.2059893994316,0.24610900663604765,0.23876376743309277,9.640098439764182,533.1344451482739,245.78286358566902,0.4610147887130282
toy.floorssl.s0.e24s0ac.extL,8,student.z.proj.tap1,l2,8,9469,2048,0.37606742288271955,1.2485096444173789,1.201501216557039,0.31299795430949234,0.3012130699704868,0.43362854085191366,,,
toy.floorssl.s0.e24s0ac.extL,8,student.z.proj.tap2,raw,8,9469,2048,39.76466670981681,162.13142219790998,157.1608388591829,0.2530189263334628,0.2452619373268497,4.458961017424172,122.18764385405632,38.68748228101745,0.3166235231381223
toy.floorssl.s0.e24s0ac.extL,8,student.z.proj.tap2,l2,8,9469,2048,0.370936033009916,1.2879429974498573,1.241575993323618,0.2987622465355056,0.28800656065087804,0.43065997783048987,,,
toy.floorssl.s0.e24s0bc.extL,8,student.h.cls,raw,8,9469,384,117.06169271849903,289.6577435601412,275.0250319703288,0.425640138571562,0.40413797083313147,7.650545494227814,215.5711682723921,66.1157512608549,0.30670034305010657
toy.floorssl.s0.e24s0bc.extL,8,student.h.cls,l2,8,9469,384,0.39760691759366507,0.98480213884667,0.9351012741474619,0.42520198462585346,0.4037429468413969,0.44587381488133226,,,
toy.floorssl.s0.e24s0bc.extL,8,student.h.cls.L03,raw,8,9469,384,39.47526349307028,33.00638059620502,28.071972659571234,1.406216227544346,1.1959888597300194,4.442705453497355,23.19508541675105,5.39288835237414,0.2325013361873416
toy.floorssl.s0.e24s0bc.extL,8,student.h.cls.L03,l2,8,9469,384,0.12910180483275172,0.10784100655587488,0.09170328095178092,1.4078210015259494,1.1971494791812902,0.2540686962543317,,,
toy.floorssl.s0.e24s0bc.extL,8,student.h.cls.L06,raw,8,9469,384,106.8184632967827,142.13725327386192,128.78494536176407,0.8294328424547116,0.7515163043918613,7.30816198837925,102.41675567617361,29.25988511320033,0.28569431749737995
toy.floorssl.s0.e24s0bc.extL,8,student.h.cls.L06,l2,8,9469,384,0.3539878273529569,0.4705651262166506,0.426316647797531,0.8303401454804905,0.7522610742513441,0.42070644596497264,,,
toy.floorssl.s0.e24s0bc.extL,8,student.h.cls.L09,raw,8,9469,384,149.20409618221316,264.98402592797504,246.3335139051984,0.6056995405003416,0.5630682666990958,8.637247715048272,195.07726986109665,57.081451337973654,0.2926094433176048
toy.floorssl.s0.e24s0bc.extL,8,student.h.cls.L09,l2,8,9469,384,0.5052676566804688,0.8976402636939956,0.834481806608937,0.6054867256288216,0.5628843503534217,0.5026269275916626,,,
toy.floorssl.s0.e24s0bc.extL,8,student.h.gap,raw,8,9469,384,25.672557247970424,46.177144971581775,42.96807531558547,0.5974798047018508,0.5559580884389835,3.582775268417657,33.27847243546605,10.757350488643201,0.3232525323842302
toy.floorssl.s0.e24s0bc.extL,8,student.h.gap,l2,8,9469,384,0.12976745560778383,0.23500092629251,0.218779994341537,0.5931413244540272,0.5521997621671494,0.25472284507654963,,,
toy.floorssl.s0.e24s0bc.extL,8,student.h.gap.L03,raw,8,9469,384,28.654787991340203,27.02777902632037,23.445930527402844,1.2221646719395256,1.0601976567677058,3.785154421641223,17.994004597212154,6.0847269745652115,0.33815301878426385
toy.floorssl.s0.e24s0bc.extL,8,student.h.gap.L03,l2,8,9469,384,0.22589114755147574,0.21105938709143562,0.18282299364750115,1.2355729607349817,1.070272924907219,0.3360737624030443,,,
toy.floorssl.s0.e24s0bc.extL,8,student.h.gap.L06,raw,8,9469,384,31.661829921898732,39.62521229485286,35.667483554615515,0.8876945264001268,0.7990324363766618,3.9788082337490667,27.758831136195,8.811894686536654,0.31744473113087035
toy.floorssl.s0.e24s0bc.extL,8,student.h.gap.L06,l2,8,9469,384,0.2311380688848582,0.2904252603215946,0.2615330017109873,0.8837816542184695,0.7958607616600348,0.3399544593654113,,,
toy.floorssl.s0.e24s0bc.extL,8,student.h.gap.L09,raw,8,9469,384,27.372509723176716,40.99820850466218,37.57664478926509,0.7284447527629317,0.6676513614019014,3.6994938655968004,29.248653603913777,9.274620375683755,0.31709563459846624
toy.floorssl.s0.e24s0bc.extL,8,student.h.gap.L09,l2,8,9469,384,0.15641230504930712,0.23625083995664736,0.21669930182548397,0.7217942269849664,0.6620603130046402,0.2796536295574466,,,
toy.floorssl.s0.e24s0bc.extL,8,student.z.proj.out,raw,8,9469,256,53.06714155936543,132.52034856652972,125.88695587160905,0.42154599094038087,0.4004452307392168,5.151074720840566,115.81672030698839,11.088012104202994,0.09573757636041384
toy.floorssl.s0.e24s0bc.extL,8,student.z.proj.out,l2,8,9469,256,0.651563938281897,1.4293026946721021,1.347857202386865,0.483407246055494,0.4558614076015388,0.570773132812809,,,
toy.floorssl.s0.e24s0bc.extL,8,student.z.proj.tap1,raw,8,9469,2048,235.64365644408423,770.9684556452139,741.5129985897033,0.31778762731369387,0.3056463007255945,10.854576372297636,550.195445241674,212.8145031101278,0.3867980095993866
toy.floorssl.s0.e24s0bc.extL,8,student.z.proj.tap1,l2,8,9469,2048,0.40145901419163993,1.186294457153996,1.1361120803800409,0.3533621560095971,0.3384143049566028,0.44802846683645,,,
toy.floorssl.s0.e24s0bc.extL,8,student.z.proj.tap2,raw,8,9469,2048,96.51480739080026,311.04058524320783,298.9762343193578,0.3228176567629985,0.31029650781853346,6.94675490393897,238.88907924107576,66.72253581720678,0.2793034157491707
toy.floorssl.s0.e24s0bc.extL,8,student.z.proj.tap2,l2,8,9469,2048,0.4247168783948115,1.229668532205058,1.1765789224057066,0.36097610649560924,0.3453913532561523,0.4608236530359588,,,
toy.floorssl.s0.e24s0cc.extL,8,student.h.cls,raw,8,9469,384,126.44380352278517,283.66270996993615,267.857234529588,0.47205670492658636,0.44575405606251967,7.951220142933573,212.85740615081693,61.19535748438745,0.2874946124309548
toy.floorssl.s0.e24s0cc.extL,8,student.h.cls,l2,8,9469,384,0.42827474220824885,0.961175113050237,0.9076407702742059,0.47185489704133,0.4455741065216953,0.46274979319727894,,,
toy.floorssl.s0.e24s0cc.extL,8,student.h.cls.L03,raw,8,9469,384,50.071806794444186,43.327828467623455,37.06885261831793,1.3507784368189675,1.1556500421400104,5.003589051593075,28.395414356917527,9.591650327531532,0.337788707957166
toy.floorssl.s0.e24s0cc.extL,8,student.h.cls.L03,l2,8,9469,384,0.17102462098356225,0.14783475231041954,0.12645667468747426,1.3524364878819837,1.1568634459132399,0.29242488008338335,,,
toy.floorssl.s0.e24s0cc.extL,8,student.h.cls.L06,raw,8,9469,384,103.01746694799371,135.8451165402067,122.96793317170749,0.8377587903680893,0.7583450150561957,7.176958511374917,98.33151923810864,27.371293912034805,0.27835727673194527
toy.floorssl.s0.e24s0cc.extL,8,student.h.cls.L06,l2,8,9469,384,0.34026521661351045,0.4480584437271793,0.4055252916504905,0.8390727375563405,0.7594215026571318,0.4124713424066637,,,
toy.floorssl.s0.e24s0cc.extL,8,student.h.cls.L09,raw,8,9469,384,149.4397510903635,254.4706463934836,235.79067750718818,0.6337814228715967,0.5872573249933408,8.644065915134021,190.25520088208793,50.74022455202154,0.2666955978957346
toy.floorssl.s0.e24s0cc.extL,8,student.h.cls.L09,l2,8,9469,384,0.5020776961452234,0.855097974277888,0.7923382622597351,0.633665847100841,0.5871580932807345,0.5010377711037479,,,
toy.floorssl.s0.e24s0cc.extL,8,student.h.gap,raw,8,9469,384,30.60452895145605,50.657523643053246,46.831957524121236,0.6534966840899807,0.6041457763925439,3.9118108946788346,37.33597783631824,10.54168737694082,0.28234662617263734
toy.floorssl.s0.e24s0cc.extL,8,student.h.gap,l2,8,9469,384,0.1532213841057233,0.25659037962447306,0.23743770661125765,0.6453119274630772,0.5971439160344473,0.27678636536661566,,,
toy.floorssl.s0.e24s0cc.extL,8,student.h.gap.L03,raw,8,9469,384,32.646970168489595,30.79588594302117,26.71501467195997,1.2220457510268858,1.0601081660353373,4.04023329576954,20.466199192894557,6.968647273886778,0.34049542898547325
toy.floorssl.s0.e24s0cc.extL,8,student.h.gap.L03,l2,8,9469,384,0.2430050150991835,0.2281484856900079,0.19777285880260995,1.2287076020967982,1.0651178085370316,0.34857209806522343,,,
toy.floorssl.s0.e24s0cc.extL,8,student.h.gap.L06,raw,8,9469,384,34.093914976078125,40.709066784894674,36.44732741288491,0.9354297666287925,0.8375017574396685,4.128796130597763,29.29216214559267,7.981307897532304,0.2724724743042971
toy.floorssl.s0.e24s0cc.extL,8,student.h.gap.L06,l2,8,9469,384,0.24881439943308545,0.30004682060979027,0.26894502068065457,0.9251496785602429,0.829251911176448,0.35271404808504964,,,
toy.floorssl.s0.e24s0cc.extL,8,student.h.gap.L09,raw,8,9469,384,31.494999983028233,43.789550727550775,39.85267572967225,0.7902857062011192,0.7192355130333122,3.9683119826336886,32.12515493093281,8.605411335490531,0.267871434518889
toy.floorssl.s0.e24s0cc.extL,8,student.h.gap.L09,l2,8,9469,384,0.17994996423787507,0.25332102096136866,0.23082727543163428,0.7795870912628439,0.7103633309030337,0.2999583006335006,,,
toy.floorssl.s0.e24s0cc.extL,8,student.z.proj.out,raw,8,9469,256,85.69015623655135,163.01153892143395,152.30026939186504,0.5626395578859587,0.5256692673630368,6.545615182568837,142.18788146998216,11.202055177009779,0.0787834733959004
toy.floorssl.s0.e24s0cc.extL,8,student.z.proj.out,l2,8,9469,256,0.762189463380808,1.332681245753615,1.237407562831014,0.6159566874126953,0.5719218048647478,0.6173287063553775,,,
toy.floorssl.s0.e24s0cc.extL,8,student.z.proj.tap1,raw,8,9469,2048,262.3083697058341,723.503468561172,690.7149223479428,0.37976357715592846,0.36255302303869463,11.452256758076857,521.5677768858062,188.30614472824644,0.3610386858110577
toy.floorssl.s0.e24s0cc.extL,8,student.z.proj.tap1,l2,8,9469,2048,0.4469553790761371,1.1451170993743434,1.0892476769898263,0.4103340209192034,0.39031412535917914,0.4727342694771224,,,
toy.floorssl.s0.e24s0cc.extL,8,student.z.proj.tap2,raw,8,9469,2048,143.9398136341526,376.2951617475575,358.3026850432884,0.4017268629085559,0.3825183745804218,8.48350793110234,289.6898888663438,76.42457291824482,0.26381512042867794
toy.floorssl.s0.e24s0cc.extL,8,student.z.proj.tap2,l2,8,9469,2048,0.4762204601404779,1.1582369903694614,1.0987094328519016,0.4334362169844674,0.4111597748130719,0.4879653984354208,,,
toy.floorssl.s0.e24s1ac.extL,8,student.h.cls,raw,8,9469,384,285.4123064611785,434.85311442057423,399.1765761129269,0.7150026417893706,0.6563418703841638,11.945968074232798,356.50575860832197,47.63474417166571,0.13361563739563606
toy.floorssl.s0.e24s1ac.extL,8,student.h.cls,l2,8,9469,384,0.8317233116621336,1.2681024215152041,1.1641370075574375,0.714454833290829,0.6558802329770345,0.6448733641817336,,,
toy.floorssl.s0.e24s1ac.extL,8,student.h.cls.L03,raw,8,9469,384,111.37348769297869,84.28655798261282,70.36487202099049,1.5827995488964288,1.321367135622664,7.462355113936172,56.95324550648737,14.8551112088395,0.2608299329868286
toy.floorssl.s0.e24s1ac.extL,8,student.h.cls.L03,l2,8,9469,384,0.32501959366895133,0.24634130082694855,0.20571385161832964,1.5799596921260077,1.3193873401572773,0.40312503870942534,,,
toy.floorssl.s0.e24s1ac.extL,8,student.h.cls.L06,raw,8,9469,384,229.36279512647792,254.93168530758842,226.26133591677868,1.0137074202144727,0.8997029727777451,10.708940076554681,191.23573118564576,39.08795731818323,0.2043967258411444
toy.floorssl.s0.e24s1ac.extL,8,student.h.cls.L06,l2,8,9469,384,0.6789411143141011,0.7566378121048701,0.6717701728156075,1.0106746946927367,0.8973132236484102,0.5826410191164458,,,
toy.floorssl.s0.e24s1ac.extL,8,student.h.cls.L09,raw,8,9469,384,257.20197051502396,357.25672495975374,325.1064786453758,0.7911314827889921,0.7199359803345863,11.340237442730729,277.9043573279206,52.71404968620412,0.1896841423900482
toy.floorssl.s0.e24s1ac.extL,8,student.h.cls.L09,l2,8,9469,384,0.7730423370943889,1.0745371034866296,0.9779068113498309,0.7905071609301277,0.7194189335910706,0.621708266429838,,,
toy.floorssl.s0.e24s1ac.extL,8,student.h.gap,raw,8,9469,384,43.28833962506713,56.09814449022132,50.68710203708793,0.8540306682633563,0.7716536797863766,4.6523295038650865,40.731496961776195,11.028765929499507,0.2707675080012225
toy.floorssl.s0.e24s1ac.extL,8,student.h.gap,l2,8,9469,384,0.24160217684284238,0.31721349641588675,0.28701322431053145,0.8417806441609917,0.7616390209516395,0.3475645097264984,,,
toy.floorssl.s0.e24s1ac.extL,8,student.h.gap.L03,raw,8,9469,384,32.335530286371736,29.339594278477186,25.297652992680717,1.2782027761914223,1.1021123870854717,4.0209159582346246,19.415156427480795,6.56078353174858,0.33792071448171546
toy.floorssl.s0.e24s1ac.extL,8,student.h.gap.L03,l2,8,9469,384,0.2021333808823163,0.1838503617507314,0.15858368914044188,1.2746164626256535,1.0994451082798165,0.31790987786031144,,,
toy.floorssl.s0.e24s1ac.extL,8,student.h.gap.L06,raw,8,9469,384,36.97796758185278,47.55747379202513,42.93522784429353,0.8612500605785763,0.7775427211201783,4.299881834530618,33.13535943474285,10.903807234151405,0.3290686269942381
toy.floorssl.s0.e24s1ac.extL,8,student.h.gap.L06,l2,8,9469,384,0.22818934235965524,0.2969603497739254,0.26843668197896847,0.8500676609373881,0.7684168695698762,0.33777902714619157,,,
toy.floorssl.s0.e24s1ac.extL,8,student.h.gap.L09,raw,8,9469,384,39.32611361666165,52.443120500551665,47.52735629846896,0.8274416394990709,0.749881266433182,4.434304546186564,37.59730615130193,11.026675004596955,0.29328364538200086
toy.floorssl.s0.e24s1ac.extL,8,student.h.gap.L09,l2,8,9469,384,0.22558320507499738,0.3050776517861642,0.27687975115178953,0.81473348678116,0.7394288101873608,0.33584461070188204,,,
toy.floorssl.s0.e24s1ac.extL,8,student.z.proj.out,raw,8,9469,256,21.169225490491137,81.73908268997663,79.09292950366523,0.2676500367774358,0.25898535674522616,3.253400182154905,71.22093477110091,8.648498750951253,0.12143197472410214
toy.floorssl.s0.e24s1ac.extL,8,student.z.proj.out,l2,8,9469,256,0.49801906417298314,1.56366112990925,1.5014087468876272,0.3317011874383714,0.31849551967943757,0.4990085491116275,,,
toy.floorssl.s0.e24s1ac.extL,8,student.z.proj.tap1,raw,8,9469,2048,271.01876808337596,885.7723997955159,851.8950537850939,0.3181363324968258,0.3059688562727194,11.64084979894887,652.8223058270652,221.3212499293212,0.33902219325812977
toy.floorssl.s0.e24s1ac.extL,8,student.z.proj.tap1,l2,8,9469,2048,0.42197096598980843,1.2184166358156205,1.1656702650668944,0.36199856737839387,0.3463273182472076,0.4593315610698923,,,
toy.floorssl.s0.e24s1ac.extL,8,student.z.proj.tap2,raw,8,9469,2048,49.151677312341526,207.30055075305216,201.15659108900948,0.24434534829928825,0.23710345743795785,4.957402410150982,162.0655480493282,43.31859872917536,0.26729060710664054
toy.floorssl.s0.e24s1ac.extL,8,student.z.proj.tap2,l2,8,9469,2048,0.3728608501481987,1.3398640601957406,1.2932564539272158,0.28831160982490117,0.27828259688802126,0.43177589681928674,,,
toy.floorssl.s0.e24s1bc.extL,8,student.h.cls,raw,8,9469,384,279.0200179732919,420.83851741982886,385.96101517316737,0.7229228005012508,0.6630096971255635,11.811435517609446,339.83423091194885,51.42956101219952,0.15133720012309454
toy.floorssl.s0.e24s1bc.extL,8,student.h.cls,l2,8,9469,384,0.8385332607479864,1.260634979426625,1.1558183218331266,0.7254888116136398,0.6651673755152953,0.6475080156831985,,,
toy.floorssl.s0.e24s1bc.extL,8,student.h.cls.L03,raw,8,9469,384,92.4406267803467,67.94042465428123,56.385346306737894,1.6394441612093158,1.3606130260553444,6.798552301054494,45.735502798376956,11.79334991126344,0.25785985043728343
toy.floorssl.s0.e24s1bc.extL,8,student.h.cls.L03,l2,8,9469,384,0.2770207171146442,0.20398976128726357,0.16936217164793305,1.6356705539328449,1.3580128500887678,0.3721697980187566,,,
toy.floorssl.s0.e24s1bc.extL,8,student.h.cls.L06,raw,8,9469,384,199.414482352717,212.72769099102618,187.80088069693656,1.0618399744063067,0.9374166636403213,9.98535132964076,155.5338001238039,35.95047962656647,0.23114255292386685
toy.floorssl.s0.e24s1bc.extL,8,student.h.cls.L06,l2,8,9469,384,0.6070843643789763,0.6496614072375491,0.573775861690177,1.0580514185289742,0.9344627179877957,0.5509466237209265,,,
toy.floorssl.s0.e24s1bc.extL,8,student.h.cls.L09,raw,8,9469,384,252.37211331320552,336.93174171939376,305.3852275552431,0.826405767343649,0.7490303882481577,11.233256725304678,259.4442466178391,51.28870080514885,0.19768679195533295
toy.floorssl.s0.e24s1bc.extL,8,student.h.cls.L09,l2,8,9469,384,0.7853438984480663,1.048122005380149,0.9499540180741407,0.8267178026576575,0.7492867189285142,0.6266354197011474,,,
toy.floorssl.s0.e24s1bc.extL,8,student.h.gap,raw,8,9469,384,45.929620463655034,56.610945717784205,50.86974315982732,0.9028868166160984,0.8113204943196408,4.7921613319907665,41.25165126781019,10.662371115388149,0.25847137721025715
toy.floorssl.s0.e24s1bc.extL,8,student.h.gap,l2,8,9469,384,0.24109574708672435,0.30229992686766927,0.2721629584818287,0.8858506992707511,0.7975382249836375,0.34720004830552975,,,
toy.floorssl.s0.e24s1bc.extL,8,student.h.gap.L03,raw,8,9469,384,35.32608888267546,31.241393793359336,26.825632683024903,1.3168781254888944,1.130746250194009,4.20274249048615,20.490367994014747,7.06693026803168,0.3448903538528901
toy.floorssl.s0.e24s1bc.extL,8,student.h.gap.L03,l2,8,9469,384,0.20152294348865452,0.17888144094044703,0.15369107300436521,1.3112208767189149,1.126572675338328,0.3174294752292661,,,
toy.floorssl.s0.e24s1bc.extL,8,student.h.gap.L06,raw,8,9469,384,41.65316628810006,47.46319788202309,42.25655209601058,0.9857208934950591,0.8775887033915258,4.563615139782279,33.13763163328978,10.15217952317321,0.3063640647442776
toy.floorssl.s0.e24s1bc.extL,8,student.h.gap.L06,l2,8,9469,384,0.24399168046232636,0.2813423751817185,0.2508434151239277,0.9726852121742311,0.8672411338844089,0.3492790291889325,,,
toy.floorssl.s0.e24s1bc.extL,8,student.h.gap.L09,raw,8,9469,384,42.91843453000955,52.38110298182738,47.01629866557619,0.9128416261621427,0.8193495762183411,4.632409444879066,37.487062568659006,10.582504746773733,0.28229751870772657
toy.floorssl.s0.e24s1bc.extL,8,student.h.gap.L09,l2,8,9469,384,0.23976111168137165,0.29747292399561576,0.2675027850354443,0.8962938896116658,0.8059930579930875,0.3462377157975223,,,
toy.floorssl.s0.e24s1bc.extL,8,student.z.proj.out,raw,8,9469,256,53.101879668023386,147.58991036416217,140.95217540565923,0.376736857839878,0.3597934271861825,5.152760409141075,130.2303423999459,11.815796635815984,0.09072998210761743
toy.floorssl.s0.e24s1bc.extL,8,student.z.proj.out,l2,8,9469,256,0.6072027442473019,1.4682798534066581,1.3923795103757455,0.4360899738343917,0.413547010699962,0.5510003376801605,,,
toy.floorssl.s0.e24s1bc.extL,8,student.z.proj.tap1,raw,8,9469,2048,299.5965133625077,857.5413942903888,820.0918301200753,0.3653206901459337,0.34936682398920504,12.239209806243778,635.4644513222622,205.45801133887431,0.323319441254914
toy.floorssl.s0.e24s1bc.extL,8,student.z.proj.tap1,l2,8,9469,2048,0.4515538721879907,1.1838281223473706,1.1273838883238718,0.4005324866397856,0.38143533141670993,0.47515990581486917,,,
toy.floorssl.s0.e24s1bc.extL,8,student.z.proj.tap2,raw,8,9469,2048,100.56054457455419,345.4335445853833,332.863476513564,0.30210747549665873,0.29111401064206116,7.090858360401588,267.91260931210246,72.17528832837395,0.26939862410243626
toy.floorssl.s0.e24s1bc.extL,8,student.z.proj.tap2,l2,8,9469,2048,0.4089028734414968,1.2570184601342795,1.2059056009540925,0.33908365059253365,0.3252958380562018,0.45216306430396147,,,
toy.floorssl.s0.e24s1cc.extL,8,student.h.cls,raw,8,9469,384,347.24371478753847,375.8652303902514,332.4597660418091,1.044468384616111,0.9238516540277059,13.176564703812948,298.3280948027792,38.09712431167036,0.12770210039002822
toy.floorssl.s0.e24s1cc.extL,8,student.h.cls,l2,8,9469,384,1.0208041400942534,1.1026562617283449,0.9750557442165632,1.0469187491577192,0.9257682339682238,0.7144242927330555,,,
toy.floorssl.s0.e24s1cc.extL,8,student.h.cls.L03,raw,8,9469,384,121.59215704236617,99.45607311629156,84.2570534859958,1.443109532219469,1.2225714652959545,7.797184012268986,63.462168470522236,23.007011038994346,0.36253112040570995
toy.floorssl.s0.e24s1cc.extL,8,student.h.cls.L03,l2,8,9469,384,0.36370076229078574,0.2978982476091677,0.2524356523228195,1.4407662267359853,1.2208892304997667,0.4264391880976617,,,
toy.floorssl.s0.e24s1cc.extL,8,student.h.cls.L06,raw,8,9469,384,230.01763752906956,231.42400372975712,202.67179903862342,1.134926707219068,0.9939229890675911,10.724216463897713,164.1809510714361,42.87836732878993,0.2611652999265018
toy.floorssl.s0.e24s1cc.extL,8,student.h.cls.L06,l2,8,9469,384,0.6943663048425772,0.7003432921216245,0.6135475040163023,1.1317237871513328,0.991465632146,0.589222498230752,,,
toy.floorssl.s0.e24s1cc.extL,8,student.h.cls.L09,raw,8,9469,384,283.34781975053767,309.5816178805859,274.16314041176867,1.0335007810494672,0.9152604786109513,11.902684985971394,233.46875763178124,45.43361278330183,0.1946025380190618
toy.floorssl.s0.e24s1cc.extL,8,student.h.cls.L09,l2,8,9469,384,0.8620548958007451,0.9420089665684327,0.8342521045933395,1.033326606015526,0.915123875031736,0.6565268066883275,,,
toy.floorssl.s0.e24s1cc.extL,8,student.h.gap,raw,8,9469,384,55.585576998650154,54.65590914435775,47.70771201952648,1.1651277046339867,1.0170094664757465,5.271886616698531,39.17523414107636,9.490544956078233,0.24225879344846402
toy.floorssl.s0.e24s1cc.extL,8,student.h.gap,l2,8,9469,384,0.25791148429909105,0.25716792506992053,0.22492898953253415,1.1466351439852365,1.0028913373585309,0.359104082613308,,,
toy.floorssl.s0.e24s1cc.extL,8,student.h.gap.L03,raw,8,9469,384,42.58664551343592,36.94821180887962,31.62488111970013,1.3466183588879126,1.152603696593545,4.614468848818676,24.58319590460613,7.850389169274354,0.3193396497240391
toy.floorssl.s0.e24s1cc.extL,8,student.h.gap.L03,l2,8,9469,384,0.21576121215007257,0.18867971764555722,0.16170956612679815,1.3342513823881759,1.1435315615395878,0.32845183219923785,,,
toy.floorssl.s0.e24s1cc.extL,8,student.h.gap.L06,raw,8,9469,384,48.01836907367784,47.060661731742044,41.058365597532315,1.1695148692563602,1.0203504860895278,4.899916788766817,32.780586006763386,9.235630489930008,0.28174085991093895
toy.floorssl.s0.e24s1cc.extL,8,student.h.gap.L06,l2,8,9469,384,0.24463549915341723,0.24216209301238048,0.21158265561820333,1.1562171693073797,1.010213845240057,0.3497395453429718,,,
toy.floorssl.s0.e24s1cc.extL,8,student.h.gap.L09,raw,8,9469,384,49.343373727607165,47.932649815932244,41.76472809998135,1.18146043258041,1.0294313775076547,4.967060183227457,34.10730899704378,8.521025771874294,0.24982990515648262
toy.floorssl.s0.e24s1cc.extL,8,student.h.gap.L09,l2,8,9469,384,0.23497761728437289,0.23122516621745673,0.2018529640569101,1.1641028824234836,1.0162285581984927,0.3427664053582067,,,
toy.floorssl.s0.e24s1cc.extL,8,student.z.proj.out,raw,8,9469,256,106.10050754396391,179.11746388097848,165.854900437983,0.639718858253678,0.592351551016078,7.283560514747026,155.99213212412255,10.972193492595178,0.07033812118078257
toy.floorssl.s0.e24s1cc.extL,8,student.z.proj.out,l2,8,9469,256,0.819651851732509,1.2824104233856257,1.179953941919062,0.6946473269960332,0.6391493992762383,0.6401764802507621,,,
toy.floorssl.s0.e24s1cc.extL,8,student.z.proj.tap1,raw,8,9469,2048,379.483568482555,766.0488369865777,718.6133909262584,0.528077507703299,0.49537777509765224,13.774679097578915,572.9813111451016,162.31287544236204,0.2832777828616787
toy.floorssl.s0.e24s1cc.extL,8,student.z.proj.tap1,l2,8,9469,2048,0.5662430247622715,1.0827120780401054,1.0119316999448214,0.5595664458314209,0.5229857837988364,0.5320916390821564,,,
toy.floorssl.s0.e24s1cc.extL,8,student.z.proj.tap2,raw,8,9469,2048,182.13290450934895,414.69897296319874,391.9323598995301,0.46470494183240646,0.439193044554542,9.542874423080002,322.471090956699,77.44613011629696,0.24016456757885413
toy.floorssl.s0.e24s1cc.extL,8,student.z.proj.tap2,l2,8,9469,2048,0.5257740990233739,1.122538558661931,1.0568167962840092,0.4975073265982397,0.4683795447081106,0.5127251208120068,,,
toy.floorssl.s0.e24wz05.extL,8,student.h.cls,raw,8,9469,384,23.57177740164431,31.278417611472392,28.331945436266853,0.8319858392594108,0.7536115699471505,3.433058214015917,21.499906838027435,7.484658546465948,0.3481251617903591
toy.floorssl.s0.e24wz05.extL,8,student.h.cls,l2,8,9469,384,0.06480846286965179,0.08472807796640115,0.07662702010769468,0.8457651462704329,0.7648994810829007,0.1800117536018854,,,
toy.floorssl.s0.e24wz05.extL,8,student.h.cls.L03,raw,8,9469,384,7.986644907442776,6.33452033285045,5.336189719420103,1.496694331983141,1.260812893128546,1.9983299161353183,3.9623683184649274,1.519372312387379,0.3834505503456083
toy.floorssl.s0.e24wz05.extL,8,student.h.cls.L03,l2,8,9469,384,0.0209813017773206,0.016544228831195187,0.013921566109030111,1.5071078650922218,1.2681946067959984,0.1024238785081892,,,
toy.floorssl.s0.e24wz05.extL,8,student.h.cls.L06,raw,8,9469,384,12.041238569369513,15.023985975439542,13.518831154268353,0.8907011584036011,0.8014676390841902,2.4536950268288757,10.461615397686641,3.3839862279550093,0.32346689295262226
toy.floorssl.s0.e24wz05.extL,8,student.h.cls.L06,l2,8,9469,384,0.031941500004029684,0.03940044524457509,0.03540775774407138,0.9021045680131473,0.8106888083562355,0.12637543274709226,,,
toy.floorssl.s0.e24wz05.extL,8,student.h.cls.L09,raw,8,9469,384,16.104392506469406,23.751877110224775,21.7388280469161,0.7408123598803661,0.6780260958632504,2.8376392042038576,16.56288104216298,5.715237930861054,0.3450630307802228
toy.floorssl.s0.e24wz05.extL,8,student.h.cls.L09,l2,8,9469,384,0.04396150031171401,0.06343197711924682,0.05793678958028257,0.7587838509898256,0.6930495044962899,0.14825906432949387,,,
toy.floorssl.s0.e24wz05.extL,8,student.h.gap,raw,8,9469,384,37.6526394360871,49.875238022030494,45.16865809251961,0.833601019515848,0.7549365362317765,4.338930711366978,35.1106368285456,11.098091432840368,0.31608915232826007
toy.floorssl.s0.e24wz05.extL,8,student.h.gap,l2,8,9469,384,0.16382556171615684,0.21952347617484272,0.19904528096032312,0.8230567483225747,0.7462780954947869,0.2862040895201856,,,
toy.floorssl.s0.e24wz05.extL,8,student.h.gap.L03,raw,8,9469,384,35.76713308310415,32.82945047179019,28.35855883640217,1.2612465001991582,1.0894831490962136,4.22889661041176,22.271057335098096,6.784821299372948,0.30464747125770275
toy.floorssl.s0.e24wz05.extL,8,student.h.gap.L03,l2,8,9469,384,0.2683141373482269,0.24453198171724858,0.2109927145487202,1.2716748913445095,1.0972558086838617,0.36627458098278326,,,
toy.floorssl.s0.e24wz05.extL,8,student.h.gap.L06,raw,8,9469,384,38.70385080772421,47.40867708516069,42.57069573419516,0.9091665085622529,0.8163874882692906,4.399082336563173,33.465225478837574,10.149330119235639,0.30327989648997816
toy.floorssl.s0.e24wz05.extL,8,student.h.gap.L06,l2,8,9469,384,0.3022969063722679,0.3645905890297664,0.3268034757332329,0.9250112952257292,0.8291407278962634,0.38877815420382605,,,
toy.floorssl.s0.e24wz05.extL,8,student.h.gap.L09,raw,8,9469,384,39.45425899747375,50.76161124915796,45.82982887447374,0.8608860204461499,0.7772459941000833,4.441523330878368,36.68439619661242,10.181700287985983,0.27754853135421653
toy.floorssl.s0.e24wz05.extL,8,student.h.gap.L09,l2,8,9469,384,0.25886468823033126,0.33278605547900025,0.30042796945020883,0.8616530901036296,0.7778711997344082,0.35976706924781987,,,
toy.floorssl.s0.e24wz05.extL,8,student.z.proj.out,raw,8,9469,256,1.905227424018157,3.6753394605632033,3.4371860325609336,0.5542986053037796,0.5183813480255244,0.9760193194855717,3.0111382063566277,0.4678541670299027,0.15537452450446967
toy.floorssl.s0.e24wz05.extL,8,student.z.proj.out,l2,8,9469,256,0.7901437351998271,1.3071337197966564,1.208365752896678,0.6538945127381385,0.604485771603188,0.6285474266910283,,,
toy.floorssl.s0.e24wz05.extL,8,student.z.proj.tap1,raw,8,9469,2048,624.3328463338676,708.0452636139319,630.0036578221984,0.9909987641850624,0.8817696811461064,17.668232032858686,480.30600252063687,162.30876255564405,0.33792782456153103
toy.floorssl.s0.e24wz05.extL,8,student.z.proj.tap1,l2,8,9469,2048,0.560286892711422,1.0497643419280986,0.9797284803391709,0.5718797646032061,0.5337263520328238,0.5292857889228757,,,
toy.floorssl.s0.e24wz05.extL,8,student.z.proj.tap2,raw,8,9469,2048,6.402809143402621,14.549803088806781,13.749451945881454,0.4656774079871987,0.44006156676637953,1.7892469286549888,10.42294152579955,3.6852879882679446,0.3535746582810503
toy.floorssl.s0.e24wz05.extL,8,student.z.proj.tap2,l2,8,9469,2048,0.5251571653093998,1.07935411159246,1.013709465928785,0.5180549091827195,0.4865476118255502,0.512424221377854,,,
toy.floorssl.s0.e24wz12.extL,8,student.h.cls,raw,8,9469,384,50.34576373928753,121.12964859641907,114.83642812900813,0.43841283257895053,0.4156353487578423,5.017258401721379,83.9264749707068,34.222892055884365,0.4077723038865783
toy.floorssl.s0.e24wz12.extL,8,student.h.cls,l2,8,9469,384,0.1492791446865276,0.35864998445609664,0.3399900913702807,0.4390691037049923,0.41622515309156877,0.2732024383918705,,,
toy.floorssl.s0.e24wz12.extL,8,student.h.cls.L03,raw,8,9469,384,24.57809663493142,23.73089506737616,20.65863298800973,1.1897252179849724,1.0357003629719783,3.5055738927407747,15.787323040312025,5.397727987336008,0.34190267555514126
toy.floorssl.s0.e24wz12.extL,8,student.h.cls.L03,l2,8,9469,384,0.06844241464748851,0.06599253565693883,0.05743723382600276,1.1916036008075224,1.0371235771767484,0.1849897492396383,,,
toy.floorssl.s0.e24wz12.extL,8,student.h.cls.L06,raw,8,9469,384,43.45739756871335,65.18800008594673,59.755825389857556,0.7272495574312565,0.6666471975120759,4.661405237088562,47.42991797438093,13.673038931883617,0.2882787809008873
toy.floorssl.s0.e24wz12.extL,8,student.h.cls.L06,l2,8,9469,384,0.12315775824695444,0.18431253081874888,0.16891781103787956,0.7290987107294239,0.6682006790306979,0.24815092005365852,,,
toy.floorssl.s0.e24wz12.extL,8,student.h.cls.L09,raw,8,9469,384,57.54862900660822,116.1138907389919,108.92031211316586,0.5283553442889186,0.4956222605266897,5.364169507323954,82.29777499269477,29.549380599076763,0.3590544288919079
toy.floorssl.s0.e24wz12.extL,8,student.h.cls.L09,l2,8,9469,384,0.16953833942414318,0.34154836209639283,0.32035606966837493,0.5292184399678934,0.49638164968361215,0.2911514549372398,,,
toy.floorssl.s0.e24wz12.extL,8,student.h.gap,raw,8,9469,384,33.65618803651135,64.6672763363184,60.460252831754474,0.556666346238544,0.520451609272577,4.102205994127511,45.51334797402808,16.54561435495455,0.363533229073726
toy.floorssl.s0.e24wz12.extL,8,student.h.gap,l2,8,9469,384,0.14282363692829292,0.27776421284014,0.25991125822410344,0.5495092359760192,0.5141902027907798,0.2672298981479177,,,
toy.floorssl.s0.e24wz12.extL,8,student.h.gap.L03,raw,8,9469,384,32.41849863170533,30.757947130578017,26.70563480161485,1.2139197915544413,1.0539877220699323,4.026071201041118,20.426088379358823,6.998907062250483,0.34264549003533584
toy.floorssl.s0.e24wz12.extL,8,student.h.gap.L03,l2,8,9469,384,0.2364039937441644,0.22141933505995068,0.19186883584193012,1.2321125142955696,1.0676754750444741,0.3438051728407852,,,
toy.floorssl.s0.e24wz12.extL,8,student.h.gap.L06,raw,8,9469,384,37.203916274745424,51.30636587346094,46.65587633911776,0.7974111557637271,0.7251325569716439,4.312998740710773,35.90677109393653,11.958916617833985,0.3330546371476285
toy.floorssl.s0.e24wz12.extL,8,student.h.gap.L06,l2,8,9469,384,0.2644220393788391,0.3625675916921579,0.32951483676980303,0.8024586752175978,0.7293041227009325,0.3636083328107588,,,
toy.floorssl.s0.e24wz12.extL,8,student.h.gap.L09,raw,8,9469,384,40.86448609209774,68.01169124421678,62.90363048270456,0.6496363688155248,0.600845021561974,4.520203872177545,47.71327970148846,16.8732633445477,0.3536387238545105
toy.floorssl.s0.e24wz12.extL,8,student.h.gap.L09,l2,8,9469,384,0.24420591620810733,0.40588220196089975,0.37535646243488635,0.6505973405225975,0.6016669738862623,0.34943233694673087,,,
toy.floorssl.s0.e24wz12.extL,8,student.z.proj.out,raw,8,9469,256,4.786934391587578,13.29299741867588,12.694630619727432,0.37708339336385976,0.36010948026381295,1.5470834482321207,11.010448576858677,1.8472653274596635,0.1677738481375021
toy.floorssl.s0.e24wz12.extL,8,student.z.proj.out,l2,8,9469,256,0.6322403283853285,1.4457190047059345,1.3666889636577684,0.4626073270491759,0.4373189577831751,0.5622456439961667,,,
toy.floorssl.s0.e24wz12.extL,8,student.z.proj.tap1,raw,8,9469,2048,364.1161780893822,777.1234765508763,731.6089542897034,0.49769234774182247,0.4685435314674147,13.492890314706152,529.7971634361093,220.9653525871354,0.417075378724225
toy.floorssl.s0.e24wz12.extL,8,student.z.proj.tap1,l2,8,9469,2048,0.4604373257623496,1.160081681154211,1.1025270154339173,0.4176199941741446,0.3969007814210482,0.4798110699860673,,,
toy.floorssl.s0.e24wz12.extL,8,student.z.proj.tap2,raw,8,9469,2048,12.158715769647968,38.87369691456106,37.35385744335506,0.325500941585108,0.31277487696555134,2.465635391704131,28.24336123308829,10.082408241074026,0.3569832980524308
toy.floorssl.s0.e24wz12.extL,8,student.z.proj.tap2,l2,8,9469,2048,0.438209785428163,1.2119966988825326,1.1572204757040123,0.37867441393272233,0.3615602136806105,0.4680864158615175,,,
toy.floorssl.s0.e24wz18.extL,8,student.h.cls,raw,8,9469,384,82.45187503973416,222.5208269973028,212.21434261733603,0.38853111445163263,0.37053554111019715,6.42074275453137,157.6084755128703,60.54351663990263,0.3841387110870103
toy.floorssl.s0.e24wz18.extL,8,student.h.cls,l2,8,9469,384,0.2702745161374574,0.7315262601979458,0.6977419456807635,0.3873559814062197,0.3694665944928936,0.36761019853743,,,
toy.floorssl.s0.e24wz18.extL,8,student.h.cls.L03,raw,8,9469,384,41.19726951131302,35.09354680328349,29.94388811436936,1.3758156373668597,1.173927210670494,4.5385718850379035,22.907246984006857,7.813136771763179,0.3410770738717784
toy.floorssl.s0.e24wz18.extL,8,student.h.cls.L03,l2,8,9469,384,0.12879931174135378,0.10965392163359365,0.09355400766592442,1.3767375118903316,1.174598316435358,0.25377087277833305,,,
toy.floorssl.s0.e24wz18.extL,8,student.h.cls.L06,raw,8,9469,384,88.57667792804617,121.76567962338764,110.69359488238187,0.8001969582988413,0.7274354990832176,6.654948456902058,88.28924260938922,24.877739294553802,0.2817754299311222
toy.floorssl.s0.e24wz18.extL,8,student.h.cls.L06,l2,8,9469,384,0.2818970027533608,0.38734190381714445,0.35210477847297433,0.8006054447085492,0.7277730603772685,0.37543108738712677,,,
toy.floorssl.s0.e24wz18.extL,8,student.h.cls.L09,raw,8,9469,384,109.17553773192496,209.6773446042542,196.03040238776356,0.5569316616305626,0.5206835194235375,7.388353596435574,151.70104317559134,49.28378881095287,0.32487442260965693
toy.floorssl.s0.e24wz18.extL,8,student.h.cls.L09,l2,8,9469,384,0.3576251539610563,0.6874875358911144,0.6427843916459824,0.5563687584965825,0.5201914729952248,0.4228623617449633,,,
toy.floorssl.s0.e24wz18.extL,8,student.h.gap,raw,8,9469,384,28.847776922796665,53.52022422553265,49.91425211018307,0.5779466926423484,0.5390070266005049,3.797879469045632,38.546357816745186,12.590514212107571,0.3266330446047497
toy.floorssl.s0.e24wz18.extL,8,student.h.gap,l2,8,9469,384,0.13194021958319882,0.24827465396249762,0.23178212651459776,0.5692424241991288,0.5314284703549669,0.2568464712461501,,,
toy.floorssl.s0.e24wz18.extL,8,student.h.gap.L03,raw,8,9469,384,28.358337019094108,27.498352427518864,23.9535603001321,1.1838881846277238,1.031274040648145,3.7655236700287857,18.37768694968512,6.2211814680288455,0.3385181979136628
toy.floorssl.s0.e24wz18.extL,8,student.h.gap.L03,l2,8,9469,384,0.1852946287603645,0.1793714869817509,0.15620965838670534,1.1861918825893454,1.0330216461840238,0.30438021351622424,,,
toy.floorssl.s0.e24wz18.extL,8,student.h.gap.L06,raw,8,9469,384,31.208017629227953,43.65587342603685,39.75487122238336,0.785011161390878,0.71486412205454,3.95019098457454,30.41137068948775,10.396454749143683,0.3418607748823833
toy.floorssl.s0.e24wz18.extL,8,student.h.gap.L06,l2,8,9469,384,0.19645488003545195,0.27684849293617303,0.25229163293174156,0.7786817095460457,0.7096115205537503,0.3134125715693708,,,
toy.floorssl.s0.e24wz18.extL,8,student.h.gap.L09,raw,8,9469,384,34.42058563194147,55.74223811183214,51.43966490783945,0.6691448261494359,0.6174955796156878,4.148528994230453,39.57549114824682,13.177882818592884,0.3329809039950894
toy.floorssl.s0.e24wz18.extL,8,student.h.gap.L09,l2,8,9469,384,0.1977126843029539,0.3232564846852777,0.29854239914740843,0.6622599833979735,0.6116278981856987,0.3144142842675519,,,
toy.floorssl.s0.e24wz18.extL,8,student.z.proj.out,raw,8,9469,256,7.475394216044644,24.419209211388342,23.484784934382763,0.31830796990183785,0.3061276125419474,1.9333124703529747,20.46603581438067,3.307604819728958,0.16161433751644447
toy.floorssl.s0.e24wz18.extL,8,student.z.proj.out,l2,8,9469,256,0.5708050628651646,1.4994659768238265,1.4281153439656809,0.3996911490917233,0.38067223377368364,0.5342307848042663,,,
toy.floorssl.s0.e24wz18.extL,8,student.z.proj.tap1,raw,8,9469,2048,257.3409084630292,792.7848436872932,760.6172301294146,0.33833168414978476,0.3246037187922515,11.3432999709747,539.8416477832311,242.90201944581057,0.4499505001943567
toy.floorssl.s0.e24wz18.extL,8,student.z.proj.tap1,l2,8,9469,2048,0.41414945760737704,1.2121664737488609,1.1603977915479387,0.3569030039732436,0.34166054463339446,0.45505464375576754,,,
toy.floorssl.s0.e24wz18.extL,8,student.z.proj.tap2,raw,8,9469,2048,19.187202359093057,72.94232571585687,70.54392542097024,0.2719894341659271,0.26304621042432663,3.0973538996289283,53.76934676949371,18.551701493010533,0.34502374694155535
toy.floorssl.s0.e24wz18.extL,8,student.z.proj.tap2,l2,8,9469,2048,0.38959300110446654,1.2547547953258797,1.2060556701878213,0.32303069479686164,0.31049333507690086,0.44135756541859944,,,
toy.floorssl.s0.e24wz25.extL,8,student.h.cls,raw,8,9469,384,92.40099783675817,264.0896116332568,252.53948690366207,0.3658873270460354,0.3498850154131625,6.797094888140012,189.45650012296744,69.96953990927604,0.3693171776310765
toy.floorssl.s0.e24wz25.extL,8,student.h.cls,l2,8,9469,384,0.31617538314872784,0.9030647459780742,0.8635428230844832,0.3661374684574217,0.350113748274262,0.3976024290347884,,,
toy.floorssl.s0.e24wz25.extL,8,student.h.cls.L03,raw,8,9469,384,32.02412661668429,29.741489341396427,25.73847351431089,1.244212350001196,1.0767492592279406,4.0015076294244585,19.528136673523324,6.8810853850225495,0.35236773994684684
toy.floorssl.s0.e24wz25.extL,8,student.h.cls.L03,l2,8,9469,384,0.10424887903221218,0.09672430810875907,0.08369319822973255,1.2456075432325526,1.0777940010177411,0.22830777366551952,,,
toy.floorssl.s0.e24wz25.extL,8,student.h.cls.L06,raw,8,9469,384,89.7295668637585,125.78923537937064,114.57303952140083,0.7831647588174365,0.7133326360808304,6.698117902207996,91.37655683978686,25.760961575270628,0.28192090472874853
toy.floorssl.s0.e24wz25.extL,8,student.h.cls.L06,l2,8,9469,384,0.2963629686506272,0.4151229739622491,0.37807760288092074,0.7838680905516894,0.7139160856888113,0.384943481988348,,,
toy.floorssl.s0.e24wz25.extL,8,student.h.cls.L09,raw,8,9469,384,127.1246253409485,245.3911495961522,229.50057142853362,0.5539185569328094,0.5180489416597193,7.972597611222722,178.61192896434332,56.64822740198784,0.31715814128683784
toy.floorssl.s0.e24wz25.extL,8,student.h.cls.L09,l2,8,9469,384,0.4314328820631955,0.8326484513145544,0.778719341056655,0.5540287229514274,0.5181453005551927,0.4644528404817843,,,
toy.floorssl.s0.e24wz25.extL,8,student.h.gap,raw,8,9469,384,26.74388117032019,52.87954725441092,49.5365621081209,0.5398816557343584,0.5057509483137521,3.6567664110741465,38.27500939742,12.432973402846343,0.32483266754428053
toy.floorssl.s0.e24wz25.extL,8,student.h.gap,l2,8,9469,384,0.13936070647366036,0.2774353292662833,0.26001524095707573,0.5359712990696055,0.5023178080535717,0.2639703643154477,,,
toy.floorssl.s0.e24wz25.extL,8,student.h.gap.L03,raw,8,9469,384,27.243895299728354,25.700447878321217,22.29496096585517,1.2219754652835004,1.060055273305531,3.690792279425134,17.08109542617906,5.815114585077543,0.34044154897496226
toy.floorssl.s0.e24wz25.extL,8,student.h.gap.L03,l2,8,9469,384,0.2097216080277627,0.19623145258173927,0.17001625157826894,1.2335385945808537,1.0687461427234972,0.3238221796200522,,,
toy.floorssl.s0.e24wz25.extL,8,student.h.gap.L06,raw,8,9469,384,31.367434991203066,43.831093470064864,39.91016409616448,0.7859510403320441,0.7156434509813439,3.9602673515308955,30.654052396725216,10.311660524732787,0.33638816790938825
toy.floorssl.s0.e24wz25.extL,8,student.h.gap.L06,l2,8,9469,384,0.23439027226651502,0.3280095544205084,0.298710770387194,0.7846729863897921,0.7145836732732077,0.3423377515455424,,,
toy.floorssl.s0.e24wz25.extL,8,student.h.gap.L09,raw,8,9469,384,31.232460875935537,51.825732814316545,47.9216752048246,0.6517397553913381,0.6026438832584681,3.951737647917403,36.898076923301396,12.245026224558792,0.3318608243462675
toy.floorssl.s0.e24wz25.extL,8,student.h.gap.L09,l2,8,9469,384,0.19562711428661048,0.32666540313582826,0.30221201385000196,0.6473174636389764,0.5988608294869483,0.31275159015312015,,,
toy.floorssl.s0.e24wz25.extL,8,student.z.proj.out,raw,8,9469,256,10.913555030866133,37.21347327615161,35.849278897293345,0.30442885788952695,0.29326891768149266,2.3359746392957836,31.50386090006686,4.755467460995206,0.1509487194626711
toy.floorssl.s0.e24wz25.extL,8,student.z.proj.out,l2,8,9469,256,0.554301881770175,1.5140080228747805,1.4447202876535086,0.3836741869739112,0.36611555116971783,0.5264512711401574,,,
toy.floorssl.s0.e24wz25.extL,8,student.z.proj.tap1,raw,8,9469,2048,196.49372678866,781.5213086419499,756.9595927933674,0.25958284782883817,0.251424656776291,9.91195557871049,534.7801443791409,245.11486458595613,0.4583469808336378
toy.floorssl.s0.e24wz25.extL,8,student.z.proj.tap1,l2,8,9469,2048,0.3962186647002984,1.2334735622159392,1.183946229128402,0.3346593408992795,0.3212218541502343,0.4450947453634441,,,
toy.floorssl.s0.e24wz25.extL,8,student.z.proj.tap2,raw,8,9469,2048,26.57804261712254,105.9172993453261,102.59504401818579,0.25905776318407125,0.2509320269814392,3.6454109930927228,79.04598408587057,26.036379262442498,0.3293826949406844
toy.floorssl.s0.e24wz25.extL,8,student.z.proj.tap2,l2,8,9469,2048,0.3767395460970969,1.2661836902169608,1.2190912469548236,0.30903309907126086,0.29753940838753223,0.434015867277394,,,
toy.floorssl.s0.e24wt05.extL,8,student.h.cls,raw,8,9469,384,99.78979861460311,284.1572736524096,271.6835488255842,0.3673015868865373,0.3511780547862,7.063632161098251,206.21970191494222,72.69622934614043,0.35251835140429433
toy.floorssl.s0.e24wt05.extL,8,student.h.cls,l2,8,9469,384,0.33879652057784254,0.9657270067714187,0.9233774416991883,0.3669101120278541,0.35082017816866695,0.41158019909723703,,,
toy.floorssl.s0.e24wt05.extL,8,student.h.cls.L03,raw,8,9469,384,27.07360815039637,24.36896278776305,20.9847617689635,1.2901556114131485,1.1109872991390288,3.679239605570448,16.707926908751784,4.749003075309492,0.28423652445007497
toy.floorssl.s0.e24wt05.extL,8,student.h.cls.L03,l2,8,9469,384,0.10069671274222378,0.09065557015206398,0.078068481059286,1.2898510560971932,1.1107614520907758,0.22438439422364445,,,
toy.floorssl.s0.e24wt05.extL,8,student.h.cls.L06,raw,8,9469,384,83.11767210166633,113.66036150635644,103.27065249364814,0.8048527833866319,0.7312810816374008,6.446614309141905,82.5465939883324,23.011537188750765,0.2787702808428818
toy.floorssl.s0.e24wt05.extL,8,student.h.cls.L06,l2,8,9469,384,0.2969995841381774,0.4061001093434385,0.3689751613261663,0.804931104496858,0.7313457379224814,0.3853567075698679,,,
toy.floorssl.s0.e24wt05.extL,8,student.h.cls.L09,raw,8,9469,384,137.3104318544142,259.6977991272091,242.53399514540735,0.5661492186779504,0.5287315961701882,8.285844309858055,191.24228259799952,57.11732298654584,0.29866472105757697
toy.floorssl.s0.e24wt05.extL,8,student.h.cls.L09,l2,8,9469,384,0.4677961370885697,0.8847924306337045,0.8263179134976333,0.5661212584736124,0.5287072096147178,0.4836300947462687,,,
toy.floorssl.s0.e24wt05.extL,8,student.h.gap,raw,8,9469,384,26.600222019681954,52.457171907613144,49.1321441551529,0.5414016114518008,0.5070845616025565,3.6469317254153495,38.348924238221265,11.928381654127527,0.311048664104086
toy.floorssl.s0.e24wt05.extL,8,student.h.gap,l2,8,9469,384,0.1373493436645827,0.27345189851841134,0.2562832305603385,0.5359279394296756,0.5022797223524673,0.26205852749393854,,,
toy.floorssl.s0.e24wt05.extL,8,student.h.gap.L03,raw,8,9469,384,29.66477102052221,28.736306560559576,25.0282101829943,1.1852533922173258,1.0323098049502626,3.8512836185174812,18.847556576965186,6.893962677018033,0.3657748763807182
toy.floorssl.s0.e24wt05.extL,8,student.h.gap.L03,l2,8,9469,384,0.2362468671824348,0.22583404810002358,0.19630318970221924,1.2034795132000036,1.0461082780476012,0.34369089832466815,,,
toy.floorssl.s0.e24wt05.extL,8,student.h.gap.L06,raw,8,9469,384,31.519635283262538,43.7149713184682,39.77501690806039,0.7924480674922126,0.7210261000433617,3.9698636804846674,30.44574921278063,10.394040385273788,0.3413954543418015
toy.floorssl.s0.e24wt05.extL,8,student.h.gap.L06,l2,8,9469,384,0.2444652044292678,0.3386933762868644,0.30813522573320595,0.7933698714503163,0.7217891507338253,0.3496177944765311,,,
toy.floorssl.s0.e24wt05.extL,8,student.h.gap.L09,raw,8,9469,384,31.336246959758796,52.1774154985125,48.26038462854265,0.649316146171483,0.6005710834920933,3.9582980534415797,37.48268373082017,11.977788214463326,0.31955524584315126
toy.floorssl.s0.e24wt05.extL,8,student.h.gap.L09,l2,8,9469,384,0.19698448664440046,0.3306793452287336,0.30605628439818355,0.6436217672567731,0.5956963731984672,0.31383473887095453,,,
toy.floorssl.s0.e24wt05.extL,8,student.z.proj.out,raw,8,9469,256,16.845605583460422,57.869266659680484,55.76356596174793,0.30208981963269677,0.29109761633107645,2.902206538434198,49.47034826038553,6.891232607682152,0.13930026470423007
toy.floorssl.s0.e24wt05.extL,8,student.z.proj.out,l2,8,9469,256,0.5463405504287911,1.5210626046638112,1.4527700358602122,0.37606815734280524,0.35918347394356237,0.5226569383586097,,,
toy.floorssl.s0.e24wt05.extL,8,student.z.proj.tap1,raw,8,9469,2048,186.0328463955438,781.2660537593849,758.011947959942,0.24542205026743844,0.23811715036173628,9.644502226541912,532.2987899193325,249.7348465029261,0.46916290480534867
toy.floorssl.s0.e24wt05.extL,8,student.z.proj.tap1,l2,8,9469,2048,0.3816336004559079,1.2453505537576577,1.1976463537006692,0.3186529974200469,0.306446726429266,0.436825823673411,,,
toy.floorssl.s0.e24wt05.extL,8,student.z.proj.tap2,raw,8,9469,2048,38.94421514929996,157.44099705971635,152.57297016605386,0.2552497674189258,0.24735752362219016,4.412721107734997,118.66183937145394,37.52959838153624,0.3162735263529431
toy.floorssl.s0.e24wt05.extL,8,student.z.proj.tap2,l2,8,9469,2048,0.3706443968886254,1.2801002863260749,1.2337697367149967,0.3004161845268579,0.28954324973427326,0.4304906484980977,,,
toy.floorssl.s0.e24wt2.extL,8,student.h.cls,raw,8,9469,384,96.60845560998185,272.37131751812694,260.2952605668792,0.37114949922478385,0.3546939394730957,6.950124301405761,197.7936448350269,69.38777844489546,0.35080893778346367
toy.floorssl.s0.e24wt2.extL,8,student.h.cls,l2,8,9469,384,0.3275248909192155,0.9245961704969079,0.883655559132006,0.37064768906216744,0.354235612660166,0.40467572877503755,,,
toy.floorssl.s0.e24wt2.extL,8,student.h.cls.L03,raw,8,9469,384,33.24582737867968,28.82141745476638,24.66568903243142,1.3478572333806185,1.1535111842038015,4.077120759720006,19.08419916678945,6.180241437620982,0.32384075347400015
toy.floorssl.s0.e24wt2.extL,8,student.h.cls.L03,l2,8,9469,384,0.10843658896912242,0.09393763423462217,0.08038306061348187,1.3489980120380662,1.1543466029630585,0.23284822199141056,,,
toy.floorssl.s0.e24wt2.extL,8,student.h.cls.L06,raw,8,9469,384,92.69056072760918,126.72655761162493,115.14023752067378,0.8050231849744648,0.731421751482236,6.807736801889788,92.7209483450667,24.915011449046414,0.2687096270448364
toy.floorssl.s0.e24wt2.extL,8,student.h.cls.L06,l2,8,9469,384,0.3049893658152743,0.41679223996349,0.3786685692365807,0.8054256164702335,0.7317539449438661,0.39050567589682633,,,
toy.floorssl.s0.e24wt2.extL,8,student.h.cls.L09,raw,8,9469,384,133.25789623125195,248.5349173448618,231.87768031595533,0.5746904835759761,0.5361737403133021,8.162655702381791,182.3863938582761,55.11515708497066,0.302188973196093
toy.floorssl.s0.e24wt2.extL,8,student.h.cls.L09,l2,8,9469,384,0.44990629529489123,0.8393815333945295,0.7831432464826681,0.5744878696401402,0.5359973711542502,0.4742922597380708,,,
toy.floorssl.s0.e24wt2.extL,8,student.h.gap,raw,8,9469,384,29.839505437706915,55.82881564747375,52.09887746776039,0.572747569391914,0.5344821503312178,3.862609573701885,41.403038172824125,11.828326573267994,0.28568740593128256
toy.floorssl.s0.e24wt2.extL,8,student.h.gap,l2,8,9469,384,0.15895193543951983,0.3009951708127146,0.28112617888277464,0.5654113610877924,0.5280879922768694,0.28191482351901953,,,
toy.floorssl.s0.e24wt2.extL,8,student.h.gap.L03,raw,8,9469,384,28.66176988230621,26.556257899376764,22.97353666408849,1.2475993705883948,1.0792849651824952,3.785615530023236,17.636744086240444,5.951750106710019,0.33746308715526246
toy.floorssl.s0.e24wt2.extL,8,student.h.gap.L03,l2,8,9469,384,0.21003418471929766,0.1928847275425002,0.16663045445258798,1.2604789767230666,1.0889103942820915,0.3240634079306839,,,
toy.floorssl.s0.e24wt2.extL,8,student.h.gap.L06,raw,8,9469,384,33.290772430148614,44.59218367279183,40.43083711902326,0.8234005230251553,0.7465607128466589,4.079875759759641,31.93170464197736,9.457956293109648,0.2961932787226222
toy.floorssl.s0.e24wt2.extL,8,student.h.gap.L06,l2,8,9469,384,0.24792068774377143,0.3335969062375727,0.3026068202696013,0.819283212198891,0.7431744213095713,0.35208002481237943,,,
toy.floorssl.s0.e24wt2.extL,8,student.h.gap.L09,raw,8,9469,384,34.44728870175575,55.05918443535723,50.75327334763776,0.6787205322858069,0.6256410997550994,4.150137871309564,40.158438580943184,11.773375941074821,0.29317315008013706
toy.floorssl.s0.e24wt2.extL,8,student.h.gap.L09,l2,8,9469,384,0.22894071272018665,0.368954673782657,0.3403370846926337,0.6726881172145796,0.6205117565607816,0.33833468098924374,,,
toy.floorssl.s0.e24wt2.extL,8,student.z.proj.out,raw,8,9469,256,16.903529402737508,56.881648470429916,54.76870729508773,0.30863480694665957,0.2971701745163883,2.907191892766756,48.61405508577673,6.737591053926815,0.1385934796436693
toy.floorssl.s0.e24wt2.extL,8,student.z.proj.out,l2,8,9469,256,0.5538448261555184,1.5145306430462273,1.4453000397767874,0.38320404823420223,0.3656874350469076,0.5262341808337417,,,
toy.floorssl.s0.e24wt2.extL,8,student.z.proj.tap1,raw,8,9469,2048,188.00736417584235,778.7959878736856,755.2950673517053,0.2489190944077703,0.24140772051118428,9.695549602158774,529.4676245811621,249.7875427308286,0.4717711360131306
toy.floorssl.s0.e24wt2.extL,8,student.z.proj.tap1,l2,8,9469,2048,0.384085950364191,1.2418475634416457,1.1938368196461218,0.3217239944719096,0.30928590728135624,0.4382270817533936,,,
toy.floorssl.s0.e24wt2.extL,8,student.z.proj.tap2,raw,8,9469,2048,38.91310049754612,154.84048959440702,149.97635203221375,0.2594615749100757,0.25131088515333455,4.4109579740429465,116.63268659684363,36.87644391659711,0.3161758936760622
toy.floorssl.s0.e24wt2.extL,8,student.z.proj.tap2,l2,8,9469,2048,0.37602352159383257,1.2789919122883924,1.2319889720891632,0.3052166294607209,0.29399992132948316,0.43360322968921283,,,
toy.floorssl.s1.e24wrep.extL,8,student.h.cls,raw,8,9469,384,100.71618049345979,285.74638999633015,273.15686743464767,0.36871187402072536,0.352467026774173,7.096343441993905,207.571734826145,72.83369080657064,0.3508844345670361
toy.floorssl.s1.e24wrep.extL,8,student.h.cls,l2,8,9469,384,0.3422215142867748,0.9718329656693969,0.9290552763835501,0.36835430892649323,0.35214026111066643,0.41365536034649353,,,
toy.floorssl.s1.e24wrep.extL,8,student.h.cls.L03,raw,8,9469,384,43.93454667631587,36.30040308667407,30.80858475213459,1.426048844170677,1.2103046506512292,4.686925787566722,24.600534927265155,6.880439346239017,0.279686574563601
toy.floorssl.s1.e24wrep.extL,8,student.h.cls.L03,l2,8,9469,384,0.142052004739136,0.11733683566355547,0.09958033507116347,1.4265065952792872,1.2106343582201868,0.266507040000012,,,
toy.floorssl.s1.e24wrep.extL,8,student.h.cls.L06,raw,8,9469,384,103.87480104905069,145.73839093692254,132.7540408057912,0.7824605595321307,0.7127483731723718,7.206760751164516,108.08122332879745,27.403236573304845,0.2535429904409997
toy.floorssl.s1.e24wrep.extL,8,student.h.cls.L06,l2,8,9469,384,0.3414429398105492,0.478979954248831,0.43629958677251235,0.7825882722840587,0.712854341359699,0.41318454703107493,,,
toy.floorssl.s1.e24wrep.extL,8,student.h.cls.L09,raw,8,9469,384,137.25424693587104,258.56569922672503,241.40891835974116,0.5685549973399839,0.530829291535374,8.284148928401487,189.91815124661753,57.30638872194767,0.30174255775864556
toy.floorssl.s1.e24wrep.extL,8,student.h.cls.L09,l2,8,9469,384,0.4636791878626457,0.8739771737209809,0.8160172752381503,0.5682222692250277,0.530539242676693,0.48149724187301723,,,
toy.floorssl.s1.e24wrep.extL,8,student.h.gap,raw,8,9469,384,30.999386088532425,60.027955658595445,56.15303239752889,0.5520518619382095,0.5164158224018013,3.936964953395726,42.84789125187602,14.741506869943912,0.3440427624147893
toy.floorssl.s1.e24wrep.extL,8,student.h.gap,l2,8,9469,384,0.16288708411922212,0.31789791430819087,0.2975370287932881,0.547451471098701,0.5123880239154662,0.28538314957195887,,,
toy.floorssl.s1.e24wrep.extL,8,student.h.gap.L03,raw,8,9469,384,28.581858583605293,27.818384326565763,24.245652003615103,1.1788447091191299,1.0274449532394458,3.780334547603247,18.725760397769445,6.156915609417407,0.32879389026844535
toy.floorssl.s1.e24wrep.extL,8,student.h.gap.L03,l2,8,9469,384,0.20722856092754785,0.20069340541166716,0.17478983529572367,1.1855870255666854,1.0325628811892231,0.3218917216452979,,,
toy.floorssl.s1.e24wrep.extL,8,student.h.gap.L06,raw,8,9469,384,32.77908202679901,48.02003633112225,43.92265107777237,0.7462910644614367,0.6826126036384227,4.0483998089862006,33.324299891694196,11.790655425096324,0.35381554791598324
toy.floorssl.s1.e24wrep.extL,8,student.h.gap.L06,l2,8,9469,384,0.2319708867268709,0.3406193778363964,0.3116230169955375,0.744395869609955,0.6810266879128918,0.34056635676977176,,,
toy.floorssl.s1.e24wrep.extL,8,student.h.gap.L09,raw,8,9469,384,33.900404874938296,55.55586431192973,51.31831370256244,0.660590779958648,0.6102038964707228,4.117062355304951,39.17838340990292,13.495495902406937,0.34446280647189104
toy.floorssl.s1.e24wrep.extL,8,student.h.gap.L09,l2,8,9469,384,0.21331601127028813,0.35163506507086784,0.3249705636620818,0.656416411586445,0.6066403281689123,0.32658537265949933,,,
toy.floorssl.s1.e24wrep.extL,8,student.z.proj.out,raw,8,9469,256,16.78535542455072,58.00022598817909,55.902056560110246,0.3002636478409662,0.28940155212449875,2.8970118591879044,49.58712581338767,6.910942289585589,0.13936968872916108
toy.floorssl.s1.e24wrep.extL,8,student.z.proj.out,l2,8,9469,256,0.5461668380931335,1.5213806721694563,1.4531098174078145,0.3758606758761248,0.35899420052070946,0.5225738407599129,,,
toy.floorssl.s1.e24wrep.extL,8,student.z.proj.tap1,raw,8,9469,2048,189.6307133347525,796.4322473583373,772.7284081914933,0.24540409194812374,0.23810024514167152,9.737317734744833,543.8878855587495,253.24659688693976,0.4656227939822069
toy.floorssl.s1.e24wrep.extL,8,student.z.proj.tap1,l2,8,9469,2048,0.377545123842467,1.2465382106825866,1.1993450702022783,0.3147927424913593,0.30287489032183673,0.43447964500219516,,,
toy.floorssl.s1.e24wrep.extL,8,student.z.proj.tap2,raw,8,9469,2048,39.40774951504981,160.1356068499274,155.20963816054618,0.25390014423129514,0.24608986277474912,4.438904679932303,120.90242962129719,37.943048520144345,0.31383197706608046
toy.floorssl.s1.e24wrep.extL,8,student.z.proj.tap2,l2,8,9469,2048,0.37364311545079554,1.2848987851703817,1.2381933957390323,0.3017647459085191,0.2907957574271107,0.4322285942940353,,,
toy.floorssl.s0.e24v1.extL,8,student.h.cls,raw,8,9469,384,328.7319735908528,390.2916195107257,349.2001228118691,0.9413856184923409,0.842272693436142,12.82052989526667,302.2353142318941,52.25938911692,0.17290960604564984
toy.floorssl.s0.e24v1.extL,8,student.h.cls,l2,8,9469,384,0.9772668864739394,1.1309696473218416,1.008811286512599,0.968731119030491,0.8640964757879459,0.6990232065081743,,,
toy.floorssl.s0.e24v1.extL,8,student.h.cls.L03,raw,8,9469,384,58.99769559120865,38.28847537292454,30.913763424023458,1.9084604738018027,1.540873461703009,5.431284175552253,24.312040401356995,7.29265332846431,0.29996056308203833
toy.floorssl.s0.e24v1.extL,8,student.h.cls.L03,l2,8,9469,384,0.317283854953813,0.20608923092357376,0.16642874905434712,1.9064245616014592,1.5395460186441023,0.39829879170907173,,,
toy.floorssl.s0.e24v1.extL,8,student.h.cls.L06,raw,8,9469,384,142.92416284987442,131.09823913406225,113.23271877782796,1.2622161190910162,1.0902065793860043,8.453524792945084,92.6044436822301,22.85927732983209,0.24684860057334987
toy.floorssl.s0.e24v1.extL,8,student.h.cls.L06,l2,8,9469,384,0.6445388519151217,0.5879070957918819,0.5073397393024918,1.2704284761947804,1.0963277302291439,0.5676877891566463,,,
toy.floorssl.s0.e24v1.extL,8,student.h.cls.L09,raw,8,9469,384,255.6569500343906,271.7516615769337,239.7945428226349,1.0661499925104152,0.9407741926980393,11.30612555286714,202.5967359298785,41.398429262090346,0.20433907324360304
toy.floorssl.s0.e24v1.extL,8,student.h.cls.L09,l2,8,9469,384,0.8771877784091602,0.9205664266751438,0.8109179543739987,1.0817219839290888,0.9528783073018897,0.6622642140449536,,,
toy.floorssl.s0.e24v1.extL,8,student.h.gap,raw,8,9469,384,51.590623200938126,51.79581732700743,45.34698942689016,1.137685739515611,0.9960384035495795,5.078908504833402,37.24589749315602,9.009783927145357,0.24190003553548187
toy.floorssl.s0.e24v1.extL,8,student.h.gap,l2,8,9469,384,0.27778769863252667,0.28156685776918755,0.2468433954401217,1.1253600613345611,0.9865781109090658,0.37268465130222805,,,
toy.floorssl.s0.e24v1.extL,8,student.h.gap.L03,raw,8,9469,384,50.59800447503718,34.84263768797876,28.51788712859911,1.7742550227115201,1.4521863966830004,5.029811352080571,22.975934347946485,6.165060734928701,0.2683268780962422
toy.floorssl.s0.e24v1.extL,8,student.h.gap.L03,l2,8,9469,384,0.4102109766628143,0.2796806189518633,0.2284042468690115,1.7959866433572398,1.466712202655047,0.45288573429884843,,,
toy.floorssl.s0.e24v1.extL,8,student.h.gap.L06,raw,8,9469,384,47.23441701468885,38.59407812752712,32.68977600069101,1.4449293569246358,1.2238773228009567,4.859753955432767,26.651819579997827,6.7112493381488365,0.2518120505057608
toy.floorssl.s0.e24v1.extL,8,student.h.gap.L06,l2,8,9469,384,0.37157282253779306,0.305177665822894,0.2587310630056699,1.4361353376793815,1.2175623059959788,0.43102947842218,,,
toy.floorssl.s0.e24v1.extL,8,student.h.gap.L09,raw,8,9469,384,47.873440368987,44.1491902904002,38.16501024427682,1.2543803882815947,1.0843560222529518,4.892516753624202,30.94687537818444,8.030392281632148,0.2594895989820368
toy.floorssl.s0.e24v1.extL,8,student.h.gap.L09,l2,8,9469,384,0.304710619407702,0.2830160591996965,0.24492723177373377,1.2440863239298632,1.076654873470264,0.3903271828912906,,,
toy.floorssl.s0.e24v1.extL,8,student.z.proj.out,raw,8,9469,256,105.52489732368643,215.62633664145315,202.43572447599234,0.5212760622999675,0.48938779449355896,7.263776473835303,189.77926457733818,13.756739628923768,0.07248810695711
toy.floorssl.s0.e24v1.extL,8,student.z.proj.out,l2,8,9469,256,0.8063014773201564,1.2864573934148757,1.1856697087498562,0.6800388602069481,0.6267611204595319,0.6349415238115068,,,
toy.floorssl.s0.e24v1.extL,8,student.z.proj.tap1,raw,8,9469,2048,286.019272090534,512.4858945505032,476.73348553918646,0.5999563294091785,0.5581017451053926,11.958663639607353,386.74979917544835,99.99997677823009,0.2585650386669374
toy.floorssl.s0.e24v1.extL,8,student.z.proj.tap1,l2,8,9469,2048,0.6374051138975086,1.0214878144104451,0.9418121751732565,0.6767858079348475,0.6239967867510872,0.5645374716958603,,,
toy.floorssl.s0.e24v1.extL,8,student.z.proj.tap2,raw,8,9469,2048,109.84478159865718,248.77862885896235,235.0480311591302,0.46732908613172347,0.44153624490361837,7.41096422871738,198.5849699241804,40.27229731046475,0.20279630087735584
toy.floorssl.s0.e24v1.extL,8,student.z.proj.tap2,l2,8,9469,2048,0.6376433994345785,1.1622260238732274,1.082520598943905,0.5890358114724618,0.5486397536595954,0.5646429842982991,,,
toy.floorssl.s0.e24v2lr.extL,8,student.h.cls,raw,8,9469,384,302.6152274069863,426.55982438450775,388.73292095863445,0.7784656536439526,0.7094320892588426,12.300715983368333,337.8440521486307,56.7225686041838,0.1678957147341737
toy.floorssl.s0.e24v2lr.extL,8,student.h.cls,l2,8,9469,384,0.8885753801578778,1.2127579041992165,1.1016859816794817,0.8065595777149454,0.7326898279377563,0.6665490905244256,,,
toy.floorssl.s0.e24v2lr.extL,8,student.h.cls.L03,raw,8,9469,384,125.10133647726651,106.37436961067868,90.73670255102037,1.3787291466418812,1.1760477353250314,7.908898041992529,71.92209036874738,20.84266759881486,0.28979507536493565
toy.floorssl.s0.e24v2lr.extL,8,student.h.cls.L03,l2,8,9469,384,0.336173631096597,0.2853826677504162,0.24336096386334158,1.3813786145479519,1.1779749406176288,0.4099839210850817,,,
toy.floorssl.s0.e24v2lr.extL,8,student.h.cls.L06,raw,8,9469,384,278.7294454401648,295.0454606733004,260.2042799932798,1.0711946992084966,0.9446999957365821,11.805283678085944,215.77037121771855,49.58072263357016,0.22978466577110246
toy.floorssl.s0.e24v2lr.extL,8,student.h.cls.L06,l2,8,9469,384,0.7880005935274718,0.8259009613989348,0.7274008872080008,1.0833099153234087,0.9541102751505868,0.6276944294509359,,,
toy.floorssl.s0.e24v2lr.extL,8,student.h.cls.L09,raw,8,9469,384,294.5706260606857,360.6009134364358,323.7795851788501,0.9097875207233036,0.8168881860378607,12.136116060352375,277.2079819285585,51.99976919579692,0.18758395351400162
toy.floorssl.s0.e24v2lr.extL,8,student.h.cls.L09,l2,8,9469,384,0.8611951990274919,1.036632755928404,0.9289833560499676,0.9270297400044812,0.8307620940032991,0.6561993595804143,,,
toy.floorssl.s0.e24v2lr.extL,8,student.h.gap,raw,8,9469,384,61.865068372174406,61.43635374574528,53.70322019922348,1.1519806101509895,1.0069781912546985,5.561702453933256,45.68209305318176,8.941227821991655,0.19572719252558193
toy.floorssl.s0.e24v2lr.extL,8,student.h.gap,l2,8,9469,384,0.5853161250928051,0.579234272914746,0.5060697572781454,1.1565917873474196,1.0104998140863708,0.5409788004593179,,,
toy.floorssl.s0.e24v2lr.extL,8,student.h.gap.L03,raw,8,9469,384,63.26276507386301,47.92902106956045,40.02117543532757,1.580732309476837,1.3199260836570885,5.624178387723091,31.90783769233267,9.035202522003168,0.28316561620765335
toy.floorssl.s0.e24v2lr.extL,8,student.h.gap.L03,l2,8,9469,384,0.4731734861712331,0.3573005529433866,0.29815386717198245,1.5870110646537248,1.3243010184935435,0.48640183293817524,,,
toy.floorssl.s0.e24v2lr.extL,8,student.h.gap.L06,raw,8,9469,384,60.40491325784354,55.04328171680286,47.49266755957242,1.2718787206904023,1.0974075559053005,5.495676175769618,39.3087884468395,9.134799380969696,0.2323856761274501
toy.floorssl.s0.e24v2lr.extL,8,student.h.gap.L06,l2,8,9469,384,0.5327161729945808,0.4815665734044243,0.4149770517801017,1.283724414902995,1.106215012451042,0.5160989115443767,,,
toy.floorssl.s0.e24v2lr.extL,8,student.h.gap.L09,raw,8,9469,384,58.83491025809786,55.22002665675015,47.86566287448792,1.2291673555712204,1.0654632715738797,5.423786051186839,40.52416531672897,8.189190194133381,0.2020816500507356
toy.floorssl.s0.e24v2lr.extL,8,student.h.gap.L09,l2,8,9469,384,0.5749897842886147,0.5392836447495223,0.4674099217134454,1.2301617008487962,1.0662103141579171,0.5361855016170312,,,
toy.floorssl.s0.e24v2lr.extL,8,student.z.proj.out,raw,8,9469,256,111.10269643739785,227.9606809546876,214.07284390001288,0.5189948169665586,0.4873765772768597,7.453277682919034,202.24375674136382,12.816264873801453,0.06337038571821689
toy.floorssl.s0.e24v2lr.extL,8,student.z.proj.out,l2,8,9469,256,0.802327269275731,1.2968181116657764,1.19652720300631,0.670546617962266,0.6186891300007625,0.6333747979181564,,,
toy.floorssl.s0.e24v2lr.extL,8,student.z.proj.tap1,raw,8,9469,2048,405.8506962477904,805.0563472205613,754.3250101895875,0.5380316054293179,0.5041270684331359,14.245186840610241,622.113603117118,146.8583719047616,0.23606359219429301
toy.floorssl.s0.e24v2lr.extL,8,student.z.proj.tap1,l2,8,9469,2048,0.5842623576745894,0.9808514115272422,0.9078186168179185,0.643589310519477,0.595668569987435,0.5404916084799973,,,
toy.floorssl.s0.e24v2lr.extL,8,student.z.proj.tap2,raw,8,9469,2048,293.0941250905757,683.1831617247009,646.546396088379,0.45332264917692233,0.4290125130582221,12.105662416625034,549.523215599496,107.2393665755016,0.19514983813470022
toy.floorssl.s0.e24v2lr.extL,8,student.z.proj.tap2,l2,8,9469,2048,0.5594446468128107,1.0786280140186169,1.0086974331670155,0.5546208688727577,0.5186631902211607,0.5288878174115994,,,
toy.floorssl.s0.e24v3nq.extL,8,student.h.cls,raw,8,9469,384,287.2126387269849,480.7605957353988,444.85901589452567,0.6456262062025554,0.5974130186099135,11.98358541353515,389.05686698879776,62.18458429424691,0.15983417739298614
toy.floorssl.s0.e24v3nq.extL,8,student.h.cls,l2,8,9469,384,0.7994743168370049,1.289153301824512,1.1892190122198865,0.6722683615229507,0.6201545740956683,0.6322477033714733,,,
toy.floorssl.s0.e24v3nq.extL,8,student.h.cls.L03,raw,8,9469,384,200.88388840173974,170.98739460580654,145.87690855558907,1.3770780474497735,1.1748461859709391,10.02207284950922,117.96925981015849,30.981630987325275,0.26262461116720004
toy.floorssl.s0.e24v3nq.extL,8,student.h.cls.L03,l2,8,9469,384,0.49178383585552343,0.4172235719819557,0.3557505925000153,1.3823837436208972,1.1787057800195249,0.4958749014900449,,,
toy.floorssl.s0.e24v3nq.extL,8,student.h.cls.L06,raw,8,9469,384,290.2414002251639,333.4865834679311,297.2064084397856,0.9765650806414801,0.8703240688334145,12.04660533563634,249.59671768262996,53.15464713311838,0.21296212396793687
toy.floorssl.s0.e24v3nq.extL,8,student.h.cls.L06,l2,8,9469,384,0.7592277032744956,0.8633696299963456,0.7684661670870336,0.9879780474297813,0.8793773569238349,0.6161281130067413,,,
toy.floorssl.s0.e24v3nq.extL,8,student.h.cls.L09,raw,8,9469,384,297.97726253216763,418.25507629174155,381.0079184752206,0.7820762983736964,0.7124295183074415,12.206089925364461,327.79745489955025,59.37147231702133,0.18112243225077826
toy.floorssl.s0.e24v3nq.extL,8,student.h.cls.L09,l2,8,9469,384,0.815987080415867,1.1268155295220987,1.0248171444701153,0.7962269999276559,0.7241532079008005,0.638743720288453,,,
toy.floorssl.s0.e24v3nq.extL,8,student.h.gap,raw,8,9469,384,52.268956184475755,59.89733703714837,53.3637175140889,0.9794849125845831,0.872642403986316,5.112189168275943,43.89650182232526,10.524455512763492,0.23975613262674322
toy.floorssl.s0.e24v3nq.extL,8,student.h.gap,l2,8,9469,384,0.7076919427959222,0.7856178134741595,0.6971563206246693,1.0151122809326505,0.900809440237062,0.5948495367720825,,,
toy.floorssl.s0.e24v3nq.extL,8,student.h.gap.L03,raw,8,9469,384,57.47152532954182,47.2264912382678,40.04255057207507,1.4352613534468852,1.216934051686915,5.36057484461983,31.010716624760377,10.069835626074934,0.3247211519786265
toy.floorssl.s0.e24v3nq.extL,8,student.h.gap.L03,l2,8,9469,384,0.41498983538364825,0.34272807427910945,0.2908543448561534,1.426796067251077,1.2108428416800503,0.45551610036509593,,,
toy.floorssl.s0.e24v3nq.extL,8,student.h.gap.L06,raw,8,9469,384,50.37585470533572,51.69713187934022,45.400150041173255,1.1095966568315305,0.9744419636840139,5.018757550695975,36.56558585254766,9.851272232499618,0.26941376714775767
toy.floorssl.s0.e24v3nq.extL,8,student.h.gap.L06,l2,8,9469,384,0.4848100950466344,0.4987915227956387,0.4381902609148094,1.1063917624150224,0.9719693958096143,0.4923464710174302,,,
toy.floorssl.s0.e24v3nq.extL,8,student.h.gap.L09,raw,8,9469,384,48.29586669617587,52.46354878353939,46.4265654465174,1.0402636126898483,0.9205604236846604,4.914054674918456,37.920712427857765,9.464575436060024,0.24958854488997007
toy.floorssl.s0.e24v3nq.extL,8,student.h.gap.L09,l2,8,9469,384,0.6034179400246659,0.6508642288434396,0.5754369863403564,1.0486255738656316,0.9271026325980705,0.549280411094673,,,
toy.floorssl.s0.e24v3nq.extL,8,student.z.proj.out,raw,8,9469,256,115.12374375209251,262.28701867453213,247.89655070552058,0.46440236229365467,0.43892276611275133,7.586954057857887,234.97124568074352,13.982641388854661,0.05950788296816938
toy.floorssl.s0.e24v3nq.extL,8,student.z.proj.out,l2,8,9469,256,0.7416366917202539,1.350359684159648,1.2576550976946161,0.589697996755815,0.5492141837615563,0.6089485576468072,,,
toy.floorssl.s0.e24v3nq.extL,8,student.z.proj.tap1,raw,8,9469,2048,463.4497055850408,1028.1711288564022,970.2399156582721,0.47766505799816245,0.4507515262566449,15.22251138257155,803.9443629834702,184.50542683358458,0.22950024321195242
toy.floorssl.s0.e24v3nq.extL,8,student.z.proj.tap1,l2,8,9469,2048,0.532534100713349,1.0173140510513077,0.9507472884621391,0.5601216087344704,0.5234707022507161,0.5160107075988584,,,
toy.floorssl.s0.e24v3nq.extL,8,student.z.proj.tap2,raw,8,9469,2048,443.2999158495996,1213.9590253959827,1158.5465359147827,0.38263453569396083,0.36516876317551084,14.887913148752574,949.1252588866042,231.805383972341,0.24423054997426394
toy.floorssl.s0.e24v3nq.extL,8,student.z.proj.tap2,l2,8,9469,2048,0.45559206907032473,1.0565955209290168,0.9996465122952262,0.45575317221311373,0.4311887189051712,0.4772798283346598,,,
toy.floorssl.s0.e24v4oas.extL,8,student.h.cls,raw,8,9469,384,248.3068011226464,587.0448166174872,556.0064664771564,0.4465897720505164,0.422977588923063,11.14241448525961,440.34785874997635,128.7197532621543,0.29231379397995366
toy.floorssl.s0.e24v4oas.extL,8,student.h.cls,l2,8,9469,384,0.6311111089928859,1.4425274907072392,1.3636386020831284,0.4628140535393944,0.4375036961572678,0.5617433172690557,,,
toy.floorssl.s0.e24v4oas.extL,8,student.h.cls.L03,raw,8,9469,384,77.94402485043325,60.740621393242535,50.997618286938376,1.5283855887520232,1.2832273207383522,6.2427567968980355,40.998114584592116,11.066601868804675,0.2699295316610417
toy.floorssl.s0.e24v4oas.extL,8,student.h.cls.L03,l2,8,9469,384,0.17815767108771355,0.13880989608631253,0.11654018720034834,1.5287230556909646,1.2834652003264553,0.2984607772285276,,,
toy.floorssl.s0.e24v4oas.extL,8,student.h.cls.L06,raw,8,9469,384,178.42389499017727,223.0556901846795,200.75270331090732,0.8887745571916447,0.7999073901340548,9.445207647007484,163.23764221541,41.645704358889624,0.2551231676327053
toy.floorssl.s0.e24v4oas.extL,8,student.h.cls.L06,l2,8,9469,384,0.4342816573233878,0.5403542475164553,0.4860690403510319,0.8934567340675638,0.8036980542290688,0.4659837214556898,,,
toy.floorssl.s0.e24v4oas.extL,8,student.h.cls.L09,raw,8,9469,384,250.28268497523416,410.5218765741786,379.2365409522743,0.6599645813316587,0.6096695432259376,11.186659129857183,305.81423579375695,81.69329325235557,0.2671337161277543
toy.floorssl.s0.e24v4oas.extL,8,student.h.cls.L09,l2,8,9469,384,0.6350652230155488,1.0253214352768945,0.9459382823999508,0.6713601033296989,0.6193815921190076,0.5635003207698949,,,
toy.floorssl.s0.e24v4oas.extL,8,student.h.gap,raw,8,9469,384,42.26620751444356,63.985011848391856,58.70173590908641,0.7200163139962816,0.6605641898541875,4.5970755657506635,45.70833871811337,14.418636899777097,0.3154487190772317
toy.floorssl.s0.e24v4oas.extL,8,student.h.gap,l2,8,9469,384,0.19990608091258974,0.3057275875810991,0.28073932746702535,0.7120700997478524,0.6538699451176008,0.316153507739982,,,
toy.floorssl.s0.e24v4oas.extL,8,student.h.gap.L03,raw,8,9469,384,39.133662592334865,37.9791080958682,33.08740027182634,1.1827360950342438,1.0303997264378169,4.423441114807275,25.028722039938593,8.99693189671671,0.35946429395636786
toy.floorssl.s0.e24v4oas.extL,8,student.h.gap.L03,l2,8,9469,384,0.16679370312223132,0.16053032718659796,0.13968111429631905,1.1941034689084433,1.0390167767387213,0.28878513043630843,,,
toy.floorssl.s0.e24v4oas.extL,8,student.h.gap.L06,raw,8,9469,384,45.30462289329161,59.25478028532276,53.59170242366131,0.845366369128239,0.7645732998273126,4.759444447269639,41.27045428761582,13.718052653927339,0.33239403080774343
toy.floorssl.s0.e24v4oas.extL,8,student.h.gap.L06,l2,8,9469,384,0.21704546624555388,0.2850157909355483,0.25788510765485406,0.8416362938492796,0.7615208460314228,0.32942788759116454,,,
toy.floorssl.s0.e24v4oas.extL,8,student.h.gap.L09,raw,8,9469,384,45.73419688324661,64.27012598074406,58.55335137033823,0.7810688169492975,0.711593390947281,4.781955503935948,45.49151365519835,14.517739300346355,0.31913071546449634
toy.floorssl.s0.e24v4oas.extL,8,student.h.gap.L09,l2,8,9469,384,0.2249529832652688,0.31890336828830806,0.29078424538014946,0.7736078788284495,0.7053954446222644,0.3353751505890596,,,
toy.floorssl.s0.e24v4oas.extL,8,student.z.proj.out,raw,8,9469,256,57.43859709472701,398.67001282616366,391.4901881893228,0.14671784588110795,0.14407553928509936,5.359038957440364,320.2591086653056,77.81171883301593,0.2429648891402334
toy.floorssl.s0.e24v4oas.extL,8,student.z.proj.out,l2,8,9469,256,0.3606058921121272,1.679299829396447,1.634224092882431,0.22065877848863033,0.21473585943359005,0.4246209439677506,,,
toy.floorssl.s0.e24v4oas.extL,8,student.z.proj.tap1,raw,8,9469,2048,182.4298758318935,759.9706237218097,737.166889242823,0.24747432161430277,0.24004858890265826,9.550651177587147,529.1008776521933,230.46837055901992,0.43558493340946464
toy.floorssl.s0.e24v4oas.extL,8,student.z.proj.tap1,l2,8,9469,2048,0.393616035310619,1.2492926756718166,1.2000906712579893,0.32798858014454263,0.3150711142198517,0.44363049675975785,,,
toy.floorssl.s0.e24v4oas.extL,8,student.z.proj.tap2,raw,8,9469,2048,64.42806499739329,414.9415313906311,406.8880232659569,0.15834347858226525,0.15527022513622507,5.675740700445771,299.3899359343281,118.35717853273428,0.3953278461527719
toy.floorssl.s0.e24v4oas.extL,8,student.z.proj.tap2,l2,8,9469,2048,0.29701656501221974,1.3354027798638948,1.2982757092373673,0.22877772640966462,0.22241721336126907,0.38536772374721506,,,
toy.floorssl.s0.e24va.extL,8,student.h.cls,raw,8,9469,384,285.81179929772344,632.1350465435618,596.4085716313464,0.4792214815356312,0.45213724640092,11.95432556227501,480.7381433475137,128.84536530400223,0.268015690219245
toy.floorssl.s0.e24va.extL,8,student.h.cls,l2,8,9469,384,0.6565937693308789,1.421739140596399,1.3396649194300392,0.49011790919346226,0.461824360448744,0.5729719754625346,,,
toy.floorssl.s0.e24va.extL,8,student.h.cls.L03,raw,8,9469,384,98.34573512776625,77.92729110497525,65.63407421400447,1.4983944895315064,1.2620191685514317,7.012336811925332,52.79648655994157,14.211102669302328,0.26916758283087644
toy.floorssl.s0.e24va.extL,8,student.h.cls.L03,l2,8,9469,384,0.22268349720565622,0.1762892377666321,0.14845380061592509,1.5000188360402833,1.263171252123966,0.33367911022841706,,,
toy.floorssl.s0.e24va.extL,8,student.h.cls.L06,raw,8,9469,384,180.99756068503652,227.58844584808645,204.9637507624569,0.8830710796993756,0.7952844882373818,9.513084691230192,167.44948377059845,41.62202242996295,0.24856465062014804
toy.floorssl.s0.e24va.extL,8,student.h.cls.L06,l2,8,9469,384,0.41910710348395475,0.5248814685085132,0.4724930805730189,0.8870121504756853,0.7984795208618746,0.45777019534038843,,,
toy.floorssl.s0.e24va.extL,8,student.h.cls.L09,raw,8,9469,384,272.1765146858317,437.28914032130126,403.2670759855723,0.674928678520657,0.6224177314027238,11.665687178341267,327.7867093987739,83.98367783979049,0.2562144084299003
toy.floorssl.s0.e24va.extL,8,student.h.cls.L09,l2,8,9469,384,0.633917030252938,1.0056840830712956,0.9264444542896784,0.6842472069617748,0.6303341585331603,0.5629906883123992,,,
toy.floorssl.s0.e24va.extL,8,student.h.gap,raw,8,9469,384,45.458004048291926,67.44036424146803,61.75811373543154,0.736065292457467,0.6740474278212825,4.767494312964197,47.697912767880176,15.613869078225788,0.3273491054883262
toy.floorssl.s0.e24va.extL,8,student.h.gap,l2,8,9469,384,0.21528008763680037,0.32277110110172086,0.2958610901471208,0.7276390671370457,0.6669744809928171,0.3280854215267728,,,
toy.floorssl.s0.e24va.extL,8,student.h.gap.L03,raw,8,9469,384,42.7040721233713,40.891474550653925,35.55346553523251,1.2011226326461124,1.044327028864465,4.620826339702202,26.801643379823943,9.766715252646556,0.3644073280968606
toy.floorssl.s0.e24va.extL,8,student.h.gap.L03,l2,8,9469,384,0.19652339256159498,0.18769756194044837,0.163132137870249,1.2046883902049057,1.047021551744752,0.31346721723458976,,,
toy.floorssl.s0.e24va.extL,8,student.h.gap.L06,raw,8,9469,384,49.554057741428494,63.3159305444669,57.12167332678834,0.867517613812429,0.7826475472334183,4.9776529479981075,43.426785662077066,15.243400818987775,0.35101379451851183
toy.floorssl.s0.e24va.extL,8,student.h.gap.L06,l2,8,9469,384,0.2508744643198242,0.32341866185519175,0.29205935381521375,0.8589845216138933,0.7756956969667734,0.3541711904713766,,,
toy.floorssl.s0.e24va.extL,8,student.h.gap.L09,raw,8,9469,384,50.49581455243191,71.50563040573786,65.19365358668387,0.774551076283688,0.7061795590907755,5.024729572446258,50.045597681959656,16.84443932436895,0.3365818394540026
toy.floorssl.s0.e24va.extL,8,student.h.gap.L09,l2,8,9469,384,0.26219153400024064,0.37359727425392936,0.3408233325038993,0.7692886871154602,0.7018025881581577,0.3620714943213844,,,
toy.floorssl.s0.e24va.extL,8,student.z.proj.out,raw,8,9469,256,43.24491935407007,334.3331085757072,328.9274936564484,0.1314724983106388,0.12934680486266464,4.649995664195294,253.58946848232785,82.48791598341535,0.32528131580970515
toy.floorssl.s0.e24va.extL,8,student.z.proj.out,l2,8,9469,256,0.33968799182471743,1.6954791802644442,1.6530181812863545,0.20549561745314696,0.20034925570229428,0.4121213363954343,,,
toy.floorssl.s0.e24va.extL,8,student.z.proj.tap1,raw,8,9469,2048,199.6655805867591,790.9822647755996,766.0240672022546,0.26065183737111103,0.2524273798267827,9.991636016858278,549.3198838880095,240.05575865768392,0.43700540559100604
toy.floorssl.s0.e24va.extL,8,student.z.proj.tap1,l2,8,9469,2048,0.3982846922416865,1.2309117142842096,1.1811261277539988,0.33720758764269754,0.32356885357394943,0.446253679111829,,,
toy.floorssl.s0.e24va.extL,8,student.z.proj.tap2,raw,8,9469,2048,49.41874967956028,315.17641091043737,308.99906720049233,0.15993171153327526,0.156797107806407,4.970852526456618,228.61468563304462,88.44321577116335,0.38686585477332747
toy.floorssl.s0.e24va.extL,8,student.z.proj.tap2,l2,8,9469,2048,0.3109630604216895,1.3396467356650534,1.3007763531123422,0.2390595890505345,0.2321231800466525,0.39431146345350493,,,
toy.floorssl.s0.e24vb.extL,8,student.h.cls,raw,8,9469,384,270.56820593407826,620.945372298678,587.1243465569182,0.4608362905077524,0.4357359246151746,11.63116945827199,472.7190152519209,127.32177442164283,0.26933922756162165
toy.floorssl.s0.e24vb.extL,8,student.h.cls,l2,8,9469,384,0.6417771143690337,1.434839163516286,1.3546170242201567,0.4737701526662122,0.4472815704279104,0.5664702615182168,,,
toy.floorssl.s0.e24vb.extL,8,student.h.cls.L03,raw,8,9469,384,67.9710328663792,56.77361358966972,48.27723448137232,1.4079313696522053,1.197229286084177,5.829709806944905,37.52432147516703,11.889932128894682,0.3168593504552305
toy.floorssl.s0.e24vb.extL,8,student.h.cls.L03,l2,8,9469,384,0.14428446549452528,0.12050891986678924,0.10247336167997359,1.408019246456739,1.19729282823228,0.26859306161415014,,,
toy.floorssl.s0.e24vb.extL,8,student.h.cls.L06,raw,8,9469,384,181.67216188208158,236.34998767077977,213.64096743551957,0.8503620071694035,0.7686573782907877,9.530796448410845,172.21113432516762,46.006383281403416,0.2671510379493497
toy.floorssl.s0.e24vb.extL,8,student.h.cls.L06,l2,8,9469,384,0.40714831744124186,0.5278822481935674,0.4769887085134122,0.8535806197806326,0.771286245814324,0.4511919311342136,,,
toy.floorssl.s0.e24vb.extL,8,student.h.cls.L09,raw,8,9469,384,262.5226704110115,430.6471598539817,397.83182605260527,0.6598835317320696,0.6096003756300734,11.456933935635037,322.1785368882367,84.14667647335251,0.2611802675810862
toy.floorssl.s0.e24vb.extL,8,student.h.cls.L09,l2,8,9469,384,0.6214960066051003,1.005741720500671,0.9280547196750334,0.6696760367995571,0.6179479223509906,0.5574477583617591,,,
toy.floorssl.s0.e24vb.extL,8,student.h.gap,raw,8,9469,384,48.927492689144024,75.76203638410108,69.64609979795807,0.7025159029878442,0.645804878331011,4.946083940307929,55.367531366476015,15.849530719570875,0.28626038272617416
toy.floorssl.s0.e24vb.extL,8,student.h.gap,l2,8,9469,384,0.20839061242849272,0.32645345999366776,0.30040463344010615,0.6936997277375253,0.6383470784243943,0.322792977331054,,,
toy.floorssl.s0.e24vb.extL,8,student.h.gap.L03,raw,8,9469,384,38.5076678300561,37.01887762300651,32.2054191442495,1.1956890751080913,1.0402170541800635,4.387919087110433,24.650639757089863,8.431045592813174,0.3420213704753155
toy.floorssl.s0.e24vb.extL,8,student.h.gap.L03,l2,8,9469,384,0.16370061211146822,0.15668685983000621,0.1362242833160727,1.2016991987518402,1.0447628619851812,0.2860949249038405,,,
toy.floorssl.s0.e24vb.extL,8,student.h.gap.L06,raw,8,9469,384,42.775331789545476,57.55813543484462,52.21121896115144,0.8192747198906258,0.7431674335240903,4.624680085667844,40.421187072858146,13.128144892035717,0.3247837543309298
toy.floorssl.s0.e24vb.extL,8,student.h.gap.L06,l2,8,9469,384,0.18973321735741497,0.2568684663752108,0.23315181420553396,0.8137754278427208,0.7386395848226438,0.3080042348389182,,,
toy.floorssl.s0.e24vb.extL,8,student.h.gap.L09,raw,8,9469,384,47.02904564615035,68.79594579931553,62.91731509354674,0.7474738166469216,0.6836019928171153,4.849177540890329,49.50486630712765,14.907673009947265,0.3011355069107797
toy.floorssl.s0.e24vb.extL,8,student.h.gap.L09,l2,8,9469,384,0.20737099801333442,0.3063861576880358,0.280464782936369,0.7393833758457372,0.676828873661064,0.32200232764169145,,,
toy.floorssl.s0.e24vb.extL,8,student.z.proj.out,raw,8,9469,256,53.290326831959284,385.4264227083573,378.7651318543624,0.14069491183377925,0.13826329408734586,5.161895331753604,306.9099283428598,78.55014164543468,0.25593874420928986
toy.floorssl.s0.e24vb.extL,8,student.z.proj.out,l2,8,9469,256,0.35279852969578146,1.685539986198466,1.6414401699864931,0.21493231136087312,0.20930890550480288,0.4199991248180057,,,
toy.floorssl.s0.e24vb.extL,8,student.z.proj.tap1,raw,8,9469,2048,188.9617377899904,779.0034582278895,755.3832410041407,0.2501534685079869,0.24256854805221104,9.720126999941678,547.0919166726371,230.73835306839388,0.4217542720640498
toy.floorssl.s0.e24vb.extL,8,student.z.proj.tap1,l2,8,9469,2048,0.3947346178204178,1.2452577703737309,1.1959159431461786,0.33006886485848014,0.31699028683992775,0.44426040664255567,,,
toy.floorssl.s0.e24vb.extL,8,student.z.proj.tap2,raw,8,9469,2048,59.74850119628809,391.48635277211343,384.0177901225774,0.1555878470557745,0.15261962715483993,5.465734223152828,283.66476681462063,110.4949780529979,0.3895266207847663
toy.floorssl.s0.e24vb.extL,8,student.z.proj.tap2,l2,8,9469,2048,0.2985191017730801,1.340147352279703,1.302832464558068,0.22913084367631287,0.2227509544120459,0.38634123632682554,,,
toy.floorssl.s0.e24vc.extL,8,student.h.cls,raw,8,9469,384,258.354214946521,627.2666389221389,594.9723620538238,0.4342289346931869,0.4118730359874756,11.365610739122667,480.7110297699188,127.22465598406149,0.2646593235960378
toy.floorssl.s0.e24vc.extL,8,student.h.cls,l2,8,9469,384,0.6175453542423879,1.4558331075627338,1.3786399382824353,0.4479380997853222,0.42418691471871,0.5556731747360079,,,
toy.floorssl.s0.e24vc.extL,8,student.h.cls.L03,raw,8,9469,384,91.22890129823004,74.42440278710018,63.020790124821424,1.4476000874876138,1.2257928566682774,6.753847099921275,49.869414120579556,14.54644639125016,0.2916907416653867
toy.floorssl.s0.e24vc.extL,8,student.h.cls.L03,l2,8,9469,384,0.20586094383327852,0.1678709418355282,0.14213832385636838,1.4483141368776955,1.2263048123895741,0.32082779168369946,,,
toy.floorssl.s0.e24vc.extL,8,student.h.cls.L06,raw,8,9469,384,197.85566213068168,249.07931721650036,224.34735945016516,0.8819166074233731,0.7943480187024322,9.946247084470647,185.30277928821857,43.33013335861374,0.2338342334910065
toy.floorssl.s0.e24vc.extL,8,student.h.cls.L06,l2,8,9469,384,0.46784723949384227,0.5859791346066892,0.5274982296699589,0.8869171746539537,0.7984025571283568,0.48365651008429644,,,
toy.floorssl.s0.e24vc.extL,8,student.h.cls.L09,raw,8,9469,384,265.66673342500434,434.81743780249695,401.60909612437143,0.6615057676450932,0.6109845427718923,11.525335861158327,330.8343719845643,78.72480554552585,0.2379583628910206
toy.floorssl.s0.e24vc.extL,8,student.h.cls.L09,l2,8,9469,384,0.6400891703073613,1.0323573729271385,0.9523462266387183,0.672118135613914,0.6200267340489439,0.5657248316573003,,,
toy.floorssl.s0.e24vc.extL,8,student.h.gap,raw,8,9469,384,47.780860485274424,70.7182148883831,64.7456073277238,0.7379784120862645,0.6756513942085294,4.887783776174762,51.035993643083806,15.20000172916569,0.29782905444078744
toy.floorssl.s0.e24vc.extL,8,student.h.gap,l2,8,9469,384,0.20547902904627907,0.3084931393993486,0.2828082607685637,0.7265665737198284,0.6660732535133744,0.3205300524492821,,,
toy.floorssl.s0.e24vc.extL,8,student.h.gap.L03,raw,8,9469,384,40.11235602709259,37.91980467188915,32.90576016850258,1.2190071228163926,1.0578207449688901,4.478412443438668,25.12837375913655,8.675716372140394,0.3452557835735768
toy.floorssl.s0.e24vc.extL,8,student.h.gap.L03,l2,8,9469,384,0.1665438815958431,0.15711758246008645,0.13629959726060606,1.2218956251015893,1.0599951895145234,0.2885687800125328,,,
toy.floorssl.s0.e24vc.extL,8,student.h.gap.L06,raw,8,9469,384,42.2154359003377,51.026480353240274,45.74955086569806,0.9227508270904107,0.8273240797345519,4.594313653873542,35.51137300029004,11.382944833335095,0.3205436419831507
toy.floorssl.s0.e24vc.extL,8,student.h.gap.L06,l2,8,9469,384,0.18082814558721322,0.22144150252204106,0.19883798432363942,0.9094245558881123,0.8165955501914759,0.30068932936439,,,
toy.floorssl.s0.e24vc.extL,8,student.h.gap.L09,raw,8,9469,384,45.96899933294754,63.5066374622492,57.76051254563076,0.7958551146275246,0.7238455879556415,4.794215229469133,45.40071319578283,13.72655804744539,0.30234234401234955
toy.floorssl.s0.e24vc.extL,8,student.h.gap.L09,l2,8,9469,384,0.19731583952035545,0.2757389534740805,0.25107447353403606,0.7858857045202845,0.7155892812181256,0.31409858286878295,,,
toy.floorssl.s0.e24vc.extL,8,student.z.proj.out,raw,8,9469,256,66.51308014266614,443.60545346739013,435.29131844955685,0.1528013018490143,0.14993747173929994,5.766848365557488,368.4141082417755,73.07751060900246,0.1983569819238426
toy.floorssl.s0.e24vc.extL,8,student.z.proj.out,l2,8,9469,256,0.3630199200747365,1.678774183654032,1.63339669364469,0.22224847245448362,0.2162410666124164,0.4260398573342267,,,
toy.floorssl.s0.e24vc.extL,8,student.z.proj.tap1,raw,8,9469,2048,176.47393386883454,750.3687157725257,728.3094740389214,0.2423062450227081,0.23518295760391564,9.39345340832738,534.4450760920854,214.90356437540217,0.40210598616942644
toy.floorssl.s0.e24vc.extL,8,student.z.proj.tap1,l2,8,9469,2048,0.38984659696845403,1.2732051327694525,1.2244743081483958,0.31837874782196574,0.30619307677504165,0.44150118740975886,,,
toy.floorssl.s0.e24vc.extL,8,student.z.proj.tap2,raw,8,9469,2048,79.5465014232944,527.2301924720919,517.2868797941801,0.15377637541270067,0.15087622552554228,6.306603738276823,382.24140516820165,148.90077887284065,0.3895464407036655
toy.floorssl.s0.e24vc.extL,8,student.z.proj.tap2,l2,8,9469,2048,0.28707920888292726,1.3606180074531349,1.324733106342769,0.21670720502749083,0.21099177528915325,0.3788662091576176,,,
toy.floorssl.s0.e24vh0.extL,8,student.h.cls,raw,8,9469,384,83.70766529543619,247.76975258301852,237.30629442108898,0.352741023998718,0.3378445690919792,6.469453813709322,174.3402664991301,69.82939782416867,0.4005351100258705
toy.floorssl.s0.e24vh0.extL,8,student.h.cls,l2,8,9469,384,0.28425750220621376,0.842537973205386,0.8070057854296093,0.35223725447629767,0.337382422212702,0.3769996698978752,,,
toy.floorssl.s0.e24vh0.extL,8,student.h.cls.L03,raw,8,9469,384,52.996146311973455,43.40073470988137,36.77621642088469,1.4410440080474864,1.2210886904619018,5.147627915456471,29.00294935161383,8.614197934017309,0.29701110151192206
toy.floorssl.s0.e24vh0.extL,8,student.h.cls.L03,l2,8,9469,384,0.16870668735928146,0.1381941467021633,0.1171058107822531,1.4406346383013835,1.2207947397575307,0.2904364709874446,,,
toy.floorssl.s0.e24vh0.extL,8,student.h.cls.L06,raw,8,9469,384,106.13514853083218,136.3585379210069,123.09164435465287,0.862244948365744,0.7783535240918815,7.284749430516886,97.94056583170119,27.898772920721495,0.28485411212206085
toy.floorssl.s0.e24vh0.extL,8,student.h.cls.L06,l2,8,9469,384,0.3462020590366258,0.44468051765164096,0.40140526027206275,0.8624751424582191,0.7785410992703702,0.41605411849699664,,,
toy.floorssl.s0.e24vh0.extL,8,student.h.cls.L09,raw,8,9469,384,133.3886279875279,237.97439395773097,221.30081545929,0.6027480183960994,0.5605167252205311,8.166658679886405,172.36275322834211,54.36254418711194,0.3153961234019842
toy.floorssl.s0.e24vh0.extL,8,student.h.cls.L09,l2,8,9469,384,0.4505067398896632,0.804128801621467,0.7478154591352592,0.6024303648531275,0.5602420146887529,0.4746086492520249,,,
toy.floorssl.s0.e24vh0.extL,8,student.h.gap,raw,8,9469,384,24.34482728281978,41.36784668008188,38.32474326972941,0.6352247975017332,0.5884963621889828,3.4888986287093364,29.713438587716823,9.552144010260683,0.3214755499287593
toy.floorssl.s0.e24vh0.extL,8,student.h.gap,l2,8,9469,384,0.1270641161292243,0.21812156625086776,0.20223855173471472,0.6282883013121057,0.5825380695418457,0.2520556646152039,,,
toy.floorssl.s0.e24vh0.extL,8,student.h.gap.L03,raw,8,9469,384,26.756030820769045,25.382595479190357,22.038091626594227,1.2140811134699838,1.0541093341973118,3.6575969447691365,16.756469931467628,5.8969561300012705,0.3519211477190161
toy.floorssl.s0.e24vh0.extL,8,student.h.gap.L03,l2,8,9469,384,0.18896114088631522,0.1774486481971101,0.1538285055863207,1.228388328717657,1.06487788329848,0.3073769191776728,,,
toy.floorssl.s0.e24vh0.extL,8,student.h.gap.L06,raw,8,9469,384,29.48831334296109,37.132676178931476,33.44663701106134,0.8816525659428429,0.7941338028227634,3.839812061999981,26.03987129207865,8.241194026785658,0.316483669767317
toy.floorssl.s0.e24vh0.extL,8,student.h.gap.L06,l2,8,9469,384,0.2105365752172957,0.26762391243063083,0.24130684052846887,0.872484902442942,0.7866882047465307,0.3244507475852812,,,
toy.floorssl.s0.e24vh0.extL,8,student.h.gap.L09,raw,8,9469,384,30.004669511428666,44.41491034753705,40.664326658608466,0.7378621995472487,0.6755539812339736,3.8732847501460994,31.632351640554436,10.045258633458396,0.31756281504470296
toy.floorssl.s0.e24vh0.extL,8,student.h.gap.L09,l2,8,9469,384,0.18795932016631417,0.28067607213237616,0.2571811571115869,0.7308440566847654,0.6696663478946874,0.30656102179363426,,,
toy.floorssl.s0.e24vh0.extL,8,student.z.proj.out,raw,8,9469,256,53.822625065067726,373.4343743147892,366.7065461816557,0.14677301407759863,0.1441287379176764,5.1876114477217605,292.8316582503968,80.79848726709061,0.27592128443298575
toy.floorssl.s0.e24vh0.extL,8,student.z.proj.out,l2,8,9469,256,0.3650509132651793,1.6744065391909313,1.628775175032784,0.22412602970685108,0.21801808863071623,0.4272299809617645,,,
toy.floorssl.s0.e24vh0.extL,8,student.z.proj.tap1,raw,8,9469,2048,160.33226742057994,709.1726154147378,689.1310819871653,0.23265859226411448,0.22608355700087845,8.953554250145022,482.6132538101042,228.63859732983585,0.4737511776247223
toy.floorssl.s0.e24vh0.extL,8,student.z.proj.tap1,l2,8,9469,2048,0.3737240831014347,1.244355528307863,1.1976400179201836,0.31205043043772224,0.30033545445781357,0.432275423255495,,,
toy.floorssl.s0.e24vh0.extL,8,student.z.proj.tap2,raw,8,9469,2048,58.906086961546976,359.43985561772115,352.0765947475278,0.16731043142412863,0.16388301419805817,5.427065826095487,257.9118595592435,103.6989159659347,0.40207114222335555
toy.floorssl.s0.e24vh0.extL,8,student.z.proj.tap2,l2,8,9469,2048,0.30349809869911326,1.3191271674187748,1.2811899050813855,0.2368876756641585,0.23007493606017415,0.3895498034264125,,,
toy.floorssl.s0.e24vac.extL,8,student.h.cls,raw,8,9469,384,283.1043767748245,610.050708883636,574.662661786783,0.4926444601334908,0.46406695812695986,11.897570692683958,455.5770936095209,132.69258153246656,0.29126262798058616
toy.floorssl.s0.e24vac.extL,8,student.h.cls,l2,8,9469,384,0.6697904076729172,1.4085492166846083,1.3248254157254937,0.5055688090842748,0.47551792989487823,0.5787013079615931,,,
toy.floorssl.s0.e24vac.extL,8,student.h.cls.L03,raw,8,9469,384,95.46149770983656,76.55533464850939,64.62264743477982,1.4772142816677503,1.2469607526128854,6.908744376145226,51.71092627866877,14.30141071622311,0.2765645820992105
toy.floorssl.s0.e24vac.extL,8,student.h.cls.L03,l2,8,9469,384,0.20374827928218323,0.16326685955824716,0.13779832464797426,1.478597652059179,1.2479463366507266,0.31917728559703556,,,
toy.floorssl.s0.e24vac.extL,8,student.h.cls.L06,raw,8,9469,384,185.87786881352238,236.7802497543767,213.54551615268642,0.8704367675911233,0.7850226908973288,9.640484137571162,171.1894989659956,47.03144998851699,0.2747332650226351
toy.floorssl.s0.e24vac.extL,8,student.h.cls.L06,l2,8,9469,384,0.414390353224866,0.525794303531073,0.4739955093779648,0.8742495340698058,0.7881225613171304,0.45518696885173787,,,
toy.floorssl.s0.e24vac.extL,8,student.h.cls.L09,raw,8,9469,384,262.1404612030121,427.5251550511597,394.7575974007832,0.6640542523539332,0.6131579817137148,11.44859076923907,314.8746335459532,88.8983402745274,0.28232931714251114
toy.floorssl.s0.e24vac.extL,8,student.h.cls.L09,l2,8,9469,384,0.6194666051532678,0.9970424403164406,0.9196091146722821,0.6736194707835458,0.6213041492563365,0.5565368833928565,,,
toy.floorssl.s0.e24vac.extL,8,student.h.gap,raw,8,9469,384,40.14138089765289,60.668592213011415,55.650919600804805,0.7213066951201356,0.6616501130719147,4.480032416046389,42.29066281259067,14.853735688358856,0.3512296734194632
toy.floorssl.s0.e24vac.extL,8,student.h.gap,l2,8,9469,384,0.17434491939975577,0.2661572900828336,0.24436417515786416,0.7134634988419455,0.655044689347025,0.29524982590998744,,,
toy.floorssl.s0.e24vac.extL,8,student.h.gap.L03,raw,8,9469,384,39.465648985887356,40.90591467971412,35.9727085564782,1.0970997339253765,0.9647907715765853,4.442164392831908,27.055848825989976,9.946990616843893,0.36764659208506395
toy.floorssl.s0.e24vac.extL,8,student.h.gap.L03,l2,8,9469,384,0.17511159330868256,0.1806533787646878,0.15876442960110246,1.1029649005677944,0.9693236545372133,0.2958982876840305,,,
toy.floorssl.s0.e24vac.extL,8,student.h.gap.L06,raw,8,9469,384,43.076501961053964,57.01913865233317,51.63457590720142,0.8342569141745605,0.7554744420764994,4.640932124102547,39.370926349537605,13.634610311191983,0.3463116460644852
toy.floorssl.s0.e24vac.extL,8,student.h.gap.L06,l2,8,9469,384,0.19643040302719195,0.26092092170454656,0.23636712132614757,0.8310394522093894,0.7528350035863343,0.3133930463708408,,,
toy.floorssl.s0.e24vac.extL,8,student.h.gap.L09,raw,8,9469,384,44.287347445861776,64.07701402961689,58.54109559888417,0.7565172293547906,0.6911581027385549,4.705706506246527,44.638577902820145,15.457012433317564,0.3462702702350433
toy.floorssl.s0.e24vac.extL,8,student.h.gap.L09,l2,8,9469,384,0.20268910147801097,0.29573564532385704,0.2703995076391057,0.7495912372315936,0.6853725774451309,0.3183465890173876,,,
toy.floorssl.s0.e24vac.extL,8,student.z.proj.out,raw,8,9469,256,26.178871613333058,214.27755879038818,211.00519983872155,0.12406742408880189,0.12217271729767046,3.6179325320777513,143.82139523218197,73.89668575488366,0.5138087113922553
toy.floorssl.s0.e24vac.extL,8,student.z.proj.out,l2,8,9469,256,0.3334067473793589,1.6958923781831237,1.6542165347607038,0.20154964019120322,0.1965966423745301,0.4082932447269725,,,
toy.floorssl.s0.e24vac.extL,8,student.z.proj.tap1,raw,8,9469,2048,208.6974956759431,804.3441373019998,778.2569503425069,0.26816014374699304,0.2594629412927334,10.215123486183197,549.1380393036532,254.05460737759734,0.4626425219053428
toy.floorssl.s0.e24vac.extL,8,student.z.proj.tap1,l2,8,9469,2048,0.4111223656392968,1.2059994346373242,1.154609138932412,0.3560705972061104,0.34089764375630255,0.45338855611897444,,,
toy.floorssl.s0.e24vac.extL,8,student.z.proj.tap2,raw,8,9469,2048,35.537370317551606,196.68209347184063,192.23992218214667,0.1848594709889659,0.18068432001228196,4.215291823679092,144.15826807148343,52.920372905997816,0.3670991169216622
toy.floorssl.s0.e24vac.extL,8,student.z.proj.tap2,l2,8,9469,2048,0.33990557264165167,1.3306862692155508,1.2881980726353444,0.26386126470930543,0.25543629667271495,0.412253303589948,,,
