step,kl,blocks,h_within,h_between,h_ratio,h_offmax_over_med,bn1_relu_within,bn1_relu_between,bn1_relu_ratio,bn1_relu_offmax_over_med,bn2_relu_within,bn2_relu_between,bn2_relu_ratio,bn2_relu_offmax_over_med,z_within,z_between,z_ratio,z_offmax_over_med,guilty,h_guilty_rank,h_guilty_over_sib,bn1_relu_guilty_rank,bn1_relu_guilty_over_sib,bn2_relu_guilty_rank,bn2_relu_guilty_over_sib,z_guilty_rank,z_guilty_over_sib
0,0.6868394613265991,1,144.82388305664062,0.0,0.0,,37.465248107910156,0.0,0.0,,3.4102816581726074,0.0,0.0,,244.8515167236328,0.0,0.0,,0,0,,0,,0,,0,
1,0.8078132271766663,2,142.1140594482422,0.43881338834762573,0.0030877549346723233,,37.976585388183594,0.06069377809762955,0.0015981894495578953,,4.110676527023315,0.01239539310336113,0.0030154143781138303,,505.8810806274414,1.5206890106201172,0.0030060207207868207,,0,1,0.9625776694947666,0,1.0272966178577356,0,1.4107548519766624,0,3.1321457787695564
2,0.48254749178886414,3,142.11348470052084,0.6505029201507568,0.004577348317941659,1.1495704650878906,38.67495981852213,0.06435330212116241,0.0016639526562699223,1.074095606803894,3.7686222394307456,0.015805339440703392,0.004193930417151814,1.2356865406036377,414.1574198404948,1.8402012586593628,0.004443241073329274,1.5907962322235107,1,2,0.9716740304473596,1,0.9927633031596025,0,1.4815159391605626,0,3.225284044621635
3,0.3841400742530823,4,142.2811508178711,0.7786490321159363,0.005472608477230104,1.1985305547714233,39.57552528381348,0.06391850113868713,0.001615101775157739,1.4688392877578735,3.6601840257644653,0.01811588741838932,0.004949447156446086,1.4021824598312378,371.9843559265137,1.9024481773376465,0.005114323081139142,2.0758583545684814,2,3,0.9763285116049134,2,0.9604762047103743,0,1.4426566203318174,0,3.1321457787695564
4,0.3217080533504486,4,139.59306716918945,0.7767705321311951,0.005564535172722686,1.2448363304138184,41.013797760009766,0.054599642753601074,0.0013312505970085535,1.3764840364456177,3.5784682035446167,0.01793253980576992,0.0050112335182989805,1.4211474657058716,367.1769332885742,1.8974831104278564,0.005167762292236843,2.211181640625,3,2,0.9809439528150291,3,0.91037019792975,0,1.5597503916555644,0,3.3241312378317804
5,0.120958611369133,4,137.50254821777344,0.8061687350273132,0.005862936690820605,1.1645022630691528,40.37628364562988,0.05299992859363556,0.0013126499966861608,1.4508780241012573,3.0401570200920105,0.015332426875829697,0.005043300979028267,1.114000916481018,225.85694122314453,1.183732271194458,0.005241071028341527,1.104112148284912,2,0,1.0649847100892016,1,1.0550391553837868,0,1.0815494316232053,0,1.087949549692852
6,0.12389624118804932,4,136.41290664672852,0.7680111527442932,0.005630047563851333,1.3352596759796143,39.12532615661621,0.053314246237277985,0.0013626530811235776,1.2867450714111328,2.9930593371391296,0.014776288531720638,0.00493685118379388,1.223043441772461,222.66740036010742,1.1402661800384521,0.005120939024726404,1.2474671602249146,3,0,1.0649847100892016,1,1.1763976589912466,0,1.151494416006296,0,1.126235306851209
7,0.12830504775047302,4,134.39772415161133,0.7483493089675903,0.005568169503550467,1.2144447565078735,38.38389587402344,0.05830356106162071,0.0015189589210270354,1.3526439666748047,2.871053993701935,0.01401703990995884,0.004882193069411864,1.0768157243728638,214.80544662475586,1.0484906435012817,0.004881117587920815,1.0356677770614624,3,2,0.9951614149086999,0,1.202584977055261,0,1.0830990475644917,0,1.0542221318493485
8,0.11886057257652283,4,134.09359741210938,0.7823455929756165,0.00583432474088406,1.0470820665359497,37.606672286987305,0.05691710114479065,0.0015134841155431122,1.5683515071868896,2.795888066291809,0.014405997470021248,0.005152565885489095,1.06150484085083,210.3116111755371,1.0914117097854614,0.005189498115130277,1.1074432134628296,2,0,1.0368727250508454,3,0.8920513903851561,0,1.040739586002713,0,1.0496297853078116
9,0.6075101494789124,4,135.7935562133789,0.7563026547431946,0.005569503265344786,1.088616132736206,38.687893867492676,0.05895064398646355,0.0015237491135695177,1.7590537071228027,3.789891302585602,0.01929706335067749,0.005091719474253083,1.7611827850341797,485.5077018737793,2.652392625808716,0.005463131924729541,3.610118865966797,0,0,1.0231479876963279,0,1.0241978039594095,0,2.330240174946774,0,6.0855582207156065
10,1.2373985052108765,4,133.22676277160645,0.7766754031181335,0.005829725101476835,1.1407958269119263,40.0298547744751,0.049361903220415115,0.0012331272121399394,1.2975473403930664,4.804400980472565,0.021561503410339355,0.004487865084112639,1.130506157875061,809.5904273986816,3.372581958770752,0.004165787841152337,1.2012184858322144,0,3,0.9462838452350453,0,1.0081347098516804,0,2.442758312727073,0,7.07551440230928
11,1.2343783378601074,4,133.73913764953613,0.7469274997711182,0.005584958247064851,1.227715253829956,40.917572021484375,0.05461027845740318,0.001334641225259633,1.435410499572754,4.787248075008392,0.022458931431174278,0.004691407480723653,1.1243324279785156,808.5868377685547,3.414396286010742,0.00422267111771619,1.2103302478790283,1,3,0.9321040770676796,1,1.0042960256622704,0,2.4990207526414916,0,7.210767959556938
12,1.2666378021240234,4,133.4625415802002,0.7647106647491455,0.005729777476848185,1.1154154539108276,41.11501598358154,0.06332729756832123,0.0015402474267214128,1.0368114709854126,4.786377906799316,0.02290143072605133,0.004784710102710146,1.094294786453247,807.3384094238281,3.4001197814941406,0.004211517427890862,1.230000376701355,2,3,0.9321040770676796,2,0.9886673347955064,0,2.5021504453930303,0,7.210767959556938
13,0.8047053813934326,4,131.6445140838623,0.8346512913703918,0.00634019045289414,1.0531063079833984,42.98450183868408,0.060287535190582275,0.0014025412093138707,1.1572378873825073,3.9954371452331543,0.021926023066043854,0.0054877657360229495,1.544329047203064,580.3471069335938,2.857811450958252,0.004924314116181607,2.5252974033355713,3,3,0.9676500530443766,3,0.9433851368351315,0,2.5021504453930303,0,7.210767959556938
14,0.1947440207004547,4,133.24271392822266,0.8464197516441345,0.0063524655622077585,1.1146810054779053,42.62728977203369,0.06423459947109222,0.0015068891270031985,1.3580125570297241,2.986673593521118,0.01823539286851883,0.006105586130361282,1.2341982126235962,254.8271713256836,1.4880309104919434,0.005839373025846429,1.7937204837799072,1,3,0.9752799204916388,0,1.1672764547075336,0,1.248555046186365,0,1.8783057695711527
15,0.20876362919807434,4,133.1047592163086,0.8340785503387451,0.00626633153652518,1.2099109888076782,41.47822189331055,0.05924532935023308,0.0014283478569217054,1.4419251680374146,3.0207712650299072,0.017589565366506577,0.005822872314144722,1.3105814456939697,256.94720458984375,1.4827723503112793,0.005770727697459014,1.786999225616455,2,3,0.9752799204916388,0,1.2239046853634736,0,1.1905730892661757,0,1.8588316540041656
16,0.19716903567314148,4,132.7047004699707,0.8448983430862427,0.006366755209830957,1.1574738025665283,40.15104866027832,0.0718243271112442,0.0017888530812471767,1.5380915403366089,3.0388087034225464,0.018514368683099747,0.006092640402881367,1.1595367193222046,258.5178909301758,1.5625293254852295,0.006044182551014466,1.634227991104126,3,2,0.9752799204916388,0,1.2475977018965176,0,1.1905730892661757,0,1.8588316540041656
17,0.11452427506446838,4,134.5789909362793,0.812741756439209,0.006039142891359822,1.1621328592300415,37.818172454833984,0.09026473015546799,0.0023868083594803693,1.2954951524734497,2.9721928238868713,0.017218822613358498,0.005793306031484412,1.110153079032898,221.13298797607422,1.2666513919830322,0.005728007402134317,1.0765739679336548,0,0,1.0312792913543776,1,1.0037394225313192,0,1.099150237811039,0,1.1541312245351998
18,0.10885533690452576,4,134.3796157836914,0.7489249110221863,0.005573203247043941,1.0700457096099854,37.930280685424805,0.09777705371379852,0.0025778099172192683,1.505065679550171,2.936672627925873,0.015951327979564667,0.005431769216588111,1.1624466180801392,220.40158081054688,1.2024097442626953,0.005455540472263058,1.0517246723175049,1,0,1.0374592895499766,1,1.0037394225313192,0,1.1235134916835134,0,1.1702655913056514
19,0.12043234705924988,4,134.23638153076172,0.7658487558364868,0.00570522497033328,1.0175162553787231,40.7933464050293,0.09601453691720963,0.00235368130782652,1.2014226913452148,2.927240312099457,0.015532653778791428,0.005306244832236269,1.0684415102005005,219.34469604492188,1.1685700416564941,0.0053275509402660485,1.1015633344650269,2,0,1.0374592895499766,2,0.973486054105145,0,1.1235134916835134,0,1.1702655913056514
20,0.11650124192237854,4,135.10499572753906,0.8191734552383423,0.006063235862057516,1.0774811506271362,41.5495023727417,0.07763150334358215,0.0018684099426064806,1.3608174324035645,2.9672967195510864,0.015745701268315315,0.005306412791336026,1.1158353090286255,223.57054138183594,1.2910420894622803,0.005774652069466123,1.2476083040237427,3,0,1.0332590356018179,3,0.973486054105145,0,1.1135651150317274,0,1.1430750690063864
21,0.12341964244842529,4,134.3430633544922,0.8170135021209717,0.006081545870106528,1.0926369428634644,41.3863582611084,0.07317901402711868,0.0017681916723725482,1.7466883659362793,2.8754047751426697,0.01547478698194027,0.0053817768947582185,1.0452691316604614,214.82720184326172,1.231705904006958,0.005733472732683139,1.126771092414856,1,2,0.9896574903267468,2,0.9787061204458448,0,1.0619186538207397,0,1.0757467680523245
22,0.1270914077758789,4,134.91217422485352,0.8808414936065674,0.0065289993187605064,1.1322033405303955,40.197988510131836,0.062165454030036926,0.0015464817105056944,1.2718828916549683,2.8964051008224487,0.01647067442536354,0.005686592120931775,1.0724453926086426,215.68824005126953,1.291906714439392,0.005989694728522534,1.1404986381530762,2,3,0.9871787847920671,1,1.0227386849632287,0,1.0526459078696613,0,1.0616640618656268
23,0.12854894995689392,4,133.73522567749023,0.8407835364341736,0.006286926515993391,1.2251642942428589,39.84314441680908,0.0621073879301548,0.0015587973499388982,1.653334379196167,2.9273972511291504,0.016527198255062103,0.005645697128630992,1.1847212314605713,216.7825164794922,1.2666511535644531,0.005842958067535301,1.1194264888763428,3,2,0.9896574903267468,1,1.0227386849632287,0,1.0526459078696613,0,1.0616640618656268
24,0.12235447764396667,4,133.26538467407227,0.8302233219146729,0.0062298497388887115,1.1777764558792114,39.12847423553467,0.07925602793693542,0.002025533310086463,1.5696659088134766,2.8445611596107483,0.016196617856621742,0.005693889829683992,1.0851666927337646,210.8108367919922,1.187474012374878,0.005632888851660709,1.1421806812286377,1,3,0.9697898860229826,0,1.3507760944226521,0,1.0581165434632822,0,1.0414211746085416
25,0.12469524145126343,4,132.75504302978516,0.796311616897583,0.005998353047265565,1.0745530128479004,39.47312641143799,0.06546302884817123,0.0016584201658068373,1.4699350595474243,2.8286492824554443,0.016259711235761642,0.005748224545408188,1.0379611253738403,210.78800582885742,1.191156029701233,0.005650966832848895,1.14401376247406,2,3,0.984677291375186,0,1.3507760944226521,0,1.0824083254280363,0,1.0418743965160502
26,0.6072229743003845,4,130.7761516571045,0.7285575270652771,0.005571027422305233,1.3255972862243652,39.762611389160156,0.0634414553642273,0.0015955052534985749,1.5080205202102661,3.6592716574668884,0.019666049629449844,0.005374307094506223,1.6248087882995605,468.59606552124023,2.5207056999206543,0.005379272011421524,3.141662359237671,0,3,0.9673551817518369,2,0.9163041579621689,0,2.2303861130266998,0,5.927950078956915
27,0.7688127756118774,4,132.04986381530762,0.730845034122467,0.005534614069308455,1.1982409954071045,37.09244632720947,0.061884019523859024,0.0016683725569877953,1.3838917016983032,4.023139774799347,0.02166193723678589,0.005384336227260777,1.4424757957458496,527.3774299621582,2.8034844398498535,0.005315897648579721,2.561494827270508,1,3,0.9583752111196955,2,0.9532526660973097,0,2.2303861130266998,0,5.927950078956915
28,0.8286120295524597,4,133.75759315490723,0.7170961499214172,0.005361162181581232,1.102905035018921,39.810824394226074,0.05499966815114021,0.0013815254767524242,1.0704514980316162,4.126445174217224,0.022213013842701912,0.005383087113696031,1.4313298463821411,534.569393157959,2.8322348594665527,0.005298161278436045,2.569756507873535,2,3,0.9368366108055407,3,0.9163041579621689,0,1.9988570495802336,0,5.391616185424948
29,0.6919455528259277,4,133.046049118042,0.6890465021133423,0.00517900761939952,1.1944552659988403,39.74340534210205,0.07153545320034027,0.0017999326576215505,1.6987965106964111,4.1203137040138245,0.02177025005221367,0.005283638969286748,1.439109444618225,532.5208969116211,2.7592201232910156,0.005181430699326988,2.7799034118652344,3,3,0.9368366108055407,3,0.9226621137630455,0,1.9988570495802336,0,5.391616185424948
30,0.2310245782136917,4,131.8808708190918,0.792854905128479,0.006011902258486611,1.1593033075332642,41.00879669189453,0.07095309346914291,0.001730192036655563,1.64155912399292,3.1766433119773865,0.018244503065943718,0.005743327554955152,1.3303639888763428,267.6613082885742,1.4696834087371826,0.00549083249325177,1.6715344190597534,3,1,1.0453651107674715,3,0.9192839341782942,0,1.621741872957231,0,2.2502090736923095
31,0.11681190133094788,4,132.35001754760742,0.7799611687660217,0.00589317011979589,1.1448832750320435,41.11456871032715,0.07032190263271332,0.0017103889165946639,1.9944456815719604,2.8056663870811462,0.016332335770130157,0.005821196648800922,1.0909247398376465,212.10623168945312,1.1591522693634033,0.005464960930806266,1.0619200468063354,0,1,1.0597857771686696,3,0.9296229930377518,1,1.0817211708737478,0,1.1482075960263438
32,0.11941716074943542,4,131.68984603881836,0.7980359196662903,0.006059965469403407,1.1396911144256592,39.64104080200195,0.08150353282690048,0.002056039175005324,1.204712152481079,2.747420608997345,0.015611927956342697,0.005682394572282173,1.0650774240493774,209.34034729003906,1.121260166168213,0.0053561589090836735,1.0319019556045532,1,0,1.0597857771686696,3,0.9338553961431879,0,1.0817211708737478,0,1.1482075960263438
33,0.11867015063762665,4,133.18087005615234,0.7837641835212708,0.005884960679343936,1.2051916122436523,41.41707134246826,0.06415838748216629,0.0015490807389942013,2.1391942501068115,2.842698395252228,0.015498113818466663,0.005451902264535363,1.0403485298156738,217.84296417236328,1.1312918663024902,0.00519315310733369,1.040033221244812,0,1,1.001192673917675,0,1.1284813343691682,0,1.0938421430458054,0,1.072866152873194
34,0.11780855059623718,4,134.21989059448242,0.7343966960906982,0.005471593612823941,1.0824800729751587,40.07895565032959,0.05989829823374748,0.0014945074606317718,1.2939636707305908,2.906146466732025,0.014574984088540077,0.005015226952731571,1.0449835062026978,221.01971817016602,1.121812343597412,0.0050756210933800665,1.1493867635726929,1,1,1.001192673917675,0,1.2084112155155746,0,1.0938421430458054,0,1.072866152873194
35,0.1209186315536499,4,132.1576042175293,0.7546216249465942,0.005710012900237652,1.166064977645874,39.7608118057251,0.07653357088565826,0.0019248493028665556,1.5607155561447144,2.8457788825035095,0.01468749437481165,0.005161150947149716,1.063983678817749,214.59992599487305,1.0977061986923218,0.005115128505303151,1.0699211359024048,2,0,1.0496149959070662,0,1.2502345225978941,0,1.1457443725075254,0,1.1447757545425692
36,0.12045581638813019,4,132.23827362060547,0.7594418525695801,0.005742980695198998,1.2035402059555054,38.45238971710205,0.0707973837852478,0.0018411699326390636,1.2115906476974487,2.817991256713867,0.014744135551154613,0.005232143824444698,1.0853228569030762,211.3974494934082,1.0733674764633179,0.005077485461794976,1.117355227470398,3,1,1.0496149959070662,0,1.2924129621887899,0,1.1457443725075254,0,1.1447757545425692
37,0.1199200451374054,4,133.31813430786133,0.7804539203643799,0.005854071724122223,1.0403060913085938,36.4912109375,0.07504159957170486,0.0020564294152976095,1.5223711729049683,2.818902611732483,0.01474233902990818,0.005229814953006701,1.0470232963562012,210.44218063354492,1.133988618850708,0.005388599450152,1.253819227218628,0,0,1.0829279234115345,0,1.071862941951055,0,1.1470792214050747,0,1.1262141103718777
38,0.12261168658733368,4,136.13578414916992,0.798966646194458,0.005868895171008053,1.0834977626800537,39.23988151550293,0.07346959412097931,0.001872319468955401,1.0254942178726196,2.953585982322693,0.015984974801540375,0.00541205669894527,1.0785225629806519,227.2901382446289,1.2141541242599487,0.005341868915373588,1.2502549886703491,0,1,1.014328251304271,0,1.2663863392791375,0,1.1643885294477268,0,1.2792782890517471
39,0.11224979162216187,4,138.65071868896484,0.8113911151885986,0.005852051275758565,1.0057452917099,40.092403411865234,0.07166507840156555,0.0017874976879125304,1.1095210313796997,3.0327311754226685,0.016285203397274017,0.0053698143538898945,1.0574814081192017,232.9166488647461,1.252563714981079,0.005377733713266837,1.2515826225280762,1,2,0.9891666858690551,0,1.2213405577699448,0,1.0504734822703492,0,1.1587357035328485
40,0.11698147654533386,4,138.1547966003418,0.8435240983963013,0.006105644676503504,1.106942892074585,39.90566825866699,0.10669871419668198,0.002673773397429785,2.5770297050476074,3.037421226501465,0.016752120107412338,0.0055152443004119036,1.0670195817947388,234.91949081420898,1.3134918212890625,0.005591242415589369,1.2742786407470703,2,2,0.9891666858690551,0,1.2213405577699448,0,1.0504734822703492,0,1.1587357035328485
41,0.11911556124687195,4,136.58916854858398,0.8484664559364319,0.006211813608299675,1.1229491233825684,40.11367225646973,0.10445906221866608,0.0026040762748122223,2.926187515258789,3.0320947766304016,0.01647672802209854,0.005434107188565293,1.008251667022705,235.15757369995117,1.24733304977417,0.0053042435765462605,1.0839427709579468,3,1,1.0293135059862282,0,1.1952560119447695,0,1.0504734822703492,0,1.1587357035328485
42,0.11229978501796722,4,135.39562606811523,0.8523832559585571,0.006295500679835386,1.1492112874984741,38.64518737792969,0.10031339526176453,0.0025957538847140803,3.187744617462158,2.979144275188446,0.016185514628887177,0.005432940849386477,1.1463290452957153,223.09564590454102,1.2051684856414795,0.005402026026797275,1.0900497436523438,1,2,0.9991067875283902,2,0.9695871813626638,0,1.0407294067319866,0,1.0759203723831443
43,0.22080641984939575,4,132.92530059814453,0.8376848101615906,0.006301921503221213,1.1829776763916016,39.28800392150879,0.08699886500835419,0.002214387505717118,2.7560572624206543,3.228203237056732,0.017246276140213013,0.005342376199317939,1.3807528018951416,271.3819999694824,1.4394233226776123,0.005304048620908826,1.5592271089553833,0,3,0.967859735359091,0,1.0973694950890767,0,1.3526331428946938,0,1.9481290432505274
44,0.23031273484230042,4,132.8371925354004,0.7736138105392456,0.005823774168767394,1.0874594449996948,38.78330039978027,0.058227770030498505,0.0015013619117064207,1.1145983934402466,3.251274883747101,0.016527894884347916,0.005083511999237507,1.3886131048202515,270.50568771362305,1.4277920722961426,0.005278233091378496,1.6297410726547241,1,3,0.9695400303602727,0,1.0973694950890767,0,1.3526331428946938,0,1.9481290432505274
45,0.20498508214950562,4,133.2879295349121,0.74808269739151,0.005612531457288222,1.030648946762085,39.30025291442871,0.055236462503671646,0.0014054989066849518,1.0607248544692993,3.1774319410324097,0.017056649550795555,0.005368061336115831,1.5073634386062622,266.33594131469727,1.4437952041625977,0.005420955193038096,1.6985419988632202,2,3,0.9695400303602727,0,1.0506413608614154,0,1.413690823979621,0,1.9504038122280554
46,0.19940759241580963,4,134.1335792541504,0.7766569256782532,0.00579017521188097,1.1333614587783813,38.245216369628906,0.06556867063045502,0.0017144280214485613,1.606234073638916,3.189486265182495,0.01832478865981102,0.0057453731216373545,1.1869630813598633,269.1166000366211,1.5474483966827393,0.005750103845218631,1.5066962242126465,3,3,0.9550246711670802,0,1.1722186821016851,0,1.413690823979621,0,1.9504038122280554
47,0.6272580623626709,4,133.92719650268555,0.7945287227630615,0.005932542034112761,1.1880035400390625,37.23842239379883,0.062433723360300064,0.0016765942096058535,1.612599492073059,3.7689757347106934,0.021572444587945938,0.005723688902868948,1.7705990076065063,461.3550338745117,2.6612207889556885,0.005768270840368762,3.1897530555725098,0,3,0.948952614569075,1,1.0617927226186088,0,2.2240410003572393,0,5.50849217969923
48,0.5741942524909973,4,134.45584869384766,0.8464701771736145,0.00629552515116694,1.2371302843093872,39.430742263793945,0.07903359830379486,0.002004364964145375,1.8964650630950928,3.803419828414917,0.022185446694493294,0.005833025985916239,1.622804045677185,464.7223777770996,2.7047677040100098,0.0058201796025999205,2.93764066696167,1,3,0.9484003919605024,2,0.943893290188202,0,2.121840127932007,0,5.295137621030085
49,0.6165838837623596,4,133.6116600036621,0.8307005167007446,0.006217275623085413,1.208100438117981,37.56875038146973,0.08234093338251114,0.0021917400112175327,2.1454548835754395,3.8502171635627747,0.021501857787370682,0.0055845831219229385,1.684727668762207,467.54047775268555,2.6927437782287598,0.005759381072569161,3.016389846801758,2,3,0.9484003919605024,1,1.0617927226186088,0,2.1183610809804923,0,5.235415830370311
50,0.5651234984397888,4,132.84885787963867,0.7558110952377319,0.005689255499076238,1.188105821609497,37.00787544250488,0.09101225435733795,0.002459267203780282,1.7369276285171509,3.8159868717193604,0.01997469924390316,0.005234477977882352,1.7184158563613892,465.6752815246582,2.5367279052734375,0.0054474179882771255,3.1515934467315674,3,3,0.9644872529312201,1,1.1313928506624735,0,2.121840127932007,0,5.295137621030085
51,0.12887652218341827,4,135.09590530395508,0.7808558344841003,0.005780011116748776,1.0396665334701538,38.856544494628906,0.09045146405696869,0.002327830877227688,1.6073212623596191,2.9734712839126587,0.016133401542901993,0.005425780174904789,1.1191892623901367,223.89477157592773,1.2184391021728516,0.005442016772417803,1.0806337594985962,2,3,0.9745953644927575,3,0.8089685815100669,0,1.00383304539868,0,1.0181106283899697
52,0.12463721632957458,4,133.50651168823242,0.7377517223358154,0.0055259605917846975,1.1400688886642456,40.33316898345947,0.0698762834072113,0.0017324768960224125,2.168105363845825,2.93885737657547,0.015930449590086937,0.005420626981446115,1.1555954217910767,219.7472686767578,1.1421805620193481,0.005197700835587924,1.197200059890747,3,2,0.991126547170668,3,0.7280679493470188,0,1.0352600884797993,0,1.0334420335057655
53,0.12302669882774353,4,134.41193389892578,0.7190752029418945,0.005349786898257264,1.0435755252838135,40.88986110687256,0.06985354423522949,0.0017083341039641944,1.9824382066726685,2.881751596927643,0.015356332994997501,0.00532881911521088,1.0854027271270752,216.5889892578125,1.132749080657959,0.005229947674346516,1.1700319051742554,2,0,1.0316806528864588,1,1.2880748083199816,0,1.0461271035844566,0,1.0399912179046744
54,0.12280610203742981,4,136.00733947753906,0.730038046836853,0.00536763714106337,1.1533159017562866,41.597951889038086,0.06399191915988922,0.0015383430254111237,1.4029724597930908,2.940469443798065,0.015546675771474838,0.005287140733349683,1.0311198234558105,220.54876327514648,1.1551610231399536,0.005237667198790083,1.1369518041610718,0,0,1.0289785580359863,2,0.803559972326344,0,1.0964999139203506,0,1.0983174045355686
55,0.12123166024684906,4,134.56298828125,0.7499035000801086,0.0055728808467952265,1.1098331212997437,38.90647220611572,0.06854623556137085,0.0017618208918616898,1.204877257347107,2.9434403777122498,0.01491060946136713,0.005065707997440806,1.1200251579284668,219.93425369262695,1.1464284658432007,0.005212596249083657,1.0815829038619995,1,0,1.0599066237413142,1,1.035045357327865,0,1.0964999139203506,0,1.0983174045355686
56,0.6220206022262573,4,136.49217224121094,0.7845227122306824,0.005747748748875229,1.1211351156234741,37.64352798461914,0.07310706377029419,0.001942088525819503,1.3468878269195557,3.8641849756240845,0.019473036751151085,0.005039364542326574,1.84201979637146,484.93165588378906,2.610069513320923,0.005382345082347873,3.216946601867676,0,1,1.0087619963504566,0,1.1831338204718798,0,2.1783303949965984,0,5.741578796118222
57,0.6449748873710632,4,137.22323608398438,0.8211336135864258,0.0059839254416348955,1.050049066543579,37.29757881164551,0.07415136694908142,0.001988101354341236,1.7927647829055786,3.9271549582481384,0.02013295516371727,0.005126600650537702,1.6564457416534424,486.89582443237305,2.634138345718384,0.0054100655900865095,3.3047497272491455,1,2,0.9875589129354226,0,1.1982547151233025,0,2.1617476210897535,0,5.697049931849269
58,0.7630910873413086,4,135.00253295898438,0.8109695911407471,0.006007069448001622,1.1368253231048584,38.642056465148926,0.06905987858772278,0.0017871688234296621,1.4274135828018188,4.056132912635803,0.01938854157924652,0.0047800557814184725,1.342200756072998,550.3232383728027,2.4931747913360596,0.004530382541554825,1.890624761581421,2,1,1.0390824117376483,1,1.1982547151233025,0,2.1617476210897535,0,5.697049931849269
59,0.8182140588760376,4,136.4831771850586,0.8454253673553467,0.006194355852436142,1.0430988073349,40.50526237487793,0.06724400818347931,0.0016601301717572682,1.2588152885437012,4.019014298915863,0.01989557035267353,0.004950360678746627,1.2856812477111816,549.9532585144043,2.5005929470062256,0.004546919048649897,1.8598169088363647,3,2,0.9945359524827784,2,0.9982134776454581,0,2.1617476210897535,0,5.697049931849269
60,0.2800581455230713,4,136.55154418945312,0.8191386461257935,0.005998750515697658,1.0466593503952026,41.09378719329834,0.0771673172712326,0.0018778341579531324,1.6897776126861572,3.142127215862274,0.01700194925069809,0.005410967819783946,1.3372347354888916,287.24118423461914,1.5392398834228516,0.005358701912903957,1.9700747728347778,2,3,0.9501685935340668,2,0.9913945035758056,0,1.206516413291207,0,2.231397471787038
61,0.2603467106819153,4,134.6022834777832,0.8149920701980591,0.006054816078455145,1.0502322912216187,41.48299503326416,0.07420889288187027,0.0017888991096801001,1.9743233919143677,3.0623470544815063,0.016659680753946304,0.005440167445935352,1.2820347547531128,281.2940788269043,1.5423898696899414,0.0054831935180514714,1.8497495651245117,3,3,0.9534910631355171,2,0.9913945035758056,0,1.2789960620732232,0,2.2522409791192928
62,0.11293759942054749,4,136.3913345336914,0.8417484164237976,0.006171568152050516,1.0819419622421265,41.37536334991455,0.07243502885103226,0.001750680187106607,1.6429132223129272,2.874071955680847,0.015442966483533382,0.005373201061653675,1.076696515083313,212.29224014282227,1.1818060874938965,0.005566883116871449,1.026025652885437,3,1,1.0034967158713304,1,1.0190184012308534,2,0.9850075082139598,0,1.027316512194892
63,0.11281105875968933,4,135.02059936523438,0.7756820917129517,0.0057449166672317205,1.053261637687683,40.249773025512695,0.06418171525001526,0.001594585768454721,1.4360008239746094,2.9106759428977966,0.0151512511074543,0.005205406374565384,1.1317473649978638,214.02339935302734,1.1419607400894165,0.00533568172237922,1.118049144744873,0,2,0.963669312738163,2,0.9118339059746924,1,1.0355212220555923,0,1.0597397952461884
64,0.11428618431091309,4,134.30194091796875,0.7691903710365295,0.005727321331166382,1.0617209672927856,37.97714710235596,0.058347273617982864,0.001536378534720509,1.2834538221359253,2.8835384249687195,0.014804834499955177,0.0051342594819473505,1.2305822372436523,213.06810760498047,1.077638030052185,0.0050577162493510375,1.1798075437545776,1,2,0.9842208121815919,1,1.0646425097343308,0,1.0355212220555923,0,1.0598274799401344
65,0.11468622088432312,4,136.87139511108398,0.7774288654327393,0.005679995186735568,1.0466071367263794,39.1869535446167,0.05867016315460205,0.0014971861256783472,1.2829030752182007,2.999108076095581,0.015257766470313072,0.005087434691642239,1.215640664100647,224.42811965942383,1.115728497505188,0.004971429156018142,1.1638027429580688,0,0,1.0505427569690375,1,1.065625597256606,0,1.0830694684087128,0,1.1437093345229628
66,0.1254628300666809,4,134.3181381225586,0.7291597127914429,0.0054286019965979655,1.1533992290496826,36.79684925079346,0.061999090015888214,0.0016849021391295157,1.170554280281067,2.8630629777908325,0.013653535395860672,0.004768856117302692,1.1549041271209717,217.40282821655273,1.0265494585037231,0.0047218772033691655,1.2200570106506348,1,0,1.0673852289715746,0,1.145739243811508,0,1.0830694684087128,0,1.1438039670010585
67,0.12259754538536072,4,135.5714111328125,0.7753373384475708,0.005719032736835731,1.1163721084594727,36.441471099853516,0.05444726347923279,0.0014941016878830572,1.5329210758209229,2.868104636669159,0.014102976769208908,0.004917176517516195,1.1018400192260742,217.12549209594727,1.045306921005249,0.00481429845438568,1.094667673110962,2,0,1.0505427569690375,0,1.145739243811508,0,1.0830694684087128,0,1.1438039670010585
68,0.12044423818588257,4,135.65064239501953,0.7886343002319336,0.005813715927237575,1.104568362236023,36.547654151916504,0.05568959191441536,0.0015237528428755551,1.4812266826629639,2.872116804122925,0.01436875481158495,0.0050028448672277525,1.0754979848861694,220.50079727172852,1.095259666442871,0.004967146060216534,1.0201183557510376,3,0,1.048078515042761,0,1.132239960677103,0,1.07716268613582,0,1.084551905719547
69,0.1296694278717041,4,134.3942108154297,0.7746680974960327,0.005764147821515343,1.2418980598449707,36.402750968933105,0.049754299223423004,0.0013667730569561734,1.227910041809082,2.8071202635765076,0.014041407033801079,0.0050020682106120895,1.084383487701416,212.2897834777832,1.0878996849060059,0.00512459745864246,1.0645440816879272,1,2,0.9892359499697573,2,0.9774416997825831,1,1.0113137374835663,0,1.0739560194170132
70,0.122261181473732,4,136.4402847290039,0.8239784240722656,0.006039113929649458,1.2125067710876465,38.69294357299805,0.05483847111463547,0.0014172731782780314,1.0818188190460205,2.945605754852295,0.015502153895795345,0.005262806765725065,1.0738539695739746,221.69621658325195,1.2224173545837402,0.0055139297071616685,1.1181954145431519,2,3,0.9892359499697573,3,0.8959277892800374,1,1.0113137374835663,0,1.0177457769173852
71,0.5867018699645996,4,136.21316528320312,0.8708963990211487,0.006393628671725329,1.1706664562225342,38.909563064575195,0.0664898157119751,0.001708829667442605,1.3522382974624634,3.901852786540985,0.021445685997605324,0.005496282707430653,1.9101269245147705,514.3620071411133,2.839743137359619,0.005520903756370455,3.5252983570098877,0,0,1.0027740355818504,2,0.9381396071138257,0,2.3529886422621904,0,6.256911869854818
72,0.7079370617866516,4,135.06761169433594,0.8237241506576538,0.006098606026452726,1.0849449634552002,39.82868480682373,0.08446039259433746,0.002120592055800625,1.5125476121902466,3.889552652835846,0.022366803139448166,0.00575048215972618,1.770965814590454,511.02149200439453,2.8696482181549072,0.005615513756376864,3.4539072513580322,1,0,1.0027740355818504,3,0.9381396071138257,0,2.354176874718967,0,6.532235189344437
73,0.7110371589660645,4,133.37189865112305,0.8013757467269897,0.00600858017942179,1.0960655212402344,41.54866027832031,0.0783630907535553,0.001886055777217067,2.2204248905181885,3.8494157791137695,0.022059481590986252,0.005730605072768962,1.817076325416565,508.5548324584961,2.8355276584625244,0.005575657682289227,3.592266798019409,2,0,1.047828812271035,3,0.9072522864445522,0,2.3662277006479226,0,6.532235189344437
74,0.621071994304657,4,133.47674179077148,0.7728700041770935,0.005790297199407136,1.0334619283676147,43.055317878723145,0.08033007383346558,0.0018657410464309376,2.0169765949249268,3.8853108286857605,0.021316619589924812,0.005486464411686552,1.945143699645996,508.3452835083008,2.7109899520874023,0.0053329696173784495,3.506639003753662,3,1,1.047828812271035,3,0.8011523728321053,0,2.3662277006479226,0,6.532235189344437
75,0.12211495637893677,4,134.28171920776367,0.7932589054107666,0.005907422917213465,1.047365665435791,44.339226722717285,0.07223005592823029,0.001629032828649289,1.4518423080444336,2.9504069685935974,0.016333557665348053,0.005536035482296175,1.1844804286956787,217.8002471923828,1.1510756015777588,0.005285005946577345,1.1037651300430298,0,0,1.0724972288654375,2,0.9101518871307437,0,1.0738032613416537,0,1.0936434760367362
76,0.12048688530921936,4,134.61255645751953,0.8193454742431641,0.006086694256502956,1.021723747253418,43.763155937194824,0.054440341889858246,0.001243976599127961,1.184296727180481,2.976697623729706,0.01644141599535942,0.0055233745827226,1.119936466217041,218.20530319213867,1.196075201034546,0.005481421319908769,1.0516644716262817,1,0,1.061732892719985,2,0.9101518871307437,0,1.036145009384003,0,1.0854137874901821
77,0.11271050572395325,4,138.41521835327148,0.8450568318367004,0.0061052306378616295,1.1282910108566284,40.47426509857178,0.06857998669147491,0.0016944096829047777,2.0192127227783203,3.0729666352272034,0.016770141199231148,0.005457313140658694,1.1370902061462402,227.90019607543945,1.250967025756836,0.00548910026098767,1.116385579109192,0,0,1.0599084148869418,3,0.7919384799756758,0,1.0270053218175457,0,1.081322765554842
78,0.1141984611749649,4,136.7113380432129,0.8538044691085815,0.006245308409158454,1.151829719543457,38.053690910339355,0.07430294156074524,0.0019525817281644236,1.4193583726882935,3.0002376437187195,0.01627403497695923,0.005424248646113235,1.0331453084945679,224.2450828552246,1.2063977718353271,0.005379818172486718,1.1310338973999023,1,0,1.099785498991145,3,0.894867150426146,0,1.0452357052472896,0,1.1161997301189506
79,0.22074422240257263,4,135.17373657226562,0.8365808725357056,0.006188930584814149,1.0926073789596558,37.624661445617676,0.06250771135091782,0.0016613494699816997,1.1320254802703857,3.2557494044303894,0.017291957512497902,0.005311206534804917,1.2406216859817505,276.55060958862305,1.5454915761947632,0.005588458396435019,1.7739006280899048,0,1,1.0150862430614103,0,1.1000978625194706,0,1.376980589166714,0,2.0571315546451014
80,0.21588902175426483,4,135.33681869506836,0.8188568353652954,0.006050510446904234,1.1616638898849487,38.37496280670166,0.06468531489372253,0.0016856124452692923,1.1322108507156372,3.2322503328323364,0.017437487840652466,0.005394844472139771,1.1700786352157593,276.8699493408203,1.6131794452667236,0.005826488028431494,1.5985504388809204,1,1,1.0100888603706977,0,1.0847505194266054,0,1.421540463823132,0,2.0449993779225486
81,0.23412343859672546,4,133.62412643432617,0.8174504041671753,0.006117536001770888,1.151606559753418,38.62919044494629,0.06913430243730545,0.0017896906883367013,1.1460498571395874,3.21877521276474,0.017638321965932846,0.005479824094576197,1.1690517663955688,273.91082763671875,1.5494067668914795,0.0056566101466657605,1.849096655845642,2,1,1.0100888603706977,0,1.0847505194266054,0,1.421540463823132,0,2.0449993779225486
82,0.21875274181365967,4,134.74008560180664,0.8488783836364746,0.006300117591917966,1.0622721910476685,37.942426681518555,0.0740048736333847,0.0019504517793384015,1.0851410627365112,3.2788389325141907,0.018712634220719337,0.0057070916278191865,1.128625512123108,277.30286407470703,1.6248486042022705,0.005859472853351153,1.5347884893417358,3,2,0.9953902454911878,0,1.1693978530930678,0,1.375802369648744,0,2.0023344426799197
83,0.10895964503288269,4,133.93174743652344,0.8609024882316589,0.0064279194792084765,1.143164038658142,36.1873254776001,0.07037617266178131,0.0019447740813380656,1.3528692722320557,2.8912811875343323,0.017109330743551254,0.005917560290336891,1.141632318496704,217.3425064086914,1.3224687576293945,0.006084722125834975,1.023549199104309,2,0,1.0426685012073145,2,0.9935838989998858,0,1.0605035407517651,0,1.0549672708356141
84,0.10860325396060944,4,134.7065887451172,0.81432044506073,0.00604514190914249,1.0724223852157593,36.270684242248535,0.06847116351127625,0.0018877825147704326,1.3691335916519165,2.903844475746155,0.01645306684076786,0.005665960067141742,1.037757158279419,216.35572814941406,1.2771708965301514,0.005903106460154104,1.0480300188064575,3,0,1.0274957937876745,2,0.9935838989998858,0,1.0424679050778927,0,1.0745498466671488
85,0.11944957077503204,4,132.87942123413086,0.7949868440628052,0.00598276871376535,1.0209226608276367,36.879822731018066,0.06934206187725067,0.0018802167890826108,1.7067495584487915,2.813929557800293,0.015716075897216797,0.005585099262222605,1.1872596740722656,211.38297653198242,1.1947834491729736,0.005652221710446971,1.0924659967422485,3,1,1.0276013241321533,2,0.9409129245674696,0,1.1030904608547847,0,1.0604050625911463
86,0.12479124963283539,4,133.1430892944336,0.804451584815979,0.006042007805880251,1.0656362771987915,36.40362358093262,0.07252489030361176,0.0019922437155843638,1.632506251335144,2.781100869178772,0.01587672531604767,0.005708791612702594,1.1127678155899048,207.10637283325195,1.120164155960083,0.005408641659047177,1.0805031061172485,2,0,1.0363345697171065,0,1.1935578613536812,0,1.086068919877048,0,1.0418638645379963
87,0.11711129546165466,4,135.88793182373047,0.7910996675491333,0.005821706585212606,1.0267947912216187,36.44838047027588,0.0699109211564064,0.001918080316721333,1.5571110248565674,2.898179829120636,0.015500694513320923,0.005348423985831181,1.0982422828674316,214.99585342407227,1.133456826210022,0.005271993892711575,1.1164050102233887,0,0,1.0448034221043938,2,0.9174456334223231,0,1.0617668384777523,0,1.1248183841106842
88,0.11546707153320312,4,135.8280487060547,0.7688751816749573,0.0056606510142752555,1.0728832483291626,36.91952323913574,0.07384272664785385,0.0020000996808533667,1.6280843019485474,2.8994069695472717,0.014694951474666595,0.00506826107166361,1.053527593612671,218.55573654174805,1.1073555946350098,0.005066696542295906,1.1281335353851318,1,0,1.0459725776499529,2,0.9174456334223231,0,1.0617668384777523,0,1.1248183841106842
89,0.11597803235054016,4,136.20446395874023,0.7771259546279907,0.005705583591323422,1.0724985599517822,37.98660182952881,0.0657711774110794,0.0017314309320491078,1.3627444505691528,2.9398868083953857,0.015221955254673958,0.005177735146538592,1.0273523330688477,218.25048828125,1.0907156467437744,0.004997540465239263,1.08433997631073,2,0,1.0459725776499529,2,0.823498274010717,0,1.0570698827482656,0,1.1314409148875242
90,0.5292180180549622,4,135.96099090576172,0.7624398469924927,0.005607783835004267,1.1330311298370361,39.12771511077881,0.06629763543605804,0.0016943906703561775,1.258974552154541,3.838678240776062,0.01989154890179634,0.005181874503181826,1.7303844690322876,483.7608642578125,2.6221837997436523,0.0054204132526648584,3.3899877071380615,0,2,0.9939243557605445,2,0.9083702357978021,0,2.1842806212251915,0,5.580621240390512
91,0.5951451063156128,4,135.03259658813477,0.7361692190170288,0.005451788957761296,1.0898014307022095,39.79899501800537,0.059728726744651794,0.001500759672891993,1.3082637786865234,3.8659881949424744,0.02037617191672325,0.005270624453375096,1.7874737977981567,482.20738220214844,2.6943750381469727,0.005587585627250831,3.4517672061920166,1,2,0.9939243557605445,2,0.9083702357978021,0,2.1842806212251915,0,5.580621240390512
92,0.6151949763298035,4,133.95986938476562,0.7864506840705872,0.005870793153819132,1.0566346645355225,38.61171054840088,0.0696791261434555,0.001804611221668378,1.2560087442398071,3.8235886096954346,0.02099187858402729,0.005490098629020496,1.6876344680786133,479.0083999633789,2.754565715789795,0.005750558269960165,3.394711494445801,2,1,1.016521650108278,2,0.9992602367061325,0,2.242747299627202,0,5.91417605776753
93,0.6848305463790894,4,134.22013092041016,0.7863739728927612,0.005858837772696446,1.1080113649368286,37.391499519348145,0.06969549506902695,0.001863939557517964,1.127259612083435,3.8446401953697205,0.020608438178896904,0.005360303469676202,1.7757138013839722,483.4291534423828,2.763814926147461,0.005717104370861788,3.3980350494384766,3,1,1.0085884776082117,1,1.0230351873363106,0,2.1790930112484608,0,5.625652496922347
94,0.12453095614910126,4,134.62683868408203,0.7901095747947693,0.005868886044697639,1.183254599571228,37.645212173461914,0.06995867937803268,0.0018583685770099134,1.0883456468582153,2.9137187600135803,0.01514037698507309,0.005196238289313319,1.157049536705017,217.94207763671875,1.1639184951782227,0.005340494629579169,1.0057364702224731,3,0,1.0335656629274765,2,0.976760378406845,0,1.1312409510567525,0,1.0669891400785043
95,0.12088766694068909,4,133.93535232543945,0.7649391293525696,0.005711256334279104,1.1363509893417358,39.128010749816895,0.06233826279640198,0.0015931876321285691,1.6577938795089722,2.8333658576011658,0.014815844595432281,0.005229061596717317,1.1584856510162354,215.30760955810547,1.138977289199829,0.0052900001608742545,1.0724833011627197,2,2,0.9873318706994283,3,0.9465929575701392,0,1.063308508980243,0,1.0512871282047773
96,0.13142120838165283,4,135.68848419189453,0.69318026304245,0.005108615275428493,1.08632493019104,38.419593811035156,0.06054086238145828,0.0015757809069826577,1.1050090789794922,2.8846614956855774,0.013235807418823242,0.004588339893127592,1.1531023979187012,217.1767463684082,1.0267887115478516,0.004727894347427309,1.1782974004745483,3,3,0.9796391164556747,2,0.9465929575701392,1,1.0465133587680333,0,1.0329355809823992
97,0.12820588052272797,4,136.72167205810547,0.6983844637870789,0.0051080743328700065,1.0243253707885742,39.12195110321045,0.05682520568370819,0.0014525146134402526,1.4208145141601562,2.8897526264190674,0.01353643648326397,0.004684289014744523,1.1051256656646729,218.63251113891602,1.031388521194458,0.004717452659815668,1.1022381782531738,0,1,1.0099896054136117,1,1.0188559279626077,1,1.0536966179518659,0,1.0596604716163762
98,0.11907388269901276,4,135.22486877441406,0.7032953500747681,0.005200932021224773,1.0696861743927002,40.874823570251465,0.06866829842329025,0.0016799656224881364,1.88014554977417,2.9392411708831787,0.013774711638689041,0.00468648567363053,1.0446600914001465,220.87697219848633,1.0208466053009033,0.004621788297530362,1.068893313407898,1,1,1.0179206911498602,2,0.9224360851840432,1,1.0162923572086746,0,1.0596604716163762
99,0.1188872754573822,4,135.44384765625,0.7238537073135376,0.0053443085074683025,1.1485044956207275,40.278297424316406,0.059392571449279785,0.0014745551636307225,1.2652180194854736,2.990862190723419,0.01430489867925644,0.004782867871219576,1.0299988985061646,221.9502830505371,1.1001968383789062,0.004956951724762596,1.1159988641738892,2,1,1.011363873537745,2,0.976708040356702,2,0.9972713282841524,0,1.0420935894724395
100,0.12073354423046112,4,135.25873565673828,0.726622462272644,0.005372092669243027,1.030654788017273,41.37727165222168,0.06258037686347961,0.0015124336227258105,1.0788313150405884,3.007368505001068,0.014191506430506706,0.004718911702010282,1.0507841110229492,223.35473251342773,1.07362961769104,0.00480683621792744,1.1289989948272705,3,0,1.011363873537745,2,0.976708040356702,2,0.9821618874618353,0,1.0391845742862373
101,0.12007585167884827,4,135.36620712280273,0.7980636358261108,0.005895589843203011,1.1570316553115845,41.579341888427734,0.05712347477674484,0.0013738426868329851,1.4851957559585571,2.9680851101875305,0.01532788947224617,0.005164235156072636,1.1344133615493774,220.42337799072266,1.2079377174377441,0.005480079873780832,1.334549069404602,1,1,1.010014419165708,3,0.972820309359243,0,1.041535696209103,0,1.0365795285559256
102,0.10707056522369385,4,136.3159294128418,0.8570945262908936,0.006287559568296132,1.0876758098602295,38.677310943603516,0.05722186341881752,0.0014794685055084193,1.0589371919631958,2.9221450686454773,0.015676110982894897,0.00536459026319366,1.060957908630371,217.6143684387207,1.2153934240341187,0.0055850789300081,1.170769214630127,2,1,1.010014419165708,2,0.9761017111355278,0,1.0817401519122474,0,1.0365795285559256
103,0.10954967141151428,4,136.1490364074707,0.8097368478775024,0.0059474298845134605,1.1961750984191895,38.246938705444336,0.057031936943531036,0.0014911503737006985,1.1053036451339722,2.8855998516082764,0.01565593108534813,0.005425537805119572,1.1558992862701416,216.36477661132812,1.1684523820877075,0.00540038170901858,1.2485339641571045,3,1,1.0149972936400542,1,1.0159448084874474,0,1.0817401519122474,0,1.0460252501148535
104,0.12100842595100403,4,135.9096221923828,0.8113096952438354,0.005969479439030522,1.1522836685180664,38.863576889038086,0.05241329222917557,0.00134864817972942,1.0702524185180664,2.867644429206848,0.015229037031531334,0.005310643424416283,1.1331201791763306,216.5321159362793,1.1771812438964844,0.00543652030003209,1.0354278087615967,0,1,1.007920049616599,0,1.0794599982947148,0,1.0563623046949042,0,1.049107234756429
105,0.12580029666423798,4,134.68259811401367,0.8131954073905945,0.006037865461298833,1.125154733657837,39.668946266174316,0.06230161339044571,0.0015705386518817177,1.7475931644439697,2.879409670829773,0.015019540674984455,0.005216187480073373,1.0811723470687866,215.07117080688477,1.0712518692016602,0.004980918015104643,1.1645907163619995,1,0,1.0179686444745162,1,1.0794599982947148,0,1.0390836269693333,0,1.0681139732861387
106,0.1171465665102005,4,134.82487106323242,0.8337986469268799,0.00618430887677861,1.0363929271697998,41.201711654663086,0.07251964509487152,0.0017601124366556254,1.1127246618270874,2.8862959146499634,0.01562720723450184,0.005414277571188343,1.0844449996948242,218.28937530517578,1.1728324890136719,0.0053728335947364056,1.1092965602874756,2,0,1.0136629968751694,1,1.0373038588379262,0,1.0390836269693333,0,1.0607237770612987
107,0.11877864599227905,4,136.4329490661621,0.845102071762085,0.006194266689582875,1.1320596933364868,41.00697135925293,0.09020952880382538,0.0021998583609972025,1.6543338298797607,2.9503076672554016,0.015332253649830818,0.005196832120256134,1.0788604021072388,221.96323776245117,1.1998605728149414,0.0054056725109545055,1.0602680444717407,0,0,1.053504530289899,3,0.9078069507148403,0,1.0953000672375477,0,1.079485652407774
108,0.11043235659599304,4,138.01278686523438,0.8717166185379028,0.006316201841421475,1.1870051622390747,39.77979850769043,0.09967055171728134,0.002505556977570224,1.2342381477355957,2.995964229106903,0.016313355416059494,0.005445110211119745,1.1196249723434448,222.03297805786133,1.224167823791504,0.005513450454519816,1.0544915199279785,1,1,1.053504530289899,2,0.941671653056395,1,1.0953000672375477,0,1.079485652407774
109,0.12117281556129456,4,139.3427734375,0.8566330671310425,0.006147667697422943,1.0504029989242554,40.376333236694336,0.08058272302150726,0.0019957910132431997,1.6127690076828003,3.025965631008148,0.016553599387407303,0.005470517978716173,1.132419466972351,226.20238494873047,1.2935492992401123,0.005718548456212341,1.0683109760284424,2,1,1.0244108358606672,2,0.941671653056395,1,1.0514445069692933,0,1.0164433490446272
110,0.11953228712081909,4,139.46241760253906,0.8669905662536621,0.0062166609553875795,1.0272393226623535,38.7837553024292,0.060721248388290405,0.0015656361256097128,1.2068783044815063,3.0481277108192444,0.01715431734919548,0.005627821068095903,1.0204168558120728,226.15298080444336,1.2756088972091675,0.0056404690872157845,1.0563793182373047,3,1,1.0244108358606672,1,1.0282070828150685,1,1.0514445069692933,0,1.0164433490446272
111,0.12352746725082397,4,139.22528076171875,0.8757383823394775,0.006290081639973749,1.0738531351089478,39.1140832901001,0.05182696506381035,0.0013250205732656894,1.0688035488128662,2.9717912673950195,0.01634957455098629,0.00550158913594151,1.151611328125,222.1413459777832,1.204585075378418,0.0054226063593712575,1.111528754234314,2,2,0.9827472228315197,0,1.2435944715469947,1,1.0436624601372644,0,1.0656248904192178
112,0.11050555109977722,4,137.9111785888672,0.8406621217727661,0.006095677887569211,1.079196810722351,40.165249824523926,0.06420031189918518,0.001598404396329337,1.6498980522155762,2.9218125343322754,0.01568344235420227,0.005367709998474088,1.1299244165420532,219.8344612121582,1.1706808805465698,0.005325283734367594,1.0759077072143555,3,1,1.0066930168820776,0,1.168893433530738,0,1.0436624601372644,0,1.0656248904192178
113,0.11663635075092316,4,136.66383361816406,0.8045289516448975,0.005886919240775396,1.0245771408081055,39.6790714263916,0.07419120520353317,0.0018697817901602062,1.2184091806411743,2.9755876064300537,0.015185900032520294,0.005103496196752716,1.043500542640686,226.20198440551758,1.201833724975586,0.0053130998303756284,1.1294950246810913,0,3,0.970393308270877,0,1.1195056523310234,0,1.1185640548459437,0,1.1836333537318549
114,0.12104547023773193,4,135.90792083740234,0.7470430135726929,0.005496684880246538,1.2537482976913452,40.136308670043945,0.06891176104545593,0.0017169431701348455,1.532149076461792,2.9666006565093994,0.014545366168022156,0.004903041511875318,1.0607831478118896,224.27898788452148,1.1790270805358887,0.005256966297453399,1.100709319114685,1,2,0.970393308270877,0,1.1195056523310234,0,1.1286923228101404,0,1.1836333537318549
115,0.12327952682971954,4,135.3664894104004,0.7491352558135986,0.005534126348969507,1.1982197761535645,38.74182891845703,0.06542601436376572,0.0016887693789953227,1.3739522695541382,3.0290713906288147,0.015411317348480225,0.005087802617052529,1.2516764402389526,227.3180046081543,1.2203361988067627,0.005368409778672618,1.1617467403411865,2,2,0.970393308270877,0,1.2289095817595141,0,1.0807265956706118,0,1.1670451728678948
116,0.6937907934188843,4,135.15443801879883,0.7489123940467834,0.0055411602092016845,1.336847186088562,38.04699897766113,0.055038318037986755,0.0014465876289034487,1.4744845628738403,3.9598384499549866,0.020787600427865982,0.005249608207653594,1.5934290885925293,508.9294090270996,2.8999993801116943,0.005698235017810249,3.053126811981201,0,1,1.0241506831669145,1,1.071521775334014,0,2.1626720445298657,0,5.900930269539636
117,0.6422464847564697,4,133.76034545898438,0.7769111394882202,0.005808232154472482,1.1800634860992432,36.83044910430908,0.05634688585996628,0.001529899505172578,1.5545443296432495,3.7925249338150024,0.019843466579914093,0.005232257381615424,1.9076772928237915,494.8731880187988,2.770812511444092,0.0055990354267057936,3.7443552017211914,1,1,1.0348335746166555,1,1.071521775334014,0,2.361001245301534,0,6.5019030737297365
118,0.6836409568786621,4,134.9243621826172,0.8063664436340332,0.005976433244447239,1.153226375579834,36.59999179840088,0.07356221973896027,0.0020098971645718874,1.850634217262268,3.867724895477295,0.021070029586553574,0.005447654669335895,1.8205959796905518,500.2326469421387,2.8902926445007324,0.005777896868924369,3.5236172676086426,2,2,0.999576154988821,1,1.099784603153085,0,2.1626720445298657,0,5.900930269539636
119,0.9070196747779846,4,135.26355361938477,0.8240435123443604,0.0060921326572797195,1.164919137954712,37.33202075958252,0.08920559287071228,0.002389519534589208,1.6161619424819946,4.408661186695099,0.024754730984568596,0.005615022324526982,1.7704793214797974,644.3864097595215,3.707796096801758,0.005753994871160411,3.111199140548706,3,2,0.999576154988821,1,1.0465564841301,0,2.1345830184568904,0,5.891504399386825
120,0.4111880660057068,4,135.01870346069336,0.8103488683700562,0.006001752702402189,1.2426851987838745,37.04332637786865,0.09093261510133743,0.0024547637588957093,2.5308327674865723,3.4670620560646057,0.018757062032818794,0.005410073927003651,1.629872441291809,364.1079635620117,1.9631725549697876,0.0053917319900514534,2.588653564453125,1,0,1.032205453525503,2,0.9851110775498477,0,1.7957161639532362,0,3.5882586909619714
121,0.3330563008785248,4,136.9291229248047,0.7630447149276733,0.005572552417112196,1.2834718227386475,37.33078384399414,0.05698487162590027,0.001526484733458607,1.0323349237442017,3.598803997039795,0.018829988315701485,0.005232290597429073,1.582024097442627,371.5185356140137,2.0223917961120605,0.005443582492511784,2.446974039077759,2,0,1.032205453525503,2,0.9851110775498477,0,1.7132488677352982,0,3.5235000031071713
122,0.36783337593078613,4,136.33482360839844,0.7433838248252869,0.005452633488275503,1.3869520425796509,37.79509449005127,0.06246793642640114,0.0016528054042263198,1.3046592473983765,3.5506568551063538,0.01774829998612404,0.004998596234552894,1.7403565645217896,370.5283432006836,1.925930380821228,0.0051977950301581,2.60337233543396,3,0,1.0335506323737793,3,0.9851110775498477,0,1.7865377558909699,0,3.5856934892662817
123,0.11734795570373535,4,136.05045318603516,0.7158573865890503,0.005261705270545392,1.2530858516693115,37.417622566223145,0.06077306717634201,0.001624183018811083,1.2358125448226929,2.9888226985931396,0.014371062628924847,0.004808268699140103,1.1344881057739258,227.32437896728516,1.1353509426116943,0.004994409080845155,1.0580300092697144,0,0,1.025152553569775,3,0.9446116368360241,1,1.023185281003782,0,1.0329565026280774
124,0.09647935628890991,4,137.09408569335938,0.7529716491699219,0.005492371500650335,1.0810792446136475,37.675217628479004,0.06406594812870026,0.0017004798422258424,1.8140759468078613,3.093261957168579,0.015663273632526398,0.005063675126585074,1.150260329246521,233.0819435119629,1.2060227394104004,0.005174243535293421,1.149147391319275,0,0,1.0321239526059325,1,1.0409098394900214,0,1.1110286735301624,0,1.080295615533142
125,0.10492897033691406,4,137.32806777954102,0.7629009485244751,0.005555316992802918,1.0481998920440674,40.90981674194336,0.07249661535024643,0.0017721080445691232,1.369889259338379,3.0539435744285583,0.015250412747263908,0.00499367862424161,1.3034234046936035,229.97661209106445,1.1508017778396606,0.005003994829630652,1.3272017240524292,1,0,1.0250409184896079,1,1.0409098394900214,0,1.1367881855292186,0,1.101918779301348
126,0.1179371178150177,4,137.11651992797852,0.7857989072799683,0.005730884270492826,1.0935640335083008,40.51457691192627,0.060669347643852234,0.0014974696089197716,1.4253123998641968,3.0554593205451965,0.015834074467420578,0.005182223949424156,1.256683111190796,228.2578010559082,1.2000781297683716,0.005257555817224539,1.2351720333099365,2,0,1.0250409184896079,1,1.0876271913295474,0,1.1344518806113884,0,1.1367479673427974
127,0.12116999924182892,4,137.1515769958496,0.8102757930755615,0.005907885354465021,1.176774501800537,42.34388732910156,0.06386363506317139,0.0015082137964050365,1.3517789840698242,3.094781279563904,0.01714911498129368,0.005541301123454585,1.0559734106063843,227.84408950805664,1.3300511837005615,0.005837549644462164,1.046751856803894,3,0,1.0250409184896079,2,0.9007407428666291,0,1.1344518806113884,0,1.1367479673427974
128,0.11201417446136475,4,137.3207015991211,0.8046979308128357,0.005859989946468393,1.349796175956726,44.67655944824219,0.09519702941179276,0.002130804846825292,1.4686729907989502,3.0421517491340637,0.016736865043640137,0.005501653574120429,1.1532655954360962,224.19919204711914,1.231075406074524,0.005490989484992405,1.2640565633773804,0,0,1.0300012609238578,1,1.120111052685721,1,1.0630921827253472,0,1.069720787427381
129,0.11352476477622986,4,137.58137893676758,0.8152380585670471,0.005925497075746934,1.302259922027588,40.85606670379639,0.09122352302074432,0.0022328023811520686,1.9528653621673584,3.0677788853645325,0.017102615907788277,0.005574918058592752,1.2483752965927124,226.70015716552734,1.2585539817810059,0.005551623772638412,1.3073267936706543,1,0,1.0221860965958438,0,1.253025799204678,1,1.04013551355867,0,1.0274489601210857
130,0.11344647407531738,4,137.8605079650879,0.725375235080719,0.005261660832298795,1.2369619607925415,43.52428150177002,0.08096198737621307,0.0018601567810584204,2.479220151901245,3.0509073734283447,0.015137902460992336,0.0049617705843300235,1.2053791284561157,226.6042823791504,1.1396499872207642,0.005029251765480413,1.1398886442184448,2,0,1.0221860965958438,0,1.120111052685721,1,1.04013551355867,0,1.0274489601210857
131,0.1122223436832428,4,134.9057273864746,0.6825442314147949,0.005059416265252097,1.0940769910812378,42.361717224121094,0.06596937775611877,0.0015572876190806375,2.0957767963409424,2.8917981386184692,0.013601385056972504,0.004703435165592313,1.111853003501892,216.12019729614258,1.0402259826660156,0.004813182644103491,1.1222507953643799,3,0,1.0440020149629827,0,1.253025799204678,0,1.0879806811136497,0,1.0716101131833307
132,0.11637111008167267,4,132.5672607421875,0.7412406206130981,0.005591430466792543,1.061455249786377,40.06851768493652,0.04358913004398346,0.0010878648016562512,1.1130512952804565,2.7997302412986755,0.013531917706131935,0.004833293403244112,1.1557459831237793,209.7798957824707,1.094444751739502,0.005217109807673735,1.1396234035491943,3,0,1.0480857495568499,2,0.9883599562504276,0,1.0893275452718447,0,1.092343987059439
133,0.12572337687015533,4,131.53614044189453,0.7235374450683594,0.005500674131365278,1.184435248374939,40.59951305389404,0.0630486011505127,0.0015529398361704115,2.1815669536590576,2.771988034248352,0.013335563242435455,0.0048108300171835,1.1843754053115845,206.24932479858398,1.0395718812942505,0.005040365016028347,1.1670011281967163,3,0,1.0261844957025605,0,1.1930926842425187,1,1.0414231478587974,0,1.0473283891141607
134,0.21426932513713837,4,132.18196868896484,0.7796874046325684,0.0058985912554172775,1.0662721395492554,39.18934440612793,0.060255266726017,0.0015375420956670826,1.659864902496338,3.118572235107422,0.016396600753068924,0.0052577267790957965,1.4323301315307617,258.7179870605469,1.4278570413589478,0.005518970897932934,1.8503694534301758,0,0,1.0458865237662551,0,1.0464672616952264,0,1.542275542643685,0,2.059641514424843
135,0.5930272936820984,4,136.56182098388672,0.8208025693893433,0.006010483482687243,1.2370414733886719,39.810129165649414,0.06156405061483383,0.0015464418705768736,1.445006012916565,3.975931763648987,0.021591847762465477,0.005430638412830593,1.4758708477020264,475.14393615722656,2.695864677429199,0.005673785293846472,2.539808988571167,0,0,1.0854702948423085,0,1.0054972062622523,0,2.0530608143585707,0,4.963163964901363
136,0.5549798607826233,4,138.77153778076172,0.8359118103981018,0.00602365458916163,1.1591007709503174,39.48838806152344,0.06841368973255157,0.0017325014539960996,1.8077610731124878,4.076554000377655,0.021875865757465363,0.005366264191628215,1.4138411283493042,482.97719955444336,2.658130168914795,0.005503634894912174,2.644681215286255,1,0,1.0551062562755025,0,1.0054972062622523,0,1.8806776005513692,0,4.416002082799329
137,0.5442823767662048,4,141.36166381835938,0.8995132446289062,0.006363204990178404,1.1067321300506592,39.16298198699951,0.09375552833080292,0.0023939833887502713,2.566962480545044,4.1711971163749695,0.023462548851966858,0.0056248957307386315,1.3403996229171753,489.70959091186523,2.7551681995391846,0.00562612668951187,2.5375630855560303,2,0,1.0338299451565411,0,1.039189972168919,0,1.8163028040434839,0,4.4045750461097475
138,0.476650595664978,4,140.16282272338867,0.9186884164810181,0.006554437179779474,1.0581642389297485,40.79941940307617,0.09332811087369919,0.0022874862495387,1.7400758266448975,3.8211362957954407,0.021568842232227325,0.005644614733046932,1.5579591989517212,434.83105087280273,2.4675681591033936,0.005674774499545133,2.878314971923828,3,0,1.0338299451565411,1,1.039189972168919,0,1.8806776005513692,0,4.416002082799329
139,0.1218230277299881,4,136.67009353637695,0.8513623476028442,0.006229324394047045,1.1807513236999512,39.503018379211426,0.08479916304349899,0.00214665021871151,2.1567747592926025,3.0033985376358032,0.01627335697412491,0.00541831420978678,1.242917776107788,221.20129776000977,1.2139403820037842,0.005487944213242534,1.2642111778259277,2,0,1.085535103589172,1,1.044685194874478,0,1.1443533631022826,0,1.1531582769809663
140,0.11975610256195068,4,136.03303146362305,0.842336893081665,0.006192149686136463,1.0695911645889282,39.80709934234619,0.08349943161010742,0.002097601508012466,2.2457683086395264,2.9008423686027527,0.015585770830512047,0.005372843074551216,1.0868256092071533,215.2791404724121,1.1914582252502441,0.005534480594058897,1.2072633504867554,3,0,1.085535103589172,1,1.0115941026918727,0,1.1893306135042347,0,1.1531582769809663
141,0.1213061660528183,4,134.97947311401367,0.7827281355857849,0.005798867913231775,1.1126360893249512,41.19404697418213,0.06749685108661652,0.0016385098344165931,1.092252492904663,2.8518044352531433,0.015089345164597034,0.0052911570576394075,1.07796311378479,212.3920555114746,1.0988750457763672,0.0051738048446779115,1.0851037502288818,0,0,1.0536912062975705,1,1.156070363332483,0,1.1182667861428992,0,1.097502170113993
142,0.12098845839500427,4,135.41193771362305,0.788051962852478,0.005819663880145454,1.1628201007843018,42.18406105041504,0.06559191644191742,0.0015548981015252935,1.0559442043304443,2.82849782705307,0.016007017344236374,0.005659193792244706,1.0921919345855713,212.1082649230957,1.121106505393982,0.00528553899491122,1.0360422134399414,1,0,1.0400958205195354,1,1.156070363332483,0,1.1182667861428992,0,1.1035394192681587
143,0.11675924062728882,4,137.54944229125977,0.8364169001579285,0.006080845448917364,1.0928881168365479,43.65050506591797,0.06122884154319763,0.0014027063707678542,1.229326844215393,2.962640643119812,0.016693269833922386,0.00563459151641946,1.084126591682434,222.23859786987305,1.22701895236969,0.00552117842773713,1.1479068994522095,0,1,1.0135515962513573,2,0.9246423102504215,0,1.1631154303283406,0,1.1160026550197115
144,0.11124958097934723,4,136.6871681213379,0.837233304977417,0.0061251785115205605,1.0813852548599243,45.68011951446533,0.06338633596897125,0.0013876131814606783,1.1675993204116821,2.988810658454895,0.016479693353176117,0.005513796367982544,1.0401018857955933,220.7904815673828,1.224454641342163,0.005545776396925305,1.0885206460952759,1,1,1.0387979095484432,3,0.8823941270540135,0,1.1268120241759123,0,1.146907126250035
145,0.12620437145233154,4,136.00053787231445,0.8285458087921143,0.006092224499656048,1.0977489948272705,45.58712863922119,0.06648895889520645,0.0014585028906164148,1.1493566036224365,2.955356478691101,0.01626628078520298,0.005503999569083172,1.095611810684204,220.78518676757812,1.2213040590286255,0.005531639494973453,1.119254469871521,2,0,1.0387979095484432,3,0.8823941270540135,0,1.1268120241759123,0,1.146907126250035
146,0.2010846883058548,4,136.51168823242188,0.7965613007545471,0.005835114275331054,1.2430341243743896,42.72053527832031,0.069048210978508,0.0016162768216424566,1.1250814199447632,3.2748923301696777,0.016924593597650528,0.005167984743111733,1.1639238595962524,268.36450958251953,1.3335082530975342,0.004969018649939973,1.2329617738723755,0,2,0.9957239474791628,3,0.8927004164416459,0,1.3727856506610185,0,1.7420674313733453
147,0.19562144577503204,4,134.02628326416016,0.8066961765289307,0.00601894014279995,1.2637971639633179,41.28884315490723,0.06306447088718414,0.0015273973807059514,1.3792800903320312,3.1267148852348328,0.01649722456932068,0.005276216468353062,1.1271640062332153,257.1873474121094,1.271262288093567,0.004942942570407766,1.2087947130203247,1,1,1.0160806520286594,2,0.8927004164416459,0,1.414926843281827,0,1.896397366406155
148,0.19880512356758118,4,131.2917938232422,0.8229402899742126,0.006268025335095468,1.183430790901184,38.331183433532715,0.06397593021392822,0.0016690309164303309,1.1179388761520386,3.0580320954322815,0.016302747651934624,0.0053311237891471765,1.211517333984375,251.80345153808594,1.2520737648010254,0.00497242494951125,1.2700914144515991,2,1,1.0524593111578535,1,1.1125909939862777,0,1.538088949950421,0,2.0322144948028704
149,0.18370944261550903,4,131.7519989013672,0.782880425453186,0.005942076264355349,1.0865322351455688,36.37727737426758,0.06555487960577011,0.0018020831776745909,1.1758841276168823,3.0884390473365784,0.01654072478413582,0.005355690862152608,1.3325421810150146,252.04165649414062,1.336105227470398,0.005301128575551396,1.551781415939331,3,1,1.0524593111578535,0,1.1125909939862777,0,1.538088949950421,0,2.0322144948028704
150,0.11947479844093323,4,131.65033721923828,0.7754616737365723,0.005890312855372259,1.075028657913208,36.572081565856934,0.06343792378902435,0.0017345997567786492,1.3143179416656494,2.8399763107299805,0.015255328267812729,0.0053716392669104825,1.098209023475647,210.40821075439453,1.1677249670028687,0.005549807028994375,1.140926718711853,0,1,1.0493150607353559,0,1.1346524691513362,1,1.160986475646638,0,1.1790452253371455
151,0.12131698429584503,4,131.64178466796875,0.7456185221672058,0.005663995850920963,1.0329158306121826,39.85879135131836,0.06751607358455658,0.0016938816079359977,1.3670450448989868,2.8620895743370056,0.015067648142576218,0.0052645620450459145,1.2081298828125,209.71839141845703,1.1534608602523804,0.005500046288028442,1.231960654258728,1,1,1.0495926970833698,1,1.1069328541912935,1,1.1232864638411464,0,1.1959512575187794
152,0.12115946412086487,4,135.8563995361328,0.7609736323356628,0.005601308697521252,1.0747243165969849,41.14359378814697,0.06957470625638962,0.0016910216111562268,1.8415632247924805,2.9870161414146423,0.01561563741415739,0.005227838309156866,1.0681334733963013,220.30147552490234,1.2098309993743896,0.005491706292442119,1.222352385520935,2,2,0.9795582733163204,1,1.0062736111692463,2,0.9952184800754882,0,1.0064967711669244
153,0.11692681908607483,4,134.34693145751953,0.7743759751319885,0.0057640019517442125,1.069813847541809,41.095191955566406,0.08196265250444412,0.0019944584415876455,2.725227117538452,2.9677701592445374,0.016106000170111656,0.005426970184986135,1.0292595624923706,218.2800750732422,1.2457648515701294,0.0057071853725179575,1.1696999073028564,3,1,1.0241948337062938,1,1.0062736111692463,1,1.020778487570132,0,1.0433923894972894
154,0.7094100117683411,4,133.98333740234375,0.8179106116294861,0.006104569624007429,1.1149601936340332,40.073689460754395,0.08298824727535248,0.0020708911106531846,2.4882967472076416,3.9555673599243164,0.02184787392616272,0.005523322430939653,1.887880802154541,525.5351486206055,2.945910692214966,0.00560554455767083,3.887554168701172,0,1,1.0132186015317022,3,0.903677971356786,0,2.3389449474077217,0,6.61536677801612
155,0.7514598369598389,4,135.02289199829102,0.8326941132545471,0.006167058792260845,1.0726346969604492,37.88450622558594,0.09167401492595673,0.0024198286861673054,2.6685962677001953,4.0061675906181335,0.021869301795959473,0.005458908370976347,1.8322941064834595,533.0711517333984,3.015597343444824,0.00565702595917814,3.4139058589935303,1,1,1.005991155559321,3,0.9063176914207349,0,2.3389449474077217,0,6.555708051174544
156,0.7306222915649414,4,132.99602890014648,0.8125859498977661,0.006109851223511766,1.0987311601638794,37.53785419464111,0.09196791052818298,0.0024500044688572603,2.075413227081299,3.9417707920074463,0.020772967487573624,0.005269958245592069,1.871047019958496,529.5797462463379,2.844241142272949,0.005370751359796018,3.489084482192993,2,0,1.0132186015317022,3,0.9362756714765518,0,2.395806285959683,0,6.61536677801612
157,0.771207332611084,4,135.00844192504883,0.8408681750297546,0.0062282636777377985,1.0407699346542358,38.30498027801514,0.083197221159935,0.0021719687768038203,1.7232098579406738,3.9695510864257812,0.021962754428386688,0.005532805586881147,1.9265209436416626,534.2861518859863,2.942473888397217,0.005507299558505353,3.3357043266296387,3,1,1.005991155559321,3,0.9209452105473284,0,2.395806285959683,0,6.555708051174544
158,0.11636382341384888,4,134.4391975402832,0.8179404735565186,0.006084092203179298,1.1485726833343506,38.117560386657715,0.10617583990097046,0.0027854836150042585,1.3636184930801392,2.9325119256973267,0.016451679170131683,0.005610097959352582,1.2667008638381958,224.39291763305664,1.2480335235595703,0.005561822256798871,1.1810474395751953,1,0,1.0649745399419186,1,1.0166464418877996,0,1.0858618843103502,0,1.0902003937442308
159,0.11965224146842957,4,135.95200729370117,0.8078522682189941,0.005942187131329123,1.178541660308838,38.61005783081055,0.09788673371076584,0.002535265141008231,1.5635942220687866,2.9294331669807434,0.016182634979486465,0.005524152304237512,1.2660725116729736,224.1170310974121,1.2137434482574463,0.0054156680655380205,1.1359308958053589,2,0,1.0649745399419186,1,1.0166464418877996,0,1.0858618843103502,0,1.0902003937442308
160,0.11295056343078613,4,137.8057518005371,0.7737634778022766,0.005614885211193781,1.1734063625335693,38.93983459472656,0.09334792196750641,0.0023972346811187554,1.589076042175293,2.988466739654541,0.01589311473071575,0.005318150113510367,1.217736840248108,227.23550033569336,1.174583911895752,0.005169015889509111,1.1078952550888062,3,0,1.0097944829294871,2,0.9829164549461245,0,1.066772669316242,0,1.0809204899502005
161,0.10397413372993469,4,136.29048538208008,0.7561144828796387,0.005547815614273651,1.1511006355285645,38.34809112548828,0.07421527802944183,0.0019353056658435396,1.2998961210250854,2.9299314618110657,0.01527443528175354,0.00521323979104686,1.0836443901062012,221.4180679321289,1.1859077215194702,0.005355966351774804,1.1526758670806885,1,1,1.0349301270388596,1,1.0829740060320021,0,1.0674743154981237,0,1.0404779547980734
162,0.10961258411407471,4,136.65524291992188,0.7365463376045227,0.005389813971763446,1.1083147525787354,39.1813268661499,0.06947410106658936,0.0017731431430059717,1.106166958808899,2.9064271450042725,0.015047090128064156,0.005177177812259263,1.1360772848129272,215.9884033203125,1.1731350421905518,0.005431472357572751,1.2491196393966675,2,1,1.0349301270388596,1,1.030730727394655,0,1.0674743154981237,0,1.0571475450367875
163,0.12622570991516113,4,135.8330955505371,0.7566315531730652,0.0055703033940764325,1.1323846578598022,40.053771018981934,0.06033558398485184,0.0015063646305926632,1.2151620388031006,2.88823926448822,0.015011195093393326,0.005197351645329572,1.1127710342407227,214.8375587463379,1.146221399307251,0.005335293353712945,1.1809526681900024,3,0,1.0349301270388596,1,1.030730727394655,0,1.0799431476906391,0,1.0571475450367875
164,0.13364730775356293,4,132.62848091125488,0.8069072365760803,0.006083966513316266,1.1216329336166382,40.60336971282959,0.07184018939733505,0.0017693159436133069,1.7506548166275024,2.796935200691223,0.015146138146519661,0.005415262442539429,1.0131956338882446,207.4801788330078,1.1238610744476318,0.005416715373819786,1.1642125844955444,1,0,1.0208418597774027,0,1.1710155292810847,1,1.026182512505454,0,1.0895396176404932
165,0.13389161229133606,4,134.02991676330566,0.8709420561790466,0.006498116817584197,1.2010494470596313,40.005948066711426,0.07926296442747116,0.0019812794911221,1.6595114469528198,2.842871367931366,0.015773506835103035,0.005548441977725053,1.128049612045288,212.03560256958008,1.152086853981018,0.0054334594757640175,1.238660216331482,0,0,1.0499174771720006,3,0.8180462666972154,0,1.1045319122755246,0,1.1773432306397844
166,0.11722970008850098,4,135.13528633117676,0.9121255874633789,0.006749721795297994,1.2115347385406494,38.64045238494873,0.0732162594795227,0.0018948085480500736,1.9997960329055786,3.2512398958206177,0.019212178885936737,0.005909185265176366,1.331076741218567,248.7638282775879,1.3622084856033325,0.00547591060579469,1.2998343706130981,0,1,1.012042752460146,3,0.7891718581232202,0,1.5493932548215628,0,1.5898056495173303
167,0.12015916407108307,4,135.03347206115723,0.8811157941818237,0.006525165803207391,1.1297115087509155,38.58697986602783,0.06978848576545715,0.0018086019172207691,1.5880509614944458,3.2902000546455383,0.019132591784000397,0.005815023848469786,1.412855625152588,248.96275329589844,1.3761132955551147,0.005527386234837987,1.303855538368225,1,1,1.0150775996913404,3,0.7891718581232202,0,1.4688298002750333,0,1.5839940026966555
168,0.12363407015800476,4,136.88343048095703,0.8933850526809692,0.006526612092800051,1.3068909645080566,38.31196403503418,0.060488104820251465,0.0015788306954177141,1.4129812717437744,3.324201762676239,0.01961720734834671,0.0059013287245697574,1.2437782287597656,252.0878448486328,1.4232981204986572,0.0056460402577255655,1.1735477447509766,2,1,1.0150775996913404,3,0.8104199957704917,0,1.4688298002750333,0,1.5839940026966555
169,0.12599577009677887,4,135.5054473876953,0.8171234130859375,0.006030188666497381,1.1463299989700317,38.32989501953125,0.05213882029056549,0.0013602651471911887,1.3412805795669556,3.3003479838371277,0.01895917020738125,0.005744597327381974,1.2824217081069946,248.19440460205078,1.3501203060150146,0.005439769313815783,1.226615309715271,3,0,1.024316496420013,3,0.8104199957704917,0,1.4858456783506973,0,1.5839940026966555
170,0.42495718598365784,4,135.07819366455078,0.8093581199645996,0.005991774823214884,1.318063735961914,41.212700843811035,0.054925158619880676,0.001332724075231989,1.2286922931671143,3.5615152716636658,0.019512787461280823,0.005478788092396962,1.3504747152328491,395.2832946777344,2.053373336791992,0.005194687871811181,2.471275568008423,0,0,1.0116180642855717,1,1.0926524665362334,0,1.838441133556012,0,4.286991490687958
171,0.45258739590644836,4,134.16408920288086,0.7991818785667419,0.0059567495543329145,1.2378219366073608,39.30285167694092,0.06406867504119873,0.0016301278993144405,1.4068666696548462,3.497185230255127,0.019427239894866943,0.0055551074981091825,1.4047491550445557,392.01248931884766,2.035628318786621,0.005192763940566497,2.381845474243164,1,0,1.0177787562216578,0,1.1963153358118022,0,1.9184654211380459,0,4.410973649968407
172,0.7945375442504883,4,132.23299598693848,0.7550132274627686,0.005709718832486758,1.066878080368042,38.92177200317383,0.05757889896631241,0.0014793493719046811,1.2286970615386963,4.113367915153503,0.01980140060186386,0.004813914293665829,1.0365097522735596,572.0739822387695,2.33638072013855,0.004084053448813203,1.055403470993042,2,0,1.0302307120766627,0,1.1963153358118022,0,1.838441133556012,0,4.265283960206109
173,0.8062943816184998,4,133.94615364074707,0.7792627811431885,0.005817731677710027,1.1932693719863892,40.95960521697998,0.05650724843144417,0.0013795847917015284,1.3701337575912476,4.161933064460754,0.01979225128889084,0.0047555429129553396,1.0658212900161743,575.6667976379395,2.417287826538086,0.004199109339737217,1.045560598373413,3,1,1.0302307120766627,0,1.1349974793601396,0,1.7253179056650283,0,4.002370232611471
174,0.5533334612846375,4,133.0363063812256,0.8148986101150513,0.006125385109384334,1.1434117555618286,39.31631660461426,0.06278049200773239,0.0015968050272635234,1.1898736953735352,3.5699310302734375,0.018385840579867363,0.005150194898431723,1.54755699634552,397.85550689697266,2.0867066383361816,0.005244885648589372,2.773576498031616,2,3,0.9512240523088963,1,1.0331844544872728,0,1.7226623583487417,0,4.199265512111211
175,0.41766929626464844,4,134.5769100189209,0.7943531274795532,0.0059025959755493775,1.2339545488357544,40.69963264465332,0.06591463088989258,0.0016195387183316932,1.0645673274993896,3.6189084649086,0.01813158206641674,0.005010235059060737,1.6578235626220703,401.95189666748047,2.085238456726074,0.005187781110163818,2.9448325634002686,3,3,0.9112901152884473,2,0.9244779854364471,0,1.7226623583487417,0,4.199265512111211
176,0.11995789408683777,4,136.21224212646484,0.765861988067627,0.0056225635531097886,1.3151037693023682,41.874207496643066,0.06385492533445358,0.0015249225991816717,1.0632404088974,2.987814486026764,0.014786656945943832,0.004948987634639702,1.1982768774032593,219.30817413330078,1.104306697845459,0.005035410568756251,1.1984971761703491,3,0,1.0667510777430846,2,0.9929037890139818,0,1.0753984544957742,0,1.055105686565618
177,0.11871947348117828,4,136.28685760498047,0.7539047598838806,0.005531749525468037,1.2097386121749878,40.701945304870605,0.06531037390232086,0.001604600797655376,1.3790373802185059,3.011151075363159,0.015459835529327393,0.005134194579547246,1.3063410520553589,221.03078842163086,1.138082504272461,0.005148977264205805,1.2217822074890137,0,0,1.0690021420787565,3,0.883474662277653,0,1.107195306394414,0,1.0862884369713082
178,0.12462610006332397,4,134.25146102905273,0.81280118227005,0.006054319081817333,1.154127597808838,40.18300437927246,0.061089977622032166,0.0015202939293793602,1.523511528968811,2.8743603229522705,0.01587570086121559,0.005523211802794987,1.2598859071731567,213.2603302001953,1.1875518560409546,0.005568554896853793,1.2605851888656616,1,0,1.0690021420787565,2,0.883474662277653,0,1.1693926961178376,0,1.1929053345955671
179,0.12080293893814087,4,133.60488510131836,0.8574954867362976,0.006418144711445407,1.2050989866256714,39.51304340362549,0.05425679683685303,0.0013731363662024256,1.1706461906433105,2.8568389415740967,0.016216861084103584,0.005676505191842637,1.1696404218673706,211.05665588378906,1.204585075378418,0.005707401504748945,1.196022868156433,2,0,1.0690021420787565,2,0.9424131544593168,0,1.1693926961178376,0,1.1929053345955671
180,0.12292531132698059,4,132.91246032714844,0.8506655693054199,0.0064001942873648295,1.326230764389038,38.15526103973389,0.06523305922746658,0.0017096740383858097,1.5361943244934082,2.832707166671753,0.016218315809965134,0.005725376770596659,1.27130925655365,210.74993896484375,1.1961630582809448,0.005675745692531293,1.2920819520950317,3,0,1.0918096859929842,2,0.9807498285117149,0,1.2114636676072938,0,1.200223242896817
181,0.12100693583488464,4,130.43981552124023,0.7813302874565125,0.00598996774362414,1.0768579244613647,37.13925075531006,0.08138531446456909,0.002191355851542936,1.4337263107299805,2.7791988253593445,0.015168588608503342,0.005457899762368414,1.140092372894287,208.44379425048828,1.1403101682662964,0.0054705882339484676,1.1077085733413696,0,1,1.015621246051228,3,0.8754638781582775,0,1.1316909501093173,0,1.1540989410077211
182,0.12789487838745117,4,133.2569351196289,0.7583234310150146,0.005690686419691733,1.1612722873687744,40.5068302154541,0.0861603170633316,0.0021270565138039326,1.4337210655212402,2.8858665823936462,0.015457738190889359,0.005356359259709133,1.0949937105178833,215.50328063964844,1.18245267868042,0.005486935860886711,1.061513066291809,1,2,0.9720530811573366,3,0.8412427420786179,0,1.0595844035215687,0,1.0879415872760148
183,0.765405535697937,4,133.0451202392578,0.7106589078903198,0.005341487959966717,1.0212657451629639,42.5502290725708,0.08535636961460114,0.002006014338231248,1.704553484916687,3.9608042240142822,0.020933736115694046,0.0052852236393743455,1.838497281074524,542.37744140625,2.9801063537597656,0.005494524894016775,3.7096736431121826,0,1,1.0230335616390003,1,1.2524302615130876,0,2.42201984211859,0,6.937434311934581
184,0.69868004322052,4,133.88732147216797,0.7621169090270996,0.0056922261245290935,1.207710862159729,41.68513107299805,0.0935174748301506,0.002243425231562423,1.6315884590148926,3.9896236658096313,0.021242842078208923,0.005324522776485491,1.8034297227859497,545.4294738769531,2.950735569000244,0.005409930541571575,3.3360702991485596,1,1,1.012733823483248,1,1.3757638971362989,0,2.42201984211859,0,6.937434311934581
185,1.486976146697998,4,133.69305801391602,0.7388724088668823,0.0055266325704807625,1.199562668800354,42.890971183776855,0.06932994723320007,0.001616422881546304,1.4589914083480835,4.859550595283508,0.022055335342884064,0.00453855452483407,1.2121137380599976,827.2278747558594,3.332296371459961,0.0040282689608875,1.1736820936203003,2,1,1.012733823483248,1,1.2519028393672647,0,2.42201984211859,0,6.937434311934581
186,1.1388673782348633,4,132.04633712768555,0.7724021673202515,0.005849478176538571,1.1879761219024658,39.26143169403076,0.0628470778465271,0.0016007332166667334,1.4073289632797241,4.766710638999939,0.022137179970741272,0.00464412078837361,1.1678016185760498,820.1704406738281,3.427855968475342,0.004179443440633041,1.0775755643844604,3,0,1.0290987421656024,0,1.3757638971362989,0,2.5606014623505815,0,7.161345843982745
187,0.8325448036193848,4,133.35967254638672,0.806688129901886,0.00604896603672519,1.078788161277771,36.001524925231934,0.05757281184196472,0.00159917703379321,1.2875661849975586,4.060168027877808,0.02204950712621212,0.005430688329846557,1.5944875478744507,554.2417602539062,3.0659308433532715,0.005531757191931413,3.3347675800323486,2,2,0.9840978149016909,0,1.098938235359891,0,2.3285705011010487,0,6.399591798932211
188,0.6979430913925171,4,134.95892715454102,0.7924023866653442,0.00587143365298071,1.0199313163757324,36.970492362976074,0.054149333387613297,0.0014646635715850214,1.7198511362075806,4.123117983341217,0.02163040079176426,0.005246127052186804,1.6723333597183228,557.2214965820312,3.020778179168701,0.005421144370233387,3.277425527572632,3,2,0.9389971556850061,1,1.0938152027220498,0,2.1363373544793887,0,6.059256023559926
189,0.2896549105644226,4,135.98333358764648,0.8174803256988525,0.006011621454859797,1.0201328992843628,38.14264392852783,0.061532873660326004,0.0016132304246036819,1.412523627281189,3.5531947016716003,0.018324820324778557,0.005157280099555942,1.2130178213119507,324.0969543457031,1.7389037609100342,0.005365381369968707,1.3013570308685303,2,0,1.0367669553700707,2,0.9048765888497511,0,1.422635559006369,0,2.034336075346446
190,0.32558155059814453,4,138.17619705200195,0.8298828601837158,0.0060059755434678334,1.0533435344696045,38.958109855651855,0.06870143115520477,0.0017634693112617192,1.0515493154525757,3.696443200111389,0.019338175654411316,0.005231563047912809,1.0366089344024658,333.4706497192383,1.8416470289230347,0.0055226660291500555,1.0888359546661377,3,0,1.0167974617031204,3,0.9048765888497511,0,1.3731384205345463,0,1.9969570114714226
191,0.19950228929519653,4,136.99785995483398,0.8116660714149475,0.005924662412117539,1.1023633480072021,42.81729221343994,0.06754062324762344,0.0015774146321757144,1.1989669799804688,3.3577030897140503,0.018824778497219086,0.00560644523778374,1.405349612236023,274.69764709472656,1.7200580835342407,0.006261641123344231,2.027345895767212,2,3,0.9807386861979775,1,1.109940649308416,0,1.3889257185835604,0,1.8985647595668624
192,0.1957516074180603,4,133.8200912475586,0.7602552771568298,0.005681174404151364,1.2750205993652344,42.40419673919678,0.06290100514888763,0.0014833674491172334,1.2507991790771484,3.2450146079063416,0.017901122570037842,0.005516499841456032,1.5188595056533813,268.07483673095703,1.5795373916625977,0.005892150904293339,2.0039989948272705,3,2,0.99810749764902,1,1.133404559748569,0,1.4195840320592354,0,1.9267244935198706
193,0.1168598085641861,4,134.17066955566406,0.6864739060401917,0.005116423047701873,1.0941498279571533,42.34565448760986,0.05593499913811684,0.0013209147388307141,1.220258355140686,2.9367907643318176,0.014634044840931892,0.004983005605529221,1.1083214282989502,218.06676483154297,1.0730557441711426,0.0049207670183032265,1.0084762573242188,3,0,1.0177099279303194,2,0.8870944085654662,0,1.0589157957725719,0,1.0338277556458704
194,0.12095466256141663,4,132.83491897583008,0.7474946975708008,0.005627245481339217,1.359045147895813,41.918036460876465,0.05487311631441116,0.0013090574117331597,1.1477681398391724,2.8115267753601074,0.014152280986309052,0.005033663954523923,1.0493725538253784,209.14981079101562,1.0633779764175415,0.00508428849347647,1.0948630571365356,1,0,1.030878575873709,1,1.1527603190355422,0,1.1295531624304382,0,1.1409006674098288
195,0.12098507583141327,4,132.68557739257812,0.7399139404296875,0.005576445872790656,1.4347975254058838,39.29310894012451,0.06213846057653427,0.0015814086045271166,1.5801069736480713,2.821797013282776,0.014004729688167572,0.004963053551422886,1.1107611656188965,208.64508438110352,1.0853573083877563,0.005201930884723276,1.04282546043396,2,0,1.030878575873709,0,1.1527603190355422,1,1.1295531624304382,0,1.1409006674098288
196,0.12313522398471832,4,134.57117080688477,0.7891845703125,0.005864440099469839,1.4251353740692139,39.66553211212158,0.07521621882915497,0.0018962614346517055,1.3686875104904175,2.9021880626678467,0.015161536633968353,0.005224174418259807,1.201947569847107,214.61870193481445,1.1579182147979736,0.005395234452352922,1.1995900869369507,3,0,1.016022617815787,0,1.108561247807322,1,1.0282661584630737,0,1.0303867698030496
197,0.1154794991016388,4,134.34743118286133,0.8587676286697388,0.0063921402970546085,1.0579107999801636,39.27664852142334,0.07838670909404755,0.001995758600718993,2.01080584526062,2.937394380569458,0.01666029915213585,0.0056717951332452676,1.1446902751922607,215.92412185668945,1.295470952987671,0.005999658314449393,1.1838598251342773,0,0,1.0093644159911725,0,1.0685246607915104,0,1.0764786767203824,0,1.0542489647347735
198,0.1157623827457428,4,133.80160903930664,0.7566485404968262,0.005655003298761131,1.2710669040679932,39.56798267364502,0.07430558651685715,0.001877922034330796,1.7290730476379395,3.007382035255432,0.01605025678873062,0.005336953071001301,1.1701445579528809,221.26514053344727,1.2468430995941162,0.005635063420239207,1.1556620597839355,1,0,1.0093644159911725,0,1.0685246607915104,0,1.069874256969684,0,1.0542489647347735
199,0.11046174168586731,4,134.45988082885742,0.7729415893554688,0.005748492298154574,1.1720938682556152,39.5789270401001,0.06371700763702393,0.0016098720304486248,1.244687557220459,2.9927223920822144,0.01595422998070717,0.005331008991317389,1.212941288948059,222.79544067382812,1.2673275470733643,0.0056883010856973865,1.0962417125701904,2,1,1.0093644159911725,0,1.0685246607915104,0,1.069874256969684,0,1.0414102402497347
200,0.12228456139564514,4,133.82050323486328,0.760936975479126,0.005686251038405038,1.0320138931274414,38.63948440551758,0.05530687794089317,0.0014313565201971368,1.583201289176941,2.954948127269745,0.014409422874450684,0.0048763708376039815,1.1567696332931519,219.26811599731445,1.1326477527618408,0.005165583457540691,1.213060736656189,3,1,1.0289421499538962,0,1.1022903475655885,0,1.069874256969684,0,1.0779639274487804
201,0.1163710355758667,4,134.1113052368164,0.7964403629302979,0.005938651939327021,1.1260122060775757,39.38710880279541,0.07706199586391449,0.0019565283720049337,2.816833257675171,2.919153332710266,0.01462497003376484,0.005010004054903959,1.2610843181610107,217.21006393432617,1.1454761028289795,0.005273586693364798,1.2342098951339722,2,0,1.0424769157134235,1,1.0696272668922844,1,1.0094348240098918,0,1.051096744275717
202,0.12315672636032104,4,134.4578857421875,0.7597953081130981,0.005650805112092468,1.2817326784133911,38.858367919921875,0.07978779822587967,0.00205329771930473,2.4952003955841064,2.8789493441581726,0.014382367953658104,0.004995700248370859,1.2831262350082397,216.95111846923828,1.119568109512329,0.00516046249225064,1.2812589406967163,3,0,1.0424769157134235,1,1.1332663276893633,1,1.0678671086366514,0,1.0562086073202537
203,0.1184639036655426,4,135.10998153686523,0.8265775442123413,0.006117812576170079,1.0539183616638184,37.67936134338379,0.07748254388570786,0.0020563656368690867,2.3971683979034424,2.8780899047851562,0.015183422714471817,0.005275520646254874,1.1673427820205688,217.14517211914062,1.2123241424560547,0.005583012187767597,1.064024567604065,0,0,1.0622588347041027,1,1.0005988012385527,1,1.0666296784990184,0,1.0598532086139834
204,0.10469672083854675,4,137.46220779418945,0.7737390995025635,0.00562874052380286,1.0294890403747559,41.068989753723145,0.08933930099010468,0.0021753469351411437,2.367677688598633,2.9679041504859924,0.015553313307464123,0.005240503910787442,1.0441054105758667,223.05681991577148,1.1981201171875,0.005371367338779071,1.0628025531768799,0,0,1.0323705901218014,0,1.3678645605766844,0,1.055964914948536,0,1.0386403090917447
205,0.11435270309448242,4,136.44703674316406,0.7710580825805664,0.005650969790072748,1.0283005237579346,39.95890808105469,0.06751388311386108,0.0016895827828155984,1.6150363683700562,2.920931339263916,0.015471410006284714,0.005296738679993607,1.0265545845031738,218.99838256835938,1.0896964073181152,0.004975819430894524,1.1173981428146362,1,0,1.0639436231574768,0,1.3678645605766844,0,1.1122694923424574,0,1.084915198001724
206,0.10702021420001984,4,137.28740692138672,0.7925320267677307,0.005772794785333436,1.021705150604248,40.30141258239746,0.07775172591209412,0.00192925559998991,1.2507219314575195,2.9479459524154663,0.01616489514708519,0.005483443525767532,1.0352219343185425,219.7196502685547,1.180729627609253,0.005373800778246705,1.2223798036575317,2,0,1.0460888212989967,0,1.3178917435439605,0,1.0841543235550806,0,1.0704149029169827
207,0.6600205302238464,4,136.07576751708984,0.7716193795204163,0.00567051278563252,1.1243630647659302,40.74950981140137,0.0764116644859314,0.0018751554273801856,1.306982398033142,3.8788331151008606,0.021187515929341316,0.005462342746032367,1.7625701427459717,512.8807220458984,2.766104221343994,0.00539327001863106,3.3016695976257324,0,1,1.0013160292864256,2,0.9325106142153554,0,2.316816383815596,0,6.478076912174685
208,0.744243860244751,4,134.88663482666016,0.8584837317466736,0.006364483277753145,1.1179333925247192,38.153005599975586,0.07451536506414413,0.0019530667084375606,1.2963953018188477,4.204792320728302,0.023679422214627266,0.005631531930339382,1.575387954711914,570.1538314819336,3.106626033782959,0.0054487506042154845,3.0410654544830322,1,1,1.0013160292864256,2,0.9763202469633981,0,2.316816383815596,0,6.478076912174685
209,0.8437567949295044,4,136.2352294921875,0.8967150449752808,0.006582108374740937,1.0646299123764038,39.030364990234375,0.07900845259428024,0.0020242816743847674,1.2811514139175415,4.259142339229584,0.0241861492395401,0.005678643095998294,1.6632108688354492,574.7956123352051,3.2074246406555176,0.00558011329909915,3.3966097831726074,2,2,0.9905524914618086,2,0.9763202469633981,0,2.206393763103344,0,6.220533911288106
210,0.8279798030853271,4,137.01234436035156,0.8605993986129761,0.006281181470404904,1.1984022855758667,39.84830951690674,0.06274338066577911,0.0015745556443030166,1.6951217651367188,4.580341100692749,0.023858994245529175,0.00520899944371406,1.5470527410507202,631.1548080444336,3.2281739711761475,0.005114710258135089,2.9163784980773926,3,3,0.9787858675832297,3,0.9296303513560946,0,1.6031657168974849,0,3.1687587384804887
211,0.29763805866241455,4,135.66175842285156,0.8979865908622742,0.006619305258179616,1.2058712244033813,41.132174491882324,0.06157438084483147,0.001496988224072217,1.6884019374847412,3.564812660217285,0.019237246364355087,0.005396425618389305,1.1460322141647339,331.50466537475586,1.5430617332458496,0.0046547210172787935,1.1467941999435425,3,2,0.9881211505901982,3,0.9004798078901343,0,1.462699534671497,0,2.0469595945266255
212,0.27366283535957336,4,134.8652801513672,0.7536835074424744,0.005588417616428567,1.126522421836853,41.07349967956543,0.055706702172756195,0.0013562687038443661,1.4933069944381714,3.4312739968299866,0.016733963042497635,0.0048768950127437965,1.1086452007293701,320.35985946655273,1.4275290966033936,0.004456017364286661,1.2440447807312012,2,1,1.0362050531262896,2,0.9457056421860397,0,1.3762730451679392,0,1.9630822112607509
213,0.32765161991119385,4,134.6956672668457,0.710033655166626,0.005271391942845331,1.1528249979019165,40.50201606750488,0.051042795181274414,0.0012602531956977443,1.3045518398284912,3.364945948123932,0.015999728813767433,0.004754824909650572,1.1039836406707764,318.2519340515137,1.4205119609832764,0.004463482571494274,1.23432195186615,3,0,1.0362050531262896,2,0.9733737202768388,0,1.5083157091558068,0,2.039582420945808
214,0.24044226109981537,4,130.42391967773438,0.7259654402732849,0.005566198608867755,1.132398009300232,40.12154483795166,0.05133182927966118,0.001279408095749731,1.3898347616195679,2.9528061747550964,0.015345534309744835,0.005196932477634629,1.1481772661209106,252.70367431640625,1.3422051668167114,0.005311379703708454,1.5514024496078491,2,1,1.0270079854663525,3,0.9211404122276907,0,1.4854241963010426,0,2.080290902002594
215,0.23538221418857574,4,131.13655853271484,0.7110052108764648,0.0054218687666650126,1.0854066610336304,38.64118957519531,0.04787365347146988,0.0012389280453778033,1.0793330669403076,3.0379043221473694,0.016047880053520203,0.005282549531440351,1.2176967859268188,258.1368637084961,1.4132988452911377,0.00547499812691271,1.5755186080932617,3,1,1.0049412733537906,2,0.9835839527788925,0,1.409873131786889,0,1.9206932664213887
216,0.1214156448841095,4,132.60105895996094,0.7710955142974854,0.005815153516461121,1.0743910074234009,40.307618141174316,0.058645572513341904,0.0014549500868034505,1.1996265649795532,2.8694880604743958,0.01607624441385269,0.00560247823829415,1.1892629861831665,213.70435333251953,1.2009096145629883,0.005619490646006625,1.0891172885894775,0,0,1.0490966723867448,0,1.1559688744144418,0,1.1662623667409568,0,1.0992648007768782
217,0.12758368253707886,4,132.9059829711914,0.7904583811759949,0.005947500357055664,1.079774022102356,40.565853118896484,0.05311090871691704,0.0013092516151762326,1.6113096475601196,2.986198902130127,0.016303541138768196,0.005459630008951678,1.1366959810256958,218.04912567138672,1.1998316049575806,0.005502574712295796,1.1167360544204712,1,0,1.0490966723867448,0,1.1559688744144418,1,1.0876967625928784,0,1.073789113673803
218,0.12273767590522766,4,134.53539848327637,0.7479641437530518,0.0055596084910398405,1.1410770416259766,45.994972229003906,0.05249521881341934,0.0011413251551072021,1.4769093990325928,2.9987947940826416,0.0161419827491045,0.005382823386567362,1.1071163415908813,221.36475372314453,1.2491929531097412,0.005643142966978727,1.0801057815551758,2,0,1.0490966723867448,1,1.0561590076587226,1,1.0876967625928784,0,1.073789113673803
219,0.11932972073554993,4,135.09745979309082,0.8410230278968811,0.0062253060063820155,1.3153026103973389,45.70844841003418,0.05779653415083885,0.001264460644832368,1.3848451375961304,3.0398717522621155,0.017133276909589767,0.005636184124162497,1.153576374053955,224.0491600036621,1.3133848905563354,0.005862038895994379,1.1062278747558594,3,0,1.0316144983505169,1,1.0561590076587226,1,1.0305874226920524,0,1.0241420010107787
220,0.11639019846916199,4,133.52950477600098,0.8296311497688293,0.006213092388536571,1.3994667530059814,44.09703350067139,0.05599799007177353,0.0012698811150396534,1.2585952281951904,2.9217761754989624,0.01595340296626091,0.005460172856511327,1.4209156036376953,218.5962257385254,1.2191317081451416,0.005577094041886204,1.3985251188278198,3,0,1.0436516874958814,1,1.1063686249653337,0,1.1741747658922925,0,1.0819930365546273
221,0.12107981741428375,4,132.27295112609863,0.7492412328720093,0.005664357122853799,1.1322799921035767,44.78341197967529,0.05284765362739563,0.0011800720689031075,1.44631826877594,2.892562687397003,0.014997781254351139,0.0051849459718529166,1.2988775968551636,215.9018898010254,1.1437159776687622,0.005297387525059682,1.3020275831222534,2,0,1.015096846721181,3,0.7861421692619066,0,1.136832726559045,0,1.0750119332382817
222,0.11821335554122925,4,134.63744354248047,0.831523597240448,0.006176020394936329,1.1268140077590942,41.551899909973145,0.05919186770915985,0.0014245285495345743,1.4460234642028809,3.0115745663642883,0.016463909298181534,0.005466877520505004,1.1354659795761108,225.9066390991211,1.2936553955078125,0.005726504544827454,1.196974515914917,0,0,1.0250882700127586,0,1.2406390693682712,2,0.978668380143223,0,1.0422395045550783
223,0.11857624351978302,4,136.41100692749023,0.8375994563102722,0.006140262982997415,1.0366524457931519,43.55977153778076,0.057298071682453156,0.0013153896280827997,1.159814715385437,2.9935989379882812,0.016062339767813683,0.005365561686966553,1.0561423301696777,226.71545028686523,1.299988031387329,0.005734007231277982,1.080527424812317,0,0,1.0622751303305282,2,0.9643530217081597,1,1.0028253314857505,0,1.0560815746428294
224,0.12381988763809204,4,136.42974853515625,0.8517247438430786,0.006242954729360949,1.036933422088623,43.41134834289551,0.056161221116781235,0.0012936990731819162,1.16154944896698,3.0017412900924683,0.016070853918790817,0.00535384377455652,1.0433963537216187,224.52136611938477,1.2686240673065186,0.005650348958913571,1.0374906063079834,1,0,1.0622751303305282,2,0.9643530217081597,1,1.0028253314857505,0,1.0560815746428294
225,0.12113305926322937,4,138.1484375,0.8730253577232361,0.00631947326746447,1.0352782011032104,42.84988307952881,0.061077944934368134,0.0014253935027315778,1.384023904800415,3.0183846950531006,0.016902783885598183,0.0055999435437439566,1.0618631839752197,227.64083099365234,1.3653656244277954,0.005997894219890051,1.1485188007354736,2,0,1.0362767396775567,1,1.0149305280261978,1,1.0028253314857505,0,1.0132810836926203
226,0.11902093887329102,4,137.7416648864746,0.8458694219589233,0.006140984448359042,1.0873087644577026,40.70494747161865,0.060219407081604004,0.001479412474947713,1.3259204626083374,3.0121233463287354,0.01606816053390503,0.005334496196342482,1.2400144338607788,224.87800216674805,1.3173604011535645,0.005858111458037304,1.2293728590011597,3,0,1.0487284936506942,0,1.1178680053227554,1,1.0111314255365047,0,1.0638743500975876
227,0.11909462511539459,4,135.80418014526367,0.8198416233062744,0.006036939528881412,1.0966707468032837,38.59476280212402,0.06393641233444214,0.0016566085057251204,1.1041635274887085,2.9783820509910583,0.01621466688811779,0.005444119193077446,1.1361291408538818,219.55716705322266,1.3095660209655762,0.005964578786207992,1.191974401473999,2,0,1.0469195546256402,0,1.1370781358765722,0,1.0887521338236283,0,1.0992425954332035
228,0.1192503571510315,4,136.42198181152344,0.8162508010864258,0.005983279162548259,1.2322428226470947,38.54391670227051,0.060062576085329056,0.0015582893806376182,1.0041584968566895,3.019579231739044,0.016251424327492714,0.005382016195062102,1.2583422660827637,221.9590187072754,1.2821364402770996,0.0057764557067537334,1.22849702835083,3,0,1.0380167304534549,0,1.143252447850149,0,1.078579652345078,0,1.0856879967977258
229,0.17163291573524475,4,136.1000213623047,0.7612949013710022,0.005593642776472453,1.1423428058624268,37.785749435424805,0.07514217495918274,0.0019886379410735105,2.114401340484619,3.2500526309013367,0.01672680675983429,0.005146626427152795,1.378745436668396,255.80931854248047,1.3421976566314697,0.005246867722719727,1.384546160697937,0,0,1.0285061811809217,0,1.0622858958612134,0,1.3910774399617765,0,1.7100479658641725
230,0.16761046648025513,4,136.47373962402344,0.7634410858154297,0.005594051191963097,1.1484665870666504,39.55856132507324,0.07017958164215088,0.0017740680978119707,1.2141611576080322,3.2307580709457397,0.017383936792612076,0.005380760926962035,1.2698253393173218,258.2924575805664,1.349683165550232,0.005225406805110597,1.4184887409210205,1,0,1.0281734343198123,1,1.0622858958612134,0,1.3926994658116114,0,1.7100479658641725
231,0.16209286451339722,4,137.88549041748047,0.7958172559738159,0.005771580849908817,1.2110086679458618,42.97413444519043,0.09227966517210007,0.0021473303968412515,1.6214054822921753,3.28126323223114,0.01771138608455658,0.005397733991769224,1.1889408826828003,263.2664108276367,1.3536427021026611,0.005141722021609909,1.3540000915527344,2,1,1.0172760145531972,2,0.8655467484636918,0,1.3910774399617765,0,1.6035407383039242
232,0.14941537380218506,4,140.13692474365234,0.8530290722846985,0.006087111400832544,1.0446622371673584,44.34377479553223,0.10600483417510986,0.0023905234649935618,1.2835707664489746,3.364554762840271,0.019216474145650864,0.005711446387464595,1.1720298528671265,269.54967498779297,1.448502540588379,0.00537378700476629,1.3533837795257568,3,2,0.9954583785401461,3,0.8655467484636918,0,1.3134071881513845,0,1.584239660414157
233,0.10403801500797272,4,138.37068939208984,0.8826976418495178,0.006379224138634511,1.033432960510254,43.50296211242676,0.09593022614717484,0.0022051423969535184,2.0738654136657715,3.0997631549835205,0.017119456082582474,0.005522827140860537,1.2053427696228027,230.82190704345703,1.2448797225952148,0.005393247714398444,1.1403471231460571,1,0,1.0551812440121422,2,0.9339744720654717,0,1.078375089016684,0,1.0463917950894233
234,0.1099909245967865,4,137.19143676757812,0.868878960609436,0.006333332320744195,1.2464100122451782,41.20054817199707,0.05995896831154823,0.0014552954019262483,1.3055095672607422,3.07312273979187,0.016019849106669426,0.005212889449301457,1.3332760334014893,224.02460861206055,1.2063933610916138,0.005385093042080497,1.3169389963150024,2,0,1.0926911534451282,1,1.1679681573569178,0,1.078375089016684,0,1.1206848086496313
235,0.188423752784729,4,135.32135009765625,0.876966655254364,0.006480623010496797,1.2701417207717896,37.3283576965332,0.05915197730064392,0.0015846391577558619,1.5622756481170654,3.1606080532073975,0.017521323636174202,0.005543655948858794,1.193591833114624,267.58569717407227,1.488835096359253,0.0055639561907926734,1.450541615486145,0,1,1.0016640655783569,3,0.9029841685461749,0,1.1411849637880052,0,1.8909704548563728
236,0.2821957468986511,4,133.30020141601562,0.8493058681488037,0.006371377230693082,1.1790316104888916,36.11082649230957,0.0664324015378952,0.001839681004034708,2.0970299243927,3.4449058771133423,0.018709205090999603,0.005430977146660673,1.4070239067077637,319.68717193603516,1.6831161975860596,0.005264885004277954,1.5580016374588013,0,0,1.0315401482077882,0,1.044988143983006,0,1.451883066023559,0,2.0858094670635867
237,0.28866273164749146,4,134.78270721435547,0.8632727861404419,0.006404922441330042,1.291141390800476,35.524115562438965,0.07097712904214859,0.0019979984840831754,2.2499349117279053,3.452679753303528,0.018856894224882126,0.005461524257162811,1.4165524244308472,326.40948486328125,1.7053277492523193,0.005224504275562357,1.536424160003662,1,1,1.0298264494615579,0,1.116951681010199,0,1.437204536691673,0,1.85483810764538
238,0.2760908901691437,4,135.63299560546875,0.8466359376907349,0.006242108964056518,1.3376280069351196,36.8933801651001,0.07399196177721024,0.0020055620126454054,1.9115482568740845,3.4841546416282654,0.02016068622469902,0.005786392482073424,1.4051491022109985,332.9200134277344,1.7908616065979004,0.005379254879150231,1.3802626132965088,2,1,1.0057964764697356,1,1.116951681010199,0,1.437204536691673,0,1.85483810764538
239,0.2136373519897461,4,136.20218658447266,0.7990521192550659,0.005866661463320146,1.2675200700759888,37.47611618041992,0.0693446546792984,0.0018503692950852997,1.9481432437896729,3.3359720706939697,0.018566519021987915,0.0055655498992608745,1.5468294620513916,283.02610778808594,1.5240552425384521,0.0053848574410653985,1.6262223720550537,3,1,1.0057964764697356,1,1.0714918271016511,0,1.4903789575628492,0,1.9572437546796637
240,0.5093169212341309,4,136.03919219970703,0.7336587905883789,0.005392995788385451,1.125136375427246,38.87616539001465,0.06215059012174606,0.001598681081280446,1.4175758361816406,3.671755313873291,0.01976361870765686,0.005382607776989489,1.7582098245620728,422.89414978027344,2.279554605484009,0.005390366848698228,2.7703697681427,0,1,1.0009880613381277,0,1.229134843561058,0,1.9432248530413259,0,4.388452068706414
241,0.5109378099441528,4,134.03521728515625,0.7273493409156799,0.005426553973261103,1.2342536449432373,39.46882438659668,0.06544595956802368,0.0016581684553606479,1.4976046085357666,3.530036151409149,0.019355662167072296,0.005483134261768323,1.9489277601242065,410.21773529052734,2.25270414352417,0.005491484033299398,2.958005666732788,1,0,1.0075802422986084,0,1.1979493405267936,0,2.0000254820703023,0,4.837622588522856
242,0.4217398762702942,4,133.99698638916016,0.7321439981460571,0.0054638840609424685,1.3261938095092773,37.76056098937988,0.06391890347003937,0.0016927424221270572,1.9222443103790283,3.5337217450141907,0.018383542075753212,0.005202317387239382,2.103158712387085,409.08777618408203,2.2354679107666016,0.00546451896367757,3.486030340194702,2,0,1.0075802422986084,0,1.229134843561058,0,2.0000254820703023,0,4.837622588522856
243,0.48873594403266907,4,133.7434196472168,0.7977473735809326,0.005964759804147372,1.2018370628356934,37.986538887023926,0.08633901178836823,0.002272884403739698,1.92857825756073,3.5213484168052673,0.01862577721476555,0.005289387760062586,1.9309639930725098,407.70147705078125,2.289710521697998,0.005616144778923141,3.130791187286377,3,0,1.0152244843593188,0,1.198635907924832,0,2.0349756804670966,0,4.969632183769951
244,0.13130101561546326,4,133.44260025024414,0.7189632654190063,0.005387809170914975,1.1245827674865723,35.841973304748535,0.06292236596345901,0.0017555497134172221,1.4567865133285522,2.7771406769752502,0.013618922792375088,0.0049039369540358575,1.0991637706756592,207.37163925170898,1.1105324029922485,0.005355276193984643,1.1293582916259766,2,0,1.0130784996460072,2,0.9718747637311349,0,1.0696100093477021,0,1.1101916873411866
245,0.1307227462530136,4,133.83289337158203,0.777045488357544,0.005806087493005969,1.0374888181686401,36.462928771972656,0.06243608891963959,0.0017123168934150808,1.1882026195526123,2.818717062473297,0.013989673927426338,0.004963135219804939,1.0615137815475464,207.5658187866211,1.1586652994155884,0.005582158498874534,1.121280550956726,3,0,1.0130784996460072,2,0.9718747637311349,0,1.0696100093477021,0,1.1101916873411866
246,0.12794221937656403,4,133.94261169433594,0.8443849682807922,0.0063040802146498605,1.2552257776260376,36.10592269897461,0.06053682044148445,0.0016766451572557005,1.4261521100997925,2.7596134543418884,0.014456775039434433,0.005238695664673109,1.1411463022232056,203.39868545532227,1.1084743738174438,0.00544976173929564,1.0118076801300049,0,0,1.0163612787293104,3,0.9326739760879678,2,0.9847745215483956,0,1.0281652289615484
247,0.12231147289276123,4,135.61401748657227,0.862923264503479,0.006363083112620868,1.2497036457061768,36.111268043518066,0.05623924732208252,0.0015573877730991892,1.3068714141845703,2.8003546595573425,0.01604972779750824,0.005731319689358651,1.11836576461792,209.1285285949707,1.2086923122406006,0.005779662489671762,1.111314058303833,0,0,1.0435137891177528,1,1.0388655302297243,0,1.0914290917001492,0,1.0842596209471953
248,0.14411523938179016,4,137.68201065063477,0.8320415616035461,0.006043211874024954,1.1152012348175049,38.26945209503174,0.07388505339622498,0.0019306535461430599,1.919636607170105,3.1008389592170715,0.017795421183109283,0.005738905314709551,1.2718757390975952,239.98361206054688,1.351767659187317,0.005632749868129627,1.226210594177246,0,0,1.0509042959616963,0,1.1994272800922061,0,1.4534350980567956,0,1.5889143421952177
249,0.14097261428833008,4,138.71670532226562,0.8194326162338257,0.0059072381681076255,1.131969690322876,37.76669883728027,0.07209532707929611,0.0019089655516337943,2.2723865509033203,3.109332799911499,0.01715312898159027,0.005516659066561965,1.3007787466049194,243.87772750854492,1.2763962745666504,0.005233754995203194,1.3762086629867554,1,0,1.0509042959616963,0,1.1994272800922061,0,1.4534350980567956,0,1.5889143421952177
