branch,step,inv,moment_kl,h_moment_kl,grad_norm,skip,inv_med,zkl_med,W0,W3,W6
B_trainable,0,0.37217962741851807,0.7159916162490845,0.8195524215698242,236.41680908203125,0,0.37217962741851807,0.7159916162490845,336.6639404296875,784.7435913085938,316.2575988769531
B_trainable,1,0.7139256000518799,0.33317020535469055,0.437279611825943,238.21102905273438,0,0.3755970871448517,0.7121634021401405,336.6639404296875,784.7427368164062,316.25726318359375
B_trainable,2,0.27140912413597107,0.19397614896297455,0.36453646421432495,45.58683776855469,0,0.37455520751476284,0.7069815296083688,336.66387939453125,784.7426147460938,316.257080078125
B_trainable,3,0.3300590217113495,0.1483997404575348,0.3393276333808899,37.604427337646484,0,0.3741102456567287,0.7013957117168604,336.6638488769531,784.7417602539062,316.2565612792969
B_trainable,4,0.3503744602203369,0.15672743320465088,0.3443845510482788,40.432472229003906,0,0.3738728878023648,0.6959490289317384,336.6639099121094,784.7404174804688,316.2559509277344
B_trainable,5,0.28712403774261475,0.10782086849212646,0.3370160460472107,34.74482727050781,0,0.37300539930176724,0.6900677473273422,336.6640319824219,784.7384033203125,316.2550964355469
B_trainable,6,0.2733643054962158,0.10752739012241364,0.3458169102668762,40.80216598510742,0,0.3720089883637117,0.6842423437552929,336.6641845703125,784.7365112304688,316.25433349609375
B_trainable,7,0.297807514667511,0.11211730539798737,0.3426445722579956,43.672183990478516,0,0.37126697362674965,0.6785210933717198,336.664306640625,784.7349853515625,316.2536315917969
B_trainable,8,0.24964968860149384,0.11409899592399597,0.3379557728767395,38.66082000732422,0,0.3700508007764971,0.6728768723972426,336.66448974609375,784.7333374023438,316.2529296875
B_trainable,9,0.31290608644485474,0.12737829983234406,0.3455268144607544,43.17082977294922,0,0.3694793536331807,0.6674218866715936,336.6646728515625,784.7318725585938,316.25225830078125
B_trainable,10,0.30613818764686584,0.12262174487113953,0.34409552812576294,37.72005844116211,0,0.36884594197331755,0.6619738852535891,336.66485595703125,784.7305297851562,316.25164794921875
B_trainable,11,0.2921350598335266,0.1205323189496994,0.3444935083389282,45.86643981933594,0,0.36807883315191964,0.6565594695905502,336.6650390625,784.7294311523438,316.2510681152344
B_trainable,12,0.25338074564933777,0.12404847145080566,0.3465961813926697,31.061649322509766,0,0.36693185227689384,0.6512343596091528,336.6651916503906,784.7290649414062,316.2507019042969
B_trainable,13,0.3000545799732208,0.12279608845710754,0.35523587465286255,34.12346267700195,0,0.3662630795538571,0.6459499768976323,336.66534423828125,784.7286987304688,316.2503967285156
B_trainable,14,0.9072252511978149,0.4585055112838745,0.34641554951667786,342.3578186035156,0,0.37167270127029667,0.6440755322414948,336.6654968261719,784.72802734375,316.24981689453125
B_trainable,15,0.2819359302520752,0.41737285256385803,0.3479256331920624,66.6591567993164,0,0.37077533356011444,0.6418085054447185,336.6656799316406,784.7273559570312,316.249267578125
B_trainable,16,0.35009509325027466,0.4284563362598419,0.349945604801178,40.62295913696289,0,0.37056853115701605,0.6396749837528697,336.66583251953125,784.7271728515625,316.2489013671875
B_trainable,17,0.29190537333488464,0.45163699984550476,0.3448532819747925,37.67573928833008,0,0.3697818995787947,0.637794603913796,336.66595458984375,784.726806640625,316.2483825683594
B_trainable,18,0.32393038272857666,0.13952410221099854,0.3554030656814575,46.674190521240234,0,0.3693233844102925,0.632811898896768,336.66607666015625,784.726318359375,316.2479248046875
B_trainable,19,0.2747301757335663,0.12806415557861328,0.35071292519569397,40.618141174316406,0,0.36837745232352526,0.6277644214635865,336.6661071777344,784.7269897460938,316.247802734375
B_trainable,20,0.29863858222961426,0.12609072029590607,0.34790295362472534,42.42997360229492,0,0.36768006362258615,0.6227476844519096,336.6661071777344,784.7280883789062,316.2478332519531
B_trainable,21,3.0187180042266846,0.16575887799263,0.34792259335517883,2790.575927734375,0,0.3941904430286271,0.6181777963873168,336.6661071777344,784.7290649414062,316.2478332519531
B_trainable,22,0.2784115672111511,0.1693629026412964,0.3505299687385559,49.57649612426758,0,0.39303265427045236,0.6136896474498567,336.6660461425781,784.7308959960938,316.2480773925781
B_trainable,23,0.29071033000946045,0.17138847708702087,0.34974220395088196,40.40727615356445,0,0.3920094310278424,0.6092666357462283,336.6658935546875,784.7334594726562,316.24853515625
B_trainable,24,0.2641447186470032,0.1670907437801361,0.35012802481651306,40.95307159423828,0,0.390730783904034,0.6048448768265674,336.6657409667969,784.736572265625,316.2492370605469
B_trainable,25,0.29028937220573425,0.13247258961200714,0.3544233441352844,43.08955764770508,0,0.38972636978705094,0.6001211539544218,336.66558837890625,784.7401733398438,316.2500915527344
B_trainable,26,0.28053057193756104,0.12688875198364258,0.3476954996585846,49.12311553955078,0,0.388634411808556,0.595388829934714,336.6654052734375,784.7438354492188,316.25103759765625
B_trainable,27,0.31599488854408264,0.1314694583415985,0.3581277132034302,39.42748260498047,0,0.38790801657591123,0.5907496362187827,336.66522216796875,784.7474365234375,316.251953125
B_trainable,28,0.29664212465286255,0.12439405918121338,0.34429991245269775,38.24125671386719,0,0.38699535765668075,0.586086080448407,336.6650695800781,784.7503662109375,316.2525939941406
B_trainable,29,0.2857179641723633,0.12326237559318542,0.34079182147979736,37.93470001220703,0,0.3859825837218375,0.5814578433998547,336.6649475097656,784.752685546875,316.2530517578125
B_trainable,30,0.29349252581596375,0.12861397862434387,0.3385022282600403,39.149600982666016,0,0.3850576831427788,0.5769294047520996,336.6648864746094,784.7540893554688,316.25311279296875
B_trainable,31,0.28735214471817017,0.12124958634376526,0.33620738983154297,34.03644943237305,0,0.3840806277585327,0.5723726065680163,336.66485595703125,784.755126953125,316.25299072265625
B_trainable,32,0.33511170744895935,0.11394163966178894,0.33133453130722046,53.04060363769531,0,0.38359093855543697,0.5677882968989539,336.66485595703125,784.755615234375,316.252685546875
B_trainable,33,0.31681376695632935,0.11450017988681793,0.3349844217300415,40.551822662353516,0,0.3829231668394459,0.5632554157288326,336.66485595703125,784.7551879882812,316.2521057128906
B_trainable,34,0.3036065399646759,0.1151931881904602,0.34332209825515747,38.58847427368164,0,0.3821300005706982,0.5587747934534489,336.66485595703125,784.7542114257812,316.25128173828125
B_trainable,35,0.29136914014816284,0.1181320995092392,0.34550002217292786,38.7860107421875,0,0.38122239196647284,0.5543683665140068,336.6649169921875,784.753173828125,316.25048828125
B_trainable,36,0.3036114573478699,0.11893677711486816,0.33848273754119873,41.32701873779297,0,0.3804462826202868,0.5500140506200154,336.6649475097656,784.7522583007812,316.2496643066406
B_trainable,37,0.3960535228252411,0.12372748553752899,0.34683263301849365,43.736778259277344,0,0.3806023550223363,0.5457511849691905,336.6650390625,784.75146484375,316.24884033203125
B_trainable,38,0.26392677426338196,0.12647056579589844,0.3456850051879883,36.77006530761719,0,0.3794355992147468,0.5415583787774576,336.66510009765625,784.7510986328125,316.24822998046875
B_trainable,39,0.2707950174808502,0.1309157907962799,0.3514118492603302,35.54121398925781,0,0.37834919339740786,0.5374519528976458,336.6650695800781,784.7516479492188,316.2479248046875
B_trainable,40,0.26250535249710083,0.12768040597438812,0.345744252204895,38.416343688964844,0,0.37719075498840476,0.5333542374284131,336.6650390625,784.7530517578125,316.24786376953125
B_trainable,41,0.23954972624778748,0.12334369122982025,0.34003761410713196,35.748634338378906,0,0.3758143447009986,0.5292541319664271,336.66497802734375,784.7550048828125,316.24798583984375
B_trainable,42,0.2593059241771698,0.12332376837730408,0.3357912003993988,38.62825012207031,0,0.37464926049576036,0.5251948283305359,336.6649169921875,784.7567749023438,316.2481384277344
B_trainable,43,0.2798927128314972,0.11566087603569031,0.3295896649360657,38.087772369384766,0,0.3737016950191177,0.5210994888075875,336.66485595703125,784.7587890625,316.24835205078125
B_trainable,44,1.4652671813964844,0.11939308047294617,0.33870500326156616,318.21331787109375,0,0.38461734988289137,0.5170824247242412,336.6647644042969,784.7610473632812,316.24853515625
B_trainable,45,0.2945394217967987,0.11646246910095215,0.3414730429649353,50.97727584838867,0,0.3837165706020304,0.5130762251680082,336.6646728515625,784.7631225585938,316.2486877441406
B_trainable,46,0.2867462933063507,0.1236172616481781,0.3430033028125763,38.18387985229492,0,0.3827468678290736,0.5091816355328099,336.6645812988281,784.7647705078125,316.2487487792969
B_trainable,47,0.26713234186172485,0.12282034754753113,0.3422483503818512,43.29008102416992,0,0.3815907225694001,0.5053180226529572,336.66448974609375,784.7662963867188,316.248779296875
B_trainable,48,0.25329118967056274,0.1174263060092926,0.34169334173202515,37.704803466796875,0,0.3803077272404117,0.5014391054865206,336.6643981933594,784.7676391601562,316.248779296875
B_trainable,49,0.2931056618690491,0.12780065834522247,0.35157012939453125,36.70317459106445,0,0.379435706586698,0.4977027210151076,336.6643371582031,784.7689208984375,316.2486267089844
B_trainable,50,0.5670667886734009,0.1377970278263092,0.350601464509964,79.4854736328125,0,0.381312017407565,0.4941036640832196,336.6642150878906,784.7704467773438,316.24853515625
B_trainable,51,0.42307212948799133,0.1589776575565338,0.35618895292282104,41.973976135253906,0,0.38172961852836923,0.4907524040179528,336.6640930175781,784.771728515625,316.2484436035156
B_trainable,52,0.2938055098056793,0.14813300967216492,0.35406333208084106,45.303829193115234,0,0.3808503774411423,0.4873262100744949,336.66400146484375,784.7733154296875,316.2484436035156
B_trainable,53,0.275861531496048,0.1587856560945511,0.3421500325202942,32.84792709350586,0,0.37980048898169133,0.48404080453469545,336.66387939453125,784.775146484375,316.2484436035156
B_trainable,54,0.2646804451942444,0.12299361824989319,0.33729326725006104,35.20503616333008,0,0.37864928854381685,0.4804303326718474,336.6638488769531,784.7759399414062,316.2481689453125
B_trainable,55,0.26210373640060425,0.11433827877044678,0.33716490864753723,36.34374237060547,0,0.3774838330223847,0.4767694121328334,336.6638488769531,784.776123046875,316.24774169921875
B_trainable,56,0.2581305205821991,0.11492475867271423,0.3385993242263794,39.23262405395508,0,0.37629029989798285,0.4731509655982322,336.6639099121094,784.7754516601562,316.2470397949219
B_trainable,57,0.3031325340270996,0.1183081865310669,0.3330077528953552,40.12141036987305,0,0.375558722239274,0.46960253780756056,336.6639709472656,784.774658203125,316.2463073730469
B_trainable,58,0.2557772994041443,0.11568635702133179,0.3334822654724121,41.10449981689453,0,0.3743609080109227,0.46606337599969827,336.6640319824219,784.773193359375,316.2453918457031
B_trainable,59,0.25613415241241455,0.11993052065372467,0.336087703704834,49.06882858276367,0,0.3731786404549376,0.46260204744623856,336.6640930175781,784.7719116210938,316.2445373535156
B_trainable,60,0.2878282070159912,0.11836588382720947,0.3408871591091156,40.58225631713867,0,0.37232513612054813,0.4591596858100483,336.66412353515625,784.77099609375,316.24383544921875
B_trainable,61,0.3185984790325165,0.12157316505908966,0.3454091548919678,36.62310791015625,0,0.3717878695496678,0.4557838206025387,336.6641540527344,784.7699584960938,316.24310302734375
B_trainable,62,0.25425636768341064,0.12272948026657104,0.3483901619911194,57.93960189819336,0,0.3706125545310052,0.452453277199179,336.6641845703125,784.7692260742188,316.2425537109375
B_trainable,63,0.29608023166656494,0.12219223380088806,0.35258039832115173,42.45296859741211,0,0.36986723130236077,0.4491506667651961,336.6641845703125,784.769287109375,316.2422180175781
B_trainable,64,1.4524716138839722,0.3568166494369507,0.344707727432251,188.77708435058594,0,0.38069327512817686,0.44822732659191367,336.6642761230469,784.7682495117188,316.24127197265625
B_trainable,65,0.29193297028541565,0.3504714369773865,0.3463985323905945,40.3076286315918,0,0.3798056720797492,0.44724976769576835,336.66436767578125,784.767578125,316.240478515625
B_trainable,66,0.2902984619140625,0.3282648026943207,0.3487219214439392,39.16169357299805,0,0.37891059997809234,0.4460599180457539,336.6643981933594,784.767822265625,316.23992919921875
B_trainable,67,0.248793825507164,0.354333758354187,0.3344038426876068,34.24071502685547,0,0.37760943223338306,0.4451426564488382,336.6643981933594,784.7686157226562,316.23956298828125
B_trainable,68,0.2942686975002289,0.12366363406181335,0.3409627079963684,34.726619720458984,0,0.3767760248860515,0.441927866224968,336.6643981933594,784.7696533203125,316.2392883300781
B_trainable,69,0.7812113165855408,0.5895165205001831,0.33181533217430115,873.9696655273438,0,0.3808203778030464,0.44340375276772015,336.6644287109375,784.7703247070312,316.2388916015625
B_trainable,70,0.33167383074760437,0.5963314771652222,0.33433884382247925,46.199554443359375,0,0.38032891233249194,0.4449330300116952,336.6644287109375,784.7709350585938,316.23846435546875
B_trainable,71,0.3059599995613098,0.5374623537063599,0.3424968421459198,47.121803283691406,0,0.3795852232047801,0.44585832324864183,336.66448974609375,784.7713012695312,316.238037109375
B_trainable,72,0.2915935814380646,0.5129177570343018,0.3312898278236389,46.65174865722656,0,0.37870530678711295,0.44652891758649843,336.66455078125,784.7713623046875,316.23760986328125
B_trainable,73,0.3011850118637085,0.12332798540592194,0.344896525144577,54.55067825317383,0,0.3779301038378789,0.4432969082646927,336.66461181640625,784.7713012695312,316.2371520996094
B_trainable,74,0.3057922124862671,0.12448832392692566,0.33879733085632324,44.91006851196289,0,0.37720872492436275,0.440108822421315,336.6646728515625,784.7714233398438,316.23681640625
B_trainable,75,0.2989789545536041,0.1140550971031189,0.3323794901371002,45.57973861694336,0,0.37642642722065517,0.436848285168133,336.6646728515625,784.77197265625,316.23663330078125
B_trainable,76,0.4420015513896942,0.1157219409942627,0.3321840465068817,674.8309326171875,0,0.37708217846234554,0.4336370217263943,336.6647033691406,784.7725219726562,316.2364501953125
B_trainable,77,0.38548603653907776,0.1208968460559845,0.33388766646385193,58.96992111206055,0,0.3771662170431129,0.43050961996969017,336.6647644042969,784.7726440429688,316.2361755371094
B_trainable,78,0.28986650705337524,0.12646222114562988,0.33385297656059265,35.809139251708984,0,0.3762932199432155,0.4274691459814496,336.6648254394531,784.7727661132812,316.2359313964844
B_trainable,79,0.2692612409591675,0.12332761287689209,0.33322674036026,34.75627517700195,0,0.37522290015337506,0.424427730650404,336.66485595703125,784.7728271484375,316.2356872558594
B_trainable,80,0.29533594846725464,0.12180283665657043,0.329121857881546,38.05316162109375,0,0.37442403063651386,0.42140148171046565,336.6649169921875,784.7730102539062,316.235595703125
B_trainable,81,0.3167411684989929,0.11800017952919006,0.33423006534576416,37.7576904296875,0,0.3738472020151386,0.4183674686886529,336.6649169921875,784.7736206054688,316.2355651855469
B_trainable,82,0.23993636667728424,0.11698693037033081,0.3332592248916626,28.918418884277344,0,0.3725080936617601,0.4153536633054697,336.6648864746094,784.7747802734375,316.2357177734375
B_trainable,83,0.28483355045318604,0.11981235444545746,0.34336423873901367,34.49079132080078,0,0.3716313482296743,0.4123982502168696,336.664794921875,784.7764282226562,316.2360534667969
B_trainable,84,0.2593109607696533,0.11302107572555542,0.3376598358154297,38.914215087890625,0,0.3705081443550741,0.40940447847195643,336.6647033691406,784.7782592773438,316.236572265625
B_trainable,85,0.2918854057788849,0.11985568702220917,0.3473668694496155,35.25362777709961,0,0.3697219169693122,0.4065089905574589,336.6646423339844,784.7797241210938,316.2369384765625
B_trainable,86,0.2526962459087372,0.11519622802734375,0.3360229730606079,36.68431854248047,0,0.36855166025870645,0.40359586293215777,336.66455078125,784.7811889648438,316.2373046875
B_trainable,87,0.30443280935287476,0.12671378254890442,0.33701491355895996,35.519596099853516,0,0.3679104717496481,0.4008270421283252,336.6645202636719,784.7822265625,316.2375183105469
B_trainable,88,0.2847844362258911,0.12321095168590546,0.33778858184814453,32.84501647949219,0,0.3670792113944105,0.398050881223901,336.6644287109375,784.7832641601562,316.2377014160156
B_trainable,89,0.3215615451335907,0.11004656553268433,0.32852935791015625,44.082027435302734,0,0.36662403473180233,0.3951708380669888,336.66436767578125,784.7846069335938,316.23797607421875
B_trainable,90,0.2594825029373169,0.11013901233673096,0.33635449409484863,30.399330139160156,0,0.36555261941385747,0.39232051980968624,336.6642761230469,784.785400390625,316.2380676269531
B_trainable,91,0.2752203345298767,0.10390453040599823,0.3331530690193176,35.81963348388672,0,0.36464929656501766,0.38943635991564934,336.6642761230469,784.7860107421875,316.2380676269531
B_trainable,92,0.30418461561203003,0.10991770029067993,0.3400920331478119,43.90462112426758,0,0.3640446497554878,0.3866411733193996,336.66424560546875,784.786376953125,316.2379150390625
B_trainable,93,0.3007000684738159,0.11832568049430847,0.3429148197174072,40.400230407714844,0,0.363411203942671,0.3839580183911487,336.66424560546875,784.78662109375,316.23760986328125
B_trainable,94,0.4897047281265259,0.15708357095718384,0.341886967420578,48.32103729248047,0,0.3646741391845096,0.381689273916809,336.6642150878906,784.7867431640625,316.2372131347656
B_trainable,95,0.27847516536712646,0.14310526847839355,0.34260091185569763,36.7492790222168,0,0.3638121494463357,0.3793034338624249,336.6642150878906,784.7867431640625,316.23681640625
B_trainable,96,0.30174148082733154,0.14113344252109528,0.3348045349121094,37.93899154663086,0,0.3631914427601457,0.3769217339490116,336.66424560546875,784.7866821289062,316.236328125
B_trainable,97,0.2898063361644745,0.15064969658851624,0.34000420570373535,35.1905403137207,0,0.36245759169418895,0.37465901357540665,336.6642761230469,784.7860107421875,316.2357177734375
B_trainable,98,0.27877604961395264,0.11617878079414368,0.33757591247558594,35.97208023071289,0,0.3616207762733866,0.37207421124759404,336.6642761230469,784.7854614257812,316.2351379394531
B_trainable,99,0.2694406509399414,0.12351277470588684,0.3447389006614685,39.10126876831055,0,0.36069897502005216,0.369588596882177,336.66424560546875,784.785400390625,316.2347717285156
B_trainable,100,0.25189411640167236,0.11865757405757904,0.34125614166259766,30.690927505493164,0,0.3596109264338684,0.367079286653931,336.6642150878906,784.7854614257812,316.23455810546875
B_trainable,101,0.31393805146217346,0.12025302648544312,0.3436744809150696,48.801849365234375,0,0.35915419768415147,0.36461102405224616,336.6642150878906,784.7855224609375,316.234375
B_trainable,102,0.24906489253044128,0.1250915229320526,0.35161787271499634,33.12913513183594,0,0.35805330463261437,0.3622158290410442,336.66412353515625,784.7861328125,316.2344055175781
B_trainable,103,0.2843630015850067,0.1165798008441925,0.34885379672050476,32.99007797241211,0,0.3573164016021383,0.35975946875907566,336.6640930175781,784.7868041992188,316.23443603515625
B_trainable,104,0.2632561922073364,0.12234538793563843,0.35059744119644165,38.95545196533203,0,0.35637579950819026,0.3573853279508413,336.66400146484375,784.7880249023438,316.234619140625
B_trainable,105,0.27731096744537354,0.12118162214756012,0.3488629460334778,150.4197540283203,0,0.35558515118756207,0.3550232908928085,336.6639099121094,784.7891235351562,316.23480224609375
B_trainable,106,0.29251083731651306,0.12173029780387878,0.3483882248401642,37.67552185058594,0,0.3549544080488516,0.3526903609619192,336.66387939453125,784.7901000976562,316.2348937988281
B_trainable,107,0.972770631313324,0.12676653265953064,0.3534666895866394,269.7418518066406,0,0.3611325702814963,0.35043112267889526,336.663818359375,784.790771484375,316.23492431640625
B_trainable,108,0.2559407353401184,0.13087531924247742,0.3476683795452118,35.934043884277344,0,0.36008065193208255,0.3482355646445311,336.66375732421875,784.7919311523438,316.2350158691406
B_trainable,109,0.2656264007091522,0.12266859412193298,0.3453228771686554,41.40452194213867,0,0.35913610941985324,0.3459798949393051,336.6636962890625,784.7929077148438,316.235107421875
B_trainable,110,0.2655264139175415,0.12222707271575928,0.3464262783527374,45.72919464111328,0,0.35820001246483013,0.3437423667170696,336.6636657714844,784.793701171875,316.235107421875
B_trainable,111,0.29092398285865784,0.12282907962799072,0.35727623105049133,40.402320861816406,0,0.3575272521687684,0.3415332338461788,336.66363525390625,784.794189453125,316.2350158691406
B_trainable,112,0.287850558757782,0.12723350524902344,0.35549336671829224,33.98627853393555,0,0.3568304852346585,0.3393902365602072,336.6636657714844,784.7944946289062,316.2348327636719
B_trainable,113,0.2517664134502411,0.125678151845932,0.348153293132782,32.11345672607422,0,0.35577984451681427,0.3372531157130645,336.66363525390625,784.794921875,316.2347106933594
B_trainable,114,0.27899351716041565,0.1291615217924118,0.34652161598205566,42.167964935302734,0,0.3550119812432503,0.3351721997738579,336.6636657714844,784.7952880859375,316.23455810546875
B_trainable,115,0.9962315559387207,0.2829350531101227,0.3361015319824219,182.89207458496094,0,0.36142417699020496,0.33464982830722056,336.6636962890625,784.7957763671875,316.2344970703125
B_trainable,116,0.2652112543582916,0.32839903235435486,0.33139997720718384,33.554752349853516,0,0.36046204776388585,0.3345873203476919,336.6636962890625,784.7958984375,316.2342834472656
B_trainable,117,0.2772514224052429,0.3261437714099884,0.3394242525100708,48.809600830078125,0,0.3596299415102994,0.33450288485831486,336.66375732421875,784.7955932617188,316.2339172363281
B_trainable,118,0.30064213275909424,0.3105858564376831,0.3463689088821411,39.955135345458984,0,0.3590400634227874,0.33426371457410853,336.663818359375,784.7949829101562,316.23345947265625
B_trainable,119,0.32471609115600586,0.12761855125427246,0.35289251804351807,42.8532829284668,0,0.35869682370011957,0.3321972629409102,336.6639099121094,784.79443359375,316.2330017089844
B_trainable,120,0.26821088790893555,0.11790841817855835,0.3516003489494324,32.95185089111328,0,0.3577919643422077,0.3300543744932867,336.66400146484375,784.79345703125,316.2324523925781
B_trainable,121,0.2486756592988968,0.12695841491222382,0.35796189308166504,36.494564056396484,0,0.3567008012917746,0.32802341489747605,336.6641540527344,784.792236328125,316.23187255859375
B_trainable,122,0.2786290943622589,0.11959591507911682,0.34895843267440796,44.510597229003906,0,0.35592008422247945,0.32593913989929246,336.6642761230469,784.7910766601562,316.2313537597656
B_trainable,123,0.2696436643600464,0.11048644781112671,0.3397887349128723,41.37044906616211,0,0.35505732002385515,0.32378461297841077,336.66436767578125,784.7899169921875,316.2308654785156
B_trainable,124,0.2748112678527832,0.11593440175056458,0.3457140326499939,41.006813049316406,0,0.3542548595021444,0.3217061108661323,336.6644287109375,784.7890625,316.23046875
B_trainable,125,0.2622045874595642,0.11649192869663239,0.3440079689025879,39.3621940612793,0,0.3533343567817186,0.3196539690444373,336.66448974609375,784.788330078125,316.2301025390625
B_trainable,126,0.3166855573654175,0.12101981043815613,0.3407365083694458,44.455078125,0,0.35296786878755554,0.3176676274583745,336.6645202636719,784.787841796875,316.2297668457031
B_trainable,127,0.2526397407054901,0.12499193847179413,0.34689557552337646,34.608131408691406,0,0.35196458750673487,0.31574087056850875,336.66448974609375,784.7880249023438,316.2296142578125
B_trainable,128,0.2376527041196823,0.1201179176568985,0.3430494964122772,36.28150177001953,0,0.35082146867286434,0.31378464103939263,336.6644287109375,784.7889404296875,316.2297058105469
B_trainable,129,0.2631623148918152,0.11882790923118591,0.3364073634147644,36.552894592285156,0,0.34994487713505384,0.31183507372131053,336.66436767578125,784.789794921875,316.2298278808594
B_trainable,130,0.26842087507247925,0.12510648369789124,0.34756794571876526,34.27642822265625,0,0.34912963711442807,0.3099677878210763,336.66436767578125,784.79052734375,316.2298583984375
B_trainable,131,0.26447582244873047,0.12380345165729523,0.3402850925922394,40.220855712890625,0,0.3482830989677711,0.3081061444594385,336.664306640625,784.7916259765625,316.23004150390625
B_trainable,132,0.26489460468292236,0.11967489123344421,0.34250015020370483,38.689308166503906,0,0.3474492140249226,0.30622183192717856,336.6642761230469,784.7923583984375,316.2301330566406
B_trainable,133,0.25579798221588135,0.1283309906721115,0.3482881188392639,33.5052375793457,0,0.3465327017068322,0.3044429235146279,336.6641845703125,784.7933959960938,316.2303466796875
B_trainable,134,0.29004213213920593,0.114360511302948,0.3448188602924347,35.10346221923828,0,0.34596779601115596,0.30254209939251103,336.6641845703125,784.7940673828125,316.2304382324219
B_trainable,135,0.2694520354270935,0.11789578199386597,0.3456105887889862,37.556060791015625,0,0.34520263840531534,0.3006956362185246,336.66412353515625,784.7949829101562,316.2306213378906
B_trainable,136,0.2574189603328705,0.11329248547554016,0.34212833642959595,35.108612060546875,0,0.3443248016245909,0.29882160471109476,336.66412353515625,784.7953491210938,316.2306213378906
B_trainable,137,0.2935526669025421,0.11509892344474792,0.3408147692680359,45.46274948120117,0,0.3438170802773704,0.29698437789843124,336.6641845703125,784.7953491210938,316.23040771484375
B_trainable,138,0.2697732150554657,0.11993288993835449,0.33931267261505127,31.89620018005371,0,0.34307664162515134,0.2952138630188305,336.6642761230469,784.794677734375,316.23004150390625
B_trainable,139,0.27087289094924927,0.1267658770084381,0.3410114049911499,37.709957122802734,0,0.3423546041183923,0.2935293831587266,336.6644592285156,784.7935791015625,316.22955322265625
B_trainable,140,0.28098639845848083,0.12550315260887146,0.34531328082084656,64.36785125732422,0,0.3417409220617932,0.29184912085322806,336.66461181640625,784.7923583984375,316.2290344238281
B_trainable,141,0.9538357853889465,0.33121514320373535,0.3396404981613159,1671.150634765625,0,0.3478618706950647,0.2922427810767331,336.66473388671875,784.7910766601562,316.228515625
B_trainable,142,0.2895117700099945,0.34882813692092896,0.33764535188674927,35.95808410644531,0,0.34727836968821396,0.2928086346351751,336.6648864746094,784.7897338867188,316.22796630859375
B_trainable,143,0.31241095066070557,0.32059428095817566,0.3339559733867645,53.98715591430664,0,0.3469296954979389,0.29308649109840507,336.6650085449219,784.7886962890625,316.2275390625
B_trainable,144,0.4856906235218048,0.37572866678237915,0.34541118144989014,99.78453063964844,0,0.34831730477817757,0.2939129128552448,336.6650695800781,784.7884521484375,316.227294921875
B_trainable,145,0.2650822699069977,0.15953350067138672,0.34852343797683716,34.391109466552734,0,0.34748495442946575,0.29256911873340624,336.6650695800781,784.7888793945312,316.227294921875
B_trainable,146,0.28344669938087463,0.15876320004463196,0.35119765996932983,34.95380401611328,0,0.3468445718789798,0.2912310595465185,336.6650695800781,784.7896118164062,316.22735595703125
B_trainable,147,0.2467345893383026,0.1545781046152115,0.34178027510643005,38.79989242553711,0,0.3458434720535731,0.2898645299972054,336.6650390625,784.7908325195312,316.22760009765625
B_trainable,148,0.27713218331336975,0.12164534628391266,0.34498143196105957,40.7905158996582,0,0.34515635916617105,0.28818233816007244,336.6650390625,784.7913208007812,316.2275695800781
B_trainable,149,0.28553059697151184,0.1256447285413742,0.343010276556015,42.98833465576172,0,0.34456010154422445,0.2865569620638855,336.6650695800781,784.79248046875,316.2278137207031
B_trainable,150,0.24907633662223816,0.11524158716201782,0.34045183658599854,29.111705780029297,0,0.3436052638950046,0.28484380831486683,336.6650695800781,784.7935791015625,316.22796630859375
B_trainable,151,0.26962363719940186,0.11943347752094269,0.3454176187515259,33.61832046508789,0,0.3428654476280486,0.2831897050069276,336.6650695800781,784.7946166992188,316.2281494140625
B_trainable,152,0.262780100107193,0.11697512865066528,0.33626240491867065,33.238380432128906,0,0.34206459415284,0.281527559243365,336.66510009765625,784.79541015625,316.22821044921875
B_trainable,153,0.29187825322151184,0.12082596123218536,0.3427920341491699,33.76667785644531,0,0.3415627307435267,0.27992054326325316,336.6651611328125,784.7957763671875,316.2281494140625
B_trainable,154,0.2935319244861603,0.12109677493572235,0.3407503366470337,37.55473709106445,0,0.34108242268095307,0.2783323055799779,336.6651611328125,784.7959594726562,316.2280578613281
B_trainable,155,0.2637389004230499,0.1164710521697998,0.32910704612731934,38.68598556518555,0,0.340308987458374,0.2767136930458761,336.6651306152344,784.7964477539062,316.22802734375
B_trainable,156,0.30388855934143066,0.1182354986667633,0.3440413773059845,36.02338409423828,0,0.33994478317720456,0.275128911102085,336.6651306152344,784.7965087890625,316.227783203125
B_trainable,157,0.2899043560028076,0.24225464463233948,0.3332641124725342,100.32931518554688,0,0.3394443789054606,0.2748001684373875,336.66522216796875,784.795654296875,316.227294921875
B_trainable,158,0.2683570683002472,0.25455641746520996,0.3396066129207611,32.837520599365234,0,0.3387335057994084,0.27459773092766576,336.665283203125,784.7947998046875,316.226806640625
B_trainable,159,0.26386120915412903,0.2751597762107849,0.3447152376174927,37.7960319519043,0,0.33798478283295563,0.27460335138049696,336.66534423828125,784.7945556640625,316.2264709472656
B_trainable,160,0.29387974739074707,0.27498894929885864,0.34957700967788696,39.3325309753418,0,0.33754373247853353,0.2746072073596806,336.6654052734375,784.7943725585938,316.2261657714844
B_trainable,161,0.23587988317012787,0.12962399423122406,0.3501395285129547,34.95099639892578,0,0.33652709398544944,0.27315737522839606,336.6654357910156,784.7949829101562,316.2260437011719
B_trainable,162,0.25270241498947144,0.12211006879806519,0.3511624336242676,41.684879302978516,0,0.33568884719548964,0.27164690216409276,336.6654357910156,784.796142578125,316.2261962890625
B_trainable,163,0.26345837116241455,0.12495264410972595,0.3488689363002777,32.65826416015625,0,0.3349665424351589,0.2701799595835491,336.6654052734375,784.7979736328125,316.2264709472656
B_trainable,164,0.24242044985294342,0.12294292449951172,0.3542545437812805,36.90705871582031,0,0.3340410815093367,0.26870758923270877,336.6653137207031,784.8001708984375,316.2269592285156
B_trainable,165,0.3157460689544678,0.1221519410610199,0.35648614168167114,48.01795959472656,0,0.333858131383788,0.2672420327509919,336.6652526855469,784.8024291992188,316.2274475097656
B_trainable,166,0.2767653465270996,0.12823063135147095,0.3588322401046753,40.82429504394531,0,0.33328720353522107,0.2658519187369967,336.6651611328125,784.804931640625,316.22802734375
B_trainable,167,0.27584391832351685,0.14037778973579407,0.3732248544692993,38.5120735168457,0,0.332712770683104,0.2645971774469847,336.6650695800781,784.8079223632812,316.2287902832031
B_trainable,168,0.26462697982788086,0.12010431289672852,0.35282832384109497,36.691898345947266,0,0.3320319127745518,0.26315224880148214,336.6649169921875,784.8115234375,316.229736328125
B_trainable,169,0.28896066546440125,0.11048489809036255,0.3371548056602478,52.997562408447266,0,0.3316012003014503,0.2616255752943709,336.6648254394531,784.8145141601562,316.23046875
B_trainable,170,0.28545790910720825,0.11921128630638123,0.3371773362159729,42.55673599243164,0,0.33113976738950784,0.260201432404491,336.6647644042969,784.8167724609375,316.23101806640625
B_trainable,171,0.272268682718277,0.11683039367198944,0.3373042047023773,33.56353759765625,0,0.33055105654279554,0.258767722017166,336.66473388671875,784.818359375,316.2312927246094
B_trainable,172,0.26079654693603516,0.13055402040481567,0.34495362639427185,34.04423904418945,0,0.329853511446728,0.2574855850010425,336.6647644042969,784.819091796875,316.2313232421875
B_trainable,173,0.42426183819770813,0.20240966975688934,0.34547674655914307,70.85307312011719,0,0.3307975947142378,0.25693482584860095,336.6648254394531,784.8190307617188,316.2311096191406
B_trainable,174,0.686636209487915,0.24679367244243622,0.33936262130737305,58.602516174316406,0,0.3343559808619746,0.25683341431453927,336.6648254394531,784.8194580078125,316.2309875488281
B_trainable,175,0.271384060382843,0.2684141993522644,0.3459765315055847,37.11568832397461,0,0.33372626165718333,0.2569492221649165,336.66485595703125,784.8192749023438,316.2306823730469
B_trainable,176,0.28295624256134033,0.2565704882144928,0.33667853474617004,37.35335922241211,0,0.33321856146622486,0.25694543482541227,336.6649475097656,784.818115234375,316.2301025390625
B_trainable,177,0.36055752635002136,0.17839621007442474,0.34455788135528564,53.42417907714844,0,0.3334919511150628,0.2561599425779024,336.6650390625,784.8170166015625,316.2295227050781
B_trainable,178,0.30547237396240234,0.12429320812225342,0.35088056325912476,43.27444839477539,0,0.3332117553435362,0.25484127523334593,336.6651306152344,784.815673828125,316.2288818359375
B_trainable,179,0.26715415716171265,0.11797299981117249,0.3399907946586609,37.72026824951172,0,0.33255117936171796,0.2534725924791242,336.66522216796875,784.8142700195312,316.228271484375
B_trainable,180,0.27809879183769226,0.11296507716178894,0.3375837802886963,37.437381744384766,0,0.33200665548647773,0.2520675173259508,336.66534423828125,784.8126831054688,316.2275695800781
B_trainable,181,0.29794734716415405,0.10876926779747009,0.33962470293045044,40.01297378540039,0,0.33166606240325447,0.25063453483066594,336.6654357910156,784.8108520507812,316.226806640625
B_trainable,182,0.253256618976593,0.11119022965431213,0.33766934275627136,34.23440170288086,0,0.33088196796898783,0.2492400917789024,336.66552734375,784.8094482421875,316.22613525390625
B_trainable,183,0.26424407958984375,0.11137379705905914,0.33711689710617065,37.20454025268555,0,0.3302155890851964,0.24786142883170398,336.6655578613281,784.80810546875,316.2254638671875
B_trainable,184,0.29202941060066223,0.11488917469978333,0.34320321679115295,33.90000534057617,0,0.32983372730035104,0.24653170629038476,336.66558837890625,784.8071899414062,316.2249450683594
B_trainable,185,0.2734941244125366,0.1316186636686325,0.3611495792865753,36.64134979248047,0,0.3292703312714729,0.24538257586416723,336.66558837890625,784.8065185546875,316.2245788574219
B_trainable,186,0.27226772904396057,0.1504889726638794,0.3703685998916626,32.57697296142578,0,0.3287003052491978,0.24443363983216435,336.66552734375,784.8067626953125,316.22442626953125
B_trainable,187,0.2647720277309418,0.15099361538887024,0.37515541911125183,36.174591064453125,0,0.32806102247401525,0.2434992395877314,336.6654357910156,784.8076782226562,316.2245178222656
B_trainable,188,0.2794664204120636,0.13621269166469574,0.3545028567314148,44.68585968017578,0,0.32757507645339573,0.242426374108501,336.66534423828125,784.8093872070312,316.2248229980469
B_trainable,189,0.2862519323825836,0.1276734173297882,0.3546431362628937,39.50263977050781,0,0.32716184501268764,0.24127884454071388,336.6652526855469,784.8109130859375,316.22509765625
B_trainable,190,0.26186403632164,0.12010407447814941,0.350432813167572,36.79069900512695,0,0.3265088669257772,0.24006709684008823,336.6651611328125,784.8125,316.22540283203125
B_trainable,191,0.2252194881439209,0.11469677090644836,0.3421069085597992,35.805076599121094,0,0.3254959731379586,0.23881339358075182,336.6650695800781,784.8143920898438,316.22589111328125
B_trainable,192,0.2824164032936096,0.12490533292293549,0.35933104157447815,43.981075286865234,0,0.32506517743951513,0.23767431297417366,336.6649475097656,784.8160400390625,316.226318359375
B_trainable,193,0.2727928161621094,0.13575971126556396,0.36036401987075806,40.21919250488281,0,0.3245424538267411,0.23665516695708758,336.66485595703125,784.817626953125,316.2266540527344
B_trainable,194,0.415130078792572,0.17874768376350403,0.3477780222892761,36.52902603149414,0,0.32544833007639934,0.23607609212515174,336.6647644042969,784.8192749023438,316.2270202636719
B_trainable,195,0.2392359972000122,0.17426642775535583,0.3514876961708069,40.06475830078125,0,0.32458620674763544,0.2354579954814538,336.6646423339844,784.82080078125,316.22735595703125
B_trainable,196,0.29445087909698486,0.18365240097045898,0.3556552827358246,43.57720184326172,0,0.32428485347112895,0.23493993953634384,336.66461181640625,784.8216552734375,316.2275085449219
B_trainable,197,0.8483130931854248,0.5148680210113525,0.3482731878757477,477.3310546875,0,0.3295251358682719,0.23773922035109393,336.66461181640625,784.8221435546875,316.2274475097656
B_trainable,198,0.2876686751842499,0.4512622654438019,0.3552410900592804,36.64868927001953,0,0.32910657126143167,0.23987445080202102,336.6645812988281,784.8223266601562,316.2273254394531
B_trainable,199,0.26471033692359924,0.3870835304260254,0.35130417346954346,34.16938018798828,0,0.32846260891805334,0.24134654159826105,336.6646423339844,784.8221435546875,316.22711181640625
B_trainable,200,0.29947206377983093,0.4468342065811157,0.3500883877277374,44.45117950439453,0,0.32817270346667116,0.24340141824808958,336.6646728515625,784.8217163085938,316.2267761230469
B_trainable,201,0.25605762004852295,0.11456817388534546,0.34482133388519287,35.88493728637695,0,0.32745155263248965,0.24211308580446214,336.6647644042969,784.8209838867188,316.22637939453125
B_trainable,202,0.256754070520401,0.10866653919219971,0.3381182551383972,47.6105842590332,0,0.32674457781136873,0.24077862033833952,336.664794921875,784.8201904296875,316.2259826660156
B_trainable,203,0.2809629738330841,0.1125631034374237,0.3404371738433838,35.48535919189453,0,0.3262867617715859,0.23949646516933037,336.6648864746094,784.8192749023438,316.2255554199219
B_trainable,204,0.2708335518836975,0.10728141665458679,0.333167165517807,36.384971618652344,0,0.325732229672707,0.23817431468418293,336.6650085449219,784.818359375,316.22509765625
B_trainable,205,0.2683402895927429,0.10892918705940247,0.33668696880340576,34.92844772338867,0,0.32515831027190734,0.23688186340793513,336.6651306152344,784.817138671875,316.2245788574219
B_trainable,206,0.26327791810035706,0.106074258685112,0.3346785306930542,46.35273361206055,0,0.32453950635019185,0.2355737873607069,336.6652526855469,784.8157958984375,316.2239990234375
B_trainable,207,0.2400631457567215,0.1136944591999054,0.33971619606018066,32.83171844482422,0,0.32369474274425714,0.23435499407909888,336.66534423828125,784.81494140625,316.2234802246094
B_trainable,208,0.2474914789199829,0.11187878251075745,0.3317951560020447,31.290729522705078,0,0.3229327101060144,0.23313023196341545,336.6654357910156,784.814208984375,316.2230224609375
B_trainable,209,0.27309900522232056,0.11059989035129547,0.33167994022369385,34.316253662109375,0,0.3224343730571774,0.23190492854729425,336.66552734375,784.8131103515625,316.2224426269531
B_trainable,210,0.2908133268356323,0.11200395226478577,0.34009698033332825,40.9365119934082,0,0.32211816259496195,0.23070591878446917,336.6656494140625,784.8118896484375,316.2218322753906
B_trainable,211,0.2642826735973358,0.11606159806251526,0.3379771113395691,30.681842803955078,0,0.3215398077049857,0.22955947557724962,336.665771484375,784.8107299804688,316.22119140625
B_trainable,212,0.2635566294193268,0.11840450763702393,0.34258103370666504,40.73419189453125,0,0.3209599759221291,0.22844792589784735,336.6658630371094,784.81005859375,316.220703125
B_trainable,213,0.24774228036403656,0.12432414293289185,0.3449999988079071,44.57440185546875,0,0.3202277989665482,0.22740668806819778,336.6659240722656,784.8101196289062,316.220458984375
B_trainable,214,0.27019670605659485,0.12421831488609314,0.3414849042892456,41.641624450683594,0,0.31972748803744866,0.22637480433637672,336.6659240722656,784.8110961914062,316.2204895019531
B_trainable,215,0.25059056282043457,0.11410272121429443,0.3317843973636627,36.34465408325195,0,0.31903611878527854,0.22525208350515588,336.6658935546875,784.8121337890625,316.2205810546875
B_trainable,216,0.25310418009757996,0.10880537331104279,0.33293870091438293,33.94605255126953,0,0.3183767993984016,0.22408761640321476,336.66583251953125,784.8135375976562,316.22076416015625
B_trainable,217,0.29200324416160583,0.11653226613998413,0.3327862620353699,35.884437561035156,0,0.3181130638460336,0.22301206290058245,336.6657409667969,784.8151245117188,316.2209777832031
B_trainable,218,0.2456623911857605,0.10049942135810852,0.323307067155838,37.863441467285156,0,0.31738855711943087,0.2217869364851577,336.6656494140625,784.8172607421875,316.2214050292969
B_trainable,219,0.26548391580581665,0.11110465228557587,0.3290473222732544,36.32648468017578,0,0.3168695107062947,0.2206801136431619,336.66552734375,784.8190307617188,316.2216491699219
B_trainable,220,0.24736182391643524,0.10726869106292725,0.3220829665660858,37.41453552246094,0,0.3161744338383961,0.21954599941735956,336.6654357910156,784.8203735351562,316.2217712402344
B_trainable,221,0.2766591012477875,0.1188105046749115,0.33138424158096313,46.398353576660156,0,0.31577928051249005,0.2185386444699351,336.6653747558594,784.8214111328125,316.2218017578125
B_trainable,222,0.25379058718681335,0.12291847169399261,0.33882763981819153,31.198745727539062,0,0.3151593935792333,0.21758244274217567,336.665283203125,784.8225708007812,316.2218322753906
B_trainable,223,0.30235201120376587,0.13100671768188477,0.338797926902771,38.6408805847168,0,0.3150313197554786,0.21671668549157275,336.6651916503906,784.8235473632812,316.2218017578125
B_trainable,224,0.3043346107006073,0.13006170094013214,0.34682169556617737,40.16219711303711,0,0.3149243526649299,0.21585013564605834,336.6651611328125,784.8244018554688,316.2217102050781
B_trainable,225,0.3019000291824341,0.12217393517494202,0.3381652235984802,39.049320220947266,0,0.31479410943010494,0.21491337364134716,336.6651306152344,784.8248901367188,316.2215270996094
B_trainable,226,0.29210126399993896,0.10780546069145203,0.33490943908691406,39.362030029296875,0,0.3145671809758033,0.2138422945118482,336.6651611328125,784.8246459960938,316.22113037109375
B_trainable,227,0.25045740604400635,0.10643622279167175,0.33610957860946655,32.8852653503418,0,0.3139260832264853,0.21276823379464643,336.6651611328125,784.8245239257812,316.2208557128906
B_trainable,228,0.30168530344963074,0.1096540242433548,0.33604639768600464,38.122802734375,0,0.31380367542871673,0.21173709169913352,336.66522216796875,784.8238525390625,316.2203369140625
B_trainable,229,0.26447686553001404,0.11890918016433716,0.3353184461593628,32.21963119506836,0,0.31331040732972976,0.21080881258378556,336.6652526855469,784.8236694335938,316.219970703125
B_trainable,230,0.2613317668437958,0.12071806192398071,0.3363124430179596,41.438133239746094,0,0.3127906209248704,0.2099079050771875,336.6653137207031,784.8231201171875,316.219482421875
B_trainable,231,0.2560478448867798,0.12421876192092896,0.34421175718307495,32.359031677246094,0,0.31222319316448954,0.20905101364562492,336.66534423828125,784.8229370117188,316.21905517578125
B_trainable,232,0.26293691992759705,0.1268915981054306,0.3420577645301819,38.782493591308594,0,0.3117303304321206,0.20822941949022297,336.6653747558594,784.8228759765625,316.21868896484375
B_trainable,233,0.3081025779247284,0.1254226565361023,0.3456033766269684,46.39925765991211,0,0.3116940529070467,0.2074013518606818,336.6654357910156,784.8223266601562,316.2182312011719
B_trainable,234,0.24332228302955627,0.11694644391536713,0.3395998477935791,48.15599822998047,0,0.3110103352082718,0.20649680278122864,336.66546630859375,784.8229370117188,316.2181091308594
B_trainable,235,0.2648700773715973,0.11916448175907135,0.33945637941360474,43.11674499511719,0,0.3105489326299051,0.20562347957100707,336.6654357910156,784.8236083984375,316.21807861328125
B_trainable,236,0.24625608325004578,0.12624523043632507,0.3429875373840332,34.495155334472656,0,0.30990600413610647,0.20482969707966026,336.6653747558594,784.8248291015625,316.2182312011719
B_trainable,237,0.23640745878219604,0.12305888533592224,0.3428001403808594,34.48384475708008,0,0.30917101868256736,0.20401198896222286,336.665283203125,784.82666015625,316.2185974121094
B_trainable,238,0.2796558439731598,0.12274770438671112,0.3508499264717102,35.073081970214844,0,0.30887586693547325,0.20319934611646773,336.6651916503906,784.8281860351562,316.2189025878906
B_trainable,239,0.24036051332950592,0.12441068887710571,0.345802903175354,31.791515350341797,0,0.3081907133994136,0.2024114595440741,336.66510009765625,784.8298950195312,316.2192687988281
B_trainable,240,0.29768627882003784,0.13620582222938538,0.3627473711967468,37.86784744262695,0,0.30808566905361984,0.2017494031709272,336.6650085449219,784.8314208984375,316.21954345703125
B_trainable,241,0.3101581335067749,0.16227328777313232,0.3558238744735718,39.46483612060547,0,0.3081063936981514,0.20135464201694925,336.6649475097656,784.8327026367188,316.2197265625
B_trainable,242,0.2564319372177124,0.1429332047700882,0.34213992953300476,42.62014389038086,0,0.30758964913334697,0.20077042764448064,336.66485595703125,784.834716796875,316.2200927734375
B_trainable,243,0.24014486372470856,0.13175705075263977,0.33636271953582764,31.502962112426758,0,0.30691520127926053,0.20008029387556223,336.6647644042969,784.8369140625,316.2205505371094
B_trainable,244,0.2567023038864136,0.14378371834754944,0.33543258905410767,36.23719024658203,0,0.30641307230533205,0.19951732812028208,336.6646728515625,784.8391723632812,316.2210388183594
B_trainable,245,0.26691511273384094,0.11668732762336731,0.3315168619155884,40.412452697753906,0,0.3060180927096171,0.19868902811531292,336.66461181640625,784.8408813476562,316.2212829589844
B_trainable,246,0.24565142393112183,0.11143329739570618,0.33874770998954773,35.229122161865234,0,0.3054144260218321,0.19781647080811685,336.6645812988281,784.842041015625,316.2213134765625
B_trainable,247,0.34111475944519043,0.11215291917324066,0.3237776756286621,53.43924331665039,0,0.30577142935606566,0.19695983529176808,336.6645812988281,784.842529296875,316.2211608886719
B_trainable,248,1.2365570068359375,0.1431216597557068,0.32791197299957275,405.9205627441406,0,0.31507928513086436,0.19642145353640747,336.6646423339844,784.8425903320312,316.2209167480469
B_trainable,249,0.2838312089443207,0.1409543752670288,0.33018749952316284,38.57017135620117,0,0.3147668043689989,0.1958667827537137,336.6647033691406,784.8421630859375,316.2204895019531
B_trainable,250,0.2762274742126465,0.1668376922607422,0.3343864977359772,38.7827033996582,0,0.3143814110674354,0.19557649184878398,336.664794921875,784.84130859375,316.219970703125
B_trainable,251,0.28120729327201843,0.15650027990341187,0.3445986211299896,36.81525421142578,0,0.3140496698894812,0.19518572972933027,336.6648864746094,784.8397827148438,316.2192687988281
B_trainable,252,0.3612704575061798,0.1217213124036789,0.3410886526107788,60.0383415222168,0,0.31452187776564816,0.19445108555607374,336.6650085449219,784.8382568359375,316.2185974121094
B_trainable,253,0.3304281234741211,0.11863011121749878,0.33954498171806335,50.53822708129883,0,0.31468094022273285,0.193692875812688,336.6651306152344,784.8365478515625,316.2178649902344
B_trainable,254,0.27311140298843384,0.11787885427474976,0.33792197704315186,46.007293701171875,0,0.31426524485038987,0.19293473559730862,336.6652526855469,784.8351440429688,316.2172546386719
B_trainable,255,0.25445106625556946,0.11283040046691895,0.34038227796554565,38.094722747802734,0,0.3136671030644416,0.1921336922460047,336.6654052734375,784.8338012695312,316.2166748046875
B_trainable,256,0.2718169093132019,0.12099838256835938,0.3422240614891052,37.038089752197266,0,0.3132486011269292,0.19142233914922827,336.66552734375,784.8321533203125,316.2159729003906
B_trainable,257,0.27344298362731934,0.12270215153694153,0.3438907861709595,31.2193603515625,0,0.3128505449519331,0.1907351372731054,336.6656494140625,784.83056640625,316.2153015136719
B_trainable,258,0.24341875314712524,0.12808208167552948,0.3507966995239258,31.67691993713379,0,0.312156227033885,0.19010860671712965,336.6656799316406,784.8300170898438,316.2149658203125
B_trainable,259,0.2698984444141388,0.12617142498493195,0.35045772790908813,33.09728240966797,0,0.3117336492076876,0.1894692348998077,336.6656494140625,784.8303833007812,316.2149963378906
B_trainable,260,0.32973116636276245,0.12652528285980225,0.3434411883354187,40.00642013549805,0,0.3119136243792383,0.18883979537940762,336.66558837890625,784.8314208984375,316.21514892578125
B_trainable,261,0.28148868680000305,0.12036238610744476,0.33747705817222595,49.836795806884766,0,0.31160937500344593,0.18815502128668798,336.6654968261719,784.8328857421875,316.2153625488281
B_trainable,262,0.27858221530914307,0.11130070686340332,0.32499897480010986,34.962013244628906,0,0.3112791034065029,0.18738647814245515,336.6654052734375,784.8339233398438,316.2154846191406
B_trainable,263,0.2612987756729126,0.11875692009925842,0.3283456563949585,27.526126861572266,0,0.310779300129167,0.18670018256202317,336.6654052734375,784.83447265625,316.2154235839844
B_trainable,264,0.24863584339618683,0.11971040070056915,0.32987672090530396,45.161285400390625,0,0.3101578655618372,0.1860302847434086,336.6654052734375,784.833984375,316.215087890625
B_trainable,265,0.24719618260860443,0.10875998437404633,0.32878318428993225,31.56627655029297,0,0.3095282487323049,0.185257581739715,336.6654357910156,784.8331298828125,316.2147216796875
B_trainable,266,0.2593308687210083,0.1252821534872055,0.3401172459125519,32.03529739379883,0,0.3090262749321919,0.1846578274571899,336.66552734375,784.8319091796875,316.2142333984375
B_trainable,267,0.27044203877449036,0.12724870443344116,0.3439320921897888,36.68416976928711,0,0.30864043257061485,0.1840837362269524,336.66558837890625,784.8314208984375,316.2139587402344
B_trainable,268,0.2597433924674988,0.13072052597999573,0.3487693965435028,48.61009216308594,0,0.30815146216958367,0.18355010412448283,336.6656188964844,784.8314819335938,316.2138671875
B_trainable,269,0.29811912775039673,0.13619846105575562,0.3560941815376282,43.139556884765625,0,0.3080511388253918,0.18307658769379556,336.6656188964844,784.8319091796875,316.2138671875
B_trainable,270,0.26976901292800903,0.12323436141014099,0.34113097190856934,46.51288604736328,0,0.307668317566418,0.18247816543095902,336.66558837890625,784.8324584960938,316.2139892578125
B_trainable,271,0.28218331933021545,0.11677969992160797,0.32995814085006714,38.2251091003418,0,0.30741346758405597,0.18182118077586548,336.6655578613281,784.8331298828125,316.2141418457031
B_trainable,272,0.23963582515716553,0.11893060803413391,0.3420727550983429,30.482046127319336,0,0.30673569115978705,0.18119227504844818,336.66552734375,784.833740234375,316.2142639160156
B_trainable,273,0.2814197838306427,0.11200252175331116,0.3349643349647522,42.30363082885742,0,0.3064825320864956,0.1805003775154968,336.6654968261719,784.8343505859375,316.21429443359375
B_trainable,274,0.2957507371902466,0.11694744229316711,0.3457714319229126,38.363182067871094,0,0.30637521413753316,0.1798648481632735,336.66546630859375,784.8350219726562,316.21429443359375
B_trainable,275,0.28195473551750183,0.12150830030441284,0.3512483537197113,39.90272903442383,0,0.30613100935133286,0.17928128268468488,336.66546630859375,784.8358764648438,316.21441650390625
B_trainable,276,0.23243118822574615,0.11315995454788208,0.3427235186100006,32.87825012207031,0,0.30539401114007697,0.17862006940331684,336.6654052734375,784.8373413085938,316.2146911621094
B_trainable,277,0.26426810026168823,0.12462568283081055,0.3493732810020447,46.89820861816406,0,0.3049827520312931,0.17808012553759178,336.66534423828125,784.8385620117188,316.2149353027344
B_trainable,278,0.3516908884048462,0.12048883736133575,0.3358527421951294,123.03853607177734,0,0.3054498333950287,0.17750421265582922,336.6653137207031,784.8394165039062,316.215087890625
B_trainable,279,0.27924254536628723,0.12029682099819183,0.33591532707214355,38.063175201416016,0,0.3051877605147413,0.17693213873925284,336.6653137207031,784.839599609375,316.21502685546875
B_trainable,280,0.22601456940174103,0.11420519649982452,0.33639732003211975,32.16543960571289,0,0.30439602860361126,0.17630486931685857,336.66534423828125,784.8399047851562,316.21502685546875
B_trainable,281,0.26120781898498535,0.11673007905483246,0.3358347415924072,35.80113220214844,0,0.30396414650742504,0.1757091214142383,336.66534423828125,784.8402099609375,316.2150573730469
B_trainable,282,0.29756325483322144,0.10918347537517548,0.34310203790664673,39.2326774597168,0,0.303900137590683,0.17504386495384766,336.66534423828125,784.8402709960938,316.2149353027344
B_trainable,283,0.24223200976848602,0.111503005027771,0.3410324454307556,38.44549560546875,0,0.303283456312461,0.1744084563545869,336.6653137207031,784.8406982421875,316.2149963378906
B_trainable,284,0.2965089678764343,0.1095896065235138,0.3471977114677429,53.4380989074707,0,0.3032157114281008,0.17376026785627616,336.6652526855469,784.8410034179688,316.2150573730469
B_trainable,285,0.2662360668182373,0.12145371735095978,0.35067594051361084,29.871788024902344,0,0.30284591498200214,0.173237202351223,336.6652526855469,784.8410034179688,316.21490478515625
B_trainable,286,0.2504735589027405,0.1228058934211731,0.3454000949859619,34.25633239746094,0,0.30232219142120953,0.1727328892619225,336.6652526855469,784.84130859375,316.21490478515625
B_trainable,287,0.2591979205608368,0.12060189247131348,0.34386855363845825,35.18727493286133,0,0.3018909487126058,0.17221157929401643,336.6652526855469,784.8411254882812,316.21478271484375
B_trainable,288,0.6083964109420776,0.15885421633720398,0.34327763319015503,314.97119140625,0,0.3049560033349005,0.1720780056644483,336.66522216796875,784.8411254882812,316.2147216796875
B_trainable,289,0.30067774653434753,0.16725224256515503,0.34614357352256775,32.37084197998047,0,0.30491322076689503,0.1720297480334554,336.66522216796875,784.8408813476562,316.2145690917969
B_trainable,290,0.28333768248558044,0.1654631793498993,0.34933820366859436,41.87596130371094,0,0.3046974653840819,0.17196408234661983,336.66522216796875,784.8405151367188,316.2143249511719
B_trainable,291,0.26190775632858276,0.15920154750347137,0.3418653607368469,37.77511215209961,0,0.3042695682935269,0.17183645699818834,336.66522216796875,784.840087890625,316.2140808105469
B_trainable,292,0.22228755056858063,0.11709968745708466,0.33398520946502686,28.76898193359375,0,0.30344974811627745,0.17128908930277728,336.6652526855469,784.839599609375,316.21380615234375
B_trainable,293,0.2638356387615204,0.11344370245933533,0.3322685658931732,33.526851654052734,0,0.3030536070227299,0.17071063543434284,336.665283203125,784.838623046875,316.2134704589844
B_trainable,294,0.2518441081047058,0.11435958743095398,0.329363077878952,43.521324157714844,0,0.3025415120335496,0.17014712495430895,336.66534423828125,784.83740234375,316.2130126953125
B_trainable,295,0.2701879143714905,0.10617461800575256,0.3296087980270386,68.05467987060547,0,0.302217976056929,0.16950739988482338,336.6654052734375,784.836181640625,316.2125549316406
B_trainable,296,0.26975342631340027,0.11738306283950806,0.3377167880535126,37.571624755859375,0,0.30189333055949374,0.1689861565143702,336.6654968261719,784.8345947265625,316.2119445800781
B_trainable,297,0.25416019558906555,0.12582099437713623,0.3477139174938202,33.2230110168457,0,0.30141599920978945,0.16855450489299786,336.6656494140625,784.8329467773438,316.2113342285156
B_trainable,298,0.24720236659049988,0.12312883138656616,0.3442423343658447,36.23210525512695,0,0.3008738628835965,0.16810024815793354,336.6657409667969,784.8314208984375,316.21075439453125
B_trainable,299,0.2907235026359558,0.12145155668258667,0.34957361221313477,37.846763610839844,0,0.30077235928112006,0.16763376124318005,336.66583251953125,784.8302001953125,316.2102355957031
B_trainable,300,0.23909687995910645,0.11226600408554077,0.3369539976119995,28.480424880981445,0,0.3001556044878999,0.16708008367160365,336.6658935546875,784.8292846679688,316.2098083496094
B_trainable,301,0.2724243700504303,0.12140174210071564,0.34273964166641235,42.95632553100586,0,0.2998782921435252,0.16662330025589478,336.6659851074219,784.8281860351562,316.20928955078125
B_trainable,302,0.6617101430892944,0.2785596251487732,0.3402827978134155,73.28710174560547,0,0.3034966106529829,0.16774266350482356,336.666015625,784.8272094726562,316.208740234375
B_trainable,303,0.275162935256958,0.2944563031196594,0.33713287115097046,48.43000793457031,0,0.30321327389902264,0.1690097999009719,336.66607666015625,784.826416015625,316.2082214355469
B_trainable,304,0.2701553702354431,0.29813843965530396,0.33837151527404785,37.414085388183594,0,0.30288269486238684,0.17030108629851523,336.6661071777344,784.8255615234375,316.207763671875
B_trainable,305,0.2569197714328766,0.2828601002693176,0.3388424515724182,34.22266387939453,0,0.30242306562809174,0.17142667643822324,336.6661376953125,784.8245239257812,316.20721435546875
B_trainable,306,0.245326966047287,0.11666277050971985,0.34197884798049927,33.83059310913086,0,0.3018521046322837,0.1708790373789382,336.6661682128906,784.8237915039062,316.2067565917969
B_trainable,307,0.2558080554008484,0.12496347725391388,0.34760260581970215,34.39586639404297,0,0.3013916641399693,0.17041988177768796,336.6661376953125,784.82373046875,316.2065124511719
B_trainable,308,0.44293922185897827,0.18309693038463593,0.35630321502685547,44.33360290527344,0,0.3028071397171594,0.17054665226375743,336.6661071777344,784.82373046875,316.2063293457031
B_trainable,309,0.23307988047599792,0.19067665934562683,0.35196542739868164,29.469377517700195,0,0.3021098671247478,0.1707479523345761,336.6660461425781,784.8241577148438,316.206298828125
B_trainable,310,0.2697814702987671,0.1861472725868225,0.3505755364894867,38.04212951660156,0,0.301786583156488,0.17090194553709856,336.6659851074219,784.8251342773438,316.20648193359375
B_trainable,311,0.3006879389286041,0.16586041450500488,0.3394924998283386,35.52244186401367,0,0.30177559671420917,0.1708515302267776,336.6658935546875,784.82568359375,316.20654296875
B_trainable,312,0.2510831952095032,0.11816765367984772,0.3399432301521301,32.93008041381836,0,0.3012686726991621,0.1703246914613083,336.66583251953125,784.8259887695312,316.20654296875
B_trainable,313,0.27008625864982605,0.11853787302970886,0.3459107279777527,39.2652702331543,0,0.3009568485586687,0.1698068232769923,336.6657409667969,784.8262329101562,316.2063903808594
B_trainable,314,0.2785813808441162,0.12176945805549622,0.35329174995422363,35.55928039550781,0,0.3007330938815232,0.16932644962477736,336.66571044921875,784.8264770507812,316.20635986328125
B_trainable,315,0.617465078830719,0.1456751823425293,0.3358260989189148,49.58151626586914,0,0.3039004137310152,0.1690899369519549,336.66571044921875,784.8262329101562,316.2060852050781
B_trainable,316,0.2672575116157532,0.13654930889606476,0.3331177830696106,30.73082733154297,0,0.30353398470986254,0.168764530671396,336.665771484375,784.824951171875,316.2055969238281
B_trainable,317,0.3039868474006653,0.13442236185073853,0.3284096419811249,34.73961639404297,0,0.30353851333677057,0.1684211089831894,336.6658630371094,784.8235473632812,316.2050476074219
B_trainable,318,0.2552945911884308,0.13939395546913147,0.3365274667739868,35.298343658447266,0,0.3030560741152872,0.16813083744804883,336.6659851074219,784.8219604492188,316.20452880859375
B_trainable,319,0.2710902690887451,0.11749547719955444,0.3436737358570099,41.27217102050781,0,0.3027364160650218,0.1676244838455639,336.66607666015625,784.8204956054688,316.20404052734375
B_trainable,320,0.24063721299171448,0.12633630633354187,0.3466603755950928,37.33264923095703,0,0.30211542403428865,0.16721160207044367,336.6661376953125,784.8193969726562,316.2037658691406
B_trainable,321,0.9785107374191284,0.1645447164773941,0.3407200276851654,93.41861724853516,0,0.30887937716813707,0.16718493321451317,336.6661682128906,784.8189697265625,316.2036437988281
B_trainable,322,0.2425687462091446,0.1802297979593277,0.3476220369338989,35.75111389160156,0,0.30821627085854714,0.16731538186196132,336.66619873046875,784.8187255859375,316.2035827636719
B_trainable,323,0.24126793444156647,0.1628175675868988,0.3420250415802002,39.586421966552734,0,0.30754678749437736,0.16727040371921068,336.6661682128906,784.8189086914062,316.20361328125
B_trainable,324,0.2540754973888397,0.17629724740982056,0.34838855266571045,34.78199768066406,0,0.30701207459332197,0.16736067215611677,336.6661376953125,784.8192749023438,316.2037048339844
B_trainable,325,0.27547281980514526,0.1263527125120163,0.3467954397201538,34.018226623535156,0,0.3066966820454402,0.16695059255967576,336.66607666015625,784.81982421875,316.2038269042969
B_trainable,326,0.2837563157081604,0.12169903516769409,0.345750629901886,33.60190963745117,0,0.3064672783820674,0.16649807698575594,336.6660461425781,784.8204956054688,316.20391845703125
B_trainable,327,0.2468542605638504,0.11997795104980469,0.34785327315330505,36.40804672241211,0,0.3058711482038852,0.16603287572639644,336.6659851074219,784.82177734375,316.20428466796875
B_trainable,328,0.6352245807647705,0.16278976202011108,0.3460541367530823,55.231910705566406,0,0.3091646825294941,0.16600044458933358,336.6658630371094,784.8240966796875,316.20477294921875
B_trainable,329,0.23948700726032257,0.16037487983703613,0.34125328063964844,32.23044204711914,0,0.3084679057768024,0.1659441889418106,336.6657409667969,784.8264770507812,316.2052917480469
B_trainable,330,0.2921300530433655,0.17577823996543884,0.34692907333374023,34.24937057495117,0,0.308304527249468,0.16604252945204687,336.66558837890625,784.8290405273438,316.2058410644531
B_trainable,331,0.33317744731903076,0.17141634225845337,0.3441319465637207,49.35514450073242,0,0.3085532564501636,0.16609626758011095,336.66546630859375,784.8313598632812,316.20635986328125
B_trainable,332,0.4016812741756439,0.16048938035964966,0.33760327100753784,160.12503051757812,0,0.3094845366274184,0.16604019870790634,336.6653747558594,784.833251953125,316.206787109375
B_trainable,333,0.28770947456359863,0.16704295575618744,0.34091585874557495,44.678855895996094,0,0.3092667860067802,0.16605022627838917,336.665283203125,784.8347778320312,316.2071228027344
B_trainable,334,0.26842671632766724,0.1691569983959198,0.33130842447280884,35.80526351928711,0,0.3088583853099891,0.16608129399956448,336.66522216796875,784.8358764648438,316.207275390625
B_trainable,335,0.6227556467056274,0.19056986272335052,0.3295879662036896,433.5095520019531,0,0.31199735792394545,0.16632617968680233,336.6651916503906,784.836669921875,316.2073669433594
B_trainable,336,0.22249023616313934,0.14059869945049286,0.32829153537750244,31.129131317138672,0,0.31110228670633744,0.16606890488443923,336.66522216796875,784.8366088867188,316.207275390625
B_trainable,337,0.27773770689964294,0.15190386772155762,0.3282991945743561,42.838768005371094,0,0.3107686409082705,0.16592725451281043,336.6652526855469,784.8365478515625,316.2071228027344
B_trainable,338,0.2694835364818573,0.1563226729631424,0.33470019698143005,32.77899932861328,0,0.31035578986400636,0.16583120869731374,336.66534423828125,784.8360595703125,316.20684814453125
B_trainable,339,0.2986922860145569,0.12069207429885864,0.34477949142456055,38.292823791503906,0,0.31023915482551184,0.16537981735332918,336.66546630859375,784.8353881835938,316.20648193359375
B_trainable,340,0.2649494707584381,0.13048481941223145,0.34638941287994385,37.64461898803711,0,0.30978625798484105,0.16503086737391823,336.66552734375,784.8350219726562,316.2062072753906
B_trainable,341,0.24504972994327545,0.12402763962745667,0.34657353162765503,33.752925872802734,0,0.3091388927044254,0.1646208350964536,336.6656188964844,784.8350219726562,316.2060241699219
B_trainable,342,0.25188809633255005,0.1225598007440567,0.34034329652786255,35.493404388427734,0,0.30856638474070663,0.1642002247529296,336.6656494140625,784.8356323242188,316.2060241699219
B_trainable,343,0.3194396495819092,0.11758875846862793,0.33677613735198975,58.18749237060547,0,0.3086751173891187,0.1637341100900866,336.66571044921875,784.8358764648438,316.2059631347656
B_trainable,344,0.3103660047054291,0.11017915606498718,0.335222065448761,39.4637565612793,0,0.3086920262622818,0.16319856054983561,336.665771484375,784.8357543945312,316.2057800292969
B_trainable,345,0.2680860757827759,0.11285403370857239,0.33431798219680786,43.12457275390625,0,0.30828596675748676,0.162695115281423,336.6658630371094,784.8351440429688,316.20550537109375
B_trainable,346,0.293666809797287,0.1219644844532013,0.343485027551651,34.021541595458984,0,0.30813977518788477,0.1622878089731408,336.66595458984375,784.8345336914062,316.2051086425781
B_trainable,347,0.2711068391799927,0.12425228953361511,0.34954530000686646,39.03187561035156,0,0.30776944582780585,0.16190745377874555,336.66607666015625,784.8336791992188,316.20465087890625
B_trainable,348,0.25092679262161255,0.1226673424243927,0.34245777130126953,49.665462493896484,0,0.30720101929574395,0.16151505266520202,336.66619873046875,784.8329467773438,316.20428466796875
B_trainable,349,0.2824551463127136,0.12972313165664673,0.3453102707862854,39.27245330810547,0,0.30695356056591366,0.1611971334551165,336.66632080078125,784.8326416015625,316.2040100097656
B_trainable,350,0.2862946689128876,0.1249343603849411,0.3470476269721985,37.6851692199707,0,0.3067469716493834,0.16083450572441474,336.6664123535156,784.8322143554688,316.2037658691406
B_trainable,351,0.2426663190126419,0.13123853504657745,0.34534066915512085,36.46537399291992,0,0.30610616512301597,0.16053854601763637,336.6664733886719,784.8323974609375,316.2037048339844
B_trainable,352,1.862023949623108,0.17909720540046692,0.3433629870414734,449.61895751953125,0,0.3216653429680169,0.16072413261146468,336.6664733886719,784.8327026367188,316.2037048339844
B_trainable,353,0.2572219669818878,0.1727779060602188,0.3458835482597351,31.744388580322266,0,0.32102090920815557,0.1608446703459522,336.66644287109375,784.8331298828125,316.2037048339844
B_trainable,354,0.2788461744785309,0.18204331398010254,0.34481698274612427,31.173370361328125,0,0.3205991618608593,0.1610566567822937,336.6664123535156,784.8338012695312,316.20379638671875
B_trainable,355,0.24637804925441742,0.16991764307022095,0.348736047744751,32.713382720947266,0,0.3198569507347949,0.16114526664517298,336.66632080078125,784.8349609375,316.2040710449219
B_trainable,356,0.2614177465438843,0.13162672519683838,0.3543235659599304,42.19175338745117,0,0.31927255869288584,0.1608500812306896,336.66619873046875,784.8366088867188,316.2044677734375
B_trainable,357,0.3047204911708832,0.13305965065956116,0.35341131687164307,44.42169189453125,0,0.31912703801766584,0.16057217692497833,336.666015625,784.8387451171875,316.2049865722656
B_trainable,358,0.2584518492221832,0.12297315895557404,0.3488542139530182,34.785919189453125,0,0.31852028612971106,0.1601961867452843,336.6659240722656,784.8405151367188,316.20538330078125
B_trainable,359,0.2341359406709671,0.12301412224769592,0.352017343044281,34.1447639465332,0,0.3176764426751236,0.15982436610030842,336.665771484375,784.8424072265625,316.2059020996094
B_trainable,360,0.27708470821380615,0.12061633169651031,0.3503783047199249,42.273868560791016,0,0.3172705253305104,0.15943228575627044,336.6656799316406,784.8439331054688,316.20635986328125
B_trainable,361,0.29234787821769714,0.11828799545764923,0.34878578782081604,43.371185302734375,0,0.3170212988593823,0.15902084285328424,336.6656188964844,784.8450927734375,316.2066955566406
B_trainable,362,0.43978309631347656,0.1308467984199524,0.3352140486240387,56.99439239501953,0,0.31824891683392326,0.15873910240895092,336.6656188964844,784.845703125,316.2069091796875
B_trainable,363,0.27438193559646606,0.1262688934803009,0.3355362117290497,36.91667556762695,0,0.3178102470215487,0.15841440031966442,336.6656188964844,784.8455810546875,316.2068786621094
B_trainable,364,0.32113102078437805,0.1436205804347992,0.3324187994003296,54.6212272644043,0,0.31784345475917697,0.15826646212081577,336.6657409667969,784.8446655273438,316.2066345214844
B_trainable,365,0.28480231761932373,0.142136812210083,0.33029165863990784,37.457481384277344,0,0.31751304338777847,0.15810516562170845,336.66583251953125,784.8432006835938,316.2062072753906
B_trainable,366,0.2822763919830322,0.11752411723136902,0.32816067337989807,35.91305160522461,0,0.317160676873731,0.15769935513780506,336.6659851074219,784.84130859375,316.2056884765625
B_trainable,367,0.2625739276409149,0.12666165828704834,0.33681565523147583,41.98344802856445,0,0.31661480938140285,0.15738897816929748,336.6661376953125,784.83935546875,316.2050476074219
B_trainable,368,0.29347530007362366,0.11707621812820435,0.33145928382873535,46.12458801269531,0,0.31638341428832506,0.15698585056888653,336.6662902832031,784.8375854492188,316.2044982910156
B_trainable,369,0.29235613346099854,0.1146649718284607,0.3317975699901581,42.524925231933594,0,0.3161431414800518,0.15656264178148227,336.6664123535156,784.8360595703125,316.2040100097656
B_trainable,370,0.3121717572212219,0.11520875990390778,0.33894240856170654,49.98801040649414,0,0.3161034276374635,0.1561491029627065,336.6665344238281,784.8339233398438,316.2033386230469
B_trainable,371,0.2723295986652374,0.11850598454475403,0.3431044816970825,35.81062698364258,0,0.31566568934774125,0.15577267177852697,336.66668701171875,784.8318481445312,316.2026672363281
B_trainable,372,0.24633705615997314,0.11481381952762604,0.34264495968818665,34.48713684082031,0,0.31497240301586354,0.15536308325601797,336.6667785644531,784.830078125,316.20208740234375
B_trainable,373,0.527004599571228,0.1438102126121521,0.3404737412929535,48.33684539794922,0,0.3170927249814172,0.1552475545495793,336.6669006347656,784.8283081054688,316.2015075683594
B_trainable,374,0.2566627860069275,0.15273399651050568,0.34721115231513977,33.757625579833984,0,0.31648842559167234,0.1552224189691886,336.6669921875,784.8269653320312,316.2010192871094
B_trainable,375,0.29539182782173157,0.15266801416873932,0.34627947211265564,44.895591735839844,0,0.31627745961397297,0.15519687492118409,336.6670837402344,784.8259887695312,316.2005920410156
B_trainable,376,0.25784018635749817,0.1455530822277069,0.3414807915687561,35.714500427246094,0,0.31569308688140824,0.1551004369942493,336.6671142578125,784.8255004882812,316.20037841796875
B_trainable,377,0.2733924388885498,0.12224754691123962,0.34355348348617554,35.390403747558594,0,0.31527008040147964,0.1547719080934192,336.6671142578125,784.8251953125,316.2001953125
B_trainable,378,0.2664754092693329,0.11221446096897125,0.3367897570133209,32.339088439941406,0,0.3147821336901582,0.1543463336221747,336.6671142578125,784.8253784179688,316.2000732421875
B_trainable,379,0.25340890884399414,0.1091519296169281,0.3311315178871155,36.26001739501953,0,0.31416840144169655,0.15389438958212223,336.6670837402344,784.825927734375,316.2000732421875
B_trainable,380,0.3646981418132782,0.11990250647068024,0.34835177659988403,52.223819732666016,0,0.3146736988454124,0.15355447075100784,336.6669921875,784.82666015625,316.2000427246094
B_trainable,381,0.24677257239818573,0.11677002906799316,0.3366538882255554,35.48251724243164,0,0.3139946875809401,0.15318662633417768,336.66693115234375,784.8279418945312,316.20025634765625
B_trainable,382,0.3214622735977173,0.2701027989387512,0.33538708090782166,223.43740844726562,0,0.31406936344110786,0.1543557880602234,336.66693115234375,784.82861328125,316.20013427734375
B_trainable,383,0.27968528866767883,0.25761979818344116,0.3411422669887543,38.60731506347656,0,0.31372552269337356,0.1553884281614556,336.66693115234375,784.8292846679688,316.2001037597656
B_trainable,384,0.2567930519580841,0.25602060556411743,0.33547279238700867,40.998390197753906,0,0.3131561979860206,0.1563947499354822,336.6669006347656,784.8301391601562,316.2001647949219
B_trainable,385,0.2759365141391754,0.2733415961265564,0.34072133898735046,36.68128204345703,0,0.31278400114755217,0.15756421839739293,336.6669006347656,784.8306884765625,316.2001647949219
B_trainable,386,0.2716125547885895,0.10708487033843994,0.3416791558265686,34.93120193481445,0,0.31237228668396255,0.1570594249168034,336.66693115234375,784.8311157226562,316.2001037597656
B_trainable,387,0.23902645707130432,0.10785156488418579,0.33371004462242126,35.97372055053711,0,0.31163882838783596,0.15656734631647723,336.6669616699219,784.831298828125,316.1999816894531
B_trainable,388,0.24142897129058838,0.10788729786872864,0.3324018120765686,31.32259178161621,0,0.3109367298168635,0.15608054583199973,336.6670227050781,784.830810546875,316.1995544433594
B_trainable,389,0.3129650354385376,0.11163067817687988,0.3335014581680298,39.89422607421875,0,0.31095701287308025,0.15563604715544854,336.6670837402344,784.829345703125,316.1988525390625
B_trainable,390,0.3114404082298279,0.1348543018102646,0.32970136404037476,36.11023712158203,0,0.31096184682664774,0.15542822970199668,336.66717529296875,784.8279418945312,316.1982116699219
B_trainable,391,0.2453644871711731,0.1343349814414978,0.33598488569259644,33.93244171142578,0,0.310305873230093,0.1552172972193917,336.66717529296875,784.8272705078125,316.1977844238281
B_trainable,392,0.24590183794498444,0.13643136620521545,0.34286797046661377,36.742977142333984,0,0.3096618328772419,0.15502943790924992,336.66717529296875,784.8267822265625,316.1974182128906
B_trainable,393,0.3044854402542114,0.15205669403076172,0.347495436668396,44.5822639465332,0,0.30961006895101156,0.15499971047046504,336.6671142578125,784.8269653320312,316.197265625
B_trainable,394,0.25976505875587463,0.12220513820648193,0.3475378155708313,38.53025436401367,0,0.3091116188490602,0.1546717647478252,336.6669921875,784.8280639648438,316.19744873046875
B_trainable,395,0.22754880785942078,0.12469670176506042,0.3449878692626953,32.03468322753906,0,0.3082959907391638,0.15437201411799756,336.6668701171875,784.8294677734375,316.1977233886719
B_trainable,396,0.2837853729724884,0.12102702260017395,0.34748923778533936,42.9682502746582,0,0.30805088456149704,0.1540385642028193,336.666748046875,784.8303833007812,316.1979064941406
B_trainable,397,1.076509952545166,0.22416375577449799,0.33940204977989197,137.64764404296875,0,0.3157354752413338,0.1547398161185361,336.6666259765625,784.8311767578125,316.1981201171875
B_trainable,398,0.24017290771007538,0.20364981889724731,0.34337490797042847,36.92555618286133,0,0.31497984956602115,0.1552289161463232,336.66650390625,784.8321533203125,316.19830322265625
B_trainable,399,0.2513733506202698,0.2161904275417328,0.3339056372642517,41.58687210083008,0,0.31434378457656365,0.15583853126027727,336.6663818359375,784.8336791992188,316.19866943359375
B_trainable,400,0.30103427171707153,0.21952952444553375,0.3323984146118164,33.60811996459961,0,0.3142106894479687,0.15647544119212983,336.666259765625,784.8345336914062,316.1987609863281
B_trainable,401,0.250907301902771,0.1202067881822586,0.33131223917007446,42.74460220336914,0,0.3135776555725167,0.15611275466203112,336.66619873046875,784.8349609375,316.1986999511719
B_trainable,402,0.27934640645980835,0.12694938480854034,0.3370572626590729,38.12722396850586,0,0.3132353430813896,0.1558211209634962,336.6661376953125,784.834716796875,316.19842529296875
B_trainable,403,0.3274776339530945,0.12945759296417236,0.34515583515167236,46.5659294128418,0,0.31337776599010664,0.15555748568350297,336.6661376953125,784.8338012695312,316.1979675292969
B_trainable,404,0.3061472177505493,0.12486745417118073,0.3461682200431824,33.38351821899414,0,0.3133054605077111,0.15525058536837977,336.66619873046875,784.8325805664062,316.19744873046875
B_trainable,405,0.2790367901325226,0.1191018670797348,0.3434746265411377,37.752098083496094,0,0.3129627738039592,0.15488909818549332,336.6662292480469,784.8314208984375,316.19696044921875
B_trainable,406,0.27268096804618835,0.10892567038536072,0.3318064212799072,43.00699996948242,0,0.3125599557463815,0.154429463907492,336.66632080078125,784.8294677734375,316.19622802734375
B_trainable,407,0.2610739767551422,0.10361164808273315,0.3253512978553772,36.337127685546875,0,0.3120450959564691,0.15392128574924438,336.6664123535156,784.8275756835938,316.1955261230469
B_trainable,408,0.2865620255470276,0.1091977059841156,0.3274140954017639,58.8066291809082,0,0.3117902652523747,0.15347404995159308,336.6664733886719,784.825439453125,316.19476318359375
B_trainable,409,0.22096049785614014,0.10830895602703094,0.3267284631729126,33.094669342041016,0,0.3108819675784123,0.15302239901234746,336.66656494140625,784.8237915039062,316.1941223144531
B_trainable,410,0.2885171175003052,0.1114213764667511,0.32750624418258667,42.72007369995117,0,0.3106583190776312,0.15260638878689148,336.6666564941406,784.822021484375,316.19342041015625
B_trainable,411,0.26805222034454346,0.1182069182395935,0.34367835521698,37.58431625366211,0,0.3102322580903003,0.1522623940814185,336.666748046875,784.8203735351562,316.1927795410156
B_trainable,412,0.3181055784225464,0.14675523340702057,0.3582545816898346,41.08725357055664,0,0.3103109912936228,0.15220732247467453,336.66680908203125,784.8197021484375,316.19232177734375
B_trainable,413,0.26597827672958374,0.15039238333702087,0.36175116896629333,33.44239044189453,0,0.3098676641479824,0.152189173083298,336.6668395996094,784.81982421875,316.192138671875
B_trainable,414,0.24970708787441254,0.147380530834198,0.35850679874420166,36.305850982666016,0,0.3092660583852467,0.152141086660807,336.66680908203125,784.8211669921875,316.1923522949219
B_trainable,415,0.36701083183288574,0.151926651597023,0.35533589124679565,53.42247009277344,0,0.30984350611972306,0.15213894231016917,336.6667785644531,784.8226928710938,316.1926574707031
B_trainable,416,0.2549006938934326,0.12692391872406006,0.3504522442817688,37.24296951293945,0,0.30929407799746017,0.15188679207430805,336.66668701171875,784.824951171875,316.1932373046875
B_trainable,417,0.2713374197483063,0.11939457058906555,0.3389260172843933,36.25410079956055,0,0.3089145114149686,0.15156186985945563,336.6665954589844,784.8267822265625,316.1936340332031
B_trainable,418,0.3057340979576111,0.11481618881225586,0.3407437205314636,44.882720947265625,0,0.308882707280395,0.15119441304898362,336.6665344238281,784.8283081054688,316.1939392089844
B_trainable,419,0.2691999673843384,0.10924991965293884,0.33437585830688477,30.51815414428711,0,0.30848587988143444,0.1507749681150232,336.66650390625,784.8296508789062,316.1942443847656
B_trainable,420,0.29195308685302734,0.10871601104736328,0.33905768394470215,38.94624710083008,0,0.3083205519511503,0.1503543785443466,336.6664733886719,784.8307495117188,316.1944580078125
B_trainable,421,0.301607608795166,0.11194568872451782,0.3452172875404358,38.75539779663086,0,0.3082534225195905,0.14997029164614833,336.66650390625,784.8314208984375,316.1945495605469
B_trainable,422,0.311519056558609,0.11712613701820374,0.34514832496643066,50.96299743652344,0,0.30828607885998066,0.14964185009986888,336.66656494140625,784.8316650390625,316.1945495605469
B_trainable,423,0.2735415995121002,0.11330103874206543,0.34047001600265503,33.07967758178711,0,0.30793863406650185,0.14927844198629084,336.6665954589844,784.8322143554688,316.194580078125
B_trainable,424,0.26290804147720337,0.12086325883865356,0.35006994009017944,54.63438415527344,0,0.3074883281406089,0.14899429015481447,336.6665954589844,784.8330078125,316.1947021484375
B_trainable,425,0.2751201391220093,0.11351719498634338,0.33628854155540466,45.03722381591797,0,0.3071646462504229,0.14863951920312976,336.6666259765625,784.8336181640625,316.1947937011719
B_trainable,426,0.23860789835453033,0.12433865666389465,0.34330081939697266,32.188690185546875,0,0.30647907877146396,0.1483965105777374,336.6666564941406,784.8338012695312,316.1947937011719
B_trainable,427,0.2634398341178894,0.12188336253166199,0.3398851752281189,36.03107833862305,0,0.3060486863249282,0.14813137909727664,336.66668701171875,784.8336791992188,316.1947326660156
B_trainable,428,0.26669061183929443,0.11659607291221619,0.33866626024246216,41.81700897216797,0,0.30565510558007186,0.14781602603542604,336.6667175292969,784.8333740234375,316.19464111328125
B_trainable,429,0.2350219339132309,0.1132943332195282,0.33860206604003906,33.01155471801758,0,0.30494877386340347,0.14747080910726704,336.666748046875,784.8333129882812,316.1946105957031
B_trainable,430,0.5016285181045532,0.14649593830108643,0.33756595849990845,60.835113525390625,0,0.3069155713058149,0.14746106039920523,336.6667175292969,784.833740234375,316.1946105957031
B_trainable,431,0.28240951895713806,0.161722332239151,0.3467481732368469,36.11912155151367,0,0.30667051078232815,0.14760367311760467,336.666748046875,784.8338012695312,316.19451904296875
B_trainable,432,0.26522696018218994,0.16434821486473083,0.3426471948623657,32.608375549316406,0,0.30625607527632676,0.14777111853507593,336.666748046875,784.833740234375,316.19439697265625
B_trainable,433,0.29191452264785767,0.14473380148410797,0.3370952010154724,41.201393127441406,0,0.30611265975004204,0.14774074536456627,336.666748046875,784.8338012695312,316.1942443847656
B_trainable,434,0.2760895788669586,0.11727547645568848,0.33732783794403076,45.918548583984375,0,0.3058124289412112,0.1474360926754775,336.666748046875,784.8334350585938,316.19403076171875
B_trainable,435,0.3329997956752777,0.12464269995689392,0.341651976108551,52.295413970947266,0,0.30608430260855185,0.14720815874829168,336.66680908203125,784.832763671875,316.1936950683594
B_trainable,436,0.26118651032447815,0.12633971869945526,0.33783453702926636,34.7034912109375,0,0.30563532468571114,0.14699947434780333,336.6668395996094,784.832275390625,316.1933898925781
B_trainable,437,0.3186285197734833,0.12379571795463562,0.34068119525909424,48.493160247802734,0,0.3057652566365889,0.14676743678387166,336.6669006347656,784.8314819335938,316.1929626464844
B_trainable,438,0.3030325174331665,0.13755080103874207,0.347034752368927,32.28807830810547,0,0.3057379292445547,0.14667527042642037,336.6669616699219,784.83056640625,316.1925354003906
B_trainable,439,0.66634601354599,0.1447787582874298,0.3507120609283447,209.32949829101562,0,0.309344010087569,0.14665630530503046,336.6669921875,784.8297729492188,316.1921081542969
B_trainable,440,0.27348580956459045,0.13533306121826172,0.34824374318122864,35.946632385253906,0,0.3089854280823392,0.14654307286416277,336.6669921875,784.829345703125,316.19183349609375
B_trainable,441,0.2718313932418823,0.14018648862838745,0.3465479016304016,36.283138275146484,0,0.30861388773393467,0.146479507021805,336.6669921875,784.829345703125,316.19158935546875
B_trainable,442,0.29336097836494446,0.12555432319641113,0.3460918068885803,34.00033950805664,0,0.30846135864024476,0.14627025518355108,336.6669921875,784.8290405273438,316.1912841796875
B_trainable,443,0.29060524702072144,0.11883249878883362,0.33739498257637024,38.50063705444336,0,0.3082827975240495,0.14599587761960392,336.6669921875,784.8292236328125,316.1911315917969
B_trainable,444,0.2681422829627991,0.11727772653102875,0.33829933404922485,39.21455383300781,0,0.307881392378437,0.14570869610871817,336.66693115234375,784.8296508789062,316.19110107421875
B_trainable,445,0.2428019791841507,0.12271291017532349,0.3447722792625427,30.931272506713867,0,0.30723059824649407,0.14547873824938423,336.6668701171875,784.8302612304688,316.1910400390625
B_trainable,446,0.2540898621082306,0.11872705817222595,0.33621907234191895,31.56605339050293,0,0.30669919088511144,0.14521122144861265,336.66680908203125,784.8309326171875,316.1910400390625
B_trainable,447,0.4130363166332245,0.16996052861213684,0.3363480567932129,67.98883056640625,0,0.30776256214259257,0.1454587145202479,336.6668395996094,784.8311767578125,316.1908874511719
B_trainable,448,0.23617205023765564,0.18153274059295654,0.34278908371925354,35.52702331542969,0,0.30704665702354317,0.145819454780975,336.6668701171875,784.831298828125,316.1906433105469
B_trainable,449,0.2809273600578308,0.19090422987937927,0.35684970021247864,41.79602813720703,0,0.30678546405388607,0.14627030253195905,336.6669006347656,784.8317260742188,316.1905517578125
B_trainable,450,0.24715954065322876,0.1732390820980072,0.3569641709327698,43.79343795776367,0,0.3061892048198795,0.14653999032761952,336.6668701171875,784.83251953125,316.19061279296875
B_trainable,451,0.2918604612350464,0.12220165133476257,0.3520306944847107,35.06090545654297,0,0.30604591738403114,0.14629660693769095,336.6668701171875,784.833251953125,316.1905822753906
B_trainable,452,0.24416489899158478,0.1230844259262085,0.34863460063934326,31.49576187133789,0,0.3054271072001067,0.14606448512757614,336.6669006347656,784.8336791992188,316.1905212402344
B_trainable,453,0.8125880360603333,0.28278782963752747,0.36138391494750977,1160.8236083984375,0,0.31049871648870897,0.14743171857267565,336.66693115234375,784.8341064453125,316.1903991699219
B_trainable,454,0.28982365131378174,0.2715385854244232,0.354978084564209,45.8733024597168,0,0.31029196583695967,0.14867278724119312,336.66693115234375,784.8345947265625,316.1903381347656
B_trainable,455,0.2680976986885071,0.25825029611587524,0.3408452868461609,34.58462142944336,0,0.30987002316547513,0.14976856232993993,336.6669616699219,784.8349609375,316.190185546875
B_trainable,456,0.32206273078918457,0.2801084816455841,0.35617944598197937,31.79527473449707,0,0.3099919502417122,0.15107196152309635,336.6669921875,784.8351440429688,316.19000244140625
B_trainable,457,0.2571665346622467,0.12132370471954346,0.3523591160774231,34.82670211791992,0,0.30946369608591756,0.15077447895506083,336.66705322265625,784.8353271484375,316.1897888183594
B_trainable,458,0.300330251455307,0.11999732255935669,0.352267324924469,138.88726806640625,0,0.30937236163961146,0.1504667073911038,336.6670837402344,784.8355712890625,316.1896057128906
B_trainable,459,0.2601468861103058,0.1239229291677475,0.3530000150203705,39.712181091308594,0,0.30888010688431844,0.15020126960887023,336.6671447753906,784.8362426757812,316.1896057128906
B_trainable,460,0.28056225180625916,0.11070060729980469,0.3353981375694275,39.65531921386719,0,0.30859692833353786,0.14980626298577956,336.66717529296875,784.836669921875,316.1894836425781
B_trainable,461,0.27878913283348083,0.10677656531333923,0.3308393359184265,39.47666931152344,0,0.30829885037853727,0.14937596600905514,336.667236328125,784.8370361328125,316.1893310546875
B_trainable,462,0.2742924094200134,0.10981099307537079,0.3308870196342468,37.546302795410156,0,0.30795878596895204,0.1489803162797183,336.66729736328125,784.8361206054688,316.18890380859375
B_trainable,463,0.27254247665405273,0.11931224167346954,0.3375781178474426,45.312679290771484,0,0.30760462287580304,0.14868363553365582,336.6673278808594,784.8352661132812,316.1884765625
B_trainable,464,0.27728933095932007,0.11258229613304138,0.33964842557907104,41.928131103515625,0,0.3073014699566382,0.14832262213964967,336.6673889160156,784.8347778320312,316.1881408691406
B_trainable,465,0.39890995621681213,0.11328878998756409,0.3333127200603485,44.8256950378418,0,0.30821755481923996,0.14797228381812882,336.6673889160156,784.8338012695312,316.1877136230469
B_trainable,466,0.2296804040670395,0.1112397313117981,0.3338218927383423,31.417451858520508,0,0.30743218331171795,0.14760495829306552,336.66741943359375,784.8330078125,316.18731689453125
B_trainable,467,0.25967150926589966,0.1171969473361969,0.34062740206718445,35.37211227416992,0,0.3069545765712598,0.14730087818349683,336.6674499511719,784.8323364257812,316.1868591308594
B_trainable,468,0.2564052939414978,0.11601325869560242,0.33701610565185547,37.206233978271484,0,0.30644908374496216,0.1469880019886179,336.66748046875,784.8319702148438,316.1864929199219
B_trainable,469,0.2613578140735626,0.11343240737915039,0.3409264385700226,36.56377029418945,0,0.30599817104824817,0.1466524460425232,336.66748046875,784.8318481445312,316.1861877441406
B_trainable,470,0.2919316291809082,0.12614384293556213,0.3498103618621826,62.027156829833984,0,0.30585750562957476,0.1464473600114536,336.66754150390625,784.831298828125,316.185791015625
B_trainable,471,0.22521688044071198,0.13038933277130127,0.3444967269897461,32.6971549987793,0,0.3050510993776861,0.14628677973905208,336.66754150390625,784.831298828125,316.1856384277344
B_trainable,472,0.21303331851959229,0.12476977705955505,0.34186482429504395,30.916980743408203,0,0.30413092156910515,0.1460716097122571,336.6675109863281,784.8318481445312,316.1856384277344
B_trainable,473,0.290054589509964,0.11861616373062134,0.33937978744506836,41.08414077758789,0,0.3039901582485137,0.14579705525244077,336.66748046875,784.8324584960938,316.1856384277344
B_trainable,474,0.30579569935798645,0.12317538261413574,0.33097827434539795,41.078773498535156,0,0.30400821365960845,0.1455708385260577,336.66741943359375,784.8333740234375,316.18572998046875
B_trainable,475,0.2741493582725525,0.13673098385334015,0.33802276849746704,39.62839889526367,0,0.3037096251057379,0.14548243997933052,336.6673889160156,784.8340454101562,316.18572998046875
B_trainable,476,0.22542382776737213,0.13753914833068848,0.3386988639831543,31.795406341552734,0,0.3029267671323543,0.14540300706284412,336.6673278808594,784.8350830078125,316.18585205078125
B_trainable,477,0.25908729434013367,0.1390601247549057,0.3469611406326294,33.50716781616211,0,0.30248837240443205,0.14533957823976473,336.6672058105469,784.8369750976562,316.1861877441406
B_trainable,478,0.316699743270874,0.12816640734672546,0.35123705863952637,38.755096435546875,0,0.3026304861130965,0.14516784653083434,336.6671447753906,784.8379516601562,316.186279296875
B_trainable,479,0.278000146150589,0.13177596032619476,0.3537791073322296,37.88241958618164,0,0.3023841827134714,0.14503392766878795,336.6670227050781,784.8394165039062,316.18658447265625
B_trainable,480,0.24514023959636688,0.12483333051204681,0.35063421726226807,34.104103088378906,0,0.3018117432823003,0.14483192169722053,336.6669006347656,784.8411254882812,316.1869812011719
B_trainable,481,0.27884694933891296,0.12797963619232178,0.35581642389297485,37.16749954223633,0,0.30158209534286645,0.14466339884217155,336.666748046875,784.8426513671875,316.1873779296875
B_trainable,482,0.3874525725841522,0.12412507832050323,0.3432357907295227,55.73982620239258,0,0.3024408001152793,0.14445801563695487,336.66656494140625,784.8442993164062,316.1877746582031
B_trainable,483,0.2562482953071594,0.1184350997209549,0.34069037437438965,36.98541259765625,0,0.3019788750671981,0.14419778647779485,336.6664123535156,784.845458984375,316.18804931640625
B_trainable,484,0.259118914604187,0.11437942087650299,0.33563730120658875,37.10003662109375,0,0.301550275462568,0.14389960282178194,336.6663818359375,784.8457641601562,316.18798828125
B_trainable,485,1.370023488998413,0.14545826613903046,0.331367552280426,500.21392822265625,0,0.31223500759792644,0.14391518945495443,336.6663513183594,784.8460083007812,316.18792724609375
B_trainable,486,0.26116710901260376,0.13779276609420776,0.3288458585739136,33.847312927246094,0,0.3117243286120732,0.14385396522134697,336.6663513183594,784.8455200195312,316.1876525878906
B_trainable,487,0.2834802567958832,0.13867074251174927,0.32739388942718506,41.640892028808594,0,0.3114418878939113,0.143802132994251,336.6664123535156,784.8447265625,316.18719482421875
B_trainable,488,0.260999470949173,0.13961291313171387,0.325206458568573,31.722368240356445,0,0.31093746372446396,0.14376024079562563,336.66650390625,784.84375,316.18670654296875
B_trainable,489,0.2487766444683075,0.10802605748176575,0.3374357223510742,26.967041015625,0,0.3103158555319024,0.14340289896248704,336.6666259765625,784.842529296875,316.1861877441406
B_trainable,490,0.24304945766925812,0.11595810949802399,0.33703768253326416,35.2900276184082,0,0.30964319155327596,0.14312845106784242,336.6667785644531,784.8408813476562,316.185546875
B_trainable,491,0.2577436566352844,0.10627929866313934,0.3310130834579468,37.15027618408203,0,0.30912419620409604,0.1427599595437954,336.6669006347656,784.8399658203125,316.1850891113281
B_trainable,492,0.25884702801704407,0.11231452226638794,0.3346804976463318,35.738494873046875,0,0.3086214245222255,0.14245550517102132,336.6669921875,784.8392944335938,316.18475341796875
B_trainable,493,0.2434156984090805,0.10671970248222351,0.32427307963371277,34.6670036315918,0,0.3079693672610941,0.14209814714413335,336.6670837402344,784.8388671875,316.1844787597656
B_trainable,494,0.3013789653778076,0.10773499310016632,0.3246273398399353,44.1845817565918,0,0.3079034632422612,0.14175451560369368,336.66717529296875,784.8388671875,316.1843566894531
B_trainable,495,0.2655864953994751,0.11325514316558838,0.3312215507030487,34.01905822753906,0,0.30748029356383333,0.14146952187931264,336.66729736328125,784.8389282226562,316.1842041015625
B_trainable,496,0.4477991461753845,0.2400144785642624,0.32701432704925537,57.40581130981445,0,0.30888348208994887,0.14245497144616215,336.66741943359375,784.8384399414062,316.1838073730469
B_trainable,497,0.23904334008693695,0.2709743082523346,0.32825779914855957,38.25613021850586,0,0.30818508066991873,0.14374016481422386,336.66754150390625,784.8383178710938,316.1835021972656
B_trainable,498,0.28578799962997437,0.25877806544303894,0.3265940546989441,38.43461608886719,0,0.30796110985951924,0.144890543820512,336.6676330566406,784.838623046875,316.1833190917969
B_trainable,499,0.25956714153289795,0.23249758780002594,0.3251309394836426,43.327693939208984,0,0.30747717017625303,0.14576661426030715,336.667724609375,784.8385009765625,316.18304443359375
B_trainable,500,0.2456015795469284,0.10343939065933228,0.32070595026016235,32.663490295410156,0,0.3068584142699598,0.1453433420242974,336.6678466796875,784.837890625,316.1826171875
B_trainable,501,0.24851003289222717,0.10948480665683746,0.3306310772895813,34.83255386352539,0,0.3062749304561825,0.1449847566706228,336.66796875,784.8375244140625,316.18231201171875
B_trainable,502,0.27773550152778625,0.11772173643112183,0.3391093611717224,37.15851593017578,0,0.3059895361668985,0.1447121264682278,336.66802978515625,784.8375854492188,316.18218994140625
B_trainable,503,0.26745498180389404,0.11442065238952637,0.32808423042297363,47.37841033935547,0,0.30560419062326843,0.14440921172744078,336.66802978515625,784.8380126953125,316.18218994140625
B_trainable,504,0.23526045680046082,0.12224751710891724,0.3424326181411743,33.215885162353516,0,0.30490075328504035,0.14418759478125553,336.6680908203125,784.8379516601562,316.1820373535156
B_trainable,505,0.2621341943740845,0.12075626850128174,0.33903029561042786,31.61777114868164,0,0.3044730876959308,0.1439532815184558,336.6680908203125,784.8380737304688,316.1820068359375
B_trainable,506,0.2484414279460907,0.11576426029205322,0.3281015455722809,34.933712005615234,0,0.30391277109843234,0.14367139130619178,336.6680908203125,784.8385009765625,316.18212890625
B_trainable,507,0.253121554851532,0.11545692384243011,0.33686983585357666,38.75613784790039,0,0.30340485893596336,0.14338924663155417,336.6680603027344,784.8389282226562,316.1822204589844
B_trainable,508,0.23905476927757263,0.12864115834236145,0.3464367389678955,36.85683822631836,0,0.3027613580393795,0.14324176574866224,336.6680603027344,784.83935546875,316.1822814941406
B_trainable,509,0.27574974298477173,0.12487383186817169,0.34099915623664856,53.32609176635742,0,0.3024912418888334,0.14305808640985734,336.6680603027344,784.83984375,316.1824035644531
B_trainable,510,0.28382718563079834,0.12117314338684082,0.33784791827201843,54.205230712890625,0,0.30230460132625303,0.14283923697962717,336.6680603027344,784.8402099609375,316.1824645996094
B_trainable,511,0.2460755556821823,0.11537252366542816,0.338046133518219,36.12069320678711,0,0.30174231086981235,0.14256456984648516,336.6680603027344,784.8406982421875,316.1825256347656
B_trainable,512,0.2664031982421875,0.11845219135284424,0.33699312806129456,37.76713562011719,0,0.3013889197435361,0.14232344606154876,336.66796875,784.8416748046875,316.1827697753906
B_trainable,513,0.25797900557518005,0.12335476279258728,0.34040236473083496,38.37437438964844,0,0.3009548206018526,0.14213375922885915,336.6678771972656,784.8428344726562,316.1830749511719
B_trainable,514,0.2861415147781372,0.11956946551799774,0.3374287486076355,42.270751953125,0,0.30080668754361545,0.14190811629175054,336.6678161621094,784.8433227539062,316.1831359863281
B_trainable,515,0.26568934321403503,0.11836101114749908,0.3430435359477997,36.421661376953125,0,0.3004555141003197,0.14167264524030804,336.6677551269531,784.8439331054688,316.1832580566406
B_trainable,516,0.2723390460014343,0.1137828677892685,0.33600160479545593,37.64314651489258,0,0.30017434941933085,0.14139374746579764,336.667724609375,784.8441772460938,316.18328857421875
B_trainable,517,0.2719215154647827,0.115206778049469,0.3410455286502838,122.71833801269531,0,0.2998918210797854,0.14113187777163436,336.667724609375,784.8441772460938,316.1832580566406
B_trainable,518,0.3608076870441437,0.11907997727394104,0.3495481312274933,45.0560188293457,0,0.300500979739429,0.14091135876665742,336.66778564453125,784.8436889648438,316.1831359863281
B_trainable,519,0.28409695625305176,0.12248194217681885,0.3426434397697449,38.040279388427734,0,0.3003369395045652,0.14072706460075904,336.6678161621094,784.8432006835938,316.1829833984375
B_trainable,520,0.2691751718521118,0.11962108314037323,0.34460097551345825,35.399051666259766,0,0.30002532182804065,0.14051600478615517,336.6678771972656,784.8426513671875,316.1827392578125
B_trainable,521,0.2638287842273712,0.11181467771530151,0.3395835757255554,40.532100677490234,0,0.29966335645203396,0.14022899151544663,336.6678771972656,784.8421630859375,316.1824951171875
B_trainable,522,0.30051350593566895,0.11525344848632812,0.3434293568134308,42.58515930175781,0,0.2996718579468703,0.13997923608515542,336.6679382324219,784.841064453125,316.1820373535156
B_trainable,523,0.25095391273498535,0.12280909717082977,0.35090184211730957,37.57342529296875,0,0.29918467849475144,0.13980753469601215,336.66796875,784.840576171875,316.1817626953125
B_trainable,524,0.2516479194164276,0.11436018347740173,0.3450047969818115,48.99919128417969,0,0.2987093109039682,0.13955306118382604,336.6679992675781,784.83984375,316.1814270019531
B_trainable,525,0.24854594469070435,0.11342582106590271,0.3422124981880188,34.70597457885742,0,0.29820767724183556,0.1392917887826468,336.6679992675781,784.8395385742188,316.1812438964844
B_trainable,526,0.278964102268219,0.11894755065441132,0.33695220947265625,49.96846008300781,0,0.2980152414920994,0.13908834640136444,336.66796875,784.8390502929688,316.1810607910156
B_trainable,527,0.261935293674469,0.10946264863014221,0.33493518829345703,41.31023025512695,0,0.2976544420139231,0.13879208942365223,336.66796875,784.8387451171875,316.180908203125
B_trainable,528,0.2599179744720459,0.12025849521160126,0.3437011241912842,33.83371353149414,0,0.29727707733850434,0.1386067534815317,336.66796875,784.8383178710938,316.18072509765625
B_trainable,529,0.24791356921195984,0.12262967228889465,0.3416230082511902,37.99293899536133,0,0.2967834422572389,0.13844698266960534,336.6679992675781,784.8380737304688,316.1805725097656
B_trainable,530,0.275901198387146,0.1151246726512909,0.33923590183258057,40.248348236083984,0,0.296574619818538,0.1382137595694222,336.6679992675781,784.8377075195312,316.1803894042969
B_trainable,531,0.2823568284511566,0.11480917036533356,0.33778420090675354,51.60688400268555,0,0.2964324419048642,0.13797971367738132,336.6679992675781,784.8372192382812,316.1802062988281
B_trainable,532,0.2597624361515045,0.12048597633838654,0.3420674800872803,30.432979583740234,0,0.2960657418473306,0.13780477630399138,336.66802978515625,784.836669921875,316.1799621582031
B_trainable,533,0.2999579608440399,0.12476634979248047,0.3494856357574463,51.865814208984375,0,0.2961046640372977,0.13767439203887627,336.66802978515625,784.8365478515625,316.1798400878906
B_trainable,534,0.23344635963439941,0.12568512558937073,0.3501090705394745,33.03019332885742,0,0.29547808099326867,0.13755449937438122,336.66796875,784.8369750976562,316.1799011230469
B_trainable,535,0.26903071999549866,0.11445511877536774,0.3422268331050873,39.58697509765625,0,0.295213607383291,0.13732350556839107,336.6678771972656,784.8378295898438,316.18011474609375
B_trainable,536,0.4738188683986664,0.11535078287124634,0.3399101495742798,109.97444915771484,0,0.29699965999344474,0.13710377834141962,336.66778564453125,784.8386840820312,316.1802978515625
B_trainable,537,0.27779731154441833,0.1114685982465744,0.33581680059432983,35.64597702026367,0,0.2968076365089545,0.1368474265404712,336.667724609375,784.8392944335938,316.1803894042969
B_trainable,538,0.25153496861457825,0.11247223615646362,0.3338465094566345,32.752418518066406,0,0.2963549098300107,0.13660367463663112,336.6676330566406,784.840087890625,316.1805419921875
B_trainable,539,0.2548283338546753,0.11892980337142944,0.3372359275817871,38.583683013916016,0,0.29593964407025736,0.1364269359239791,336.6675720214844,784.84130859375,316.1807861328125
B_trainable,540,0.2656102180480957,0.11344492435455322,0.33296293020248413,38.14177703857422,0,0.2956363498100357,0.1361971158082848,336.66748046875,784.8424072265625,316.1809387207031
B_trainable,541,0.2571072280406952,0.11528021097183228,0.3262096047401428,31.310277938842773,0,0.2952510585923423,0.1359879467599203,336.66748046875,784.8432006835938,316.1810302734375
B_trainable,542,0.24983690679073334,0.1085813045501709,0.32744643092155457,34.22174835205078,0,0.2947969170743262,0.13571388033782278,336.6674499511719,784.84375,316.1811218261719
B_trainable,543,0.26041072607040405,0.11278294026851654,0.32472577691078186,36.783241271972656,0,0.294453055164287,0.1354845709371297,336.66748046875,784.8438720703125,316.18096923828125
B_trainable,544,0.30654728412628174,0.12202431261539459,0.340567946434021,45.16386413574219,0,0.2945739974539069,0.13534996835391236,336.6675109863281,784.8436279296875,316.1807861328125
B_trainable,545,0.27256524562835693,0.1229698657989502,0.3379392623901367,43.398216247558594,0,0.2943539099356514,0.13522616732836273,336.6675109863281,784.8431396484375,316.18048095703125
B_trainable,546,0.29247915744781494,0.12893693149089813,0.3420727252960205,39.20701217651367,0,0.29433516241077307,0.1351632749699881,336.6675720214844,784.8428344726562,316.18023681640625
B_trainable,547,0.2641462981700897,0.12238356471061707,0.34122955799102783,32.64723587036133,0,0.2940332737683662,0.1350354778673944,336.6675720214844,784.843017578125,316.18011474609375
B_trainable,548,0.2528362572193146,0.1109388917684555,0.3279300332069397,36.526695251464844,0,0.29362130360287564,0.134794512006405,336.66754150390625,784.8436279296875,316.1801452636719
B_trainable,549,0.23530182242393494,0.11100606620311737,0.3367438018321991,41.743160247802734,0,0.2930381087910862,0.1345566275483721,336.66754150390625,784.8438720703125,316.1801452636719
B_trainable,550,0.2951069474220276,0.1173737645149231,0.33526724576950073,55.370361328125,0,0.29305879717739564,0.13438479891803762,336.66754150390625,784.843994140625,316.1800842285156
B_trainable,551,0.2913578450679779,0.11472643911838531,0.33362510800361633,36.93214416503906,0,0.29304178765630146,0.13418821532004108,336.66754150390625,784.843994140625,316.1799011230469
B_trainable,552,0.26903510093688965,0.10913495719432831,0.3329038619995117,34.7686653137207,0,0.2928017207891073,0.13393768273878395,336.66754150390625,784.8438720703125,316.1797180175781
B_trainable,553,0.28927868604660034,0.1053483784198761,0.33751827478408813,39.15244674682617,0,0.29276649044168224,0.13365178969559488,336.6676025390625,784.8428344726562,316.17919921875
B_trainable,554,0.48418480157852173,0.10664397478103638,0.334210067987442,176.4514617919922,0,0.29468067355305066,0.1333817115464493,336.6676330566406,784.8418579101562,316.1787109375
B_trainable,555,0.2435096800327301,0.11005905270576477,0.33208975195884705,41.84984588623047,0,0.29416896361784745,0.13314848495804246,336.6676940917969,784.8408203125,316.1781921386719
B_trainable,556,0.309533953666687,0.12113708257675171,0.3371654152870178,43.95083236694336,0,0.29432261351833583,0.13302837093422956,336.6677551269531,784.83984375,316.1777038574219
B_trainable,557,0.25761428475379944,0.12513898313045502,0.3454936146736145,34.63475036621094,0,0.29395553023069043,0.1329494770561918,336.6677551269531,784.8392944335938,316.1773986816406
B_trainable,558,0.3045033812522888,0.12570422887802124,0.3480892777442932,38.087646484375,0,0.29406100874090646,0.1328770245744101,336.66778564453125,784.8389892578125,316.17718505859375
B_trainable,559,0.25316718220710754,0.1246558427810669,0.352624773979187,33.207157135009766,0,0.29365207047556846,0.13279481275647667,336.6678161621094,784.8384399414062,316.1768798828125
B_trainable,560,0.2518428862094879,0.13377510011196136,0.35017111897468567,33.07285690307617,0,0.2932339786329076,0.13280461563003151,336.6678161621094,784.8385009765625,316.17681884765625
B_trainable,561,0.26279523968696594,0.11668233573436737,0.340717077255249,36.553218841552734,0,0.2929295912434482,0.13264339283107487,336.66778564453125,784.8394165039062,316.17694091796875
B_trainable,562,0.3065786063671112,0.12530967593193054,0.3465340733528137,183.46937561035156,0,0.2930660813946849,0.13257005566208344,336.667724609375,784.8402709960938,316.17706298828125
B_trainable,563,0.26118341088294983,0.11602476239204407,0.3358156681060791,36.65071487426758,0,0.2927472546895675,0.13240460272938304,336.66766357421875,784.8410034179688,316.17718505859375
B_trainable,564,0.21982485055923462,0.11765685677528381,0.33683276176452637,34.57536697387695,0,0.2920180306482642,0.13225712526984204,336.6676025390625,784.842041015625,316.1774597167969
B_trainable,565,0.2799990773200989,0.11711660027503967,0.3406367897987366,37.10792541503906,0,0.2918978411149825,0.132105720019894,336.6676025390625,784.8422241210938,316.1774597167969
B_trainable,566,0.28122851252555847,0.10941973328590393,0.33690163493156433,41.74042892456055,0,0.29179114782908827,0.1318788601525541,336.66766357421875,784.8416748046875,316.17718505859375
B_trainable,567,0.27444255352020264,0.12110826373100281,0.3420412242412567,39.78687286376953,0,0.2916176618859994,0.1317711541883386,336.6677551269531,784.8411254882812,316.1768798828125
B_trainable,568,0.2422151118516922,0.11247944831848145,0.33081069588661194,31.55306053161621,0,0.2911236363856563,0.13157823712964,336.6678771972656,784.840576171875,316.1765441894531
B_trainable,569,0.2574635148048401,0.11172980070114136,0.3341984748840332,32.0372314453125,0,0.29078703516984816,0.13137975276535502,336.6679382324219,784.84033203125,316.17633056640625
B_trainable,570,0.331478476524353,0.10347473621368408,0.32524192333221436,48.685726165771484,0,0.29119394958339323,0.1311007025998383,336.6679992675781,784.8400268554688,316.17608642578125
B_trainable,571,0.2648767828941345,0.10632824897766113,0.3250240683555603,33.51520538330078,0,0.2909307779165006,0.13085297806361654,336.6680603027344,784.8394165039062,316.1756591796875
B_trainable,572,0.23887553811073303,0.11118341982364655,0.3329869508743286,35.064971923828125,0,0.290410225518443,0.13065628248121683,336.6681213378906,784.8391723632812,316.1753234863281
B_trainable,573,0.26056748628616333,0.11334426701068878,0.33697831630706787,38.998600006103516,0,0.29011179812612015,0.13048316232651155,336.6681823730469,784.8385620117188,316.17486572265625
B_trainable,574,0.24831290543079376,0.1150776743888855,0.33877986669540405,31.730627059936523,0,0.2896938091991669,0.1303291074471353,336.6682434082031,784.8382568359375,316.1744689941406
B_trainable,575,0.2559612989425659,0.11768946051597595,0.35232698917388916,32.830135345458984,0,0.28935648409660086,0.1302027109778237,336.6683044433594,784.8378295898438,316.1741027832031
B_trainable,576,0.23927120864391327,0.12694764137268066,0.35358142852783203,30.711822509765625,0,0.288855631342074,0.13017016028177228,336.6683349609375,784.8380126953125,316.173828125
B_trainable,577,0.4337802827358246,0.13502146303653717,0.348113477230072,58.136314392089844,0,0.2903048778560115,0.1302186733093199,336.6683044433594,784.8388671875,316.1737060546875
B_trainable,578,0.2765563726425171,0.13463859260082245,0.34876012802124023,35.24686050415039,0,0.29016739280387654,0.13026287250223492,336.6682434082031,784.8401489257812,316.1737976074219
B_trainable,579,0.24100668728351593,0.13275909423828125,0.3478528559207916,27.56426429748535,0,0.289675785748673,0.13028783471959537,336.6681823730469,784.8412475585938,316.1738586425781
B_trainable,580,0.2783345878124237,0.13586898148059845,0.35347458720207214,38.57758712768555,0,0.2895623737693105,0.13034364618720543,336.66815185546875,784.8421630859375,316.1737976074219
B_trainable,581,0.22850152850151062,0.12493309378623962,0.3530706763267517,31.826618194580078,0,0.2889517653166325,0.13028954066319576,336.6680603027344,784.8436279296875,316.1739807128906
B_trainable,582,0.27896344661712646,0.12539541721343994,0.3508661389350891,37.68714141845703,0,0.28885188212963747,0.1302405994286982,336.6679992675781,784.84521484375,316.1741638183594
B_trainable,583,0.26542410254478455,0.12008066475391388,0.34735816717147827,38.15378952026367,0,0.28861760433378897,0.13013900008195034,336.66796875,784.8468017578125,316.1744079589844
B_trainable,584,0.24699752032756805,0.11162352561950684,0.33896350860595703,31.762889862060547,0,0.28820140349372675,0.1299538453373259,336.66790771484375,784.8484497070312,316.1746826171875
B_trainable,585,0.32434868812561035,0.1364394575357437,0.34270673990249634,38.31292724609375,0,0.28856287634004557,0.13001870145931008,336.66790771484375,784.8494873046875,316.17474365234375
B_trainable,586,0.27480268478393555,0.13799110054969788,0.34978553652763367,40.706233978271484,0,0.28842527442448446,0.13009842545021394,336.6678771972656,784.8505859375,316.17486572265625
B_trainable,587,0.2302873283624649,0.1382211446762085,0.3427430987358093,32.11634063720703,0,0.28784389496386426,0.1301796526424739,336.6678466796875,784.8517456054688,316.1748962402344
B_trainable,588,0.27413177490234375,0.13586390018463135,0.3376298248767853,33.89910888671875,0,0.28770677376324905,0.13023649511789548,336.6678466796875,784.8522338867188,316.1747131347656
B_trainable,589,0.259138286113739,0.10757070779800415,0.33399468660354614,30.001848220825195,0,0.287421088886754,0.13000983724469656,336.6678771972656,784.8515625,316.17425537109375
B_trainable,590,0.2332586944103241,0.11589759588241577,0.3348357677459717,32.909568786621094,0,0.28687946494198974,0.12986871483107376,336.6679382324219,784.8505249023438,316.173583984375
B_trainable,591,0.30130717158317566,0.11156561970710754,0.3325028419494629,32.572635650634766,0,0.2870237420084016,0.1296856838798341,336.6680908203125,784.8486938476562,316.1726989746094
B_trainable,592,0.26469939947128296,0.11871637403964996,0.33069300651550293,37.68684387207031,0,0.2868004985830304,0.12957599078143225,336.6682434082031,784.8466186523438,316.1716613769531
B_trainable,593,0.30178093910217285,0.14459851384162903,0.3351809084415436,52.4909782409668,0,0.2869503029882219,0.1297262160120342,336.6684265136719,784.84423828125,316.170654296875
B_trainable,594,0.24422375857830048,0.16082337498664856,0.34446799755096436,38.22638702392578,0,0.28652303754412267,0.13003718760178035,336.6685791015625,784.842529296875,316.1698303222656
B_trainable,595,0.28458675742149353,0.1618851125240326,0.3420105576515198,39.175899505615234,0,0.2865036747428964,0.13035566685100286,336.6687316894531,784.8406372070312,316.1690368652344
B_trainable,596,0.23857590556144714,0.14154796302318573,0.3346710801124573,50.260494232177734,0,0.2860243970510819,0.1304675898127247,336.6688537597656,784.8390502929688,316.1683044433594
B_trainable,597,0.2501969635486603,0.12152837216854095,0.3393864035606384,36.00165557861328,0,0.2856661227160577,0.13037819763628286,336.6689758300781,784.8373413085938,316.1676025390625
B_trainable,598,0.2718503177165985,0.11870914697647095,0.33570027351379395,37.636775970458984,0,0.28552796466606306,0.13026150712968473,336.66912841796875,784.8359985351562,316.1669616699219
B_trainable,599,0.2450474053621292,0.10736371576786041,0.3350667357444763,31.545270919799805,0,0.2851231590730237,0.1300325292160665,336.6692199707031,784.8353271484375,316.1665954589844
B_trainable,600,0.26481056213378906,0.11161530017852783,0.338609516620636,39.220558166503906,0,0.28492003310363134,0.1298483569256911,336.66925048828125,784.8349609375,316.1663818359375
B_trainable,601,1.0088698863983154,0.20029081404209137,0.33783477544784546,63.90243148803711,0,0.2921595316365782,0.13055278149685512,336.6692199707031,784.835205078125,316.1663818359375
B_trainable,602,0.2719566822052002,0.20978711545467377,0.34401968121528625,37.99695587158203,0,0.29195750314226443,0.1313451248364333,336.6691589355469,784.8353881835938,316.16632080078125
B_trainable,603,0.23213447630405426,0.2225235402584076,0.3462944030761719,31.304298400878906,0,0.2913592728738823,0.13225690899065304,336.66912841796875,784.8359375,316.1663513183594
B_trainable,604,0.25338104367256165,0.2284107804298401,0.3403182327747345,43.688629150390625,0,0.2909794905818691,0.13321844770504493,336.6690368652344,784.8369750976562,316.16656494140625
B_trainable,605,0.27281683683395386,0.12153322994709015,0.34956783056259155,40.19092559814453,0,0.29079786404438995,0.1331015955274654,336.6689147949219,784.8379516601562,316.1667785644531
B_trainable,606,0.3217940032482147,0.13082435727119446,0.3414539098739624,38.77568435668945,0,0.2911078254364282,0.13307882314490269,336.6687927246094,784.8394775390625,316.1671447753906
B_trainable,607,0.44123539328575134,0.15961679816246033,0.35568109154701233,47.41116714477539,0,0.29260910111492144,0.13334420289507826,336.66864013671875,784.8414916992188,316.1676025390625
B_trainable,608,0.24798573553562164,0.1580454707145691,0.36183351278305054,36.784114837646484,0,0.29216286745912845,0.13359121557327316,336.66845703125,784.8438720703125,316.1681823730469
B_trainable,609,0.2648034989833832,0.17534410953521729,0.3573870360851288,36.88908004760742,0,0.291889273774371,0.1340087445128926,336.6683044433594,784.8467407226562,316.16888427734375
B_trainable,610,0.22890815138816833,0.14189188182353973,0.3480204939842224,37.82588195800781,0,0.291259462550509,0.13408757588599907,336.6680603027344,784.8502807617188,316.1697998046875
B_trainable,611,0.27115529775619507,0.11913235485553741,0.34284836053848267,37.46940994262695,0,0.29105842090256584,0.13393802367569443,336.6678771972656,784.8533325195312,316.1705322265625
B_trainable,612,0.29708606004714966,0.11605706810951233,0.3459392189979553,50.014404296875,0,0.29111869729401163,0.1337592141200326,336.6677551269531,784.8553466796875,316.1709289550781
B_trainable,613,0.2831117808818817,0.12306836247444153,0.35636985301971436,41.592899322509766,0,0.29103862812989034,0.1336523056035767,336.66766357421875,784.85693359375,316.17120361328125
B_trainable,614,0.2385888248682022,0.11930327117443085,0.34995049238204956,41.051761627197266,0,0.29051413009727345,0.13350881525928524,336.6675720214844,784.8580932617188,316.17138671875
B_trainable,615,0.2504218816757202,0.1152806431055069,0.33969759941101074,43.74505615234375,0,0.2901132076130579,0.13332653353774743,336.6675109863281,784.858642578125,316.1714172363281
B_trainable,616,0.2616463899612427,0.11234258115291595,0.3334572911262512,32.558841705322266,0,0.2898285394365398,0.1331166940138991,336.66748046875,784.858642578125,316.1711730957031
B_trainable,617,0.27649861574172974,0.110287144780159,0.33045315742492676,39.06913757324219,0,0.2896952401995917,0.1328883985215617,336.6675109863281,784.8579711914062,316.1707763671875
B_trainable,618,0.6114253997802734,0.12042510509490967,0.3345031440258026,497.728759765625,0,0.2929125417953985,0.1327637655872952,336.66754150390625,784.857177734375,316.17041015625
B_trainable,619,0.2900836765766144,0.1173194944858551,0.3374454975128174,33.3857421875,0,0.29288425314321065,0.13260932287628077,336.6676330566406,784.8555908203125,316.1697998046875
B_trainable,620,0.26758116483688354,0.12511974573135376,0.3488217294216156,35.56195068359375,0,0.2926312222601474,0.1325344271048315,336.667724609375,784.853759765625,316.1690979003906
B_trainable,621,0.3582213222980499,0.13257911801338196,0.35260629653930664,52.32815170288086,0,0.2932871232605264,0.13253487401391698,336.6678161621094,784.851806640625,316.1683349609375
B_trainable,622,0.27262604236602783,0.12476891279220581,0.3550010323524475,35.10129165649414,0,0.2930805124515814,0.13245721440169986,336.66790771484375,784.8501586914062,316.16766357421875
B_trainable,623,0.2853439450263977,0.1288885474205017,0.3567802608013153,39.56000900268555,0,0.2930031467773295,0.1324215277318879,336.6679992675781,784.8485717773438,316.1669616699219
B_trainable,624,0.31075000762939453,0.1260986030101776,0.359857976436615,39.33882141113281,0,0.29318061538585016,0.1323582984846708,336.6680603027344,784.8472290039062,316.1663818359375
B_trainable,625,0.24051840603351593,0.1224203109741211,0.3514188528060913,28.012170791625977,0,0.29265399329232683,0.1322589186095653,336.66815185546875,784.8458251953125,316.1658020019531
B_trainable,626,0.26564455032348633,0.11671692132949829,0.34394168853759766,33.71507263183594,0,0.29238389886263844,0.13210349863676463,336.6682434082031,784.8447875976562,316.16534423828125
B_trainable,627,0.23383933305740356,0.126475989818573,0.35905739665031433,28.638931274414062,0,0.29179845320458614,0.1320472235485827,336.66827392578125,784.8442993164062,316.1650390625
B_trainable,628,0.2985849380493164,0.1199587881565094,0.3472880721092224,53.48257827758789,0,0.2918663180530335,0.13192633919466198,336.66839599609375,784.8434448242188,316.1646728515625
B_trainable,629,0.22311823070049286,0.12853509187698364,0.3496643900871277,29.33547592163086,0,0.29117883717950804,0.13189242672148518,336.66845703125,784.8433227539062,316.16448974609375
B_trainable,630,0.2999335527420044,0.13125698268413544,0.35560858249664307,46.01317596435547,0,0.291266384335133,0.13188607228111168,336.66845703125,784.84326171875,316.16436767578125
B_trainable,631,0.26355186104774475,0.13182947039604187,0.35504618287086487,38.500431060791016,0,0.29098923910225916,0.13188550626226098,336.6684875488281,784.8434448242188,316.164306640625
B_trainable,632,0.2643313407897949,0.125116765499115,0.3572580814361572,38.79505157470703,0,0.29072266011913456,0.1318178188546295,336.66845703125,784.8440551757812,316.1643371582031
B_trainable,633,0.24827827513217926,0.12734654545783997,0.3558197021484375,33.031124114990234,0,0.290298216269265,0.13177310612066162,336.6683654785156,784.8453979492188,316.16461181640625
B_trainable,634,0.27114197611808777,0.11688938736915588,0.34737494587898254,38.28632354736328,0,0.29010665386775325,0.13162426893314658,336.668212890625,784.8468627929688,316.16497802734375
B_trainable,635,0.264935702085495,0.11797288060188293,0.35308969020843506,36.89154815673828,0,0.28985494434993064,0.13148775504983393,336.6680603027344,784.8482055664062,316.1654052734375
B_trainable,636,0.2668991684913635,0.1200004518032074,0.3462229073047638,32.14877700805664,0,0.28962538659134496,0.13137288201736766,336.66796875,784.849365234375,316.16571044921875
B_trainable,637,0.24365180730819702,0.11076904833316803,0.3402579426765442,29.102148056030273,0,0.2891656507985135,0.13116684368052567,336.6678771972656,784.8501586914062,316.1659240722656
B_trainable,638,0.2535576820373535,0.11177453398704529,0.3389623463153839,32.97786331176758,0,0.2888095711109019,0.13097292058359086,336.66778564453125,784.8509521484375,316.1661682128906
B_trainable,639,0.2490525245666504,0.11247934401035309,0.3313251733779907,36.307640075683594,0,0.28841200064545935,0.13078798481785847,336.6677551269531,784.8515014648438,316.1663513183594
B_trainable,640,0.2618127167224884,0.12311330437660217,0.33621999621391296,37.98115158081055,0,0.2881460078062296,0.1307112380134459,336.667724609375,784.851806640625,316.1663818359375
B_trainable,641,0.26243412494659424,0.11351782083511353,0.33833685517311096,28.575410842895508,0,0.28788888897763326,0.13053930384166257,336.6677551269531,784.8515625,316.1662292480469
B_trainable,642,0.2869337499141693,0.12178957462310791,0.34264272451400757,48.72246170043945,0,0.28787933758699863,0.13045180654947702,336.6678161621094,784.85107421875,316.166015625
B_trainable,643,0.3176009953022003,0.11459685862064362,0.33942627906799316,34.74172592163086,0,0.28817655416415067,0.13029325707018868,336.66790771484375,784.8502807617188,316.1656799316406
B_trainable,644,0.26576006412506104,0.11892768740653992,0.34819597005844116,32.05237579345703,0,0.28795238926375977,0.1301796013735522,336.66802978515625,784.8491821289062,316.165283203125
B_trainable,645,0.21884562075138092,0.11693945527076721,0.33879172801971436,34.158416748046875,0,0.28726132157863593,0.13004719991252434,336.6680908203125,784.8480834960938,316.1648864746094
B_trainable,646,0.2642676532268524,0.12097698450088501,0.34463489055633545,34.425411224365234,0,0.2870313848951181,0.12995649775840792,336.668212890625,784.8470458984375,316.1644287109375
B_trainable,647,0.2848724126815796,0.13113775849342346,0.3513733148574829,112.84200286865234,0,0.2870097951729827,0.1299683103657581,336.6683044433594,784.8462524414062,316.1640625
B_trainable,648,0.23962938785552979,0.11991572380065918,0.34337037801742554,45.274169921875,0,0.28653599109980815,0.1298677845001071,336.6683349609375,784.845947265625,316.16387939453125
B_trainable,649,0.27531954646110535,0.1276896595954895,0.35606566071510315,38.21676254272461,0,0.28642382665342114,0.12984600325106094,336.66839599609375,784.8452758789062,316.16351318359375
B_trainable,650,0.25043240189552307,0.12487319111824036,0.34472572803497314,34.15126419067383,0,0.28606391240584217,0.12979627512973274,336.6684265136719,784.8449096679688,316.16326904296875
B_trainable,651,0.3050324022769928,0.12049344182014465,0.33873337507247925,44.45265197753906,0,0.2862535973045537,0.12970324679663686,336.6684875488281,784.8438720703125,316.1628112792969
B_trainable,652,0.3670942485332489,0.12352386116981506,0.3441928029060364,42.94036102294922,0,0.28706200381684066,0.12964145294036866,336.66851806640625,784.8436279296875,316.1624450683594
B_trainable,653,0.23759333789348602,0.12154866755008698,0.34136056900024414,30.425539016723633,0,0.28656731715760714,0.12956052508646584,336.6685485839844,784.8433837890625,316.1620788574219
B_trainable,654,0.3095661401748657,0.11704620718955994,0.33158475160598755,48.12767791748047,0,0.2867973053877797,0.1294353819074968,336.6686096191406,784.8428344726562,316.1616516113281
B_trainable,655,0.2624438405036926,0.1164046972990036,0.3364819884300232,37.9515495300293,0,0.2865537707389388,0.12930507506141184,336.66864013671875,784.8421630859375,316.1611633300781
B_trainable,656,0.26677101850509644,0.10970903933048248,0.3299994468688965,39.66931915283203,0,0.28635594321660035,0.12910911470410255,336.668701171875,784.8414916992188,316.1607360839844
B_trainable,657,0.2718784213066101,0.12170793116092682,0.34450769424438477,38.01949691772461,0,0.28621116799750046,0.1290351028686708,336.6687316894531,784.8410034179688,316.1603088378906
B_trainable,658,0.26846301555633545,0.11461436748504639,0.3450588583946228,37.891319274902344,0,0.2860336864730888,0.12889089551483454,336.6687316894531,784.8412475585938,316.1601257324219
B_trainable,659,0.2894867956638336,0.12265405058860779,0.35299086570739746,43.68253707885742,0,0.28606821756499623,0.12882852706557227,336.668701171875,784.842041015625,316.16015625
B_trainable,660,0.2752344310283661,0.12934145331382751,0.3599189519882202,34.78716278076172,0,0.28595987969962994,0.12883365632805482,336.66864013671875,784.8433227539062,316.16021728515625
B_trainable,661,1.1044102907180786,0.1292056143283844,0.3566909432411194,589.702880859375,0,0.2941443838098144,0.1288373759080581,336.6685791015625,784.844482421875,316.1603088378906
B_trainable,662,0.29155832529067993,0.14370393753051758,0.36716073751449585,41.87674331665039,0,0.29411852322462306,0.1289860415242827,336.66845703125,784.8458251953125,316.1604919433594
B_trainable,663,0.271136075258255,0.13466477394104004,0.36029911041259766,32.09103775024414,0,0.2938886987449594,0.12904282884845028,336.6683654785156,784.8475952148438,316.1609191894531
B_trainable,664,0.2582099735736847,0.12383472919464111,0.35623806715011597,38.709022521972656,0,0.29353191149324664,0.1289907478519122,336.668212890625,784.8499145507812,316.1615295410156
B_trainable,665,0.24646003544330597,0.1232023686170578,0.3548920750617981,42.72333908081055,0,0.2930611927327473,0.12893286405956367,336.6680603027344,784.851318359375,316.16192626953125
B_trainable,666,0.2357741743326187,0.12329024076461792,0.35411882400512695,32.2596321105957,0,0.292488322548746,0.1288764378266142,336.66796875,784.8527221679688,316.1622619628906
B_trainable,667,0.23709437251091003,0.12413990497589111,0.3399811387062073,34.23066329956055,0,0.29193438304836766,0.128829072498107,336.6678771972656,784.8541259765625,316.1626281738281
B_trainable,668,0.2768334448337555,0.1270972192287445,0.34123462438583374,35.8306770324707,0,0.29178337366622153,0.12881175396541336,336.66778564453125,784.8548583984375,316.1627502441406
B_trainable,669,0.23245669901371002,0.11959299445152283,0.33740168809890747,37.88547134399414,0,0.29119010691969643,0.12871956637027446,336.667724609375,784.8555297851562,316.1628723144531
B_trainable,670,0.2778322100639343,0.11721083521842957,0.3338661193847656,34.650390625,0,0.2910565279511388,0.128604479058756,336.66766357421875,784.8554077148438,316.1628112792969
B_trainable,671,0.30095767974853516,0.12144854664802551,0.3429132103919983,36.26652526855469,0,0.29115553946911277,0.1285329197346487,336.66766357421875,784.8546752929688,316.16259765625
B_trainable,672,0.2786305248737335,0.12387305498123169,0.349712610244751,35.12343978881836,0,0.291030289323159,0.12848632108711452,336.6676940917969,784.8536987304688,316.1622314453125
B_trainable,673,0.23384076356887817,0.1286102831363678,0.35077211260795593,33.05828094482422,0,0.2904583940656162,0.12848756070760706,336.667724609375,784.8529052734375,316.1619873046875
B_trainable,674,0.2595779299736023,0.13560763001441956,0.3602384328842163,29.897384643554688,0,0.29014958942469604,0.12855876140067518,336.6677551269531,784.8519897460938,316.16168212890625
B_trainable,675,0.2638906240463257,0.12773612141609192,0.3515685200691223,32.03102111816406,0,0.2898869997709123,0.12855053500082933,336.6678161621094,784.8510131835938,316.1612243652344
B_trainable,676,0.2550983726978302,0.12382733821868896,0.34535476565361023,33.382240295410156,0,0.2895391135001815,0.12850330303300792,336.6678771972656,784.8501586914062,316.160888671875
B_trainable,677,0.2876361608505249,0.10765904188156128,0.33296558260917664,36.07233810424805,0,0.28952008397368495,0.12829486042149343,336.66796875,784.848876953125,316.160400390625
B_trainable,678,0.3258385956287384,0.13735434412956238,0.3460865914821625,36.682735443115234,0,0.28988326909023543,0.12838545525857412,336.6680603027344,784.8464965820312,316.1595458984375
B_trainable,679,0.28523877263069153,0.13888531923294067,0.34831899404525757,40.68137741088867,0,0.28983682412564,0.12849045389831776,336.6682434082031,784.84375,316.1585693359375
B_trainable,680,0.2533924877643585,0.14858227968215942,0.3515215814113617,28.602949142456055,0,0.2894723807620272,0.1286913721561562,336.6684265136719,784.8406372070312,316.1574401855469
B_trainable,681,0.260314017534256,0.15064013004302979,0.35953542590141296,38.99895477294922,0,0.2891807971297495,0.12891085973502495,336.6685791015625,784.83837890625,316.15655517578125
B_trainable,682,0.2819027304649353,0.13438796997070312,0.3551364541053772,49.19535827636719,0,0.2891080164631013,0.12896563083738172,336.668701171875,784.8369140625,316.1559143066406
B_trainable,683,0.23119448125362396,0.14238110184669495,0.3550111651420593,42.439666748046875,0,0.2885288811110065,0.12909978554747484,336.6687316894531,784.836669921875,316.1556396484375
B_trainable,684,0.2524237036705017,0.13369537889957428,0.35289037227630615,42.344017028808594,0,0.28816782933660146,0.1291457414809958,336.668701171875,784.8373413085938,316.1556701660156
B_trainable,685,0.27417632937431335,0.1183362603187561,0.3445218503475189,36.6911735534668,0,0.2880279143369786,0.1290376466693734,336.6686096191406,784.8384399414062,316.1558532714844
B_trainable,686,0.2519683539867401,0.11144202947616577,0.33221763372421265,33.54994583129883,0,0.28766731873347623,0.1288616904974413,336.66851806640625,784.8396606445312,316.1561279296875
B_trainable,687,0.2251790165901184,0.10606865584850311,0.3328772187232971,31.218761444091797,0,0.28704243571204263,0.12863376015095193,336.6683654785156,784.84130859375,316.1565856933594
B_trainable,688,0.26482465863227844,0.1160137951374054,0.34308695793151855,33.781978607177734,0,0.286820257941245,0.12850756050081646,336.668212890625,784.8428344726562,316.1570129394531
B_trainable,689,0.3290104866027832,0.11045809090137482,0.34691160917282104,36.8686408996582,0,0.28724216022786037,0.12832706580482203,336.6681213378906,784.84326171875,316.1570739746094
B_trainable,690,0.26644161343574524,0.10881003737449646,0.34015679359436035,52.23604202270508,0,0.2870341547599392,0.12813189552051876,336.6680603027344,784.843505859375,316.1570739746094
B_trainable,691,0.2699694335460663,0.1203109472990036,0.35026639699935913,98.71183776855469,0,0.2868635075478005,0.1280536860383036,336.66802978515625,784.8438720703125,316.1570739746094
B_trainable,692,0.2949049472808838,0.11997629702091217,0.3502153754234314,33.070072174072266,0,0.2869439219451313,0.1279729121481297,336.66796875,784.8444213867188,316.15716552734375
B_trainable,693,0.22323258221149445,0.1213391125202179,0.35151544213294983,37.59850311279297,0,0.28630680854779494,0.12790657415185058,336.6679382324219,784.8450927734375,316.1573181152344
B_trainable,694,0.2658722996711731,0.12173640727996826,0.3440389931201935,36.31640625,0,0.28610246345902873,0.12784487248313176,336.66790771484375,784.8455200195312,316.1573486328125
B_trainable,695,0.2719559669494629,0.12490886449813843,0.3394526541233063,39.44698715209961,0,0.285960998493933,0.12781551240328182,336.66790771484375,784.8458251953125,316.1573486328125
B_trainable,696,0.2631945013999939,0.12215583026409149,0.33815819025039673,30.407676696777344,0,0.2857333335229936,0.12775891558188993,336.6678771972656,784.845947265625,316.15728759765625
B_trainable,697,0.2835609018802643,0.11378252506256104,0.3420608341693878,40.23645782470703,0,0.28571160920656635,0.12761915167669663,336.6678771972656,784.845703125,316.1571350097656
B_trainable,698,0.2532539963722229,0.11641007661819458,0.33757075667381287,36.4302864074707,0,0.2853870330782229,0.1275070609261116,336.6678771972656,784.845458984375,316.156982421875
B_trainable,699,0.25561854243278503,0.12153472006320953,0.3396005630493164,34.319091796875,0,0.2850893481717685,0.12744733751748258,336.6679382324219,784.8447875976562,316.1566162109375
B_trainable,700,0.2598087787628174,0.11917999386787415,0.3440380394458771,38.659446716308594,0,0.284836542477679,0.12736466408098648,336.66796875,784.8443603515625,316.1562805175781
B_trainable,701,0.2392815500497818,0.12166222929954529,0.343168169260025,29.177900314331055,0,0.2843809925534,0.12730763973317208,336.6680908203125,784.84375,316.1558837890625
B_trainable,702,0.2568720579147339,0.11283783614635468,0.3416977822780609,34.86033630371094,0,0.28410590320701334,0.12716294169730388,336.66815185546875,784.8434448242188,316.15557861328125
B_trainable,703,0.2870635986328125,0.10701224207878113,0.33598095178604126,36.92979049682617,0,0.2841354801612713,0.12696143470111865,336.6682434082031,784.8427124023438,316.1551513671875
B_trainable,704,0.22662998735904694,0.11397138237953186,0.3455303907394409,33.063453674316406,0,0.28356042523324904,0.12683153417790277,336.6683654785156,784.8423461914062,316.1548156738281
B_trainable,705,0.2783457934856415,0.11649036407470703,0.3438795208930969,38.72248077392578,0,0.28350827891577296,0.1267281224768708,336.66845703125,784.8416748046875,316.1544189453125
B_trainable,706,0.2615402936935425,0.11192670464515686,0.3389133810997009,34.28372573852539,0,0.28328859906355064,0.12658010829855365,336.6685485839844,784.8410034179688,316.1539611816406
B_trainable,707,0.2483588606119156,0.11000347137451172,0.3376646041870117,33.315391540527344,0,0.28293930167903425,0.12641434192931322,336.6686706542969,784.8402099609375,316.1534729003906
B_trainable,708,0.27794620394706726,0.11408402025699615,0.3324742019176483,38.75020980834961,0,0.28288937070171455,0.12629103871259006,336.6687927246094,784.8388671875,316.15283203125
B_trainable,709,0.3444914221763611,0.12146598100662231,0.33585837483406067,40.85000228881836,0,0.283505391216461,0.1262427881355304,336.6689147949219,784.837890625,316.1522216796875
B_trainable,710,0.2382519394159317,0.13113515079021454,0.34946948289871216,31.51203155517578,0,0.28305285669845576,0.12629171176207724,336.6689453125,784.8378295898438,316.1519775390625
B_trainable,711,0.2487420290708542,0.12456223368644714,0.34744834899902344,37.37656784057617,0,0.2827097484221797,0.12627441698132094,336.6689453125,784.837890625,316.1518859863281
B_trainable,712,0.2590740919113159,0.1318940818309784,0.3539472818374634,39.8658561706543,0,0.2824733918570711,0.1263306136298175,336.6689147949219,784.8387451171875,316.1519775390625
B_trainable,713,0.26192015409469604,0.11886417865753174,0.34398603439331055,35.30846405029297,0,0.2822678594794474,0.12625594928009465,336.66888427734375,784.8394165039062,316.1520080566406
B_trainable,714,0.26631391048431396,0.12397480010986328,0.349142849445343,40.883140563964844,0,0.28210831998949604,0.12623313778839232,336.66888427734375,784.8402709960938,316.152099609375
B_trainable,715,0.2758708596229553,0.1330711841583252,0.3606969118118286,41.869293212890625,0,0.28204594538583067,0.12630151825209165,336.66888427734375,784.8408813476562,316.1521911621094
B_trainable,716,0.6588062644004822,0.2467084676027298,0.36204713582992554,135.30128479003906,0,0.2858135485759772,0.12750558774559803,336.6689758300781,784.8411254882812,316.1520080566406
B_trainable,717,0.2554657459259033,0.23060950636863708,0.35332852602005005,36.80350112915039,0,0.28551007054947647,0.1285366269318284,336.66900634765625,784.8414916992188,316.1519470214844
B_trainable,718,0.21683841943740845,0.22724878787994385,0.35181963443756104,27.52437973022461,0,0.2848233540383558,0.12952374854130957,336.6690673828125,784.8416137695312,316.15185546875
B_trainable,719,0.2750803232192993,0.23605963587760925,0.34357988834381104,40.099246978759766,0,0.28472592373016525,0.13058910741467256,336.66912841796875,784.841796875,316.1517639160156
B_trainable,720,0.26187771558761597,0.11957675218582153,0.3345900774002075,36.862911224365234,0,0.28449744164873975,0.13047898386238405,336.669189453125,784.841796875,316.1516418457031
B_trainable,721,0.2514598071575165,0.12805770337581635,0.3378779888153076,50.69937515258789,0,0.2841670653038275,0.13045477105751838,336.6692810058594,784.841796875,316.1514892578125
B_trainable,722,0.30417120456695557,0.13146547973155975,0.34533315896987915,43.221168518066406,0,0.2843671066964588,0.1304648781442588,336.66937255859375,784.841552734375,316.1512756347656
B_trainable,723,0.29510384798049927,0.1323552131652832,0.3475313186645508,39.3289909362793,0,0.2844744741092992,0.13048378149446904,336.6694030761719,784.8411254882812,316.1510009765625
B_trainable,724,0.29531988501548767,0.14279109239578247,0.33809077739715576,42.144771575927734,0,0.2845829282183611,0.13060685460348218,336.6695251464844,784.84033203125,316.1506652832031
B_trainable,725,0.26906532049179077,0.14006438851356506,0.34353822469711304,41.19651412963867,0,0.2844277521410954,0.130701429942583,336.6695556640625,784.8397216796875,316.1503601074219
B_trainable,726,0.2877013385295868,0.13292182981967926,0.3406570553779602,45.996803283691406,0,0.2844604880049803,0.13072363394135394,336.6696472167969,784.8387451171875,316.1499938964844
B_trainable,727,0.2285027652978897,0.13839969038963318,0.3400181233882904,29.63751792907715,0,0.2839009107779094,0.13080039450583675,336.66973876953125,784.8377685546875,316.1496276855469
B_trainable,728,0.2453453689813614,0.12699532508850098,0.34440964460372925,42.15758514404297,0,0.2835153553599439,0.13076234381166338,336.66986083984375,784.8367919921875,316.1492919921875
B_trainable,729,0.26638710498809814,0.11378107964992523,0.3390105366706848,34.34439468383789,0,0.2833440728562254,0.130592531170046,336.6699523925781,784.8359375,316.1489562988281
B_trainable,730,0.23288856446743011,0.1088058352470398,0.3319143056869507,29.19023323059082,0,0.2828395177723375,0.13037466421081592,336.6700744628906,784.8348999023438,316.1485900878906
B_trainable,731,0.27065420150756836,0.11296598613262177,0.335662305355072,33.91290283203125,0,0.28271766460968983,0.13020057743003396,336.67010498046875,784.8343505859375,316.1483154296875
B_trainable,732,0.26505228877067566,0.11461904644966125,0.3386157155036926,32.97842025756836,0,0.2825410108512997,0.13004476212023022,336.6701354980469,784.8343505859375,316.1481628417969
B_trainable,733,0.3598596453666687,0.11340907216072083,0.33285075426101685,44.937278747558594,0,0.28331419719645334,0.12987840522063512,336.6701965332031,784.8335571289062,316.1477966308594
B_trainable,734,0.2828255593776703,0.11501136422157288,0.33317041397094727,35.302310943603516,0,0.2833093108182655,0.1297297348106445,336.6702575683594,784.8328857421875,316.1474304199219
B_trainable,735,0.2506065368652344,0.11438411474227905,0.33413755893707275,36.199825286865234,0,0.2829822830787352,0.12957627860996088,336.67034912109375,784.83203125,316.1470947265625
B_trainable,736,0.21043150126934052,0.11579754948616028,0.33505892753601074,29.291419982910156,0,0.28225677526064125,0.12943849131872287,336.67034912109375,784.8320922851562,316.1470031738281
B_trainable,737,0.25608065724372864,0.10873812437057495,0.33821481466293335,27.07002067565918,0,0.2819950140804721,0.1292314876492414,336.6703796386719,784.8326416015625,316.1470947265625
B_trainable,738,0.819983959197998,0.11185488104820251,0.33555400371551514,91.61675262451172,0,0.2873749035316474,0.12905772158323098,336.67034912109375,784.83349609375,316.147216796875
B_trainable,739,0.24770233035087585,0.11705361306667328,0.337208092212677,45.26966094970703,0,0.2869781777998397,0.1289376804980654,336.6702575683594,784.8348388671875,316.1475524902344
B_trainable,740,0.26464417576789856,0.11951740086078644,0.34079432487487793,28.254535675048828,0,0.28675483777952027,0.1288434777016926,336.670166015625,784.8363647460938,316.1479797363281
B_trainable,741,0.27629828453063965,0.11861184239387512,0.34226536750793457,32.417354583740234,0,0.2866502722470315,0.12874116134861444,336.6700439453125,784.83837890625,316.1485290527344
B_trainable,742,0.24736005067825317,0.11104507744312286,0.33897650241851807,30.697978973388672,0,0.2862573700313437,0.12856420050955952,336.6699523925781,784.8400268554688,316.1489562988281
B_trainable,743,0.27860692143440247,0.10861155390739441,0.33936166763305664,44.865901947021484,0,0.2861808655453743,0.12836467404353788,336.66986083984375,784.8416748046875,316.14935302734375
B_trainable,744,0.2730674743652344,0.11291329562664032,0.33861738443374634,34.055259704589844,0,0.2860497316335729,0.1282101602593689,336.6697692871094,784.8430786132812,316.1496887207031
B_trainable,745,0.23305870592594147,0.11245174705982208,0.33558306097984314,44.60649871826172,0,0.28551982137649656,0.12805257612737345,336.6696472167969,784.8449096679688,316.150146484375
B_trainable,746,0.2610863447189331,0.11839485168457031,0.3364138603210449,39.38766860961914,0,0.2852754866099209,0.1279559988829454,336.6695251464844,784.8465576171875,316.1505432128906
B_trainable,747,0.27333012223243713,0.12254847586154938,0.33912554383277893,40.14100646972656,0,0.28515603296614606,0.12790192365273145,336.6693420410156,784.8484497070312,316.1510925292969
B_trainable,748,0.26574841141700745,0.12831518054008484,0.3414188623428345,41.15049743652344,0,0.28496195675065467,0.12790605622160497,336.6691589355469,784.8502807617188,316.15167236328125
B_trainable,749,0.23283225297927856,0.12400394678115845,0.34565943479537964,37.84791946411133,0,0.28444065971294086,0.12786703512720052,336.6689758300781,784.8526000976562,316.15234375
B_trainable,750,0.24791191518306732,0.12616297602653503,0.35062626004219055,41.77883529663086,0,0.2840753722676421,0.12784999453619386,336.6687927246094,784.85498046875,316.1530456542969
B_trainable,751,0.2684774100780487,0.1333434283733368,0.34776008129119873,37.98601531982422,0,0.28391939264574617,0.12790492887456528,336.6686096191406,784.8577270507812,316.15386962890625
B_trainable,752,0.5978918671607971,0.2042405754327774,0.33690184354782104,35.59050369262695,0,0.2870591173908967,0.1286682853401474,336.66845703125,784.8602294921875,316.154541015625
B_trainable,753,0.3467661142349243,0.19138367474079132,0.33351242542266846,41.57183074951172,0,0.28765618735933696,0.12929543923415385,336.6683349609375,784.8619995117188,316.1549377441406
B_trainable,754,0.7403364777565002,0.22549647092819214,0.3260613679885864,184.46287536621094,0,0.2921829902633086,0.13025744955109422,336.668212890625,784.8637084960938,316.1553039550781
B_trainable,755,0.3100433349609375,0.208586186170578,0.32395029067993164,38.017234802246094,0,0.29236159371028486,0.13104073691728907,336.66815185546875,784.8641357421875,316.1553039550781
B_trainable,756,0.2498680055141449,0.1357487440109253,0.33328813314437866,30.759601593017578,0,0.29193665782832345,0.13108781698822541,336.66815185546875,784.8638916015625,316.155029296875
B_trainable,757,0.3194546699523926,0.14040347933769226,0.33341366052627563,66.6009521484375,0,0.2922118379495641,0.13118097361172007,336.6681823730469,784.8632202148438,316.1546325683594
B_trainable,758,0.29823267459869385,0.12405288219451904,0.3430668115615845,37.59197998046875,0,0.2922720463160554,0.13110969269754807,336.6682434082031,784.8621826171875,316.1541748046875
B_trainable,759,0.32277658581733704,0.12107616662979126,0.3507603406906128,52.82380294799805,0,0.2925770917110682,0.1310093574368705,336.6683349609375,784.8606567382812,316.1535949707031
B_trainable,760,0.2674535810947418,0.1157921552658081,0.34209489822387695,43.85010528564453,0,0.29232585660490495,0.1308571854151599,336.6684265136719,784.8587646484375,316.1529235839844
B_trainable,761,0.2700514495372772,0.11891305446624756,0.3416244387626648,44.388851165771484,0,0.2921031125342287,0.13073774410567077,336.6685791015625,784.8563842773438,316.1521301269531
B_trainable,762,0.29358071088790894,0.1227826178073883,0.3455773591995239,43.53622817993164,0,0.2921178885177655,0.13065819284268793,336.66876220703125,784.8536987304688,316.15130615234375
B_trainable,763,0.23949548602104187,0.11582991480827332,0.33614253997802734,40.54255294799805,0,0.2915916644927982,0.13050991006234378,336.6689453125,784.851318359375,316.15057373046875
B_trainable,764,0.2923683524131775,0.1168833076953888,0.3387601375579834,39.60041046142578,0,0.291599431372002,0.13037364403867424,336.6690673828125,784.8491821289062,316.1499328613281
B_trainable,765,0.25182920694351196,0.10785435140132904,0.3325400948524475,33.011131286621094,0,0.2912017291277171,0.13014845111230078,336.6691589355469,784.8475341796875,316.1494140625
B_trainable,766,0.221422016620636,0.11115238070487976,0.33636388182640076,30.985464096069336,0,0.2905039320026463,0.12995849040822657,336.6692199707031,784.8465576171875,316.14910888671875
B_trainable,767,0.2762885093688965,0.12251102924346924,0.34126853942871094,37.063472747802734,0,0.2903617777763088,0.129884015796579,336.6692199707031,784.8460693359375,316.1489562988281
B_trainable,768,0.2305280566215515,0.11641556024551392,0.3335147500038147,33.43522644042969,0,0.2897634405647612,0.12974933124106833,336.6691589355469,784.8463134765625,316.1490173339844
B_trainable,769,0.2556600868701935,0.11131301522254944,0.33567699790000916,42.527008056640625,0,0.2894224070278155,0.12956496808088314,336.6690979003906,784.8467407226562,316.14910888671875
B_trainable,770,0.46530959010124207,0.1330542266368866,0.3365810513496399,44.176612854003906,0,0.2911812788585498,0.12959986066644316,336.66900634765625,784.8472290039062,316.1491394042969
B_trainable,771,0.3312279284000397,0.15812140703201294,0.3360000252723694,37.299530029296875,0,0.2915817453539647,0.12988507613009886,336.66888427734375,784.8479614257812,316.1492004394531
B_trainable,772,0.2686508893966675,0.17036953568458557,0.3434255123138428,43.22659683227539,0,0.2913524367943917,0.13028992072564374,336.66876220703125,784.8490600585938,316.14935302734375
B_trainable,773,0.27912256121635437,0.14874990284442902,0.34035226702690125,32.84157943725586,0,0.29123013803861136,0.1304745205468316,336.66864013671875,784.8499145507812,316.14947509765625
B_trainable,774,0.2949945330619812,0.13722604513168335,0.3425394892692566,39.72772216796875,0,0.29126778198884506,0.13054203579268012,336.6685485839844,784.850830078125,316.1495666503906
B_trainable,775,0.26517346501350403,0.1349475085735321,0.34988462924957275,31.63911247253418,0,0.2910068388190916,0.13058609052048864,336.6684875488281,784.8516845703125,316.14959716796875
B_trainable,776,0.30309727787971497,0.13588064908981323,0.3440329134464264,49.07533264160156,0,0.29112774320969786,0.1306390361061819,336.66845703125,784.8521118164062,316.1495056152344
B_trainable,777,0.2658825218677521,0.13491356372833252,0.343779981136322,36.85533142089844,0,0.2908752909962784,0.13068178138240344,336.66839599609375,784.8530883789062,316.1495666503906
B_trainable,778,0.31285640597343445,0.13445860147476196,0.34721025824546814,37.45510482788086,0,0.29109510214604994,0.13071954958332704,336.6683654785156,784.8536376953125,316.1495361328125
B_trainable,779,0.27127572894096375,0.1654604971408844,0.3366292715072632,53.44972229003906,0,0.29089690841399907,0.13106695905890262,336.66839599609375,784.853515625,316.1494140625
B_trainable,780,0.2658623456954956,0.15368656814098358,0.3386881351470947,38.52879333496094,0,0.290646562786814,0.13129315514972342,336.6684265136719,784.8534545898438,316.1492614746094
B_trainable,781,0.2992226481437683,0.15616276860237122,0.3381901979446411,42.42244338989258,0,0.2907323236403836,0.13154185128424992,336.66845703125,784.8533325195312,316.1490783691406
B_trainable,782,0.2443898767232895,0.1549040675163269,0.34539949893951416,31.256303787231445,0,0.2902688991712126,0.13177547344657067,336.66845703125,784.8534545898438,316.1489562988281
B_trainable,783,0.2796957194805145,0.1417146623134613,0.35962629318237305,41.209476470947266,0,0.29016316737430564,0.13187486533523957,336.66845703125,784.8533325195312,316.1488037109375
B_trainable,784,0.2449849396944046,0.13197389245033264,0.3530024290084839,35.97172164916992,0,0.2897113850975066,0.13187585560639048,336.66845703125,784.8540649414062,316.14892578125
B_trainable,785,0.2644474506378174,0.12075823545455933,0.3481118679046631,39.13351058959961,0,0.2894587457529097,0.1317646794048722,336.6684265136719,784.8546752929688,316.1490173339844
B_trainable,786,0.27191224694252014,0.11326545476913452,0.3439437747001648,31.457855224609375,0,0.2892832807648058,0.1315796871585148,336.6684265136719,784.85546875,316.1491394042969
B_trainable,787,0.2717589735984802,0.11435556411743164,0.341103732585907,39.42647933959961,0,0.28910803769314253,0.131407445928104,336.66845703125,784.8562622070312,316.1492614746094
B_trainable,788,0.27201882004737854,0.11812284588813782,0.34468021988868713,33.00275802612305,0,0.28893714551668487,0.13127459992770435,336.66845703125,784.8572998046875,316.14947509765625
B_trainable,789,0.2925134301185608,0.12589015066623688,0.35252246260643005,57.56675338745117,0,0.2889729083627036,0.13122075543508965,336.66851806640625,784.8580322265625,316.14959716796875
B_trainable,790,0.28695863485336304,0.11711922287940979,0.3475459814071655,30.972679138183594,0,0.2889527656276102,0.13107974010953286,336.6685791015625,784.8584594726562,316.149658203125
B_trainable,791,0.26467984914779663,0.11968407034873962,0.35115110874176025,37.811004638671875,0,0.28871003646281207,0.1309657834119249,336.66864013671875,784.858642578125,316.1496276855469
B_trainable,792,0.5065374374389648,0.1429428607225418,0.3472534418106079,44.84749984741211,0,0.2908883104725736,0.1310855541850311,336.6686706542969,784.8594360351562,316.1496276855469
B_trainable,793,0.2599707543849945,0.15156784653663635,0.3487432897090912,35.47307586669922,0,0.2905791349116978,0.13129037710854716,336.6686706542969,784.8602294921875,316.1496887207031
B_trainable,794,0.29355791211128235,0.1415862739086151,0.35055607557296753,32.24184799194336,0,0.2906089226836936,0.13139333607654782,336.6687316894531,784.8601684570312,316.14947509765625
B_trainable,795,0.30738192796707153,0.15447090566158295,0.3481595516204834,43.7099609375,0,0.29077665273652736,0.13162411177239816,336.6687316894531,784.8600463867188,316.14923095703125
B_trainable,796,0.2888467013835907,0.11231863498687744,0.3428502380847931,34.41094970703125,0,0.29075735322299795,0.13143105700454294,336.6687927246094,784.8595581054688,316.1488952636719
B_trainable,797,0.24097417294979095,0.11457137763500214,0.3434997797012329,38.89207077026367,0,0.2902595214202659,0.13126246021084753,336.6688232421875,784.8590087890625,316.1485900878906
B_trainable,798,0.2690713405609131,0.12026567757129669,0.331053763628006,34.51948928833008,0,0.29004763961167235,0.131152492384452,336.6689147949219,784.8582153320312,316.148193359375
B_trainable,799,0.23976479470729828,0.12018997967243195,0.3359256386756897,31.431909561157227,0,0.2895448111626286,0.13104286725733183,336.6689453125,784.8574829101562,316.14776611328125
B_trainable,800,0.25203102827072144,0.12394154071807861,0.3374413847923279,31.269691467285156,0,0.2891696733337095,0.13097185399193928,336.66900634765625,784.8566284179688,316.1473388671875
B_trainable,801,0.2714613080024719,0.12011779844760895,0.33857226371765137,35.113433837890625,0,0.28899258968039715,0.13086331343649596,336.6690673828125,784.8553466796875,316.146728515625
B_trainable,802,0.24367769062519073,0.11592632532119751,0.34162890911102295,31.150224685668945,0,0.28853944068984505,0.13071394355534297,336.6690979003906,784.8545532226562,316.1463317871094
B_trainable,803,0.24607248604297638,0.12092570960521698,0.34198418259620667,38.90887451171875,0,0.28811477114337636,0.13061606121584168,336.66912841796875,784.8536376953125,316.1459655761719
B_trainable,804,0.28322622179985046,0.1243409812450409,0.3434350788593292,37.87275695800781,0,0.28806588564994107,0.1305533104161337,336.66912841796875,784.853515625,316.1457824707031
B_trainable,805,0.23393496870994568,0.1243099719285965,0.3421345055103302,30.651777267456055,0,0.28752457648054114,0.1304908770312583,336.6690979003906,784.8536987304688,316.145751953125
B_trainable,806,0.21608254313468933,0.12363679707050323,0.34276652336120605,29.077171325683594,0,0.2868101561470826,0.13042233623165075,336.6690368652344,784.8544921875,316.1458435058594
B_trainable,807,0.26453688740730286,0.11349937319755554,0.34268060326576233,35.654727935791016,0,0.2865874234596848,0.13025310660130981,336.6689758300781,784.8554077148438,316.1459655761719
B_trainable,808,0.24672171473503113,0.13923341035842896,0.3366696834564209,61.37242126464844,0,0.2861887663724383,0.130342909638881,336.6690673828125,784.8553466796875,316.1459045410156
B_trainable,809,0.2552187740802765,0.13572581112384796,0.33851557970046997,36.228675842285156,0,0.2858790664495167,0.1303967386537307,336.669189453125,784.8553466796875,316.14581298828125
B_trainable,810,0.27886977791786194,0.13982227444648743,0.33101898431777954,37.167545318603516,0,0.28580897356420015,0.13049099401165826,336.66925048828125,784.8558959960938,316.14581298828125
B_trainable,811,0.25472429394721985,0.13452762365341187,0.33179032802581787,47.38295364379883,0,0.2854981267680303,0.1305313603080758,336.6693420410156,784.8557739257812,316.14569091796875
B_trainable,812,0.24603530764579773,0.10488079488277435,0.3327781558036804,36.81486511230469,0,0.285103498576808,0.1302748546538228,336.66943359375,784.8553466796875,316.14544677734375
B_trainable,813,0.3790516257286072,0.1309993714094162,0.3380934000015259,64.79680633544922,0,0.28604297984832594,0.13028209982137873,336.6693115234375,784.8545532226562,316.14508056640625
B_trainable,814,0.4090449810028076,0.24061155319213867,0.3368988633155823,79.99546813964844,0,0.28727299985987076,0.1313853943550863,336.66925048828125,784.8533325195312,316.14447021484375
B_trainable,815,0.25941017270088196,0.24861714243888855,0.35158470273017883,36.33358383178711,0,0.28699437158828084,0.13255771183592435,336.6692199707031,784.8522338867188,316.1438903808594
B_trainable,816,0.22182084619998932,0.2297510802745819,0.34654301404953003,39.11222457885742,0,0.28634263633439794,0.13352964552031094,336.66912841796875,784.8521118164062,316.1437072753906
B_trainable,817,0.28677234053611755,0.20587146282196045,0.34792426228523254,40.824180603027344,0,0.28634693337641515,0.13425306369332743,336.66900634765625,784.85205078125,316.1435852050781
B_trainable,818,0.2548200190067291,0.12047460675239563,0.34402185678482056,32.565399169921875,0,0.2860316642327183,0.13411527912391813,336.6688232421875,784.8523559570312,316.1437072753906
B_trainable,819,0.28946855664253235,0.12294739484786987,0.34802478551864624,40.09877014160156,0,0.28606603315681645,0.13400360028115765,336.668701171875,784.8529052734375,316.1438903808594
B_trainable,820,0.23952731490135193,0.1367723047733307,0.3551812767982483,42.31324768066406,0,0.28560064597426177,0.13403128732607938,336.6685485839844,784.8538818359375,316.1441345214844
B_trainable,821,0.27452436089515686,0.13172906637191772,0.3454657793045044,40.846214294433594,0,0.28548988312347073,0.13400826511653777,336.6683654785156,784.8553466796875,316.14453125
B_trainable,822,0.27681371569633484,0.12575358152389526,0.34389451146125793,40.27070617675781,0,0.2854031214491994,0.13392571828061134,336.668212890625,784.8564453125,316.1448669433594
B_trainable,823,0.2806181311607361,0.11731505393981934,0.3379032611846924,37.576866149902344,0,0.28535527154631474,0.13375961163720343,336.6681213378906,784.8571166992188,316.1449890136719
B_trainable,824,0.2919718325138092,0.10884469747543335,0.33417266607284546,43.001216888427734,0,0.28542143715598967,0.1335104624955857,336.66802978515625,784.8578491210938,316.1451416015625
B_trainable,825,0.3720255494117737,0.1267610490322113,0.3414164185523987,74.90287017822266,0,0.2862874782785475,0.13344296836095196,336.6679382324219,784.858642578125,316.14520263671875
B_trainable,826,0.30971288681030273,0.12510138750076294,0.34240633249282837,49.34664535522461,0,0.2865217323638651,0.13335955255235005,336.66790771484375,784.8590087890625,316.1451416015625
B_trainable,827,0.2917133569717407,0.12419494986534119,0.34079569578170776,38.443763732910156,0,0.28657364860994383,0.13326790652547996,336.66790771484375,784.8590087890625,316.1449279785156
B_trainable,828,0.26115697622299194,0.128233402967453,0.3419451117515564,42.87274932861328,0,0.2863194818860743,0.1332175614898997,336.66796875,784.8587646484375,316.1446838378906
B_trainable,829,0.251569539308548,0.11264252662658691,0.342636376619339,32.10085678100586,0,0.28597198246029903,0.13301181114126653,336.6680603027344,784.8585205078125,316.1444091796875
B_trainable,830,0.26946818828582764,0.11815570294857025,0.3487464189529419,34.737186431884766,0,0.2858069445185543,0.13286325005933955,336.66815185546875,784.8574829101562,316.1439208984375
B_trainable,831,0.26658758521080017,0.12273843586444855,0.34175944328308105,35.93216323852539,0,0.2856147509254768,0.13276200191739063,336.66827392578125,784.8567504882812,316.1435241699219
B_trainable,832,0.2606702148914337,0.12235903739929199,0.3422267436981201,33.11330795288086,0,0.28536530556513634,0.13265797227220963,336.6683654785156,784.8562622070312,316.1431884765625
B_trainable,833,0.24867011606693268,0.11711886525154114,0.33499813079833984,40.45558166503906,0,0.2849983536701543,0.13250258120200295,336.66845703125,784.8557739257812,316.1429748535156
B_trainable,834,0.2708910405635834,0.10877382755279541,0.3324655294418335,41.14228057861328,0,0.28485728053908854,0.13226529366551087,336.6685485839844,784.8555297851562,316.14276123046875
B_trainable,835,0.2770806849002838,0.11420115828514099,0.3328262269496918,35.14976501464844,0,0.28477951458270045,0.13208465231170716,336.66864013671875,784.85498046875,316.14251708984375
B_trainable,836,0.23966732621192932,0.1177278608083725,0.33122819662094116,42.35909652709961,0,0.28432839269899274,0.13194108439667382,336.668701171875,784.8551635742188,316.1423645019531
B_trainable,837,0.2716832458972931,0.11961869895458221,0.3340040147304535,34.133934020996094,0,0.28420194123097575,0.1318178605422529,336.6687316894531,784.8548583984375,316.1421813964844
B_trainable,838,0.28893163800239563,0.12393653392791748,0.3405638337135315,42.45303726196289,0,0.2842492381986899,0.13173904727610955,336.66876220703125,784.8546142578125,316.1419982910156
B_trainable,839,0.26875248551368713,0.1167043000459671,0.34297269582748413,41.12734603881836,0,0.28409427067183984,0.1315886998038081,336.6687927246094,784.8539428710938,316.1416931152344
B_trainable,840,0.27693602442741394,0.11893457174301147,0.34373775124549866,47.808170318603516,0,0.2840226882093956,0.13146215852320015,336.6687927246094,784.8536376953125,316.1414794921875
B_trainable,841,0.2495778352022171,0.12668687105178833,0.3458276391029358,33.17125701904297,0,0.2836782396793238,0.13141440564848603,336.66876220703125,784.8543090820312,316.1415710449219
B_trainable,842,0.26145121455192566,0.11367903649806976,0.33757734298706055,27.337045669555664,0,0.28345596942804985,0.13123705195698188,336.6687316894531,784.854736328125,316.1415710449219
B_trainable,843,0.283697247505188,0.11600732803344727,0.3406844735145569,32.924320220947266,0,0.28345838220882125,0.13108475471774653,336.668701171875,784.8553466796875,316.1416015625
B_trainable,844,0.23669736087322235,0.11298114061355591,0.33732521533966064,34.76837158203125,0,0.28299077199546524,0.1309037185767046,336.66864013671875,784.8562622070312,316.1417236328125
B_trainable,845,0.23408153653144836,0.12047550082206726,0.33946672081947327,35.765594482421875,0,0.28250167964082507,0.13079943639915823,336.6685791015625,784.857421875,316.14190673828125
B_trainable,846,0.26889568567276,0.1198405921459198,0.34390243887901306,32.74839401245117,0,0.28236561970114443,0.13068984795662583,336.66845703125,784.8587646484375,316.1422119140625
B_trainable,847,0.2644590735435486,0.12137173116207123,0.3345296084880829,32.113548278808594,0,0.28218655423956845,0.1305966667886803,336.6683654785156,784.8604125976562,316.1426086425781
B_trainable,848,0.2764928340911865,0.11532425880432129,0.33812516927719116,36.16474533081055,0,0.28212961703808465,0.13044394270883672,336.6682434082031,784.8618774414062,316.1430358886719
B_trainable,849,0.2979046106338501,0.1244853138923645,0.33922863006591797,40.92755889892578,0,0.2822873669740423,0.130384356420672,336.66815185546875,784.8633422851562,316.14349365234375
B_trainable,850,0.24983912706375122,0.12590423226356506,0.34262916445732117,34.200130462646484,0,0.28196288457493934,0.13033955517910095,336.6680603027344,784.864990234375,316.1438293457031
B_trainable,851,0.2503141760826111,0.1202671080827713,0.34330135583877563,37.49596405029297,0,0.2816463974900161,0.13023883070813766,336.66796875,784.8666381835938,316.1442565917969
B_trainable,852,0.2473764568567276,0.11902463436126709,0.3353080749511719,32.3187141418457,0,0.2813036980836832,0.13012668874466896,336.66790771484375,784.8671875,316.1442565917969
B_trainable,853,0.269679993391037,0.11165094375610352,0.3371840715408325,36.1613883972168,0,0.28118746103675674,0.1299419312947833,336.66790771484375,784.867431640625,316.1441650390625
B_trainable,854,0.29415780305862427,0.10716968774795532,0.3397166132926941,44.43161392211914,0,0.2813171644569754,0.129714208859315,336.6678771972656,784.866943359375,316.1438293457031
B_trainable,855,0.27068638801574707,0.10811975598335266,0.3335403800010681,35.78334045410156,0,0.2812108566925631,0.12949826433055536,336.66790771484375,784.865966796875,316.14337158203125
B_trainable,856,0.24049672484397888,0.11102303862571716,0.34221240878105164,34.003334045410156,0,0.2808037153740773,0.129313512073507,336.6679382324219,784.8651733398438,316.14306640625
B_trainable,857,0.2636852264404297,0.10132510960102081,0.3426646590232849,34.71630859375,0,0.2806325304847408,0.12903362804878216,336.66796875,784.864501953125,316.1428527832031
B_trainable,858,0.24080805480480194,0.11373397707939148,0.34447407722473145,38.85066223144531,0,0.2802342857279414,0.12888063153908824,336.66796875,784.8641357421875,316.14276123046875
B_trainable,859,0.2388480007648468,0.11810460686683655,0.3472088575363159,30.83563804626465,0,0.27982042287831044,0.12877287129236573,336.66796875,784.8640747070312,316.1426696777344
B_trainable,860,0.26155462861061096,0.1127873957157135,0.34188565611839294,34.94122314453125,0,0.2796377649356334,0.1286130165365992,336.66802978515625,784.8637084960938,316.1424560546875
B_trainable,861,0.25988203287124634,0.10826480388641357,0.33233267068862915,32.51590347290039,0,0.2794402076149895,0.12840953441009734,336.6680603027344,784.86328125,316.1421813964844
B_trainable,862,0.28552237153053284,0.11670383810997009,0.3370983600616455,35.974361419677734,0,0.27950102925414494,0.12829247744709604,336.6681213378906,784.862548828125,316.14178466796875
B_trainable,863,0.23489511013031006,0.1266842484474182,0.3446153998374939,28.04296875,0,0.2790549700629066,0.12827639515709927,336.66815185546875,784.8615112304688,316.1412353515625
B_trainable,864,0.2523011565208435,0.1155322939157486,0.3423505425453186,45.8106575012207,0,0.27878743192748595,0.12814895414468577,336.6681823730469,784.8606567382812,316.1408386230469
B_trainable,865,0.23934616148471832,0.12115716934204102,0.34113234281539917,31.17005729675293,0,0.27839301922305826,0.12807903629665932,336.668212890625,784.8599243164062,316.14044189453125
B_trainable,866,0.24374346435070038,0.11895522475242615,0.33604562282562256,26.767501831054688,0,0.27804652367433463,0.12798779818121697,336.6681823730469,784.8594360351562,316.14019775390625
B_trainable,867,0.28792619705200195,0.11666496098041534,0.3363415002822876,37.31507110595703,0,0.2781453204081113,0.12787456980920894,336.6681823730469,784.858642578125,316.13983154296875
B_trainable,868,0.3212200701236725,0.1262177973985672,0.3339340388774872,67.67149353027344,0,0.2785760679052669,0.12785800208510253,336.66815185546875,784.8580322265625,316.1395568847656
B_trainable,869,0.28006798028945923,0.1262243092060089,0.33354583382606506,38.48388671875,0,0.27859098702910884,0.1278416651563116,336.6681823730469,784.8572998046875,316.1392517089844
B_trainable,870,0.24591757357120514,0.13200736045837402,0.34419411420822144,33.21771240234375,0,0.2782642528945298,0.12788332210933223,336.6681213378906,784.8572998046875,316.1391906738281
B_trainable,871,0.2403261810541153,0.1311832070350647,0.3465144634246826,36.974884033203125,0,0.2778848721761257,0.12791632095858957,336.66802978515625,784.8576049804688,316.13922119140625
B_trainable,872,0.36133962869644165,0.12790507078170776,0.35272863507270813,38.33475875854492,0,0.27871941974132886,0.12791620845682075,336.6678771972656,784.858642578125,316.1394348144531
B_trainable,873,0.24731595814228058,0.1288783848285675,0.3446527123451233,33.98774719238281,0,0.27840538512533836,0.12792583022053822,336.6677551269531,784.8593139648438,316.1395568847656
B_trainable,874,0.27947890758514404,0.12644660472869873,0.3516487777233124,40.9024658203125,0,0.2784161203499364,0.12791103796561984,336.66766357421875,784.8598022460938,316.1396179199219
B_trainable,875,0.2401246279478073,0.12988415360450745,0.3520892858505249,32.81962585449219,0,0.2780332054259151,0.1279307691220087,336.6675720214844,784.8604736328125,316.1397399902344
B_trainable,876,0.21974141895771027,0.11965364217758179,0.34725916385650635,26.385494232177734,0,0.277450287561233,0.12784799785256443,336.66748046875,784.8616333007812,316.1399841308594
B_trainable,877,0.3178679645061493,0.13552063703536987,0.35172533988952637,41.72018814086914,0,0.27785446433068217,0.12792472424439247,336.6673889160156,784.8626708984375,316.1401672363281
B_trainable,878,0.2286837249994278,0.13864263892173767,0.3403260111808777,30.56438636779785,0,0.2773627569373696,0.1280319033911659,336.6672668457031,784.863525390625,316.14031982421875
B_trainable,879,0.25573933124542236,0.13700300455093384,0.34516704082489014,28.213029861450195,0,0.27714652268045015,0.1281216144027636,336.6672058105469,784.8640747070312,316.140380859375
B_trainable,880,0.2636711597442627,0.1265379786491394,0.3332046866416931,40.67121887207031,0,0.27701176905108826,0.12810577804522735,336.6671142578125,784.864501953125,316.140380859375
B_trainable,881,0.2808484435081482,0.11249393224716187,0.334860622882843,33.81903076171875,0,0.27705013579565885,0.1279496595872467,336.66717529296875,784.8638916015625,316.1400146484375
B_trainable,882,0.2940655052661896,0.11726817488670349,0.34073466062545776,34.33617401123047,0,0.27722028949036415,0.12784284474024124,336.6673278808594,784.8626708984375,316.1394348144531
B_trainable,883,0.23552905023097992,0.10978975892066956,0.33016300201416016,34.21746063232422,0,0.2768033770977703,0.12766231388204552,336.66748046875,784.8613891601562,316.13885498046875
B_trainable,884,0.2752402722835541,0.09643864631652832,0.3302246928215027,37.566184997558594,0,0.27678774604962814,0.12735007720639036,336.6676330566406,784.859619140625,316.1380920410156
B_trainable,885,0.278514564037323,0.1002340316772461,0.3348323702812195,45.76228713989258,0,0.2768050142295051,0.12707891675109892,336.66778564453125,784.8577270507812,316.1372985839844
B_trainable,886,0.2636096179485321,0.09885475039482117,0.3273867964744568,38.83871841430664,0,0.2766730602666954,0.12679667508753614,336.66796875,784.8551025390625,316.1362609863281
B_trainable,887,0.2583206295967102,0.1168472170829773,0.3421202301979065,34.08428955078125,0,0.27648953595999554,0.12669718050749054,336.66815185546875,784.8528442382812,316.1353454589844
B_trainable,888,0.2628631591796875,0.11790299415588379,0.3419193625450134,35.58597946166992,0,0.27635327219219247,0.12660923864397447,336.66827392578125,784.8515014648438,316.1347351074219
B_trainable,889,0.284560889005661,0.11725103855133057,0.3471059799194336,34.73773956298828,0,0.2764353483603271,0.12651565664304804,336.66839599609375,784.8505859375,316.1341857910156
B_trainable,890,0.24344635009765625,0.11821435391902924,0.3498998284339905,32.461463928222656,0,0.2761054583777004,0.12643264361580786,336.66845703125,784.8499145507812,316.1336975097656
B_trainable,891,0.2656998932361603,0.11795434355735779,0.3463596701622009,37.307411193847656,0,0.276001402726285,0.12634786061522335,336.66851806640625,784.8497924804688,316.1334228515625
B_trainable,892,0.261526882648468,0.11659538745880127,0.3420109748840332,37.426212310791016,0,0.2758566575255068,0.12625033588365914,336.66851806640625,784.8502197265625,316.13330078125
B_trainable,893,0.24984191358089447,0.1295856088399887,0.3464348018169403,33.580081939697266,0,0.2755965100860607,0.12628368861322242,336.66851806640625,784.85107421875,316.1333923339844
B_trainable,894,0.25302186608314514,0.12513837218284607,0.34310010075569153,30.99514389038086,0,0.2753707636460315,0.12627223544891866,336.6684875488281,784.852783203125,316.1336364746094
B_trainable,895,0.2367480844259262,0.1326577514410019,0.3473777174949646,31.7207088470459,0,0.27498453685383045,0.1263360906088395,336.66845703125,784.8546752929688,316.1339111328125
B_trainable,896,0.2359960675239563,0.11769309639930725,0.3376012444496155,36.55807113647461,0,0.27459465216053175,0.12624966066674417,336.66839599609375,784.8565673828125,316.1342468261719
B_trainable,897,0.2657512426376343,0.12593472003936768,0.3353179097175598,29.231361389160156,0,0.2745062180653028,0.1262465112604704,336.6683654785156,784.8579711914062,316.1344299316406
B_trainable,898,0.27568018436431885,0.12765267491340637,0.3449401557445526,41.5836067199707,0,0.27451795772829296,0.12626057289699977,336.6683044433594,784.8594360351562,316.1346740722656
B_trainable,899,0.2506308853626251,0.12098731100559235,0.33921128511428833,33.71355056762695,0,0.27427908700463627,0.1262078402780857,336.66827392578125,784.8602294921875,316.13470458984375
B_trainable,900,0.2643788456916809,0.12126988172531128,0.3435173034667969,37.39778137207031,0,0.2741800845915067,0.12615846069255796,336.6682434082031,784.8609619140625,316.1346435546875
B_trainable,901,0.28623560070991516,0.11712087690830231,0.34315407276153564,33.50886917114258,0,0.2743006397526908,0.1260680848547154,336.6682434082031,784.8615112304688,316.1345520019531
B_trainable,902,0.24225494265556335,0.1116793155670166,0.3413001000881195,36.202354431152344,0,0.27398018278171954,0.12592419716183842,336.6682434082031,784.8617553710938,316.13433837890625
B_trainable,903,0.31133952736854553,0.12197554111480713,0.34598681330680847,40.747867584228516,0,0.27435377622758783,0.1258847106013681,336.6682434082031,784.8609619140625,316.1337890625
B_trainable,904,0.266131728887558,0.12334176898002625,0.34706106781959534,37.21767044067383,0,0.27427155575418755,0.1258592811851547,336.66827392578125,784.8603515625,316.1333312988281
B_trainable,905,0.24695435166358948,0.12163931131362915,0.34224849939346313,31.537321090698242,0,0.2739983837132816,0.12581708148643944,336.6683349609375,784.8587646484375,316.132568359375
B_trainable,906,0.27254167199134827,0.11368806660175323,0.34524574875831604,32.634071350097656,0,0.2739838165960623,0.12569579133759257,336.6683654785156,784.857177734375,316.1317138671875
B_trainable,907,0.26889896392822266,0.10878463089466095,0.3371480107307434,38.58412170410156,0,0.2739329680693839,0.12552667973316325,336.66845703125,784.8553466796875,316.1307678222656
B_trainable,908,0.23163247108459473,0.11211664974689484,0.3361642360687256,37.424339294433594,0,0.273509963099536,0.12539257943330057,336.6684875488281,784.8538818359375,316.1299743652344
B_trainable,909,0.21051758527755737,0.12069281935691833,0.3478778004646301,27.988309860229492,0,0.2728800393213162,0.12534558183253675,336.6685485839844,784.8525390625,316.12921142578125
B_trainable,910,0.24415619671344757,0.12287822365760803,0.3389093279838562,33.30350875854492,0,0.2725928008952375,0.12532090825078745,336.6686096191406,784.8509521484375,316.12835693359375
B_trainable,911,0.2808878719806671,0.12195442616939545,0.3353315591812134,37.15943908691406,0,0.2726757516060918,0.12528724342997352,336.6686706542969,784.849609375,316.1275939941406
B_trainable,912,0.23867087066173553,0.11832520365715027,0.33833950757980347,35.62767028808594,0,0.2723357027966482,0.1252176230322453,336.6686706542969,784.8491821289062,316.1271667480469
B_trainable,913,0.24349428713321686,0.11277924478054047,0.3375721573829651,31.720617294311523,0,0.2720472886400139,0.12509323924972823,336.668701171875,784.84912109375,316.12689208984375
B_trainable,914,0.26190659403800964,0.11954350769519806,0.3445802330970764,40.7927360534668,0,0.2719458816939938,0.12503774193418293,336.66864013671875,784.849853515625,316.12689208984375
B_trainable,915,0.22939817607402802,0.13113045692443848,0.35171452164649963,31.119943618774414,0,0.27152040463779414,0.12509866908408548,336.66851806640625,784.8515014648438,316.12713623046875
B_trainable,916,0.26272445917129517,0.12913572788238525,0.35007965564727783,34.502376556396484,0,0.27143244518312915,0.1251390396720685,336.66839599609375,784.85302734375,316.12738037109375
B_trainable,917,0.2636393904685974,0.12487766146659851,0.3469417691230774,38.494869232177734,0,0.2713545146359838,0.12513642589001378,336.6682434082031,784.8549194335938,316.1278076171875
B_trainable,918,0.2441231906414032,0.12670624256134033,0.34238865971565247,36.797054290771484,0,0.271082201396038,0.12515212405672704,336.6680908203125,784.8570556640625,316.12823486328125
B_trainable,919,0.2258344292640686,0.1311984360218048,0.35532230138778687,32.5329475402832,0,0.2706297236747183,0.12521258717637782,336.6679382324219,784.8593139648438,316.12872314453125
B_trainable,920,0.27695560455322266,0.13450969755649567,0.35045069456100464,43.91111755371094,0,0.2706929824835034,0.125305558280179,336.6677551269531,784.8618774414062,316.1293029785156
B_trainable,921,0.30270668864250183,0.12763701379299164,0.3471100926399231,37.44565200805664,0,0.27101311954509333,0.12532887283530714,336.6676330566406,784.8634033203125,316.12957763671875
B_trainable,922,0.2758193612098694,0.11781163513660431,0.3339318037033081,44.61648941040039,0,0.27106118196174106,0.1252537004583201,336.66748046875,784.8645629882812,316.12969970703125
B_trainable,923,0.28547990322113037,0.11216090619564056,0.33488136529922485,40.930721282958984,0,0.27120536917433496,0.1251227725156933,336.66741943359375,784.8645629882812,316.1294860839844
B_trainable,924,0.2629413902759552,0.10837031900882721,0.3337435722351074,36.1633186340332,0,0.27112272938535115,0.12495524798062463,336.6673889160156,784.8642578125,316.1292419433594
B_trainable,925,0.23346731066703796,0.11216029524803162,0.3249964118003845,35.55319595336914,0,0.270746175198168,0.1248272984532987,336.6673278808594,784.86376953125,316.12896728515625
B_trainable,926,0.2505872845649719,0.10629262030124664,0.32266056537628174,32.508358001708984,0,0.2705445862918361,0.12464195167177816,336.6673278808594,784.8629150390625,316.1285095214844
B_trainable,927,0.25247353315353394,0.11615438759326935,0.33308202028274536,27.742862701416016,0,0.27036387576045307,0.12455707603099307,336.6673278808594,784.8619995117188,316.12811279296875
B_trainable,928,0.24338863790035248,0.1148199588060379,0.3304016590118408,34.39312744140625,0,0.27009412338185207,0.12445970485874353,336.66729736328125,784.8616333007812,316.1278381347656
B_trainable,929,0.2580990195274353,0.12034454941749573,0.34916695952415466,33.30305480957031,0,0.2699741723433079,0.12441855330433105,336.667236328125,784.8613891601562,316.1275634765625
B_trainable,930,0.27566516399383545,0.1356011927127838,0.35823190212249756,35.004783630371094,0,0.2700310822598132,0.12453037969841557,336.66717529296875,784.8606567382812,316.1272277832031
B_trainable,931,0.26995766162872314,0.12411658465862274,0.35026127099990845,33.568824768066406,0,0.2700303480535023,0.12452624174801764,336.6671447753906,784.8596801757812,316.1267395019531
B_trainable,932,0.28365182876586914,0.13626375794410706,0.35437142848968506,31.21898078918457,0,0.27016656286062596,0.12464361690997854,336.6671447753906,784.8585815429688,316.12615966796875
B_trainable,933,0.24858146905899048,0.11914706230163574,0.33471953868865967,44.788997650146484,0,0.2699507119226096,0.1245886513638951,336.6671447753906,784.8577880859375,316.1257019042969
B_trainable,934,0.24652132391929626,0.11770114302635193,0.33413296937942505,34.08269119262695,0,0.26971641804257646,0.12451977628051968,336.6671447753906,784.8567504882812,316.12518310546875
B_trainable,935,0.3114094138145447,0.10917791724205017,0.3346746563911438,45.77322769165039,0,0.27013334800029615,0.12436635769013497,336.66717529296875,784.8558959960938,316.1247253417969
B_trainable,936,0.2530513405799866,0.1021350622177124,0.33086007833480835,33.05573654174805,0,0.26996252792609304,0.12414404473541074,336.66717529296875,784.85498046875,316.124267578125
B_trainable,937,0.2740198075771332,0.10524153709411621,0.33802199363708496,29.558448791503906,0,0.2700031007226034,0.1239550196589978,336.667236328125,784.8535766601562,316.12359619140625
B_trainable,938,0.2593544125556946,0.10323810577392578,0.33499905467033386,30.973339080810547,0,0.26989661384093433,0.12374785052014708,336.6672668457031,784.8521728515625,316.1229248046875
B_trainable,939,0.2663530111312866,0.11558398604393005,0.3459446430206299,34.54148483276367,0,0.26986117781383784,0.1236662118753849,336.6672668457031,784.8514404296875,316.12249755859375
B_trainable,940,0.24519173800945282,0.11575953662395477,0.3425047993659973,31.526411056518555,0,0.26961448341579397,0.1235871451228706,336.6672668457031,784.85107421875,316.1221923828125
B_trainable,941,0.2712246775627136,0.12312492728233337,0.3414849638938904,39.497337341308594,0,0.2696305853572632,0.12358252294446523,336.6672058105469,784.8516845703125,316.1221923828125
B_trainable,942,0.24637138843536377,0.11005382239818573,0.3250027298927307,56.87807083129883,0,0.2693979933880442,0.12344723593900243,336.6671447753906,784.8524780273438,316.12225341796875
B_trainable,943,0.2871182858943939,0.10973837971687317,0.3273833394050598,38.894901275634766,0,0.2695751963131077,0.12331014737678113,336.6671142578125,784.8531494140625,316.12225341796875
B_trainable,944,0.26517999172210693,0.11185359954833984,0.3308532238006592,34.600425720214844,0,0.2695312442671977,0.1231955818984967,336.6670837402344,784.8539428710938,316.1222229003906
B_trainable,945,0.25545045733451843,0.11212167143821716,0.33413514494895935,43.41586685180664,0,0.2693904363978709,0.12308484279389391,336.6670227050781,784.8554077148438,316.1224060058594
B_trainable,946,0.25024425983428955,0.10828565061092377,0.3300774395465851,39.02798843383789,0,0.2691989746322351,0.1229368508720642,336.6669921875,784.8570556640625,316.1227111816406
B_trainable,947,0.2577632963657379,0.10467177629470825,0.32631486654281616,48.54521942138672,0,0.2690846178495701,0.12275420012629064,336.66693115234375,784.8585815429688,316.1229553222656
B_trainable,948,0.25957223773002625,0.11371278762817383,0.33260291814804077,35.925559997558594,0,0.2689894940483747,0.12266378600130948,336.6669006347656,784.859619140625,316.123046875
B_trainable,949,0.2556939125061035,0.11681872606277466,0.33685600757598877,31.880783081054688,0,0.26885653823295197,0.12260533540192413,336.6669006347656,784.8607177734375,316.1231689453125
B_trainable,950,0.34329092502593994,0.11416879296302795,0.33604103326797485,34.90003967285156,0,0.26960088210088184,0.12252096997753516,336.66693115234375,784.8616333007812,316.12322998046875
B_trainable,951,0.7495187520980835,0.14387965202331543,0.338763564825058,297.5402526855469,0,0.27440006080085383,0.12273455679799296,336.6669616699219,784.8624877929688,316.123291015625
B_trainable,952,0.2453511655330658,0.140775665640831,0.3307397961616516,38.69269561767578,0,0.2741095718481759,0.12291496788642134,336.6669616699219,784.8635864257812,316.12347412109375
B_trainable,953,0.2628600299358368,0.14876121282577515,0.337321937084198,31.8411922454834,0,0.2739970764290525,0.12317343033581488,336.6669921875,784.863525390625,316.1232604980469
B_trainable,954,0.24762168526649475,0.1351180374622345,0.33025604486465454,36.66489791870117,0,0.273733322517427,0.12329287640707906,336.6670227050781,784.8634033203125,316.1231384277344
B_trainable,955,0.2661510109901428,0.10387401282787323,0.3299276828765869,39.94097137451172,0,0.27365749940215417,0.123098687771287,336.66705322265625,784.8632202148438,316.12298583984375
B_trainable,956,0.2624499499797821,0.10107418894767761,0.3322657644748688,37.52214431762695,0,0.27354542390793046,0.1228784427830509,336.6671142578125,784.8627319335938,316.122802734375
B_trainable,957,0.25418901443481445,0.10360293090343475,0.33499854803085327,34.819400787353516,0,0.2733518598131993,0.12268568766425475,336.6672058105469,784.862060546875,316.1225891113281
B_trainable,958,0.2615325450897217,0.10752439498901367,0.3306211829185486,42.84999084472656,0,0.27323366666596455,0.12253407473750234,336.66729736328125,784.8611450195312,316.122314453125
B_trainable,959,0.3191531300544739,0.12250018119812012,0.3392542600631714,53.742164611816406,0,0.2736928612998496,0.12253373580210852,336.6673889160156,784.8600463867188,316.1219177246094
B_trainable,960,0.290706992149353,0.11273586750030518,0.33552247285842896,74.87726593017578,0,0.2738630026083446,0.12243575711909048,336.66748046875,784.8590087890625,316.1214904785156
B_trainable,961,0.25898250937461853,0.11329343914985657,0.3329516351222992,38.7468147277832,0,0.27371419767600735,0.12234433393939814,336.66748046875,784.8582763671875,316.1211853027344
B_trainable,962,0.26281657814979553,0.11944743990898132,0.34092622995376587,35.44762420654297,0,0.27360522148074523,0.12231536499909398,336.66754150390625,784.8578491210938,316.1209716796875
B_trainable,963,0.27254799008369446,0.11188122630119324,0.33273953199386597,41.71249771118164,0,0.27359464916677473,0.12221102361211497,336.6675109863281,784.8578491210938,316.12091064453125
B_trainable,964,0.5145429372787476,0.16290345788002014,0.33006662130355835,45.76942443847656,0,0.2760041320478945,0.12261794795479403,336.66748046875,784.8580932617188,316.1209411621094
B_trainable,965,0.24291127920150757,0.17297646403312683,0.33498698472976685,32.5135612487793,0,0.2756732035194306,0.12312153311557736,336.66741943359375,784.8579711914062,316.12091064453125
B_trainable,966,0.29912763833999634,0.1826457679271698,0.3438001573085785,43.95243835449219,0,0.2759077478676362,0.12371677546369328,336.6673889160156,784.8577270507812,316.1208190917969
B_trainable,967,0.2455049604177475,0.17315402626991272,0.3370758295059204,38.73454666137695,0,0.2756037199931373,0.12421114797175548,336.6673583984375,784.8574829101562,316.1206970214844
B_trainable,968,0.24287936091423035,0.11975127458572388,0.34150514006614685,30.35399055480957,0,0.2752764764023482,0.12416654923789515,336.6673889160156,784.85693359375,316.1204528808594
B_trainable,969,0.25698351860046387,0.12829697132110596,0.3429248631000519,38.31792449951172,0,0.27509354682432935,0.12420785345872726,336.66741943359375,784.8562622070312,316.1201171875
B_trainable,970,0.23229703307151794,0.12577010691165924,0.33754098415374756,38.81107711791992,0,0.2746655816868012,0.12422347599325657,336.6673889160156,784.8560180664062,316.119873046875
B_trainable,971,0.24407698214054108,0.12182891368865967,0.34099751710891724,34.54752731323242,0,0.2743596956913386,0.1241995303702106,336.6673278808594,784.8562622070312,316.1197204589844
B_trainable,972,0.22477871179580688,0.11465466022491455,0.33131587505340576,31.571443557739258,0,0.2738638858523833,0.12410408166875765,336.6672668457031,784.8568115234375,316.1197509765625
B_trainable,973,0.25697484612464905,0.10795712471008301,0.3244328498840332,29.914764404296875,0,0.27369499545510595,0.1239426120991709,336.667236328125,784.8571166992188,316.11962890625
B_trainable,974,0.2772662937641144,0.12322771549224854,0.3293958604335785,38.49064254760742,0,0.2737307084381961,0.12393546313310168,336.6672058105469,784.85693359375,316.119384765625
B_trainable,975,0.28007903695106506,0.11320480704307556,0.3239523470401764,41.542728424072266,0,0.27379419172332475,0.12382815657220142,336.6672058105469,784.8566284179688,316.119140625
B_trainable,976,0.7569913864135742,0.1253776103258133,0.33278384804725647,217.45738220214844,0,0.27862616367022724,0.12384365110973754,336.6672668457031,784.8560180664062,316.1188049316406
B_trainable,977,0.3645787835121155,0.1873144954442978,0.33365166187286377,191.00816345214844,0,0.27948568986864614,0.12447835955308313,336.6673278808594,784.8553466796875,316.1183776855469
B_trainable,978,0.2611527144908905,0.1888708621263504,0.3341250419616699,47.53691482543945,0,0.2793023601148686,0.1251222845788158,336.6673889160156,784.85498046875,316.11810302734375
B_trainable,979,0.2396015077829361,0.18266448378562927,0.33573785424232483,35.60681915283203,0,0.2789053515915493,0.12569770657088394,336.6673889160156,784.8551025390625,316.1180114746094
B_trainable,980,0.2713529169559479,0.16991350054740906,0.33577629923820496,38.04532241821289,0,0.27882982724519323,0.12613986451064918,336.6673889160156,784.8547973632812,316.1177978515625
B_trainable,981,0.2609092593193054,0.11112114787101746,0.3364322781562805,37.10714340209961,0,0.27865062156593434,0.12598967734425287,336.6673583984375,784.8548583984375,316.1177978515625
B_trainable,982,0.24173183739185333,0.12642449140548706,0.3460131883621216,27.461090087890625,0,0.2782814337241935,0.1259940254848652,336.66729736328125,784.8551025390625,316.1178283691406
B_trainable,983,0.25128865242004395,0.11517442762851715,0.3398282527923584,33.00127410888672,0,0.27801150591115203,0.12588582950630173,336.667236328125,784.8553466796875,316.117919921875
B_trainable,984,0.235881045460701,0.1258927285671234,0.3532978892326355,30.77872085571289,0,0.2775902013066475,0.12588589849690995,336.6671447753906,784.8554077148438,316.11798095703125
B_trainable,985,0.27331700921058655,0.13601407408714294,0.3568519949913025,33.014060974121094,0,0.2775474693856869,0.1259871802528123,336.66705322265625,784.8560180664062,316.1181945800781
B_trainable,986,0.25390833616256714,0.12158802151679993,0.34090203046798706,36.45427703857422,0,0.27731107805345573,0.12594318866545218,336.6669921875,784.8565063476562,316.1184387207031
B_trainable,987,0.24984876811504364,0.11576636135578156,0.34900999069213867,33.825660705566406,0,0.27703645495407164,0.12584142039235546,336.6668701171875,784.8568725585938,316.1186828613281
B_trainable,988,0.26212218403816223,0.11156591773033142,0.3463585376739502,38.79720687866211,0,0.27688731224491253,0.1256986653657352,336.6667785644531,784.8571166992188,316.1189270019531
B_trainable,989,0.24659812450408936,0.1131030023097992,0.33918917179107666,32.22489929199219,0,0.2765844203675043,0.12557270873517584,336.666748046875,784.856689453125,316.11883544921875
B_trainable,990,0.2607680559158325,0.12508277595043182,0.35502323508262634,35.05070495605469,0,0.2764262567229876,0.1255678094073284,336.6667175292969,784.8565063476562,316.11883544921875
B_trainable,991,0.25992900133132935,0.12343454360961914,0.34955328702926636,38.59652328491211,0,0.276261284169071,0.1255464767493513,336.66668701171875,784.8561401367188,316.1187438964844
B_trainable,992,0.2541823983192444,0.12767039239406586,0.3477756679058075,32.575958251953125,0,0.27604049531057273,0.12556771590579843,336.6666564941406,784.8562622070312,316.11883544921875
B_trainable,993,0.24951156973838806,0.13152089715003967,0.35814106464385986,34.31660079956055,0,0.27577520605485084,0.12562724771824085,336.6666564941406,784.8561401367188,316.1187744140625
B_trainable,994,0.268147736787796,0.12128549814224243,0.3418518900871277,36.38386917114258,0,0.27569893136218027,0.12558383022248087,336.6666564941406,784.8557739257812,316.1186218261719
B_trainable,995,0.23200279474258423,0.11490651965141296,0.3395203948020935,32.069278717041016,0,0.27526196999598435,0.1254770571167702,336.6666564941406,784.8553466796875,316.11846923828125
B_trainable,996,0.256250262260437,0.1236938089132309,0.33171164989471436,37.48956298828125,0,0.2750718529186289,0.12545922463473483,336.6666564941406,784.8548583984375,316.1182556152344
B_trainable,997,0.25161194801330566,0.12012791633605957,0.3314428925514221,31.892868041992188,0,0.2748372538695757,0.12540591155174807,336.66668701171875,784.8541259765625,316.11798095703125
B_trainable,998,0.28023046255111694,0.11301365494728088,0.3276294469833374,46.6651725769043,0,0.2748911859563911,0.1252819889857034,336.6667175292969,784.8534545898438,316.1176452636719
B_trainable,999,0.27624812722206116,0.11245116591453552,0.3235444128513336,38.23894500732422,0,0.2749047553690478,0.1251536807549917,336.6667175292969,784.8526000976562,316.1172790527344
B_trainable,1000,0.29185324907302856,0.11635422706604004,0.3419272303581238,35.149967193603516,0,0.27507424030608757,0.12506568621810218,336.666748046875,784.8515014648438,316.11688232421875
B_trainable,1001,0.26136457920074463,0.12922857701778412,0.3432401716709137,32.35502243041992,0,0.27493714369503414,0.125107315126099,336.666748046875,784.8507080078125,316.1165466308594
B_trainable,1002,0.2830943763256073,0.1295134574174881,0.34296715259552,39.0772705078125,0,0.27501871602133987,0.12515137654901287,336.6667175292969,784.8500366210938,316.11627197265625
B_trainable,1003,0.25947457551956177,0.12443375587463379,0.3456929922103882,33.267852783203125,0,0.2748632746163221,0.12514420034226909,336.6667175292969,784.8504028320312,316.11627197265625
B_trainable,1004,0.23211225867271423,0.11797189712524414,0.34799420833587646,36.02210998535156,0,0.274435764456886,0.12507247731009882,336.6666564941406,784.8510131835938,316.1163635253906
B_trainable,1005,0.30505797266960144,0.1258561909198761,0.3403717875480652,37.761993408203125,0,0.27474198653901316,0.12508031444619658,336.66656494140625,784.8523559570312,316.1166076660156
B_trainable,1006,0.22060222923755646,0.11426565051078796,0.33331769704818726,33.54130554199219,0,0.2742005889659986,0.12497216780684249,336.6664733886719,784.8535766601562,316.1167907714844
B_trainable,1007,0.2472686916589737,0.13108542561531067,0.3429587483406067,32.22908020019531,0,0.27393126999292833,0.12503330038492716,336.6664123535156,784.8543701171875,316.1169128417969
B_trainable,1008,0.2721311151981354,0.12506641447544098,0.343869686126709,40.17803192138672,0,0.27391326844498043,0.1250336315258323,336.6663818359375,784.8555297851562,316.1171875
B_trainable,1009,0.25224682688713074,0.12720906734466553,0.3465535044670105,35.94300842285156,0,0.27369660402940194,0.12505538588402063,336.66632080078125,784.8564453125,316.1174011230469
B_trainable,1010,0.2702033817768097,0.1270415186882019,0.3491418957710266,34.664955139160156,0,0.27366167180687606,0.12507524721206242,336.666259765625,784.8576049804688,316.1177062988281
B_trainable,1011,0.29200485348701477,0.111355721950531,0.33064621686935425,48.79811477661133,0,0.2738451036236775,0.1249380519594471,336.66619873046875,784.8587646484375,316.11798095703125
B_trainable,1012,0.30115455389022827,0.11143112182617188,0.3337721526622772,54.35258483886719,0,0.27411819812634297,0.12480298265811435,336.6661682128906,784.8595581054688,316.11810302734375
B_trainable,1013,1.3378934860229492,0.1130664050579071,0.3339282274246216,250.79669189453125,0,0.28475595100530904,0.12468561688211227,336.6661376953125,784.8603515625,316.1182556152344
B_trainable,1014,0.2749592065811157,0.10459105670452118,0.32667484879493713,33.281455993652344,0,0.2846579835610671,0.12448467128033636,336.6661376953125,784.8602294921875,316.1180725097656
B_trainable,1015,0.26811641454696655,0.10934808850288391,0.33189859986305237,38.530269622802734,0,0.2844925678709261,0.12433330545256183,336.6661376953125,784.85986328125,316.1177673339844
B_trainable,1016,0.24563603103160858,0.11369866132736206,0.3311721682548523,35.30506134033203,0,0.2841040025025329,0.12422695901130983,336.6661682128906,784.859130859375,316.1174011230469
B_trainable,1017,0.26778358221054077,0.116861492395401,0.34152066707611084,33.48180389404297,0,0.283940798299613,0.12415330434515073,336.6662292480469,784.8585205078125,316.1170349121094
B_trainable,1018,0.2466195970773697,0.1180424690246582,0.3358093202114105,35.535770416259766,0,0.28356758628739054,0.1240921959919458,336.666259765625,784.8577880859375,316.1166076660156
B_trainable,1019,0.2803875505924225,0.12731316685676575,0.338255375623703,48.60941696166992,0,0.2835357859304408,0.124124405700594,336.6662902832031,784.8572998046875,316.1163024902344
B_trainable,1020,0.2584499418735504,0.13093185424804688,0.34124165773391724,30.94139289855957,0,0.28328492748987194,0.12419248018606853,336.6663513183594,784.8565673828125,316.11590576171875
B_trainable,1021,0.2509908676147461,0.12900742888450623,0.34140580892562866,32.66037368774414,0,0.2829619868911207,0.12424062967305291,336.6663513183594,784.8558959960938,316.1155700683594
B_trainable,1022,0.24817153811454773,0.11996792256832123,0.3350951373577118,32.48385238647461,0,0.28261408240335495,0.1241979026020056,336.6664123535156,784.855224609375,316.11517333984375
B_trainable,1023,0.25562959909439087,0.12071242928504944,0.3373867869377136,29.703083038330078,0,0.28234423757026533,0.12416304786883604,336.6664733886719,784.8541259765625,316.1145935058594
B_trainable,1024,0.24951596558094025,0.12392233312129974,0.3388248682022095,34.20613098144531,0,0.28201595485037206,0.12416064072136068,336.66656494140625,784.8528442382812,316.11395263671875
B_trainable,1025,0.26978299021720886,0.14056718349456787,0.3471868634223938,47.19337844848633,0,0.28189362520404043,0.12432470614909276,336.6666564941406,784.8515625,316.1133728027344
B_trainable,1026,0.25341230630874634,0.15241435170173645,0.34205037355422974,41.46079635620117,0,0.28160881201508753,0.1246056026046192,336.6667175292969,784.8506469726562,316.1129150390625
B_trainable,1027,0.2635234594345093,0.13800057768821716,0.34232503175735474,43.20026397705078,0,0.28142795848928176,0.12473955235545518,336.6667175292969,784.8504028320312,316.1127014160156
B_trainable,1028,0.24424560368061066,0.12882131338119507,0.3458465337753296,31.388938903808594,0,0.281056134941195,0.12478036996571257,336.6667175292969,784.8505249023438,316.1125793457031
B_trainable,1029,0.23739886283874512,0.12038500607013702,0.3414600193500519,30.216907501220703,0,0.28061956222017054,0.1247364163267568,336.6667175292969,784.8508911132812,316.11260986328125
B_trainable,1030,0.27504727244377136,0.12709546089172363,0.349507212638855,34.188812255859375,0,0.2805638393224066,0.12476000677240648,336.6667175292969,784.8510131835938,316.1125793457031
B_trainable,1031,0.27556121349334717,0.1291184425354004,0.3455365300178528,40.18232345581055,0,0.280513813064116,0.12480359113003642,336.6667175292969,784.851318359375,316.11260986328125
B_trainable,1032,0.2785053849220276,0.1299206018447876,0.35272443294525146,34.00055694580078,0,0.28049372878269513,0.12485476123718393,336.6667175292969,784.8519897460938,316.11279296875
B_trainable,1033,0.22879500687122345,0.12764859199523926,0.34993842244148254,34.20744705200195,0,0.27997674156358043,0.12488269954476448,336.6666259765625,784.8533935546875,316.1131591796875
B_trainable,1034,0.27798545360565186,0.12445855140686035,0.34869736433029175,39.26396942138672,0,0.2799568286840011,0.12487845806338543,336.66656494140625,784.8548583984375,316.1136169433594
B_trainable,1035,0.2886134088039398,0.11935560405254364,0.34258151054382324,39.73143005371094,0,0.2800433944852005,0.12482322952327703,336.66656494140625,784.8556518554688,316.1138000488281
B_trainable,1036,0.29521435499191284,0.12453770637512207,0.35147741436958313,38.05284881591797,0,0.2801951040902676,0.12482037429179547,336.6665954589844,784.8560180664062,316.11383056640625
B_trainable,1037,0.23687207698822021,0.12174612283706665,0.339836061000824,29.503877639770508,0,0.2797618738192471,0.1247896317772482,336.6666259765625,784.8565673828125,316.1138610839844
B_trainable,1038,0.21458016335964203,0.11506718397140503,0.33744296431541443,36.89235305786133,0,0.27911005671465106,0.12469240729918976,336.6666259765625,784.8572998046875,316.1138916015625
B_trainable,1039,0.24529750645160675,0.1059747189283371,0.3345337212085724,34.79017639160156,0,0.27877193121202065,0.12450523041548123,336.6666259765625,784.8578491210938,316.1139221191406
B_trainable,1040,0.25688716769218445,0.10929471254348755,0.3301851749420166,46.45183563232422,0,0.2785530835768223,0.1243531252367613,336.6666259765625,784.8583374023438,316.1139831542969
B_trainable,1041,0.22720597684383392,0.10965576767921448,0.33106958866119385,27.86186408996582,0,0.27803961250949244,0.12420615166118583,336.6665954589844,784.8587646484375,316.1139831542969
B_trainable,1042,0.2386007010936737,0.11417324841022491,0.3371950387954712,27.647480010986328,0,0.2776452233953342,0.12410582262867623,336.6665954589844,784.8592529296875,316.114013671875
B_trainable,1043,0.3114772140979767,0.11432099342346191,0.3390330672264099,47.488529205322266,0,0.27798354330236064,0.12400797433662408,336.6666259765625,784.859130859375,316.11376953125
B_trainable,1044,0.3041493594646454,0.11195738613605499,0.33436113595962524,37.34204864501953,0,0.27824520146398346,0.12388746845461839,336.6666564941406,784.859130859375,316.11358642578125
B_trainable,1045,0.24536648392677307,0.12474153935909271,0.33866435289382935,31.55801773071289,0,0.27791641428861136,0.12389600916366313,336.6667175292969,784.85888671875,316.1133117675781
B_trainable,1046,0.26422998309135437,0.12100636959075928,0.3360086679458618,37.43049621582031,0,0.2777795499766388,0.12386711276793409,336.66680908203125,784.857421875,316.11273193359375
B_trainable,1047,0.26830559968948364,0.12619084119796753,0.3393806517124176,33.22512435913086,0,0.27768481047376725,0.12389035005223444,336.6668395996094,784.8563232421875,316.1122131347656
B_trainable,1048,0.28233152627944946,0.11974713206291199,0.33860355615615845,33.092811584472656,0,0.2777312776318241,0.12384891787234122,336.6668701171875,784.8551635742188,316.11163330078125
B_trainable,1049,0.3256140351295471,0.1434495747089386,0.3360525965690613,40.77796173095703,0,0.2782101052068013,0.1240449244407072,336.6669006347656,784.8538208007812,316.11102294921875
B_trainable,1050,0.27799415588378906,0.164157897233963,0.3370829224586487,32.784027099609375,0,0.27820794571357116,0.12444605416863976,336.6669921875,784.8517456054688,316.1102600097656
B_trainable,1051,0.27268001437187195,0.16284823417663574,0.346152126789093,31.34846305847168,0,0.2781526664001542,0.12483007596871971,336.66705322265625,784.8502197265625,316.109619140625
B_trainable,1052,0.2721005082130432,0.16543257236480713,0.34680208563804626,38.72465133666992,0,0.27809214481828304,0.1252361009326806,336.6670837402344,784.8489379882812,316.1091003417969
B_trainable,1053,0.281695157289505,0.13404111564159393,0.3470572829246521,34.847843170166016,0,0.2781281749429953,0.1253241510797697,336.6670837402344,784.8478393554688,316.108642578125
B_trainable,1054,0.2777751684188843,0.13325655460357666,0.3518638610839844,35.03998565673828,0,0.27812464487775423,0.1254034751150078,336.6670837402344,784.847412109375,316.1083679199219
B_trainable,1055,0.24175569415092468,0.12672513723373413,0.3524923026561737,30.022226333618164,0,0.27776095537048595,0.12541669173619507,336.66705322265625,784.8475341796875,316.1082458496094
B_trainable,1056,0.2914011776447296,0.12504050135612488,0.34690338373184204,34.243019104003906,0,0.27789735759322837,0.12541292983239438,336.6670227050781,784.8475341796875,316.1080322265625
B_trainable,1057,0.26622244715690613,0.12610860168933868,0.3526573181152344,38.21979904174805,0,0.27778060848886515,0.12541988655096384,336.6669921875,784.8475341796875,316.10784912109375
B_trainable,1058,0.2575867772102356,0.11816930770874023,0.3511447310447693,39.32076644897461,0,0.27757867017607885,0.1253473807625416,336.6669616699219,784.84765625,316.1077880859375
B_trainable,1059,0.24865670502185822,0.12492051720619202,0.3519304394721985,31.637861251831055,0,0.27728945052453663,0.1253431121269781,336.6669006347656,784.8483276367188,316.1077880859375
B_trainable,1060,0.29866746068000793,0.1367236077785492,0.3490082621574402,37.40321731567383,0,0.27750323062609134,0.1254569170834938,336.66680908203125,784.849609375,316.1079406738281
B_trainable,1061,0.27185794711112976,0.1359754204750061,0.3437420129776001,34.887962341308594,0,0.27744677779094173,0.12556210211740892,336.6667175292969,784.8507690429688,316.1080322265625
B_trainable,1062,0.24750001728534698,0.1461903303861618,0.34710562229156494,32.91420364379883,0,0.2771473101858858,0.12576838440009647,336.6666564941406,784.8518676757812,316.10821533203125
B_trainable,1063,0.27500683069229126,0.13648390769958496,0.3424307703971863,31.323835372924805,0,0.27712590539094983,0.12587553963309137,336.66656494140625,784.853271484375,316.1084899902344
B_trainable,1064,0.25351449847221375,0.109778493642807,0.34056901931762695,43.884159088134766,0,0.27688979132176245,0.12571456917318852,336.66650390625,784.8543090820312,316.10870361328125
B_trainable,1065,0.2664480209350586,0.11571942269802094,0.3428572416305542,42.4083137512207,0,0.2767853736178954,0.12561461770843685,336.66644287109375,784.8553466796875,316.1089172363281
B_trainable,1066,0.6475359201431274,0.19433192908763885,0.3477683961391449,101.72309112548828,0,0.28049287908314774,0.12630179082222887,336.6663818359375,784.85546875,316.1087951660156
B_trainable,1067,0.2491961121559143,0.19325779378414154,0.3405926823616028,36.31352996826172,0,0.2801799114138754,0.126971350851848,336.6663513183594,784.8551025390625,316.1084899902344
B_trainable,1068,0.26387298107147217,0.1743296980857849,0.3375013470649719,28.51763153076172,0,0.28001684211045136,0.12744493432418735,336.66644287109375,784.8543090820312,316.1080627441406
B_trainable,1069,0.3050844371318817,0.18708431720733643,0.3391842246055603,35.3497428894043,0,0.28026751806066563,0.12804132815301886,336.66656494140625,784.8533325195312,316.1075134277344
B_trainable,1070,0.26548534631729126,0.13513615727424622,0.34957122802734375,35.400978088378906,0,0.28011969634323186,0.12811227644423112,336.66668701171875,784.8524780273438,316.1070556640625
B_trainable,1071,0.2712838053703308,0.1282915323972702,0.3546261787414551,34.879634857177734,0,0.28003133743350284,0.12811406900376152,336.6667785644531,784.8521118164062,316.1067810058594
B_trainable,1072,0.29478755593299866,0.1295706331729889,0.3624860346317291,37.4144401550293,0,0.2801788996184978,0.1281286346454538,336.66680908203125,784.8522338867188,316.1067199707031
B_trainable,1073,0.2639683187007904,0.13054150342941284,0.3617556691169739,41.613677978515625,0,0.2800167938093207,0.12815276333329337,336.66680908203125,784.8531494140625,316.10687255859375
B_trainable,1074,0.29105186462402344,0.13359439373016357,0.3700384497642517,40.15578079223633,0,0.28012714451746773,0.12820717963726205,336.666748046875,784.8544311523438,316.1072082519531
B_trainable,1075,0.2697475850582123,0.12891560792922974,0.35621893405914307,38.722572326660156,0,0.28002334892287517,0.12821426392018173,336.6666564941406,784.8562622070312,316.1077880859375
B_trainable,1076,0.21896451711654663,0.12048026919364929,0.3531233072280884,29.70629119873047,0,0.2794127606048119,0.1281369239729164,336.66650390625,784.858642578125,316.1084899902344
B_trainable,1077,0.2740391492843628,0.12373347580432892,0.3474211096763611,37.98609924316406,0,0.2793590244916074,0.12809288949123054,336.6663513183594,784.8609008789062,316.10906982421875
B_trainable,1078,0.24687053263187408,0.13104131817817688,0.3550330400466919,35.16160202026367,0,0.27903413957301004,0.1281223737781,336.66619873046875,784.8633422851562,316.1098327636719
B_trainable,1079,0.2267085164785385,0.12957239151000977,0.3429306149482727,35.600685119628906,0,0.27851088334206536,0.12813687395541912,336.6659851074219,784.8660888671875,316.1106262207031
B_trainable,1080,0.2602255940437317,0.12102329730987549,0.3380725085735321,32.21580123901367,0,0.27832803044908205,0.12806573818896366,336.6658935546875,784.8681640625,316.1111755371094
B_trainable,1081,0.2522864043712616,0.12330619990825653,0.3383466601371765,34.14179611206055,0,0.27806761418830384,0.1280181428061566,336.6658020019531,784.8694458007812,316.1115417480469
B_trainable,1082,0.26530522108078003,0.11713966727256775,0.33147406578063965,35.35190200805664,0,0.2779399902572286,0.12790935805082068,336.665771484375,784.8700561523438,316.1116638183594
B_trainable,1083,0.27288320660591125,0.11790882050991058,0.33805084228515625,37.046180725097656,0,0.2778894224207154,0.12780935267541157,336.6657409667969,784.8704223632812,316.1116943359375
B_trainable,1084,0.25445157289505005,0.1252506673336029,0.34121930599212646,37.400306701660156,0,0.27765504392545876,0.1277837658219935,336.6657409667969,784.87060546875,316.1116027832031
B_trainable,1085,0.26743483543395996,0.11990523338317871,0.33231449127197266,40.48058319091797,0,0.2775528418405438,0.12770498049760534,336.6657409667969,784.87060546875,316.111572265625
B_trainable,1086,0.2934229373931885,0.12223604321479797,0.34443405270576477,32.125885009765625,0,0.27771154279607024,0.12765029112477727,336.665771484375,784.869873046875,316.1112976074219
B_trainable,1087,0.2648305892944336,0.11965912580490112,0.3447057604789734,35.63221740722656,0,0.27758273326105387,0.1275703794715785,336.66583251953125,784.8687744140625,316.1108703613281
B_trainable,1088,0.32082632184028625,0.11041286587715149,0.3411272168159485,51.32257080078125,0,0.27801516914684615,0.12739880433563425,336.6659240722656,784.8671875,316.1103210449219
B_trainable,1089,0.2589719891548157,0.11880509555339813,0.3465248644351959,35.26689147949219,0,0.27782473734692587,0.12731286724781188,336.666015625,784.8655395507812,316.1097717285156
B_trainable,1090,0.2585466206073761,0.1133151650428772,0.336603581905365,28.873746871948242,0,0.27763195617953035,0.12717289022576253,336.66607666015625,784.864013671875,316.1092224121094
B_trainable,1091,0.2284967303276062,0.11779704689979553,0.33620208501815796,32.78337860107422,0,0.2771406039210111,0.12707913179250285,336.6661376953125,784.8626708984375,316.10882568359375
B_trainable,1092,0.2391163557767868,0.1170438826084137,0.3439987897872925,29.830242156982422,0,0.27676036143956884,0.12697877930066195,336.6662292480469,784.8616333007812,316.1085205078125
B_trainable,1093,0.21842323243618011,0.10830327868461609,0.32801610231399536,31.882661819458008,0,0.27617699014953495,0.12679202429450148,336.666259765625,784.8604736328125,316.1081237792969
B_trainable,1094,0.2405170202255249,0.11812907457351685,0.3449717164039612,29.271257400512695,0,0.27582039045029483,0.12670539479729165,336.66632080078125,784.8595581054688,316.10784912109375
B_trainable,1095,0.3125002980232239,0.12108011543750763,0.3544626533985138,38.30295944213867,0,0.2761871895260241,0.12664914200369382,336.66632080078125,784.85888671875,316.10760498046875
B_trainable,1096,0.2604357898235321,0.11481757462024689,0.352120041847229,34.21565246582031,0,0.2760296755289992,0.12653082632985935,336.6662902832031,784.8587036132812,316.1075439453125
B_trainable,1097,0.2855699360370636,0.12371966242790222,0.3541420102119446,36.32280731201172,0,0.2761250781340798,0.12650271469083976,336.666259765625,784.8587036132812,316.1075134277344
B_trainable,1098,1.083846926689148,0.14168980717658997,0.3565543591976166,197.3197021484375,0,0.2842022966196305,0.12665458561569726,336.66619873046875,784.8588256835938,316.1075744628906
B_trainable,1099,0.3033735156059265,0.13246649503707886,0.3437895178794861,39.333106994628906,0,0.28439400880949345,0.12671270470991106,336.6661682128906,784.858642578125,316.10748291015625
B_trainable,1100,0.2843639552593231,0.12907716631889343,0.3460512161254883,42.44769287109375,0,0.2843937082739918,0.1267363493260009,336.6661376953125,784.8585205078125,316.1074523925781
B_trainable,1101,0.30797532200813293,0.13349130749702454,0.340569406747818,32.83867263793945,0,0.28462952441133316,0.12680389890771113,336.6661071777344,784.8583374023438,316.107421875
B_trainable,1102,0.3114326596260071,0.1216161847114563,0.34716594219207764,41.48281478881836,0,0.2848975557634799,0.12675202176574857,336.6661071777344,784.8580322265625,316.1073913574219
B_trainable,1103,0.2592281103134155,0.12990622222423553,0.34914636611938477,32.459739685058594,0,0.28464086130897925,0.12678356377033342,336.6661376953125,784.8577270507812,316.1073303222656
B_trainable,1104,0.30359938740730286,0.12956252694129944,0.35478782653808594,48.97508239746094,0,0.28483044656996254,0.12681135340204308,336.6661376953125,784.8577880859375,316.1073913574219
B_trainable,1105,0.23066776990890503,0.12144124507904053,0.3515082597732544,40.4366455078125,0,0.28428881980335197,0.12675765231881306,336.6661376953125,784.8580932617188,316.1075439453125
B_trainable,1106,0.23759056627750397,0.12111058831214905,0.3547791838645935,32.77156448364258,0,0.28382183726809346,0.12670118167874642,336.66607666015625,784.8590087890625,316.1078796386719
B_trainable,1107,0.27598246932029724,0.11956462264060974,0.3515567183494568,34.78242874145508,0,0.2837434435886155,0.12662981608836507,336.6659851074219,784.8599243164062,316.10821533203125
B_trainable,1108,0.2761504352092743,0.11721940338611603,0.35678642988204956,35.5461540222168,0,0.2836675135048221,0.12653571196134258,336.6659240722656,784.8602294921875,316.1083679199219
B_trainable,1109,0.22946827113628387,0.11849567294120789,0.3495452404022217,31.356624603271484,0,0.28312552108113676,0.12645531157114123,336.6659240722656,784.8604125976562,316.1084289550781
B_trainable,1110,0.24244529008865356,0.1154196560382843,0.3409392833709717,33.56970977783203,0,0.28271871877121196,0.12634495501581267,336.6659240722656,784.8610229492188,316.10858154296875
B_trainable,1111,0.22915717959403992,0.10615742206573486,0.3343276381492615,34.44456100463867,0,0.28218310337944025,0.12614307968631186,336.6658935546875,784.8615112304688,316.1087646484375
B_trainable,1112,0.3206571340560913,0.11016228795051575,0.3403577208518982,38.20382308959961,0,0.28256784368620674,0.12598327176895388,336.666015625,784.8609619140625,316.10858154296875
B_trainable,1113,0.255709707736969,0.11727297306060791,0.3542676270008087,37.810089111328125,0,0.2822992623267144,0.12589616878187043,336.6661682128906,784.85986328125,316.10821533203125
B_trainable,1114,0.26235881447792053,0.1271318793296814,0.3563814163208008,34.5020751953125,0,0.28209985784822644,0.12590852588734855,336.6662902832031,784.858642578125,316.1077880859375
B_trainable,1115,0.40776097774505615,0.13392849266529083,0.35525965690612793,49.95391082763672,0,0.28335646904719475,0.12598872555512797,336.6663818359375,784.8580932617188,316.1075134277344
B_trainable,1116,0.24837099015712738,0.12359823286533356,0.3474140763282776,45.550514221191406,0,0.28300661425829404,0.12596482062823003,336.66644287109375,784.8574829101562,316.1072998046875
B_trainable,1117,0.28334739804267883,0.1312386691570282,0.3433704376220703,38.17420959472656,0,0.28301002209613785,0.126017559113518,336.6665344238281,784.85693359375,316.1070556640625
B_trainable,1118,0.30518651008605957,0.12786686420440674,0.3447532057762146,40.18386459350586,0,0.28323178697603707,0.12603605216442687,336.6666259765625,784.8563842773438,316.1068115234375
B_trainable,1119,0.4535266160964966,0.19564905762672424,0.3565729260444641,37.58418655395508,0,0.28493473526724167,0.12673218221904983,336.6667785644531,784.8555908203125,316.10650634765625
B_trainable,1120,0.26947689056396484,0.18160948157310486,0.3510136902332306,38.38168716430664,0,0.2847801568202089,0.1272809552125904,336.6668701171875,784.8553466796875,316.1063537597656
B_trainable,1121,0.2640817165374756,0.17648740112781525,0.3505082130432129,49.49684143066406,0,0.28457317241738156,0.12777301967174262,336.6669616699219,784.8554077148438,316.1063232421875
B_trainable,1122,0.26330724358558655,0.17054766416549683,0.34194421768188477,33.916603088378906,0,0.28436051312906363,0.12820076611668016,336.6670837402344,784.8551635742188,316.1061706542969
B_trainable,1123,0.23896391689777374,0.11161689460277557,0.33609288930892944,33.4312744140625,0,0.28390654716675073,0.12803492740154113,336.66717529296875,784.8554077148438,316.10614013671875
B_trainable,1124,0.2570614814758301,0.11321498453617096,0.3371056020259857,38.53585433959961,0,0.2836380965098415,0.12788672797288742,336.667236328125,784.8557739257812,316.1061706542969
B_trainable,1125,0.26875242590904236,0.11425268650054932,0.3398580551147461,34.1851692199707,0,0.2834892398038335,0.12775038755816404,336.66729736328125,784.85595703125,316.1060791015625
B_trainable,1126,0.25374919176101685,0.11460980772972107,0.33469152450561523,41.960506439208984,0,0.2831918393234053,0.1276189817598796,336.6673278808594,784.8562622070312,316.1060485839844
B_trainable,1127,0.24915802478790283,0.11210933327674866,0.33388349413871765,29.231435775756836,0,0.2828515011780503,0.1274638852750483,336.6673583984375,784.8565063476562,316.10601806640625
B_trainable,1128,0.2331596463918686,0.11755415797233582,0.3473691940307617,34.98416519165039,0,0.2823545826301885,0.12736478800202117,336.6673278808594,784.8573608398438,316.1060791015625
B_trainable,1129,0.2695010006427765,0.12107816338539124,0.34040045738220215,37.88250732421875,0,0.2822260468103143,0.12730192175585486,336.66729736328125,784.8582763671875,316.1061706542969
B_trainable,1130,0.26298749446868896,0.11424234509468079,0.3389036953449249,37.61827850341797,0,0.2820336612868981,0.12717132598924313,336.6673278808594,784.8590698242188,316.1062316894531
B_trainable,1131,0.25152426958084106,0.1085314005613327,0.34036383032798767,34.91419219970703,0,0.28172856736983753,0.12698492673496403,336.6673583984375,784.859375,316.106201171875
B_trainable,1132,0.27455833554267883,0.11482346057891846,0.3446435332298279,33.446014404296875,0,0.28165686505156595,0.1268633120734036,336.66741943359375,784.8594360351562,316.1060791015625
B_trainable,1133,0.4717964231967926,0.1657162457704544,0.3411087989807129,45.105709075927734,0,0.2835582606330182,0.1272518414103741,336.66748046875,784.8594360351562,316.10589599609375
B_trainable,1134,0.2657659351825714,0.1496163308620453,0.3335973024368286,32.344146728515625,0,0.2833803373785137,0.1274754863048908,336.66754150390625,784.8589477539062,316.1055908203125
B_trainable,1135,0.2552086114883423,0.16656482219696045,0.3321688175201416,54.52180862426758,0,0.283098620119612,0.1278663796638115,336.6676330566406,784.8579711914062,316.1051940917969
B_trainable,1136,0.28277984261512756,0.15751074254512787,0.33307117223739624,37.242610931396484,0,0.2830954323445672,0.12816282329262466,336.66766357421875,784.8567504882812,316.10467529296875
B_trainable,1137,0.27581432461738586,0.11645647883415222,0.34001457691192627,34.83286666870117,0,0.2830226212672954,0.12804575984803993,336.6677551269531,784.8554077148438,316.1040344238281
B_trainable,1138,0.23132754862308502,0.110245481133461,0.33761605620384216,32.045082092285156,0,0.28250567054085324,0.12786775706089415,336.66778564453125,784.8543701171875,316.10357666015625
B_trainable,1139,0.23436984419822693,0.11144834756851196,0.33828842639923096,35.557708740234375,0,0.28202431227742697,0.12770356296597032,336.6678466796875,784.8536376953125,316.10321044921875
B_trainable,1140,0.22822879254817963,0.12047848105430603,0.3408823609352112,32.087745666503906,0,0.2814863570801345,0.1276313121468537,336.6678466796875,784.853271484375,316.10296630859375
B_trainable,1141,0.2829751968383789,0.12145085632801056,0.34416890144348145,39.38180923461914,0,0.28150124547771693,0.12756950758866525,336.6678161621094,784.853271484375,316.1029052734375
B_trainable,1142,0.2891741394996643,0.11363020539283752,0.34322160482406616,36.99821090698242,0,0.2815779744179364,0.12743011456670697,336.6678161621094,784.853271484375,316.1028747558594
B_trainable,1143,0.5097233653068542,0.14541742205619812,0.33997589349746704,210.48793029785156,0,0.2838594283268256,0.1276099876416019,336.66778564453125,784.853271484375,316.1028137207031
B_trainable,1144,0.2366410791873932,0.1428295522928238,0.34177476167678833,34.877166748046875,0,0.28338724483543126,0.1277621832881141,336.667724609375,784.8538208007812,316.1029357910156
B_trainable,1145,0.2556988596916199,0.13981619477272034,0.3381870687007904,31.898353576660156,0,0.28311036098399317,0.12788272340296017,336.66766357421875,784.8546752929688,316.1031494140625
B_trainable,1146,0.27296745777130127,0.1425762176513672,0.33986204862594604,40.214229583740234,0,0.2830089319518662,0.12802965834544422,336.6675720214844,784.8554077148438,316.1033630371094
B_trainable,1147,0.26023566722869873,0.11550755798816681,0.3446231484413147,33.013702392578125,0,0.2827811993046345,0.12790443734187146,336.66754150390625,784.8557739257812,316.1034240722656
B_trainable,1148,0.2426508069038391,0.12368780374526978,0.34576210379600525,34.67206954956055,0,0.2823798953806266,0.12786227100590544,336.66741943359375,784.8564453125,316.1035461425781
B_trainable,1149,0.29929497838020325,0.11467085778713226,0.33420270681381226,37.70991134643555,0,0.2825490462106224,0.12773035687371773,336.6673889160156,784.8568115234375,316.1036071777344
B_trainable,1150,0.2665628492832184,0.12371847033500671,0.3372787833213806,40.29286575317383,0,0.28238918424134835,0.12769023800833063,336.66729736328125,784.8574829101562,316.1036682128906
B_trainable,1151,0.23751017451286316,0.11693704128265381,0.3410071134567261,38.207000732421875,0,0.28194039414406347,0.12758270604107386,336.667236328125,784.8585205078125,316.10382080078125
B_trainable,1152,0.2860488295555115,0.11671717464923859,0.3450990915298462,38.04060363769531,0,0.28198147849817795,0.1274740507271555,336.66717529296875,784.8595581054688,316.1039733886719
B_trainable,1153,0.25796306133270264,0.1310632824897766,0.3527899980545044,43.84663009643555,0,0.2817412943265232,0.12750994304478172,336.6670837402344,784.86083984375,316.10418701171875
B_trainable,1154,0.288631796836853,0.12346877157688141,0.3503023386001587,33.74302291870117,0,0.2818101993516265,0.12746953133010272,336.6669921875,784.862548828125,316.10443115234375
B_trainable,1155,0.24495312571525574,0.11927008628845215,0.3486558198928833,35.999610900878906,0,0.2814416286152628,0.12738753687968624,336.6669006347656,784.8642578125,316.104736328125
B_trainable,1156,0.30405688285827637,0.11417010426521301,0.3434455990791321,34.95988845825195,0,0.2816677811576929,0.1272553625535415,336.6667785644531,784.8657836914062,316.1050109863281
B_trainable,1157,0.29357799887657166,0.12958192825317383,0.3412880599498749,41.11334991455078,0,0.2817868833348817,0.12727862821053784,336.666748046875,784.865966796875,316.10491943359375
B_trainable,1158,0.24498988687992096,0.1282326579093933,0.3380432724952698,31.413671493530273,0,0.2814189133703321,0.1272881685075264,336.666748046875,784.8655395507812,316.10467529296875
B_trainable,1159,0.27777016162872314,0.11913084983825684,0.33042508363723755,40.66276168823242,0,0.28138242585291595,0.12720659532083367,336.6667785644531,784.8644409179688,316.10418701171875
B_trainable,1160,0.7161333560943604,0.1647217869758606,0.33404743671417236,63.06391906738281,0,0.2857299351553304,0.12758174723738394,336.66680908203125,784.86328125,316.1037292480469
B_trainable,1161,0.32556939125061035,0.14844489097595215,0.3346932530403137,51.497161865234375,0,0.2861283297162832,0.1277903786747696,336.66680908203125,784.8623046875,316.1032409667969
B_trainable,1162,0.2634199261665344,0.155976802110672,0.331724613904953,39.45811080932617,0,0.28590124568078573,0.12807224290912864,336.66680908203125,784.861083984375,316.1026611328125
B_trainable,1163,0.23099566996097565,0.154232919216156,0.3370165228843689,29.683483123779297,0,0.28535218992358763,0.12833384967219894,336.66680908203125,784.860107421875,316.1022033691406
B_trainable,1164,0.25554710626602173,0.12046101689338684,0.3403870761394501,36.62127685546875,0,0.285054139087012,0.1282551213444108,336.6668395996094,784.858642578125,316.1015625
B_trainable,1165,0.23587718605995178,0.11819426715373993,0.3385484218597412,29.15915870666504,0,0.2845623695567414,0.1281545128025041,336.6668701171875,784.8577880859375,316.10107421875
B_trainable,1166,0.272683322429657,0.11749899387359619,0.33836492896080017,44.43388748168945,0,0.2844435790854706,0.12804795761321502,336.66693115234375,784.8568115234375,316.1004943847656
B_trainable,1167,0.27713456749916077,0.12087462842464447,0.33504822850227356,37.53480911254883,0,0.2843704889696075,0.12797622432132932,336.6670227050781,784.8557739257812,316.0999755859375
B_trainable,1168,0.23224501311779022,0.11635151505470276,0.34095069766044617,35.893165588378906,0,0.28384923421108926,0.12785997722866305,336.6671447753906,784.8545532226562,316.09942626953125
B_trainable,1169,0.2782014012336731,0.12328395247459412,0.33662325143814087,35.91271209716797,0,0.2837927558813151,0.12781421698112236,336.66729736328125,784.8530883789062,316.0987548828125
B_trainable,1170,0.25583964586257935,0.11817905306816101,0.34179216623306274,36.04021453857422,0,0.28351322478112767,0.12771786534199273,336.6673889160156,784.8519897460938,316.0982360839844
B_trainable,1171,0.31957322359085083,0.12725214660167694,0.34840935468673706,39.15557861328125,0,0.2838738247692249,0.12771320815458959,336.66748046875,784.8507690429688,316.09765625
B_trainable,1172,0.24920740723609924,0.12513034045696259,0.3443235754966736,44.47024917602539,0,0.28352716059389366,0.12768737947761333,336.66754150390625,784.8497314453125,316.09710693359375
B_trainable,1173,0.2894119620323181,0.13032227754592896,0.36129170656204224,41.23711395263672,0,0.2835860086082779,0.12771372845829648,336.6676330566406,784.8488159179688,316.0965881347656
B_trainable,1174,0.29448774456977844,0.14980630576610565,0.3606259822845459,39.99018096923828,0,0.28369502596789287,0.12793465423137457,336.6676940917969,784.84814453125,316.0962219238281
B_trainable,1175,0.26191747188568115,0.13041186332702637,0.35536202788352966,37.982723236083984,0,0.2834772504270707,0.1279594263223311,336.6676940917969,784.84765625,316.0959777832031
B_trainable,1176,0.26652705669403076,0.13189351558685303,0.3611266613006592,40.70792007446289,0,0.28330774848974033,0.12799876721497633,336.66766357421875,784.8480224609375,316.0960388183594
B_trainable,1177,0.234105184674263,0.13377007842063904,0.35487687587738037,31.74180030822754,0,0.2828157228515855,0.12805648032703296,336.6676025390625,784.8486938476562,316.0962219238281
B_trainable,1178,0.23681575059890747,0.1176719069480896,0.3507908582687378,34.55730438232422,0,0.2823557231290587,0.12795263459324352,336.6675109863281,784.8501586914062,316.0965881347656
B_trainable,1179,0.2583470344543457,0.12246564030647278,0.35113003849983215,37.99168395996094,0,0.2821156362423116,0.12789776465037583,336.66741943359375,784.8516845703125,316.0970153808594
B_trainable,1180,0.2749858498573303,0.1242106556892395,0.3516542911529541,35.71257400512695,0,0.28204433837846177,0.12786089356076447,336.6673583984375,784.85302734375,316.0973205566406
B_trainable,1181,0.2854481041431427,0.11694030463695526,0.3486829996109009,53.259788513183594,0,0.2820783760361086,0.1277516876715264,336.66729736328125,784.8543090820312,316.09765625
B_trainable,1182,0.22149358689785004,0.12114670872688293,0.3517155349254608,33.56212615966797,0,0.28147252814472595,0.12768563788207996,336.6671447753906,784.8561401367188,316.0981140136719
B_trainable,1183,0.3005196452140808,0.11893385648727417,0.3457152843475342,43.15377426147461,0,0.2816629993154195,0.1275981200681319,336.6670227050781,784.8577880859375,316.0985107421875
B_trainable,1184,0.21876315772533417,0.13079343736171722,0.35184431076049805,30.51606559753418,0,0.28103400089951863,0.12763007324106776,336.66693115234375,784.8593139648438,316.09893798828125
B_trainable,1185,0.2417832463979721,0.12155105173587799,0.3507019877433777,32.683189392089844,0,0.2806414933545031,0.12756928302601586,336.6667785644531,784.8612670898438,316.099365234375
B_trainable,1186,0.34548941254615784,0.18699026107788086,0.3477822542190552,128.97181701660156,0,0.28128997254641963,0.1281634928065345,336.6667175292969,784.862548828125,316.09954833984375
B_trainable,1187,0.27750086784362793,0.18101367354393005,0.3382458984851837,38.024627685546875,0,0.2812520814993917,0.12869199461390846,336.6667175292969,784.8636474609375,316.09967041015625
B_trainable,1188,0.28300943970680237,0.1886601448059082,0.33676934242248535,39.130348205566406,0,0.2812696550814658,0.12929167611582845,336.66668701171875,784.864501953125,316.0997314453125
B_trainable,1189,0.27786383032798767,0.17820331454277039,0.3332270383834839,40.72639846801758,0,0.281235596833931,0.12978079250009789,336.66668701171875,784.8642578125,316.09954833984375
B_trainable,1190,0.23874053359031677,0.10726791620254517,0.33505016565322876,29.80308723449707,0,0.2808106462014949,0.12955566373712235,336.66680908203125,784.8633422851562,316.09918212890625
B_trainable,1191,0.25361335277557373,0.10895892977714539,0.33981505036354065,35.81571578979492,0,0.28053867326723564,0.12934969639752258,336.66693115234375,784.8623046875,316.09869384765625
B_trainable,1192,0.2783188223838806,0.1144346296787262,0.3391572833061218,42.43828582763672,0,0.28051647475840213,0.1292005457303346,336.66705322265625,784.8609619140625,316.0981750488281
B_trainable,1193,0.24838458001613617,0.12003172934055328,0.33915531635284424,34.98191452026367,0,0.2801951558109795,0.12910885756643678,336.6672058105469,784.8594360351562,316.0975036621094
B_trainable,1194,0.30035462975502014,0.12155981361865997,0.33819910883903503,40.89053726196289,0,0.28039675055041985,0.129033367126959,336.6673889160156,784.8578491210938,316.0968933105469
B_trainable,1195,0.28309857845306396,0.11526837944984436,0.33444303274154663,36.80211639404297,0,0.28042376882944625,0.12889571725018786,336.6676025390625,784.8560791015625,316.09625244140625
B_trainable,1196,0.27001821994781494,0.11375457048416138,0.3268674612045288,40.1976318359375,0,0.28031971334062994,0.1287443057825276,336.6678161621094,784.8540649414062,316.0955505371094
B_trainable,1197,0.2621364891529083,0.12081122398376465,0.34144604206085205,32.92805862426758,0,0.2801378810987527,0.12866497496453996,336.6679992675781,784.8521728515625,316.09490966796875
B_trainable,1198,0.24689240753650665,0.11573252081871033,0.33518171310424805,37.40895080566406,0,0.27980542636313027,0.12853565042308165,336.66815185546875,784.8505859375,316.0943298339844
B_trainable,1199,0.26562896370887756,0.1138649582862854,0.3315972685813904,35.34236145019531,0,0.27966366173658774,0.1283889435017137,336.6683044433594,784.8490600585938,316.0937805175781
B_trainable,1200,0.2631721794605255,0.12076804041862488,0.33746910095214844,36.68389129638672,0,0.2794987469138271,0.12831273447088282,336.6684265136719,784.8482055664062,316.0934143066406
B_trainable,1201,0.29539090394973755,0.11838951706886292,0.342692494392395,42.529945373535156,0,0.2796576684841862,0.1282135022968626,336.6684875488281,784.8477783203125,316.0931396484375
B_trainable,1202,0.23118950426578522,0.11968699097633362,0.3429737091064453,41.300811767578125,0,0.2791729868420022,0.12812823718365732,336.6684875488281,784.8480834960938,316.0931091308594
B_trainable,1203,0.25587671995162964,0.11469940841197968,0.3416036367416382,48.42655563354492,0,0.2789400241730985,0.12799394889594054,336.66845703125,784.8486938476562,316.0931701660156
B_trainable,1204,0.27733173966407776,0.11361570656299591,0.3440479040145874,41.30036163330078,0,0.2789239413280083,0.1278501664726111,336.6684265136719,784.848876953125,316.09307861328125
B_trainable,1205,0.2626928389072418,0.11721442639827728,0.3379553556442261,36.456451416015625,0,0.27876163030380063,0.12774380907186775,336.6683044433594,784.8497924804688,316.09326171875
B_trainable,1206,0.2222413420677185,0.11825944483280182,0.3473353981971741,34.292964935302734,0,0.2781964274214398,0.1276489654294771,336.66815185546875,784.8515014648438,316.09368896484375
B_trainable,1207,0.2896808683872223,0.12247972190380096,0.3419135808944702,35.526485443115234,0,0.2783112718310976,0.12759727299422033,336.6679382324219,784.8535766601562,316.0941467285156
B_trainable,1208,0.21973806619644165,0.12883570790290833,0.35177159309387207,36.53158187866211,0,0.277725539774751,0.1276096573433072,336.66766357421875,784.8561401367188,316.0948181152344
B_trainable,1209,0.2632889151573181,0.1264059841632843,0.3495209813117981,35.322410583496094,0,0.27758117352857664,0.12759762061150695,336.6673889160156,784.8592529296875,316.0956115722656
B_trainable,1210,0.27066755294799805,0.13250693678855896,0.3553139865398407,37.98455810546875,0,0.27751203732277085,0.12764671377327746,336.6670837402344,784.8621826171875,316.0963439941406
B_trainable,1211,0.2680267095565796,0.126196950674057,0.34638988971710205,40.630775451660156,0,0.27741718404510896,0.12763221614228526,336.6668395996094,784.8651123046875,316.0970764160156
B_trainable,1212,0.2619086802005768,0.12150779366493225,0.3466068506240845,30.40022087097168,0,0.27726209900666365,0.12757097191751174,336.6665954589844,784.8677978515625,316.09771728515625
B_trainable,1213,0.23706327378749847,0.11180588603019714,0.33864307403564453,30.646636962890625,0,0.276860110754472,0.1274133210586386,336.6663818359375,784.870361328125,316.098388671875
B_trainable,1214,0.29565873742103577,0.11772319674491882,0.3397866189479828,40.34489822387695,0,0.2770480970211376,0.12731641981550137,336.666259765625,784.8718872070312,316.0987243652344
B_trainable,1215,0.271027535200119,0.12275734543800354,0.3479253053665161,37.91358184814453,0,0.2769878914029274,0.1272708290717264,336.6661376953125,784.8732299804688,316.09906005859375
B_trainable,1216,0.27812162041664124,0.12368527054786682,0.3528153896331787,46.077144622802734,0,0.27699922869306454,0.1272349734864878,336.666015625,784.87451171875,316.0993347167969
B_trainable,1217,0.2694537341594696,0.10867944359779358,0.3408195972442627,41.87101364135742,0,0.2769237737477286,0.12704941818760085,336.6659240722656,784.875244140625,316.0994873046875
B_trainable,1218,0.29681396484375,0.10057997703552246,0.3285912871360779,33.969085693359375,0,0.2771226756586888,0.12678472377608008,336.6659240722656,784.87451171875,316.0992126464844
B_trainable,1219,0.27791041135787964,0.09513911604881287,0.3214528560638428,40.32655334472656,0,0.27713055301568074,0.1264682676988074,336.6659851074219,784.8729858398438,316.0986328125
B_trainable,1220,0.3504469394683838,0.09975920617580414,0.3293304145336151,44.232418060302734,0,0.2778637168802078,0.12620117708357736,336.6661071777344,784.8705444335938,316.0976867675781
B_trainable,1221,0.2547348737716675,0.10309338569641113,0.32737261056900024,68.12901306152344,0,0.2776324284491224,0.1259700991697057,336.6662292480469,784.8680419921875,316.0968017578125
B_trainable,1222,0.2706794738769531,0.10906840860843658,0.33465632796287537,44.96337127685547,0,0.27756289890340075,0.125801082264093,336.66632080078125,784.8655395507812,316.0958251953125
B_trainable,1223,0.277155339717865,0.11778578162193298,0.342338889837265,31.22460174560547,0,0.2775588233115454,0.1257209292576714,336.6664733886719,784.8630981445312,316.0948791503906
B_trainable,1224,0.29210829734802246,0.11766932904720306,0.3510274291038513,51.974369049072266,0,0.27770431805191015,0.1256404132555667,336.66656494140625,784.8609619140625,316.0940246582031
B_trainable,1225,0.24897199869155884,0.12430323660373688,0.34967225790023804,47.4783935546875,0,0.2774169948583067,0.1256270414890484,336.6666259765625,784.8593139648438,316.09332275390625
B_trainable,1226,0.24509669840335846,0.12795966863632202,0.3504475951194763,36.99711608886719,0,0.27709379189375716,0.12565036776052113,336.6666564941406,784.8582763671875,316.0927734375
B_trainable,1227,0.23058143258094788,0.12345370650291443,0.34440505504608154,35.271202087402344,0,0.27662866830062904,0.12562840114794507,336.66668701171875,784.857666015625,316.0923767089844
B_trainable,1228,0.25715523958206177,0.11762264370918274,0.33759140968322754,31.803964614868164,0,0.2764339340134434,0.12554834357355746,336.6667175292969,784.857421875,316.0920104980469
B_trainable,1229,0.27697014808654785,0.12432008981704712,0.34835487604141235,41.941261291503906,0,0.27643929615417445,0.12553606103599235,336.666748046875,784.8571166992188,316.09173583984375
B_trainable,1230,0.26074516773223877,0.12380146980285645,0.35059067606925964,41.57335662841797,0,0.2762823548699551,0.125518715123661,336.666748046875,784.85693359375,316.0915222167969
B_trainable,1231,0.2557801902294159,0.12721139192581177,0.3503686785697937,33.85447692871094,0,0.2760773332235497,0.1255356418916825,336.66668701171875,784.8573608398438,316.09149169921875
B_trainable,1232,0.2428610920906067,0.11024707555770874,0.3416975140571594,38.86393737792969,0,0.2757451708122203,0.12538275622834277,336.6665954589844,784.8583984375,316.0916442871094
B_trainable,1233,0.2929436266422272,0.11973267793655396,0.3514738082885742,33.92192077636719,0,0.27591715537052036,0.1253262554454249,336.6664733886719,784.8592529296875,316.09173583984375
B_trainable,1234,0.26291438937187195,0.12678812444210052,0.35055458545684814,42.24327850341797,0,0.2757871277105339,0.12534087413539163,336.6663818359375,784.8602905273438,316.0918884277344
B_trainable,1235,0.27084338665008545,0.12274996936321259,0.34525948762893677,38.23386764526367,0,0.2757376902999294,0.12531496508766984,336.6662902832031,784.8614501953125,316.09210205078125
B_trainable,1236,0.2843947112560272,0.12314563989639282,0.35089364647865295,39.390098571777344,0,0.2758242605094903,0.1252932718357571,336.6662292480469,784.8626708984375,316.09234619140625
B_trainable,1237,0.23788724839687347,0.10614526271820068,0.3312307894229889,31.10394859313965,0,0.27544489038836417,0.12510179174458153,336.6661682128906,784.8633422851562,316.0924377441406
B_trainable,1238,0.6109979152679443,0.1721111238002777,0.3334493637084961,226.2563018798828,0,0.27880042063716,0.12557188506513847,336.6661376953125,784.8638305664062,316.0924987792969
B_trainable,1239,0.2584412097930908,0.16899338364601135,0.32919180393218994,38.0724983215332,0,0.2785968285287193,0.1260061000509472,336.66619873046875,784.8633422851562,316.0922546386719
B_trainable,1240,0.27566325664520264,0.1544201672077179,0.3246406614780426,36.78972625732422,0,0.27856749280988413,0.1262902407225149,336.666259765625,784.862060546875,316.0918273925781
B_trainable,1241,0.2705036997795105,0.1589110642671585,0.33819258213043213,37.390342712402344,0,0.2784868548795804,0.12661644895796134,336.6664123535156,784.8602294921875,316.0911865234375
B_trainable,1242,0.23771975934505463,0.10463422536849976,0.3296188712120056,35.49631881713867,0,0.2780791839242352,0.12639662672206672,336.66656494140625,784.8578491210938,316.0904235839844
B_trainable,1243,0.2568940222263336,0.11367052793502808,0.3367987871170044,38.27005386352539,0,0.2778673323072562,0.12626936573419634,336.6667175292969,784.8550415039062,316.08953857421875
B_trainable,1244,0.2743509113788605,0.11430221796035767,0.3415917754173279,37.01279830932617,0,0.27783216809797223,0.12614969425645794,336.6669006347656,784.852294921875,316.08868408203125
B_trainable,1245,0.3264780640602112,0.12874160706996918,0.3548113703727722,33.057682037353516,0,0.2783186270575946,0.12617561338459304,336.66717529296875,784.8492431640625,316.0877685546875
B_trainable,1246,0.2502484917640686,0.1423107087612152,0.3693983256816864,37.36177444458008,0,0.27803792570465935,0.12633696433835925,336.6673278808594,784.8473510742188,316.08721923828125
B_trainable,1247,0.31460869312286377,0.15212690830230713,0.36406248807907104,62.61421203613281,0,0.2784036333788414,0.12659486377799875,336.6673889160156,784.8463745117188,316.0869140625
B_trainable,1248,0.2446821630001068,0.1468556523323059,0.36479049921035767,38.02387237548828,0,0.27806641867505405,0.12679747166354183,336.6673889160156,784.8463745117188,316.0869140625
B_trainable,1249,0.2584018111228943,0.1358143389225006,0.3536336123943329,46.31407165527344,0,0.27786977259953244,0.12688764033613142,336.6673583984375,784.8468627929688,316.08697509765625
B_trainable,1250,0.24797722697257996,0.12449194490909576,0.34508123993873596,44.26823425292969,0,0.2775708471432629,0.12686368338186108,336.6673889160156,784.8475952148438,316.087158203125
B_trainable,1251,0.24959275126457214,0.11503013968467712,0.3304344713687897,30.191152572631836,0,0.27729106618447596,0.12674534794488923,336.6673889160156,784.8480834960938,316.0872497558594
B_trainable,1252,0.2590348422527313,0.10928437113761902,0.33144813776016235,28.393064498901367,0,0.2771085039451585,0.12657073817681652,336.66741943359375,784.847900390625,316.0871276855469
B_trainable,1253,0.2895534038543701,0.1106242835521698,0.33476734161376953,58.3077507019043,0,0.2772329529442506,0.12641127363057003,336.6674499511719,784.84814453125,316.0871276855469
B_trainable,1254,0.29177039861679077,0.1152641624212265,0.3411703109741211,73.04686737060547,0,0.277378327400976,0.1262998025184766,336.66748046875,784.8483276367188,316.087158203125
B_trainable,1255,0.26363879442214966,0.12239678204059601,0.35048648715019226,40.63955307006836,0,0.2772409320711877,0.1262607723136978,336.66748046875,784.8489379882812,316.0872497558594
B_trainable,1256,0.25774186849594116,0.12019073963165283,0.3507293462753296,37.724639892578125,0,0.27704594143543526,0.12620007198687735,336.6674499511719,784.849853515625,316.08746337890625
B_trainable,1257,0.2750384509563446,0.10872042179107666,0.33908653259277344,38.546478271484375,0,0.27702586653064437,0.12602527548491935,336.6673889160156,784.8508911132812,316.08770751953125
B_trainable,1258,0.243844673037529,0.1088293194770813,0.3305436372756958,30.638093948364258,0,0.2766940545957132,0.12585331592484095,336.6673278808594,784.8515625,316.0877685546875
B_trainable,1259,0.3122057318687439,0.12064945697784424,0.3285295367240906,41.00824737548828,0,0.27704917136844354,0.12580127733537097,336.6673278808594,784.851806640625,316.08770751953125
B_trainable,1260,0.23853012919425964,0.1270003318786621,0.33553510904312134,35.4042854309082,0,0.2766639809467017,0.12581326788080388,336.6673278808594,784.851806640625,316.0875549316406
B_trainable,1261,0.22165468335151672,0.13223415613174438,0.33748334646224976,30.159006118774414,0,0.27611388797074987,0.1258774767633133,336.66729736328125,784.851806640625,316.08740234375
B_trainable,1262,0.41285547614097595,0.1981418877840042,0.3478643000125885,35.28401184082031,0,0.2774813038524521,0.1266001208735202,336.6673583984375,784.8516845703125,316.0872497558594
B_trainable,1263,0.24565264582633972,0.19447334110736847,0.34536856412887573,31.587657928466797,0,0.277163017272191,0.12727885307585868,336.6673278808594,784.8519897460938,316.0872497558594
B_trainable,1264,0.27371156215667725,0.17155775427818298,0.34048783779144287,35.07853317260742,0,0.27712850272103584,0.12772164208788192,336.6673278808594,784.8521118164062,316.08709716796875
B_trainable,1265,0.2620645761489868,0.17177459597587585,0.33791017532348633,38.69630813598633,0,0.27697786345531533,0.12816217162676186,336.66729736328125,784.8523559570312,316.0870361328125
B_trainable,1266,0.2858693599700928,0.11396579444408417,0.3323240280151367,37.261474609375,0,0.2770667784204631,0.1280202078549351,336.66729736328125,784.8523559570312,316.0869445800781
B_trainable,1267,0.28660374879837036,0.11118197441101074,0.336095929145813,46.77138137817383,0,0.27716214812424217,0.12785182552049587,336.6673583984375,784.8519897460938,316.0867004394531
B_trainable,1268,0.27152466773986816,0.12464788556098938,0.34293514490127563,37.918460845947266,0,0.27710577332039843,0.1278197861209008,336.6673583984375,784.8521118164062,316.0865783691406
B_trainable,1269,0.27222374081611633,0.130680114030838,0.3468285799026489,40.0384635925293,0,0.27705695299535565,0.12784838940000018,336.6673278808594,784.8529052734375,316.0867004394531
B_trainable,1270,0.2712569534778595,0.1218092143535614,0.3398548364639282,39.274070739746094,0,0.2769989530001807,0.12778799764953577,336.667236328125,784.8541259765625,316.0869445800781
B_trainable,1271,0.2983471155166626,0.11955037713050842,0.3353719115257263,44.396141052246094,0,0.2772124346253455,0.1277056214443455,336.6671447753906,784.8549194335938,316.08709716796875
B_trainable,1272,0.24710723757743835,0.10945960879325867,0.33137762546539307,32.49768829345703,0,0.2769113826548664,0.12752316131783462,336.6670837402344,784.85546875,316.08721923828125
B_trainable,1273,0.2723667621612549,0.10515342652797699,0.32539287209510803,31.569887161254883,0,0.2768659364499303,0.12729946396993602,336.6670837402344,784.8557739257812,316.08734130859375
B_trainable,1274,0.2563742697238922,0.10628877580165863,0.335713267326355,32.76594161987305,0,0.2766610197826699,0.12708935708825325,336.6670837402344,784.8560180664062,316.0873718261719
B_trainable,1275,0.24760359525680542,0.10265195369720459,0.3312808871269226,31.218732833862305,0,0.27637044553741125,0.12684498305434277,336.6671142578125,784.8560180664062,316.0873107910156
B_trainable,1276,0.37901270389556885,0.1208508312702179,0.33633339405059814,34.388736724853516,0,0.27739686812099285,0.12678504153650152,336.6670837402344,784.8561401367188,316.0873107910156
B_trainable,1277,0.2983863651752472,0.13402841985225677,0.3376255929470062,37.118743896484375,0,0.27760676309153537,0.12685747531965907,336.6670837402344,784.8561401367188,316.08721923828125
B_trainable,1278,0.23427841067314148,0.13163559138774872,0.33090710639953613,33.929317474365234,0,0.2771734795673514,0.12690525648033998,336.6670227050781,784.8568115234375,316.08740234375
B_trainable,1279,0.27810707688331604,0.12893255054950714,0.3273417353630066,34.45407485961914,0,0.27718281554051105,0.12692552942103166,336.66705322265625,784.8565063476562,316.08721923828125
B_trainable,1280,0.23625215888023376,0.11409538984298706,0.32656246423721313,33.99454879760742,0,0.2767735089739083,0.1267972280252512,336.6670837402344,784.8558959960938,316.0869445800781
B_trainable,1281,0.2593025267124176,0.11136142909526825,0.32638680934906006,37.1186408996582,0,0.2765987991512934,0.12664287003595137,336.66717529296875,784.8544921875,316.08642578125
B_trainable,1282,0.26262831687927246,0.11288765072822571,0.33709102869033813,34.79152297973633,0,0.27645909432857313,0.1265053178428741,336.667236328125,784.8532104492188,316.0859069824219
B_trainable,1283,0.28351205587387085,0.11702561378479004,0.34014517068862915,45.47736358642578,0,0.2765296239440261,0.12641052080229329,336.6673278808594,784.8521118164062,316.08544921875
B_trainable,1284,0.2398742288351059,0.11451970040798187,0.33602339029312134,37.248756408691406,0,0.2761630699929369,0.12629161259835014,336.6673583984375,784.8511962890625,316.0850524902344
B_trainable,1285,0.24675844609737396,0.11114662885665894,0.33732855319976807,32.84700012207031,0,0.27586902375398126,0.12614016276093323,336.6673889160156,784.8504638671875,316.084716796875
B_trainable,1286,0.26919764280319214,0.11806327104568481,0.34034276008605957,36.8477897644043,0,0.27580230994447336,0.12605939384378076,336.66741943359375,784.8497314453125,316.0843811035156
B_trainable,1287,0.3210071325302124,0.12979863584041595,0.33968061208724976,38.354835510253906,0,0.2762543581703307,0.12609678626374712,336.6674499511719,784.8491821289062,316.0840759277344
B_trainable,1288,0.24537374079227448,0.12787450850009918,0.3404158353805542,34.96556091308594,0,0.2759455519965502,0.12611456348611064,336.66741943359375,784.8490600585938,316.08392333984375
B_trainable,1289,0.2528402507305145,0.12083756923675537,0.33589065074920654,31.194028854370117,0,0.27571449898388983,0.12606179354361707,336.6673889160156,784.84912109375,316.0838623046875
B_trainable,1290,0.2579967677593231,0.11594982445240021,0.3374900817871094,34.61437225341797,0,0.27553732167164413,0.1259606738527049,336.6673278808594,784.8500366210938,316.083984375
B_trainable,1291,0.28469595313072205,0.11244256794452667,0.339679092168808,37.577754974365234,0,0.2756289079862349,0.12582549279362312,336.667236328125,784.8507080078125,316.0840148925781
B_trainable,1292,0.2658657133579254,0.11204168200492859,0.3379323184490204,44.431480407714844,0,0.2755312760399518,0.12568765468573617,336.66717529296875,784.8511962890625,316.0840148925781
B_trainable,1293,0.23509012162685394,0.1270785629749298,0.33944955468177795,47.07505416870117,0,0.2751268644958208,0.1257015637686281,336.6671447753906,784.8515625,316.083984375
B_trainable,1294,0.26936760544776917,0.1148746907711029,0.3393823802471161,38.92498016357422,0,0.27506927190534025,0.12559329503865285,336.6670837402344,784.8523559570312,316.0840759277344
B_trainable,1295,0.2375435084104538,0.11700618267059326,0.3327128291130066,28.982986450195312,0,0.27469401427039136,0.12550742391497224,336.6670837402344,784.8527221679688,316.0839538574219
B_trainable,1296,0.25982004404067993,0.1163068562746048,0.3323362469673157,39.55699920654297,0,0.27454527456809424,0.12541541823856858,336.66705322265625,784.8527221679688,316.083740234375
B_trainable,1297,0.2569369077682495,0.11279179155826569,0.3325573205947876,32.63093566894531,0,0.2743691909000958,0.12528918197176556,336.6671142578125,784.8516845703125,316.0832214355469
B_trainable,1298,0.25177717208862305,0.11684516072273254,0.3314942717552185,35.885921478271484,0,0.2741432707119811,0.12520474175927523,336.66717529296875,784.8505249023438,316.0826721191406
B_trainable,1299,0.2703239619731903,0.12353414297103882,0.34272444248199463,48.43553924560547,0,0.2741050776245932,0.12518803577139287,336.6672668457031,784.8487548828125,316.0819091796875
B_trainable,1300,0.2516785264015198,0.11871148645877838,0.34819167852401733,35.44606399536133,0,0.2738808121123625,0.12512327027826672,336.6673583984375,784.846923828125,316.0812072753906
B_trainable,1301,0.25686755776405334,0.12935090065002441,0.34597158432006836,33.229801177978516,0,0.27371067956887934,0.1251655465819843,336.66741943359375,784.845458984375,316.0805358886719
B_trainable,1302,0.2661897838115692,0.12236058712005615,0.3410864770412445,40.81574630737305,0,0.2736354706113063,0.12513749698736504,336.66748046875,784.84423828125,316.08001708984375
B_trainable,1303,0.27896496653556824,0.12219758331775665,0.3410380482673645,41.5706901550293,0,0.2736887655705489,0.12510809785066895,336.6675109863281,784.8428955078125,316.0794677734375
B_trainable,1304,0.2714802324771881,0.12141445279121399,0.3337462842464447,35.38154983520508,0,0.27366668023961527,0.1250711614000744,336.6675720214844,784.841796875,316.07904052734375
B_trainable,1305,0.22588452696800232,0.11786049604415894,0.3369356095790863,31.293170928955078,0,0.27318885870689913,0.12499905474651525,336.6675720214844,784.8410034179688,316.0787353515625
B_trainable,1306,0.2556133270263672,0.12235915660858154,0.3377862572669983,36.05850601196289,0,0.27301310339009377,0.12497265576513591,336.66754150390625,784.8406982421875,316.07861328125
B_trainable,1307,0.23838616907596588,0.12300284206867218,0.33963543176651,33.87948989868164,0,0.27266683404695247,0.12495295762817127,336.66748046875,784.8404541015625,316.0785217285156
B_trainable,1308,0.27585265040397644,0.12474703788757324,0.337890088558197,49.56474304199219,0,0.2726986922105227,0.12495089843076529,336.6674499511719,784.8406982421875,316.0785827636719
B_trainable,1309,0.23964963853359222,0.11456954479217529,0.33286383748054504,37.842044830322266,0,0.27236820167375336,0.12484708489437939,336.6673278808594,784.8412475585938,316.0788269042969
B_trainable,1310,0.348810076713562,0.12153992056846619,0.33744505047798157,50.44699478149414,0,0.27313262042415143,0.12481401325112025,336.66729736328125,784.8411254882812,316.07879638671875
B_trainable,1311,0.2526870369911194,0.11551323533058167,0.3358054757118225,40.71451187133789,0,0.2729281645898211,0.12472100547191486,336.6672668457031,784.8414306640625,316.07891845703125
B_trainable,1312,0.27694252133369446,0.11818154156208038,0.3350566625595093,40.11427688598633,0,0.27296830815725986,0.12465561083281652,336.6672058105469,784.8416748046875,316.07904052734375
B_trainable,1313,0.3338441550731659,0.12485712766647339,0.33756038546562195,55.58766174316406,0,0.2735770666264189,0.1246576260011531,336.6671142578125,784.8421020507812,316.07928466796875
B_trainable,1314,0.3027145564556122,0.13657088577747345,0.33427536487579346,55.831111907958984,0,0.27386844152471085,0.12477675859891631,336.66705322265625,784.8425903320312,316.0794982910156
B_trainable,1315,0.22774535417556763,0.1455802619457245,0.33883512020111084,34.21273422241211,0,0.2734072106512194,0.12498479363238438,336.66693115234375,784.8436889648438,316.0798645019531
B_trainable,1316,0.27234986424446106,0.12657694518566132,0.3287109434604645,49.922447204589844,0,0.2733966371871518,0.12500071514791714,336.6668395996094,784.8447265625,316.0801696777344
B_trainable,1317,0.2941882610321045,0.11675848066806793,0.32882606983184814,37.754337310791016,0,0.2736045534256013,0.12491829280311864,336.666748046875,784.8460083007812,316.0805358886719
B_trainable,1318,0.24336734414100647,0.10322551429271698,0.32552164793014526,40.5953483581543,0,0.27330218133275536,0.12470136501801463,336.6666564941406,784.8475952148438,316.0809326171875
B_trainable,1319,0.2849198579788208,0.1107763946056366,0.3206220269203186,34.59038543701172,0,0.273418358099216,0.12456211531389084,336.6665954589844,784.8486938476562,316.08111572265625
B_trainable,1320,0.27122870087623596,0.1202707290649414,0.3303203582763672,30.819692611694336,0,0.2733964615269862,0.12451920145140136,336.66656494140625,784.8497924804688,316.0812683105469
B_trainable,1321,0.27322304248809814,0.13014645874500275,0.3375099301338196,134.6306915283203,0,0.2733947273365973,0.12457547402433736,336.66650390625,784.8507690429688,316.0813293457031
B_trainable,1322,0.2477685958147049,0.12210950255393982,0.34305575489997864,37.08832931518555,0,0.2731384660213784,0.12455081430963338,336.6664733886719,784.851806640625,316.08148193359375
B_trainable,1323,0.2832072675228119,0.12710613012313843,0.35114628076553345,38.514442443847656,0,0.27323915403639276,0.12457636746776844,336.6664123535156,784.8527221679688,316.0815734863281
B_trainable,1324,0.2648107707500458,0.11858007311820984,0.34731554985046387,38.38595962524414,0,0.2731548702035293,0.12451640452427286,336.66632080078125,784.8535766601562,316.0816650390625
B_trainable,1325,0.30647382140159607,0.1278916299343109,0.3527567982673645,37.411136627197266,0,0.27348805971551,0.12455015677837324,336.6662292480469,784.8543701171875,316.0816955566406
B_trainable,1326,0.2746998965740204,0.12087070941925049,0.35501372814178467,33.936431884765625,0,0.2735001780840951,0.12451336230478201,336.6661682128906,784.8551025390625,316.0817565917969
B_trainable,1327,0.28621289134025574,0.11742469668388367,0.35373735427856445,46.044551849365234,0,0.2736273052166567,0.12444247564857303,336.66607666015625,784.8560180664062,316.0819091796875
B_trainable,1328,0.3009810149669647,0.12646573781967163,0.35640066862106323,37.490604400634766,0,0.2739008423141598,0.12446270827028401,336.6659851074219,784.8564453125,316.0819091796875
B_trainable,1329,0.2531125545501709,0.12085296213626862,0.3466843366622925,33.07585906982422,0,0.2736929594365199,0.12442661080894385,336.66583251953125,784.857177734375,316.0820007324219
B_trainable,1330,0.2573211193084717,0.12415389716625214,0.35261112451553345,38.36870574951172,0,0.2735292410352394,0.12442388367251693,336.66571044921875,784.8580932617188,316.0821533203125
B_trainable,1331,0.24970433115959167,0.12378743290901184,0.3479030132293701,35.6029052734375,0,0.2732909919364829,0.12441751916488188,336.6655578613281,784.859375,316.08233642578125
B_trainable,1332,0.262784868478775,0.12727588415145874,0.3484278619289398,44.69350814819336,0,0.27318593070190583,0.12444610281474765,336.6654357910156,784.8604736328125,316.0825500488281
B_trainable,1333,0.29780495166778564,0.12953466176986694,0.3531700670719147,47.900184631347656,0,0.2734321209115646,0.12449698840429885,336.6653137207031,784.8612670898438,316.0827331542969
B_trainable,1334,0.3056640625,0.12125849723815918,0.3453802466392517,38.143089294433594,0,0.27375444032744894,0.12446460349263745,336.6651916503906,784.8617553710938,316.08282470703125
B_trainable,1335,0.25319403409957886,0.10928776860237122,0.3409784436225891,37.66449737548828,0,0.27354883626517024,0.1243128351437348,336.6651306152344,784.8614501953125,316.082763671875
B_trainable,1336,0.2836962342262268,0.12232190370559692,0.3459320366382599,37.07602310180664,0,0.2736503102447808,0.12429292582935342,336.66510009765625,784.8609008789062,316.0826110839844
B_trainable,1337,0.2870086431503296,0.13458816707134247,0.35563522577285767,33.94438934326172,0,0.27378389357383626,0.12439587824177331,336.6651306152344,784.8598022460938,316.0823059082031
B_trainable,1338,0.27185654640197754,0.13782548904418945,0.34858229756355286,40.97624206542969,0,0.27376462010211766,0.12453017434979748,336.6651306152344,784.8587036132812,316.0820007324219
B_trainable,1339,0.23420411348342896,0.12551525235176086,0.34514757990837097,35.48750305175781,0,0.27336901503593075,0.12454002512981711,336.66510009765625,784.8583374023438,316.08197021484375
B_trainable,1340,0.2336781919002533,0.12042516469955444,0.33894118666648865,35.671695709228516,0,0.272972106804574,0.12449887652551449,336.66510009765625,784.8578491210938,316.08184814453125
B_trainable,1341,0.2685239017009735,0.12044903635978699,0.33803772926330566,34.13617706298828,0,0.272927624753538,0.12445837812385722,336.66510009765625,784.8572387695312,316.0816345214844
B_trainable,1342,0.25881680846214294,0.11894506216049194,0.34138232469558716,28.274383544921875,0,0.27278651659062403,0.12440324496422357,336.6651611328125,784.856689453125,316.0813903808594
B_trainable,1343,0.27989161014556885,0.11913388967514038,0.3430916965007782,39.40119552612305,0,0.27285756752617346,0.12435055141133275,336.6651611328125,784.855712890625,316.08099365234375
B_trainable,1344,0.22269617021083832,0.10870769619941711,0.3390697240829468,33.70603561401367,0,0.2723559535530201,0.1241941228592136,336.6652526855469,784.8546142578125,316.0805358886719
B_trainable,1345,0.27171170711517334,0.11130955815315247,0.32839304208755493,36.44301986694336,0,0.27234951108864164,0.12406527721215298,336.66534423828125,784.8524780273438,316.0797119140625
B_trainable,1346,0.3117634057998657,0.1289462447166443,0.3313977122306824,39.821773529052734,0,0.27274365003575385,0.1241140868871979,336.6654968261719,784.85009765625,316.0788879394531
B_trainable,1347,0.24952074885368347,0.12922590970993042,0.3357362151145935,34.87105941772461,0,0.2725114210239331,0.12416520511542523,336.66558837890625,784.84814453125,316.078125
B_trainable,1348,0.2510060966014862,0.12707646191120148,0.34425851702690125,31.893829345703125,0,0.2722963677797086,0.12419431768338299,336.66571044921875,784.8464965820312,316.0774230957031
B_trainable,1349,0.27731943130493164,0.1259518563747406,0.3370656967163086,33.715301513671875,0,0.2723465984149609,0.12421189307029656,336.6658020019531,784.8450317382812,316.07684326171875
B_trainable,1350,0.25745564699172974,0.1183839738368988,0.3477131128311157,35.373287200927734,0,0.27219768890072854,0.12415361387796257,336.6658630371094,784.84375,316.0762939453125
B_trainable,1351,0.30596280097961426,0.12122410535812378,0.3574230372905731,48.81489181518555,0,0.2725353400215174,0.12412431879276419,336.6659240722656,784.8427124023438,316.0758056640625
B_trainable,1352,0.2403179258108139,0.12784650921821594,0.3569234311580658,42.5344123840332,0,0.27221316587941036,0.1241615406970187,336.6659240722656,784.8425903320312,316.0755920410156
B_trainable,1353,0.2602442800998688,0.12533530592918396,0.3476649224758148,42.34120559692383,0,0.27209347702161496,0.12417327834934035,336.6659240722656,784.8428955078125,316.0755920410156
B_trainable,1354,0.2785278558731079,0.11024835705757141,0.3361854553222656,36.990379333496094,0,0.27215782081012985,0.12403402913642265,336.6658935546875,784.8432006835938,316.07562255859375
B_trainable,1355,0.2689560055732727,0.122560515999794,0.3442012369632721,31.302778244018555,0,0.27212580265776126,0.12401929400505636,336.6659240722656,784.8433227539062,316.0755920410156
B_trainable,1356,0.24399079382419586,0.12058579921722412,0.3449702262878418,35.48271179199219,0,0.2718444525694256,0.12398495905717803,336.6658935546875,784.8436889648438,316.07568359375
B_trainable,1357,0.8217148780822754,0.15701565146446228,0.3426724970340729,226.35256958007812,0,0.27734315682455407,0.12431526598125087,336.6658630371094,784.8441162109375,316.07574462890625
B_trainable,1358,0.2828652560710907,0.15569771826267242,0.3568360209465027,34.96405792236328,0,0.2773983778170194,0.12462909050406508,336.6658630371094,784.844482421875,316.0757751464844
B_trainable,1359,0.27814745903015137,0.14891159534454346,0.3442057967185974,36.10251998901367,0,0.2774058686291508,0.12487191555246986,336.66583251953125,784.8449096679688,316.07586669921875
B_trainable,1360,0.2684682011604309,0.14428098499774933,0.34967052936553955,37.58005905151367,0,0.2773164919544636,0.12506600624692266,336.6658020019531,784.8455200195312,316.07598876953125
B_trainable,1361,0.3070254325866699,0.1241045594215393,0.35181474685668945,35.53403091430664,0,0.2776135813607857,0.1250563917786688,336.6657409667969,784.8464965820312,316.0762023925781
B_trainable,1362,0.31025126576423645,0.12194645404815674,0.34310856461524963,37.04201126098633,0,0.2779399582048202,0.1250252924013637,336.6656799316406,784.847412109375,316.076416015625
B_trainable,1363,0.2527354955673218,0.12050822377204895,0.34501469135284424,29.85858726501465,0,0.27768791357844524,0.12498012171507056,336.6656494140625,784.8486328125,316.0766906738281
B_trainable,1364,0.25519630312919617,0.1177225261926651,0.34676873683929443,28.3062686920166,0,0.27746299747395275,0.1249075457598465,336.6656188964844,784.8496704101562,316.076904296875
B_trainable,1365,0.2699403166770935,0.11758875846862793,0.3329043388366699,38.37002182006836,0,0.27738777066598413,0.12483435788693432,336.6656188964844,784.8504638671875,316.0769348144531
B_trainable,1366,0.27071937918663025,0.11808900535106659,0.3404761254787445,35.48151397705078,0,0.2773210867511906,0.12476690436157566,336.6656188964844,784.8511962890625,316.07696533203125
B_trainable,1367,0.2621369957923889,0.12427756190299988,0.3369795083999634,32.107295989990234,0,0.2771692458416026,0.1247620109369899,336.6656188964844,784.8517456054688,316.07696533203125
B_trainable,1368,0.27046993374824524,0.11675107479095459,0.33166277408599854,39.36240005493164,0,0.277102252720669,0.12468190157552954,336.6656494140625,784.8521728515625,316.0769348144531
B_trainable,1369,0.276914119720459,0.11883881688117981,0.34132298827171326,33.820980072021484,0,0.27710037139066696,0.12462347072858604,336.6657409667969,784.8522338867188,316.0767822265625
B_trainable,1370,0.5820081830024719,0.1735008805990219,0.34219890832901,75.5854263305664,0,0.280149449506785,0.1251122448272904,336.6658020019531,784.8522338867188,316.0766296386719
B_trainable,1371,0.2844898998737335,0.17018121480941772,0.335300087928772,36.648048400878906,0,0.2801928540104545,0.12556293452711167,336.6658935546875,784.8522338867188,316.07647705078125
B_trainable,1372,0.21732208132743835,0.16710443794727325,0.3276422619819641,29.29706573486328,0,0.27956414628362436,0.1259783495613133,336.66595458984375,784.8519897460938,316.07623291015625
B_trainable,1373,0.2532961070537567,0.15421484410762787,0.32058537006378174,42.358238220214844,0,0.2793014658913257,0.12626071450677642,336.66607666015625,784.8514404296875,316.07586669921875
B_trainable,1374,0.23379410803318024,0.09602560102939606,0.3179548382759094,27.4027156829834,0,0.2788463923127443,0.1259583633720026,336.66632080078125,784.849853515625,316.07513427734375
B_trainable,1375,0.2446817308664322,0.11044059693813324,0.3287825584411621,37.13153839111328,0,0.27850474569828115,0.1258031857076639,336.6665954589844,784.8474731445312,316.07415771484375
B_trainable,1376,0.21126273274421692,0.10310173034667969,0.3275618255138397,30.00444221496582,0,0.2778323255687405,0.12557617115405406,336.66680908203125,784.8455810546875,316.0733337402344
B_trainable,1377,0.23490354418754578,0.107757568359375,0.329235702753067,34.53153610229492,0,0.2774030377549286,0.12539798512610728,336.6670227050781,784.843994140625,316.0726318359375
B_trainable,1378,0.3091215193271637,0.12011414766311646,0.33251097798347473,38.00441360473633,0,0.27772022257065093,0.12534514675147737,336.6672058105469,784.84228515625,316.0718994140625
B_trainable,1379,0.2612174153327942,0.12300306558609009,0.33119502663612366,31.36547088623047,0,0.2775551944982724,0.1253217259398235,336.6673889160156,784.8408203125,316.07122802734375
B_trainable,1380,0.2710793614387512,0.12720465660095215,0.34714165329933167,35.344974517822266,0,0.27749043616767716,0.12534055524643478,336.66754150390625,784.8395385742188,316.07061767578125
B_trainable,1381,0.26004302501678467,0.1253015249967575,0.3495388627052307,37.967037200927734,0,0.27731596205616826,0.12534016494393801,336.66766357421875,784.8383178710938,316.0700378417969
B_trainable,1382,0.20420022308826447,0.12459830939769745,0.3438115119934082,32.65359115600586,0,0.2765848046664892,0.1253327463884756,336.667724609375,784.8375244140625,316.06964111328125
B_trainable,1383,0.2774181365966797,0.13208767771720886,0.3491586744785309,44.6870231628418,0,0.2765931379857911,0.12540029570176292,336.66778564453125,784.8369140625,316.06927490234375
B_trainable,1384,0.23106440901756287,0.12318979203701019,0.3405626714229584,37.330928802490234,0,0.2761378506961088,0.12537819066511538,336.6677551269531,784.83740234375,316.0692138671875
B_trainable,1385,0.2599736452102661,0.10960033535957336,0.3308117389678955,41.301395416259766,0,0.2759762086412504,0.12522041211205995,336.6677551269531,784.8386840820312,316.0694274902344
B_trainable,1386,0.25128477811813354,0.11681881546974182,0.33452120423316956,31.516246795654297,0,0.2757292943360192,0.12513639614563676,336.66766357421875,784.840576171875,316.06976318359375
B_trainable,1387,0.22679278254508972,0.12070874869823456,0.3372264504432678,27.992168426513672,0,0.2752399292181099,0.12509211967116274,336.6676330566406,784.8424072265625,316.07000732421875
B_trainable,1388,0.24295371770858765,0.1182548999786377,0.3335418701171875,33.14435577392578,0,0.27491706710301467,0.12502374747423747,336.6675720214844,784.8445434570312,316.0704345703125
B_trainable,1389,0.31064602732658386,0.11583204567432404,0.3348255455493927,36.230796813964844,0,0.27527435670525036,0.12493183045623835,336.66754150390625,784.845947265625,316.0706481933594
B_trainable,1390,0.2893788516521454,0.11758184432983398,0.3358790874481201,44.057186126708984,0,0.2754154016547193,0.1248583305949743,336.66748046875,784.8473510742188,316.0708923339844
B_trainable,1391,0.2729441523551941,0.11722928285598755,0.3415926992893219,41.159915924072266,0,0.275390689161724,0.12478204011758443,336.66748046875,784.8482666015625,316.0710144042969
B_trainable,1392,0.562408447265625,0.16261866688728333,0.35032206773757935,43.61128234863281,0,0.278260866742763,0.12516040638528142,336.6673889160156,784.8494262695312,316.0712585449219
B_trainable,1393,0.2756101191043854,0.16749969124794006,0.34957489371299744,37.303192138671875,0,0.27823435926637924,0.125583799233908,336.6673583984375,784.8502197265625,316.0712890625
B_trainable,1394,0.2782759666442871,0.1661646068096161,0.3511485159397125,208.56509399414062,0,0.27823477534015834,0.12598960730966507,336.66729736328125,784.8508911132812,316.0713195800781
B_trainable,1395,0.2562177777290344,0.17203399538993835,0.34645044803619385,33.56254196166992,0,0.2780146053640471,0.12645005119046782,336.66717529296875,784.8524780273438,316.07171630859375
B_trainable,1396,0.25314050912857056,0.11992965638637543,0.3404937982559204,29.920915603637695,0,0.2777658644016923,0.12638484724242688,336.66705322265625,784.8536376953125,316.07196044921875
B_trainable,1397,0.21801945567131042,0.11070547997951508,0.3270101547241211,30.61233901977539,0,0.2771684003143885,0.12622805356979774,336.6669616699219,784.8546142578125,316.0721130371094
B_trainable,1398,0.26082050800323486,0.10240349173545837,0.32209813594818115,30.541109085083008,0,0.27700492139127697,0.12598980795145434,336.66693115234375,784.8547973632812,316.0719909667969
B_trainable,1399,0.2690582573413849,0.10324862599372864,0.3219429552555084,36.87303924560547,0,0.27692545475077807,0.1257623961318771,336.66693115234375,784.854736328125,316.0717468261719
B_trainable,1400,0.23382610082626343,0.10874412953853607,0.3145865201950073,34.130348205566406,0,0.2764944612115329,0.12559221346594368,336.6669616699219,784.8541259765625,316.0713195800781
B_trainable,1401,0.27004995942115784,0.09966492652893066,0.3188434839248657,39.7448616027832,0,0.27643001619362917,0.12533294059657354,336.6670227050781,784.8523559570312,316.0705871582031
B_trainable,1402,0.26297205686569214,0.11358889937400818,0.33535075187683105,31.93271255493164,0,0.2762954366003498,0.1252155001843479,336.6670837402344,784.8500366210938,316.06976318359375
B_trainable,1403,0.2566206157207489,0.1163645088672638,0.3407845199108124,28.640277862548828,0,0.27609868839155377,0.12512699027117707,336.6672058105469,784.8477783203125,316.0688171386719
B_trainable,1404,0.2630350887775421,0.12303589284420013,0.35200491547584534,33.106021881103516,0,0.27596805239541367,0.1251060792969073,336.6672668457031,784.845947265625,316.0680847167969
B_trainable,1405,0.2587779760360718,0.11848233640193939,0.3473759889602661,36.701744079589844,0,0.27579615163182025,0.12503984186795764,336.66729736328125,784.8445434570312,316.0674743652344
B_trainable,1406,0.2661159634590149,0.11931312084197998,0.34914839267730713,31.072025299072266,0,0.2756993497500922,0.12498257465769785,336.6673583984375,784.8433227539062,316.06689453125
B_trainable,1407,0.2907863259315491,0.12052679061889648,0.34489792585372925,34.166038513183594,0,0.27585021951190675,0.12493801681730984,336.6673889160156,784.84228515625,316.06640625
B_trainable,1408,0.25380685925483704,0.12041622400283813,0.351442813873291,35.06007385253906,0,0.275629785909336,0.12489279888916513,336.6673278808594,784.841796875,316.06610107421875
B_trainable,1409,0.2413327991962433,0.11594089865684509,0.34646233916282654,37.56147384643555,0,0.27528681604220506,0.12480327988684194,336.66729736328125,784.8419799804688,316.0660095214844
B_trainable,1410,0.27119550108909607,0.11054426431655884,0.3473876714706421,39.39626693725586,0,0.275245902892674,0.1246606897311391,336.6672058105469,784.84228515625,316.0659484863281
B_trainable,1411,0.27085086703300476,0.10465946793556213,0.3417627811431885,36.452701568603516,0,0.2752019525340773,0.12446067751318333,336.6671142578125,784.8427124023438,316.06591796875
B_trainable,1412,0.2509344816207886,0.11007669568061829,0.34261441230773926,36.03276443481445,0,0.27495927782494445,0.12431683769485768,336.6670227050781,784.8430786132812,316.0658874511719
B_trainable,1413,0.2841724455356598,0.12241710722446442,0.3409739136695862,40.0344123840332,0,0.2750514095020516,0.12429784039015376,336.66693115234375,784.8435668945312,316.0658874511719
B_trainable,1414,0.27239519357681274,0.12145386636257172,0.3453306555747986,34.902183532714844,0,0.2750248473427992,0.12426940064987793,336.6668395996094,784.8436279296875,316.0657958984375
B_trainable,1415,0.26804789900779724,0.12264804542064667,0.3472878932952881,38.078033447265625,0,0.27495507785944917,0.12425318709758562,336.6667785644531,784.84375,316.0657043457031
B_trainable,1416,0.2779812514781952,0.11620935797691345,0.3432387113571167,35.570274353027344,0,0.2749853395956366,0.12417274880637891,336.6667175292969,784.8440551757812,316.06573486328125
B_trainable,1417,0.23726648092269897,0.1182553768157959,0.33307021856307983,36.713130950927734,0,0.27460815100890723,0.12411357508647307,336.6666564941406,784.844482421875,316.0657653808594
B_trainable,1418,0.2821103632450104,0.11446733772754669,0.3324877619743347,51.94968795776367,0,0.2746831731312682,0.1240171127128838,336.6666259765625,784.8449096679688,316.0657958984375
B_trainable,1419,0.2787370979785919,0.1193881630897522,0.3383263349533081,38.34349822998047,0,0.27472371237974147,0.1239708232166525,336.6665954589844,784.8447875976562,316.065673828125
B_trainable,1420,0.26332804560661316,0.1140637993812561,0.3305477797985077,32.63468551635742,0,0.2746097557120102,0.12387175297829853,336.6665954589844,784.8450317382812,316.0655517578125
B_trainable,1421,0.2716672718524933,0.11169545352458954,0.3296203017234802,30.333568572998047,0,0.274580330873415,0.12374998998376144,336.66656494140625,784.845458984375,316.0655212402344
B_trainable,1422,0.2554376423358917,0.10914713144302368,0.3257105350494385,34.24176788330078,0,0.2743889039880398,0.12360396139835407,336.66656494140625,784.8456420898438,316.0653991699219
B_trainable,1423,0.2718201279640198,0.11481523513793945,0.3285897374153137,37.61037826538086,0,0.2743632162277996,0.12351607413574993,336.66656494140625,784.8456420898438,316.0653076171875
B_trainable,1424,0.3175390958786011,0.11598190665245056,0.32800471782684326,44.076087951660156,0,0.27479497502430755,0.12344073246091693,336.6665344238281,784.8460693359375,316.06524658203125
B_trainable,1425,0.23819367587566376,0.1154017448425293,0.32899975776672363,41.1875,0,0.27442896203282113,0.12336034258473305,336.6664733886719,784.8471069335938,316.0653991699219
B_trainable,1426,0.2665715217590332,0.11018994450569153,0.32698124647140503,35.47580337524414,0,0.2743503876300833,0.12322863860394263,336.6663818359375,784.8482055664062,316.0655822753906
B_trainable,1427,0.29904869198799133,0.11158819496631622,0.3360663056373596,37.537681579589844,0,0.27459737067366236,0.12311223416756638,336.6664123535156,784.8488159179688,316.0655822753906
B_trainable,1428,0.23739014565944672,0.10520775616168976,0.33170223236083984,33.969722747802734,0,0.27422529842352017,0.12293318938750762,336.6663818359375,784.8497314453125,316.065673828125
B_trainable,1429,0.24952274560928345,0.10595940053462982,0.32221269607543945,36.975929260253906,0,0.2739782728953778,0.12276345149897885,336.6663818359375,784.8504028320312,316.0656433105469
B_trainable,1430,0.2661735415458679,0.11586606502532959,0.32908591628074646,35.518226623535156,0,0.2739002255818827,0.12269447763424236,336.6663818359375,784.850830078125,316.0655822753906
B_trainable,1431,0.29497891664505005,0.11248327791690826,0.3319525718688965,37.85386276245117,0,0.27411101249251435,0.12259236563706902,336.6664123535156,784.85107421875,316.0654602050781
B_trainable,1432,0.24234695732593536,0.12078380584716797,0.33998507261276245,31.244211196899414,0,0.2737933719408485,0.12257428003917,336.6664123535156,784.8515014648438,316.0654602050781
B_trainable,1433,0.5605285167694092,0.18321220576763153,0.3436436653137207,73.9333724975586,0,0.2766607233891341,0.12318065929645461,336.6664733886719,784.851318359375,316.065185546875
B_trainable,1434,0.2621614634990692,0.1802593171596527,0.35085681080818176,30.29562759399414,0,0.27651573079023345,0.1237514458750866,336.6665344238281,784.851318359375,316.0650634765625
B_trainable,1435,0.26792216300964355,0.17791013419628143,0.34719520807266235,30.070114135742188,0,0.27642979511242755,0.12429303275829855,336.66656494140625,784.8514404296875,316.0649719238281
B_trainable,1436,0.2811577320098877,0.17671062052249908,0.3518826961517334,37.44430923461914,0,0.2764770744814022,0.12481720863594055,336.6665344238281,784.8517456054688,316.0649108886719
B_trainable,1437,0.4622421860694885,0.15805359184741974,0.35561972856521606,140.46630859375,0,0.27833472559728306,0.12514957246805533,336.66650390625,784.85205078125,316.06488037109375
B_trainable,1438,0.2561606168746948,0.1642816811800003,0.3575955927371979,38.745384216308594,0,0.27811298451005717,0.12554089355517478,336.66650390625,784.8526000976562,316.06494140625
B_trainable,1439,0.23943442106246948,0.16050170361995697,0.34930628538131714,35.80527877807617,0,0.27772619887558125,0.1258905016558226,336.6664123535156,784.853759765625,316.0652160644531
B_trainable,1440,0.24179475009441376,0.15444675087928772,0.3492819368839264,31.154329299926758,0,0.2773668843877696,0.12617606414805727,336.6662902832031,784.8548583984375,316.0655517578125
B_trainable,1441,0.2759336531162262,0.11815163493156433,0.34385836124420166,35.92041778564453,0,0.27735255207505416,0.12609581985589233,336.6661682128906,784.855712890625,316.0657958984375
B_trainable,1442,0.23420006036758423,0.11580967903137207,0.33431196212768555,40.956722259521484,0,0.27692102715797945,0.12599295844764713,336.66607666015625,784.8564453125,316.06597900390625
B_trainable,1443,0.24600793421268463,0.11278973519802094,0.3240692615509033,33.22468566894531,0,0.2766118962285265,0.12586092621515085,336.666015625,784.8564453125,316.0658874511719
B_trainable,1444,0.2823018431663513,0.10939115285873413,0.33039265871047974,33.355045318603516,0,0.2766687956979047,0.12569622848158668,336.6660461425781,784.85546875,316.06549072265625
B_trainable,1445,0.23656268417835236,0.10812723636627197,0.32468166947364807,33.882354736328125,0,0.2762677345827092,0.12552053856043355,336.66607666015625,784.8546752929688,316.06512451171875
B_trainable,1446,0.2424069046974182,0.12618666887283325,0.3437495231628418,35.51725769042969,0,0.2759291262838563,0.12552719986355754,336.6661376953125,784.853515625,316.064697265625
B_trainable,1447,0.26375043392181396,0.12409545481204987,0.3450203239917755,36.460411071777344,0,0.2758073393602359,0.12551288241304245,336.6662292480469,784.8523559570312,316.0643005371094
B_trainable,1448,0.2996964454650879,0.12384572625160217,0.3463350534439087,35.14400100708008,0,0.2760462304212844,0.12549621085142806,336.66632080078125,784.8512573242188,316.0639343261719
B_trainable,1449,0.22007028758525848,0.12348097562789917,0.3398866057395935,36.779659271240234,0,0.27548647099292417,0.12547605849919277,336.6663513183594,784.85107421875,316.0638732910156
B_trainable,1450,0.25519800186157227,0.11747491359710693,0.327208548784256,32.410240173339844,0,0.27528358630161065,0.1253960470501719,336.6663513183594,784.85107421875,316.0638427734375
B_trainable,1451,0.2291559875011444,0.11900761723518372,0.33262521028518677,31.71178436279297,0,0.274822310313606,0.12533216275202202,336.6663513183594,784.8514404296875,316.0638732910156
B_trainable,1452,0.2600865066051483,0.1148262619972229,0.3285219669342041,38.098426818847656,0,0.27467495227652144,0.12522710374447404,336.66632080078125,784.8515014648438,316.0638732910156
B_trainable,1453,0.2695270776748657,0.10933008790016174,0.3304133415222168,34.992393493652344,0,0.27462347353050487,0.12506813358603092,336.66632080078125,784.8512573242188,316.0638122558594
B_trainable,1454,0.8235529065132141,0.1436086893081665,0.3329648971557617,117.83141326904297,0,0.28011276786033196,0.12525353914325227,336.66632080078125,784.851318359375,316.0638122558594
B_trainable,1455,0.5633110404014587,0.19315701723098755,0.33050936460494995,55.098907470703125,0,0.28294475058574325,0.12593257392412963,336.666259765625,784.8514404296875,316.0638427734375
B_trainable,1456,0.2855694890022278,0.1808967888355255,0.32761508226394653,41.48735809326172,0,0.2829709979699081,0.1264822160732436,336.6662902832031,784.8509521484375,316.0636901855469
B_trainable,1457,0.2654590904712677,0.17103590071201324,0.33304741978645325,40.31211853027344,0,0.2827958788949217,0.1269277529196313,336.66632080078125,784.8500366210938,316.0634460449219
B_trainable,1458,0.2877430021762848,0.152629554271698,0.34343597292900085,36.11686325073242,0,0.2828453501277353,0.12718477093315197,336.6663818359375,784.8491821289062,316.06317138671875
B_trainable,1459,0.36020803451538086,0.16836151480674744,0.3401148319244385,41.252567291259766,0,0.28361897697161176,0.12759653837188792,336.6664733886719,784.847900390625,316.06280517578125
B_trainable,1460,0.2769649624824524,0.19544854760169983,0.35344254970550537,31.904699325561523,0,0.28355243682672016,0.12827505846418605,336.66656494140625,784.8468017578125,316.06243896484375
B_trainable,1461,0.2770717442035675,0.1843213140964508,0.34503886103630066,30.22222900390625,0,0.2834876299004886,0.1288355210205087,336.6666259765625,784.8456420898438,316.0621643066406
B_trainable,1462,0.3499705195426941,0.20487529039382935,0.34971171617507935,74.55929565429688,0,0.28415245879691065,0.1295959187142419,336.66668701171875,784.8445434570312,316.06201171875
B_trainable,1463,0.3227369487285614,0.12730661034584045,0.34942176938056946,41.94834899902344,0,0.2845383036962272,0.12957302563055786,336.666748046875,784.84375,316.0619201660156
B_trainable,1464,0.25730645656585693,0.11514054238796234,0.33747440576553345,36.492794036865234,0,0.28426598522492347,0.1294287007981319,336.666748046875,784.8434448242188,316.0619201660156
B_trainable,1465,0.29146626591682434,0.11505390703678131,0.34150585532188416,35.305137634277344,0,0.28433798803184246,0.1292849528605184,336.666748046875,784.8430786132812,316.06182861328125
B_trainable,1466,0.25215399265289307,0.12642669677734375,0.34842920303344727,41.71775436401367,0,0.284016148078053,0.12925637029968665,336.6667175292969,784.8427734375,316.061767578125
B_trainable,1467,0.21737492084503174,0.11548277735710144,0.3340757489204407,28.371435165405273,0,0.28334973580572276,0.12911863437026078,336.6667175292969,784.8423461914062,316.06158447265625
B_trainable,1468,0.2260064035654068,0.11134247481822968,0.3336953818798065,31.651384353637695,0,0.2827763024833196,0.12894087277474045,336.6667175292969,784.8416748046875,316.0613708496094
B_trainable,1469,0.2528076767921448,0.11055228114128113,0.33371472358703613,35.77208709716797,0,0.28247661622640785,0.12875698685840586,336.66668701171875,784.84130859375,316.061279296875
B_trainable,1470,0.2632125914096832,0.1117546558380127,0.3292948603630066,38.05625915527344,0,0.2822839759782406,0.12858696354820193,336.66668701171875,784.840576171875,316.06103515625
B_trainable,1471,0.23149749636650085,0.10546445846557617,0.32507002353668213,39.85922622680664,0,0.2817761111821232,0.12835573849737567,336.6667175292969,784.840087890625,316.0608215332031
B_trainable,1472,0.24597056210041046,0.11588440835475922,0.3355099558830261,28.43575668334961,0,0.28141805569130607,0.1282310251959495,336.666748046875,784.8397216796875,316.06060791015625
B_trainable,1473,0.3142643868923187,0.1232440173625946,0.33489978313446045,49.33610153198242,0,0.2817465190033162,0.12818115511761596,336.66680908203125,784.8392333984375,316.0603942871094
B_trainable,1474,0.24717704951763153,0.12257090210914612,0.3468223810195923,40.21173858642578,0,0.28140082430845936,0.12812505258753126,336.66680908203125,784.83935546875,316.0603942871094
B_trainable,1475,0.30103814601898193,0.13098540902137756,0.35087427496910095,39.25996780395508,0,0.2815971975255646,0.12815365615186972,336.666748046875,784.8396606445312,316.0605163574219
B_trainable,1476,0.264954537153244,0.13041454553604126,0.34590598940849304,40.97377395629883,0,0.28143077092184143,0.12817626504571145,336.66668701171875,784.8402099609375,316.0606994628906
B_trainable,1477,0.28543218970298767,0.12517023086547852,0.3481176197528839,35.337318420410156,0,0.2814707851096529,0.1281462047039091,336.6665954589844,784.8410034179688,316.06097412109375
B_trainable,1478,0.28267011046409607,0.12409195303916931,0.3389924168586731,39.509246826171875,0,0.2814827783631973,0.1281056621872617,336.6665344238281,784.842041015625,316.061279296875
B_trainable,1479,0.24058803915977478,0.10512834787368774,0.32561200857162476,30.055919647216797,0,0.28107383097116306,0.12787588904412595,336.6664123535156,784.8433227539062,316.0617370605469
B_trainable,1480,0.23613664507865906,0.1020154058933258,0.323306143283844,32.92552947998047,0,0.28062445911223804,0.12761728421261795,336.66632080078125,784.8441772460938,316.0621032714844
B_trainable,1481,0.2560792565345764,0.10630035400390625,0.31611907482147217,37.2536506652832,0,0.2803790070864614,0.12740411491053083,336.666259765625,784.8445434570312,316.0622863769531
B_trainable,1482,0.2372322976589203,0.1116018295288086,0.31826499104499817,29.194852828979492,0,0.27994753999218597,0.1272460920567136,336.6662292480469,784.8446044921875,316.06231689453125
B_trainable,1483,0.26896363496780396,0.11280524730682373,0.32649630308151245,40.88591003417969,0,0.27983770094194216,0.12710168360921473,336.66619873046875,784.844482421875,316.06231689453125
B_trainable,1484,0.2576014995574951,0.1139230728149414,0.33338814973831177,39.671478271484375,0,0.2796153389280977,0.126969897501272,336.6661376953125,784.8445434570312,316.0624084472656
B_trainable,1485,0.27366212010383606,0.11157655715942383,0.333007276058197,46.180049896240234,0,0.2795558067398551,0.1268159640978535,336.6660461425781,784.8447875976562,316.0625305175781
B_trainable,1486,0.26222920417785645,0.12096534669399261,0.34906870126724243,27.08709716796875,0,0.2793825407142351,0.1267574579238149,336.666015625,784.8447265625,316.0625915527344
B_trainable,1487,0.24654728174209595,0.11289460957050323,0.3484640121459961,36.30286407470703,0,0.27905418812451366,0.12661882944028177,336.66595458984375,784.8451538085938,316.0627746582031
B_trainable,1488,0.2564634084701538,0.10973554849624634,0.3367619514465332,33.47096252441406,0,0.2788282803279701,0.12644999663084142,336.6658935546875,784.8450317382812,316.06280517578125
B_trainable,1489,0.3686259984970093,0.16892509162425995,0.33659714460372925,30.54998016357422,0,0.27972625750966046,0.1268747475807756,336.66583251953125,784.8446655273438,316.0625915527344
B_trainable,1490,0.2600337862968445,0.1735488921403885,0.3319912552833557,37.208473205566406,0,0.2795293327975323,0.1273414890263717,336.6657409667969,784.8442993164062,316.0624084472656
B_trainable,1491,0.2728521525859833,0.17473845183849335,0.32611745595932007,39.10995101928711,0,0.2794625609954168,0.12781545865449292,336.66571044921875,784.843994140625,316.0621643066406
B_trainable,1492,0.26993221044540405,0.17969325184822083,0.33426180481910706,32.437625885009766,0,0.27936725748991664,0.1283342365864302,336.6656799316406,784.8434448242188,316.0618591308594
B_trainable,1493,0.27353352308273315,0.12353941798210144,0.3449144959449768,33.37721252441406,0,0.2793089201458448,0.12828628840038692,336.6656494140625,784.8431396484375,316.06158447265625
B_trainable,1494,0.256517618894577,0.1272263526916504,0.352933794260025,34.258121490478516,0,0.2790810071333321,0.12827568904329956,336.6655578613281,784.8431396484375,316.0614013671875
B_trainable,1495,0.27544835209846497,0.12434539198875427,0.3524111807346344,43.04300308227539,0,0.2790446805829835,0.1282363860727541,336.66546630859375,784.843505859375,316.0614013671875
B_trainable,1496,0.2767978012561798,0.11603376269340515,0.3391942083835602,43.157012939453125,0,0.2790222117897154,0.12811435983896058,336.66534423828125,784.8441772460938,316.0614929199219
B_trainable,1497,0.2656819522380829,0.11302897334098816,0.33058297634124756,40.53258514404297,0,0.2788888091941991,0.12796350597398087,336.66522216796875,784.8447875976562,316.0615539550781
B_trainable,1498,0.5152965784072876,0.16883885860443115,0.329900324344635,36.7856559753418,0,0.28125288688633,0.12837225950028539,336.6651306152344,784.8452758789062,316.0616149902344
B_trainable,1499,0.27488967776298523,0.1689654141664505,0.33314284682273865,31.01209831237793,0,0.28118925479509654,0.12877819104694702,336.6650390625,784.845458984375,316.0615539550781
A_frozen,0,0.37217962741851807,0.7159916162490845,0.8195524215698242,235.16256713867188,0,0.37217962741851807,0.7159916162490845,336.66400146484375,784.7444458007812,316.2579650878906
A_frozen,1,0.7020879983901978,0.33657658100128174,0.4370359778404236,262.7245178222656,0,0.3754787111282349,0.7121974658966064,336.66400146484375,784.7444458007812,316.2579040527344
A_frozen,2,0.267919659614563,0.1950947642326355,0.363897442817688,45.668182373046875,0,0.37440312061309816,0.7070264388799667,336.66400146484375,784.7444458007812,316.2579345703125
A_frozen,3,0.33452269434928894,0.14869755506515503,0.338298499584198,42.42307662963867,0,0.37400431635046005,0.7014431500418187,336.66400146484375,784.7444458007812,316.2575988769531
A_frozen,4,0.34492018818855286,0.1575462371110916,0.3427838087081909,41.26030731201172,0,0.37371347506884095,0.6960041809125115,336.66400146484375,784.7444458007812,316.2572021484375
A_frozen,5,0.28643399477005005,0.10632705688476562,0.335162878036499,38.58740234375,0,0.37284068026585304,0.690107409672234,336.66400146484375,784.7444458007812,316.2565002441406
A_frozen,6,0.2699761986732483,0.10536810755729675,0.3433114290237427,40.0682373046875,0,0.371812035449927,0.6842600166510847,336.66400146484375,784.7444458007812,316.2557678222656
A_frozen,7,0.3019106388092041,0.10978275537490845,0.34057462215423584,35.27847671508789,0,0.3711130214835198,0.678515244038323,336.66400146484375,784.7444458007812,316.2550354003906
A_frozen,8,0.24802355468273163,0.1125614196062088,0.33594828844070435,36.6544189453125,0,0.3698821268155119,0.6728557057940018,336.66400146484375,784.7444458007812,316.25433349609375
A_frozen,9,0.3092462718486786,0.12583594024181366,0.3453405499458313,37.08901596069336,0,0.3692757682658436,0.6673855081384799,336.66400146484375,784.7444458007812,316.2535705566406
A_frozen,10,0.31279394030570984,0.12187497317790985,0.34633868932724,39.79423141479492,0,0.36871094998624226,0.661930402788874,336.66400146484375,784.7444458007812,316.25286865234375
A_frozen,11,0.28743302822113037,0.12014047801494598,0.34655481576919556,46.45717239379883,0,0.3678981707685911,0.6565125035411347,336.66400146484375,784.7444458007812,316.2522277832031
A_frozen,12,0.25395655632019043,0.1225084513425827,0.34775155782699585,31.983911514282227,0,0.36675875462410706,0.6511724630191491,336.66400146484375,784.7444458007812,316.2516174316406
A_frozen,13,0.2977294921875,0.121867835521698,0.35673168301582336,34.75469970703125,0,0.36606846199974097,0.6458794167441746,336.66400146484375,784.7444458007812,316.25103759765625
A_frozen,14,0.7775480151176453,0.48348820209503174,0.3486943244934082,312.198974609375,0,0.37018325753092,0.6442555045976831,336.66400146484375,784.7444458007812,316.25018310546875
A_frozen,15,0.2743394672870636,0.4399126470088959,0.3498604893684387,69.56752014160156,0,0.36922481962848147,0.6422120760217953,336.66400146484375,784.7444458007812,316.2493591308594
A_frozen,16,0.3530811667442322,0.4513077735900879,0.3521329164505005,41.84126663208008,0,0.369063383099639,0.6403030329974783,336.66400146484375,784.7444458007812,316.2486267089844
A_frozen,17,0.2880861163139343,0.4777049720287323,0.3480793237686157,37.784645080566406,0,0.36825361043178195,0.6386770523877908,336.66400146484375,784.7444458007812,316.24786376953125
A_frozen,18,0.320687860250473,0.13936060667037964,0.35918810963630676,43.348052978515625,0,0.36777795292996884,0.6336838879306167,336.66400146484375,784.7444458007812,316.2471618652344
A_frozen,19,0.2785319983959198,0.12733449041843414,0.35502147674560547,35.90884017944336,0,0.36688549338462834,0.6286203939554948,336.66400146484375,784.7444458007812,316.2467956542969
A_frozen,20,0.3040792942047119,0.12647219002246857,0.3524675667285919,45.33220291137695,0,0.3662574313928292,0.6235989119161646,336.66400146484375,784.7444458007812,316.24652099609375
A_frozen,21,3.877275228500366,0.1444755643606186,0.35210657119750977,2227.838134765625,1,0.3662574313928292,0.6235989119161646,336.66400146484375,784.7444458007812,316.24652099609375
A_frozen,22,0.274461567401886,0.14456215500831604,0.3548334836959839,49.926185607910156,0,0.3653394727529197,0.6188085443470861,336.66400146484375,784.7444458007812,316.24652099609375
A_frozen,23,0.29388347268104553,0.14483872056007385,0.3536410927772522,40.85920333862305,0,0.364624912752201,0.614068846109216,336.66400146484375,784.7444458007812,316.2467041015625
A_frozen,24,0.25579723715782166,0.1451951116323471,0.353190541267395,40.286338806152344,0,0.3635366359962572,0.6093801087644473,336.66400146484375,784.7444458007812,316.24713134765625
A_frozen,25,0.28973692655563354,0.1324348747730255,0.35626471042633057,50.187355041503906,0,0.36279863890185093,0.604610656424533,336.66400146484375,784.7444458007812,316.2476806640625
A_frozen,26,0.2819019556045532,0.1262948215007782,0.3492620587348938,44.625694274902344,0,0.36198967206887794,0.5998274980752956,336.66400146484375,784.7444458007812,316.2483215332031
A_frozen,27,0.3103049397468567,0.13071966171264648,0.35967904329299927,38.44668197631836,0,0.36147282474565773,0.595136419711669,336.66400146484375,784.7444458007812,316.24896240234375
A_frozen,28,0.2922530472278595,0.12462587654590607,0.34596627950668335,38.02351760864258,0,0.36078062697047975,0.5904313142800113,336.66400146484375,784.7444458007812,316.2494201660156
A_frozen,29,0.2856120467185974,0.1239006519317627,0.3417928218841553,38.19739532470703,0,0.3600289411679609,0.5857660076565288,336.66400146484375,784.7444458007812,316.249755859375
A_frozen,30,0.28747186064720154,0.13001404702663422,0.3402736186981201,36.22450256347656,0,0.35930337036275334,0.5812084880502298,336.66400146484375,784.7444458007812,316.2497863769531
A_frozen,31,0.28668901324272156,0.1220599114894867,0.3372926712036133,34.3773078918457,0,0.358577226791553,0.5766170022846224,336.66400146484375,784.7444458007812,316.2496643066406
A_frozen,32,0.33665117621421814,0.11473673582077026,0.3326760530471802,48.52604293823242,0,0.3583579662857797,0.571998199619984,336.66400146484375,784.7444458007812,316.2493896484375
A_frozen,33,0.31088998913764954,0.11542806029319763,0.335563600063324,40.526729583740234,0,0.35788328651429835,0.5674324982267162,336.66400146484375,784.7444458007812,316.2489318847656
A_frozen,34,0.2959020733833313,0.11618700623512268,0.34372419118881226,38.92814636230469,0,0.35726347438298867,0.5629200433068002,336.66400146484375,784.7444458007812,316.24835205078125
A_frozen,35,0.2859111428260803,0.11896482110023499,0.345788836479187,37.253849029541016,0,0.35654995106741955,0.5584804910847345,336.66400146484375,784.7444458007812,316.24774169921875
A_frozen,36,0.30432286858558655,0.1193748265504837,0.3383201062679291,45.749732971191406,0,0.35602768024260123,0.5540894344393921,336.66400146484375,784.7444458007812,316.2471618652344
A_frozen,37,0.38645848631858826,0.12413173913955688,0.347124844789505,45.36576461791992,0,0.3563319883033611,0.5497898574863936,336.66400146484375,784.7444458007812,316.2465515136719
A_frozen,38,0.2592456042766571,0.1266089528799057,0.3467586934566498,37.18955993652344,0,0.3553611244630941,0.5455580484403287,336.66400146484375,784.7444458007812,316.2460632324219
A_frozen,39,0.27524441480636597,0.13118048012256622,0.3525022566318512,35.60292053222656,0,0.3545599573665268,0.541414272757151,336.66400146484375,784.7444458007812,316.2458190917969
A_frozen,40,0.2598426043987274,0.12809838354587555,0.34753066301345825,39.226966857910156,0,0.3536127838368488,0.5372811138650382,336.66400146484375,784.7444458007812,316.2457580566406
A_frozen,41,0.2357683777809143,0.12400797009468079,0.34187954664230347,40.204490661621094,0,0.35243433977628946,0.5331483824273346,336.66400146484375,784.7444458007812,316.2458801269531
A_frozen,42,0.2567756474018097,0.12240642309188843,0.33661437034606934,40.291908264160156,0,0.3514777528525446,0.5290409628339802,336.66400146484375,784.7444458007812,316.2459716796875
A_frozen,43,0.27823740243911743,0.11502403020858765,0.3307972252368927,37.345497131347656,0,0.35074534934841034,0.5249007935077262,336.66400146484375,784.7444458007812,316.2461242675781
A_frozen,44,1.424033284187317,0.11897484958171844,0.3387371897697449,325.56884765625,0,0.3614782286967994,0.5208415340684661,336.66400146484375,784.7444458007812,316.2463073730469
A_frozen,45,0.29379451274871826,0.11610573530197144,0.3415682911872864,41.85401153564453,0,0.3608013915373186,0.5167941760808012,336.66400146484375,784.7444458007812,316.2463684082031
A_frozen,46,0.28092747926712036,0.12382107973098755,0.3433986008167267,39.50884246826172,0,0.3600026524146166,0.5128644451173031,336.66400146484375,784.7444458007812,316.2463684082031
A_frozen,47,0.2757473587989807,0.12287962436676025,0.3430142402648926,38.91554260253906,0,0.3591600994784603,0.5089645969097977,336.66400146484375,784.7444458007812,316.2463073730469
A_frozen,48,0.2547263205051422,0.11802306771278381,0.34201526641845703,42.27378463745117,0,0.3581157616887271,0.5050551816178275,336.66400146484375,784.7444458007812,316.24627685546875
A_frozen,49,0.28747546672821045,0.12812668085098267,0.351078599691391,38.121177673339844,0,0.35740935873912194,0.501285896610159,336.66400146484375,784.7444458007812,316.24609375
A_frozen,50,0.5399174094200134,0.1393105685710907,0.3498326241970062,71.3212661743164,0,0.35923443924593085,0.4976661433297683,336.66400146484375,784.7444458007812,316.24603271484375
A_frozen,51,0.41735872626304626,0.16313771903514862,0.3555719256401062,45.74561309814453,0,0.359815682116102,0.4943208590868221,336.66400146484375,784.7444458007812,316.24591064453125
A_frozen,52,0.2970888316631317,0.15155987441539764,0.3535594046115875,44.73440170288086,0,0.3591884136115723,0.49089324924010785,336.66400146484375,784.7444458007812,316.2458190917969
A_frozen,53,0.27414947748184204,0.16354981064796448,0.34212881326675415,35.556854248046875,0,0.358338024250275,0.48761981485418643,336.66400146484375,784.7444458007812,316.2457275390625
A_frozen,54,0.26130467653274536,0.12404154241085052,0.3370233476161957,35.965579986572266,0,0.3573676907730997,0.4839840321297531,336.66400146484375,784.7444458007812,316.2453918457031
A_frozen,55,0.26184409856796265,0.11402201652526855,0.336759090423584,33.30641555786133,0,0.35641245485104833,0.48028441197370825,336.66400146484375,784.7444458007812,316.2449951171875
A_frozen,56,0.2558540999889374,0.11520564556121826,0.3381217420101166,36.580833435058594,0,0.35540687130242726,0.47663362430958334,336.66400146484375,784.7444458007812,316.2444763183594
A_frozen,57,0.29657915234565735,0.1189717948436737,0.33341506123542786,39.00408935546875,0,0.35481859411285954,0.47305700601492423,336.66400146484375,784.7444458007812,316.2440185546875
A_frozen,58,0.2509947419166565,0.11684592068195343,0.33431124687194824,31.050640106201172,0,0.3537803555908975,0.4694948951615945,336.66400146484375,784.7444458007812,316.243408203125
A_frozen,59,0.2567533552646637,0.12071555852890015,0.3360821008682251,37.06842803955078,0,0.35281008558763516,0.46600710179526755,336.66400146484375,784.7444458007812,316.24285888671875
A_frozen,60,0.29076212644577026,0.11944830417633057,0.3411531448364258,43.0395622253418,0,0.3521896059962165,0.46254151381907815,336.66400146484375,784.7444458007812,316.2424011230469
A_frozen,61,0.3211226165294647,0.12271633744239807,0.34576255083084106,38.15520095825195,0,0.35187893610154897,0.45914326205531136,336.66400146484375,784.7444458007812,316.2419128417969
A_frozen,62,0.24502278864383698,0.12308734655380249,0.3479772210121155,32.111236572265625,0,0.35081037462697184,0.45578270290029627,336.66400146484375,784.7444458007812,316.2415466308594
A_frozen,63,0.29148349165916443,0.12225669622421265,0.35161495208740234,41.28871154785156,0,0.3502171057972938,0.4524474428335354,336.66400146484375,784.7444458007812,316.2414245605469
A_frozen,64,2.130117893218994,0.3022244870662689,0.34352338314056396,417.3277587890625,0,0.36801611367151077,0.45094521327586273,336.66400146484375,784.7444458007812,316.2409973144531
A_frozen,65,0.2931170165538788,0.29846513271331787,0.34615451097488403,38.654205322265625,0,0.36726712270033446,0.4494204124702373,336.66400146484375,784.7444458007812,316.2406921386719
A_frozen,66,0.29913365840911865,0.2814294397830963,0.34965699911117554,42.73201370239258,0,0.3665857880574223,0.4477405027433659,336.66400146484375,784.7444458007812,316.2404479980469
A_frozen,67,0.2440926879644394,0.30233025550842285,0.335928738117218,36.219696044921875,0,0.36536085705649246,0.44628640027101646,336.66400146484375,784.7444458007812,316.24029541015625
A_frozen,68,0.2868562340736389,0.12341499328613281,0.3432830274105072,35.640743255615234,0,0.36457581082666396,0.4430576862011676,336.66400146484375,784.7444458007812,316.2401428222656
A_frozen,69,2.0753893852233887,0.4965008497238159,0.3358231782913208,568.3855590820312,0,0.3816839465706312,0.443592117836394,336.66400146484375,784.7444458007812,316.2398376464844
A_frozen,70,0.32297617197036743,0.5026161670684814,0.3389178216457367,42.53886795043945,0,0.38109686882462857,0.4441823583287149,336.66400146484375,784.7444458007812,316.23956298828125
A_frozen,71,0.29730477929115295,0.45439743995666504,0.34791749715805054,41.507110595703125,0,0.3802589479292938,0.4442845091449944,336.66400146484375,784.7444458007812,316.2392272949219
A_frozen,72,0.2854765057563782,0.43691956996917725,0.3373088836669922,43.05183410644531,0,0.37931112350756463,0.44421085975323626,336.66400146484375,784.7444458007812,316.2388610839844
A_frozen,73,0.3022322654724121,0.12210984528064728,0.3519870638847351,48.72209548950195,0,0.3785403349272131,0.4409898496085104,336.66400146484375,784.7444458007812,316.23846435546875
A_frozen,74,0.300772488117218,0.1235906183719635,0.34634482860565186,46.51655197143555,0,0.37776265645911317,0.437815857296145,336.66400146484375,784.7444458007812,316.23809814453125
A_frozen,75,0.29219213128089905,0.11438825726509094,0.34097450971603394,43.019432067871094,0,0.37690695120733103,0.4345815812958344,336.66400146484375,784.7444458007812,316.2379455566406
A_frozen,76,0.2694292962551117,0.11735406517982483,0.3414297103881836,42.2091064453125,0,0.3758321746578089,0.4314093061346743,336.66400146484375,784.7444458007812,316.2379150390625
A_frozen,77,0.39399072527885437,0.12433220446109772,0.3422083854675293,68.26665496826172,0,0.37601376016401933,0.42833853511793857,336.66400146484375,784.7444458007812,316.2377624511719
A_frozen,78,0.2838408052921295,0.13074424862861633,0.34270304441452026,36.60768508911133,0,0.37509203061530044,0.42536259225304535,336.66400146484375,784.7444458007812,316.2376708984375
A_frozen,79,0.2690249979496002,0.12563544511795044,0.3423317074775696,38.20603561401367,0,0.3740313602886435,0.42236532078169436,336.66400146484375,784.7444458007812,316.2375183105469
A_frozen,80,0.2993389666080475,0.12451139092445374,0.3367164731025696,38.89496612548828,0,0.3732844363518375,0.419386781483122,336.66400146484375,784.7444458007812,316.237548828125
A_frozen,81,0.31682875752449036,0.11863651871681213,0.3417532444000244,39.38638687133789,0,0.372719879563564,0.4163792788554589,336.66400146484375,784.7444458007812,316.2375793457031
A_frozen,82,0.24206243455410004,0.11761002242565155,0.34089428186416626,30.50996971130371,0,0.37141330511346937,0.4133915862911608,336.66400146484375,784.7444458007812,316.23773193359375
A_frozen,83,0.28628531098365784,0.11991444230079651,0.35050317645072937,34.94294357299805,0,0.37056202517217124,0.4104568148512571,336.66400146484375,784.7444458007812,316.2379455566406
A_frozen,84,0.24718739092350006,0.11122775077819824,0.3430399000644684,42.73711395263672,0,0.3693282788296845,0.40746452421052654,336.66400146484375,784.7444458007812,316.2383117675781
A_frozen,85,0.2967817485332489,0.11819919943809509,0.3518073558807373,35.13071823120117,0,0.36860281352672014,0.4045718709628022,336.66400146484375,784.7444458007812,316.238525390625
A_frozen,86,0.25772765278816223,0.11402830481529236,0.33959639072418213,42.43550491333008,0,0.3674940619193346,0.4016664353013272,336.66400146484375,784.7444458007812,316.2387390136719
A_frozen,87,0.3043721616268158,0.12594535946846008,0.3405369520187378,43.9466438293457,0,0.3668628429164094,0.3989092245429985,336.66400146484375,784.7444458007812,316.2387390136719
A_frozen,88,0.2976885139942169,0.12226608395576477,0.34031376242637634,36.36628341674805,0,0.36617109962718747,0.39614279313712614,336.66400146484375,784.7444458007812,316.23858642578125
A_frozen,89,0.32141461968421936,0.1094643771648407,0.3299492597579956,41.95856857299805,0,0.36572353482775777,0.3932760089774033,336.66400146484375,784.7444458007812,316.2384948730469
A_frozen,90,0.25782644748687744,0.10866543650627136,0.3372386395931244,31.711631774902344,0,0.36464456395434897,0.39042990325269195,336.66400146484375,784.7444458007812,316.2382507324219
A_frozen,91,0.27613574266433716,0.10299143195152283,0.33408021926879883,37.52946090698242,0,0.36375947574144885,0.38755551853968023,336.66400146484375,784.7444458007812,316.2379150390625
A_frozen,92,0.30474817752838135,0.10882338881492615,0.3400050401687622,42.85153579711914,0,0.36316936275931816,0.3847681972424327,336.66400146484375,784.7444458007812,316.2373962402344
A_frozen,93,0.29230886697769165,0.11674654483795166,0.3430933356285095,38.406333923339844,0,0.3624607578015019,0.3820879807183879,336.66400146484375,784.7444458007812,316.2368469238281
A_frozen,94,0.5344923138618469,0.15359042584896088,0.3418124318122864,51.661903381347656,0,0.3641810733621053,0.3798030051696936,336.66400146484375,784.7444458007812,316.236328125
A_frozen,95,0.28626886010169983,0.14068603515625,0.3428094685077667,39.390411376953125,0,0.36340195122950125,0.3774118354695592,336.66400146484375,784.7444458007812,316.23583984375
A_frozen,96,0.298636794090271,0.1388215273618698,0.3356056809425354,37.283260345458984,0,0.36275429965810896,0.3750259323884823,336.66400146484375,784.7444458007812,316.2353515625
A_frozen,97,0.2875288128852844,0.1484295278787613,0.34094834327697754,32.57984924316406,0,0.36200204479038073,0.3727599683433851,336.66400146484375,784.7444458007812,316.2348327636719
A_frozen,98,0.2755190134048462,0.117619588971138,0.3381880521774292,36.75351333618164,0,0.36113721447652536,0.37020856454966267,336.66400146484375,784.7444458007812,316.23443603515625
A_frozen,99,0.2752014994621277,0.12558722496032715,0.3449438214302063,37.53038787841797,0,0.3602778573263814,0.3677623511537693,336.66400146484375,784.7444458007812,316.2342834472656
A_frozen,100,0.24456951022148132,0.12101086974143982,0.34106600284576416,31.673051834106445,0,0.3591207738553324,0.365294836339646,336.66400146484375,784.7444458007812,316.2343444824219
A_frozen,101,0.3101317286491394,0.12117859721183777,0.34374570846557617,41.45088195800781,0,0.3586308834032705,0.36285367394836787,336.66400146484375,784.7444458007812,316.2344055175781
A_frozen,102,0.24501006305217743,0.1260034739971161,0.3510201573371887,30.84745216369629,0,0.3574946751997595,0.3604851719488554,336.66400146484375,784.7444458007812,316.234619140625
A_frozen,103,0.2734137773513794,0.11721603572368622,0.3472422957420349,32.09462356567383,0,0.3566538662212757,0.3580524805866037,336.66400146484375,784.7444458007812,316.2348937988281
A_frozen,104,0.26336196064949036,0.12244966626167297,0.3484897315502167,41.26983642578125,0,0.35572094716555785,0.3556964524433544,336.66400146484375,784.7444458007812,316.2352600097656
A_frozen,105,0.24637557566165924,0.12200605869293213,0.3480507731437683,35.94776916503906,0,0.35462749345051886,0.35335954850585016,336.66400146484375,784.7444458007812,316.2356872558594
A_frozen,106,0.2894657552242279,0.12347090244293213,0.3477780818939209,35.806400299072266,0,0.3539758760682559,0.351060662045221,336.66400146484375,784.7444458007812,316.23602294921875
A_frozen,107,0.9545442461967468,0.1292925775051117,0.3520815968513489,335.83099365234375,0,0.3599815597695408,0.34884298119981993,336.66400146484375,784.7444458007812,316.2362365722656
A_frozen,108,0.25821739435195923,0.13313746452331543,0.346424400806427,32.809349060058594,0,0.35896391811536504,0.34668592603305487,336.66400146484375,784.7444458007812,316.2364501953125
A_frozen,109,0.2669221758842468,0.12407718598842621,0.3439263105392456,40.91014099121094,0,0.35804350069305385,0.34445983863260854,336.66400146484375,784.7444458007812,316.236572265625
A_frozen,110,0.26476240158081055,0.12358306348323822,0.34351950883865356,43.532020568847656,0,0.3571106897019314,0.34225107088111484,336.66400146484375,784.7444458007812,316.236572265625
A_frozen,111,0.2852678894996643,0.12144951522350311,0.35401150584220886,32.83232498168945,0,0.3563922616999087,0.3400430553245387,336.66400146484375,784.7444458007812,316.2364807128906
A_frozen,112,0.285758376121521,0.12569497525691986,0.35308945178985596,33.5633544921875,0,0.35568592284412476,0.3378995745238625,336.66400146484375,784.7444458007812,316.23626708984375
A_frozen,113,0.2587633728981018,0.12443706393241882,0.3448672890663147,35.11026382446289,0,0.35471669734466454,0.33576494941794804,336.66400146484375,784.7444458007812,316.23602294921875
A_frozen,114,0.288818895816803,0.12757372856140137,0.34473150968551636,42.36128234863281,0,0.3540577193293859,0.3336830372093826,336.66400146484375,784.7444458007812,316.2356872558594
A_frozen,115,3.3028767108917236,0.17708054184913635,0.3354065716266632,1727.3349609375,0,0.38354590924500925,0.3321170122557801,336.66400146484375,784.7444458007812,316.23541259765625
A_frozen,116,0.2632262408733368,0.1902630478143692,0.3308919668197632,33.2649040222168,0,0.38234271256129254,0.33069847261136603,336.66400146484375,784.7444458007812,316.2350158691406
A_frozen,117,0.2790813148021698,0.19263045489788055,0.3400419354438782,39.402591705322266,0,0.3813100985837013,0.32931779243423115,336.66400146484375,784.7444458007812,316.2344055175781
A_frozen,118,0.2908487021923065,0.18888014554977417,0.34657254815101624,38.61760330200195,0,0.38040548461978735,0.3279134159653866,336.66400146484375,784.7444458007812,316.2337646484375
A_frozen,119,0.33108586072921753,0.12802785634994507,0.3537876605987549,40.52522277832031,0,0.37991228838088165,0.32591456036923216,336.66400146484375,784.7444458007812,316.2331848144531
A_frozen,120,0.2697158455848694,0.11940805613994598,0.35174793004989624,31.556394577026367,0,0.37881032395292147,0.3238494953269393,336.66400146484375,784.7444458007812,316.2325134277344
A_frozen,121,0.25079768896102905,0.127457857131958,0.35870426893234253,36.403751373291016,0,0.37753019760300255,0.3218855789449895,336.66400146484375,784.7444458007812,316.2319030761719
A_frozen,122,0.28595513105392456,0.12125071883201599,0.3494032621383667,48.298377990722656,0,0.3766144469375117,0.31987923034385973,336.66400146484375,784.7444458007812,316.2314147949219
A_frozen,123,0.26974186301231384,0.1105010062456131,0.34005215764045715,43.111061096191406,0,0.37554572109825973,0.31778544810287723,336.66400146484375,784.7444458007812,316.2308654785156
A_frozen,124,0.2711673974990845,0.11599798500537872,0.3461078405380249,39.496402740478516,0,0.374501937862268,0.31576757347190226,336.66400146484375,784.7444458007812,316.23040771484375
A_frozen,125,0.2590491473674774,0.11642405390739441,0.3442539572715759,37.992774963378906,0,0.3733474099573201,0.31377413827625716,336.66400146484375,784.7444458007812,316.2299499511719
A_frozen,126,0.31587135791778564,0.12035851180553436,0.34054672718048096,47.08321762084961,0,0.37277264943692473,0.31183998201154994,336.66400146484375,784.7444458007812,316.2295227050781
A_frozen,127,0.262177437543869,0.1244448721408844,0.3467549681663513,33.7376594543457,0,0.3716666973179942,0.30996603091284325,336.66400146484375,784.7444458007812,316.2292175292969
A_frozen,128,0.2462027668952942,0.12030637264251709,0.34272146224975586,44.5201530456543,0,0.37041205801376714,0.30806943433013995,336.66400146484375,784.7444458007812,316.2291259765625
A_frozen,129,0.25884348154067993,0.12026628851890564,0.33740243315696716,40.97677993774414,0,0.3692963722490363,0.3061914028720276,336.66400146484375,784.7444458007812,316.2291564941406
A_frozen,130,0.2649097740650177,0.12609155476093292,0.3477862477302551,34.49312973022461,0,0.36825250626719613,0.30439040439091664,336.66400146484375,784.7444458007812,316.2292785644531
A_frozen,131,0.25998443365097046,0.12479576468467712,0.3404427170753479,38.36772918701172,0,0.3671698255410339,0.3025944579938542,336.66400146484375,784.7444458007812,316.2295227050781
A_frozen,132,0.2665085792541504,0.12026064097881317,0.34187155961990356,36.776851654052734,0,0.366163213078165,0.3007711198237038,336.66400146484375,784.7444458007812,316.22967529296875
A_frozen,133,0.2555983066558838,0.12884701788425446,0.34872812032699585,34.13296127319336,0,0.36505756401394224,0.2990518788043093,336.66400146484375,784.7444458007812,316.22991943359375
A_frozen,134,0.2838255763053894,0.1149250864982605,0.34520214796066284,36.73094940185547,0,0.3642452441368567,0.29721061088124884,336.66400146484375,784.7444458007812,316.23016357421875
A_frozen,135,0.274566113948822,0.11929027736186981,0.3467995524406433,40.00018310546875,0,0.36334845283497635,0.29543140754605507,336.66400146484375,784.7444458007812,316.2304992675781
A_frozen,136,0.2643848955631256,0.11478695273399353,0.341764360666275,36.66876983642578,0,0.3623588172622578,0.29362496299793445,336.66400146484375,784.7444458007812,316.230712890625
A_frozen,137,0.2869206368923187,0.1174895316362381,0.34183114767074585,46.12173843383789,0,0.3616044354585584,0.2918636086843175,336.66400146484375,784.7444458007812,316.230712890625
A_frozen,138,0.2685070037841797,0.12159264087677002,0.3401269316673279,32.71036148071289,0,0.36067346114181464,0.29016089900624203,336.66400146484375,784.7444458007812,316.23052978515625
A_frozen,139,0.2673639953136444,0.12750060856342316,0.34172582626342773,36.657066345214844,0,0.35974036648353297,0.28853429610181386,336.66400146484375,784.7444458007812,316.2302551269531
A_frozen,140,0.28389716148376465,0.1264154613018036,0.3462449312210083,49.172611236572266,0,0.35898193443353527,0.28691310775381373,336.66400146484375,784.7444458007812,316.2298889160156
A_frozen,141,0.6360082030296326,0.36090898513793945,0.33955612778663635,244.02304077148438,0,0.36175219711949624,0.287653066527655,336.66400146484375,784.7444458007812,316.229248046875
A_frozen,142,0.30074065923690796,0.38157904148101807,0.3371520936489105,38.388954162597656,0,0.36114208174067036,0.2885923262771886,336.66400146484375,784.7444458007812,316.2284851074219
A_frozen,143,0.30203738808631897,0.3480827510356903,0.332923948764801,47.189964294433594,0,0.3605510348041268,0.28918723052477363,336.66400146484375,784.7444458007812,316.2277526855469
A_frozen,144,0.4033747911453247,0.4147857427597046,0.34375542402267456,52.27614974975586,0,0.36097927236753874,0.29044321564712294,336.66400146484375,784.7444458007812,316.2272644042969
A_frozen,145,0.270247220993042,0.16786155104637146,0.34791791439056396,38.890933990478516,0,0.36007195185379376,0.2892173990011154,336.66400146484375,784.7444458007812,316.2268981933594
A_frozen,146,0.28480517864227295,0.16932955384254456,0.3511035442352295,37.188785552978516,0,0.3593192841216785,0.2880185205495297,336.66400146484375,784.7444458007812,316.2265930175781
A_frozen,147,0.24596966803073883,0.16565901041030884,0.34212827682495117,41.227840423583984,0,0.3581857879607691,0.28679492544813745,336.66400146484375,784.7444458007812,316.2264709472656
A_frozen,148,0.27359992265701294,0.12217465043067932,0.3452167212963104,41.220333099365234,0,0.35733992930773156,0.2851487226979629,336.66400146484375,784.7444458007812,316.22613525390625
A_frozen,149,0.2712198793888092,0.12700951099395752,0.3443601429462433,41.696868896484375,0,0.3564787288085423,0.2835673305809228,336.66400146484375,784.7444458007812,316.22613525390625
A_frozen,150,0.2539689242839813,0.11715400218963623,0.342886358499527,34.953922271728516,0,0.3554536307632967,0.2819031972970099,336.66400146484375,784.7444458007812,316.22613525390625
A_frozen,151,0.2566106617450714,0.12136620283126831,0.3479931950569153,32.25925827026367,0,0.35446520107311447,0.2802978273523525,336.66400146484375,784.7444458007812,316.2261962890625
A_frozen,152,0.26694080233573914,0.11920374631881714,0.33965933322906494,52.352386474609375,0,0.3535899570857407,0.2786868865420171,336.66400146484375,784.7444458007812,316.2262268066406
A_frozen,153,0.29403725266456604,0.12244972586631775,0.3457847237586975,33.26493453979492,0,0.3529944300415289,0.27712451493526014,336.66400146484375,784.7444458007812,316.2261962890625
A_frozen,154,0.2989727556705475,0.12278786301612854,0.3428877592086792,56.21289825439453,0,0.35245421329781906,0.2755811484160688,336.66400146484375,784.7444458007812,316.2261962890625
A_frozen,155,0.25566932559013367,0.11816629767417908,0.3322094678878784,34.955142974853516,0,0.3514863644207422,0.27400699990864985,336.66400146484375,784.7444458007812,316.22625732421875
A_frozen,156,0.3016068935394287,0.12020663917064667,0.34634584188461304,32.820186614990234,0,0.35098756971192907,0.2724689963012698,336.66400146484375,784.7444458007812,316.226318359375
A_frozen,157,0.3020433485507965,0.23461665213108063,0.33600449562072754,90.8160629272461,0,0.3504981275003177,0.2720904728595679,336.66400146484375,784.7444458007812,316.22613525390625
A_frozen,158,0.26629915833473206,0.24516808986663818,0.34162670373916626,32.63203430175781,0,0.34965613780866184,0.27182124902963856,336.66400146484375,784.7444458007812,316.2259521484375
A_frozen,159,0.2708483338356018,0.2633742094039917,0.34555935859680176,39.95949172973633,0,0.3488680597689312,0.2717367786333821,336.66400146484375,784.7444458007812,316.22576904296875
A_frozen,160,0.29787951707839966,0.26291853189468384,0.3507850468158722,39.64783477783203,0,0.3483581743420259,0.2716485961659951,336.66400146484375,784.7444458007812,316.2256164550781
A_frozen,161,0.24113114178180695,0.12930384278297424,0.3505772352218628,31.158403396606445,0,0.3472859040164237,0.2702251486321649,336.66400146484375,784.7444458007812,316.2254943847656
A_frozen,162,0.2521205544471741,0.12064886093139648,0.35253074765205383,37.216060638427734,0,0.34633425052073114,0.2687293857551572,336.66400146484375,784.7444458007812,316.2255554199219
A_frozen,163,0.28081971406936646,0.1247016191482544,0.35076281428337097,41.93744659423828,0,0.3456791051562175,0.2672891080890882,336.66400146484375,784.7444458007812,316.2256774902344
A_frozen,164,0.2373257279396057,0.12326116859912872,0.35617589950561523,33.478824615478516,0,0.34459557138405145,0.26584882869418863,336.66400146484375,784.7444458007812,316.22601318359375
A_frozen,165,0.3171027898788452,0.1233208179473877,0.3594527244567871,43.69697570800781,0,0.34432064356899933,0.2644235485867206,336.66400146484375,784.7444458007812,316.22637939453125
A_frozen,166,0.27437150478363037,0.13165614008903503,0.3634391129016876,41.11468505859375,0,0.34362115218114564,0.26309587450174376,336.66400146484375,784.7444458007812,316.2269287109375
A_frozen,167,0.2719370126724243,0.14330315589904785,0.37762999534606934,39.1284294128418,0,0.34290431078605843,0.2618979473157168,336.66400146484375,784.7444458007812,316.2276306152344
A_frozen,168,0.26237940788269043,0.12178786098957062,0.3570960760116577,35.613121032714844,0,0.34209906175702476,0.26049684645245536,336.66400146484375,784.7444458007812,316.228515625
A_frozen,169,0.2923928499221802,0.11128374934196472,0.34150731563568115,36.605899810791016,0,0.3416019996386763,0.25900471548135046,336.66400146484375,784.7444458007812,316.2291259765625
A_frozen,170,0.27651259303092957,0.11919204890727997,0.340107262134552,42.55561828613281,0,0.3409511055725989,0.25760658881560977,336.66400146484375,784.7444458007812,316.2296447753906
A_frozen,171,0.2695155739784241,0.1178693175315857,0.3407573103904724,29.811307907104492,0,0.3402367502566571,0.25620921610276953,336.66400146484375,784.7444458007812,316.2298583984375
A_frozen,172,0.2656266689300537,0.13250207901000977,0.3488393723964691,35.88184356689453,0,0.3394906494433911,0.25497214473184193,336.66400146484375,784.7444458007812,316.2299499511719
A_frozen,173,0.415335088968277,0.21283817291259766,0.3477688431739807,146.39279174804688,0,0.34024909383863994,0.2545508050136495,336.66400146484375,784.7444458007812,316.2298889160156
A_frozen,174,0.6546103954315186,0.2624841332435608,0.3405858874320984,56.81922149658203,0,0.34339270685456874,0.25463013829594866,336.66400146484375,784.7444458007812,316.2298889160156
A_frozen,175,0.27151957154273987,0.2855733335018158,0.3474838435649872,34.25618362426758,0,0.34267397550145046,0.25493957024800734,336.66400146484375,784.7444458007812,316.2298278808594
A_frozen,176,0.28781068325042725,0.2741602659225464,0.3381568193435669,35.99990463256836,0,0.34212534257894023,0.2551317772047527,336.66400146484375,784.7444458007812,316.2294616699219
A_frozen,177,0.38218802213668823,0.18381498754024506,0.34496644139289856,68.98784637451172,0,0.3425259693745177,0.2544186093081076,336.66400146484375,784.7444458007812,316.2291259765625
A_frozen,178,0.3171391189098358,0.1235690712928772,0.3514367640018463,45.11908721923828,0,0.34227210086987087,0.2531101139279553,336.66400146484375,784.7444458007812,316.22869873046875
A_frozen,179,0.271973192691803,0.11669681966304779,0.3405250608921051,40.10078048706055,0,0.3415691117880902,0.2517459809853062,336.66400146484375,784.7444458007812,316.228271484375
A_frozen,180,0.28746870160102844,0.11240342259407043,0.3382914364337921,37.47129440307617,0,0.34102810768621955,0.25035255540139384,336.66400146484375,784.7444458007812,316.22772216796875
A_frozen,181,0.3039315640926361,0.10906243324279785,0.3412320017814636,40.64857482910156,0,0.3406571422502837,0.24893965417980787,336.66400146484375,784.7444458007812,316.2271423339844
A_frozen,182,0.2641909718513489,0.11154340207576752,0.33727192878723145,38.228607177734375,0,0.33989248054629434,0.24756569165876746,336.66400146484375,784.7444458007812,316.22650146484375
A_frozen,183,0.26298582553863525,0.11201517283916473,0.3371097445487976,37.24523162841797,0,0.33912341399621776,0.2462101864705714,336.66400146484375,784.7444458007812,316.2259826660156
A_frozen,184,0.2923831045627594,0.11531049013137817,0.34191668033599854,34.76824951171875,0,0.3386560109018832,0.24490118950717948,336.66400146484375,784.7444458007812,316.22552490234375
A_frozen,185,0.2727000415325165,0.13194815814495087,0.3591112494468689,32.65376663208008,0,0.3379964512081895,0.2437716591935572,336.66400146484375,784.7444458007812,316.2251892089844
A_frozen,186,0.26825758814811707,0.1509866714477539,0.3686310052871704,33.88056564331055,0,0.3372990625775888,0.24284380931609917,336.66400146484375,784.7444458007812,316.2249755859375
A_frozen,187,0.2660848796367645,0.15140390396118164,0.3733571171760559,35.71562576293945,0,0.33658692074818053,0.24192941026255,336.66400146484375,784.7444458007812,316.2249450683594
A_frozen,188,0.2854779362678528,0.137220099568367,0.35336869955062866,44.54854965209961,0,0.3360758309033772,0.24088231715560815,336.66400146484375,784.7444458007812,316.22515869140625
A_frozen,189,0.2879200279712677,0.12912602722644806,0.3530815839767456,40.698333740234375,0,0.33559427287405613,0.23976475425631655,336.66400146484375,784.7444458007812,316.2254333496094
A_frozen,190,0.26566794514656067,0.120594322681427,0.3507690131664276,50.98947525024414,0,0.33489500959678115,0.23857304994056766,336.66400146484375,784.7444458007812,316.2255859375
A_frozen,191,0.22159349918365479,0.1147800087928772,0.3405378460884094,35.00001525878906,0,0.33376199449264987,0.23733511952909075,336.66400146484375,784.7444458007812,316.22589111328125
A_frozen,192,0.27941465377807617,0.1251125931739807,0.35809415578842163,43.263511657714844,0,0.33321852108550415,0.23621289426553965,336.66400146484375,784.7444458007812,316.2261962890625
A_frozen,193,0.27252593636512756,0.1361272633075714,0.35946011543273926,53.075679779052734,0,0.33261159523830036,0.23521203795596,336.66400146484375,784.7444458007812,316.22650146484375
A_frozen,194,0.5110532641410828,0.16687649488449097,0.3473753333091736,63.0916862487793,0,0.33439601192732815,0.2345286825252453,336.66400146484375,784.7444458007812,316.22686767578125
A_frozen,195,0.24362815916538239,0.16397979855537415,0.3513980805873871,40.36656951904297,0,0.3334883333997087,0.2338231936855466,336.66400146484375,784.7444458007812,316.2272033691406
A_frozen,196,0.2976915240287781,0.17022186517715454,0.3556786775588989,43.6195068359375,0,0.3331303653059994,0.23318718040046268,336.66400146484375,784.7444458007812,316.2273864746094
A_frozen,197,1.0145491361618042,0.39735400676727295,0.3489713668823242,207.09185791015625,0,0.3399445530145574,0.23482884866413078,336.66400146484375,784.7444458007812,316.2273864746094
A_frozen,198,0.27887263894081116,0.3510321080684662,0.356670618057251,34.51404571533203,0,0.33933383387381993,0.23599088125817413,336.66400146484375,784.7444458007812,316.2273254394531
A_frozen,199,0.2562500834465027,0.3045229911804199,0.35426032543182373,33.34194564819336,0,0.3385029963695467,0.2366762023573966,336.66400146484375,784.7444458007812,316.22723388671875
A_frozen,200,0.3048766255378723,0.34861430525779724,0.35403311252593994,42.392852783203125,0,0.33816673266122993,0.23779558338640058,336.66400146484375,784.7444458007812,316.22705078125
A_frozen,201,0.25743141770362854,0.11744445562362671,0.3488577604293823,37.4531135559082,0,0.3373593795116539,0.23659207210877284,336.66400146484375,784.7444458007812,316.22686767578125
A_frozen,202,0.26166439056396484,0.11000801622867584,0.3421732783317566,43.584224700927734,0,0.336602429622177,0.23532623154997187,336.66400146484375,784.7444458007812,316.22650146484375
A_frozen,203,0.27989235520362854,0.11312359571456909,0.34313008189201355,33.739784240722656,0,0.3360353288779915,0.23410420519161784,336.66400146484375,784.7444458007812,316.2261047363281
A_frozen,204,0.27967092394828796,0.10673516988754272,0.33587342500686646,38.666229248046875,0,0.33547168482869444,0.23283051483857709,336.66400146484375,784.7444458007812,316.2256774902344
A_frozen,205,0.2690463066101074,0.10870736837387085,0.3396744430065155,38.67702865600586,0,0.3348074310465086,0.23158928337393,336.66400146484375,784.7444458007812,316.2251892089844
A_frozen,206,0.25656092166900635,0.10650435090065002,0.33776620030403137,47.93999481201172,0,0.3340249659527336,0.23033843404919718,336.66400146484375,784.7444458007812,316.2247009277344
A_frozen,207,0.25102096796035767,0.11419257521629333,0.34354037046432495,33.73822784423828,0,0.33319492597280986,0.22917697546086813,336.66400146484375,784.7444458007812,316.2242126464844
A_frozen,208,0.24086524546146393,0.11205361783504486,0.33455875515937805,33.745601654052734,0,0.33227162916769637,0.2280057418846099,336.66400146484375,784.7444458007812,316.22381591796875
A_frozen,209,0.26791912317276,0.11192557215690613,0.33527636528015137,32.94274139404297,0,0.331628104107747,0.22684494018733287,336.66400146484375,784.7444458007812,316.2233581542969
A_frozen,210,0.2869929075241089,0.11401855945587158,0.34254366159439087,49.16850280761719,0,0.33118175214191065,0.22571667638001827,336.66400146484375,784.7444458007812,316.22296142578125
A_frozen,211,0.25452855229377747,0.11812496185302734,0.3392106294631958,28.338253021240234,0,0.3304152201434293,0.22464075923474836,336.66400146484375,784.7444458007812,316.2225341796875
A_frozen,212,0.26522231101989746,0.12071347236633301,0.3448323607444763,39.552947998046875,0,0.32976329105219393,0.2236014863660642,336.66400146484375,784.7444458007812,316.22216796875
A_frozen,213,0.25126004219055176,0.12487161159515381,0.3465690314769745,42.9126091003418,0,0.32897825856357754,0.22261418761835508,336.66400146484375,784.7444458007812,316.2220458984375
A_frozen,214,0.2660894989967346,0.1246078610420227,0.3431803584098816,42.78204345703125,0,0.3283493709679091,0.22163412435259175,336.66400146484375,784.7444458007812,316.22210693359375
A_frozen,215,0.25442492961883545,0.11526989936828613,0.3348888158798218,39.25031280517578,0,0.32761012655441835,0.22057048210274868,336.66400146484375,784.7444458007812,316.2221374511719
A_frozen,216,0.270946741104126,0.10955694317817688,0.335293710231781,35.728004455566406,0,0.32704349269991545,0.21946034671350295,336.66400146484375,784.7444458007812,316.22216796875
A_frozen,217,0.2836971580982208,0.11795218288898468,0.33644238114356995,40.52123260498047,0,0.32661002935389855,0.21844526507525774,336.66400146484375,784.7444458007812,316.2222900390625
A_frozen,218,0.249599426984787,0.10102011263370514,0.32693469524383545,36.206233978271484,0,0.32583992333020745,0.21727101355084222,336.66400146484375,784.7444458007812,316.2225036621094
A_frozen,219,0.2635709345340729,0.110545814037323,0.3325439989566803,35.456939697265625,0,0.3252172334422461,0.216203761555707,336.66400146484375,784.7444458007812,316.2225341796875
A_frozen,220,0.24115270376205444,0.10662326216697693,0.32434511184692383,35.59115982055664,0,0.3243765881454442,0.2151079565618197,336.66400146484375,784.7444458007812,316.2224426269531
A_frozen,221,0.2758227586746216,0.11785250902175903,0.33399754762649536,36.569087982177734,0,0.32389104985073597,0.2141354020864191,336.66400146484375,784.7444458007812,316.2223815917969
A_frozen,222,0.2616864740848541,0.12315329909324646,0.3415689766407013,32.1341552734375,0,0.32326900409307713,0.21322558105648737,336.66400146484375,784.7444458007812,316.2222900390625
A_frozen,223,0.3006734848022461,0.1326836794614792,0.34271860122680664,36.52618408203125,0,0.32304304890016877,0.2124201620405373,336.66400146484375,784.7444458007812,316.22216796875
A_frozen,224,0.30617791414260864,0.131537526845932,0.350496768951416,39.318321228027344,0,0.3228743975525932,0.21161133568859122,336.66400146484375,784.7444458007812,316.2220458984375
A_frozen,225,0.306924968957901,0.12372952699661255,0.3402964472770691,39.15348815917969,0,0.32271490326664626,0.21073251760167144,336.66400146484375,784.7444458007812,316.2218322753906
A_frozen,226,0.28567543625831604,0.10950297117233276,0.3374595046043396,38.489803314208984,0,0.32234450859656294,0.20972022213737804,336.66400146484375,784.7444458007812,316.221435546875
A_frozen,227,0.24075369536876678,0.10768398642539978,0.3367561995983124,32.7139892578125,0,0.321528600464285,0.20869985978025826,336.66400146484375,784.7444458007812,316.2211608886719
A_frozen,228,0.3049522638320923,0.11088880896568298,0.3384898006916046,38.278987884521484,0,0.3213628370979631,0.2077217492721125,336.66400146484375,784.7444458007812,316.2207336425781
A_frozen,229,0.27251699566841125,0.1202172338962555,0.33665505051612854,34.17362594604492,0,0.3208743786836675,0.20684670411835393,336.66400146484375,784.7444458007812,316.2204284667969
A_frozen,230,0.26295584440231323,0.12269201874732971,0.33841872215270996,42.55961227416992,0,0.320295193340854,0.2060051572646437,336.66400146484375,784.7444458007812,316.22015380859375
A_frozen,231,0.26039326190948486,0.12695875763893127,0.34660473465919495,36.47837448120117,0,0.3196961740265403,0.20521469326838657,336.66400146484375,784.7444458007812,316.22003173828125
A_frozen,232,0.2649708390235901,0.12883035838603973,0.3440348207950592,38.47349548339844,0,0.31914892067651085,0.20445084991956308,336.66400146484375,784.7444458007812,316.219970703125
A_frozen,233,0.2952064871788025,0.12740634381771088,0.3470386266708374,39.7125244140625,0,0.31890949634153376,0.20368040485854455,336.66400146484375,784.7444458007812,316.21978759765625
A_frozen,234,0.23243671655654907,0.11714603006839752,0.34063053131103516,43.45595169067383,0,0.3180447685436839,0.20281506111064307,336.66400146484375,784.7444458007812,316.21990966796875
A_frozen,235,0.2643736004829407,0.1179465651512146,0.34020549058914185,124.95903778076172,0,0.3175080568630765,0.2019663761510488,336.66400146484375,784.7444458007812,316.22003173828125
A_frozen,236,0.255973219871521,0.12559694051742554,0.34386610984802246,37.57518768310547,0,0.3168927084931609,0.20120268179471254,336.66400146484375,784.7444458007812,316.2202453613281
A_frozen,237,0.2388007789850235,0.12446185946464539,0.34403252601623535,35.752708435058594,0,0.31611178919807953,0.20043527357141186,336.66400146484375,784.7444458007812,316.220703125
A_frozen,238,0.2703864276409149,0.12295457720756531,0.3522258400917053,39.76023864746094,0,0.3156545355825079,0.1996604666077734,336.66400146484375,784.7444458007812,316.2210388183594
A_frozen,239,0.24349872767925262,0.12499767541885376,0.3466591238975525,35.42678451538086,0,0.3149329775034753,0.1989138386958842,336.66400146484375,784.7444458007812,316.2214050292969
A_frozen,240,0.29556840658187866,0.13617154955863953,0.36389464139938354,39.815025329589844,0,0.3147393317942594,0.19828641580451173,336.66400146484375,784.7444458007812,316.2217102050781
A_frozen,241,0.32100388407707214,0.16328002512454987,0.3562290072441101,39.71683120727539,0,0.3148019773170875,0.1979363518977121,336.66400146484375,784.7444458007812,316.2218933105469
A_frozen,242,0.2703869044780731,0.14295490086078644,0.3435438275337219,51.3909912109375,0,0.3143578265886973,0.19738653738734285,336.66400146484375,784.7444458007812,316.22210693359375
A_frozen,243,0.242762491106987,0.13151173293590546,0.33847692608833313,30.363327026367188,0,0.3136418732338802,0.19672778934282847,336.66400146484375,784.7444458007812,316.2223815917969
A_frozen,244,0.2592388689517975,0.1445607841014862,0.3375314474105835,34.81260681152344,0,0.3130978431910594,0.19620611929041504,336.66400146484375,784.7444458007812,316.2226257324219
A_frozen,245,0.26890337467193604,0.11723408102989197,0.3330443501472473,37.735111236572266,0,0.31265589850586817,0.19541639890780982,336.66400146484375,784.7444458007812,316.22265625
A_frozen,246,0.24846351146697998,0.11342544853687286,0.34133821725845337,35.05457305908203,0,0.31201397463547925,0.19459648940410043,336.66400146484375,784.7444458007812,316.2225646972656
A_frozen,247,0.3371129035949707,0.11461684107780457,0.3269689083099365,57.81889343261719,0,0.3122649639250742,0.19379669292083748,336.66400146484375,784.7444458007812,316.2223205566406
A_frozen,248,0.842790424823761,0.1275484710931778,0.3300240635871887,267.8592529296875,0,0.31757021853406103,0.19313421070256087,336.66400146484375,784.7444458007812,316.2220458984375
A_frozen,249,0.28588464856147766,0.12707246840000153,0.332827627658844,36.67484664916992,0,0.3172533628343352,0.19247359327953528,336.66400146484375,784.7444458007812,316.2215270996094
A_frozen,250,0.27838438749313354,0.14449581503868103,0.3365490436553955,41.81914138793945,0,0.3168646730809232,0.19199381549712674,336.66400146484375,784.7444458007812,316.2209167480469
A_frozen,251,0.27399852871894836,0.13886532187461853,0.34799110889434814,36.17096710205078,0,0.31643601163730345,0.19146253056090165,336.66400146484375,784.7444458007812,316.2203063964844
A_frozen,252,0.36088722944259644,0.1231793761253357,0.3452686667442322,65.0859146118164,0,0.31688052381535636,0.19077969901654598,336.66400146484375,784.7444458007812,316.2196960449219
A_frozen,253,0.31514665484428406,0.11963923275470734,0.3440711498260498,48.14485549926758,0,0.31686318512564565,0.19006829435392758,336.66400146484375,784.7444458007812,316.2190856933594
A_frozen,254,0.257266640663147,0.12013207376003265,0.3422278165817261,34.350830078125,0,0.3162672196810206,0.1893689321479886,336.66400146484375,784.7444458007812,316.2187805175781
A_frozen,255,0.25400346517562866,0.11466452479362488,0.3443654179573059,38.77437210083008,0,0.3156445821359667,0.188621888074445,336.66400146484375,784.7444458007812,316.2185363769531
A_frozen,256,0.2749931514263153,0.12407730519771576,0.3464741110801697,42.576805114746094,0,0.3152380678288702,0.1879764422456777,336.66400146484375,784.7444458007812,316.21826171875
A_frozen,257,0.2726669907569885,0.12594491243362427,0.34940099716186523,50.22111892700195,0,0.31481235705815136,0.18735612694755716,336.66400146484375,784.7444458007812,316.218017578125
A_frozen,258,0.23893925547599792,0.12977007031440735,0.3553352355957031,30.410093307495117,0,0.31405362604232984,0.18678026638122566,336.66400146484375,784.7444458007812,316.218017578125
A_frozen,259,0.2684822976589203,0.12677733600139618,0.3542066812515259,33.457035064697266,0,0.31359791275849574,0.18618023707742737,336.66400146484375,784.7444458007812,316.21826171875
A_frozen,260,0.32469531893730164,0.12768195569515228,0.34571632742881775,39.90724182128906,0,0.3137088868202838,0.18559525426360463,336.66400146484375,784.7444458007812,316.2185363769531
A_frozen,261,0.29870688915252686,0.12108846008777618,0.33956968784332275,50.273712158203125,0,0.31355886684360623,0.18495018632184634,336.66400146484375,784.7444458007812,316.21881103515625
A_frozen,262,0.2948726415634155,0.1119435578584671,0.3274487555027008,35.61250686645508,0,0.31337200459080433,0.18422012003721255,336.66400146484375,784.7444458007812,316.21893310546875
A_frozen,263,0.2667195796966553,0.11842702329158783,0.3304261565208435,33.109317779541016,0,0.31290548034186283,0.1835621890697563,336.66400146484375,784.7444458007812,316.2188415527344
A_frozen,264,0.24470430612564087,0.11935099959373474,0.3316507339477539,42.314693450927734,0,0.3122234685997006,0.1829200771749961,336.66400146484375,784.7444458007812,316.21856689453125
A_frozen,265,0.25631946325302124,0.10844403505325317,0.33059728145599365,36.21110916137695,0,0.31166442854623383,0.18217531675377865,336.66400146484375,784.7444458007812,316.2181701660156
A_frozen,266,0.26432397961616516,0.1241227239370346,0.3428143262863159,32.33403778076172,0,0.31119102405693316,0.1815947908256112,336.66400146484375,784.7444458007812,316.21759033203125
A_frozen,267,0.2768506109714508,0.12660102546215057,0.346857488155365,35.859619140625,0,0.31084761992607834,0.18104485317197658,336.66400146484375,784.7444458007812,316.2171936035156
A_frozen,268,0.27052268385887146,0.1295558214187622,0.3517778515815735,44.785160064697266,0,0.31044437056540625,0.18052996285444442,336.66400146484375,784.7444458007812,316.2169189453125
A_frozen,269,0.30324363708496094,0.13638395071029663,0.3599242568016052,40.857688903808594,0,0.3103723632306018,0.18008850273300295,336.66400146484375,784.7444458007812,316.2167053222656
A_frozen,270,0.2616782784461975,0.12319061160087585,0.3443987965583801,46.23912048339844,0,0.30988542238275774,0.17951952382168168,336.66400146484375,784.7444458007812,316.21661376953125
A_frozen,271,0.2843352258205414,0.11789101362228394,0.33243265748023987,34.262969970703125,0,0.30962992041713555,0.17890323871968772,336.66400146484375,784.7444458007812,316.21649169921875
A_frozen,272,0.2594170868396759,0.11983910202980042,0.3461998403072357,39.99026870727539,0,0.30912779208136093,0.17831259735278884,336.66400146484375,784.7444458007812,316.21636962890625
A_frozen,273,0.2755032181739807,0.11378315091133118,0.3392208218574524,45.92215347290039,0,0.3087915463422871,0.17766730288837426,336.66400146484375,784.7444458007812,316.21624755859375
A_frozen,274,0.29498153924942017,0.11873352527618408,0.35033118724823,39.117069244384766,0,0.3086534462713585,0.17707796511225238,336.66400146484375,784.7444458007812,316.2161560058594
A_frozen,275,0.2727659046649933,0.12234179675579071,0.35692304372787476,39.344913482666016,0,0.3082945708552949,0.17653060342868776,336.66400146484375,784.7444458007812,316.2161560058594
A_frozen,276,0.2298564314842224,0.11342091858386993,0.34756797552108765,32.84904098510742,0,0.30751018946158415,0.1758995065802396,336.66400146484375,784.7444458007812,316.2163391113281
A_frozen,277,0.25098252296447754,0.12619490921497345,0.35427162051200867,38.953277587890625,0,0.30694491279661307,0.17540246060658693,336.66400146484375,784.7444458007812,316.2165222167969
A_frozen,278,0.39049217104911804,0.14368514716625214,0.3403237462043762,324.7008361816406,0,0.3077803853791381,0.1750852874721836,336.66400146484375,784.7444458007812,316.2166748046875
A_frozen,279,0.2788107693195343,0.14249852299690247,0.34033769369125366,40.09773254394531,0,0.30749068921854206,0.1747594198274308,336.66400146484375,784.7444458007812,316.2166442871094
A_frozen,280,0.22127820551395416,0.13368521630764008,0.34114527702331543,32.77435302734375,0,0.30662856438149616,0.1743486777922329,336.66400146484375,784.7444458007812,316.216796875
A_frozen,281,0.25970834493637085,0.1388109177350998,0.339988112449646,35.74338150024414,0,0.3061593621870449,0.17399330019166157,336.66400146484375,784.7444458007812,316.2169494628906
A_frozen,282,0.29997387528419495,0.11036734282970428,0.34755241870880127,37.442596435546875,0,0.3060975073180164,0.173357040618042,336.66400146484375,784.7444458007812,316.2170104980469
A_frozen,283,0.24497614800930023,0.11280688643455505,0.34461480379104614,35.0448112487793,0,0.30548629372492925,0.17275153907620713,336.66400146484375,784.7444458007812,316.2172546386719
A_frozen,284,0.2851952016353607,0.10991612076759338,0.34980475902557373,57.7061767578125,0,0.3052833828040336,0.172123184893121,336.66400146484375,784.7444458007812,316.2174072265625
A_frozen,285,0.26626187562942505,0.12249523401260376,0.352310448884964,34.22281265258789,0,0.30489316773228753,0.17162690538431583,336.66400146484375,784.7444458007812,316.2174377441406
A_frozen,286,0.25857874751091003,0.12301556766033173,0.34645551443099976,39.123512268066406,0,0.30443002353007376,0.17114079200707596,336.66400146484375,784.7444458007812,316.2174987792969
A_frozen,287,0.26335573196411133,0.11888846755027771,0.34284812211990356,38.92985916137695,0,0.30401928061441413,0.17061826876250796,336.66400146484375,784.7444458007812,316.2173767089844
A_frozen,288,0.6947624683380127,0.16928613185882568,0.3425940275192261,522.4806518554688,0,0.3079267124916501,0.17060494739347115,336.66400146484375,784.7444458007812,316.21722412109375
A_frozen,289,0.29148995876312256,0.18245121836662292,0.34621477127075195,35.61574172973633,0,0.30776234495436483,0.17072341010320266,336.66400146484375,784.7444458007812,316.2170104980469
A_frozen,290,0.29024550318717957,0.18031224608421326,0.3499631881713867,43.118682861328125,0,0.307587176536693,0.17081929846301278,336.66400146484375,784.7444458007812,316.21673583984375
A_frozen,291,0.265228271484375,0.17662648856639862,0.3421087861061096,34.18670654296875,0,0.3071635874861698,0.17087737036404663,336.66400146484375,784.7444458007812,316.2164306640625
A_frozen,292,0.21466511487960815,0.11747044324874878,0.3347375988960266,29.203876495361328,0,0.3062386027601042,0.17034330109289364,336.66400146484375,784.7444458007812,316.2161560058594
A_frozen,293,0.2614699602127075,0.11423781514167786,0.33334875106811523,32.623321533203125,0,0.3057909163346302,0.16978224623338148,336.66400146484375,784.7444458007812,316.21575927734375
A_frozen,294,0.2438463419675827,0.11603537201881409,0.331061452627182,42.34153747558594,0,0.3051714705909597,0.1692447774912358,336.66400146484375,784.7444458007812,316.2153015136719
A_frozen,295,0.2665242850780487,0.10774970054626465,0.331041157245636,46.171199798583984,0,0.30478499873583065,0.16862982672178606,336.66400146484375,784.7444458007812,316.21478271484375
A_frozen,296,0.2692354619503021,0.11828316748142242,0.338509738445282,41.81373596191406,0,0.30442950336797536,0.16812636012938242,336.66400146484375,784.7444458007812,316.2142028808594
A_frozen,297,0.25630518794059753,0.1265069991350174,0.34886598587036133,34.62614822387695,0,0.3039482602137016,0.16771016651943876,336.66400146484375,784.7444458007812,316.213623046875
A_frozen,298,0.25123077630996704,0.12458878755569458,0.34596073627471924,34.935157775878906,0,0.3034210853746642,0.1672789527298013,336.66400146484375,784.7444458007812,316.2130432128906
A_frozen,299,0.2888593375682831,0.12164366245269775,0.34934744238853455,34.56383514404297,0,0.30327546789660037,0.16682259982703027,336.66400146484375,784.7444458007812,316.2124938964844
A_frozen,300,0.23323804140090942,0.11258931457996368,0.3361107110977173,28.651077270507812,0,0.3025750936316434,0.1662802669745596,336.66400146484375,784.7444458007812,316.2120056152344
A_frozen,301,0.2716060280799866,0.12137801945209503,0.34105926752090454,127.28663635253906,0,0.3022654029761268,0.16583124449933495,336.66400146484375,784.7444458007812,316.21148681640625
A_frozen,302,1.39693284034729,0.1997484266757965,0.33892202377319336,604.6767578125,0,0.31321207734983847,0.16617041632109958,336.66400146484375,784.7444458007812,316.2110290527344
A_frozen,303,0.2657609283924103,0.20283696055412292,0.33669060468673706,39.4898796081543,0,0.3127375658602642,0.16653708176342982,336.66400146484375,784.7444458007812,316.21063232421875
A_frozen,304,0.26355668902397156,0.2061191350221634,0.3392687439918518,36.227813720703125,0,0.3122457570919012,0.16693290229601718,336.66400146484375,784.7444458007812,316.2102966308594
A_frozen,305,0.2568367123603821,0.19493350386619568,0.33879607915878296,36.40463638305664,0,0.31169166664458603,0.16721290831171895,336.66400146484375,784.7444458007812,316.2099609375
A_frozen,306,0.2474972903728485,0.117546945810318,0.3421950936317444,39.56916427612305,0,0.31104972288186866,0.16671624868670493,336.66400146484375,784.7444458007812,316.20965576171875
A_frozen,307,0.24441029131412506,0.12612764537334442,0.3467070460319519,32.01088333129883,0,0.3103833285661912,0.16631036265357133,336.66400146484375,784.7444458007812,316.2095642089844
A_frozen,308,0.4252648651599884,0.20651550590991974,0.35530102252960205,75.15377807617188,0,0.3115321439321292,0.16671241408613482,336.66400146484375,784.7444458007812,316.2093505859375
A_frozen,309,0.23404470086097717,0.2189536839723587,0.35013940930366516,32.261810302734375,0,0.31075726950141763,0.16723482678499707,336.66400146484375,784.7444458007812,316.20928955078125
A_frozen,310,0.2664663791656494,0.21223759651184082,0.3482895493507385,39.892364501953125,0,0.31031436059805995,0.1676848544822655,336.66400146484375,784.7444458007812,316.2093200683594
A_frozen,311,0.31828996539115906,0.18738947808742523,0.33802443742752075,38.10306167602539,0,0.3103941166459909,0.16788190071831707,336.66400146484375,784.7444458007812,316.20916748046875
A_frozen,312,0.2567216455936432,0.11830949783325195,0.3379191756248474,31.529273986816406,0,0.30985739193546746,0.16738617668946643,336.66400146484375,784.7444458007812,316.2088928222656
A_frozen,313,0.271884024143219,0.11775822937488556,0.3456310033798218,41.3902702331543,0,0.309477658257545,0.16688989721632064,336.66400146484375,784.7444458007812,316.20855712890625
A_frozen,314,0.285614550113678,0.12172876298427582,0.3530580699443817,39.649085998535156,0,0.3092390271761063,0.16643828587400017,336.66400146484375,784.7444458007812,316.208251953125
A_frozen,315,0.6582750678062439,0.1576886624097824,0.33567678928375244,61.91503143310547,0,0.3127293875824077,0.16635078963935798,336.66400146484375,784.7444458007812,316.20782470703125
A_frozen,316,0.26920580863952637,0.14797711372375488,0.33393096923828125,31.966527938842773,0,0.3122941517929789,0.16616705288020195,336.66400146484375,784.7444458007812,316.2071838378906
A_frozen,317,0.3121735155582428,0.14572468400001526,0.32921862602233887,35.173553466796875,0,0.3122929454306316,0.16596262919140006,336.66400146484375,784.7444458007812,316.2065734863281
A_frozen,318,0.2560146152973175,0.14935359358787537,0.3379490375518799,43.19235610961914,0,0.31173016212929844,0.16579653883536483,336.66400146484375,784.7444458007812,316.2060546875
A_frozen,319,0.2780008614063263,0.11693035066127777,0.3450881242752075,41.2999267578125,0,0.3113928691220687,0.16530787695362398,336.66400146484375,784.7444458007812,316.20556640625
A_frozen,320,0.23700863122940063,0.12593452632427216,0.34863966703414917,34.71363067626953,0,0.31064902674314204,0.16491414344733046,336.66400146484375,784.7444458007812,316.2052001953125
A_frozen,321,0.6146566867828369,0.12936529517173767,0.34206414222717285,163.58863830566406,0,0.313689103343539,0.16455865496457453,336.66400146484375,784.7444458007812,316.2049255371094
A_frozen,322,0.24359847605228424,0.13989102840423584,0.3502444326877594,33.088035583496094,0,0.3129881970706265,0.16431197869897113,336.66400146484375,784.7444458007812,316.20465087890625
A_frozen,323,0.24058277904987335,0.13228589296340942,0.344751238822937,34.96052551269531,0,0.3122641428904189,0.1639917178416155,336.66400146484375,784.7444458007812,316.2045593261719
A_frozen,324,0.24932728707790375,0.14226089417934418,0.351028710603714,51.352821350097656,0,0.3116347743322938,0.1637744096049928,336.66400146484375,784.7444458007812,316.20452880859375
A_frozen,325,0.2806273400783539,0.12692579627037048,0.3503487706184387,34.6114501953125,0,0.3113246999897544,0.16340592347164656,336.66400146484375,784.7444458007812,316.2046203613281
A_frozen,326,0.2828667461872101,0.12323975563049316,0.350147545337677,34.564388275146484,0,0.31104012045172896,0.16300426179323504,336.66400146484375,784.7444458007812,316.20465087890625
A_frozen,327,0.2482120245695114,0.12106882035732269,0.35204607248306274,43.84745407104492,0,0.3104118394929068,0.16258490737887593,336.66400146484375,784.7444458007812,316.2049560546875
A_frozen,328,0.7578875422477722,0.16697296500205994,0.3517148494720459,72.5466537475586,0,0.3148865965204554,0.16262878795510777,336.66400146484375,784.7444458007812,316.2054443359375
A_frozen,329,0.23833443224430084,0.16381368041038513,0.34634536504745483,33.453365325927734,0,0.31412107487769386,0.16264063687966054,336.66400146484375,784.7444458007812,316.2059631347656
A_frozen,330,0.28993669152259827,0.1812092363834381,0.35108792781829834,34.14091491699219,0,0.3138792310441429,0.16282632287469834,336.66400146484375,784.7444458007812,316.20660400390625
A_frozen,331,0.3475644588470459,0.17593564093112946,0.3487928807735443,55.25337219238281,0,0.3142160833221719,0.16295741605526265,336.66400146484375,784.7444458007812,316.2072448730469
A_frozen,332,0.5440633893013,0.15907008945941925,0.34230607748031616,222.59422302246094,0,0.3165145563819632,0.16291854278930423,336.66400146484375,784.7444458007812,316.20782470703125
A_frozen,333,0.29337283968925476,0.16542936861515045,0.34613850712776184,48.54732131958008,0,0.3162831392150361,0.1629436510475627,336.66400146484375,784.7444458007812,316.2082824707031
A_frozen,334,0.2623905837535858,0.1658257395029068,0.33575284481048584,34.19248580932617,0,0.3157442136604216,0.16297247193211614,336.66400146484375,784.7444458007812,316.2086181640625
A_frozen,335,0.6052200794219971,0.1672309786081314,0.3328717350959778,454.96917724609375,0,0.31863897231803734,0.1630150569988763,336.66400146484375,784.7444458007812,316.2088623046875
A_frozen,336,0.22391557693481445,0.12608739733695984,0.33227410912513733,30.331375122070312,0,0.3176917383642051,0.16264578040225713,336.66400146484375,784.7444458007812,316.2089538574219
A_frozen,337,0.2716222107410431,0.1355288326740265,0.331081360578537,36.78820037841797,0,0.31723104308797345,0.16237461092497482,336.66400146484375,784.7444458007812,316.2089538574219
A_frozen,338,0.2678731083869934,0.13761010766029358,0.3376270532608032,36.05064010620117,0,0.3167374637409637,0.162126965892328,336.66400146484375,784.7444458007812,316.2089538574219
A_frozen,339,0.30266159772872925,0.12098497152328491,0.34646475315093994,35.33641052246094,0,0.31659670508084137,0.16171554594863757,336.66400146484375,784.7444458007812,316.20880126953125
A_frozen,340,0.2610071301460266,0.129926860332489,0.34887200593948364,34.92792892456055,0,0.31604080933149326,0.16139765909247608,336.66400146484375,784.7444458007812,316.20867919921875
A_frozen,341,0.24489805102348328,0.12419161200523376,0.3484724164009094,35.96278381347656,0,0.3153293817484132,0.16102559862160365,336.66400146484375,784.7444458007812,316.2086486816406
A_frozen,342,0.2458723485469818,0.1217077225446701,0.3419122099876404,37.141361236572266,0,0.3146348114163989,0.16063241986083432,336.66400146484375,784.7444458007812,316.20867919921875
A_frozen,343,0.3101356029510498,0.11689899861812592,0.34043198823928833,45.02933120727539,0,0.3145898193317454,0.16019508564840723,336.66400146484375,784.7444458007812,316.20867919921875
A_frozen,344,0.30991896986961365,0.10927680134773254,0.3386443853378296,43.39286422729492,0,0.3145431108371241,0.1596859028054005,336.66400146484375,784.7444458007812,316.2085266113281
A_frozen,345,0.27331581711769104,0.1134820282459259,0.3369430899620056,45.94469451904297,0,0.3141308378999298,0.15922386405980574,336.66400146484375,784.7444458007812,316.2082824707031
A_frozen,346,0.30151307582855225,0.12225553393363953,0.3465690314769745,41.804847717285156,0,0.31400466027921603,0.15885418075854407,336.66400146484375,784.7444458007812,316.2079162597656
A_frozen,347,0.26746875047683716,0.12457482516765594,0.35382091999053955,33.98408889770508,0,0.3135393011811922,0.1585113872026352,336.66400146484375,784.7444458007812,316.2074890136719
A_frozen,348,0.26304593682289124,0.1224386990070343,0.34614816308021545,35.7586669921875,0,0.3130343675376092,0.15815066032067918,336.66400146484375,784.7444458007812,316.20703125
A_frozen,349,0.28512147068977356,0.12918537855148315,0.3508092761039734,41.0131950378418,0,0.3127552385691309,0.1578610075029872,336.66400146484375,784.7444458007812,316.2066955566406
A_frozen,350,0.29245132207870483,0.12548121809959412,0.35313740372657776,38.00407028198242,0,0.3125521994042267,0.15753720960895326,336.66400146484375,784.7444458007812,316.20635986328125
A_frozen,351,0.24670527875423431,0.13204775750637054,0.35193365812301636,35.897003173828125,0,0.31189373019772676,0.15728231508792742,336.66400146484375,784.7444458007812,316.2061767578125
A_frozen,352,0.9326871037483215,0.20677995681762695,0.35055801272392273,340.8522644042969,0,0.3181016639332327,0.1577772915052244,336.66400146484375,784.7444458007812,316.2060241699219
A_frozen,353,0.2583601474761963,0.197992742061615,0.3517301678657532,40.439823150634766,0,0.3175042487686623,0.15817944601078832,336.66400146484375,784.7444458007812,316.2059326171875
A_frozen,354,0.27950477600097656,0.21021129190921783,0.349997878074646,30.309785842895508,0,0.31712425404098543,0.1586997644697726,336.66400146484375,784.7444458007812,316.2058410644531
A_frozen,355,0.24885542690753937,0.19414754211902618,0.35122624039649963,31.633764266967773,0,0.316441565769651,0.15905424224626516,336.66400146484375,784.7444458007812,316.2059326171875
A_frozen,356,0.2622034549713135,0.1309780776500702,0.3577710688114166,40.584896087646484,0,0.3158991846616676,0.15877348060030322,336.66400146484375,784.7444458007812,316.2061462402344
A_frozen,357,0.29945826530456543,0.13253796100616455,0.35647445917129517,43.589698791503906,0,0.3157347754680966,0.15851112540436185,336.66400146484375,784.7444458007812,316.20648193359375
A_frozen,358,0.2475711554288864,0.12416717410087585,0.35181570053100586,34.043888092041016,0,0.3150531392677045,0.158167685891327,336.66400146484375,784.7444458007812,316.20684814453125
A_frozen,359,0.23242069780826569,0.12565891444683075,0.35546308755874634,37.53519821166992,0,0.3142268148531101,0.157842598176882,336.66400146484375,784.7444458007812,316.2073669433594
A_frozen,360,0.269967645406723,0.12270238995552063,0.3533673584461212,34.98191833496094,0,0.31378422315864624,0.15749119609466838,336.66400146484375,784.7444458007812,316.2078552246094
A_frozen,361,0.2866520881652832,0.12070104479789734,0.35259872674942017,42.28699493408203,0,0.3135129018087126,0.15712329458170066,336.66400146484375,784.7444458007812,316.2082214355469
A_frozen,362,0.47126880288124084,0.13835808634757996,0.3369342088699341,57.2562141418457,0,0.3150904608194379,0.15693564249935943,336.66400146484375,784.7444458007812,316.2084655761719
A_frozen,363,0.2710198163986206,0.1314646303653717,0.3372959494590759,40.957557678222656,0,0.31464975437522974,0.15668093237801956,336.66400146484375,784.7444458007812,316.2086181640625
A_frozen,364,0.3144811987876892,0.14849981665611267,0.33404281735420227,58.128414154052734,0,0.31464806881935437,0.15659912122080047,336.66400146484375,784.7444458007812,316.2085876464844
A_frozen,365,0.28919878602027893,0.1485600769519806,0.3319821059703827,37.84952163696289,0,0.3143935759913636,0.15651873077811226,336.66400146484375,784.7444458007812,316.2083740234375
A_frozen,366,0.27451440691947937,0.11884796619415283,0.32896602153778076,35.25226593017578,0,0.31399478430064476,0.15614202313227266,336.66400146484375,784.7444458007812,316.2080383300781
A_frozen,367,0.2676169276237488,0.12741774320602417,0.33733901381492615,40.397090911865234,0,0.31353100573387577,0.15585478033301017,336.66400146484375,784.7444458007812,316.2076721191406
A_frozen,368,0.29701682925224304,0.1173911988735199,0.331646203994751,42.721370697021484,0,0.31336586396905947,0.1554701445184153,336.66400146484375,784.7444458007812,316.20733642578125
A_frozen,369,0.28365474939346313,0.11396688222885132,0.33073246479034424,53.22078323364258,0,0.3130687528233035,0.15505511189551965,336.66400146484375,784.7444458007812,316.2070617675781
A_frozen,370,0.29729488492012024,0.1146714836359024,0.33909085392951965,39.45043182373047,0,0.31291101414427164,0.1546512756129235,336.66400146484375,784.7444458007812,316.2066650390625
A_frozen,371,0.2881263494491577,0.11855056881904602,0.34370702505111694,36.4185791015625,0,0.3126631674973205,0.1542902685449847,336.66400146484375,784.7444458007812,316.2061767578125
A_frozen,372,0.2503022849559784,0.11382071673870087,0.34309831261634827,33.65705108642578,0,0.312039558671907,0.15388557302692185,336.66400146484375,784.7444458007812,316.2056884765625
A_frozen,373,0.5721240639686584,0.15314966440200806,0.3412783443927765,61.506492614746094,0,0.31464040372487456,0.15387821394067272,336.66400146484375,784.7444458007812,316.20513916015625
A_frozen,374,0.270442932844162,0.1622427999973297,0.3470268249511719,34.691158294677734,0,0.3141984290160674,0.1539618598012393,336.66400146484375,784.7444458007812,316.20452880859375
A_frozen,375,0.3124178647994995,0.16430246829986572,0.34727007150650024,69.383544921875,0,0.31418062337390174,0.15406526588622557,336.66400146484375,784.7444458007812,316.2039794921875
A_frozen,376,0.2465713769197464,0.15702395141124725,0.3428364396095276,35.30528259277344,0,0.3135045309093602,0.1540948527414758,336.66400146484375,784.7444458007812,316.20367431640625
A_frozen,377,0.2736509144306183,0.1209094226360321,0.34476470947265625,42.55568313598633,0,0.3131059947445728,0.15376299844042135,336.66400146484375,784.7444458007812,316.2032775878906
A_frozen,378,0.266568660736084,0.11184471845626831,0.3378134071826935,33.536869049072266,0,0.3126406214044879,0.15334381564057983,336.66400146484375,784.7444458007812,316.2030334472656
A_frozen,379,0.25522592663764954,0.10766476392745972,0.33427345752716064,33.581207275390625,0,0.3120664744568195,0.15288702512344862,336.66400146484375,784.7444458007812,316.2027893066406
A_frozen,380,0.35949137806892395,0.1181228756904602,0.3498293161392212,50.344852447509766,0,0.31254072349294054,0.15253938362911873,336.66400146484375,784.7444458007812,316.2025146484375
A_frozen,381,0.23932673037052155,0.11716452240943909,0.3394360840320587,33.95024490356445,0,0.3118085835617163,0.15218563501692192,336.66400146484375,784.7444458007812,316.2024841308594
A_frozen,382,0.4665501117706299,0.14461760222911835,0.33782440423965454,479.0785827636719,0,0.31335599884380544,0.1521099546890439,336.66400146484375,784.7444458007812,316.2024230957031
A_frozen,383,0.2765141725540161,0.14356428384780884,0.3426225781440735,42.70494079589844,0,0.31298758058090753,0.15202449798063153,336.66400146484375,784.7444458007812,316.2023620605469
A_frozen,384,0.25876137614250183,0.13557496666908264,0.3369194269180298,40.782474517822266,0,0.31244531853652346,0.15186000266751604,336.66400146484375,784.7444458007812,316.202392578125
A_frozen,385,0.2860904335975647,0.13598543405532837,0.3435216546058655,46.36310958862305,0,0.31218176968713385,0.15170125698139414,336.66400146484375,784.7444458007812,316.202392578125
A_frozen,386,0.26113927364349365,0.10850346088409424,0.3450486660003662,48.20433044433594,0,0.31167134472669744,0.15126927902042114,336.66400146484375,784.7444458007812,316.2024230957031
A_frozen,387,0.2345098853111267,0.10952900350093842,0.33861881494522095,36.18315505981445,0,0.31089973013254174,0.1508518762652263,336.66400146484375,784.7444458007812,316.20245361328125
A_frozen,388,0.23060916364192963,0.1109359860420227,0.3381592035293579,28.60854721069336,0,0.31009682446763565,0.1504527173629943,336.66400146484375,784.7444458007812,316.2023620605469
A_frozen,389,0.29820120334625244,0.1148938536643982,0.3386038839817047,37.414283752441406,0,0.3099778682564218,0.15009712872600833,336.66400146484375,784.7444458007812,316.20220947265625
A_frozen,390,0.30613577365875244,0.1394958794116974,0.3353028893470764,36.90442657470703,0,0.3099394473104451,0.1499911162328652,336.66400146484375,784.7444458007812,316.2021789550781
A_frozen,391,0.24211041629314423,0.1383018046617508,0.3412262797355652,33.573631286621094,0,0.30926115700027207,0.14987422311715407,336.66400146484375,784.7444458007812,316.2023010253906
A_frozen,392,0.255888968706131,0.1395527869462967,0.34876877069473267,41.96171188354492,0,0.30872743511733064,0.14977100875544547,336.66400146484375,784.7444458007812,316.2024230957031
A_frozen,393,0.3092813789844513,0.15299347043037415,0.35277825593948364,42.4219970703125,0,0.30873297455600185,0.14980323337219476,336.66400146484375,784.7444458007812,316.2024841308594
A_frozen,394,0.2667245864868164,0.11947581171989441,0.3520153760910034,41.82191467285156,0,0.30831289067531,0.14949995915567174,336.66400146484375,784.7444458007812,316.2027282714844
A_frozen,395,0.24537883698940277,0.12234818935394287,0.3491508662700653,34.63575744628906,0,0.3076835501384509,0.14922844145765446,336.66400146484375,784.7444458007812,316.2029113769531
A_frozen,396,0.2797788977622986,0.11879140138626099,0.3517104387283325,39.557373046875,0,0.3074045036146894,0.14892407105694053,336.66400146484375,784.7444458007812,316.2029113769531
A_frozen,397,1.1692920923233032,0.20638710260391235,0.3444988429546356,338.4756164550781,0,0.31602337950177556,0.14949870137241023,336.66400146484375,784.7444458007812,316.20294189453125
A_frozen,398,0.24225673079490662,0.18999357521533966,0.34998854994773865,35.845947265625,0,0.3152857130147068,0.1499036501108395,336.66400146484375,784.7444458007812,316.2029724121094
A_frozen,399,0.23785628378391266,0.20168590545654297,0.340234637260437,37.62071990966797,0,0.31451141872239885,0.15042147266429653,336.66400146484375,784.7444458007812,316.2030944824219
A_frozen,400,0.2993127107620239,0.2051766812801361,0.3372698426246643,33.79447555541992,0,0.31435943164279506,0.15096902475045493,336.66400146484375,784.7444458007812,316.20306396484375
A_frozen,401,0.24736881256103516,0.1204429566860199,0.3354811370372772,43.39099884033203,0,0.3136895254519774,0.15066376406981058,336.66400146484375,784.7444458007812,316.20294189453125
A_frozen,402,0.29116183519363403,0.1278175562620163,0.34230315685272217,39.36895751953125,0,0.313464248549394,0.15043530199173263,336.66400146484375,784.7444458007812,316.2026672363281
A_frozen,403,0.3339935839176178,0.13069280982017517,0.35132694244384766,46.425052642822266,0,0.3136695419030762,0.15023787707001707,336.66400146484375,784.7444458007812,316.20220947265625
A_frozen,404,0.30600571632385254,0.12605071067810059,0.3521108031272888,35.35289001464844,0,0.313592903647284,0.1499960054060979,336.66400146484375,784.7444458007812,316.20172119140625
A_frozen,405,0.2684537172317505,0.11995014548301697,0.350600004196167,43.56816101074219,0,0.3131415117831286,0.14969554680686709,336.66400146484375,784.7444458007812,316.2012939453125
A_frozen,406,0.2630455791950226,0.10961635410785675,0.33745208382606506,35.678585052490234,0,0.31264055245724753,0.14929475487987698,336.66400146484375,784.7444458007812,316.20068359375
A_frozen,407,0.2624664008617401,0.10461695492267609,0.33091259002685547,38.494407653808594,0,0.3121388109412924,0.14884797688030496,336.66400146484375,784.7444458007812,316.2001953125
A_frozen,408,0.2772393822669983,0.11074066162109375,0.33314162492752075,29.939716339111328,0,0.31178981665454947,0.14846690372771285,336.66400146484375,784.7444458007812,316.1995849609375
A_frozen,409,0.21884094178676605,0.1103067547082901,0.333207905292511,27.182655334472656,0,0.31086032790587165,0.14808530223751862,336.66400146484375,784.7444458007812,316.19915771484375
A_frozen,410,0.2835298478603363,0.11312329769134521,0.33340442180633545,39.24433898925781,0,0.3105870231054163,0.14773568219205688,336.66400146484375,784.7444458007812,316.1986999511719
A_frozen,411,0.26617467403411865,0.11910094320774078,0.34852296113967896,38.692352294921875,0,0.3101428996147033,0.1474493348022137,336.66400146484375,784.7444458007812,316.1982421875
A_frozen,412,0.31737980246543884,0.14712490141391754,0.3628559112548828,38.59581756591797,0,0.3102152686432107,0.14744609046833074,336.66400146484375,784.7444458007812,316.1979675292969
A_frozen,413,0.2548464834690094,0.15091490745544434,0.36565399169921875,38.19171905517578,0,0.30966158079146866,0.14748077863820186,336.66400146484375,784.7444458007812,316.1979064941406
A_frozen,414,0.26089122891426086,0.1461680829524994,0.3609984219074249,39.89152145385742,0,0.3091738772726966,0.14746765168134485,336.66400146484375,784.7444458007812,316.1980895996094
A_frozen,415,0.4039100706577301,0.1510101556777954,0.35669976472854614,58.65328598022461,0,0.31012123920654694,0.14750307672130933,336.66400146484375,784.7444458007812,316.1983642578125
A_frozen,416,0.26062408089637756,0.12501852214336395,0.3519895672798157,34.66375732421875,0,0.30962626762344525,0.14727823117552988,336.66400146484375,784.7444458007812,316.1988220214844
A_frozen,417,0.2658705413341522,0.11808773875236511,0.33999645709991455,39.201560974121094,0,0.3091887103605523,0.14698632625129823,336.66400146484375,784.7444458007812,316.1992492675781
A_frozen,418,0.29643815755844116,0.11565941572189331,0.34090858697891235,44.20537185668945,0,0.3090612048325312,0.1466730571460042,336.66400146484375,784.7444458007812,316.19952392578125
A_frozen,419,0.2729496657848358,0.10974591970443726,0.3348475694656372,31.001028060913086,0,0.30870008944205424,0.14630378577158853,336.66400146484375,784.7444458007812,316.1997985839844
A_frozen,420,0.28422874212265015,0.10871440172195435,0.34045571088790894,37.30146026611328,0,0.3084553759688602,0.14592789193109218,336.66400146484375,784.7444458007812,316.1999816894531
A_frozen,421,0.3154144883155823,0.11154480278491974,0.3450467884540558,37.50076675415039,0,0.3085249670923274,0.14558406103963045,336.66400146484375,784.7444458007812,316.1999816894531
A_frozen,422,0.30435383319854736,0.11725166440010071,0.34742090106010437,37.41062545776367,0,0.3084832557533896,0.14530073707323515,336.66400146484375,784.7444458007812,316.1999816894531
A_frozen,423,0.26612746715545654,0.11308999359607697,0.3411017060279846,35.927703857421875,0,0.3080596978674103,0.14497862963846359,336.66400146484375,784.7444458007812,316.2000427246094
A_frozen,424,0.25762054324150085,0.12048499286174774,0.35064566135406494,45.302001953125,0,0.30755530632115113,0.1447336932706964,336.66400146484375,784.7444458007812,316.2002258300781
A_frozen,425,0.2741696536540985,0.1155412495136261,0.33880946040153503,45.725746154785156,0,0.3072214497944806,0.1444417688331257,336.66400146484375,784.7444458007812,316.20037841796875
A_frozen,426,0.23346231877803802,0.12499593198299408,0.34433770179748535,30.072154998779297,0,0.3064838584843162,0.14424731046462438,336.66400146484375,784.7444458007812,316.200439453125
A_frozen,427,0.2600919306278229,0.12174345552921295,0.3404139280319214,33.85688781738281,0,0.3060199392057512,0.14402227191527028,336.66400146484375,784.7444458007812,316.2004699707031
A_frozen,428,0.26263752579689026,0.1168137788772583,0.33951082825660706,39.1229248046875,0,0.30558611507166256,0.14375018698489017,336.66400146484375,784.7444458007812,316.2004089355469
A_frozen,429,0.2403176724910736,0.11289358139038086,0.3379492163658142,33.33094024658203,0,0.30493343064585665,0.14344162092894508,336.66400146484375,784.7444458007812,316.20037841796875
A_frozen,430,0.49151045083999634,0.15677203238010406,0.33868980407714844,61.18770980834961,0,0.306799200847798,0.14357492504345667,336.66400146484375,784.7444458007812,316.20037841796875
A_frozen,431,0.2735593914985657,0.17401105165481567,0.347789466381073,40.06714630126953,0,0.3064668027543057,0.14387928630957025,336.66400146484375,784.7444458007812,316.2003173828125
A_frozen,432,0.2695843279361725,0.1765603870153427,0.3445143401622772,31.184206008911133,0,0.30609797800612437,0.14420609731662798,336.66400146484375,784.7444458007812,316.20025634765625
A_frozen,433,0.29417097568511963,0.15541291236877441,0.33951374888420105,41.10456848144531,0,0.3059787079829143,0.14431816546714943,336.66400146484375,784.7444458007812,316.2001037597656
A_frozen,434,0.2706969380378723,0.11677956581115723,0.3390091359615326,39.41976547241211,0,0.30562589028346393,0.1440427794705895,336.66400146484375,784.7444458007812,316.1997985839844
A_frozen,435,0.32533207535743713,0.1245204508304596,0.3428003191947937,55.10015106201172,0,0.3058229521342037,0.14384755618418818,336.66400146484375,784.7444458007812,316.199462890625
A_frozen,436,0.2554989457130432,0.1274232417345047,0.3394275903701782,35.871524810791016,0,0.3053197120699921,0.14368331303969134,336.66400146484375,784.7444458007812,316.19915771484375
A_frozen,437,0.3306204676628113,0.12430985271930695,0.3424633741378784,49.633201599121094,0,0.3055727196259203,0.1434895784364875,336.66400146484375,784.7444458007812,316.1988525390625
A_frozen,438,0.32486143708229065,0.13802142441272736,0.3496294617652893,32.786800384521484,0,0.30576560680048404,0.14343489689624989,336.66400146484375,784.7444458007812,316.198486328125
A_frozen,439,0.7630468606948853,0.141105055809021,0.35424405336380005,170.83145141601562,0,0.310338419339428,0.1434115984853776,336.66400146484375,784.7444458007812,316.1981201171875
A_frozen,440,0.28509071469306946,0.1312236189842224,0.35078591108322144,37.03926086425781,0,0.31008594229296443,0.14328971869036605,336.66400146484375,784.7444458007812,316.1979064941406
A_frozen,441,0.2698139250278473,0.13586580753326416,0.3495500087738037,34.1338996887207,0,0.30968322212031324,0.14321547957879502,336.66400146484375,784.7444458007812,316.1977233886719
A_frozen,442,0.28857752680778503,0.12169727683067322,0.34901726245880127,37.543514251708984,0,0.30947216516718795,0.1430002975513138,336.66400146484375,784.7444458007812,316.1974792480469
A_frozen,443,0.29593926668167114,0.11824342608451843,0.34026432037353516,35.26823425292969,0,0.30933683618233276,0.14275272883664586,336.66400146484375,784.7444458007812,316.1972961425781
A_frozen,444,0.27955371141433716,0.11557921767234802,0.3405790328979492,36.94865036010742,0,0.3090390049346528,0.1424809937250029,336.66400146484375,784.7444458007812,316.197265625
A_frozen,445,0.2493329793214798,0.12187087535858154,0.3477259576320648,31.473915100097656,0,0.3084419446785211,0.14227489254133868,336.66400146484375,784.7444458007812,316.1971435546875
A_frozen,446,0.28987863659858704,0.1178983747959137,0.33878952264785767,222.63064575195312,0,0.30825631159772177,0.14203112736388443,336.66400146484375,784.7444458007812,316.1970520019531
A_frozen,447,0.45455363392829895,0.1719399392604828,0.3395090401172638,135.328125,0,0.30971928482102756,0.1423302154828504,336.66400146484375,784.7444458007812,316.1968688964844
A_frozen,448,0.23209445178508759,0.18430936336517334,0.3456530272960663,31.99009895324707,0,0.3089430364906682,0.14275000696167364,336.66400146484375,784.7444458007812,316.19671630859375
A_frozen,449,0.287062406539917,0.1923377811908722,0.35902050137519836,37.324363708496094,0,0.3087242301911607,0.14324588470396563,336.66400146484375,784.7444458007812,316.1966552734375
A_frozen,450,0.246339812874794,0.17496885359287262,0.3618631362915039,51.13010787963867,0,0.30810038601799705,0.14356311439285468,336.66400146484375,784.7444458007812,316.1967468261719
A_frozen,451,0.2864208519458771,0.1234329342842102,0.3554326295852661,33.67010498046875,0,0.3078835906772759,0.14336181259176822,336.66400146484375,784.7444458007812,316.1968078613281
A_frozen,452,0.25586336851119995,0.12391358613967896,0.3526414632797241,37.356292724609375,0,0.3073633884556151,0.14316733032724732,336.66400146484375,784.7444458007812,316.1968078613281
A_frozen,453,0.8184047341346741,0.33212530612945557,0.3649754524230957,612.4471435546875,0,0.3124738019124057,0.14505691008526939,336.66400146484375,784.7444458007812,316.19671630859375
A_frozen,454,0.2831960618495941,0.317150741815567,0.3575645685195923,42.82106018066406,0,0.3121810245117776,0.14677784840257235,336.66400146484375,784.7444458007812,316.1966857910156
A_frozen,455,0.2613222599029541,0.30173519253730774,0.3437967002391815,31.887285232543945,0,0.31167243686568935,0.14832742184391973,336.66400146484375,784.7444458007812,316.1966552734375
A_frozen,456,0.3323472738265991,0.33094000816345215,0.35852140188217163,32.78773498535156,0,0.31187918523529845,0.15015354770711506,336.66400146484375,784.7444458007812,316.1966552734375
A_frozen,457,0.2629609704017639,0.12241674959659576,0.3535280227661133,35.12160110473633,0,0.31139000308696313,0.14987617972600986,336.66400146484375,784.7444458007812,316.1966247558594
A_frozen,458,0.29301735758781433,0.12173441052436829,0.35459211468696594,41.286624908447266,0,0.31120627663197165,0.14959476203399344,336.66400146484375,784.7444458007812,316.1966247558594
A_frozen,459,0.2720593810081482,0.12513837218284607,0.355915367603302,46.13911819458008,0,0.31081480767573344,0.14935019813548195,336.66400146484375,784.7444458007812,316.19671630859375
A_frozen,460,0.2827136218547821,0.11055624485015869,0.33626481890678406,39.352169036865234,0,0.3105337958175239,0.1489622586026287,336.66400146484375,784.7444458007812,316.1965637207031
A_frozen,461,0.29305851459503174,0.10613271594047546,0.33229732513427734,36.85542297363281,0,0.31035904300529893,0.1485339631760072,336.66400146484375,784.7444458007812,316.1963195800781
A_frozen,462,0.26674601435661316,0.10965330898761749,0.33100172877311707,34.47016143798828,0,0.30992291271881206,0.1481451566341233,336.66400146484375,784.7444458007812,316.19586181640625
A_frozen,463,0.25982657074928284,0.11987453699111938,0.33792605996131897,38.1156005859375,0,0.30942194929911676,0.14786245043769325,336.66400146484375,784.7444458007812,316.1954345703125
A_frozen,464,0.2813231945037842,0.11377233266830444,0.3399142026901245,45.023643493652344,0,0.30914096175116346,0.14752154925999936,336.66400146484375,784.7444458007812,316.1949768066406
A_frozen,465,0.43753960728645325,0.11553072929382324,0.3341459631919861,81.238525390625,0,0.31042494820651634,0.1472016410603376,336.66400146484375,784.7444458007812,316.19439697265625
A_frozen,466,0.22833353281021118,0.11251883208751678,0.3356369733810425,33.564483642578125,0,0.30960403405255327,0.14685481297060937,336.66400146484375,784.7444458007812,316.19378662109375
A_frozen,467,0.2736850380897522,0.1178298145532608,0.3419761657714844,39.925819396972656,0,0.3092448440929253,0.1465645629864359,336.66400146484375,784.7444458007812,316.1930847167969
A_frozen,468,0.264193594455719,0.1180817186832428,0.3388357162475586,35.56654357910156,0,0.30879433159655323,0.14627973454340396,336.66400146484375,784.7444458007812,316.1924133300781
A_frozen,469,0.2564404606819153,0.11358080804347992,0.3437056839466095,36.032859802246094,0,0.3082707928874069,0.1459527452784047,336.66400146484375,784.7444458007812,316.1918640136719
A_frozen,470,0.2883138358592987,0.12833768129348755,0.3531765341758728,58.32052993774414,0,0.30807122331712583,0.14577659463855555,336.66400146484375,784.7444458007812,316.1912841796875
A_frozen,471,0.22612780332565308,0.1339806616306305,0.34729787707328796,32.48038864135742,0,0.3072517891172111,0.1456586353084763,336.66400146484375,784.7444458007812,316.1909484863281
A_frozen,472,0.20660199224948883,0.12825381755828857,0.3443399667739868,31.946537017822266,0,0.3062452911485339,0.14548458713097442,336.66400146484375,784.7444458007812,316.1908264160156
A_frozen,473,0.29453831911087036,0.12114502489566803,0.34182828664779663,38.726322174072266,0,0.30612822142815727,0.14524119150862136,336.66400146484375,784.7444458007812,316.190673828125
A_frozen,474,0.30038923025131226,0.1249815821647644,0.33486950397491455,42.501380920410156,0,0.3060708315163888,0.1450385954151828,336.66400146484375,784.7444458007812,316.190673828125
A_frozen,475,0.2596820890903473,0.1379861831665039,0.342027485370636,39.44267654418945,0,0.30560694409212835,0.144968071292696,336.66400146484375,784.7444458007812,316.1907653808594
A_frozen,476,0.23716241121292114,0.13927629590034485,0.3427983522415161,33.7392578125,0,0.30492249876333627,0.1449111535387725,336.66400146484375,784.7444458007812,316.1910400390625
A_frozen,477,0.2649993300437927,0.1413438618183136,0.35200610756874084,38.54722595214844,0,0.3045232670761408,0.1448754806215679,336.66400146484375,784.7444458007812,316.19146728515625
A_frozen,478,0.30371612310409546,0.13153693079948425,0.35494464635849,32.77748489379883,0,0.3045151956364204,0.14474209512334707,336.66400146484375,784.7444458007812,316.1917724609375
A_frozen,479,0.2677493393421173,0.13345545530319214,0.3553784191608429,33.125885009765625,0,0.3041475370734773,0.1446292287251455,336.66400146484375,784.7444458007812,316.19232177734375
A_frozen,480,0.24522437155246735,0.12710510194301605,0.35195261240005493,31.273183822631836,0,0.30355830541826717,0.14445398745732418,336.66400146484375,784.7444458007812,316.19293212890625
A_frozen,481,0.2706546187400818,0.12940649688243866,0.3553660809993744,35.16890335083008,0,0.3032292685514853,0.14430351255157534,336.66400146484375,784.7444458007812,316.1935729980469
A_frozen,482,0.47477611899375916,0.12533307075500488,0.34331321716308594,87.97181701660156,0,0.304944737055908,0.14411380813360963,336.66400146484375,784.7444458007812,316.19415283203125
A_frozen,483,0.2629653811454773,0.11885930597782135,0.340215802192688,46.61489486694336,0,0.3045249434968037,0.14386126311205177,336.66400146484375,784.7444458007812,316.1946105957031
A_frozen,484,0.26439353823661804,0.11504918336868286,0.3352687954902649,35.91178894042969,0,0.30412362944420185,0.14357314231461807,336.66400146484375,784.7444458007812,316.1947937011719
A_frozen,485,0.8349805474281311,0.151434987783432,0.3307649493217468,186.12942504882812,0,0.30943219862404114,0.14365176076930622,336.66400146484375,784.7444458007812,316.19488525390625
A_frozen,486,0.26635316014289856,0.14326882362365723,0.32796674966812134,33.53852844238281,0,0.30900140823922967,0.14364793139784973,336.66400146484375,784.7444458007812,316.1947326660156
A_frozen,487,0.27888286113739014,0.14327114820480347,0.32750803232192993,35.6270866394043,0,0.3087002227682113,0.14364416356591928,336.66400146484375,784.7444458007812,316.1943664550781
A_frozen,488,0.2759920656681061,0.1455991566181183,0.3263569474220276,33.05290985107422,0,0.30837314119721027,0.14366371349644125,336.66400146484375,784.7444458007812,316.19390869140625
A_frozen,489,0.25323885679244995,0.10773631930351257,0.339923620223999,28.478759765625,0,0.30782179835316265,0.14330443955451194,336.66400146484375,784.7444458007812,316.1935119628906
A_frozen,490,0.2569573223590851,0.1150866150856018,0.34037524461746216,42.348426818847656,0,0.30731315359322187,0.14302226130982285,336.66400146484375,784.7444458007812,316.1927795410156
A_frozen,491,0.253500372171402,0.10668978095054626,0.33578765392303467,40.97549819946289,0,0.3067750257790037,0.1426589365062301,336.66400146484375,784.7444458007812,316.19219970703125
A_frozen,492,0.26618993282318115,0.11166717112064362,0.3389429748058319,47.00379180908203,0,0.3063691748494454,0.14234901885237425,336.66400146484375,784.7444458007812,316.1917419433594
A_frozen,493,0.24083591997623444,0.10624942183494568,0.3271784782409668,38.807769775390625,0,0.3057138423007133,0.14198802288219994,336.66400146484375,784.7444458007812,316.1913757324219
A_frozen,494,0.29412728548049927,0.10731711983680725,0.32850468158721924,37.721221923828125,0,0.30559797673251116,0.14164131385174603,336.66400146484375,784.7444458007812,316.1910095214844
A_frozen,495,0.26546210050582886,0.11394916474819183,0.33589068055152893,35.95478057861328,0,0.30519661797024433,0.1413643923607105,336.66400146484375,784.7444458007812,316.1906433105469
A_frozen,496,1.0215271711349487,0.15215693414211273,0.3335731625556946,374.49859619140625,0,0.3123599235018914,0.1414723177785245,336.66400146484375,784.7444458007812,316.1903381347656
A_frozen,497,0.22539502382278442,0.17368707060813904,0.33512651920318604,38.7027473449707,0,0.3114902745051003,0.14179446530682066,336.66400146484375,784.7444458007812,316.19012451171875
A_frozen,498,0.28103676438331604,0.16819795966148376,0.3335164785385132,37.78098678588867,0,0.31118573940388244,0.1420585002503673,336.66400146484375,784.7444458007812,316.19000244140625
A_frozen,499,0.26799771189689636,0.15210118889808655,0.33215242624282837,37.486759185791016,0,0.31075385912881254,0.1421589271368445,336.66400146484375,784.7444458007812,316.1897888183594
A_frozen,500,0.24847732484340668,0.10403367877006531,0.32693934440612793,33.122066497802734,0,0.31013109378595843,0.1417776746531767,336.66400146484375,784.7444458007812,316.1895446777344
A_frozen,501,0.2578541338443756,0.10991901159286499,0.33740752935409546,37.84571838378906,0,0.3096083241865426,0.1414590880225736,336.66400146484375,784.7444458007812,316.1893615722656
A_frozen,502,0.2863808274269104,0.11872181296348572,0.34606048464775085,39.16578674316406,0,0.3093760492189463,0.1412317152719827,336.66400146484375,784.7444458007812,316.1893005371094
A_frozen,503,0.2670205235481262,0.11508390307426453,0.33356478810310364,38.22825241088867,0,0.3089524939622381,0.1409702371500055,336.66400146484375,784.7444458007812,316.189453125
A_frozen,504,0.23543529212474823,0.12341651320457458,0.34560465812683105,33.02092742919922,0,0.3082173219438632,0.14079469991055119,336.66400146484375,784.7444458007812,316.1895751953125
A_frozen,505,0.2604239583015442,0.12138064205646515,0.3431723117828369,31.11214828491211,0,0.30773938830743996,0.14060055933201032,336.66400146484375,784.7444458007812,316.1898193359375
A_frozen,506,0.25340917706489563,0.11674883961677551,0.3314284384250641,38.268062591552734,0,0.30719608619501454,0.14036204213485798,336.66400146484375,784.7444458007812,316.1901550292969
A_frozen,507,0.25277525186538696,0.11486700177192688,0.33964166045188904,34.394142150878906,0,0.30665187785171827,0.14010709173122865,336.66400146484375,784.7444458007812,316.1902770996094
A_frozen,508,0.2520562410354614,0.12651042640209198,0.34977179765701294,61.426856994628906,0,0.3061059214835557,0.1399711250779373,336.66400146484375,784.7444458007812,316.1903991699219
A_frozen,509,0.2873370945453644,0.12295928597450256,0.34399962425231934,37.39495849609375,0,0.3059182332141738,0.13980100668690296,336.66400146484375,784.7444458007812,316.19049072265625
A_frozen,510,0.28734347224235535,0.11851128935813904,0.3420944809913635,37.49851608276367,0,0.3057324856044556,0.1395881095136153,336.66400146484375,784.7444458007812,316.1903991699219
A_frozen,511,0.24873489141464233,0.11469718813896179,0.34380674362182617,35.374839782714844,0,0.3051625096625575,0.13933920029986877,336.66400146484375,784.7444458007812,316.1903076171875
A_frozen,512,0.2706714868545532,0.11843137443065643,0.34195441007614136,36.567073822021484,0,0.3048175994344774,0.13913012204117664,336.66400146484375,784.7444458007812,316.19024658203125
A_frozen,513,0.2675439119338989,0.12467755377292633,0.34472358226776123,36.14751052856445,0,0.3044448625594716,0.13898559635849414,336.66400146484375,784.7444458007812,316.19024658203125
A_frozen,514,0.2808890640735626,0.12209422886371613,0.34334778785705566,40.976566314697266,0,0.30420930457461254,0.13881668268354638,336.66400146484375,784.7444458007812,316.190185546875
A_frozen,515,0.27251797914505005,0.11973448097705841,0.34782540798187256,38.30936050415039,0,0.30389239132031687,0.1386258606664815,336.66400146484375,784.7444458007812,316.19024658203125
A_frozen,516,0.271467000246048,0.11604714393615723,0.3422074317932129,34.75065231323242,0,0.3035681374095742,0.13840007349917827,336.66400146484375,784.7444458007812,316.1902770996094
A_frozen,517,0.2549358606338501,0.11668393015861511,0.34665346145629883,31.589519500732422,0,0.30308181464181694,0.13818291206577263,336.66400146484375,784.7444458007812,316.19012451171875
A_frozen,518,0.37298405170440674,0.12084710597991943,0.35567599534988403,55.74506759643555,0,0.30378083701244285,0.13800955400491408,336.66400146484375,784.7444458007812,316.1900329589844
A_frozen,519,0.2812778949737549,0.1246616542339325,0.34864506125450134,33.740821838378906,0,0.30355580759205597,0.13787607500720425,336.66400146484375,784.7444458007812,316.18994140625
A_frozen,520,0.2590857446193695,0.12231248617172241,0.35060882568359375,31.79826545715332,0,0.3031111069623291,0.13772043911884943,336.66400146484375,784.7444458007812,316.1898498535156
A_frozen,521,0.25301867723464966,0.11427129805088043,0.34525901079177856,36.36682891845703,0,0.30261018266505235,0.13748594770816974,336.66400146484375,784.7444458007812,316.1898193359375
A_frozen,522,0.287598580121994,0.11699295043945312,0.3472856283187866,35.93204879760742,0,0.30246006663962177,0.1372810177354826,336.66400146484375,784.7444458007812,316.18963623046875
A_frozen,523,0.25729838013648987,0.1245773434638977,0.35612350702285767,39.13541030883789,0,0.30200844977459046,0.13715398099276674,336.66400146484375,784.7444458007812,316.1896057128906
A_frozen,524,0.2560858726501465,0.11543022096157074,0.3509647846221924,54.33534622192383,0,0.301549224003346,0.1369367433924548,336.66400146484375,784.7444458007812,316.18951416015625
A_frozen,525,0.24579770863056183,0.11463157832622528,0.34690266847610474,35.49326705932617,0,0.3009917088496182,0.1367136917417925,336.66400146484375,784.7444458007812,316.1895446777344
A_frozen,526,0.28579285740852356,0.11914920806884766,0.3414587378501892,50.78569793701172,0,0.30083972033520723,0.13653804690506302,336.66400146484375,784.7444458007812,316.189453125
A_frozen,527,0.2675211727619171,0.10931031405925751,0.338365763425827,38.9878044128418,0,0.3005065348594744,0.13626576957660497,336.66400146484375,784.7444458007812,316.1893615722656
A_frozen,528,0.2568979263305664,0.11946219205856323,0.34706181287765503,31.26219367980957,0,0.3000704487741853,0.13609773380142456,336.66400146484375,784.7444458007812,316.1891174316406
A_frozen,529,0.2530626356601715,0.12103186547756195,0.34343457221984863,44.57676315307617,0,0.2996003706430452,0.13594707511818593,336.66400146484375,784.7444458007812,316.18890380859375
A_frozen,530,0.2764078378677368,0.1139657199382782,0.34092816710472107,40.588401794433594,0,0.2993684453152921,0.13572726156638684,336.66400146484375,784.7444458007812,316.1885986328125
A_frozen,531,0.2822210192680359,0.11398211121559143,0.3396949768066406,81.51260375976562,0,0.29919697105481957,0.13550981006287888,336.66400146484375,784.7444458007812,316.1883239746094
A_frozen,532,0.26994773745536804,0.11856691539287567,0.34437108039855957,34.78501892089844,0,0.29890447871882503,0.13534038111617885,336.66400146484375,784.7444458007812,316.1878662109375
A_frozen,533,0.3043873906135559,0.12315928936004639,0.3520757257938385,54.19734191894531,0,0.29895930783777236,0.13521857019861755,336.66400146484375,784.7444458007812,316.18756103515625
A_frozen,534,0.2293146848678589,0.12466901540756226,0.35204190015792847,29.836101531982422,0,0.29826286160807325,0.13511307465070702,336.66400146484375,784.7444458007812,316.1874084472656
A_frozen,535,0.26260843873023987,0.11269068717956543,0.34330540895462036,35.73234939575195,0,0.2979063173792949,0.13488885077599558,336.66400146484375,784.7444458007812,316.18743896484375
A_frozen,536,0.4742724597454071,0.11705395579338074,0.3416026830673218,121.04302215576172,0,0.29966997880295604,0.13471050182616942,336.66400146484375,784.7444458007812,316.1874694824219
A_frozen,537,0.28020256757736206,0.11390566825866699,0.3375413417816162,35.734405517578125,0,0.2994753046907001,0.13450245349049442,336.66400146484375,784.7444458007812,316.1874084472656
A_frozen,538,0.25268852710723877,0.11523747444152832,0.3352513015270233,34.50476837158203,0,0.2990074369148655,0.13430980370000475,336.66400146484375,784.7444458007812,316.18743896484375
A_frozen,539,0.2514146566390991,0.12157332897186279,0.3385489284992218,36.795387268066406,0,0.2985315091121078,0.13418243895272333,336.66400146484375,784.7444458007812,316.1875
A_frozen,540,0.25786784291267395,0.11316898465156555,0.3347457945346832,39.554588317871094,0,0.29812487245011343,0.13397230440971175,336.66400146484375,784.7444458007812,316.1875305175781
A_frozen,541,0.2579628527164459,0.11602954566478729,0.3281981945037842,40.33971405029297,0,0.2977232522527768,0.13379287682226249,336.66400146484375,784.7444458007812,316.1875305175781
A_frozen,542,0.24501240253448486,0.11001239717006683,0.328971803188324,33.29277038574219,0,0.29719614375559383,0.13355507202574055,336.66400146484375,784.7444458007812,316.1875915527344
A_frozen,543,0.25798049569129944,0.1147032380104065,0.3251765966415405,34.999881744384766,0,0.2968039872749509,0.1333665536855872,336.66400146484375,784.7444458007812,316.1874694824219
A_frozen,544,0.2985646426677704,0.12341362237930298,0.3418438732624054,41.326690673828125,0,0.29682159382887907,0.13326702437252436,336.66400146484375,784.7444458007812,316.1872863769531
A_frozen,545,0.26234114170074463,0.12403151392936707,0.33757925033569336,37.14827346801758,0,0.29647678930759774,0.1331746692680928,336.66400146484375,784.7444458007812,316.1870422363281
A_frozen,546,0.29438522458076477,0.13029234111309052,0.34173837304115295,42.453975677490234,0,0.2964558736603294,0.13314584598654278,336.66400146484375,784.7444458007812,316.186767578125
A_frozen,547,0.26994383335113525,0.12212112545967102,0.34255003929138184,33.348907470703125,0,0.2961907532572374,0.13303559878127405,336.66400146484375,784.7444458007812,316.1866455078125
A_frozen,548,0.2432395964860916,0.11185093224048615,0.32907742261886597,34.043148040771484,0,0.29566124168952596,0.13282375211586617,336.66400146484375,784.7444458007812,316.1866149902344
A_frozen,549,0.23823171854019165,0.11182081699371338,0.3391556739807129,41.35209274291992,0,0.29508694645803263,0.13261372276464464,336.66400146484375,784.7444458007812,316.18658447265625
A_frozen,550,0.2826446294784546,0.11821681261062622,0.33860793709754944,45.65144348144531,0,0.29496252328823686,0.13246975366310448,336.66400146484375,784.7444458007812,316.1865234375
A_frozen,551,0.2782032787799835,0.11659643054008484,0.33661770820617676,33.69229507446289,0,0.2947949308431543,0.13231102043187426,336.66400146484375,784.7444458007812,316.1864929199219
A_frozen,552,0.2685283124446869,0.1115943193435669,0.33628183603286743,33.41194534301758,0,0.2945322646591696,0.13210385342099118,336.66400146484375,784.7444458007812,316.1865539550781
A_frozen,553,0.2868497967720032,0.10814543068408966,0.3408907651901245,38.28044891357422,0,0.29445543998029794,0.13186426919362215,336.66400146484375,784.7444458007812,316.1864929199219
A_frozen,554,0.4042842388153076,0.1162649393081665,0.3360326588153839,372.75604248046875,0,0.29555372796864804,0.1317082758947676,336.66400146484375,784.7444458007812,316.1864013671875
A_frozen,555,0.24302645027637482,0.12066227197647095,0.3336963653564453,29.716772079467773,0,0.29502845519172527,0.13159781585558464,336.66400146484375,784.7444458007812,316.1861572265625
A_frozen,556,0.30039548873901367,0.13100025057792664,0.3387075364589691,40.3817024230957,0,0.29508212552719815,0.13159184020280804,336.66400146484375,784.7444458007812,316.18585205078125
A_frozen,557,0.24697701632976532,0.13177093863487244,0.34713247418403625,33.568660736083984,0,0.2946010744352238,0.1315936311871287,336.66400146484375,784.7444458007812,316.1856384277344
A_frozen,558,0.2956617474555969,0.12530547380447388,0.3497164845466614,39.497501373291016,0,0.2946116811654275,0.13153074961330213,336.66400146484375,784.7444458007812,316.185546875
A_frozen,559,0.24528612196445465,0.12609994411468506,0.3559700846672058,28.419574737548828,0,0.2941184255734178,0.13147644155831598,336.66400146484375,784.7444458007812,316.18548583984375
A_frozen,560,0.26117604970932007,0.1341644823551178,0.35278022289276123,33.74285125732422,0,0.2937890018147768,0.131503321966284,336.66400146484375,784.7444458007812,316.1855163574219
A_frozen,561,0.2509876489639282,0.11733776330947876,0.3438323140144348,34.52015686035156,0,0.29336098828626833,0.13136166637971594,336.66400146484375,784.7444458007812,316.1857604980469
A_frozen,562,0.27221521735191345,0.1263877898454666,0.3514212965965271,36.539756774902344,0,0.2931495305769248,0.13131192761437344,336.66400146484375,784.7444458007812,316.18609619140625
A_frozen,563,0.2594201862812042,0.1156628280878067,0.3398270010948181,38.39519119262695,0,0.2928122371339676,0.13115543661910775,336.66400146484375,784.7444458007812,316.1864013671875
A_frozen,564,0.21734188497066498,0.11845415830612183,0.3435513377189636,32.73419189453125,0,0.2920575336123346,0.1310284238359779,336.66400146484375,784.7444458007812,316.18682861328125
A_frozen,565,0.2665296196937561,0.11769047379493713,0.34674280881881714,40.000858306884766,0,0.29180225447314884,0.1308950443355675,336.66400146484375,784.7444458007812,316.18701171875
A_frozen,566,0.26966243982315063,0.11022093892097473,0.34133315086364746,41.71226501464844,0,0.2915808563266488,0.13068830328142156,336.66400146484375,784.7444458007812,316.18701171875
A_frozen,567,0.2711218297481537,0.12139266729354858,0.34633708000183105,41.472877502441406,0,0.29137626606086386,0.13059534692154284,336.66400146484375,784.7444458007812,316.18701171875
A_frozen,568,0.2486339509487152,0.11179523169994354,0.3346674144268036,38.179317474365234,0,0.2909488429097424,0.13040734576932683,336.66400146484375,784.7444458007812,316.18695068359375
A_frozen,569,0.25663068890571594,0.11232489347457886,0.3403070569038391,34.164390563964844,0,0.2906056613697021,0.13022652124637937,336.66400146484375,784.7444458007812,316.1869201660156
A_frozen,570,0.33217450976371765,0.10266338288784027,0.33017557859420776,45.998191833496094,0,0.29102134985364225,0.129950889862794,336.66400146484375,784.7444458007812,316.1868591308594
A_frozen,571,0.27090775966644287,0.10597109794616699,0.32980555295944214,34.05854415893555,0,0.29082021395177027,0.1297110919436277,336.66400146484375,784.7444458007812,316.1865539550781
A_frozen,572,0.23184926807880402,0.11102445423603058,0.3378162980079651,38.52384948730469,0,0.2902305044930406,0.12952422556655174,336.66400146484375,784.7444458007812,316.1864013671875
A_frozen,573,0.25050199031829834,0.11366820335388184,0.340942919254303,35.114009857177734,0,0.2898332193512932,0.12936566534442503,336.66400146484375,784.7444458007812,316.18621826171875
A_frozen,574,0.2416960746049881,0.1159915030002594,0.3448978066444397,30.773468017578125,0,0.2893518479038301,0.12923192372098338,336.66400146484375,784.7444458007812,316.1861572265625
A_frozen,575,0.26435279846191406,0.11906960606575012,0.35618525743484497,39.036094665527344,0,0.28910185740941097,0.12913030054443106,336.66400146484375,784.7444458007812,316.18609619140625
A_frozen,576,0.2454940229654312,0.12686315178871155,0.35695183277130127,28.131620407104492,0,0.28866577906497115,0.12910762905687387,336.66400146484375,784.7444458007812,316.1860656738281
A_frozen,577,0.4468710720539093,0.14143827557563782,0.35040104389190674,62.1495361328125,0,0.29024783199486054,0.1292309355220615,336.66400146484375,784.7444458007812,316.1861877441406
A_frozen,578,0.2704124450683594,0.14042823016643524,0.3507484197616577,33.7719841003418,0,0.2900494781255955,0.1293429084685052,336.66400146484375,784.7444458007812,316.18646240234375
A_frozen,579,0.2595899999141693,0.13860546052455902,0.34937044978141785,32.78082275390625,0,0.2897448833434812,0.12943553398906577,336.66400146484375,784.7444458007812,316.1866149902344
A_frozen,580,0.2745392918586731,0.14238978922367096,0.35588783025741577,40.09029006958008,0,0.2895928274286331,0.1295650765414118,336.66400146484375,784.7444458007812,316.1866149902344
A_frozen,581,0.24808616936206818,0.12338706851005554,0.3539453446865082,33.50931167602539,0,0.2891777608479675,0.12950329646109823,336.66400146484375,784.7444458007812,316.1866149902344
A_frozen,582,0.28547751903533936,0.12319374084472656,0.3518957793712616,40.23545455932617,0,0.28914075842984116,0.12944020090493452,336.66400146484375,784.7444458007812,316.1866149902344
A_frozen,583,0.2676594853401184,0.11626902222633362,0.3462769687175751,34.80812072753906,0,0.2889259456989439,0.12930848911814852,336.66400146484375,784.7444458007812,316.1866149902344
A_frozen,584,0.24254076182842255,0.10904976725578308,0.3389278054237366,31.58697509765625,0,0.28846209386023874,0.12910590189952487,336.66400146484375,784.7444458007812,316.1866149902344
A_frozen,585,0.3625235855579376,0.13674312829971313,0.3431416451931,38.753578186035156,0,0.28920270877721577,0.12918227416352673,336.66400146484375,784.7444458007812,316.1865234375
A_frozen,586,0.28389444947242737,0.1389375925064087,0.35083967447280884,40.245689392089844,0,0.2891496261841679,0.12927982734695553,336.66400146484375,784.7444458007812,316.1864318847656
A_frozen,587,0.22629418969154358,0.14001736044883728,0.34351012110710144,28.954158782958984,0,0.28852107181924164,0.12938720267797435,336.66400146484375,784.7444458007812,316.1863708496094
A_frozen,588,0.2719201147556305,0.1381756067276001,0.339677095413208,38.15705108642578,0,0.2883550622486055,0.1294750867184706,336.66400146484375,784.7444458007812,316.1862487792969
A_frozen,589,0.2524559497833252,0.10878756642341614,0.33631837368011475,32.45293045043945,0,0.2879960711239527,0.12926821151552007,336.66400146484375,784.7444458007812,316.18597412109375
A_frozen,590,0.22875134646892548,0.11806467175483704,0.33808696269989014,31.497154235839844,0,0.2874036238774024,0.12915617611791322,336.66400146484375,784.7444458007812,316.185546875
A_frozen,591,0.2998710870742798,0.11345177888870239,0.3360879421234131,35.2081413269043,0,0.28752829850937117,0.1289991321456211,336.66400146484375,784.7444458007812,316.18499755859375
A_frozen,592,0.25471755862236023,0.12134520709514618,0.33404266834259033,29.997617721557617,0,0.28720019111050105,0.12892259289511634,336.66400146484375,784.7444458007812,316.1844482421875
A_frozen,593,0.31063979864120483,0.16439446806907654,0.33572596311569214,82.66168975830078,0,0.28743458718580805,0.12927731164685594,336.66400146484375,784.7444458007812,316.1837158203125
A_frozen,594,0.24015796184539795,0.18195056915283203,0.34657490253448486,36.140750885009766,0,0.28696182093240397,0.12980404422191572,336.66400146484375,784.7444458007812,316.1831359863281
A_frozen,595,0.28125062584877014,0.18311640620231628,0.34273576736450195,35.490264892578125,0,0.28690470898156767,0.13033716784171973,336.66400146484375,784.7444458007812,316.18243408203125
A_frozen,596,0.25597918033599854,0.15634095668792725,0.33470770716667175,39.43080139160156,0,0.28659545369511197,0.1305972057301818,336.66400146484375,784.7444458007812,316.1814880371094
A_frozen,597,0.24969948828220367,0.11854507029056549,0.3402928411960602,34.2593879699707,0,0.2862264940409829,0.13047668437578563,336.66400146484375,784.7444458007812,316.18048095703125
A_frozen,598,0.2732621431350708,0.11640730500221252,0.33707863092422485,37.183597564697266,0,0.2860968505319238,0.1303359905820499,336.66400146484375,784.7444458007812,316.17950439453125
A_frozen,599,0.2529791593551636,0.10592284798622131,0.3375973701477051,32.5903205871582,0,0.2857656736201562,0.1300918591560916,336.66400146484375,784.7444458007812,316.1788024902344
A_frozen,600,0.26339736580848694,0.11169253289699554,0.34121161699295044,36.85986328125,0,0.2855419905420395,0.12990786589350062,336.66400146484375,784.7444458007812,316.1782531738281
A_frozen,601,1.4373997449874878,0.20602867007255554,0.3418337106704712,324.10308837890625,0,0.297060568086494,0.13066907393529117,336.66400146484375,784.7444458007812,316.17779541015625
A_frozen,602,0.2664544880390167,0.2133278101682663,0.3472616970539093,32.49842071533203,0,0.2967545072860192,0.1314956612976209,336.66400146484375,784.7444458007812,316.17730712890625
A_frozen,603,0.23283624649047852,0.22734694182872772,0.351660817861557,34.94975280761719,0,0.29611532467806384,0.13245417410293198,336.66400146484375,784.7444458007812,316.1770935058594
A_frozen,604,0.2556641697883606,0.23394083976745605,0.3465394377708435,46.028987884521484,0,0.2957108131291668,0.1334690407595772,336.66400146484375,784.7444458007812,316.17706298828125
A_frozen,605,0.26571524143218994,0.1243242621421814,0.3565749526023865,39.35813903808594,0,0.295410857412197,0.13337759297340324,336.66400146484375,784.7444458007812,316.1771545410156
A_frozen,606,0.3703751266002655,0.1311129331588745,0.3469403088092804,45.14651870727539,0,0.2961605001040777,0.13335494637525797,336.66400146484375,784.7444458007812,316.1774597167969
A_frozen,607,0.4598698914051056,0.16420620679855347,0.36047619581222534,45.46080780029297,0,0.297797594017088,0.13366345897949092,336.66400146484375,784.7444458007812,316.17791748046875
A_frozen,608,0.23548726737499237,0.1630975604057312,0.36667579412460327,34.85601806640625,0,0.297174490750667,0.13395779999375332,336.66400146484375,784.7444458007812,316.1786193847656
A_frozen,609,0.2559768557548523,0.18143996596336365,0.36071938276290894,37.6781120300293,0,0.29676251440070883,0.13443262165344944,336.66400146484375,784.7444458007812,316.1794128417969
A_frozen,610,0.23206916451454163,0.14893971383571625,0.3487713932991028,35.80210494995117,0,0.29611558090184714,0.1345776925752721,336.66400146484375,784.7444458007812,316.18048095703125
A_frozen,611,0.26958945393562317,0.11975738406181335,0.3439883589744568,32.66751480102539,0,0.29585031963218494,0.13442948949013753,336.66400146484375,784.7444458007812,316.1813049316406
A_frozen,612,0.2699989080429077,0.11743611097335815,0.3463882803916931,40.96033477783203,0,0.29559180551629216,0.13425955570496972,336.66400146484375,784.7444458007812,316.1820983886719
A_frozen,613,0.3268961012363434,0.12425608932971954,0.3572688102722168,142.78121948242188,0,0.2959048484734927,0.13415952104121723,336.66400146484375,784.7444458007812,316.1827392578125
A_frozen,614,0.22385431826114655,0.1212870180606842,0.3479471206665039,41.26988983154297,0,0.2951843431713692,0.1340307960114119,336.66400146484375,784.7444458007812,316.183349609375
A_frozen,615,0.23225094377994537,0.11723983287811279,0.33728116750717163,33.097869873046875,0,0.294555009177455,0.13386288638007893,336.66400146484375,784.7444458007812,316.1838073730469
A_frozen,616,0.267717570066452,0.1125359833240509,0.33163976669311523,33.94614028930664,0,0.2942866347863449,0.13364961734951863,336.66400146484375,784.7444458007812,316.1839904785156
A_frozen,617,0.26778537034988403,0.10982666909694672,0.32744210958480835,43.12255096435547,0,0.2940216221419803,0.13341138786699291,336.66400146484375,784.7444458007812,316.18402099609375
A_frozen,618,0.4850767254829407,0.11407679319381714,0.33158057928085327,404.9100036621094,0,0.2959321731753899,0.13321804192026115,336.66400146484375,784.7444458007812,316.18402099609375
A_frozen,619,0.2902747392654419,0.10995391011238098,0.33603087067604065,37.25896072387695,0,0.2958755988362904,0.13298540060218236,336.66400146484375,784.7444458007812,316.1837158203125
A_frozen,620,0.27071234583854675,0.1175064742565155,0.34615835547447205,37.882198333740234,0,0.29562396630631294,0.1328306113387257,336.66400146484375,784.7444458007812,316.1832580566406
A_frozen,621,0.3365715444087982,0.12764069437980652,0.34923410415649414,70.68045806884766,0,0.2960334420873378,0.13277871216913653,336.66400146484375,784.7444458007812,316.1826477050781
A_frozen,622,0.27424293756484985,0.12614285945892334,0.35129016637802124,39.597259521484375,0,0.2958155370421129,0.13271235364203438,336.66400146484375,784.7444458007812,316.18206787109375
A_frozen,623,0.28017890453338623,0.13019238412380219,0.35573697090148926,37.2961311340332,0,0.2956591707170256,0.13268715394685207,336.66400146484375,784.7444458007812,316.1814270019531
A_frozen,624,0.319715291261673,0.12791621685028076,0.35815542936325073,40.05402374267578,0,0.29589973192247204,0.13263944457588633,336.66400146484375,784.7444458007812,316.1809387207031
A_frozen,625,0.25423678755760193,0.12291216850280762,0.3505967855453491,31.39568519592285,0,0.29548310247882337,0.13254217181515557,336.66400146484375,784.7444458007812,316.1803283691406
A_frozen,626,0.25928056240081787,0.11772549152374268,0.3430910110473633,32.520172119140625,0,0.2951210770780433,0.13239400501224144,336.66400146484375,784.7444458007812,316.17974853515625
A_frozen,627,0.24163652956485748,0.1254359781742096,0.3572607934474945,31.648223876953125,0,0.2945862316029115,0.13232442474386114,336.66400146484375,784.7444458007812,316.1791076660156
A_frozen,628,0.309383749961853,0.11945636570453644,0.34532028436660767,40.752933502197266,0,0.2947342067865009,0.13219574415346788,336.66400146484375,784.7444458007812,316.1783142089844
A_frozen,629,0.23124954104423523,0.12840636074543,0.3486228287220001,26.571800231933594,0,0.2940993601290783,0.1321578503193875,336.66400146484375,784.7444458007812,316.177734375
A_frozen,630,0.29010307788848877,0.1310276985168457,0.35338646173477173,41.34627151489258,0,0.29405939730667235,0.1321465488013621,336.66400146484375,784.7444458007812,316.1771240234375
A_frozen,631,0.26370084285736084,0.1333518624305725,0.35442787408828735,42.160892486572266,0,0.29375581176217924,0.1321586019376542,336.66400146484375,784.7444458007812,316.1766357421875
A_frozen,632,0.267457515001297,0.12649571895599365,0.3568018674850464,42.1269645690918,0,0.2934928287945704,0.13210197310783758,336.66400146484375,784.7444458007812,316.1763916015625
A_frozen,633,0.25617000460624695,0.12834063172340393,0.3545001447200775,36.44408416748047,0,0.29311960055268715,0.13206435969399324,336.66400146484375,784.7444458007812,316.1763916015625
A_frozen,634,0.2821947932243347,0.11769363284111023,0.34592899680137634,38.42909622192383,0,0.2930103524794036,0.1319206524254644,336.66400146484375,784.7444458007812,316.17645263671875
A_frozen,635,0.26916515827178955,0.11921665072441101,0.35238611698150635,39.45123291015625,0,0.29277190053732743,0.13179361240845386,336.66400146484375,784.7444458007812,316.1766357421875
A_frozen,636,0.26921093463897705,0.12111026048660278,0.3458365797996521,33.363365173339844,0,0.29253629087834393,0.13168677888923536,336.66400146484375,784.7444458007812,316.1767883300781
A_frozen,637,0.2472926676273346,0.11174234747886658,0.3411363959312439,35.42902374267578,0,0.29208385464583386,0.13148733457513165,336.66400146484375,784.7444458007812,316.1769104003906
A_frozen,638,0.2398642748594284,0.11398419737815857,0.3404804468154907,34.90468215942383,0,0.2915616588479698,0.13131230320316192,336.66400146484375,784.7444458007812,316.1769714355469
A_frozen,639,0.25364968180656433,0.11375823616981506,0.3323519229888916,36.84699630737305,0,0.29118253907755576,0.13113676253282844,336.66400146484375,784.7444458007812,316.1769104003906
A_frozen,640,0.2524655759334564,0.12461860477924347,0.33755233883857727,38.47684097290039,0,0.2907953694461148,0.1310715809552926,336.66400146484375,784.7444458007812,316.17694091796875
A_frozen,641,0.2678859531879425,0.1152479350566864,0.341259241104126,29.31283950805664,0,0.290566275283533,0.13091334449630654,336.66400146484375,784.7444458007812,316.1768493652344
A_frozen,642,0.2840866446495056,0.12494447827339172,0.34619128704071045,36.10771179199219,0,0.29050147897719275,0.1308536558340774,336.66400146484375,784.7444458007812,316.1767578125
A_frozen,643,0.30886831879615784,0.11790740489959717,0.34340983629226685,37.76021194458008,0,0.29068514737538237,0.13072419332473262,336.66400146484375,784.7444458007812,316.17669677734375
A_frozen,644,0.2640179395675659,0.12215641140937805,0.3526715636253357,31.678253173828125,0,0.29041847529730425,0.13063851550557906,336.66400146484375,784.7444458007812,316.17657470703125
A_frozen,645,0.2211809754371643,0.11942973732948303,0.3435431718826294,37.295684814453125,0,0.2897261002987028,0.1305264277238181,336.66400146484375,784.7444458007812,316.1764221191406
A_frozen,646,0.26287785172462463,0.12313757836818695,0.3485093414783478,34.157386779785156,0,0.28945761781296203,0.1304525392302618,336.66400146484375,784.7444458007812,316.17626953125
A_frozen,647,0.30693212151527405,0.1320674866437912,0.35610806941986084,43.865379333496094,0,0.28963236284998517,0.1304686887043971,336.66400146484375,784.7444458007812,316.1761169433594
A_frozen,648,0.23819340765476227,0.12052085995674133,0.34794580936431885,39.61837387084961,0,0.28911797329803296,0.13036921041692054,336.66400146484375,784.7444458007812,316.1761474609375
A_frozen,649,0.27444425225257874,0.1285114884376526,0.36061879992485046,44.35743713378906,0,0.28897123608757846,0.13035063319712786,336.66400146484375,784.7444458007812,316.17596435546875
A_frozen,650,0.23911496996879578,0.12539145350456238,0.3495565950870514,29.927078247070312,0,0.28847267342639066,0.13030104140020218,336.66400146484375,784.7444458007812,316.17596435546875
A_frozen,651,0.28560560941696167,0.12249171733856201,0.3429102897644043,35.50408935546875,0,0.28844400278629634,0.1302229481595858,336.66400146484375,784.7444458007812,316.17584228515625
A_frozen,652,0.38387584686279297,0.12417502701282501,0.34957069158554077,47.96530532836914,0,0.2893983212270613,0.13016246894811817,336.66400146484375,784.7444458007812,316.17584228515625
A_frozen,653,0.23045054078102112,0.12192796170711517,0.34480634331703186,29.670385360717773,0,0.2888088434226008,0.13008012387570814,336.66400146484375,784.7444458007812,316.1759033203125
A_frozen,654,0.36308473348617554,0.11269961297512054,0.33423101902008057,62.58629608154297,0,0.28955160232323657,0.12990631876670225,336.66400146484375,784.7444458007812,316.17584228515625
A_frozen,655,0.2632146179676056,0.11120928823947906,0.33896249532699585,34.033203125,0,0.2892882324796803,0.12971934846143002,336.66400146484375,784.7444458007812,316.17572021484375
A_frozen,656,0.26494690775871277,0.1062438040971756,0.3309776186943054,36.391170501708984,0,0.2890448192324706,0.12948459301778747,336.66400146484375,784.7444458007812,316.1755065917969
A_frozen,657,0.2721286714076996,0.1172071099281311,0.3442481756210327,32.41157150268555,0,0.2888756577542229,0.1293618181868909,336.66400146484375,784.7444458007812,316.1752624511719
A_frozen,658,0.26763054728507996,0.1132555902004242,0.34490489959716797,36.041866302490234,0,0.2886632066495315,0.12920075590702623,336.66400146484375,784.7444458007812,316.1752014160156
A_frozen,659,0.2950453758239746,0.1185072660446167,0.35266149044036865,37.435577392578125,0,0.28872702834127595,0.12909382100840214,336.66400146484375,784.7444458007812,316.1751403808594
A_frozen,660,0.2828060984611511,0.12387646734714508,0.3589734435081482,36.55988311767578,0,0.28866781904247474,0.12904164747178956,336.66400146484375,784.7444458007812,316.1750183105469
A_frozen,661,0.5552413463592529,0.1243022084236145,0.3562741279602051,181.0450439453125,0,0.2913335543156425,0.12899425308130782,336.66400146484375,784.7444458007812,316.1748962402344
A_frozen,662,0.28939417004585266,0.13870763778686523,0.36503785848617554,37.34805679321289,0,0.2913141604729446,0.1290913869283634,336.66400146484375,784.7444458007812,316.1747741699219
A_frozen,663,0.26121780276298523,0.13233304023742676,0.35983482003211975,35.519561767578125,0,0.29101319689584504,0.12912380346145402,336.66400146484375,784.7444458007812,316.1749267578125
A_frozen,664,0.2690354883670807,0.12234289944171906,0.3554353713989258,38.22187423706055,0,0.2907934198105574,0.12905599442125668,336.66400146484375,784.7444458007812,316.1752014160156
A_frozen,665,0.24138899147510529,0.12408450245857239,0.35620445013046265,31.542896270751953,0,0.29029937552720286,0.12900627950162982,336.66400146484375,784.7444458007812,316.17535400390625
A_frozen,666,0.24094383418560028,0.12455549836158752,0.3561559021472931,32.458011627197266,0,0.28980582011378686,0.12896177169022938,336.66400146484375,784.7444458007812,316.17547607421875
A_frozen,667,0.23615418374538422,0.12626606225967407,0.34120434522628784,35.00327682495117,0,0.28926930375010285,0.12893481459592382,336.66400146484375,784.7444458007812,316.1756896972656
A_frozen,668,0.270811527967453,0.12966838479042053,0.3434993624687195,38.70409393310547,0,0.28908472599227636,0.1289421502978688,336.66400146484375,784.7444458007812,316.17572021484375
A_frozen,669,0.22988727688789368,0.12025529146194458,0.3390129804611206,35.70404815673828,0,0.2884927515012325,0.12885528170950955,336.66400146484375,784.7444458007812,316.17572021484375
A_frozen,670,0.28521206974983215,0.11819440126419067,0.33556827902793884,36.20172119140625,0,0.28845994468371844,0.12874867290505637,336.66400146484375,784.7444458007812,316.1756286621094
A_frozen,671,0.28966641426086426,0.1219194233417511,0.3448180556297302,39.42761993408203,0,0.2884720093794899,0.1286803804094233,336.66400146484375,784.7444458007812,316.1753845214844
A_frozen,672,0.28335705399513245,0.12416073679924011,0.3506915271282196,31.820907592773438,0,0.2884208598256463,0.12863518397332147,336.66400146484375,784.7444458007812,316.175048828125
A_frozen,673,0.2320057600736618,0.13010726869106293,0.3528291583061218,32.19052505493164,0,0.2878567088281265,0.12864990482049887,336.66400146484375,784.7444458007812,316.17486572265625
A_frozen,674,0.2563296854496002,0.1365637183189392,0.3631564676761627,31.56723976135254,0,0.2875414385943412,0.12872904295548326,336.66400146484375,784.7444458007812,316.1745910644531
A_frozen,675,0.27393630146980286,0.1290787160396576,0.35477545857429504,37.87092208862305,0,0.28740538722309583,0.128732539686325,336.66400146484375,784.7444458007812,316.17431640625
A_frozen,676,0.2529608905315399,0.12630575895309448,0.34811967611312866,35.71745300292969,0,0.2870609422561803,0.1287082718789927,336.66400146484375,784.7444458007812,316.1742248535156
A_frozen,677,0.28124210238456726,0.10889212787151337,0.3350900113582611,39.46513748168945,0,0.28700275385746415,0.12851011043891788,336.66400146484375,784.7444458007812,316.17401123046875
A_frozen,678,0.3148944675922394,0.14974668622016907,0.34965333342552185,47.52190017700195,0,0.28728167099481194,0.1287224761967304,336.66400146484375,784.7444458007812,316.1734619140625
A_frozen,679,0.2922046482563019,0.15144406259059906,0.35160112380981445,37.8029899597168,0,0.28733090076742684,0.1289496920606691,336.66400146484375,784.7444458007812,316.1726379394531
A_frozen,680,0.252880722284317,0.16052262485027313,0.3542957901954651,29.408687591552734,0,0.2869863989825957,0.12926542138856514,336.66400146484375,784.7444458007812,316.1717834472656
A_frozen,681,0.26573437452316284,0.16163668036460876,0.36096620559692383,41.8836555480957,0,0.28677387873800136,0.12958913397832555,336.66400146484375,784.7444458007812,316.17108154296875
A_frozen,682,0.2784796357154846,0.13154366612434387,0.35538536310195923,84.77548217773438,0,0.2866909363077762,0.12960867929978576,336.66400146484375,784.7444458007812,316.17047119140625
A_frozen,683,0.22411909699440002,0.14021524786949158,0.3558279871940613,77.47590637207031,0,0.28606521791464246,0.1297147449854828,336.66400146484375,784.7444458007812,316.1700439453125
A_frozen,684,0.2568809390068054,0.1311279833316803,0.3538500666618347,42.02888107299805,0,0.28577337512556406,0.12972887736894478,336.66400146484375,784.7444458007812,316.1698913574219
A_frozen,685,0.2739923596382141,0.11632563173770905,0.3452441692352295,32.74396514892578,0,0.28565556497069056,0.12959484491263243,336.66400146484375,784.7444458007812,316.16973876953125
A_frozen,686,0.25290340185165405,0.11006197333335876,0.3332638144493103,36.861351013183594,0,0.28532804333950024,0.12939951619683968,336.66400146484375,784.7444458007812,316.169677734375
A_frozen,687,0.22114476561546326,0.10544770956039429,0.3329836130142212,39.706504821777344,0,0.28468621056225984,0.1291599981304752,336.66400146484375,784.7444458007812,316.1697998046875
A_frozen,688,0.2733217477798462,0.11696895956993103,0.34437984228134155,38.05281448364258,0,0.2845725659344357,0.12903808774486974,336.66400146484375,784.7444458007812,316.1699523925781
A_frozen,689,0.33651474118232727,0.11203697323799133,0.3481619656085968,44.48419189453125,0,0.28509198768691457,0.12886807659980096,336.66400146484375,784.7444458007812,316.1699523925781
A_frozen,690,0.25604355335235596,0.11124992370605469,0.3424323797225952,31.6282958984375,0,0.284801503343569,0.1286918950708635,336.66400146484375,784.7444458007812,316.1699523925781
A_frozen,691,0.26176950335502625,0.12311185896396637,0.35254910588264465,38.416507720947266,0,0.2845711833436836,0.12863609470979454,336.66400146484375,784.7444458007812,316.17010498046875
A_frozen,692,0.27778759598731995,0.1222546398639679,0.35204851627349854,36.71559524536133,0,0.28450334747011996,0.12857228016133626,336.66400146484375,784.7444458007812,316.17034912109375
A_frozen,693,0.2291860282421112,0.12282711267471313,0.35343196988105774,38.285240173339844,0,0.28395017427783986,0.12851482848647003,336.66400146484375,784.7444458007812,316.1706237792969
A_frozen,694,0.26224932074546814,0.1222265362739563,0.34549301862716675,43.96829605102539,0,0.2837331657425161,0.1284519455643449,336.66400146484375,784.7444458007812,316.17083740234375
A_frozen,695,0.2777192294597626,0.12486341595649719,0.3406047224998474,48.49142837524414,0,0.28367302637968855,0.1284160602682664,336.66400146484375,784.7444458007812,316.1710510253906
A_frozen,696,0.26428571343421936,0.12266470491886139,0.34055066108703613,36.13088607788086,0,0.2834791532502339,0.12835854671477237,336.66400146484375,784.7444458007812,316.17120361328125
A_frozen,697,0.2894589602947235,0.11453887820243835,0.3444056510925293,40.19691848754883,0,0.2835389513206788,0.12822035002964904,336.66400146484375,784.7444458007812,316.1712951660156
A_frozen,698,0.2490386664867401,0.11830662190914154,0.33997607231140137,30.30616569519043,0,0.2831939484723394,0.12812121274844399,336.66400146484375,784.7444458007812,316.17144775390625
A_frozen,699,0.25722232460975647,0.12287922203540802,0.3415778875350952,35.019508361816406,0,0.2829342322337136,0.12806879284131362,336.66400146484375,784.7444458007812,316.1712646484375
A_frozen,700,0.2539624273777008,0.12008790671825409,0.34575867652893066,42.963340759277344,0,0.2826445141851535,0.12798898398008304,336.66400146484375,784.7444458007812,316.171142578125
A_frozen,701,0.2420678734779358,0.12258219718933105,0.34454792737960815,29.959941864013672,0,0.28223874777808133,0.12793491611217553,336.66400146484375,784.7444458007812,316.1709289550781
A_frozen,702,0.25717154145240784,0.11327382922172546,0.34336450695991516,34.5599250793457,0,0.2819880757148246,0.127788305243271,336.66400146484375,784.7444458007812,316.17083740234375
A_frozen,703,0.28975215554237366,0.1072816252708435,0.3370530903339386,37.35933303833008,0,0.2820657165131001,0.12758323844354674,336.66400146484375,784.7444458007812,316.1706848144531
A_frozen,704,0.2337801158428192,0.1140153706073761,0.34678325057029724,34.737667083740234,0,0.28158286050639725,0.12744755976518504,336.66400146484375,784.7444458007812,316.1705627441406
A_frozen,705,0.26986515522003174,0.11733309924602509,0.3458022475242615,35.35786819458008,0,0.2814656834535336,0.12734641515999345,336.66400146484375,784.7444458007812,316.17047119140625
A_frozen,706,0.2629305124282837,0.1127011775970459,0.33961552381515503,34.271907806396484,0,0.2812803317432811,0.127199962784364,336.66400146484375,784.7444458007812,316.1702575683594
A_frozen,707,0.26736271381378174,0.10938084125518799,0.3390979468822479,47.51807403564453,0,0.28114115556398606,0.12702177156907224,336.66400146484375,784.7444458007812,316.1698913574219
A_frozen,708,0.29688435792922974,0.11313384771347046,0.3350198268890381,49.56683349609375,0,0.2812985875876385,0.12688289233051622,336.66400146484375,784.7444458007812,316.16937255859375
A_frozen,709,0.408405601978302,0.11936117708683014,0.33848536014556885,49.49189376831055,0,0.28256965773154513,0.12680767517807937,336.66400146484375,784.7444458007812,316.1689453125
A_frozen,710,0.24802662432193756,0.1277233362197876,0.3517190217971802,32.24583053588867,0,0.28222422739744907,0.12681683178849645,336.66400146484375,784.7444458007812,316.168701171875
A_frozen,711,0.26074111461639404,0.12221972644329071,0.35028016567230225,38.89727020263672,0,0.2820093962696385,0.1267708607350444,336.66400146484375,784.7444458007812,316.1685485839844
A_frozen,712,0.25809088349342346,0.12743934988975525,0.3569662570953369,39.20621871948242,0,0.28177021114187634,0.1267775456265915,336.66400146484375,784.7444458007812,316.16851806640625
A_frozen,713,0.2665860950946808,0.11527815461158752,0.3477756977081299,35.99870300292969,0,0.2816183699814044,0.12666255171644145,336.66400146484375,784.7444458007812,316.1683044433594
A_frozen,714,0.27387529611587524,0.12156625092029572,0.35268935561180115,42.54667282104492,0,0.2815409392427491,0.12661158870848,336.66400146484375,784.7444458007812,316.1681213378906
A_frozen,715,0.2641092538833618,0.13167837262153625,0.3666445016860962,41.038455963134766,0,0.2813666223891552,0.12666225654761054,336.66400146484375,784.7444458007812,316.16802978515625
A_frozen,716,0.8216785788536072,0.28537389636039734,0.36935144662857056,291.4283447265625,0,0.28676974195379973,0.1282493729457384,336.66400146484375,784.7444458007812,316.16766357421875
A_frozen,717,0.25355401635169983,0.26968300342559814,0.3612675964832306,44.8737907409668,0,0.2864375846977787,0.129663709250537,336.66400146484375,784.7444458007812,316.1675720214844
A_frozen,718,0.2107546031475067,0.26605546474456787,0.3587677478790283,28.98453140258789,0,0.28568075488227596,0.1310276268054773,336.66400146484375,784.7444458007812,316.16748046875
A_frozen,719,0.26798754930496216,0.27744603157043457,0.3529749810695648,36.389583587646484,0,0.2855038228265028,0.1324918108531269,336.66400146484375,784.7444458007812,316.1674499511719
A_frozen,720,0.24775640666484833,0.12213355302810669,0.3436146080493927,35.4216194152832,0,0.28512634866488623,0.13238822827487667,336.66400146484375,784.7444458007812,316.16741943359375
A_frozen,721,0.22675101459026337,0.13103559613227844,0.3466358780860901,38.86973190307617,0,0.28454259532414,0.1323747019534507,336.66400146484375,784.7444458007812,316.16748046875
A_frozen,722,0.3012966215610504,0.13551411032676697,0.35634055733680725,45.308746337890625,0,0.2847101355865091,0.13240609603718387,336.66400146484375,784.7444458007812,316.16748046875
A_frozen,723,0.2939150929450989,0.13679397106170654,0.35731080174446106,44.90985870361328,0,0.284802185160095,0.1324499747874291,336.66400146484375,784.7444458007812,316.16754150390625
A_frozen,724,0.31765252351760864,0.14952969551086426,0.348025918006897,48.591339111328125,0,0.28513068854367013,0.13262077199466343,336.66400146484375,784.7444458007812,316.1675109863281
A_frozen,725,0.2802557647228241,0.14837276935577393,0.3541346788406372,45.47687911987305,0,0.28508193930546166,0.13277829196827454,336.66400146484375,784.7444458007812,316.16748046875
A_frozen,726,0.27320969104766846,0.14010566473007202,0.3517836332321167,37.18545150756836,0,0.2849632168228838,0.13285156569589252,336.66400146484375,784.7444458007812,316.16741943359375
A_frozen,727,0.22226034104824066,0.14560124278068542,0.34827524423599243,27.572336196899414,0,0.28433618806513733,0.13297906246674043,336.66400146484375,784.7444458007812,316.1673278808594
A_frozen,728,0.24634875357151031,0.12833546102046967,0.35214072465896606,37.12210464477539,0,0.2839563137202011,0.13293262645227774,336.66400146484375,784.7444458007812,316.1672668457031
A_frozen,729,0.2636183798313141,0.11399513483047485,0.34486791491508484,34.59008026123047,0,0.2837529343813122,0.1327432515360597,336.66400146484375,784.7444458007812,316.1670227050781
A_frozen,730,0.23836670815944672,0.10850842297077179,0.3376840353012085,38.38314437866211,0,0.28329907211909355,0.1325009032504068,336.66400146484375,784.7444458007812,316.16668701171875
A_frozen,731,0.2799904942512512,0.11254556477069855,0.3422771096229553,40.7060661315918,0,0.28326598634041517,0.13230134986560974,336.66400146484375,784.7444458007812,316.166259765625
A_frozen,732,0.27287569642066956,0.1129799634218216,0.3444969654083252,39.31404113769531,0,0.28316208344121774,0.13210813600117186,336.66400146484375,784.7444458007812,316.1657409667969
A_frozen,733,0.37011614441871643,0.11210998892784119,0.33754995465278625,41.46821594238281,0,0.2840316240509927,0.13190815453043855,336.66400146484375,784.7444458007812,316.16497802734375
A_frozen,734,0.29056456685066223,0.11409039795398712,0.337812602519989,34.14796447753906,0,0.28409695347898933,0.13172997696467403,336.66400146484375,784.7444458007812,316.1641845703125
A_frozen,735,0.2577587366104126,0.11448244750499725,0.33863991498947144,45.64427185058594,0,0.28383357131030357,0.13155750167007726,336.66400146484375,784.7444458007812,316.16339111328125
A_frozen,736,0.2244437336921692,0.11578544974327087,0.3398650288581848,35.29106140136719,0,0.2832396729341222,0.13139978115080922,336.66400146484375,784.7444458007812,316.1628723144531
A_frozen,737,0.27045223116874695,0.10800540447235107,0.3426657021045685,31.146223068237305,0,0.2831117985164685,0.13116583738402463,336.66400146484375,784.7444458007812,316.162353515625
A_frozen,738,0.4577263295650482,0.11072689294815063,0.3403199315071106,99.49906158447266,0,0.28485794382695434,0.13096144793966588,336.66400146484375,784.7444458007812,316.1618957519531
A_frozen,739,0.25319287180900574,0.1156882643699646,0.3418652415275574,43.369544982910156,0,0.28454129310677484,0.13080871610396888,336.66400146484375,784.7444458007812,316.16162109375
A_frozen,740,0.26842033863067627,0.1185181736946106,0.34490910172462463,33.1881217956543,0,0.28438008356201383,0.13068581067987528,336.66400146484375,784.7444458007812,316.1614685058594
A_frozen,741,0.27745354175567627,0.11747817695140839,0.3467693328857422,32.265987396240234,0,0.2843108181439505,0.1305537343425906,336.66400146484375,784.7444458007812,316.16131591796875
A_frozen,742,0.24143533408641815,0.1098942905664444,0.34325313568115234,34.76323318481445,0,0.2838820633033752,0.13034713990482916,336.66400146484375,784.7444458007812,316.16119384765625
A_frozen,743,0.2821754515171051,0.1067911833524704,0.3430694341659546,41.707557678222656,0,0.28386499718551245,0.13011158033930556,336.66400146484375,784.7444458007812,316.16094970703125
A_frozen,744,0.2729284465312958,0.11078545451164246,0.3423827886581421,32.23385238647461,0,0.2837556316789703,0.1299183190810289,336.66400146484375,784.7444458007812,316.1607666015625
A_frozen,745,0.2272467464208603,0.11305645108222961,0.34158867597579956,36.7968635559082,0,0.28319054282638917,0.12974970040104092,336.66400146484375,784.7444458007812,316.1608581542969
A_frozen,746,0.25504472851753235,0.11995698511600494,0.34451937675476074,38.97181701660156,0,0.2829090846833006,0.12965177324819055,336.66400146484375,784.7444458007812,316.16094970703125
A_frozen,747,0.26052647829055786,0.12679436802864075,0.3472285866737366,36.7100715637207,0,0.28268525861937316,0.12962319919599505,336.66400146484375,784.7444458007812,316.16131591796875
A_frozen,748,0.26480966806411743,0.1317692995071411,0.35008174180984497,40.610740661621094,0,0.2825065027138206,0.12964466019910653,336.66400146484375,784.7444458007812,316.1617736816406
A_frozen,749,0.23819145560264587,0.12671363353729248,0.35359153151512146,37.83869552612305,0,0.28206335224270884,0.12961534993248838,336.66400146484375,784.7444458007812,316.16241455078125
A_frozen,750,0.25051945447921753,0.12781673669815063,0.35831373929977417,32.8967170715332,0,0.2817479132650739,0.129597363800145,336.66400146484375,784.7444458007812,316.16314697265625
A_frozen,751,0.26667770743370056,0.1349659562110901,0.3545488119125366,38.20501708984375,0,0.2815972112067602,0.12965104972425442,336.66400146484375,784.7444458007812,316.1639404296875
A_frozen,752,0.35178831219673157,0.23681816458702087,0.3432607650756836,95.65402221679688,0,0.2822991222166599,0.1307227208728821,336.66400146484375,784.7444458007812,316.16448974609375
A_frozen,753,0.3295879662036896,0.21584473550319672,0.33960726857185364,44.08231735229492,0,0.2827720106565302,0.1315739410191852,336.66400146484375,784.7444458007812,316.1648864746094
A_frozen,754,0.5357385873794556,0.23121827840805054,0.33318525552749634,82.96065521240234,0,0.2853016764237594,0.13257038439307386,336.66400146484375,784.7444458007812,316.1651916503906
A_frozen,755,0.3109448552131653,0.21344856917858124,0.3313997983932495,34.98126220703125,0,0.28555810821165345,0.13337916624092894,336.66400146484375,784.7444458007812,316.1651611328125
A_frozen,756,0.24585247039794922,0.119832843542099,0.3399803638458252,35.10906982421875,0,0.2851610518335164,0.13324370301394065,336.66400146484375,784.7444458007812,316.1650085449219
A_frozen,757,0.3003741502761841,0.12240692973136902,0.34281355142593384,42.08848571777344,0,0.2853131828179431,0.13313533528111493,336.66400146484375,784.7444458007812,316.16473388671875
A_frozen,758,0.2844821512699127,0.12784329056739807,0.352355033159256,39.8646354675293,0,0.2853048725024628,0.13308241483397776,336.66400146484375,784.7444458007812,316.16455078125
A_frozen,759,0.3018547296524048,0.12667527794837952,0.35833999514579773,139.1285858154297,0,0.2854703710739622,0.13301834346512179,336.66400146484375,784.7444458007812,316.1643981933594
A_frozen,760,0.27574387192726135,0.12317395210266113,0.35062921047210693,41.778472900390625,0,0.28537310608249516,0.1329198995514972,336.66400146484375,784.7444458007812,316.1642761230469
A_frozen,761,0.2563682198524475,0.12552686035633087,0.35055193305015564,35.059810638427734,0,0.2850830572201947,0.13284596915954552,336.66400146484375,784.7444458007812,316.1640625
A_frozen,762,0.2826174795627594,0.12845689058303833,0.35278674960136414,53.406158447265625,0,0.2850584014436204,0.13280207837378047,336.66400146484375,784.7444458007812,316.1638488769531
A_frozen,763,0.23931027948856354,0.12028439342975616,0.34346264600753784,34.58707809448242,0,0.2846009202240698,0.13267690152434022,336.66400146484375,784.7444458007812,316.16375732421875
A_frozen,764,0.28668829798698425,0.11945745348930359,0.34474968910217285,39.361881256103516,0,0.28462179400169896,0.13254470704398985,336.66400146484375,784.7444458007812,316.1636047363281
A_frozen,765,0.24931062757968903,0.10992744565010071,0.33643388748168945,32.480804443359375,0,0.2842686823374789,0.13231853443005095,336.66400146484375,784.7444458007812,316.1636047363281
A_frozen,766,0.22047607600688934,0.11189565062522888,0.3398880958557129,31.761974334716797,0,0.28363075627417295,0.13211430559200274,336.66400146484375,784.7444458007812,316.16363525390625
A_frozen,767,0.2747681438922882,0.12135922908782959,0.3436409831047058,36.31996154785156,0,0.2835421301503541,0.13200675482696103,336.66400146484375,784.7444458007812,316.1636047363281
A_frozen,768,0.22806140780448914,0.1141817569732666,0.3353341817855835,35.26949691772461,0,0.2829873229268955,0.1318285048484241,336.66400146484375,784.7444458007812,316.1636962890625
A_frozen,769,0.25953131914138794,0.10914307832717896,0.33763256669044495,37.45726013183594,0,0.2827527628890404,0.13160165058321163,336.66400146484375,784.7444458007812,316.16375732421875
A_frozen,770,0.47192904353141785,0.14575131237506866,0.3396775722503662,45.67163848876953,0,0.28464452569546417,0.1317431472011302,336.66400146484375,784.7444458007812,316.1636962890625
A_frozen,771,0.31962889432907104,0.1795082539319992,0.3383706212043762,37.25312042236328,0,0.2849943693818002,0.13222079826843888,336.66400146484375,784.7444458007812,316.1635437011719
A_frozen,772,0.2522006034851074,0.19496047496795654,0.34583598375320435,35.55498504638672,0,0.2846664317228333,0.13284819503543405,336.66400146484375,784.7444458007812,316.1634216308594
A_frozen,773,0.2874622642993927,0.16639140248298645,0.3433474898338318,36.98588180541992,0,0.28469439004859887,0.13318362710990958,336.66400146484375,784.7444458007812,316.16326904296875
A_frozen,774,0.2910838723182678,0.14607444405555725,0.34635764360427856,39.460079193115234,0,0.2847582848712955,0.13331253527936607,336.66400146484375,784.7444458007812,316.1629943847656
A_frozen,775,0.27075397968292236,0.13601946830749512,0.35429850220680237,37.104774475097656,0,0.2846182418194118,0.13333960460964733,336.66400146484375,784.7444458007812,316.1626892089844
A_frozen,776,0.30547526478767395,0.13568784296512604,0.3491109609603882,53.1004638671875,0,0.28482681204909444,0.13336308699320212,336.66400146484375,784.7444458007812,316.16241455078125
A_frozen,777,0.2683526575565338,0.13540329039096832,0.34972575306892395,44.41551208496094,0,0.28466207050416886,0.13338348902717978,336.66400146484375,784.7444458007812,316.16229248046875
A_frozen,778,0.3039185404777527,0.13496100902557373,0.3531326651573181,41.52796936035156,0,0.2848546352039047,0.13339926422716372,336.66400146484375,784.7444458007812,316.1621398925781
A_frozen,779,0.3579772710800171,0.1581762433052063,0.34143656492233276,33.29457092285156,0,0.2855858615626658,0.13364703401794414,336.66400146484375,784.7444458007812,316.1620788574219
A_frozen,780,0.2596310079097748,0.14857105910778046,0.3445746898651123,33.16892623901367,0,0.2853263130261369,0.1337962742688425,336.66400146484375,784.7444458007812,316.1620788574219
A_frozen,781,0.29062241315841675,0.1529235690832138,0.3436773121356964,32.2078971862793,0,0.2853792740274597,0.1339875472169862,336.66400146484375,784.7444458007812,316.16217041015625
A_frozen,782,0.24821552634239197,0.15147122740745544,0.3495451807975769,31.303871154785156,0,0.28500763655060907,0.13416238401889086,336.66400146484375,784.7444458007812,316.1622009277344
A_frozen,783,0.28395724296569824,0.14323613047599792,0.36322200298309326,39.05918884277344,0,0.28499713261475995,0.13425312148346194,336.66400146484375,784.7444458007812,316.1622314453125
A_frozen,784,0.25895431637763977,0.13156956434249878,0.35588836669921875,38.426368713378906,0,0.28473670445238874,0.1342262859120523,336.66400146484375,784.7444458007812,316.1624755859375
A_frozen,785,0.25708964467048645,0.1202978789806366,0.3500198721885681,37.216148376464844,0,0.28446023385456976,0.1340870018427381,336.66400146484375,784.7444458007812,316.16265869140625
A_frozen,786,0.2680659294128418,0.11422806978225708,0.3458554148674011,34.118675231933594,0,0.28429629081015245,0.1338884125221333,336.66400146484375,784.7444458007812,316.16290283203125
A_frozen,787,0.27319854497909546,0.11608082056045532,0.3437960743904114,32.9395637512207,0,0.2841853133518419,0.1337103366025165,336.66400146484375,784.7444458007812,316.1632385253906
A_frozen,788,0.2612968683242798,0.1194341629743576,0.34606432914733887,29.12516212463379,0,0.28395642890156625,0.1335675748662349,336.66400146484375,784.7444458007812,316.1636657714844
A_frozen,789,0.287462055683136,0.12679030001163483,0.3534717559814453,43.66297149658203,0,0.28399148516938194,0.1334998021176889,336.66400146484375,784.7444458007812,316.1640319824219
A_frozen,790,0.28884413838386536,0.11763785779476166,0.3475103974342346,33.59400939941406,0,0.28404001170152676,0.1333411826744596,336.66400146484375,784.7444458007812,316.164306640625
A_frozen,791,0.2568680942058563,0.11926153302192688,0.3498823642730713,39.57460403442383,0,0.2837682925265701,0.13320038617793428,336.66400146484375,784.7444458007812,316.1644592285156
A_frozen,792,0.5303030610084534,0.15493592619895935,0.3470267653465271,45.397254943847656,0,0.2862336402113889,0.13341774157814454,336.66400146484375,784.7444458007812,316.1646423339844
A_frozen,793,0.2585308849811554,0.16324953734874725,0.34944453835487366,40.46159362792969,0,0.28595661265908656,0.13371605953585056,336.66400146484375,784.7444458007812,316.164794921875
A_frozen,794,0.30032771825790405,0.1532861888408661,0.3507527709007263,36.7363166809082,0,0.2861003237150747,0.1339117608289007,336.66400146484375,784.7444458007812,316.1646728515625
A_frozen,795,0.3037564754486084,0.16899356245994568,0.3495732545852661,41.44229507446289,0,0.28627688523241,0.13426257884521114,336.66400146484375,784.7444458007812,316.1643981933594
A_frozen,796,0.28799116611480713,0.11314627528190613,0.3427550196647644,35.88740539550781,0,0.286294028041234,0.13405141580957808,336.66400146484375,784.7444458007812,316.1640319824219
A_frozen,797,0.2518244683742523,0.1128096729516983,0.3426341712474823,37.35355758666992,0,0.28594933244456416,0.13383899838099927,336.66400146484375,784.7444458007812,316.1635437011719
A_frozen,798,0.27458667755126953,0.11874732375144958,0.32980746030807495,35.49486541748047,0,0.28583570589563123,0.13368808163470378,336.66400146484375,784.7444458007812,316.1631164550781
A_frozen,799,0.2557307481765747,0.11831149458885193,0.3358267545700073,35.74306106567383,0,0.28553465631844066,0.13353431576424526,336.66400146484375,784.7444458007812,316.1626281738281
A_frozen,800,0.2621808648109436,0.12140588462352753,0.337238609790802,30.74691390991211,0,0.2853011184033657,0.1334130314528381,336.66400146484375,784.7444458007812,316.1619567871094
A_frozen,801,0.2621013820171356,0.11976540088653564,0.3397015333175659,31.06716537475586,0,0.28506912103950344,0.13327655514717504,336.66400146484375,784.7444458007812,316.1611633300781
A_frozen,802,0.24532820284366608,0.11453905701637268,0.3430953025817871,30.327964782714844,0,0.28467171185754503,0.13308918016586702,336.66400146484375,784.7444458007812,316.1605224609375
A_frozen,803,0.25891217589378357,0.12022744119167328,0.34262487292289734,41.51823806762695,0,0.28441411649790743,0.13296056277612506,336.66400146484375,784.7444458007812,316.1598205566406
A_frozen,804,0.28736773133277893,0.12557396292686462,0.3459613025188446,36.493892669677734,0,0.28444365264625615,0.13288669677763246,336.66400146484375,784.7444458007812,316.15936279296875
A_frozen,805,0.23519612848758698,0.12509652972221375,0.3451610803604126,28.67449951171875,0,0.28395117740466946,0.13280879510707827,336.66400146484375,784.7444458007812,316.1590881347656
A_frozen,806,0.22638356685638428,0.12595346570014954,0.34757664799690247,31.503509521484375,0,0.28337550129918665,0.13274024181300897,336.66400146484375,784.7444458007812,316.15899658203125
A_frozen,807,0.2572660446166992,0.11568322777748108,0.3474997282028198,37.523067474365234,0,0.28311440673236177,0.13256967167265368,336.66400146484375,784.7444458007812,316.1590881347656
A_frozen,808,0.26311102509498596,0.14905208349227905,0.3422217071056366,82.71656799316406,0,0.28291437291598803,0.13273449579084995,336.66400146484375,784.7444458007812,316.1589660644531
A_frozen,809,0.2553302049636841,0.14316028356552124,0.3434823155403137,34.826778411865234,0,0.282638531236465,0.13283875366859665,336.66400146484375,784.7444458007812,316.1588439941406
A_frozen,810,0.29416167736053467,0.14825651049613953,0.3365325331687927,42.466522216796875,0,0.28275376269770564,0.1329929312368721,336.66400146484375,784.7444458007812,316.1587829589844
A_frozen,811,0.2631102204322815,0.1415979564189911,0.33725839853286743,35.1302490234375,0,0.2825573272750514,0.13307898148869327,336.66400146484375,784.7444458007812,316.158447265625
A_frozen,812,0.24468016624450684,0.10549494624137878,0.33869630098342896,30.27821159362793,0,0.2821785556647459,0.13280314113622013,336.66400146484375,784.7444458007812,316.1581115722656
A_frozen,813,0.3130759596824646,0.15245191752910614,0.34360814094543457,55.31642532348633,0,0.2824875297049231,0.132999628900149,336.66400146484375,784.7444458007812,316.1575927734375
A_frozen,814,1.3236877918243408,0.1578768640756607,0.3421604633331299,398.721435546875,0,0.29289953232611726,0.1332484012519041,336.66400146484375,784.7444458007812,316.15716552734375
A_frozen,815,0.26530721783638,0.17537125945091248,0.3574759364128113,42.23030090332031,0,0.2926236091812199,0.1336696298338942,336.66400146484375,784.7444458007812,316.1567077636719
A_frozen,816,0.22865845263004303,0.1604495644569397,0.35238808393478394,36.43130111694336,0,0.2919839576157081,0.13393742918012466,336.66400146484375,784.7444458007812,316.1566162109375
A_frozen,817,0.27715766429901123,0.12356936931610107,0.3539120554924011,34.09562301635742,0,0.2918356946825411,0.13383374858148442,336.66400146484375,784.7444458007812,316.1566162109375
A_frozen,818,0.26782333850860596,0.11971436440944672,0.3504694700241089,40.72179412841797,0,0.29159557112080176,0.13369255473976402,336.66400146484375,784.7444458007812,316.1568298339844
A_frozen,819,0.2819512188434601,0.12174747884273529,0.35319915413856506,35.159767150878906,0,0.2914991275980284,0.13357310398079372,336.66400146484375,784.7444458007812,316.1571044921875
A_frozen,820,0.2467581182718277,0.1372068226337433,0.3601130247116089,45.7768440246582,0,0.2910517175047664,0.1336094411673232,336.66400146484375,784.7444458007812,316.1574401855469
A_frozen,821,0.2824020981788635,0.131846085190773,0.3519703447818756,41.080162048339844,0,0.29096522131150737,0.1335918076075577,336.66400146484375,784.7444458007812,316.15789794921875
A_frozen,822,0.2842380702495575,0.12554913759231567,0.34953588247299194,39.84941101074219,0,0.2908979498008879,0.13351138090740527,336.66400146484375,784.7444458007812,316.1582336425781
A_frozen,823,0.2655847370624542,0.11856582760810852,0.3436840772628784,33.96027755737305,0,0.29064481767350353,0.1333619253744123,336.66400146484375,784.7444458007812,316.15850830078125
A_frozen,824,0.290955126285553,0.10947446525096893,0.34000831842422485,39.67784118652344,0,0.29064792075962403,0.13312305077317788,336.66400146484375,784.7444458007812,316.15875244140625
A_frozen,825,0.41011202335357666,0.12703242897987366,0.3465103507041931,71.84957122802734,0,0.29184256178556356,0.13306214455524482,336.66400146484375,784.7444458007812,316.1589660644531
A_frozen,826,0.31420737504959106,0.12475420534610748,0.3471539616584778,51.269832611083984,0,0.2920662099182038,0.13297906516315344,336.66400146484375,784.7444458007812,316.1589660644531
A_frozen,827,0.2764042317867279,0.12400007247924805,0.34666675329208374,36.46747970581055,0,0.29190959013688905,0.13288927523631439,336.66400146484375,784.7444458007812,316.1588439941406
A_frozen,828,0.2572936713695526,0.12675726413726807,0.34520602226257324,31.960987091064453,0,0.29156343094921566,0.13282795512532392,336.66400146484375,784.7444458007812,316.15869140625
A_frozen,829,0.2537393569946289,0.1117570549249649,0.3457777798175812,30.20309829711914,0,0.2911851902096698,0.13261724612332032,336.66400146484375,784.7444458007812,316.1584777832031
A_frozen,830,0.271816611289978,0.11760783195495605,0.3522331714630127,37.3962287902832,0,0.2909915044204729,0.13246715198163667,336.66400146484375,784.7444458007812,316.1580810546875
A_frozen,831,0.2736167013645172,0.12177711725234985,0.3447878360748291,36.57918167114258,0,0.2908177563899133,0.1323602516343438,336.66400146484375,784.7444458007812,316.15771484375
A_frozen,832,0.2675018906593323,0.1213516891002655,0.3470630347728729,34.923702239990234,0,0.2905845977326075,0.13225016600900302,336.66400146484375,784.7444458007812,316.15728759765625
A_frozen,833,0.25801604986190796,0.11638429760932922,0.33908921480178833,38.80213928222656,0,0.2902589122539005,0.13209150732500627,336.66400146484375,784.7444458007812,316.156982421875
A_frozen,834,0.2954619228839874,0.10885363817214966,0.33797457814216614,61.07627868652344,0,0.2903109423602014,0.1318591286334777,336.66400146484375,784.7444458007812,316.15673828125
A_frozen,835,0.2672227621078491,0.11364834010601044,0.3391513228416443,30.53635025024414,0,0.2900800605576779,0.13167702074820303,336.66400146484375,784.7444458007812,316.15631103515625
A_frozen,836,0.2398868203163147,0.11821620166301727,0.3366890251636505,35.956565856933594,0,0.28957812815526424,0.1315424125573512,336.66400146484375,784.7444458007812,316.156005859375
A_frozen,837,0.27979743480682373,0.11887960135936737,0.3399176597595215,37.673736572265625,0,0.2894803212217798,0.13141578444537136,336.66400146484375,784.7444458007812,316.1556396484375
A_frozen,838,0.27819496393203735,0.12248241901397705,0.3453451991081238,38.575443267822266,0,0.2893674676488824,0.13132645079105743,336.66400146484375,784.7444458007812,316.1553039550781
A_frozen,839,0.2617800831794739,0.11561883985996246,0.34874576330184937,32.56706619262695,0,0.2890915938041883,0.13116937468174647,336.66400146484375,784.7444458007812,316.15484619140625
A_frozen,840,0.267500638961792,0.11895498633384705,0.3483005166053772,41.96546936035156,0,0.2888756842557644,0.13104723079826747,336.66400146484375,784.7444458007812,316.1545104980469
A_frozen,841,0.26329976320266724,0.12723326683044434,0.3515845537185669,32.91415786743164,0,0.2886199250452334,0.13100909115858925,336.66400146484375,784.7444458007812,316.1543273925781
A_frozen,842,0.2565338909626007,0.11540310084819794,0.34346744418144226,45.1369743347168,0,0.2882990647044071,0.13085303125548534,336.66400146484375,784.7444458007812,316.1542053222656
A_frozen,843,0.2834147810935974,0.1172342598438263,0.34596943855285645,36.676937103271484,0,0.288250221868299,0.13071684354136875,336.66400146484375,784.7444458007812,316.15411376953125
A_frozen,844,0.2398734986782074,0.11553628742694855,0.3426970839500427,34.19026184082031,0,0.2877664546363981,0.13056503798022454,336.66400146484375,784.7444458007812,316.1541748046875
A_frozen,845,0.24172554910182953,0.12334242463111877,0.3435577154159546,48.42716979980469,0,0.28730604558105244,0.13049281184673348,336.66400146484375,784.7444458007812,316.154296875
A_frozen,846,0.258871853351593,0.12023615837097168,0.345969557762146,31.97107696533203,0,0.28702170365875784,0.13039024531197585,336.66400146484375,784.7444458007812,316.15447998046875
A_frozen,847,0.26377058029174805,0.12152586877346039,0.33583492040634155,35.177207946777344,0,0.28678919242508777,0.1303016015465907,336.66400146484375,784.7444458007812,316.15484619140625
A_frozen,848,0.25430479645729065,0.11581841111183167,0.33942127227783203,30.854496002197266,0,0.2864643484654098,0.13015676964224313,336.66400146484375,784.7444458007812,316.1553039550781
A_frozen,849,0.2948046922683716,0.12569983303546906,0.34159332513809204,36.60165023803711,0,0.2865477519034394,0.1301122002761754,336.66400146484375,784.7444458007812,316.1557922363281
A_frozen,850,0.26112833619117737,0.12797042727470398,0.3456357717514038,38.084590911865234,0,0.2862935577463168,0.1300907825461607,336.66400146484375,784.7444458007812,316.15618896484375
A_frozen,851,0.2707887291908264,0.12034431099891663,0.34775155782699585,47.99839401245117,0,0.2861385094607619,0.12999331783068824,336.66400146484375,784.7444458007812,316.156494140625
A_frozen,852,0.2374904304742813,0.11912330985069275,0.3390671908855438,31.495849609375,0,0.28565202867089706,0.1298846177508883,336.66400146484375,784.7444458007812,316.15655517578125
A_frozen,853,0.2614634335041046,0.11119745671749115,0.3419719636440277,32.31709289550781,0,0.28541014271922915,0.12969774614055432,336.66400146484375,784.7444458007812,316.1564636230469
A_frozen,854,0.2965088486671448,0.10707101225852966,0.3449174463748932,41.870182037353516,0,0.2855211297787083,0.12947147880173407,336.66400146484375,784.7444458007812,316.1560974121094
A_frozen,855,0.26122957468032837,0.1101047694683075,0.33815455436706543,32.97824478149414,0,0.2852782142277245,0.1292778117083998,336.66400146484375,784.7444458007812,316.1556701660156
A_frozen,856,0.24757762253284454,0.11267393827438354,0.3474787473678589,36.74538040161133,0,0.2849012083107757,0.12911177297405962,336.66400146484375,784.7444458007812,316.1553649902344
A_frozen,857,0.25319865345954895,0.10277889668941498,0.3467509150505066,34.16554641723633,0,0.2845841827622634,0.12884844421121316,336.66400146484375,784.7444458007812,316.1552734375
A_frozen,858,0.23699620366096497,0.11476768553256989,0.34911710023880005,36.28734588623047,0,0.2841083029712504,0.12870763662442672,336.66400146484375,784.7444458007812,316.15521240234375
A_frozen,859,0.24420148134231567,0.11842450499534607,0.3520738482475281,33.40653991699219,0,0.283709234754961,0.12860480530813592,336.66400146484375,784.7444458007812,316.15509033203125
A_frozen,860,0.26970595121383667,0.11285676062107086,0.34532952308654785,36.827781677246094,0,0.2835692019195498,0.12844732486126528,336.66400146484375,784.7444458007812,316.1548156738281
A_frozen,861,0.25092166662216187,0.10617047548294067,0.3341073989868164,30.227109909057617,0,0.28324272656657595,0.12822455636748203,336.66400146484375,784.7444458007812,316.1544189453125
A_frozen,862,0.29199954867362976,0.11553408205509186,0.33998310565948486,43.15156173706055,0,0.2833302947876465,0.12809765162435813,336.66400146484375,784.7444458007812,316.1539306640625
A_frozen,863,0.23850804567337036,0.12604136765003204,0.3461664021015167,32.3182373046875,0,0.2828820722965037,0.12807708878461485,336.66400146484375,784.7444458007812,316.1533203125
A_frozen,864,0.24054665863513947,0.11537158489227295,0.3439709544181824,35.00344467163086,0,0.28245871815989004,0.12795003374569144,336.66400146484375,784.7444458007812,316.15301513671875
A_frozen,865,0.24184001982212067,0.1215936690568924,0.3440064787864685,27.188264846801758,0,0.28205253117651236,0.12788647009880347,336.66400146484375,784.7444458007812,316.15277099609375
A_frozen,866,0.2389952689409256,0.12034261226654053,0.338635116815567,27.105697631835938,0,0.2816219585541565,0.12781103152048084,336.66400146484375,784.7444458007812,316.1527404785156
A_frozen,867,0.29732081294059753,0.11837688088417053,0.33908945322036743,41.42510986328125,0,0.2817789470980209,0.12771669001411776,336.66400146484375,784.7444458007812,316.1526794433594
A_frozen,868,0.49264463782310486,0.11830675601959229,0.3364070653915405,85.39893341064453,0,0.28388760400527174,0.1276225906741725,336.66400146484375,784.7444458007812,316.15264892578125
A_frozen,869,0.2688598334789276,0.12008267641067505,0.33786916732788086,37.043006896972656,0,0.2837373263000083,0.1275471915315375,336.66400146484375,784.7444458007812,316.1527404785156
A_frozen,870,0.2650102972984314,0.1263301968574524,0.34744688868522644,36.27798080444336,0,0.2835500560099925,0.12753502158479665,336.66400146484375,784.7444458007812,316.15301513671875
A_frozen,871,0.24674934148788452,0.12525364756584167,0.3508540391921997,37.0106086730957,0,0.28318204886477144,0.12751220784460712,336.66400146484375,784.7444458007812,316.15338134765625
A_frozen,872,0.35428035259246826,0.13755294680595398,0.35710805654525757,36.66608428955078,0,0.2838930319020484,0.1276126152342206,336.66400146484375,784.7444458007812,316.15386962890625
A_frozen,873,0.25587743520736694,0.13978496193885803,0.34984439611434937,33.07851028442383,0,0.2836128759351016,0.12773433870126696,336.66400146484375,784.7444458007812,316.1542663574219
A_frozen,874,0.2769458591938019,0.13488373160362244,0.3553369641304016,33.6895637512207,0,0.2835462057676886,0.12780583263029052,336.66400146484375,784.7444458007812,316.154541015625
A_frozen,875,0.24083270132541656,0.13952787220478058,0.35728585720062256,33.0994873046875,0,0.28311907072326586,0.12792305302603543,336.66400146484375,784.7444458007812,316.1548767089844
A_frozen,876,0.2200433909893036,0.12066037952899933,0.35088181495666504,27.900772094726562,0,0.28248831392592627,0.12785042629106508,336.66400146484375,784.7444458007812,316.1551818847656
A_frozen,877,0.41897475719451904,0.13048231601715088,0.35506975650787354,84.71009826660156,0,0.2838531783586122,0.12787674518832592,336.66400146484375,784.7444458007812,316.15545654296875
A_frozen,878,0.23195071518421173,0.1319144070148468,0.3419116139411926,32.18608093261719,0,0.28333415372686815,0.12791712180659112,336.66400146484375,784.7444458007812,316.1556701660156
A_frozen,879,0.26003122329711914,0.1307118535041809,0.34775376319885254,30.210403442382812,0,0.2831011244225707,0.127945069123567,336.66400146484375,784.7444458007812,316.1557922363281
A_frozen,880,0.25879597663879395,0.11952635645866394,0.33471256494522095,37.05963897705078,0,0.2828580729447329,0.12786088199691797,336.66400146484375,784.7444458007812,316.15582275390625
A_frozen,881,0.2613290250301361,0.11126850545406342,0.33533889055252075,34.64080810546875,0,0.282642782465587,0.1276949582314894,336.66400146484375,784.7444458007812,316.1554870605469
A_frozen,882,0.29640790820121765,0.11523595452308655,0.34239453077316284,34.15372848510742,0,0.2827804337229433,0.12757036819440537,336.66400146484375,784.7444458007812,316.1549072265625
A_frozen,883,0.2592165172100067,0.10859805345535278,0.331916868686676,40.40204620361328,0,0.28254479455781395,0.12738064504701485,336.66400146484375,784.7444458007812,316.15423583984375
A_frozen,884,0.27188989520072937,0.0959235280752182,0.3328443169593811,31.545963287353516,0,0.2824382455642431,0.12706607387729688,336.66400146484375,784.7444458007812,316.15338134765625
A_frozen,885,0.28826001286506653,0.09994480013847351,0.3395233750343323,34.75962448120117,0,0.2824964632372513,0.12679486113990865,336.66400146484375,784.7444458007812,316.15240478515625
A_frozen,886,0.26724663376808167,0.09962284564971924,0.33279356360435486,36.302574157714844,0,0.2823439649425596,0.12652314098500675,336.66400146484375,784.7444458007812,316.1512451171875
A_frozen,887,0.26140642166137695,0.11851003766059875,0.3463575541973114,36.7780876159668,0,0.28213458950974774,0.12644300995176266,336.66400146484375,784.7444458007812,316.150146484375
A_frozen,888,0.2674584984779358,0.11818066239356995,0.3456328809261322,38.26313018798828,0,0.2819878285994296,0.12636038647618072,336.66400146484375,784.7444458007812,316.1493225097656
A_frozen,889,0.28642621636390686,0.11855927109718323,0.35089749097824097,34.92073440551758,0,0.2820322124770744,0.12628237532239073,336.66400146484375,784.7444458007812,316.14862060546875
A_frozen,890,0.23975180089473724,0.1207154393196106,0.35469919443130493,34.56340026855469,0,0.28160940836125103,0.12622670596236293,336.66400146484375,784.7444458007812,316.1480712890625
A_frozen,891,0.26501595973968506,0.1200462281703949,0.35186219215393066,34.83554458618164,0,0.2814434738750354,0.12616490118444323,336.66400146484375,784.7444458007812,316.1476745605469
A_frozen,892,0.2728421688079834,0.11897148191928864,0.34767773747444153,36.86296081542969,0,0.28135746082436486,0.12609296699179168,336.66400146484375,784.7444458007812,316.1474609375
A_frozen,893,0.2565685212612152,0.14137771725654602,0.3518497943878174,56.10634994506836,0,0.28110957142873333,0.12624581449443922,336.66400146484375,784.7444458007812,316.1472473144531
A_frozen,894,0.24669410288333893,0.1352739930152893,0.34726449847221375,30.49686622619629,0,0.2807654167432794,0.12633609627964773,336.66400146484375,784.7444458007812,316.1471862792969
A_frozen,895,0.24102836847305298,0.14180557429790497,0.35058367252349854,32.170448303222656,0,0.2803680462605771,0.1264907910598303,336.66400146484375,784.7444458007812,316.14715576171875
A_frozen,896,0.23659902811050415,0.12655597925186157,0.3413022756576538,37.04457092285156,0,0.2799303560790764,0.1264914429417506,336.66400146484375,784.7444458007812,316.1471862792969
A_frozen,897,0.26471954584121704,0.12524308264255524,0.3391997218132019,30.77808380126953,0,0.2797782479766978,0.12647895933875866,336.66400146484375,784.7444458007812,316.1470947265625
A_frozen,898,0.27327585220336914,0.1266840398311615,0.35000839829444885,37.20047378540039,0,0.27971322401896453,0.1264810101436827,336.66400146484375,784.7444458007812,316.14703369140625
A_frozen,899,0.2550145387649536,0.12213712930679321,0.3437802195549011,38.226234436035156,0,0.27946623716642444,0.1264375713353138,336.66400146484375,784.7444458007812,316.14703369140625
A_frozen,900,0.24386684596538544,0.1241738498210907,0.3484894037246704,33.94934844970703,0,0.279110243254414,0.12641493412017157,336.66400146484375,784.7444458007812,316.14715576171875
A_frozen,901,0.28200215101242065,0.12165580689907074,0.35029301047325134,30.913433074951172,0,0.2791391623319941,0.12636734284796056,336.66400146484375,784.7444458007812,316.1473083496094
A_frozen,902,0.22501696646213531,0.11639291048049927,0.34726953506469727,30.18095588684082,0,0.2785979403732955,0.12626759852428596,336.66400146484375,784.7444458007812,316.1475524902344
A_frozen,903,0.30513906478881836,0.12597599625587463,0.35057079792022705,43.31389236450195,0,0.27886335161745074,0.12626468250160186,336.66400146484375,784.7444458007812,316.14764404296875
A_frozen,904,0.25796619057655334,0.1265736222267151,0.3511279821395874,33.46583557128906,0,0.27865438000704174,0.126267771898853,336.66400146484375,784.7444458007812,316.1478271484375
A_frozen,905,0.23591966927051544,0.1243811547756195,0.3446282744407654,36.4560432434082,0,0.2782270328996765,0.12624890572762065,336.66400146484375,784.7444458007812,316.1479187011719
A_frozen,906,0.26632338762283325,0.11581632494926453,0.34852421283721924,30.27157211303711,0,0.2781079964469081,0.1261445799198371,336.66400146484375,784.7444458007812,316.14801025390625
A_frozen,907,0.26771849393844604,0.10894468426704407,0.33876410126686096,36.35866928100586,0,0.27800410142182347,0.12597258096330916,336.66400146484375,784.7444458007812,316.1478576660156
A_frozen,908,0.2399953305721283,0.11303859949111938,0.3375728130340576,35.097869873046875,0,0.2776240137133265,0.12584324114858728,336.66400146484375,784.7444458007812,316.1475524902344
A_frozen,909,0.21903949975967407,0.12040536105632782,0.3484996557235718,31.717809677124023,0,0.27703816857379,0.12578886234766468,336.66400146484375,784.7444458007812,316.147216796875
A_frozen,910,0.25320687890052795,0.1217416375875473,0.340099036693573,49.56128692626953,0,0.2767998556770574,0.1257483901000635,336.66400146484375,784.7444458007812,316.1466979980469
A_frozen,911,0.28770866990089417,0.11988788843154907,0.33581048250198364,40.23443603515625,0,0.27690894381929576,0.12568978508337836,336.66400146484375,784.7444458007812,316.1461181640625
A_frozen,912,0.24904762208461761,0.11565321683883667,0.33931124210357666,33.24815368652344,0,0.27663033060194897,0.12558941940093293,336.66400146484375,784.7444458007812,316.1457214355469
A_frozen,913,0.25648531317710876,0.1100185364484787,0.33947938680648804,35.69978713989258,0,0.27642888042770053,0.1254337105714084,336.66400146484375,784.7444458007812,316.14532470703125
A_frozen,914,0.244045227766037,0.11747294664382935,0.3467458486557007,33.37554931640625,0,0.2761050439010839,0.12535410293213262,336.66400146484375,784.7444458007812,316.1451721191406
A_frozen,915,0.2247406542301178,0.12938198447227478,0.355979323387146,30.51609992980957,0,0.27559140000437427,0.12539438174753403,336.66400146484375,784.7444458007812,316.145263671875
A_frozen,916,0.254616379737854,0.12895618379116058,0.3558723032474518,33.413272857666016,0,0.27538164980170904,0.12542999976797028,336.66400146484375,784.7444458007812,316.1453857421875
A_frozen,917,0.27209460735321045,0.12429791688919067,0.3529960513114929,39.05415725708008,0,0.2753487793772241,0.1254186789391825,336.66400146484375,784.7444458007812,316.14569091796875
A_frozen,918,0.2328180968761444,0.1278008371591568,0.35138237476348877,34.223915100097656,0,0.2749234725522132,0.12544250052138223,336.66400146484375,784.7444458007812,316.14617919921875
A_frozen,919,0.2304919958114624,0.13343745470046997,0.3645845353603363,38.944766998291016,0,0.2744791577848057,0.1255224500631731,336.66400146484375,784.7444458007812,316.146728515625
A_frozen,920,0.28269296884536743,0.13530154526233673,0.36030977964401245,40.648311614990234,0,0.2745612958954113,0.12562024101516475,336.66400146484375,784.7444458007812,316.1472473144531
A_frozen,921,0.30628159642219543,0.12838655710220337,0.3556433916091919,37.29412078857422,0,0.27487849890067917,0.12564790417603514,336.66400146484375,784.7444458007812,316.1474914550781
A_frozen,922,0.2683728337287903,0.11820213496685028,0.3401571810245514,32.794044494628906,0,0.2748134422489603,0.12557344648394328,336.66400146484375,784.7444458007812,316.1475830078125
A_frozen,923,0.27895453572273254,0.112089604139328,0.34104371070861816,41.00828552246094,0,0.274854853183698,0.12543860806049711,336.66400146484375,784.7444458007812,316.14739990234375
A_frozen,924,0.29026779532432556,0.11067472398281097,0.33915475010871887,50.20730209350586,0,0.2750089826051043,0.12529096921972024,336.66400146484375,784.7444458007812,316.1470947265625
A_frozen,925,0.24137575924396515,0.11200550198554993,0.32937532663345337,33.97346878051758,0,0.2746726503714929,0.12515811454737855,336.66400146484375,784.7444458007812,316.146728515625
A_frozen,926,0.2641708552837372,0.10598796606063843,0.3273395299911499,32.2006950378418,0,0.2745676324206153,0.12496641306251115,336.66400146484375,784.7444458007812,316.1459655761719
A_frozen,927,0.25778728723526,0.1141636073589325,0.3359018564224243,28.98587417602539,0,0.2743998289687618,0.12485838500547536,336.66400146484375,784.7444458007812,316.1451721191406
A_frozen,928,0.2607429027557373,0.11317509412765503,0.3332135081291199,34.29142379760742,0,0.27426325970663157,0.12474155209669714,336.66400146484375,784.7444458007812,316.14459228515625
A_frozen,929,0.2589886784553528,0.11960801482200623,0.35191065073013306,32.77103042602539,0,0.2741105138941188,0.12469021672395024,336.66400146484375,784.7444458007812,316.14398193359375
A_frozen,930,0.2837371528148651,0.13787147402763367,0.36315447092056274,41.44758605957031,0,0.27420678028332623,0.12482202929698707,336.66400146484375,784.7444458007812,316.1434020996094
A_frozen,931,0.2689898610115051,0.1269228458404541,0.3534137010574341,31.305267333984375,0,0.274154611090608,0.12484303746242176,336.66400146484375,784.7444458007812,316.142822265625
A_frozen,932,0.2868148386478424,0.13897621631622314,0.35881632566452026,33.747642517089844,0,0.27428121336618033,0.12498436925095978,336.66400146484375,784.7444458007812,316.142333984375
A_frozen,933,0.24876099824905396,0.11928227543830872,0.3385390341281891,45.73321533203125,0,0.2740260112150091,0.12492734831283327,336.66400146484375,784.7444458007812,316.1418762207031
A_frozen,934,0.23908846080303192,0.11800584197044373,0.33755242824554443,28.193910598754883,0,0.2736766357108893,0.12485813324940936,336.66400146484375,784.7444458007812,316.1414489746094
A_frozen,935,0.3111003637313843,0.10939294099807739,0.33793914318084717,49.79827117919922,0,0.27405087299109426,0.12470348132689604,336.66400146484375,784.7444458007812,316.14105224609375
A_frozen,936,0.2410569041967392,0.10166901350021362,0.33349382877349854,36.30084228515625,0,0.2737209333031507,0.12447313664862922,336.66400146484375,784.7444458007812,316.14056396484375
A_frozen,937,0.2740579843521118,0.10698354244232178,0.3411647081375122,29.204891204833984,0,0.2737243038136403,0.12429824070656614,336.66400146484375,784.7444458007812,316.13995361328125
A_frozen,938,0.267360657453537,0.10392054915428162,0.33732372522354126,41.23420333862305,0,0.2736606673500393,0.1240944637910433,336.66400146484375,784.7444458007812,316.13922119140625
A_frozen,939,0.26010459661483765,0.11605176329612732,0.3484358489513397,34.683876037597656,0,0.27352510664268725,0.12401403678609413,336.66400146484375,784.7444458007812,316.1387634277344
A_frozen,940,0.2501230537891388,0.11438775062561035,0.34365594387054443,30.880638122558594,0,0.27329108611415176,0.1239177739244893,336.66400146484375,784.7444458007812,316.1383361816406
A_frozen,941,0.27061545848846436,0.12086199223995209,0.3433028757572174,36.718692779541016,0,0.2732643298378949,0.12388721610764393,336.66400146484375,784.7444458007812,316.1381530761719
A_frozen,942,0.25117093324661255,0.10858073830604553,0.32677578926086426,44.1075325012207,0,0.27304339587198206,0.12373415132962794,336.66400146484375,784.7444458007812,316.1380615234375
A_frozen,943,0.31087157130241394,0.10991792380809784,0.3301756680011749,50.705745697021484,0,0.2734216776262864,0.12359598905441263,336.66400146484375,784.7444458007812,316.1378173828125
A_frozen,944,0.27337509393692017,0.11132746934890747,0.3340362310409546,38.4715690612793,0,0.27342121178939277,0.12347330385735757,336.66400146484375,784.7444458007812,316.1376037597656
A_frozen,945,0.2585518956184387,0.11243957281112671,0.3384632468223572,40.92314147949219,0,0.2732725186276832,0.12336296654689526,336.66400146484375,784.7444458007812,316.13763427734375
A_frozen,946,0.24916893243789673,0.109217569231987,0.33440107107162476,45.294097900390625,0,0.27303148276578537,0.12322151257374617,336.66400146484375,784.7444458007812,316.1377868652344
A_frozen,947,0.2673889398574829,0.10604101419448853,0.33105528354644775,43.6846809387207,0,0.27297505733670235,0.1230497075899536,336.66400146484375,784.7444458007812,316.137939453125
A_frozen,948,0.24008074402809143,0.11608375608921051,0.3381221294403076,29.090106964111328,0,0.27264611420361623,0.12298004807494617,336.66400146484375,784.7444458007812,316.13800048828125
A_frozen,949,0.25616395473480225,0.1194186806678772,0.3420502841472626,32.981929779052734,0,0.27248129260892806,0.12294443440087548,336.66400146484375,784.7444458007812,316.13818359375
A_frozen,950,0.3727055490016937,0.11619812250137329,0.34095898270606995,31.527406692504883,0,0.27348353517285573,0.12287697128188045,336.66400146484375,784.7444458007812,316.1384582519531
A_frozen,951,0.370144248008728,0.17722252011299133,0.3426271378993988,70.64659118652344,0,0.27445014230121445,0.12342042677019155,336.66400146484375,784.7444458007812,316.1386413574219
A_frozen,952,0.24156548082828522,0.16962909698486328,0.3351139426231384,33.946475982666016,0,0.2741212956864852,0.12388251347233827,336.66400146484375,784.7444458007812,316.1390075683594
A_frozen,953,0.2451864331960678,0.18006668984889984,0.34073877334594727,31.31447982788086,0,0.273831947061581,0.12444435523610388,336.66400146484375,784.7444458007812,316.1392822265625
A_frozen,954,0.2509726881980896,0.16727174818515778,0.3332468867301941,34.454341888427734,0,0.2736033544729461,0.12487262916559441,336.66400146484375,784.7444458007812,316.1396179199219
A_frozen,955,0.2714032828807831,0.10574471950531006,0.33262717723846436,40.38031005859375,0,0.27358135375702447,0.12468135006899157,336.66400146484375,784.7444458007812,316.1398620605469
A_frozen,956,0.2574290931224823,0.10234594345092773,0.33420971035957336,37.004207611083984,0,0.273419831150679,0.12445799600281093,336.66400146484375,784.7444458007812,316.14007568359375
A_frozen,957,0.25030314922332764,0.1045827567577362,0.3373061418533325,30.67219352722168,0,0.27318866433140554,0.12425924361036018,336.66400146484375,784.7444458007812,316.14031982421875
A_frozen,958,0.2687588930130005,0.1072155237197876,0.33213546872138977,42.447174072265625,0,0.27314436661822145,0.12408880641145446,336.66400146484375,784.7444458007812,316.140380859375
A_frozen,959,0.31502631306648254,0.12340261042118073,0.34334176778793335,54.37622833251953,0,0.273563186082704,0.12408194445155173,336.66400146484375,784.7444458007812,316.1403503417969
A_frozen,960,0.27196818590164185,0.11391346156597137,0.338978111743927,33.598785400390625,0,0.27354723608089343,0.12398025962269593,336.66400146484375,784.7444458007812,316.1402587890625
A_frozen,961,0.24868184328079224,0.11318738758563995,0.3373252749443054,36.15946960449219,0,0.2732985821528924,0.12387233090232537,336.66400146484375,784.7444458007812,316.1402282714844
A_frozen,962,0.2624025046825409,0.11994920670986176,0.3450857996940613,56.0116081237793,0,0.27318962137818886,0.12383309966040074,336.66400146484375,784.7444458007812,316.1402282714844
A_frozen,963,0.2839454412460327,0.11082135140895844,0.33620375394821167,41.74210739135742,0,0.2732971795768673,0.12370298217788632,336.66400146484375,784.7444458007812,316.1402893066406
A_frozen,964,1.2261500358581543,0.12357793748378754,0.334045946598053,307.4618835449219,0,0.2828257081396801,0.12370173173094533,336.66400146484375,784.7444458007812,316.140380859375
A_frozen,965,0.24647924304008484,0.1322222352027893,0.33883970975875854,36.04096984863281,0,0.2824622434886842,0.12378693676566377,336.66400146484375,784.7444458007812,316.140380859375
A_frozen,966,0.2886945903301239,0.13787060976028442,0.3486102521419525,48.03068161010742,0,0.2825245669570986,0.12392777349560997,336.66400146484375,784.7444458007812,316.140380859375
A_frozen,967,0.27109628915786743,0.1323772668838501,0.34021198749542236,47.56654357910156,0,0.2824102841791063,0.12401226842949237,336.66400146484375,784.7444458007812,316.1402282714844
A_frozen,968,0.24231018126010895,0.12045340240001678,0.3452877998352051,31.273399353027344,0,0.2820092831499163,0.12397667976919761,336.66400146484375,784.7444458007812,316.1398620605469
A_frozen,969,0.2470305860042572,0.12968593835830688,0.34614893794059753,32.71494674682617,0,0.28165949617845976,0.12403377235508871,336.66400146484375,784.7444458007812,316.1394958496094
A_frozen,970,0.24330101907253265,0.12540212273597717,0.3399354815483093,40.249820709228516,0,0.2812759114074005,0.12404745585889759,336.66400146484375,784.7444458007812,316.1391296386719
A_frozen,971,0.24262487888336182,0.12276169657707214,0.34294095635414124,41.9571418762207,0,0.2808894010821601,0.12403459826607935,336.66400146484375,784.7444458007812,316.1387939453125
A_frozen,972,0.2277471274137497,0.11631761491298676,0.3327551484107971,32.387935638427734,0,0.280357978345476,0.12395742843254842,336.66400146484375,784.7444458007812,316.1387023925781
A_frozen,973,0.2550290822982788,0.109759122133255,0.325488805770874,32.887794494628906,0,0.28010468938500405,0.12381544536955548,336.66400146484375,784.7444458007812,316.1385803222656
A_frozen,974,0.2860229015350342,0.125034898519516,0.33083271980285645,41.0040283203125,0,0.28016387150650435,0.12382763990105508,336.66400146484375,784.7444458007812,316.1382751464844
A_frozen,975,0.2746526300907135,0.11488696932792664,0.324921190738678,35.78434753417969,0,0.28010875909234645,0.12373823319532379,336.66400146484375,784.7444458007812,316.13800048828125
A_frozen,976,0.307068407535553,0.11567291617393494,0.3353617191314697,93.5896987915039,0,0.28037835557677854,0.1236575800251099,336.66400146484375,784.7444458007812,316.13775634765625
A_frozen,977,0.2882739305496216,0.1273568719625473,0.33588582277297974,98.54149627685547,0,0.280457311326507,0.12369457294448427,336.66400146484375,784.7444458007812,316.13751220703125
A_frozen,978,0.25531646609306335,0.12877973914146423,0.33767449855804443,38.16903305053711,0,0.2802059028741725,0.12374542460645407,336.66400146484375,784.7444458007812,316.1373596191406
A_frozen,979,0.22326569259166718,0.12622380256652832,0.3380120098590851,30.31839942932129,0,0.27963650077134744,0.12377020838605482,336.66400146484375,784.7444458007812,316.1374206542969
A_frozen,980,0.28016796708106995,0.12495502829551697,0.3374407887458801,40.338706970214844,0,0.27964181543444466,0.12378205658514944,336.66400146484375,784.7444458007812,316.1374206542969
A_frozen,981,0.25161001086235046,0.10960894823074341,0.3368525803089142,47.06604766845703,0,0.27936149738872373,0.12364032550160539,336.66400146484375,784.7444458007812,316.1375427246094
A_frozen,982,0.23477666079998016,0.12575368583202362,0.34582823514938354,30.052358627319336,0,0.2789156490228363,0.12366145910490957,336.66400146484375,784.7444458007812,316.1376953125
A_frozen,983,0.2383105605840683,0.11447857320308685,0.3378071188926697,31.455869674682617,0,0.2785095981384486,0.12356963024589133,336.66400146484375,784.7444458007812,316.13800048828125
A_frozen,984,0.21800687909126282,0.12618577480316162,0.35187315940856934,30.570281982421875,0,0.27790457094797677,0.12359579169146404,336.66400146484375,784.7444458007812,316.1383972167969
A_frozen,985,0.27548089623451233,0.13604620099067688,0.35348424315452576,35.84603500366211,0,0.2778803342008421,0.12372029578445616,336.66400146484375,784.7444458007812,316.1388244628906
A_frozen,986,0.2561355233192444,0.12208110094070435,0.3368576467037201,38.727081298828125,0,0.27766288609202616,0.12370390383601865,336.66400146484375,784.7444458007812,316.1392517089844
A_frozen,987,0.23749178647994995,0.11637863516807556,0.348033607006073,33.54041290283203,0,0.27726117509590537,0.12363065114933922,336.66400146484375,784.7444458007812,316.13970947265625
A_frozen,988,0.26880943775177,0.11029799282550812,0.3425510823726654,42.37670135498047,0,0.277176657722464,0.12349732456610091,336.66400146484375,784.7444458007812,316.1401062011719
A_frozen,989,0.24903324246406555,0.11199541389942169,0.335851788520813,45.38432693481445,0,0.27689522356988,0.12338230545943411,336.66400146484375,784.7444458007812,316.14019775390625
A_frozen,990,0.2720237076282501,0.12189829349517822,0.3506789207458496,40.18516159057617,0,0.2768465084104637,0.12336746533979155,336.66400146484375,784.7444458007812,316.1402587890625
A_frozen,991,0.2689618766307831,0.11861315369606018,0.34240493178367615,34.00708770751953,0,0.2767676620926669,0.12331992222335424,336.66400146484375,784.7444458007812,316.1400451660156
A_frozen,992,0.26871174573898315,0.12334036827087402,0.3422377407550812,38.82609176635742,0,0.27668710292913,0.12332012668382944,336.66400146484375,784.7444458007812,316.1398010253906
A_frozen,993,0.2610566318035126,0.1281627118587494,0.35145676136016846,34.49220275878906,0,0.27653079821787385,0.12336855253557864,336.66400146484375,784.7444458007812,316.1392822265625
A_frozen,994,0.26783692836761475,0.11737427115440369,0.33716487884521484,35.79218292236328,0,0.2764438595193713,0.1233086097217669,336.66400146484375,784.7444458007812,316.13861083984375
A_frozen,995,0.2333216518163681,0.11240255832672119,0.3348919451236725,30.946260452270508,0,0.2760126374423413,0.12319954920781644,336.66400146484375,784.7444458007812,316.1377258300781
A_frozen,996,0.24629074335098267,0.12316747009754181,0.3284701704978943,32.48153305053711,0,0.2757154185014277,0.12319922841671369,336.66400146484375,784.7444458007812,316.1367492675781
A_frozen,997,0.2656303644180298,0.11998151242733002,0.3307885527610779,34.539573669433594,0,0.27561456796059375,0.12316705125681986,336.66400146484375,784.7444458007812,316.13580322265625
A_frozen,998,0.28484782576560974,0.11324477195739746,0.3298833668231964,38.621788024902344,0,0.27570690053864394,0.12306782846382563,336.66400146484375,784.7444458007812,316.1347961425781
A_frozen,999,0.28267237544059753,0.11420992016792297,0.3265797197818756,40.9230842590332,0,0.2757765552876635,0.12297924938086661,336.66400146484375,784.7444458007812,316.13397216796875
A_frozen,1000,0.306447297334671,0.11807730793952942,0.34678250551223755,37.66902160644531,0,0.27608326270813355,0.12293022996645324,336.66400146484375,784.7444458007812,316.1330871582031
A_frozen,1001,0.25854435563087463,0.13230079412460327,0.35004931688308716,34.92875671386719,0,0.27590787363736097,0.12302393560803473,336.66400146484375,784.7444458007812,316.1324462890625
A_frozen,1002,0.26933157444000244,0.13356947898864746,0.3485180735588074,38.062992095947266,0,0.2758421106453874,0.12312939104184085,336.66400146484375,784.7444458007812,316.13201904296875
A_frozen,1003,0.2635773718357086,0.12879344820976257,0.35372912883758545,31.86844825744629,0,0.27571946325729063,0.12318603161352007,336.66400146484375,784.7444458007812,316.1319274902344
A_frozen,1004,0.22742122411727905,0.12075340747833252,0.3556879162788391,32.654109954833984,0,0.27523648086589053,0.1231617053721682,336.66400146484375,784.7444458007812,316.13201904296875
A_frozen,1005,0.2926703095436096,0.1330530345439911,0.34887418150901794,37.09131622314453,0,0.2754108191526677,0.12326061866388642,336.66400146484375,784.7444458007812,316.1323547363281
A_frozen,1006,0.21373865008354187,0.11986804008483887,0.3411799967288971,30.03312110900879,0,0.2747940974619764,0.12322669287809594,336.66400146484375,784.7444458007812,316.1327819824219
A_frozen,1007,0.24119894206523895,0.13796594738960266,0.3504486083984375,32.80369186401367,0,0.27445814590800904,0.123374085423211,336.66400146484375,784.7444458007812,316.13323974609375
A_frozen,1008,0.2750771641731262,0.1324770450592041,0.34991690516471863,38.384490966796875,0,0.27446433609066023,0.12346511501957093,336.66400146484375,784.7444458007812,316.1339111328125
A_frozen,1009,0.25861144065856934,0.13020703196525574,0.35302969813346863,35.06409454345703,0,0.2743058071363393,0.12353253418902778,336.66400146484375,784.7444458007812,316.134521484375
A_frozen,1010,0.2736179828643799,0.13038304448127747,0.3549966812133789,36.17898941040039,0,0.27429892889361973,0.12360103929195028,336.66400146484375,784.7444458007812,316.13525390625
A_frozen,1011,0.28178346157073975,0.11230868101119995,0.33620959520339966,37.18338394165039,0,0.27437377422039094,0.12348811570914278,336.66400146484375,784.7444458007812,316.1358642578125
A_frozen,1012,0.29887664318084717,0.1122729480266571,0.3388594388961792,41.889286041259766,0,0.27461880290999546,0.12337596403231792,336.66400146484375,784.7444458007812,316.1363525390625
A_frozen,1013,0.7528089880943298,0.11310827732086182,0.33750876784324646,85.63839721679688,0,0.27940070476183876,0.12327328716520335,336.66400146484375,784.7444458007812,316.1367492675781
A_frozen,1014,0.2638319432735443,0.10474064946174622,0.3298705816268921,32.96696853637695,0,0.2792450171469558,0.12308796078816878,336.66400146484375,784.7444458007812,316.1368713378906
A_frozen,1015,0.28432631492614746,0.11018696427345276,0.3369942307472229,39.34884262084961,0,0.27929583012474773,0.1229589508230216,336.66400146484375,784.7444458007812,316.1368713378906
A_frozen,1016,0.253982275724411,0.11400124430656433,0.33587318658828735,41.15964889526367,0,0.2790426945807444,0.12286937375785704,336.66400146484375,784.7444458007812,316.13665771484375
A_frozen,1017,0.27631640434265137,0.11716637015342712,0.34508806467056274,37.632049560546875,0,0.27901543167836346,0.12281234372181274,336.66400146484375,784.7444458007812,316.1363830566406
A_frozen,1018,0.2557191848754883,0.11810100078582764,0.3412505090236664,33.68865203857422,0,0.27878246921033467,0.12276523029245288,336.66400146484375,784.7444458007812,316.135986328125
A_frozen,1019,0.2652049958705902,0.12562718987464905,0.34403789043426514,37.5651741027832,0,0.2786466944769372,0.12279384988827485,336.66400146484375,784.7444458007812,316.1355285644531
A_frozen,1020,0.2683005630970001,0.13094842433929443,0.34804242849349976,32.31487274169922,0,0.27854323316313784,0.12287539563278504,336.66400146484375,784.7444458007812,316.13507080078125
A_frozen,1021,0.24665357172489166,0.1294267773628235,0.3475881814956665,33.750732421875,0,0.2782243365487554,0.12294090945008543,336.66400146484375,784.7444458007812,316.13458251953125
A_frozen,1022,0.23845554888248444,0.12045088410377502,0.3420945107936859,30.12334442138672,0,0.27782664867209267,0.12291600919662232,336.66400146484375,784.7444458007812,316.1341857910156
A_frozen,1023,0.2702418267726898,0.12208274006843567,0.3456653356552124,33.790626525878906,0,0.27775080045309863,0.12290767650534046,336.66400146484375,784.7444458007812,316.13360595703125
A_frozen,1024,0.2491246908903122,0.12425398826599121,0.3456994295120239,33.86598587036133,0,0.2774645393574708,0.12292113962294697,336.66400146484375,784.7444458007812,316.1329345703125
A_frozen,1025,0.2878223955631256,0.14038580656051636,0.35542017221450806,33.69120407104492,0,0.27756811791952735,0.12309578629232266,336.66400146484375,784.7444458007812,316.1323547363281
A_frozen,1026,0.25308865308761597,0.1507554054260254,0.3475109934806824,39.10190200805664,0,0.27732332327120823,0.1233723824836597,336.66400146484375,784.7444458007812,316.1318054199219
A_frozen,1027,0.2666226625442505,0.13507765531539917,0.3471216559410095,39.94920349121094,0,0.2772163166639387,0.1234894352119771,336.66400146484375,784.7444458007812,316.1315002441406
A_frozen,1028,0.24252210557460785,0.1270953118801117,0.3513403534889221,31.7857723236084,0,0.2768693745530454,0.12352549397865843,336.66400146484375,784.7444458007812,316.1311950683594
A_frozen,1029,0.24301518499851227,0.11986349523067474,0.3483043313026428,30.143070220947266,0,0.27653083265750006,0.1234888739911786,336.66400146484375,784.7444458007812,316.1310119628906
A_frozen,1030,0.2733294665813446,0.12851950526237488,0.356065958738327,31.336015701293945,0,0.2764988189967385,0.12353918030389056,336.66400146484375,784.7444458007812,316.1308288574219
A_frozen,1031,0.2734803259372711,0.13162964582443237,0.3530650734901428,32.89716339111328,0,0.2764686340661438,0.12362008495909599,336.66400146484375,784.7444458007812,316.1307678222656
A_frozen,1032,0.28514426946640015,0.13052552938461304,0.35840773582458496,34.53322219848633,0,0.2765553904201463,0.12368913940335116,336.66400146484375,784.7444458007812,316.1307678222656
A_frozen,1033,0.22775185108184814,0.12941868603229523,0.3554244041442871,36.35155487060547,0,0.27606735502676333,0.1237464348696406,336.66400146484375,784.7444458007812,316.1310119628906
A_frozen,1034,0.26333749294281006,0.1247173547744751,0.3540280759334564,32.978424072265625,0,0.2759400564059238,0.12375614406868894,336.66400146484375,784.7444458007812,316.1313171386719
A_frozen,1035,0.297250360250473,0.12115859985351562,0.3481290638446808,42.92363357543945,0,0.27615315944436925,0.12373016862653721,336.66400146484375,784.7444458007812,316.1314697265625
A_frozen,1036,0.29662278294563293,0.12753060460090637,0.3569532036781311,34.99786376953125,0,0.27635785567938187,0.1237681729862809,336.66400146484375,784.7444458007812,316.1315002441406
A_frozen,1037,0.22432836890220642,0.12468858063220978,0.3438817858695984,28.477630615234375,0,0.2758375608116101,0.12377737706274018,336.66400146484375,784.7444458007812,316.1316223144531
A_frozen,1038,0.21378107368946075,0.11756789684295654,0.3421318531036377,34.50129318237305,0,0.2752169959403886,0.12371528226054235,336.66400146484375,784.7444458007812,316.1317443847656
A_frozen,1039,0.23777331411838531,0.10852132737636566,0.33906203508377075,31.137807846069336,0,0.27484255912216854,0.12356334271170058,336.66400146484375,784.7444458007812,316.1319580078125
A_frozen,1040,0.2542860209941864,0.11070436239242554,0.3327561020851135,44.791595458984375,0,0.27463699374088874,0.12343475290850783,336.66400146484375,784.7444458007812,316.1321716308594
A_frozen,1041,0.23666583001613617,0.11114126443862915,0.33319106698036194,30.885087966918945,0,0.2742572821036412,0.12331181802380904,336.66400146484375,784.7444458007812,316.13238525390625
A_frozen,1042,0.24050837755203247,0.1153666228055954,0.33841145038604736,26.220773696899414,0,0.27391979305812514,0.12323236607162691,336.66400146484375,784.7444458007812,316.1324768066406
A_frozen,1043,0.3042420446872711,0.11500048637390137,0.3398655652999878,39.494537353515625,0,0.2742230155744166,0.12315004727464965,336.66400146484375,784.7444458007812,316.13232421875
A_frozen,1044,0.2915799915790558,0.11347916722297668,0.33374646306037903,38.1070556640625,0,0.274396585334463,0.12305333847413293,336.66400146484375,784.7444458007812,316.132080078125
A_frozen,1045,0.24559220671653748,0.126190185546875,0.3386567234992981,32.591590881347656,0,0.27410854154828374,0.12308470694486034,336.66400146484375,784.7444458007812,316.1318359375
A_frozen,1046,0.26117196679115295,0.1240733414888382,0.3371035158634186,46.43639373779297,0,0.2739791758007124,0.12309459329030012,336.66400146484375,784.7444458007812,316.1315002441406
A_frozen,1047,0.2795691192150116,0.12818334996700287,0.33977457880973816,36.6357421875,0,0.2740350752348554,0.12314548085706714,336.66400146484375,784.7444458007812,316.13104248046875
A_frozen,1048,0.29448696970939636,0.11944393813610077,0.33730533719062805,37.547645568847656,0,0.27423959417960075,0.12310846542985747,336.66400146484375,784.7444458007812,316.1305236816406
A_frozen,1049,0.39492639899253845,0.14274483919143677,0.3350042998790741,37.84273147583008,0,0.27544646222773017,0.12330482916747326,336.66400146484375,784.7444458007812,316.1300048828125
A_frozen,1050,0.2862609028816223,0.1635865718126297,0.33592361211776733,35.95173645019531,0,0.2755546066342691,0.12370764659392482,336.66400146484375,784.7444458007812,316.12921142578125
A_frozen,1051,0.28139445185661316,0.16131582856178284,0.3455480635166168,37.17441177368164,0,0.27561300508649256,0.12408372841360339,336.66400146484375,784.7444458007812,316.1285095214844
A_frozen,1052,0.2724674940109253,0.16473257541656494,0.34709304571151733,35.027183532714844,0,0.27558154997573686,0.12449021688363301,336.66400146484375,784.7444458007812,316.12786865234375
A_frozen,1053,0.2672368586063385,0.13277240097522736,0.3462844491004944,36.49794387817383,0,0.27549810306204287,0.12457303872454896,336.66400146484375,784.7444458007812,316.1272888183594
A_frozen,1054,0.2802066504955292,0.13184663653373718,0.35019832849502563,32.3547477722168,0,0.2755451885363777,0.12464577470264085,336.66400146484375,784.7444458007812,316.12677001953125
A_frozen,1055,0.24946603178977966,0.1260783076286316,0.3515675961971283,34.60017776489258,0,0.2752843969689117,0.12466010003190076,336.66400146484375,784.7444458007812,316.1264343261719
A_frozen,1056,0.2931837737560272,0.12512904405593872,0.34722352027893066,42.21630859375,0,0.2754633907367829,0.12466478947214113,336.66400146484375,784.7444458007812,316.1260986328125
A_frozen,1057,0.25309938192367554,0.12675607204437256,0.3541274666786194,35.84980010986328,0,0.2752397506486518,0.12468570229786344,336.66400146484375,784.7444458007812,316.1258544921875
A_frozen,1058,0.23989678919315338,0.12058891355991364,0.3544926047325134,41.20976638793945,0,0.2748863210340968,0.12464473441048393,336.66400146484375,784.7444458007812,316.1258850097656
A_frozen,1059,0.24437710642814636,0.1262398362159729,0.3533961772918701,29.550344467163086,0,0.2745812288880373,0.12466068542853882,336.66400146484375,784.7444458007812,316.12603759765625
A_frozen,1060,0.2934302091598511,0.14636650681495667,0.34999537467956543,39.50979995727539,0,0.27476971869075545,0.124877743642403,336.66400146484375,784.7444458007812,316.1262512207031
A_frozen,1061,0.27295175194740295,0.1458018273115158,0.3442848026752472,38.98517990112305,0,0.27475153902332194,0.12508698447909414,336.66400146484375,784.7444458007812,316.1264953613281
A_frozen,1062,0.2509470582008362,0.1552983522415161,0.3483372926712036,33.73207092285156,0,0.2745134942150971,0.12538909815671836,336.66400146484375,784.7444458007812,316.1267395019531
A_frozen,1063,0.27774783968925476,0.14543086290359497,0.34401535987854004,33.62526321411133,0,0.2745458376698387,0.12558951580418715,336.66400146484375,784.7444458007812,316.12701416015625
A_frozen,1064,0.2704991102218628,0.10928736627101898,0.34351789951324463,44.88652801513672,0,0.27450537039535894,0.12542649430885547,336.66400146484375,784.7444458007812,316.127197265625
A_frozen,1065,0.2674744427204132,0.11526656150817871,0.34568750858306885,39.840660095214844,0,0.27443506111860944,0.1253248949808487,336.66400146484375,784.7444458007812,316.1273498535156
A_frozen,1066,0.7382779121398926,0.17134727537631989,0.35114824771881104,50.294830322265625,0,0.2790734896288223,0.12578511878480342,336.66400146484375,784.7444458007812,316.12738037109375
A_frozen,1067,0.25015389919281006,0.17241737246513367,0.34381312131881714,38.26260757446289,0,0.2787842937244622,0.12625144132160673,336.66400146484375,784.7444458007812,316.1273193359375
A_frozen,1068,0.26198631525039673,0.15522587299346924,0.34070640802383423,30.463294982910156,0,0.2786163139397215,0.12654118563832537,336.66400146484375,784.7444458007812,316.1271667480469
A_frozen,1069,0.30601704120635986,0.16684234142303467,0.34335312247276306,35.847747802734375,0,0.2788903212123879,0.12694419719617245,336.66400146484375,784.7444458007812,316.12689208984375
A_frozen,1070,0.2646975517272949,0.13526928424835205,0.3541322350502014,36.729732513427734,0,0.27874839351753694,0.12702744806669425,336.66400146484375,784.7444458007812,316.126708984375
A_frozen,1071,0.27386534214019775,0.12625470757484436,0.3583468794822693,38.056968688964844,0,0.2786995630037636,0.12701972066177575,336.66400146484375,784.7444458007812,316.12652587890625
A_frozen,1072,0.2918863892555237,0.12706372141838074,0.3660696744918823,36.79203796386719,0,0.2788314312662812,0.1270201606693418,336.66400146484375,784.7444458007812,316.1264953613281
A_frozen,1073,0.26102858781814575,0.12872076034545898,0.36396825313568115,36.127349853515625,0,0.27865340283179985,0.12703716666610296,336.66400146484375,784.7444458007812,316.1267395019531
A_frozen,1074,0.28492575883865356,0.1319536566734314,0.3728274703025818,38.51354217529297,0,0.2787161263918684,0.12708633156617624,336.66400146484375,784.7444458007812,316.12701416015625
A_frozen,1075,0.26306042075157166,0.12647885084152222,0.35783201456069946,35.50921630859375,0,0.2785595693354654,0.1270802567589297,336.66400146484375,784.7444458007812,316.1274719238281
A_frozen,1076,0.21937906742095947,0.1182527244091034,0.3554179072380066,29.63829231262207,0,0.2779677643163203,0.12699198143543144,336.66400146484375,784.7444458007812,316.1279602050781
A_frozen,1077,0.2637993097305298,0.12151789665222168,0.35017818212509155,34.268489837646484,0,0.27782607977046236,0.12693724058759934,336.66400146484375,784.7444458007812,316.1283264160156
A_frozen,1078,0.25237199664115906,0.12965577840805054,0.35883012413978577,35.15311813354492,0,0.27757153893916936,0.12696442596580385,336.66400146484375,784.7444458007812,316.1288146972656
A_frozen,1079,0.22688499093055725,0.1290135532617569,0.3475838899612427,34.9264030456543,0,0.27706467345908325,0.12698491723876337,336.66400146484375,784.7444458007812,316.12933349609375
A_frozen,1080,0.25689977407455444,0.11984199285507202,0.3404701352119446,37.887603759765625,0,0.276863024465238,0.12691348799492647,336.66400146484375,784.7444458007812,316.1296691894531
A_frozen,1081,0.24973560869693756,0.12382669746875763,0.3421156406402588,36.76022720336914,0,0.27659175030755495,0.12688262008966478,336.66400146484375,784.7444458007812,316.1298828125
A_frozen,1082,0.2638133764266968,0.1175963431596756,0.33564308285713196,40.559532165527344,0,0.2764639665687464,0.12678975732036488,336.66400146484375,784.7444458007812,316.1298828125
A_frozen,1083,0.2734803259372711,0.11795413494110107,0.34254640340805054,32.932525634765625,0,0.2764341301624316,0.12670140109657224,336.66400146484375,784.7444458007812,316.12982177734375
A_frozen,1084,0.23592142760753632,0.12519234418869019,0.34590548276901245,33.476661682128906,0,0.27602900313688267,0.12668631052749343,336.66400146484375,784.7444458007812,316.1297302246094
A_frozen,1085,0.265945166349411,0.12056337296962738,0.337232768535614,39.2392578125,0,0.27592816476900794,0.1266250811519148,336.66400146484375,784.7444458007812,316.12969970703125
A_frozen,1086,0.2907918095588684,0.12195155024528503,0.34819793701171875,31.980867385864258,0,0.27607680121690653,0.1265783458428485,336.66400146484375,784.7444458007812,316.1295471191406
A_frozen,1087,0.25659438967704773,0.12096238136291504,0.349220871925354,38.735198974609375,0,0.2758819771015079,0.12652218619804917,336.66400146484375,784.7444458007812,316.12939453125
A_frozen,1088,0.3350827991962433,0.11194583773612976,0.3470354676246643,52.289859771728516,0,0.27647398532245526,0.12637642271342997,336.66400146484375,784.7444458007812,316.1291198730469
A_frozen,1089,0.2611091136932373,0.1211775690317154,0.35224464535713196,36.76797103881836,0,0.27632033660616306,0.12632443417661282,336.66400146484375,784.7444458007812,316.1288146972656
A_frozen,1090,0.2465655356645584,0.11592251062393188,0.3412201702594757,26.337671279907227,0,0.276022788596747,0.126220414941086,336.66400146484375,784.7444458007812,316.1285705566406
A_frozen,1091,0.23182298243045807,0.11909383535385132,0.3397672772407532,32.58774948120117,0,0.2755807905350841,0.12614914914521363,336.66400146484375,784.7444458007812,316.1284484863281
A_frozen,1092,0.23870758712291718,0.11786581575870514,0.3469465970993042,31.159841537475586,0,0.2752120585009624,0.12606631581134856,336.66400146484375,784.7444458007812,316.12835693359375
A_frozen,1093,0.21131999790668488,0.10974463820457458,0.3313097357749939,31.737592697143555,0,0.27457313789501964,0.12590309903528082,336.66400146484375,784.7444458007812,316.1282043457031
A_frozen,1094,0.23749105632305145,0.12045563757419586,0.34756162762641907,30.843847274780273,0,0.2742023170793,0.12584862442066996,336.66400146484375,784.7444458007812,316.12811279296875
A_frozen,1095,0.304168164730072,0.12281537055969238,0.3569549024105072,37.33201217651367,0,0.2745019755558077,0.12581829188206017,336.66400146484375,784.7444458007812,316.1280212402344
A_frozen,1096,0.27285873889923096,0.11458298563957214,0.35444849729537964,36.01426315307617,0,0.2744855431892419,0.1257059388196353,336.66400146484375,784.7444458007812,316.1279296875
A_frozen,1097,0.27886295318603516,0.1229168176651001,0.3569406270980835,36.9106559753418,0,0.2745293172892099,0.12567804760808993,336.66400146484375,784.7444458007812,316.1279296875
A_frozen,1098,1.5523076057434082,0.11767521500587463,0.35831448435783386,339.60687255859375,0,0.28730710017375183,0.12559801928206776,336.66400146484375,784.7444458007812,316.1278991699219
A_frozen,1099,0.29770195484161377,0.11631202697753906,0.3455672860145569,39.71861267089844,0,0.28741104872043044,0.12550515935902248,336.66400146484375,784.7444458007812,316.1277160644531
A_frozen,1100,0.27174752950668335,0.11245255172252655,0.3457951843738556,37.975093841552734,0,0.28725441352829295,0.12537463328265752,336.66400146484375,784.7444458007812,316.1275634765625
A_frozen,1101,0.3042789697647095,0.11653071641921997,0.3412931561470032,36.33586883544922,0,0.2874246590906571,0.12528619411402314,336.66400146484375,784.7444458007812,316.1274108886719
A_frozen,1102,0.3358466923236847,0.12341655790805817,0.3458530902862549,41.341529846191406,0,0.2879088794229874,0.1252674977519635,336.66400146484375,784.7444458007812,316.127197265625
A_frozen,1103,0.26091381907463074,0.13099974393844604,0.3471771478652954,32.2802848815918,0,0.2876389288195038,0.12532482021382832,336.66400146484375,784.7444458007812,316.126953125
A_frozen,1104,0.2939291000366211,0.130341038107872,0.35052305459976196,46.09531784057617,0,0.287701830531675,0.12537498239276876,336.66400146484375,784.7444458007812,316.12677001953125
A_frozen,1105,0.2292870134115219,0.12123821675777435,0.34903717041015625,34.58837890625,0,0.28711768236047347,0.12533361473641882,336.66400146484375,784.7444458007812,316.126708984375
A_frozen,1106,0.23170417547225952,0.12109802663326263,0.3523373603820801,39.01780319213867,0,0.28656354729159134,0.12529125885538728,336.66400146484375,784.7444458007812,316.12689208984375
A_frozen,1107,0.2750334143638611,0.11989805102348328,0.3495303690433502,37.88087844848633,0,0.28644824596231405,0.12523732677706825,336.66400146484375,784.7444458007812,316.12701416015625
A_frozen,1108,0.26821601390838623,0.11792877316474915,0.3567764163017273,31.474103927612305,0,0.2862659236417748,0.12516424124094505,336.66400146484375,784.7444458007812,316.1270751953125
A_frozen,1109,0.23631855845451355,0.11990195512771606,0.3503049612045288,28.540956497192383,0,0.28576644998990214,0.12511161837981277,336.66400146484375,784.7444458007812,316.1270446777344
A_frozen,1110,0.2416069209575653,0.11655010282993317,0.3422950506210327,35.20610046386719,0,0.28532485469957874,0.12502600322431398,336.66400146484375,784.7444458007812,316.127197265625
A_frozen,1111,0.2363196313381195,0.10726465284824371,0.3343058228492737,41.86649703979492,0,0.28483480246596415,0.12484838972055327,336.66400146484375,784.7444458007812,316.1273193359375
A_frozen,1112,0.3183669447898865,0.11166581511497498,0.34168994426727295,43.89476776123047,0,0.2851701238892034,0.12471656397449749,336.66400146484375,784.7444458007812,316.1271667480469
A_frozen,1113,0.2597856819629669,0.11789925396442413,0.3540095090866089,71.5416488647461,0,0.28491627946994097,0.12464839087439675,336.66400146484375,784.7444458007812,316.1269836425781
A_frozen,1114,0.2636536955833435,0.12795144319534302,0.356117308139801,50.526451110839844,0,0.28470365363107497,0.12468142139760621,336.66400146484375,784.7444458007812,316.126708984375
A_frozen,1115,0.4741203784942627,0.1352454423904419,0.35494378209114075,58.11824035644531,0,0.28659782087970687,0.12478706160753457,336.66400146484375,784.7444458007812,316.12664794921875
A_frozen,1116,0.24549970030784607,0.12378175556659698,0.34569135308265686,39.30567169189453,0,0.2861868396739882,0.1247770085471252,336.66400146484375,784.7444458007812,316.1265869140625
A_frozen,1117,0.2842196524143219,0.13155020773410797,0.3415836691856384,32.9251823425293,0,0.2861671678013915,0.12484474053899502,336.66400146484375,784.7444458007812,316.1264953613281
A_frozen,1118,0.3049100339412689,0.1281386911869049,0.34260332584381104,40.11048889160156,0,0.28635459646279027,0.12487768004547412,336.66400146484375,784.7444458007812,316.1263427734375
A_frozen,1119,0.618693470954895,0.17317834496498108,0.3531976342201233,70.91927337646484,0,0.2896779852077113,0.12536068669466918,336.66400146484375,784.7444458007812,316.1262512207031
A_frozen,1120,0.2802450656890869,0.1615126132965088,0.348450243473053,37.0172119140625,0,0.2895836560125251,0.12572220596068756,336.66400146484375,784.7444458007812,316.1262512207031
A_frozen,1121,0.25543275475502014,0.15488727390766144,0.34730827808380127,46.89247512817383,0,0.28924214699995004,0.1260138566401573,336.66400146484375,784.7444458007812,316.12628173828125
A_frozen,1122,0.2565487325191498,0.15194782614707947,0.3375401496887207,29.537803649902344,0,0.28891521285514205,0.12627319633522652,336.66400146484375,784.7444458007812,316.12615966796875
A_frozen,1123,0.2346765249967575,0.1108664721250534,0.33209726214408875,30.117677688598633,0,0.2883728259765582,0.12611912909312478,336.66400146484375,784.7444458007812,316.126220703125
A_frozen,1124,0.24585025012493134,0.11286407709121704,0.33254140615463257,35.76598358154297,0,0.28794760021804194,0.12598657857310572,336.66400146484375,784.7444458007812,316.12628173828125
A_frozen,1125,0.26690152287483215,0.11307632923126221,0.3351778984069824,29.801523208618164,0,0.2877371394446098,0.12585747607968728,336.66400146484375,784.7444458007812,316.126220703125
A_frozen,1126,0.253846138715744,0.11318624019622803,0.32918858528137207,39.009437561035156,0,0.2873982294373212,0.12573076372085268,336.66400146484375,784.7444458007812,316.12615966796875
A_frozen,1127,0.257833868265152,0.11119696497917175,0.331316739320755,29.803834915161133,0,0.2871025858255995,0.12558542573343587,336.66400146484375,784.7444458007812,316.1259765625
A_frozen,1128,0.24892793595790863,0.11661601066589355,0.34378454089164734,36.62750244140625,0,0.2867208393269226,0.12549573158276045,336.66400146484375,784.7444458007812,316.1258544921875
A_frozen,1129,0.2597483992576599,0.1196470856666565,0.3366774022579193,35.92926788330078,0,0.28645111492623,0.1254372451235994,336.66400146484375,784.7444458007812,316.12567138671875
A_frozen,1130,0.2738666832447052,0.11278729140758514,0.33688491582870483,36.01738357543945,0,0.28632527060941476,0.12531074558643926,336.66400146484375,784.7444458007812,316.1254577636719
A_frozen,1131,0.24882946908473969,0.10744884610176086,0.3389294147491455,34.46925735473633,0,0.285950312594168,0.12513212659159248,336.66400146484375,784.7444458007812,316.12518310546875
A_frozen,1132,0.2682778537273407,0.11322969198226929,0.34201309084892273,31.81353187561035,0,0.2857735880054997,0.12501310224549925,336.66400146484375,784.7444458007812,316.1248474121094
A_frozen,1133,0.3073217570781708,0.18740738928318024,0.33982154726982117,120.79412078857422,0,0.2859890696962264,0.12563704511587606,336.66400146484375,784.7444458007812,316.1242980957031
A_frozen,1134,0.26539185643196106,0.16741351783275604,0.3330135941505432,32.744232177734375,0,0.2857830975635838,0.12605480984304487,336.66400146484375,784.7444458007812,316.1236877441406
A_frozen,1135,0.2559049725532532,0.19342026114463806,0.3329883813858032,38.06452941894531,0,0.2854843163134805,0.1267284643560608,336.66400146484375,784.7444458007812,316.1229248046875
A_frozen,1136,0.27301251888275146,0.1773449182510376,0.33294546604156494,37.38715362548828,0,0.2853595983391732,0.12723462889501058,336.66400146484375,784.7444458007812,316.12213134765625
A_frozen,1137,0.27768954634666443,0.11683626472949982,0.34018969535827637,36.48102569580078,0,0.2852828978192481,0.1271306452533555,336.66400146484375,784.7444458007812,316.1213073730469
A_frozen,1138,0.22016006708145142,0.10978290438652039,0.3367130756378174,32.6237678527832,0,0.28463166951187013,0.12695716784468714,336.66400146484375,784.7444458007812,316.12066650390625
A_frozen,1139,0.2385237067937851,0.11061635613441467,0.33664438128471375,27.8128604888916,0,0.2841705898846893,0.12679375972758442,336.66400146484375,784.7444458007812,316.1200866699219
A_frozen,1140,0.24033011496067047,0.11988773941993713,0.3407515287399292,57.47141647338867,0,0.28373218513544907,0.12672469952450796,336.66400146484375,784.7444458007812,316.11956787109375
A_frozen,1141,0.29356831312179565,0.12003587186336517,0.34415969252586365,42.6025276184082,0,0.2838305464153125,0.12665781124789655,336.66400146484375,784.7444458007812,316.11920166015625
A_frozen,1142,0.29244232177734375,0.11322826147079468,0.3433508276939392,38.52135467529297,0,0.2839166641689328,0.12652351575012552,336.66400146484375,784.7444458007812,316.11883544921875
A_frozen,1143,0.39691197872161865,0.11398828029632568,0.34107691049575806,96.35652923583984,0,0.2850466173144597,0.12639816339558752,336.66400146484375,784.7444458007812,316.1186218261719
A_frozen,1144,0.23647968471050262,0.1160467267036438,0.34388870000839233,37.41254806518555,0,0.2845609479884201,0.12629464902866808,336.66400146484375,784.7444458007812,316.1185607910156
A_frozen,1145,0.2610035836696625,0.11623817682266235,0.33913111686706543,32.00047302246094,0,0.2843253743452325,0.126194084306608,336.66400146484375,784.7444458007812,316.11859130859375
A_frozen,1146,0.2658388316631317,0.11980864405632019,0.34191614389419556,41.3133659362793,0,0.28414050891841147,0.12613022990410513,336.66400146484375,784.7444458007812,316.11871337890625
A_frozen,1147,0.26872774958610535,0.1186416745185852,0.34747371077537537,32.94623565673828,0,0.2839863813250884,0.12605534435024993,336.66400146484375,784.7444458007812,316.1187438964844
A_frozen,1148,0.2391994148492813,0.12662363052368164,0.348446249961853,27.30718994140625,0,0.28353851166033034,0.12606102721198426,336.66400146484375,784.7444458007812,316.11895751953125
A_frozen,1149,0.28452450037002563,0.11877390742301941,0.33740511536598206,38.874595642089844,0,0.2835483715474273,0.1259881560140946,336.66400146484375,784.7444458007812,316.1192321777344
A_frozen,1150,0.2768239676952362,0.12498626112937927,0.33965206146240234,41.38272476196289,0,0.2834811275089054,0.12597813706524744,336.66400146484375,784.7444458007812,316.1194763183594
A_frozen,1151,0.23737306892871857,0.11840313673019409,0.34385165572166443,36.3504753112793,0,0.28302004692310356,0.12590238706189688,336.66400146484375,784.7444458007812,316.119873046875
A_frozen,1152,0.28011971712112427,0.1193208247423172,0.34754759073257446,39.25074768066406,0,0.28299104362508376,0.12583657143870108,336.66400146484375,784.7444458007812,316.12030029296875
A_frozen,1153,0.26603057980537415,0.1314951777458191,0.35256367921829224,41.00587844848633,0,0.28282143898688666,0.12589315750177227,336.66400146484375,784.7444458007812,316.1207275390625
A_frozen,1154,0.35830333828926086,0.12020893394947052,0.3513990342617035,136.98228454589844,0,0.28357625797991043,0.12583631526624925,336.66400146484375,784.7444458007812,316.1209411621094
A_frozen,1155,0.25094515085220337,0.11701203882694244,0.3492549657821655,39.68659973144531,0,0.28324994690863337,0.12574807250185618,336.66400146484375,784.7444458007812,316.1212463378906
A_frozen,1156,0.3175840377807617,0.11264804005622864,0.34624412655830383,44.252655029296875,0,0.28359328781735466,0.1256170721773999,336.66400146484375,784.7444458007812,316.1214599609375
A_frozen,1157,0.2954504191875458,0.13358508050441742,0.3420478105545044,48.71091079711914,0,0.28371185913105657,0.12569675226067006,336.66400146484375,784.7444458007812,316.1212463378906
A_frozen,1158,0.2413027286529541,0.1351461261510849,0.3405340313911438,34.349220275878906,0,0.2832877678262755,0.1257912459995742,336.66400146484375,784.7444458007812,316.1209716796875
A_frozen,1159,0.2749979496002197,0.12495934963226318,0.33250170946121216,36.9256477355957,0,0.283204869644015,0.12578292703590108,336.66400146484375,784.7444458007812,316.1205139160156
A_frozen,1160,0.6508758664131165,0.14889495074748993,0.3363553285598755,90.63372802734375,0,0.28688157961170596,0.12601404727301696,336.66400146484375,784.7444458007812,316.1200866699219
A_frozen,1161,0.3951796591281891,0.13033056259155273,0.3372817635536194,66.82410430908203,0,0.28796456040687074,0.12605721242620233,336.66400146484375,784.7444458007812,316.1197509765625
A_frozen,1162,0.24145714938640594,0.13727794587612152,0.3353593945503235,33.93241500854492,0,0.28749948629666605,0.12616941976070153,336.66400146484375,784.7444458007812,316.11932373046875
A_frozen,1163,0.23384754359722137,0.13521921634674072,0.34013402462005615,36.738460540771484,0,0.2869629668696716,0.12625991772656192,336.66400146484375,784.7444458007812,316.1190185546875
A_frozen,1164,0.2732347249984741,0.11894059181213379,0.34415602684020996,42.08749771118164,0,0.28682568445095963,0.12618672446741763,336.66400146484375,784.7444458007812,316.11846923828125
A_frozen,1165,0.23724867403507233,0.11690515279769897,0.34303316473960876,33.10021209716797,0,0.2863299143468008,0.12609390875072043,336.66400146484375,784.7444458007812,316.117919921875
A_frozen,1166,0.32203420996665955,0.11629842221736908,0.34158089756965637,78.52497863769531,0,0.28668695730299937,0.12599595388538692,336.66400146484375,784.7444458007812,316.1173400878906
A_frozen,1167,0.27837762236595154,0.1202639788389206,0.3388702869415283,39.06891632080078,0,0.28660386395362886,0.12593863413492226,336.66400146484375,784.7444458007812,316.1168212890625
A_frozen,1168,0.24138984084129333,0.11692693829536438,0.345262348651886,35.50307846069336,0,0.2861517237225055,0.12584851717652668,336.66400146484375,784.7444458007812,316.1163330078125
A_frozen,1169,0.273245632648468,0.12547458708286285,0.3407672047615051,38.11362838745117,0,0.28602266281176514,0.12584477787559004,336.66400146484375,784.7444458007812,316.1157531738281
A_frozen,1170,0.25892677903175354,0.12055645883083344,0.34460604190826416,38.042503356933594,0,0.28575170397396504,0.12579189468514246,336.66400146484375,784.7444458007812,316.1151123046875
A_frozen,1171,0.34967878460884094,0.12924163043498993,0.3491886854171753,54.058963775634766,0,0.28639097478031383,0.12582639204264093,336.66400146484375,784.7444458007812,316.114501953125
A_frozen,1172,0.31689223647117615,0.12216830253601074,0.34357690811157227,146.2409210205078,0,0.28669598739722246,0.12578981114757462,336.66400146484375,784.7444458007812,316.1137390136719
A_frozen,1173,0.2963874638080597,0.1260806918144226,0.35855191946029663,38.03738784790039,0,0.28679290216133085,0.1257927199542431,336.66400146484375,784.7444458007812,316.1128845214844
A_frozen,1174,0.3269004821777344,0.14505130052566528,0.3600519597530365,46.01366424560547,0,0.2871939779614949,0.1259853057599573,336.66400146484375,784.7444458007812,316.1121520996094
A_frozen,1175,0.2534622848033905,0.1271575689315796,0.35415518283843994,46.66244125366211,0,0.2868566610299138,0.12599702839167354,336.66400146484375,784.7444458007812,316.111572265625
A_frozen,1176,0.26470890641212463,0.134099081158638,0.362099826335907,45.59483337402344,0,0.2866351834837359,0.12607804891934318,336.66400146484375,784.7444458007812,316.1114196777344
A_frozen,1177,0.23366759717464447,0.13687092065811157,0.3580647110939026,34.44906234741211,0,0.286105507620645,0.12618597763673087,336.66400146484375,784.7444458007812,316.1115417480469
A_frozen,1178,0.2457297295331955,0.12177875638008118,0.3532024621963501,37.20097732543945,0,0.28570174983977054,0.12614190542416437,336.66400146484375,784.7444458007812,316.11187744140625
A_frozen,1179,0.24184076488018036,0.12576434016227722,0.3547079563140869,29.75294303894043,0,0.2852631399901746,0.1261381297715455,336.66400146484375,784.7444458007812,316.1122131347656
A_frozen,1180,0.2730780839920044,0.12699837982654572,0.35594403743743896,43.41559600830078,0,0.2851412894301929,0.12614673227209552,336.66400146484375,784.7444458007812,316.1125793457031
A_frozen,1181,0.2552575170993805,0.11755730211734772,0.3506324589252472,36.94527053833008,0,0.2848424517068848,0.12606083797054804,336.66400146484375,784.7444458007812,316.113037109375
A_frozen,1182,0.2238188236951828,0.12094703316688538,0.3540211319923401,33.32479476928711,0,0.2842322154267678,0.1260096999225114,336.66400146484375,784.7444458007812,316.11358642578125
A_frozen,1183,0.3139272630214691,0.1174544245004654,0.3494204580783844,43.035282135009766,0,0.2845291659027148,0.12592414716829092,336.66400146484375,784.7444458007812,316.11407470703125
A_frozen,1184,0.21554064750671387,0.1287345290184021,0.35614800453186035,30.705524444580078,0,0.2838392807187548,0.12595225098679202,336.66400146484375,784.7444458007812,316.11456298828125
A_frozen,1185,0.24853292107582092,0.11940029263496399,0.35423266887664795,30.681869506835938,0,0.28348621712232547,0.12588673140327375,336.66400146484375,784.7444458007812,316.11492919921875
A_frozen,1186,0.363596647977829,0.13242009282112122,0.35285502672195435,100.77149963378906,0,0.2842873214308805,0.1259520650174522,336.66400146484375,784.7444458007812,316.11517333984375
A_frozen,1187,0.2515890300273895,0.13073211908340454,0.34411734342575073,30.996864318847656,0,0.28396033851684555,0.12599986555811174,336.66400146484375,784.7444458007812,316.1153564453125
A_frozen,1188,0.2818664014339447,0.13153308629989624,0.3427131175994873,37.224021911621094,0,0.2839393991460165,0.1260551977655296,336.66400146484375,784.7444458007812,316.11553955078125
A_frozen,1189,0.2817559242248535,0.12394648790359497,0.3411397635936737,40.69907760620117,0,0.2839175643968049,0.12603411066691023,336.66400146484375,784.7444458007812,316.11553955078125
A_frozen,1190,0.23054902255535126,0.10915762186050415,0.3432731032371521,29.994470596313477,0,0.2833838789783903,0.12586534577884617,336.66400146484375,784.7444458007812,316.1154479980469
A_frozen,1191,0.2331903725862503,0.11091676354408264,0.3470854163169861,32.21769332885742,0,0.2828819439144689,0.12571585995649853,336.66400146484375,784.7444458007812,316.1153869628906
A_frozen,1192,0.2731238901615143,0.1170099675655365,0.34657859802246094,39.77193069458008,0,0.28278436337693935,0.12562880103258892,336.66400146484375,784.7444458007812,316.11529541015625
A_frozen,1193,0.2407916933298111,0.12284612655639648,0.3466218113899231,34.3875617980957,0,0.28236443667646804,0.125600974287827,336.66400146484375,784.7444458007812,316.1152038574219
A_frozen,1194,0.3027433753013611,0.12377756834030151,0.344601571559906,41.97199630737305,0,0.282568226062717,0.12558274022835172,336.66400146484375,784.7444458007812,316.1150817871094
A_frozen,1195,0.29615479707717896,0.11483161151409149,0.34091293811798096,34.65902328491211,0,0.2827040917728616,0.12547522894120913,336.66400146484375,784.7444458007812,316.1147766113281
A_frozen,1196,0.28049325942993164,0.11277395486831665,0.33521324396133423,40.20629119873047,0,0.2826819834494323,0.1253482162004802,336.66400146484375,784.7444458007812,316.1143798828125
A_frozen,1197,0.26930123567581177,0.1191999763250351,0.34724122285842896,33.46707534790039,0,0.28254817597169607,0.12528673380172575,336.66400146484375,784.7444458007812,316.1138916015625
A_frozen,1198,0.246645987033844,0.11400088667869568,0.341114342212677,30.126699447631836,0,0.28218915408231754,0.12517387533049545,336.66400146484375,784.7444458007812,316.1133728027344
A_frozen,1199,0.27080726623535156,0.1132696270942688,0.3375498652458191,35.04514694213867,0,0.28207533520384787,0.12505483284813318,336.66400146484375,784.7444458007812,316.11285400390625
A_frozen,1200,0.26024580001831055,0.11946213245391846,0.3429257273674011,34.535099029541016,0,0.2818570398519925,0.12499890584419103,336.66400146484375,784.7444458007812,316.11248779296875
A_frozen,1201,0.29896247386932373,0.11562761664390564,0.34961479902267456,36.938846588134766,0,0.28202809419216585,0.12490519295218817,336.66400146484375,784.7444458007812,316.1121826171875
A_frozen,1202,0.23014189302921295,0.11777415871620178,0.35028892755508423,37.178707122802734,0,0.2815092321805363,0.12483388260982832,336.66400146484375,784.7444458007812,316.1120910644531
A_frozen,1203,0.23637183010578156,0.11427199840545654,0.34723883867263794,37.58165740966797,0,0.28105785815978873,0.12472826376778459,336.66400146484375,784.7444458007812,316.1121826171875
A_frozen,1204,0.25695231556892395,0.11317405104637146,0.3486294746398926,36.10463333129883,0,0.2808168027338801,0.12461272164057047,336.66400146484375,784.7444458007812,316.1122131347656
A_frozen,1205,0.2558012008666992,0.11779139935970306,0.34109818935394287,38.68246078491211,0,0.2805666467152083,0.12454450841776178,336.66400146484375,784.7444458007812,316.11248779296875
A_frozen,1206,0.2234586626291275,0.11957517266273499,0.3510458767414093,29.93268585205078,0,0.2799955668743475,0.12449481506021151,336.66400146484375,784.7444458007812,316.11297607421875
A_frozen,1207,0.28669559955596924,0.1242632120847702,0.3465585708618164,36.9876594543457,0,0.28006256720116374,0.1244924990304571,336.66400146484375,784.7444458007812,316.113525390625
A_frozen,1208,0.21286426484584808,0.12878388166427612,0.35462290048599243,31.25583267211914,0,0.2793905841776106,0.1245354128567953,336.66400146484375,784.7444458007812,316.1142883300781
A_frozen,1209,0.26278769969940186,0.12455379962921143,0.352755606174469,33.325531005859375,0,0.2792245553328285,0.12453559672451946,336.66400146484375,784.7444458007812,316.114990234375
A_frozen,1210,0.26807066798210144,0.13051754236221313,0.35863399505615234,36.505859375,0,0.2791130164593212,0.1245954161808964,336.66400146484375,784.7444458007812,316.1156921386719
A_frozen,1211,0.2693279981613159,0.12456187605857849,0.3496413826942444,40.98448944091797,0,0.27901516627634115,0.12459508077967321,336.66400146484375,784.7444458007812,316.11627197265625
A_frozen,1212,0.26107966899871826,0.11972495913505554,0.34985780715942383,30.185199737548828,0,0.27883581130356494,0.12454637956322703,336.66400146484375,784.7444458007812,316.1166687011719
A_frozen,1213,0.2265637069940567,0.11140915751457214,0.342032790184021,27.412111282348633,0,0.27831309026046985,0.12441500734274048,336.66400146484375,784.7444458007812,316.11712646484375
A_frozen,1214,0.27739912271499634,0.11833490431308746,0.34336575865745544,35.400638580322266,0,0.2783039505850151,0.12435420631244395,336.66400146484375,784.7444458007812,316.1173400878906
A_frozen,1215,0.27636516094207764,0.1227601170539856,0.35063719749450684,41.36867141723633,0,0.27828456268858576,0.12433826541985937,336.66400146484375,784.7444458007812,316.11749267578125
A_frozen,1216,0.26353803277015686,0.12456032633781433,0.3560243248939514,38.091556549072266,0,0.27813709738940146,0.12434048602903891,336.66400146484375,784.7444458007812,316.1176452636719
A_frozen,1217,0.2463492453098297,0.11009198427200317,0.34387096762657166,38.26158142089844,0,0.2778192188686057,0.12419800101146856,336.66400146484375,784.7444458007812,316.1177978515625
A_frozen,1218,0.2966700792312622,0.10214874148368835,0.33283931016921997,38.63004684448242,0,0.2780077274722323,0.12397750841619076,336.66400146484375,784.7444458007812,316.1176452636719
A_frozen,1219,0.26995208859443665,0.09696507453918457,0.32693570852279663,33.13691711425781,0,0.2779271710834543,0.1237073840774207,336.66400146484375,784.7444458007812,316.1172790527344
A_frozen,1220,0.3213593661785126,0.1029520332813263,0.3333113193511963,39.618045806884766,0,0.27836149303440494,0.12349983056945976,336.66400146484375,784.7444458007812,316.1166687011719
A_frozen,1221,0.22866186499595642,0.1066627949476242,0.3326774537563324,33.156497955322266,0,0.2778644967540204,0.12333146021324141,336.66400146484375,784.7444458007812,316.11602783203125
A_frozen,1222,0.26133519411087036,0.11219729483127594,0.33921152353286743,42.60353469848633,0,0.2776992037275889,0.12322011855942176,336.66400146484375,784.7444458007812,316.1154479980469
A_frozen,1223,0.27388209104537964,0.12192247807979584,0.3467731475830078,28.273807525634766,0,0.2776610326007668,0.1232071421546255,336.66400146484375,784.7444458007812,316.1148986816406
A_frozen,1224,0.29523965716362,0.11875863373279572,0.35572320222854614,41.24125671386719,0,0.27783681884639533,0.1231626570704072,336.66400146484375,784.7444458007812,316.11444091796875
A_frozen,1225,0.23725458979606628,0.12434409558773041,0.35280734300613403,40.44025421142578,0,0.27743099655589204,0.12317447145558044,336.66400146484375,784.7444458007812,316.114013671875
A_frozen,1226,0.24544967710971832,0.12728536128997803,0.35211095213890076,32.86397171020508,0,0.27711118336143026,0.12321558035392441,336.66400146484375,784.7444458007812,316.11376953125
A_frozen,1227,0.23514768481254578,0.1220727264881134,0.34613001346588135,30.11772346496582,0,0.27669154837594145,0.1232041518152663,336.66400146484375,784.7444458007812,316.1136169433594
A_frozen,1228,0.25079575181007385,0.11609616875648499,0.33814650774002075,30.034971237182617,0,0.2764325904102828,0.12313307198467849,336.66400146484375,784.7444458007812,316.1134338378906
A_frozen,1229,0.26484280824661255,0.12303107976913452,0.34987103939056396,42.286075592041016,0,0.2763166925886461,0.12313205206252305,336.66400146484375,784.7444458007812,316.1133117675781
A_frozen,1230,0.27314436435699463,0.12330929934978485,0.35225579142570496,37.666202545166016,0,0.27628496930632956,0.12313382453539566,336.66400146484375,784.7444458007812,316.1131591796875
A_frozen,1231,0.2610461413860321,0.12657281756401062,0.3532663583755493,38.57205581665039,0,0.2761325810271266,0.12316821446568181,336.66400146484375,784.7444458007812,316.1131591796875
A_frozen,1232,0.25003060698509216,0.10916140675544739,0.344520628452301,39.13271713256836,0,0.27587156128670626,0.12302814638857947,336.66400146484375,784.7444458007812,316.1132507324219
A_frozen,1233,0.3001209497451782,0.11894451081752777,0.3551647663116455,36.31071472167969,0,0.276114055171291,0.12298731003286895,336.66400146484375,784.7444458007812,316.11322021484375
A_frozen,1234,0.2677517533302307,0.12620380520820618,0.35350173711776733,38.59750747680664,0,0.2760304321528804,0.12301947498462232,336.66400146484375,784.7444458007812,316.1132507324219
A_frozen,1235,0.2635248899459839,0.12301431596279144,0.34806954860687256,34.18559265136719,0,0.27590537673081145,0.123019423394404,336.66400146484375,784.7444458007812,316.1134338378906
A_frozen,1236,0.2730575203895569,0.12360990047454834,0.35333573818206787,30.87249183654785,0,0.2758768981673989,0.12302532816520545,336.66400146484375,784.7444458007812,316.1136474609375
A_frozen,1237,0.2333800047636032,0.10636118054389954,0.33276888728141785,27.16255760192871,0,0.275451929233361,0.1228586866889924,336.66400146484375,784.7444458007812,316.11370849609375
A_frozen,1238,0.49918338656425476,0.14771416783332825,0.33443671464920044,145.29522705078125,0,0.2776892438066699,0.12310724150043575,336.66400146484375,784.7444458007812,316.11370849609375
A_frozen,1239,0.27563610672950745,0.14556872844696045,0.3310771584510803,36.849830627441406,0,0.2776687124358983,0.12333185636990099,336.66400146484375,784.7444458007812,316.1134033203125
A_frozen,1240,0.2799617052078247,0.13414102792739868,0.3272513747215271,35.978031158447266,0,0.2776916423636176,0.12343994808547595,336.66400146484375,784.7444458007812,316.11297607421875
A_frozen,1241,0.27167823910713196,0.14143377542495728,0.34302663803100586,35.62690353393555,0,0.2776315083310527,0.12361988635887076,336.66400146484375,784.7444458007812,316.1124267578125
A_frozen,1242,0.23352877795696259,0.10675457119941711,0.33453369140625,37.51719284057617,0,0.2771904810273118,0.12345123320727623,336.66400146484375,784.7444458007812,316.1119384765625
A_frozen,1243,0.24763223528862,0.11626560986042023,0.3420841693878174,36.51002502441406,0,0.2768948985699249,0.12337937697380767,336.66400146484375,784.7444458007812,316.1114196777344
A_frozen,1244,0.273895263671875,0.11612224578857422,0.3447405695915222,37.3125,0,0.2768649022209444,0.12330680566195534,336.66400146484375,784.7444458007812,316.1109924316406
A_frozen,1245,0.3394283354282379,0.13186633586883545,0.35850009322166443,29.863250732421875,0,0.2774905365530173,0.12339240096402414,336.66400146484375,784.7444458007812,316.110595703125
A_frozen,1246,0.24738441407680511,0.144403338432312,0.3741706609725952,35.15898513793945,0,0.2771894753282552,0.12360251033870702,336.66400146484375,784.7444458007812,316.1105041503906
A_frozen,1247,0.341365247964859,0.1545473039150238,0.3666682243347168,55.950687408447266,0,0.27783123305462126,0.1239119582744702,336.66400146484375,784.7444458007812,316.11065673828125
A_frozen,1248,0.24271509051322937,0.14938315749168396,0.3672272264957428,33.396419525146484,0,0.27748007162920735,0.12416667026664234,336.66400146484375,784.7444458007812,316.1111145019531
A_frozen,1249,0.25639477372169495,0.13625138998031616,0.3537493944168091,49.665924072265625,0,0.2772692186501322,0.12428751746377907,336.66400146484375,784.7444458007812,316.11163330078125
A_frozen,1250,0.24033893644809723,0.12581473588943481,0.3446946144104004,36.717044830322266,0,0.27689991582811185,0.12430278964803562,336.66400146484375,784.7444458007812,316.1122741699219
A_frozen,1251,0.23947249352931976,0.11684530973434448,0.32997310161590576,27.80248260498047,0,0.27652564160512394,0.1242282148488987,336.66400146484375,784.7444458007812,316.1128234863281
A_frozen,1252,0.2556074857711792,0.11036187410354614,0.3304658532142639,29.492069244384766,0,0.2763164600467845,0.12408955144144518,336.66400146484375,784.7444458007812,316.1131591796875
A_frozen,1253,0.29203060269355774,0.11031228303909302,0.3331082761287689,54.97611618041992,0,0.2764736014732523,0.12395177875742167,336.66400146484375,784.7444458007812,316.11346435546875
A_frozen,1254,0.28602907061576843,0.1134069561958313,0.3397136926651001,33.8736686706543,0,0.2765691561646774,0.12384633053180576,336.66400146484375,784.7444458007812,316.1136474609375
A_frozen,1255,0.25799500942230225,0.1200149655342102,0.3473137617111206,38.449771881103516,0,0.27638341469725364,0.1238080168818298,336.66400146484375,784.7444458007812,316.1139831542969
A_frozen,1256,0.26380687952041626,0.11730018258094788,0.348236083984375,50.51995086669922,0,0.27625764934548525,0.12374293853882098,336.66400146484375,784.7444458007812,316.1142883300781
A_frozen,1257,0.2920028865337372,0.10779502987861633,0.33816811442375183,35.984153747558594,0,0.2764151017173678,0.12358345945221894,336.66400146484375,784.7444458007812,316.1145324707031
A_frozen,1258,0.24325968325138092,0.1077825278043747,0.3287487328052521,32.24763870239258,0,0.27608354753270786,0.1234254501357405,336.66400146484375,784.7444458007812,316.1145324707031
A_frozen,1259,0.30654069781303406,0.12227696180343628,0.32770153880119324,34.10900115966797,0,0.27638811903551114,0.12341396525241745,336.66400146484375,784.7444458007812,316.1142883300781
A_frozen,1260,0.24390871822834015,0.12941989302635193,0.33412444591522217,30.081249237060547,0,0.27606332502743947,0.1234740245301568,336.66400146484375,784.7444458007812,316.1136779785156
A_frozen,1261,0.22190257906913757,0.1340244710445404,0.3360542953014374,30.890880584716797,0,0.27552171756785643,0.12357952899530063,336.66400146484375,784.7444458007812,316.1130676269531
A_frozen,1262,0.32025086879730225,0.1908719837665558,0.3474111557006836,74.16310119628906,0,0.2759690090801509,0.12425245354301317,336.66400146484375,784.7444458007812,316.11236572265625
A_frozen,1263,0.25617265701293945,0.18238335847854614,0.34645015001296997,33.064510345458984,0,0.27577104555947873,0.1248337625923685,336.66400146484375,784.7444458007812,316.1116943359375
A_frozen,1264,0.2742193043231964,0.16302168369293213,0.3434481620788574,36.48579025268555,0,0.2757555281471159,0.12521564180337413,336.66400146484375,784.7444458007812,316.1109924316406
A_frozen,1265,0.2553170323371887,0.1619728058576584,0.3406689763069153,37.40806579589844,0,0.27555114318901663,0.12558321344391699,336.66400146484375,784.7444458007812,316.1104431152344
A_frozen,1266,0.272988498210907,0.11357355117797852,0.3381010591983795,33.556121826171875,0,0.27552551673923553,0.1254631168212576,336.66400146484375,784.7444458007812,316.1099548339844
A_frozen,1267,0.27339619398117065,0.11239257454872131,0.3403499126434326,44.28888702392578,0,0.2755042235116549,0.12533241139853224,336.66400146484375,784.7444458007812,316.1095275878906
A_frozen,1268,0.2707669734954834,0.126728817820549,0.34785258769989014,37.51398849487305,0,0.27545685101149314,0.1253463754627524,336.66400146484375,784.7444458007812,316.10931396484375
A_frozen,1269,0.26972687244415283,0.13369786739349365,0.35205158591270447,38.952884674072266,0,0.27539955122581977,0.12542989038205982,336.66400146484375,784.7444458007812,316.10943603515625
A_frozen,1270,0.2537044286727905,0.12541189789772034,0.3458682894706726,37.727745056152344,0,0.2751826000002895,0.1254297104572164,336.66400146484375,784.7444458007812,316.1097717285156
A_frozen,1271,0.2832203507423401,0.12392236292362213,0.34120672941207886,46.20199203491211,0,0.27526297750771,0.12541463698188046,336.66400146484375,784.7444458007812,316.1101989746094
A_frozen,1272,0.24774691462516785,0.11250615119934082,0.33608973026275635,29.887765884399414,0,0.2749878168788846,0.12528555212405507,336.66400146484375,784.7444458007812,316.11053466796875
A_frozen,1273,0.27771690487861633,0.10720312595367432,0.3302153944969177,36.54777145385742,0,0.2750151077588819,0.12510472786235127,336.66400146484375,784.7444458007812,316.1108703613281
A_frozen,1274,0.2722131013870239,0.10714894533157349,0.34039437770843506,35.50691604614258,0,0.27498708769516333,0.1249251700370435,336.66400146484375,784.7444458007812,316.111083984375
A_frozen,1275,0.26251551508903503,0.1030799150466919,0.3363790512084961,36.97898864746094,0,0.27486237196910207,0.12470671748713998,336.66400146484375,784.7444458007812,316.11114501953125
A_frozen,1276,0.3748783767223358,0.1290474832057953,0.3419440686702728,33.89285659790039,0,0.2758625320166344,0.12475012514432653,336.66400146484375,784.7444458007812,316.1111145019531
A_frozen,1277,0.29952293634414673,0.14291007816791534,0.344526469707489,36.92170715332031,0,0.27609913605990954,0.12493172467456241,336.66400146484375,784.7444458007812,316.1109924316406
A_frozen,1278,0.2430429756641388,0.14031799137592316,0.33624839782714844,38.312374114990234,0,0.2757685744559518,0.12508558734157602,336.66400146484375,784.7444458007812,316.1108703613281
A_frozen,1279,0.28003990650177,0.13742317259311676,0.3335445523262024,44.41791534423828,0,0.27581128777641,0.12520896319409142,336.66400146484375,784.7444458007812,316.1106262207031
A_frozen,1280,0.24031883478164673,0.1153687834739685,0.3323172330856323,32.267677307128906,0,0.27545636324646233,0.1251105613968902,336.66400146484375,784.7444458007812,316.1103210449219
A_frozen,1281,0.2601293921470642,0.11251208186149597,0.3328093886375427,41.46406555175781,0,0.27530309353546834,0.12498457660153625,336.66400146484375,784.7444458007812,316.10986328125
A_frozen,1282,0.26693013310432434,0.11564013361930847,0.34278547763824463,30.756319046020508,0,0.2752193639311569,0.12489113217171398,336.66400146484375,784.7444458007812,316.1094970703125
A_frozen,1283,0.2735113501548767,0.11887958645820618,0.3450227975845337,41.50459289550781,0,0.2752022837933941,0.1248310167145789,336.66400146484375,784.7444458007812,316.1092224121094
A_frozen,1284,0.24613958597183228,0.11610211431980133,0.340651273727417,37.991451263427734,0,0.2749116568151785,0.12474372769063112,336.66400146484375,784.7444458007812,316.1090087890625
A_frozen,1285,0.2558097839355469,0.11182449758052826,0.34293150901794434,34.72419738769531,0,0.27472063808638214,0.1246145353895301,336.66400146484375,784.7444458007812,316.10882568359375
A_frozen,1286,0.27633172273635864,0.11777487397193909,0.344815194606781,37.29273986816406,0,0.27473674893288186,0.12454613877535418,336.66400146484375,784.7444458007812,316.1084899902344
A_frozen,1287,0.33974871039390564,0.12812525033950806,0.3444753885269165,41.602027893066406,0,0.2753868685474921,0.12458192989099573,336.66400146484375,784.7444458007812,316.10821533203125
A_frozen,1288,0.24990876019001007,0.1261497437953949,0.3457897901535034,29.722408294677734,0,0.27513208746391726,0.12459760803003972,336.66400146484375,784.7444458007812,316.10809326171875
A_frozen,1289,0.25541746616363525,0.1184026300907135,0.33995121717453003,27.352380752563477,0,0.27493494125091444,0.12453565825064646,336.66400146484375,784.7444458007812,316.1079406738281
A_frozen,1290,0.26445603370666504,0.11427046358585358,0.3418221175670624,33.61654281616211,0,0.27483015217547196,0.12443300630399853,336.66400146484375,784.7444458007812,316.1079406738281
A_frozen,1291,0.27823296189308167,0.11217042803764343,0.343580424785614,40.19541549682617,0,0.2748641802726481,0.12431038052133497,336.66400146484375,784.7444458007812,316.1078186035156
A_frozen,1292,0.25427329540252686,0.11094218492507935,0.34113699197769165,35.23984146118164,0,0.2746582714239469,0.12417669856537242,336.66400146484375,784.7444458007812,316.1076965332031
A_frozen,1293,0.23676322400569916,0.12688317894935608,0.34289950132369995,32.36826705932617,0,0.27427932094976437,0.12420376336921225,336.66400146484375,784.7444458007812,316.10736083984375
A_frozen,1294,0.2756239175796509,0.11397048830986023,0.3424530625343323,41.03681564331055,0,0.2742927669160632,0.12410143061861872,336.66400146484375,784.7444458007812,316.1070556640625
A_frozen,1295,0.23500697314739227,0.11648815870285034,0.33475804328918457,29.89439582824707,0,0.2738999089783765,0.12402529789946104,336.66400146484375,784.7444458007812,316.1067810058594
A_frozen,1296,0.2610985338687897,0.11746928095817566,0.3374782204627991,35.80210494995117,0,0.2737718952272807,0.12395973773004819,336.66400146484375,784.7444458007812,316.1064147949219
A_frozen,1297,0.245857834815979,0.11420190334320068,0.3367099165916443,32.02928161621094,0,0.27349275462316763,0.12386215938617971,336.66400146484375,784.7444458007812,316.1059875488281
A_frozen,1298,0.2529367506504059,0.11825063824653625,0.33610063791275024,40.65947723388672,0,0.27328719458344003,0.12380604417478328,336.66400146484375,784.7444458007812,316.1055908203125
A_frozen,1299,0.2595934569835663,0.12641042470932007,0.348021537065506,35.98390579223633,0,0.2731502572074413,0.12383208798012864,336.66400146484375,784.7444458007812,316.105224609375
A_frozen,1300,0.246848464012146,0.12167680263519287,0.35349106788635254,36.91594696044922,0,0.2728872392754883,0.12381053512667928,336.66400146484375,784.7444458007812,316.1048583984375
A_frozen,1301,0.25319695472717285,0.13097511231899261,0.34925955533981323,36.04684066772461,0,0.2726903364300052,0.12388218089860241,336.66400146484375,784.7444458007812,316.1044921875
A_frozen,1302,0.2702706754207611,0.12288686633110046,0.3454999625682831,49.325279235839844,0,0.2726661398199127,0.12387222775292739,336.66400146484375,784.7444458007812,316.1041564941406
A_frozen,1303,0.26872944831848145,0.12018521130084991,0.34350037574768066,44.77469253540039,0,0.27262677290489845,0.12383535758840661,336.66400146484375,784.7444458007812,316.1037902832031
A_frozen,1304,0.26817938685417175,0.12010355293750763,0.3364550471305847,32.94550704956055,0,0.2725822990443912,0.12379803954189762,336.66400146484375,784.7444458007812,316.1034240722656
A_frozen,1305,0.23166540265083313,0.11601203680038452,0.3393997550010681,34.171382904052734,0,0.27217313008045557,0.1237201795144825,336.66400146484375,784.7444458007812,316.1031494140625
A_frozen,1306,0.2751884162425995,0.1204555332660675,0.34070372581481934,35.60720443725586,0,0.272203282942077,0.12368753305199834,336.66400146484375,784.7444458007812,316.10296630859375
A_frozen,1307,0.24101871252059937,0.12158113718032837,0.3433625102043152,41.859466552734375,0,0.27189143723786224,0.12366646909328163,336.66400146484375,784.7444458007812,316.102783203125
A_frozen,1308,0.25738897919654846,0.12722636759281158,0.3423822522163391,39.08884811401367,0,0.2717464126574491,0.12370206807827692,336.66400146484375,784.7444458007812,316.1026611328125
A_frozen,1309,0.23244009912014008,0.11786746978759766,0.3369184136390686,31.796463012695312,0,0.271353349522076,0.12364372209537013,336.66400146484375,784.7444458007812,316.1027526855469
A_frozen,1310,0.3312467336654663,0.12665191292762756,0.3423911929130554,45.22711944580078,0,0.27195228336350996,0.1236738040036927,336.66400146484375,784.7444458007812,316.1026611328125
A_frozen,1311,0.2392626851797104,0.11939816176891327,0.3404899835586548,33.4272346496582,0,0.27162538738167197,0.1236310475813449,336.66400146484375,784.7444458007812,316.10272216796875
A_frozen,1312,0.2755141258239746,0.11884590983390808,0.3397108316421509,44.314491271972656,0,0.27166427476609495,0.12358319620387052,336.66400146484375,784.7444458007812,316.10284423828125
A_frozen,1313,0.35021841526031494,0.12598896026611328,0.342643678188324,48.60205078125,0,0.2724498161710372,0.12360725384449295,336.66400146484375,784.7444458007812,316.10302734375
A_frozen,1314,0.30152472853660583,0.13954350352287292,0.34034264087677,39.629512786865234,0,0.27274056529469287,0.12376661634127674,336.66400146484375,784.7444458007812,316.1033020019531
A_frozen,1315,0.21644164621829987,0.14924517273902893,0.34500861167907715,28.555166244506836,0,0.27217757610392895,0.12402140190525426,336.66400146484375,784.7444458007812,316.103759765625
A_frozen,1316,0.26532143354415894,0.1310487687587738,0.33614110946655273,36.21583938598633,0,0.27210901467833126,0.12409167557378946,336.66400146484375,784.7444458007812,316.1042175292969
A_frozen,1317,0.2975218594074249,0.11876305937767029,0.33440831303596497,46.86956024169922,0,0.2723631431256222,0.12403838941182826,336.66400146484375,784.7444458007812,316.1046447753906
A_frozen,1318,0.24855376780033112,0.10395137965679169,0.33261579275131226,36.1682014465332,0,0.2721250493723693,0.1238375193142779,336.66400146484375,784.7444458007812,316.10504150390625
A_frozen,1319,0.2913699150085449,0.112886443734169,0.327751100063324,35.47563171386719,0,0.27231749802873106,0.1237280085584768,336.66400146484375,784.7444458007812,316.1053466796875
A_frozen,1320,0.27323096990585327,0.12184590101242065,0.3370090425014496,33.432613372802734,0,0.2723266327475023,0.12370918748301625,336.66400146484375,784.7444458007812,316.1055908203125
A_frozen,1321,0.27251556515693665,0.13099467754364014,0.3448272943496704,33.18973922729492,0,0.27232852207159663,0.12378204238362249,336.66400146484375,784.7444458007812,316.105712890625
A_frozen,1322,0.23981493711471558,0.12298610806465149,0.34844809770584106,34.89248275756836,0,0.2720033862220278,0.12377408304043278,336.66400146484375,784.7444458007812,316.10589599609375
A_frozen,1323,0.2840830087661743,0.12715467810630798,0.3570669889450073,35.627437591552734,0,0.2721241824474692,0.12380788899109152,336.66400146484375,784.7444458007812,316.10595703125
A_frozen,1324,0.2516208291053772,0.11905553936958313,0.35278502106666565,37.18986511230469,0,0.2719191489140483,0.12376036549487644,336.66400146484375,784.7444458007812,316.10595703125
A_frozen,1325,0.30117926001548767,0.12621644139289856,0.35678690671920776,34.69070053100586,0,0.2722117500250627,0.12378492625385666,336.66400146484375,784.7444458007812,316.10589599609375
A_frozen,1326,0.2928277552127838,0.11889404058456421,0.3588992953300476,35.5634651184082,0,0.2724179100769399,0.12373601739716374,336.66400146484375,784.7444458007812,316.10577392578125
A_frozen,1327,0.2841945290565491,0.11713534593582153,0.3573330044746399,42.1202507019043,0,0.27253567626673597,0.12367001068255032,336.66400146484375,784.7444458007812,316.1058349609375
A_frozen,1328,0.28647899627685547,0.12558040022850037,0.35926344990730286,32.17472839355469,0,0.27267510946683715,0.12368911457800982,336.66400146484375,784.7444458007812,316.10589599609375
A_frozen,1329,0.24452969431877136,0.12229326367378235,0.3518580198287964,30.789094924926758,0,0.27239365531535653,0.12367515606896755,336.66400146484375,784.7444458007812,316.1060485839844
A_frozen,1330,0.2678039073944092,0.12508505582809448,0.35737186670303345,40.639869689941406,0,0.27234775783614706,0.12368925506655881,336.66400146484375,784.7444458007812,316.10626220703125
A_frozen,1331,0.24154934287071228,0.12450486421585083,0.35301733016967773,35.2725715637207,0,0.2720397736864927,0.12369741115805173,336.66400146484375,784.7444458007812,316.10650634765625
A_frozen,1332,0.2550787031650543,0.12738826870918274,0.3539333939552307,36.1738395690918,0,0.2718701629812783,0.12373431973356304,336.66400146484375,784.7444458007812,316.1068420410156
A_frozen,1333,0.2916366457939148,0.1294141411781311,0.3573424518108368,41.21228790283203,0,0.27206782780940464,0.12379111794800872,336.66400146484375,784.7444458007812,316.1070251464844
A_frozen,1334,0.2975960671901703,0.12137050926685333,0.3495672345161438,36.0858039855957,0,0.2723231102032123,0.12376691186119716,336.66400146484375,784.7444458007812,316.107177734375
A_frozen,1335,0.2549673616886139,0.10998168587684631,0.3451843559741974,36.937992095947266,0,0.2721495527180663,0.12362905960135365,336.66400146484375,784.7444458007812,316.1072082519531
A_frozen,1336,0.280923992395401,0.12379211187362671,0.35064175724983215,39.18073272705078,0,0.2722372971148396,0.12363069012407639,336.66400146484375,784.7444458007812,316.1072082519531
A_frozen,1337,0.2795707881450653,0.13571971654891968,0.3591933250427246,30.629167556762695,0,0.2723106320251419,0.12375158038832482,336.66400146484375,784.7444458007812,316.1071472167969
A_frozen,1338,0.2658041715621948,0.13836508989334106,0.35294538736343384,33.76427459716797,0,0.2722455674205124,0.12389771548337498,336.66400146484375,784.7444458007812,316.1070556640625
A_frozen,1339,0.23520256578922272,0.12638692557811737,0.349762499332428,37.06617736816406,0,0.2718751374041995,0.12392260758432241,336.66400146484375,784.7444458007812,316.1072082519531
A_frozen,1340,0.2298927903175354,0.12123417854309082,0.3445453941822052,44.32191467285156,0,0.2714553139333329,0.12389572329391009,336.66400146484375,784.7444458007812,316.1072692871094
A_frozen,1341,0.2604897618293762,0.12064458429813385,0.3431616425514221,30.62580108642578,0,0.2713456584122933,0.12386321190395233,336.66400146484375,784.7444458007812,316.1072082519531
A_frozen,1342,0.25762122869491577,0.11916978657245636,0.3456237018108368,27.768997192382812,0,0.27120841411511953,0.12381627765063738,336.66400146484375,784.7444458007812,316.10711669921875
A_frozen,1343,0.2768310606479645,0.11903885006904602,0.3474847078323364,40.74937438964844,0,0.27126464058044797,0.12376850337482147,336.66400146484375,784.7444458007812,316.10687255859375
A_frozen,1344,0.22808519005775452,0.10824936628341675,0.3434526324272156,33.43874740600586,0,0.270832846075221,0.12361331200390742,336.66400146484375,784.7444458007812,316.1064758300781
A_frozen,1345,0.277444452047348,0.11088153719902039,0.3315580487251282,34.741390228271484,0,0.2708989621349423,0.12348599425585854,336.66400146484375,784.7444458007812,316.1058044433594
A_frozen,1346,0.34241482615470886,0.13097639381885529,0.3344460725784302,35.829864501953125,0,0.27161412077513997,0.1235608982514885,336.66400146484375,784.7444458007812,316.1051025390625
A_frozen,1347,0.24608030915260315,0.13119442760944366,0.33953988552093506,36.3017578125,0,0.2713587826589146,0.12363723354506805,336.66400146484375,784.7444458007812,316.1044006347656
A_frozen,1348,0.24983693659305573,0.1298060268163681,0.3479670286178589,30.79886817932129,0,0.271143564198256,0.12369892147778104,336.66400146484375,784.7444458007812,316.10382080078125
A_frozen,1349,0.2727355360984802,0.12862110137939453,0.34201085567474365,31.983577728271484,0,0.27115948391725825,0.12374814327679717,336.66400146484375,784.7444458007812,316.1032409667969
A_frozen,1350,0.26504766941070557,0.11941418051719666,0.3513790965080261,34.49130630493164,0,0.2710983657721927,0.12370480364920117,336.66400146484375,784.7444458007812,316.1026916503906
A_frozen,1351,0.2988120913505554,0.12182632088661194,0.3605741262435913,38.9301643371582,0,0.2713755030279763,0.12368601882157527,336.66400146484375,784.7444458007812,316.1022033691406
A_frozen,1352,0.24897249042987823,0.12807166576385498,0.35991716384887695,40.20895767211914,0,0.2711514729019953,0.12372987529099808,336.66400146484375,784.7444458007812,316.1018981933594
A_frozen,1353,0.25938642024993896,0.12599796056747437,0.34953081607818604,42.03997039794922,0,0.27103382237547474,0.12375255614376283,336.66400146484375,784.7444458007812,316.1018371582031
A_frozen,1354,0.2928026020526886,0.1109384298324585,0.3371667265892029,45.73276138305664,0,0.27125151017224686,0.12362441488064978,336.66400146484375,784.7444458007812,316.1017761230469
A_frozen,1355,0.275922030210495,0.12233114242553711,0.34507763385772705,33.92097091674805,0,0.2712982153726293,0.12361148215609866,336.66400146484375,784.7444458007812,316.1016540527344
A_frozen,1356,0.24654744565486908,0.12120960652828217,0.34568387269973755,33.7111930847168,0,0.27105070767545175,0.12358746339982049,336.66400146484375,784.7444458007812,316.1015930175781
A_frozen,1357,0.9467209577560425,0.14585302770137787,0.3451229929924011,196.71859741210938,0,0.27780741017625765,0.12381011904283606,336.66400146484375,784.7444458007812,316.1016540527344
A_frozen,1358,0.2799559533596039,0.1468510627746582,0.3592437505722046,44.97707748413086,0,0.27782889560809115,0.12404052848015429,336.66400146484375,784.7444458007812,316.101806640625
A_frozen,1359,0.2862218916416168,0.13815926015377045,0.34659427404403687,35.51200866699219,0,0.27791282556842645,0.12418171579689045,336.66400146484375,784.7444458007812,316.10205078125
A_frozen,1360,0.2700571119785309,0.13771840929985046,0.35382992029190063,39.34529495239258,0,0.2778342684325275,0.12431708273192005,336.66400146484375,784.7444458007812,316.1023864746094
A_frozen,1361,0.28885510563850403,0.12737911939620972,0.35466358065605164,37.65690994262695,0,0.2779444768045873,0.12434770309856294,336.66400146484375,784.7444458007812,316.1028137207031
A_frozen,1362,0.30608129501342773,0.12290890514850616,0.3445424437522888,35.59049606323242,0,0.2782258449866757,0.12433331511906237,336.66400146484375,784.7444458007812,316.1030578613281
A_frozen,1363,0.2610296905040741,0.11842046678066254,0.34524035453796387,29.470516204833984,0,0.27805388344184967,0.12427418663567837,336.66400146484375,784.7444458007812,316.1032409667969
A_frozen,1364,0.2686079144477844,0.11490675806999207,0.3475339710712433,28.328227996826172,0,0.277959423751909,0.1241805123500215,336.66400146484375,784.7444458007812,316.10321044921875
A_frozen,1365,0.27985718846321106,0.11572708189487457,0.33456432819366455,42.775028228759766,0,0.277978401399022,0.12409597804547003,336.66400146484375,784.7444458007812,316.10296630859375
A_frozen,1366,0.2777615487575531,0.11671182513237,0.34310001134872437,34.65616226196289,0,0.27797623287260737,0.12402213651633903,336.66400146484375,784.7444458007812,316.1026306152344
A_frozen,1367,0.25044435262680054,0.1239873468875885,0.33930760622024536,28.817697525024414,0,0.2777009140701493,0.12402178862005153,336.66400146484375,784.7444458007812,316.1023254394531
A_frozen,1368,0.262895405292511,0.11833545565605164,0.3336983919143677,34.98751449584961,0,0.2775528589823729,0.12396492529041153,336.66400146484375,784.7444458007812,316.10205078125
A_frozen,1369,0.2801060080528259,0.12068101763725281,0.34423255920410156,31.737632751464844,0,0.2775783904730775,0.12393208621387995,336.66400146484375,784.7444458007812,316.1016845703125
A_frozen,1370,0.5089727640151978,0.1785169243812561,0.34392932057380676,124.9134292602539,0,0.2798923342084987,0.1244779345955537,336.66400146484375,784.7444458007812,316.10125732421875
A_frozen,1371,0.2928726375102997,0.17645803093910217,0.3395163416862488,43.471580505371094,0,0.2800221372415167,0.12499773555898919,336.66400146484375,784.7444458007812,316.1009521484375
A_frozen,1372,0.22249597311019897,0.1745450496673584,0.3336004912853241,33.71356964111328,0,0.27944687560020354,0.12549320870007288,336.66400146484375,784.7444458007812,316.1007080078125
A_frozen,1373,0.2531232535839081,0.16104471683502197,0.3250112235546112,35.27220916748047,0,0.2791836393800406,0.12584872378142237,336.66400146484375,784.7444458007812,316.1003723144531
A_frozen,1374,0.23130767047405243,0.09834438562393188,0.323361873626709,28.902692794799805,0,0.2787048796909807,0.12557368039984745,336.66400146484375,784.7444458007812,316.099853515625
A_frozen,1375,0.23413504660129547,0.11364513635635376,0.33351123332977295,32.259578704833984,0,0.2782591813600838,0.12545439495941252,336.66400146484375,784.7444458007812,316.0992431640625
A_frozen,1376,0.21411506831645966,0.10639195144176483,0.3325173258781433,30.349119186401367,0,0.2776177402296476,0.12526377052423604,336.66400146484375,784.7444458007812,316.0987854003906
A_frozen,1377,0.23343147337436676,0.10997253656387329,0.33525094389915466,31.119915008544922,0,0.2771758775610948,0.1251108581846324,336.66400146484375,784.7444458007812,316.09844970703125
A_frozen,1378,0.3118264079093933,0.12281054258346558,0.3372110426425934,39.32441329956055,0,0.27752238286457775,0.12508785502862074,336.66400146484375,784.7444458007812,316.0980224609375
A_frozen,1379,0.24979691207408905,0.12593230605125427,0.3366449475288391,29.264110565185547,0,0.2772451281566729,0.12509629953884707,336.66400146484375,784.7444458007812,316.0977783203125
A_frozen,1380,0.2622677683830261,0.13034671545028687,0.3515477180480957,31.985219955444336,0,0.27709535455893647,0.12514880369796147,336.66400146484375,784.7444458007812,316.0976867675781
A_frozen,1381,0.25755491852760315,0.12869486212730408,0.3533768057823181,37.11075973510742,0,0.2768999501986231,0.12518426428225488,336.66400146484375,784.7444458007812,316.0976867675781
A_frozen,1382,0.2111079841852188,0.12640109658241272,0.3477015197277069,40.8328971862793,0,0.2762420305384891,0.12519643260525645,336.66400146484375,784.7444458007812,316.09771728515625
A_frozen,1383,0.2741931080818176,0.1312994658946991,0.35181960463523865,38.183860778808594,0,0.2762215413139224,0.12525746293815088,336.66400146484375,784.7444458007812,316.0977478027344
A_frozen,1384,0.2310476154088974,0.12102453410625458,0.3432326912879944,35.93195724487305,0,0.27576980205487217,0.12521513364983192,336.66400146484375,784.7444458007812,316.0979919433594
A_frozen,1385,0.2685908079147339,0.10740378499031067,0.331235408782959,42.76707458496094,0,0.2756980121134708,0.1250370201632367,336.66400146484375,784.7444458007812,316.0984191894531
A_frozen,1386,0.2593478560447693,0.11468827724456787,0.3350743055343628,36.92475509643555,0,0.2755345105527837,0.12493353273405002,336.66400146484375,784.7444458007812,316.0987548828125
A_frozen,1387,0.22789956629276276,0.11840900778770447,0.33762502670288086,28.963220596313477,0,0.2750581611101835,0.12486828748458656,336.66400146484375,784.7444458007812,316.0988464355469
A_frozen,1388,0.25036102533340454,0.11688092350959778,0.33458447456359863,33.176692962646484,0,0.27481118975241575,0.12478841384483667,336.66400146484375,784.7444458007812,316.0990295410156
A_frozen,1389,0.309627890586853,0.11436250805854797,0.3382701575756073,37.675079345703125,0,0.27515935676076014,0.12468415478697378,336.66400146484375,784.7444458007812,316.09906005859375
A_frozen,1390,0.27991849184036255,0.11754822731018066,0.33885812759399414,41.852561950683594,0,0.27520694811155616,0.12461279551220586,336.66400146484375,784.7444458007812,316.09906005859375
A_frozen,1391,0.26983481645584106,0.11682108044624329,0.34629663825035095,39.452857971191406,0,0.275153226794999,0.12453487836154623,336.66400146484375,784.7444458007812,316.09893798828125
A_frozen,1392,0.9216251969337463,0.14026814699172974,0.3547552824020386,128.71498107910156,0,0.28161794649638644,0.12469221104784807,336.66400146484375,784.7444458007812,316.09893798828125
A_frozen,1393,0.2674473524093628,0.14258123934268951,0.3523966670036316,36.74430847167969,0,0.2814762405555162,0.12487110133079649,336.66400146484375,784.7444458007812,316.0987243652344
A_frozen,1394,0.2784041464328766,0.14629054069519043,0.35644418001174927,32.48075866699219,0,0.28144551961428976,0.12508529572444044,336.66400146484375,784.7444458007812,316.0985412597656
A_frozen,1395,0.26204901933670044,0.14807060360908508,0.3498914837837219,35.77450942993164,0,0.2812515546115139,0.12531514880328687,336.66400146484375,784.7444458007812,316.0986328125
A_frozen,1396,0.24887289106845856,0.12092967331409454,0.3441919684410095,31.4508113861084,0,0.2809277679760833,0.12527129404839493,336.66400146484375,784.7444458007812,316.09881591796875
A_frozen,1397,0.22076325118541718,0.11186867952346802,0.33121025562286377,31.57939338684082,0,0.28032612280817665,0.12513726790314567,336.66400146484375,784.7444458007812,316.0989685058594
A_frozen,1398,0.2498243749141693,0.1026729941368103,0.3254956007003784,28.08918571472168,0,0.2800211053292366,0.12491262516548231,336.66400146484375,784.7444458007812,316.0989074707031
A_frozen,1399,0.2661479711532593,0.10446849465370178,0.3260129690170288,34.17546081542969,0,0.2798823739874768,0.1247081838603645,336.66400146484375,784.7444458007812,316.09881591796875
A_frozen,1400,0.2372143268585205,0.10958337783813477,0.3176000714302063,35.5859260559082,0,0.2794556935161872,0.12455693580014221,336.66400146484375,784.7444458007812,316.0986022949219
A_frozen,1401,0.2460777312517166,0.10117574036121368,0.32063615322113037,32.82370376586914,0,0.27912191389354246,0.12432312384575292,336.66400146484375,784.7444458007812,316.0982666015625
A_frozen,1402,0.2661990225315094,0.1161600649356842,0.33738523721694946,35.46053695678711,0,0.27899268497992213,0.12424149325665224,336.66400146484375,784.7444458007812,316.0977783203125
A_frozen,1403,0.2571210563182831,0.11830665171146393,0.34118932485580444,34.87691116333008,0,0.27877396869330573,0.12418214484120035,336.66400146484375,784.7444458007812,316.09722900390625
A_frozen,1404,0.2672192454338074,0.12426552176475525,0.351092666387558,36.38133239746094,0,0.27865842146071074,0.1241829786104359,336.66400146484375,784.7444458007812,316.0967712402344
A_frozen,1405,0.2577638626098633,0.11855143308639526,0.3461649715900421,37.56743240356445,0,0.27844947587220226,0.12412666315519548,336.66400146484375,784.7444458007812,316.09637451171875
A_frozen,1406,0.27155062556266785,0.11804395914077759,0.347616046667099,41.38216781616211,0,0.2783804873691069,0.1240658361150513,336.66400146484375,784.7444458007812,316.09600830078125
A_frozen,1407,0.2933308184146881,0.11751052737236023,0.3419329822063446,33.68926239013672,0,0.27852999067956274,0.12400028302762439,336.66400146484375,784.7444458007812,316.0955810546875
A_frozen,1408,0.2548614740371704,0.11786475777626038,0.3493916988372803,39.88425827026367,0,0.2782933055131388,0.12393892777511076,336.66400146484375,784.7444458007812,316.09527587890625
A_frozen,1409,0.23456938564777374,0.11357125639915466,0.34491074085235596,30.268171310424805,0,0.2778560663144852,0.1238352510613512,336.66400146484375,784.7444458007812,316.0951843261719
A_frozen,1410,0.27166226506233215,0.1090988963842392,0.3464882969856262,35.61499786376953,0,0.27779412830196365,0.12368788751458008,336.66400146484375,784.7444458007812,316.0951843261719
A_frozen,1411,0.2812875509262085,0.10420353710651398,0.3412274122238159,37.805015563964844,0,0.2778290625282061,0.12349304401049942,336.66400146484375,784.7444458007812,316.0951843261719
A_frozen,1412,0.2622389495372772,0.1100136786699295,0.34219515323638916,34.54832458496094,0,0.2776731613982968,0.12335825035709372,336.66400146484375,784.7444458007812,316.0950622558594
A_frozen,1413,0.2799330949783325,0.12242847681045532,0.34070372581481934,33.837799072265625,0,0.2776957607340972,0.12334895262162734,336.66400146484375,784.7444458007812,316.0950012207031
A_frozen,1414,0.27251648902893066,0.12113893032073975,0.346508264541626,36.68425750732422,0,0.2776439680170455,0.12332685239861847,336.66400146484375,784.7444458007812,316.09490966796875
A_frozen,1415,0.258794903755188,0.12296853959560394,0.3479704260826111,36.57088088989258,0,0.27745547737442694,0.12332326927058833,336.66400146484375,784.7444458007812,316.0948181152344
A_frozen,1416,0.2795492708683014,0.11773481965065002,0.34356898069381714,48.57306671142578,0,0.2774764153093657,0.12326738477438895,336.66400146484375,784.7444458007812,316.0948181152344
A_frozen,1417,0.23906540870666504,0.11934402585029602,0.3344270884990692,35.35015106201172,0,0.27709230524333867,0.12322815118514802,336.66400146484375,784.7444458007812,316.0948486328125
A_frozen,1418,0.2877665162086487,0.11480653285980225,0.33447444438934326,36.966796875,0,0.2771990473529918,0.12314393500189456,336.66400146484375,784.7444458007812,316.0948486328125
A_frozen,1419,0.26551613211631775,0.11943015456199646,0.3404487371444702,33.05315399169922,0,0.277082218200625,0.12310679719749558,336.66400146484375,784.7444458007812,316.0947265625
A_frozen,1420,0.2614881694316864,0.11478796601295471,0.3332669138908386,31.809886932373047,0,0.2769262777129356,0.12302360888565017,336.66400146484375,784.7444458007812,316.0946350097656
A_frozen,1421,0.2736715078353882,0.11164878308773041,0.3314395546913147,38.928707122802734,0,0.2768937300141601,0.12290986062767098,336.66400146484375,784.7444458007812,316.0945739746094
A_frozen,1422,0.2585228979587555,0.10916662216186523,0.32784587144851685,35.02634048461914,0,0.2767100216936061,0.12277242824301293,336.66400146484375,784.7444458007812,316.09442138671875
A_frozen,1423,0.2757675349712372,0.11405861377716064,0.33015018701553345,38.88221740722656,0,0.27670059682638243,0.12268529009835441,336.66400146484375,784.7444458007812,316.09429931640625
A_frozen,1424,0.3632258176803589,0.1148185282945633,0.3303707242012024,49.41963577270508,0,0.27756584903492215,0.12260662248031651,336.66400146484375,784.7444458007812,316.0942077636719
A_frozen,1425,0.2396400421857834,0.11559274792671204,0.333231121301651,39.63285827636719,0,0.2771865909664308,0.12253648373478047,336.66400146484375,784.7444458007812,316.09429931640625
A_frozen,1426,0.25811949372291565,0.11140745878219604,0.33110928535461426,35.13069534301758,0,0.2769959199939956,0.12242519348525463,336.66400146484375,784.7444458007812,316.0943603515625
A_frozen,1427,0.2749413549900055,0.11191491782665253,0.33746132254600525,33.53006362915039,0,0.2769753743439557,0.1223200907286686,336.66400146484375,784.7444458007812,316.0942687988281
A_frozen,1428,0.228718101978302,0.10477262735366821,0.33356910943984985,30.423341751098633,0,0.27649280162029916,0.1221446160949186,336.66400146484375,784.7444458007812,316.0943908691406
A_frozen,1429,0.254808634519577,0.107084259390831,0.3236590623855591,40.34218215942383,0,0.27627595994929194,0.12199401252787773,336.66400146484375,784.7444458007812,316.0943908691406
A_frozen,1430,0.2650580406188965,0.11725655198097229,0.32972288131713867,33.46224594116211,0,0.276163780755988,0.12194663792240867,336.66400146484375,784.7444458007812,316.0943908691406
A_frozen,1431,0.3147936463356018,0.11406351625919342,0.33335885405540466,42.47460174560547,0,0.27655007941178417,0.12186780670577653,336.66400146484375,784.7444458007812,316.0942687988281
A_frozen,1432,0.24540328979492188,0.11944276094436646,0.3382023870944977,39.63391876220703,0,0.2762386115156155,0.12184355624816243,336.66400146484375,784.7444458007812,316.0941467285156
A_frozen,1433,0.4284089505672455,0.15134739875793457,0.34047937393188477,109.94470977783203,0,0.2777603149061318,0.12213859467326015,336.66400146484375,784.7444458007812,316.09381103515625
A_frozen,1434,0.2593340277671814,0.15072140097618103,0.3475539982318878,29.93595314025879,0,0.2775760520347423,0.12242442273628935,336.66400146484375,784.7444458007812,316.093505859375
A_frozen,1435,0.2615906894207001,0.15071240067481995,0.34511053562164307,28.077110290527344,0,0.2774161984086018,0.12270730251567466,336.66400146484375,784.7444458007812,316.09307861328125
A_frozen,1436,0.26817798614501953,0.15150761604309082,0.3505253791809082,39.73832321166992,0,0.277323816285966,0.12299530565094882,336.66400146484375,784.7444458007812,316.0927734375
A_frozen,1437,0.37749746441841125,0.15396855771541595,0.35604652762413025,61.014854431152344,0,0.27832555276729043,0.1233050381715935,336.66400146484375,784.7444458007812,316.0923767089844
A_frozen,1438,0.25780656933784485,0.1626032590866089,0.3589932322502136,37.411865234375,0,0.27812036293299597,0.12369802038074365,336.66400146484375,784.7444458007812,316.0921630859375
A_frozen,1439,0.22530968487262726,0.15883594751358032,0.3527848720550537,31.182392120361328,0,0.27759225615239225,0.12404939965207201,336.66400146484375,784.7444458007812,316.09228515625
A_frozen,1440,0.24279667437076569,0.15417279303073883,0.3548145890235901,31.877748489379883,0,0.277244300334576,0.12435063358585868,336.66400146484375,784.7444458007812,316.092529296875
A_frozen,1441,0.2747904360294342,0.12184582650661469,0.34974241256713867,38.77338790893555,0,0.2772197616915245,0.12432558551506624,336.66400146484375,784.7444458007812,316.0927734375
A_frozen,1442,0.23668476939201355,0.1190897673368454,0.34222573041915894,38.81260299682617,0,0.2768144117685294,0.12427322733328404,336.66400146484375,784.7444458007812,316.093017578125
A_frozen,1443,0.2580130696296692,0.11571736633777618,0.3332256078720093,38.97746276855469,0,0.2766263983471408,0.12418766872332897,336.66400146484375,784.7444458007812,316.0931701660156
A_frozen,1444,0.27395397424697876,0.11288481950759888,0.33866381645202637,32.048072814941406,0,0.27659967410613917,0.12407464023117167,336.66400146484375,784.7444458007812,316.0931091308594
A_frozen,1445,0.23891742527484894,0.11038750410079956,0.3326319754123688,32.55750274658203,0,0.2762228516178263,0.12393776886986795,336.66400146484375,784.7444458007812,316.0931396484375
A_frozen,1446,0.24270080029964447,0.12867143750190735,0.3531959056854248,36.827083587646484,0,0.2758876311046445,0.12398510555618834,336.66400146484375,784.7444458007812,316.0931091308594
A_frozen,1447,0.2545173168182373,0.12678474187850952,0.35346895456314087,44.38182830810547,0,0.2756739279617804,0.12401310191941155,336.66400146484375,784.7444458007812,316.09326171875
A_frozen,1448,0.30129244923591614,0.12659506499767303,0.3560822010040283,35.902931213378906,0,0.2759301131745218,0.12403892155019416,336.66400146484375,784.7444458007812,316.0933837890625
A_frozen,1449,0.23555368185043335,0.1268777996301651,0.34909459948539734,48.30870056152344,0,0.2755263488612809,0.12406731033099387,336.66400146484375,784.7444458007812,316.0937194824219
A_frozen,1450,0.24891497194766998,0.12007956206798553,0.3363092541694641,30.037715911865234,0,0.2752602350921448,0.12402743284836379,336.66400146484375,784.7444458007812,316.0940246582031
A_frozen,1451,0.23640133440494537,0.11923357844352722,0.34133028984069824,36.34096145629883,0,0.2748716460852728,0.12397949430431542,336.66400146484375,784.7444458007812,316.0943603515625
A_frozen,1452,0.26524320244789124,0.11440709233283997,0.33654576539993286,42.21171188354492,0,0.274775361648899,0.12388377028460065,336.66400146484375,784.7444458007812,316.09454345703125
A_frozen,1453,0.26655280590057373,0.10790440440177917,0.33725157380104065,35.89849090576172,0,0.2746931360914157,0.12372397662577243,336.66400146484375,784.7444458007812,316.09466552734375
A_frozen,1454,1.135440707206726,0.11512742936611176,0.3396064043045044,166.96832275390625,0,0.2833006118025688,0.12363801115317583,336.66400146484375,784.7444458007812,316.09478759765625
A_frozen,1455,0.7551344037055969,0.14585286378860474,0.3338683545589447,103.16107177734375,0,0.28801894972159914,0.12386015967953011,336.66400146484375,784.7444458007812,316.094970703125
A_frozen,1456,0.28633007407188416,0.13392825424671173,0.33272361755371094,93.55765533447266,0,0.288002060965102,0.12396084062520193,336.66400146484375,784.7444458007812,316.0950012207031
A_frozen,1457,0.2687101364135742,0.13182401657104492,0.3350006639957428,39.28446578979492,0,0.2878091417195867,0.12403947238466036,336.66400146484375,784.7444458007812,316.0948181152344
A_frozen,1458,0.28550541400909424,0.14134547114372253,0.344931960105896,37.20555114746094,0,0.2877861044424818,0.12421253237225098,336.66400146484375,784.7444458007812,316.0946044921875
A_frozen,1459,0.3890935182571411,0.15401792526245117,0.3412293493747711,80.51197052001953,0,0.28879917858062837,0.12451058630115297,336.66400146484375,784.7444458007812,316.0942687988281
A_frozen,1460,0.28555527329444885,0.1800408959388733,0.3547365069389343,38.74595260620117,0,0.28876673952776655,0.12506588939753016,336.66400146484375,784.7444458007812,316.093994140625
A_frozen,1461,0.2709023058414459,0.17123901844024658,0.3450484871864319,31.40837860107422,0,0.28858809519090334,0.12552762068795734,336.66400146484375,784.7444458007812,316.0937805175781
A_frozen,1462,0.3144150972366333,0.18737110495567322,0.349509596824646,52.60822296142578,0,0.2888463652113606,0.1261460555306345,336.66400146484375,784.7444458007812,316.0936584472656
A_frozen,1463,0.30492690205574036,0.12516650557518005,0.34782394766807556,39.50809860229492,0,0.2890071705798044,0.12613626003107994,336.66400146484375,784.7444458007812,316.0935974121094
A_frozen,1464,0.2614873945713043,0.11189591884613037,0.3363216519355774,33.60405349731445,0,0.2887319728197194,0.12599385661923043,336.66400146484375,784.7444458007812,316.0932922363281
A_frozen,1465,0.28174883127212524,0.11089810729026794,0.3405486047267914,40.5213623046875,0,0.28866214140424346,0.12584289912594082,336.66400146484375,784.7444458007812,316.0927734375
A_frozen,1466,0.25446617603302,0.1232161819934845,0.3474147617816925,35.06288528442383,0,0.2883201817505312,0.12581663195461626,336.66400146484375,784.7444458007812,316.0922546386719
A_frozen,1467,0.23373496532440186,0.11253240704536438,0.33362042903900146,31.845972061157227,0,0.2877743295862699,0.12568378970552374,336.66400146484375,784.7444458007812,316.0914306640625
A_frozen,1468,0.2331419736146927,0.10992920398712158,0.3344004154205322,30.51530647277832,0,0.28722800602655413,0.1255262438483397,336.66400146484375,784.7444458007812,316.0905456542969
A_frozen,1469,0.2533363401889801,0.10985764861106873,0.3364331126213074,36.24354553222656,0,0.2868890893681784,0.12536955789596702,336.66400146484375,784.7444458007812,316.08984375
A_frozen,1470,0.27211159467697144,0.11140063405036926,0.3327501118183136,34.55967712402344,0,0.2867413144212663,0.12522986865751104,336.66400146484375,784.7444458007812,316.0890808105469
A_frozen,1471,0.22681616246700287,0.10726265609264374,0.3288814127445221,38.528316497802734,0,0.28614206290172367,0.12505019653186236,336.66400146484375,784.7444458007812,316.0884704589844
A_frozen,1472,0.24184256792068481,0.11790639162063599,0.33913177251815796,28.877622604370117,0,0.2856990679519133,0.12497875848275009,336.66400146484375,784.7444458007812,316.0880432128906
A_frozen,1473,0.3103114366531372,0.12593138217926025,0.3380366563796997,51.54059982299805,0,0.28594519163892557,0.12498828471971518,336.66400146484375,784.7444458007812,316.087646484375
A_frozen,1474,0.23914144933223724,0.12438210844993591,0.34966418147087097,33.64392852783203,0,0.2854771542158587,0.12498222295701739,336.66400146484375,784.7444458007812,316.0876770019531
A_frozen,1475,0.2994704842567444,0.13255736231803894,0.35444045066833496,40.467533111572266,0,0.2856170875162675,0.1250579743506276,336.66400146484375,784.7444458007812,316.08782958984375
A_frozen,1476,0.25948289036750793,0.132191002368927,0.3500209450721741,37.33871078491211,0,0.28535574554477994,0.1251293046308106,336.66400146484375,784.7444458007812,316.0881042480469
A_frozen,1477,0.2603294849395752,0.12593188881874084,0.35309192538261414,30.571428298950195,0,0.2851054829387279,0.1251373304726899,336.66400146484375,784.7444458007812,316.0885314941406
A_frozen,1478,0.2694791853427887,0.12595757842063904,0.3450165390968323,39.37628173828125,0,0.2849492199627685,0.1251455329521694,336.66400146484375,784.7444458007812,316.08905029296875
A_frozen,1479,0.2286791354417801,0.10495263338088989,0.32889753580093384,52.12080383300781,0,0.2843865191175586,0.1249436039564566,336.66400146484375,784.7444458007812,316.0896911621094
A_frozen,1480,0.21896715462207794,0.1014275848865509,0.3253183364868164,32.70203399658203,0,0.2837323254726038,0.12470844376575754,336.66400146484375,784.7444458007812,316.09027099609375
A_frozen,1481,0.24253851175308228,0.10482490062713623,0.31829458475112915,31.976844787597656,0,0.2833203873354086,0.12450960833437133,336.66400146484375,784.7444458007812,316.0906066894531
A_frozen,1482,0.21721595525741577,0.10996149480342865,0.31904006004333496,25.752408981323242,0,0.2826593430146287,0.12436412719906191,336.66400146484375,784.7444458007812,316.0907897949219
A_frozen,1483,0.2549194395542145,0.11205178499221802,0.32909828424453735,59.59437561035156,0,0.28238194398002453,0.12424100377699347,336.66400146484375,784.7444458007812,316.0909118652344
A_frozen,1484,0.2413305640220642,0.11276698112487793,0.33547067642211914,34.58027648925781,0,0.2819714301804449,0.12412626355047231,336.66400146484375,784.7444458007812,316.0910949707031
A_frozen,1485,0.2417091578245163,0.11006301641464233,0.33358117938041687,36.15509796142578,0,0.2815688074568856,0.123985631079114,336.66400146484375,784.7444458007812,316.09136962890625
A_frozen,1486,0.25157955288887024,0.11887413263320923,0.348444402217865,27.267681121826172,0,0.2812689149112055,0.12393451609465496,336.66400146484375,784.7444458007812,316.0916748046875
A_frozen,1487,0.22116751968860626,0.11006715893745422,0.34586066007614136,28.099905014038086,0,0.28066790095897953,0.12379584252308296,336.66400146484375,784.7444458007812,316.0919494628906
A_frozen,1488,0.2299550622701645,0.10687488317489624,0.33329135179519653,26.81536865234375,0,0.2801607725720914,0.12362663292960108,336.66400146484375,784.7444458007812,316.09197998046875
A_frozen,1489,0.25198137760162354,0.14468145370483398,0.3333929181098938,68.88410186767578,0,0.2798789786223867,0.12383718113735341,336.66400146484375,784.7444458007812,316.09173583984375
A_frozen,1490,0.22392159700393677,0.14974714815616608,0.3285831809043884,27.247907638549805,0,0.27931940480620215,0.12409628080754154,336.66400146484375,784.7444458007812,316.0914001464844
A_frozen,1491,0.2331429123878479,0.1469345986843109,0.3215388059616089,35.71120071411133,0,0.2788576398820186,0.12432466398630923,336.66400146484375,784.7444458007812,316.0909729003906
A_frozen,1492,0.25268712639808655,0.1514158844947815,0.33078956604003906,36.0847053527832,0,0.2785959347471793,0.12459557619139396,336.66400146484375,784.7444458007812,316.0904235839844
A_frozen,1493,0.23124168813228607,0.11623784899711609,0.3391994833946228,27.439451217651367,0,0.2781223922810304,0.12451199891945118,336.66400146484375,784.7444458007812,316.0899963378906
A_frozen,1494,0.2166893035173416,0.1184559315443039,0.348447322845459,26.731422424316406,0,0.2775080613933935,0.12445143824569971,336.66400146484375,784.7444458007812,316.08966064453125
A_frozen,1495,0.22904841601848602,0.11647903919219971,0.34657421708106995,31.917064666748047,0,0.2770234649396444,0.1243717142551647,336.66400146484375,784.7444458007812,316.0894775390625
A_frozen,1496,0.22632090747356415,0.1085112988948822,0.3323197662830353,28.077268600463867,0,0.2765164393649836,0.12421311010156189,336.66400146484375,784.7444458007812,316.08941650390625
A_frozen,1497,0.218653604388237,0.10458002984523773,0.32217007875442505,34.47031021118164,0,0.27593781101521614,0.12401677929899864,336.66400146484375,784.7444458007812,316.0894470214844
A_frozen,1498,0.5582836866378784,0.13400614261627197,0.32256847620010376,71.7611312866211,0,0.2787612697714428,0.12411667293217137,336.66400146484375,784.7444458007812,316.08953857421875
A_frozen,1499,0.2204769104719162,0.13359808921813965,0.3233608305454254,23.666894912719727,0,0.2781784261784475,0.12421148709503105,336.66400146484375,784.7444458007812,316.0894775390625
