cell,j,lam,view_share,d_loss,d_inv,d_theta_z,d_cond_z,d_top1,loss0,inv0,theta_z0,top1_0
in100.floorssl.s0.d256vm4zonly,0,0.3515857991257666,0.14099377393722534,1.6602394893504382,0.010734664897123963,-8.19516548197785e-06,0.008289876303705812,0.006399969100952196,52.234314414571585,0.1339829390247663,0.13821956524083892,0.7023999691009521
in100.floorssl.s0.d256vm4zonly,1,0.22363039278179805,0.0507570281624794,16.737922076099593,-0.02349381645520529,0.006724364398189853,0.11095386093682075,0.0213999691009521,52.234314414571585,0.1339829390247663,0.13821956524083892,0.7023999691009521
in100.floorssl.s0.d256vm4zonly,2,0.1040440704219631,0.08534307777881622,8.449572406093466,-0.014051314443349852,0.0038369905335922105,0.056466765017967935,0.011799969100952157,52.234314414571585,0.1339829390247663,0.13821956524083892,0.7023999691009521
in100.floorssl.s0.d256vm4zonly,3,0.08229886436979171,0.08031728118658066,8.276267758055006,-0.015584765623013183,0.0031564371830313798,0.05568725012984688,0.020399969100952098,52.234314414571585,0.1339829390247663,0.13821956524083892,0.7023999691009521
in100.floorssl.s0.d256vm4zonly,4,0.05768397883904422,0.14790640771389008,3.8611442087270404,-0.0071710074941317425,0.00028335552960001564,0.02595914609971206,0.008399969100952198,52.234314414571585,0.1339829390247663,0.13821956524083892,0.7023999691009521
in100.floorssl.s0.d256vm4zonly,5,0.04396968840820236,0.09995310753583908,4.634325453652494,-0.009285709510246917,0.0017176030556619037,0.031298458337063295,0.013799969100952159,52.234314414571585,0.1339829390247663,0.13821956524083892,0.7023999691009521
in100.floorssl.s0.d256vm4zonly,6,0.04279849796728076,0.09611543267965317,5.965437482154897,-0.010967991004387542,0.0018751293377865241,0.04008357152787584,0.00819996910095211,52.234314414571585,0.1339829390247663,0.13821956524083892,0.7023999691009521
in100.floorssl.s0.d256vm4zonly,7,0.037929192505752225,0.10620076954364777,3.1535981324452464,-0.006545665363470732,0.0017500816130631147,0.02134534826595108,0.006399969100952196,52.234314414571585,0.1339829390247663,0.13821956524083892,0.7023999691009521
in100.floorssl.s0.d256vm4zonly,8,0.03422543245117175,0.11894402652978897,3.676817126635406,-0.008593816310167313,0.000775493612735878,0.025086782646444206,0.006799969100952152,52.234314414571585,0.1339829390247663,0.13821956524083892,0.7023999691009521
in100.floorssl.s0.d256vm4zonly,9,0.03168104518686679,0.11628782004117966,3.3257157942624076,-0.007012677689393371,0.001425172950353798,0.022533153501105907,0.005999969100952129,52.234314414571585,0.1339829390247663,0.13821956524083892,0.7023999691009521
in100.floorssl.s0.d256vm4zonly,10,0.02896591326197642,0.1393076628446579,2.9045265668378093,-0.006357721984386444,0.0009271213389585309,0.01972788243298912,0.006799969100952152,52.234314414571585,0.1339829390247663,0.13821956524083892,0.7023999691009521
in100.floorssl.s0.d256vm4zonly,11,0.028689213152958724,0.11782161146402359,3.163436881041406,-0.006991967558860779,0.0009771132323368181,0.021500465253308232,0.013399969100952203,52.234314414571585,0.1339829390247663,0.13821956524083892,0.7023999691009521
in100.floorssl.s0.d256vm4zonly,12,0.027228062154321338,0.11994516849517822,2.8349760199893694,-0.006311558187007904,0.0020575456892645283,0.019277535668714985,0.010199969100952111,52.234314414571585,0.1339829390247663,0.13821956524083892,0.7023999691009521
in100.floorssl.s0.d256vm4zonly,13,0.026653178860944645,0.15215198695659637,2.8503603123669308,-0.006471087535222381,0.0017304787076077577,0.019408187474792282,0.005999969100952129,52.234314414571585,0.1339829390247663,0.13821956524083892,0.7023999691009521
in100.floorssl.s0.d256vm4zonly,14,0.02556954137498077,0.12762467563152313,2.742838920624166,-0.006261174877484649,0.001574620383391262,0.01868317779851497,0.009799969100952155,52.234314414571585,0.1339829390247663,0.13821956524083892,0.7023999691009521
in100.floorssl.s0.d256vm4zonly,15,0.023287260878196846,0.12848404049873352,2.501845505460807,-0.005854236582915007,0.0010465752591414246,0.01707138444474282,0.0051999691009521065,52.234314414571585,0.1339829390247663,0.13821956524083892,0.7023999691009521
in100.floorssl.s0.d256vm4zonly,16,0.022398266142122297,0.14797089993953705,1.9745087054756212,-0.004910878837108612,0.0012067359368710673,0.013533495128851603,0.0029999691009521268,52.234314414571585,0.1339829390247663,0.13821956524083892,0.7023999691009521
in100.floorssl.s0.d256vm4zonly,17,0.022051977194288863,0.14082172513008118,2.142755185407303,-0.004837073385715485,0.0008559881866350982,0.014584354831804647,0.007999969100952131,52.234314414571585,0.1339829390247663,0.13821956524083892,0.7023999691009521
in100.floorssl.s0.d256vm4zonly,18,0.020672314232606542,0.15133576095104218,1.6715841377468763,-0.004048583408196776,0.0009283625151038921,0.011434586017336712,0.007999969100952131,52.234314414571585,0.1339829390247663,0.13821956524083892,0.7023999691009521
in100.floorssl.s0.d256vm4zonly,19,0.019780231988141887,0.14828838407993317,1.8821227470016737,-0.004200950264930725,0.001181066599244135,0.01280046841376048,0.008399969100952198,52.234314414571585,0.1339829390247663,0.13821956524083892,0.7023999691009521
in100.floorssl.s0.d256vm4zonly,20,0.01912992892878653,0.13947150111198425,1.72036362691955,-0.004027597606182098,0.0017352625051421655,0.011739346187593924,0.001999969100952126,52.234314414571585,0.1339829390247663,0.13821956524083892,0.7023999691009521
in100.floorssl.s0.d256vm4zonly,21,0.018546544029743716,0.15094736218452454,1.6031458388739992,-0.0036934639016787396,0.0012963985511169895,0.010927068788650574,0.0055999691009521735,52.234314414571585,0.1339829390247663,0.13821956524083892,0.7023999691009521
in100.floorssl.s0.d256vm4zonly,22,0.017769309298444717,0.16889448463916779,1.53719225576544,-0.0037501826882362366,0.0007328453145087621,0.010520901444484088,0.010999969100952134,52.234314414571585,0.1339829390247663,0.13821956524083892,0.7023999691009521
in100.floorssl.s0.d256vm4zonly,23,0.01714357673274736,0.16758036613464355,1.694862814025882,-0.004120086630185454,0.0009107204680706693,0.011596968666007346,0.006799969100952152,52.234314414571585,0.1339829390247663,0.13821956524083892,0.7023999691009521
in100.floorssl.s0.d256vm4zonly,24,0.015677519963404673,0.18424874544143677,1.4661786750687185,-0.0034358998139699393,0.0009480931867069942,0.010005552528307537,0.008799969100952154,52.234314414571585,0.1339829390247663,0.13821956524083892,0.7023999691009521
in100.floorssl.s0.d256vm4zonly,25,0.015279454807302088,0.18711824715137482,1.262136737813293,-0.0033570975065231323,0.0007660767037341587,0.008696131407016805,0.0049999691009521285,52.234314414571585,0.1339829390247663,0.13821956524083892,0.7023999691009521
in100.floorssl.s0.d256vm4zonly,26,0.014980460987767898,0.16383837163448334,1.3364049534507885,-0.0034044384956359863,0.0007093120908283623,0.009176619366968619,0.0055999691009521735,52.234314414571585,0.1339829390247663,0.13821956524083892,0.7023999691009521
in100.floorssl.s0.d256vm4zonly,27,0.01440690140306061,0.1984870582818985,1.142008284649151,-0.003026820719242096,0.00045282449267058933,0.0078662104197737,0.003999969100952128,52.234314414571585,0.1339829390247663,0.13821956524083892,0.7023999691009521
in100.floorssl.s0.d256vm4zonly,28,0.013925477407207808,0.182671457529068,1.1158664119180841,-0.0029700547456741333,0.0007717399794185398,0.007688746562586779,0.002799969100952149,52.234314414571585,0.1339829390247663,0.13821956524083892,0.7023999691009521
in100.floorssl.s0.d256vm4zonly,29,0.013680966219365097,0.17802748084068298,1.2843044922039653,-0.0032084385553995953,0.0010144832853147545,0.008805711513441505,0.007199969100952108,52.234314414571585,0.1339829390247663,0.13821956524083892,0.7023999691009521
in100.floorssl.s0.d256vm4zonly,30,0.013284892669582165,0.19363395869731903,0.9239463909298706,-0.002646627525488554,0.0006385760179192512,0.006405296411697681,0.004599969100952173,52.234314414571585,0.1339829390247663,0.13821956524083892,0.7023999691009521
in100.floorssl.s0.d256vm4zonly,31,0.012497260567018637,0.2025052011013031,1.064319791386552,-0.0024064828952153616,0.000690306739067531,0.007244945692963356,0.0057999691009521515,52.234314414571585,0.1339829390247663,0.13821956524083892,0.7023999691009521
in100.floorssl.s0.d256vm4zonly,32,0.012249782647539217,0.19629612565040588,0.7757350203543538,-0.002079437176386534,0.0007220307975579487,0.005348165777818992,0.0037999691009521497,52.234314414571585,0.1339829390247663,0.13821956524083892,0.7023999691009521
in100.floorssl.s0.d256vm4zonly,33,0.011784138034493255,0.21333615481853485,0.9646880516300911,-0.0025948286056518555,0.00038928610020730336,0.00665271501834902,0.002399969100952193,52.234314414571585,0.1339829390247663,0.13821956524083892,0.7023999691009521
in100.floorssl.s0.d256vm4zonly,34,0.011738309146996145,0.22464735805988312,0.9143347960528772,-0.002504490315914154,0.0005949889918969997,0.006314842068535276,0.001999969100952126,52.234314414571585,0.1339829390247663,0.13821956524083892,0.7023999691009521
in100.floorssl.s0.d256vm4zonly,35,0.011561691030261018,0.21042019128799438,0.9436016926195663,-0.002634440859158843,0.00023568212533667254,0.006527321627376292,0.00159996910095217,52.234314414571585,0.1339829390247663,0.13821956524083892,0.7023999691009521
in100.floorssl.s0.d256vm4zonly,36,0.011000560223546865,0.21326154470443726,0.934076885184794,-0.0023513684670130597,0.0005050303340040363,0.006408122756038137,0.0051999691009521065,52.234314414571585,0.1339829390247663,0.13821956524083892,0.7023999691009521
in100.floorssl.s0.d256vm4zonly,37,0.010891926304832435,0.22725005447864532,0.7521480126746383,-0.0019660492738088065,0.0005677329026742561,0.0051751231232925465,0.0051999691009521065,52.234314414571585,0.1339829390247663,0.13821956524083892,0.7023999691009521
in100.floorssl.s0.d256vm4zonly,38,0.010565343684351225,0.24317973852157593,0.7346873394944637,-0.0019690344731013165,0.0001920515047728888,0.005065092967124096,0.001999969100952126,52.234314414571585,0.1339829390247663,0.13821956524083892,0.7023999691009521
in100.floorssl.s0.d256vm4zonly,39,0.010223631341064129,0.22352448105812073,0.7585423424327047,-0.0019395326574643545,0.0003848665083500957,0.005210133166017317,0.0029999691009521268,52.234314414571585,0.1339829390247663,0.13821956524083892,0.7023999691009521
in100.floorssl.s0.d256vm4zonly,40,0.009940372077059325,0.22564993798732758,0.7168542410810588,-0.002046354115009308,0.0003438442943001774,0.004968153713899637,0.0051999691009521065,52.234314414571585,0.1339829390247663,0.13821956524083892,0.7023999691009521
in100.floorssl.s0.d256vm4zonly,41,0.009675529444582748,0.24815788865089417,0.5982926176895731,-0.0016795272628466473,0.0005928227341339132,0.00414056471426455,0.004599969100952173,52.234314414571585,0.1339829390247663,0.13821956524083892,0.7023999691009521
in100.floorssl.s0.d256vm4zonly,42,0.00915634192336622,0.24222376942634583,0.5878370177772467,-0.0016745353738467084,0.00046322521206679235,0.00407326855538287,0.0037999691009521497,52.234314414571585,0.1339829390247663,0.13821956524083892,0.7023999691009521
in100.floorssl.s0.d256vm4zonly,43,0.008978388120211064,0.23716987669467926,0.5768131957842115,-0.0017026141285896301,0.00043055539857764225,0.004009245495576352,0.006399969100952196,52.234314414571585,0.1339829390247663,0.13821956524083892,0.7023999691009521
in100.floorssl.s0.d256vm4zonly,44,0.008633316652934441,0.24476416409015656,0.5569463254100242,-0.0015507216254870282,0.0004961518786777697,0.0038517743645500313,0.0031999691009521047,52.234314414571585,0.1339829390247663,0.13821956524083892,0.7023999691009521
in100.floorssl.s0.d256vm4zonly,45,0.008513176751040491,0.24999791383743286,0.6458618034864401,-0.0015307938059171133,0.0005649835512032686,0.004411101649686444,0.0037999691009521497,52.234314414571585,0.1339829390247663,0.13821956524083892,0.7023999691009521
in100.floorssl.s0.d256vm4zonly,46,0.008350556863636192,0.2716136872768402,0.5649474921236859,-0.0014731089274088727,0.00026227800203237894,0.003886346419155251,0.0049999691009521285,52.234314414571585,0.1339829390247663,0.13821956524083892,0.7023999691009521
in100.floorssl.s0.d256vm4zonly,47,0.007963301622065728,0.2623179256916046,0.5425896239589889,-0.001548300186793028,0.0004078776164476161,0.0037602906849543705,0.0037999691009521497,52.234314414571585,0.1339829390247663,0.13821956524083892,0.7023999691009521
in100.floorssl.s0.d256vm4zonly,48,0.007868243678092315,0.2631581723690033,0.4528849344500827,-0.0010671516259511404,0.0006195180614831097,0.003091809301529025,0.0057999691009521515,52.234314414571585,0.1339829390247663,0.13821956524083892,0.7023999691009521
in100.floorssl.s0.d256vm4zonly,49,0.007565018095462155,0.27802881598472595,0.4846113941178345,-0.0012522960702578412,0.00036377344842050685,0.003331347941839591,0.0037999691009521497,52.234314414571585,0.1339829390247663,0.13821956524083892,0.7023999691009521
in100.floorssl.s0.d256vm4zonly,50,0.007479633089620399,0.3313901126384735,0.3559021034452172,-0.0006891439358393536,0.0004879281696280602,0.0023986440084964866,0.0033999691009521937,52.234314414571585,0.1339829390247663,0.13821956524083892,0.7023999691009521
in100.floorssl.s0.d256vm4zonly,51,0.00727624717332935,0.27338284254074097,0.3800993832812338,-0.0010519921779632568,0.0003220814125782234,0.0026274063797112057,0.004799969100952151,52.234314414571585,0.1339829390247663,0.13821956524083892,0.7023999691009521
in100.floorssl.s0.d256vm4zonly,52,0.007101243136589099,0.28722119331359863,0.46184550507188504,-0.0011861821015675955,0.0002961578906378881,0.003173335095077945,0.004399969100952195,52.234314414571585,0.1339829390247663,0.13821956524083892,0.7023999691009521
in100.floorssl.s0.d256vm4zonly,53,0.006914745801085473,0.2887994945049286,0.45118642244172946,-0.001200372974077879,0.0003186210352858765,0.003108736729984074,0.0029999691009521268,52.234314414571585,0.1339829390247663,0.13821956524083892,0.7023999691009521
in100.floorssl.s0.d256vm4zonly,54,0.00686075800512624,0.28432226181030273,0.4774046312803861,-0.0012208670377731323,0.0003078982625464577,0.003279144931047806,0.003999969100952128,52.234314414571585,0.1339829390247663,0.13821956524083892,0.7023999691009521
in100.floorssl.s0.d256vm4zonly,55,0.006644912160799947,0.2894115746021271,0.43250940736214716,-0.0011503398418426514,0.000391264152336146,0.0029799781633370603,0.002599969100952171,52.234314414571585,0.1339829390247663,0.13821956524083892,0.7023999691009521
in100.floorssl.s0.d256vm4zonly,56,0.006556604137860018,0.30334368348121643,0.336079957829476,-0.001010564466317504,0.0002583541160673386,0.002339838227659652,0.004399969100952195,52.234314414571585,0.1339829390247663,0.13821956524083892,0.7023999691009521
in100.floorssl.s0.d256vm4zonly,57,0.006329387092316132,0.29606348276138306,0.4078686357750456,-0.0011194149653117047,0.00013198787764254205,0.002817398267663307,0.006199969100952107,52.234314414571585,0.1339829390247663,0.13821956524083892,0.7023999691009521
in100.floorssl.s0.d256vm4zonly,58,0.006147512872983394,0.298739492893219,0.37253778612427624,-0.0009972726305325919,0.00028089637463496464,0.0025681136147385764,-0.0006000308990478098,52.234314414571585,0.1339829390247663,0.13821956524083892,0.7023999691009521
in100.floorssl.s0.d256vm4zonly,59,0.005883749153787171,0.3382796347141266,0.33126918989763965,-0.0006573274731636047,0.0003429981549424588,0.002235928586929059,0.0033999691009521937,52.234314414571585,0.1339829390247663,0.13821956524083892,0.7023999691009521
in100.floorssl.s0.d256vm4zonly,60,0.005827896511379602,0.3128710985183716,0.2622067255767888,-0.0005555897951126099,0.00046473751194842094,0.0017771233894580685,0.0033999691009521937,52.234314414571585,0.1339829390247663,0.13821956524083892,0.7023999691009521
in100.floorssl.s0.d256vm4zonly,61,0.005720742738970375,0.3158917725086212,0.35917825662617986,-0.0008557463685671673,0.0003196938138593508,0.002454035091984663,0.00159996910095217,52.234314414571585,0.1339829390247663,0.13821956524083892,0.7023999691009521
in100.floorssl.s0.d256vm4zonly,62,0.0057016325097891275,0.38381773233413696,0.049285969741390545,-1.9157926241575307e-05,0.00033412097454918466,0.0003163140033087264,0.0029999691009521268,52.234314414571585,0.1339829390247663,0.13821956524083892,0.7023999691009521
in100.floorssl.s0.d256vm4zonly,63,0.005539772767811355,0.3291759788990021,0.3829501282103749,-0.0008920580148696899,0.0004912797023997051,0.0026122283339550245,0.000999969100952125,52.234314414571585,0.1339829390247663,0.13821956524083892,0.7023999691009521
in100.floorssl.s0.d256vm4zonly,64,0.005448438306971136,0.31777122616767883,0.3705555171151005,-0.0010233372449874878,0.00022654953544198886,0.0025609694470892785,0.0051999691009521065,52.234314414571585,0.1339829390247663,0.13821956524083892,0.7023999691009521
in100.floorssl.s0.d256vm4zonly,65,0.005309128893831072,0.34990420937538147,0.23612907663287785,-0.0006058166424433575,0.00026956891001692074,0.0016223058460393958,0.0029999691009521268,52.234314414571585,0.1339829390247663,0.13821956524083892,0.7023999691009521
in100.floorssl.s0.d256vm4zonly,66,0.0051659549834567765,0.3193284869194031,0.3154501713200091,-0.0008148029446601868,0.0003209978460399221,0.0021684138650498452,0.0033999691009521937,52.234314414571585,0.1339829390247663,0.13821956524083892,0.7023999691009521
in100.floorssl.s0.d256vm4zonly,67,0.005078793699313571,0.3636239767074585,0.16025227671767084,-0.0002105484406153546,0.00041556756382293836,0.0010593045980345495,0.001799969100952148,52.234314414571585,0.1339829390247663,0.13821956524083892,0.7023999691009521
in100.floorssl.s0.d256vm4zonly,68,0.005023763545348966,0.341309130191803,0.24424676124863964,-0.0005397722125053406,0.0002526125815158764,0.0016600208480279655,0.001399969100952192,52.234314414571585,0.1339829390247663,0.13821956524083892,0.7023999691009521
in100.floorssl.s0.d256vm4zonly,69,0.004724475361312951,0.37590670585632324,0.11683415040220524,-0.00018127510945004088,0.00031814863856555187,0.0007780733459579747,0.0035999691009521717,52.234314414571585,0.1339829390247663,0.13821956524083892,0.7023999691009521
in100.floorssl.s0.d256vm4zonly,70,0.0046404509943363086,0.33647358417510986,0.18365185344752888,-0.0004342744747797833,0.00018322876786255882,0.0012540941458827892,0.0037999691009521497,52.234314414571585,0.1339829390247663,0.13821956524083892,0.7023999691009521
in100.floorssl.s0.d256vm4zonly,71,0.0044777119844269875,0.42115432024002075,0.10587434262499329,-9.491542975109679e-05,0.00039531313768173537,0.0006906690033005591,0.002799969100952149,52.234314414571585,0.1339829390247663,0.13821956524083892,0.7023999691009521
in100.floorssl.s0.d256vm4zonly,72,0.004362723803993706,0.41633209586143494,0.12212244066677869,1.1533498764038086e-05,0.0004301956563908249,0.0007715091375622429,0.0035999691009521717,52.234314414571585,0.1339829390247663,0.13821956524083892,0.7023999691009521
in100.floorssl.s0.d256vm4zonly,73,0.004327288359203089,0.35558733344078064,0.20601303058025167,-0.0006386041641235352,4.4480979218552985e-06,0.0014382715282858505,0.0035999691009521717,52.234314414571585,0.1339829390247663,0.13821956524083892,0.7023999691009521
in100.floorssl.s0.d256vm4zonly,74,0.004162045749984237,0.36881718039512634,0.18811410235799997,-0.000515292088190733,0.0002246352497980164,0.0012992121853653837,0.00159996910095217,52.234314414571585,0.1339829390247663,0.13821956524083892,0.7023999691009521
in100.floorssl.s0.d256vm4zonly,75,0.004039163832903697,0.37702813744544983,0.17895821693763736,-0.00046858688195547393,0.00010193009773562522,0.0012314820447767993,0.004399969100952195,52.234314414571585,0.1339829390247663,0.13821956524083892,0.7023999691009521
in100.floorssl.s0.d256vm4zonly,76,0.004001305951301785,0.3508935570716858,0.21000757049844765,-0.0005715886751810895,0.00017731402313131417,0.0014496557607375782,0.0033999691009521937,52.234314414571585,0.1339829390247663,0.13821956524083892,0.7023999691009521
in100.floorssl.s0.d256vm4zonly,77,0.0039234464131166465,0.39348888397216797,0.19404354786255595,-0.0005605369806289673,0.000107037614232669,0.0013461924006792358,0.000599969100952169,52.234314414571585,0.1339829390247663,0.13821956524083892,0.7023999691009521
in100.floorssl.s0.d256vm4zonly,78,0.0037811027988623063,0.38180458545684814,0.16175642974140914,-0.00046268602212271026,9.353518882834755e-05,0.0011212454452917409,0.004199969100952106,52.234314414571585,0.1339829390247663,0.13821956524083892,0.7023999691009521
in100.floorssl.s0.d256vm4zonly,79,0.0037237701714456046,0.3603559732437134,0.17234432975870817,-0.0005482211709022522,0.00013977216651703261,0.00120612157265082,0.000799969100952147,52.234314414571585,0.1339829390247663,0.13821956524083892,0.7023999691009521
in100.floorssl.s0.d256vm4zonly,80,0.003570454633291962,0.44392913579940796,0.09424116614580669,-0.00013814618190130523,0.00024389316203998757,0.0006259338460847252,0.002199969100952104,52.234314414571585,0.1339829390247663,0.13821956524083892,0.7023999691009521
in100.floorssl.s0.d256vm4zonly,81,0.0034901703774902868,0.3995330035686493,0.11490187040434563,-0.0003585517406463623,4.2434344948993896e-07,0.0008026766001111851,0.001199969100952103,52.234314414571585,0.1339829390247663,0.13821956524083892,0.7023999691009521
in100.floorssl.s0.d256vm4zonly,82,0.003479379429271883,0.3829536736011505,0.18476313064580552,-0.0005324507753054486,0.0001009466764175515,0.001281543194396828,0.0031999691009521047,52.234314414571585,0.1339829390247663,0.13821956524083892,0.7023999691009521
in100.floorssl.s0.d256vm4zonly,83,0.0034240324274044213,0.40235549211502075,0.14697668753612447,-0.0004080409804980145,0.00010076695231708843,0.001016225802892623,0.0033999691009521937,52.234314414571585,0.1339829390247663,0.13821956524083892,0.7023999691009521
in100.floorssl.s0.d256vm4zonly,84,0.003290798701073868,0.41265565156936646,0.14738530803238348,-0.0003387928009033203,0.00013334974465295524,0.001004421494943064,0.000599969100952169,52.234314414571585,0.1339829390247663,0.13821956524083892,0.7023999691009521
in100.floorssl.s0.d256vm4zonly,85,0.003278762868596782,0.4066133201122284,0.07521824400355825,-0.0002592081824938641,7.97179921721014e-05,0.0005305467198311598,0.000599969100952169,52.234314414571585,0.1339829390247663,0.13821956524083892,0.7023999691009521
in100.floorssl.s0.d256vm4zonly,86,0.003192836235714624,0.40186604857444763,0.14867724051977405,-0.00041499982277554137,7.584304117558283e-05,0.0010284488891432741,0.001799969100952148,52.234314414571585,0.1339829390247663,0.13821956524083892,0.7023999691009521
in100.floorssl.s0.d256vm4zonly,87,0.0031643301903280037,0.3985889256000519,0.13003385624225672,-0.0003689775864283429,0.00011090748178449461,0.0009007371424404886,0.001799969100952148,52.234314414571585,0.1339829390247663,0.13821956524083892,0.7023999691009521
in100.floorssl.s0.d256vm4zonly,88,0.003105279879489328,0.3874901533126831,0.14199905160152326,-0.000364268819491087,0.00017867839199969815,0.0009755834529837082,0.000599969100952169,52.234314414571585,0.1339829390247663,0.13821956524083892,0.7023999691009521
in100.floorssl.s0.d256vm4zonly,89,0.0029471063284851255,0.40943244099617004,0.12372320326586816,-0.00030490507682165435,0.00013522325073783703,0.0008474276919240853,0.002399969100952193,52.234314414571585,0.1339829390247663,0.13821956524083892,0.7023999691009521
in100.floorssl.s0.d256vm4zonly,90,0.002940842576163342,0.38192614912986755,0.15885722963023596,-0.00047063082456588745,7.959695019865709e-05,0.0011045242121419663,0.001799969100952148,52.234314414571585,0.1339829390247663,0.13821956524083892,0.7023999691009521
in100.floorssl.s0.d256vm4zonly,91,0.0029004039448439216,0.41661757230758667,0.10176504721769675,-0.0002945512533187866,0.00010614235254780002,0.000706123753653698,0.002399969100952193,52.234314414571585,0.1339829390247663,0.13821956524083892,0.7023999691009521
in100.floorssl.s0.d256vm4zonly,92,0.0027981009694381764,0.44941967725753784,0.10192391221582398,-0.0002168715000152588,8.913144297006959e-05,0.000690984140787887,0.001999969100952126,52.234314414571585,0.1339829390247663,0.13821956524083892,0.7023999691009521
in100.floorssl.s0.d256vm4zonly,93,0.0027867980895272316,0.4131912291049957,0.14141508598034847,-0.0003978908061981201,9.468243705862411e-05,0.0009788713841802354,0.002599969100952171,52.234314414571585,0.1339829390247663,0.13821956524083892,0.7023999691009521
in100.floorssl.s0.d256vm4zonly,94,0.0027073022619418566,0.43382787704467773,0.11739934529425256,-0.0003438095251719342,5.268858635290585e-05,0.0008154391490487467,0.001199969100952103,52.234314414571585,0.1339829390247663,0.13821956524083892,0.7023999691009521
in100.floorssl.s0.d256vm4zonly,95,0.0026902873561311,0.4226309061050415,0.09003218206171937,-0.00023287286361059478,0.00016733632634963191,0.0006189506463127326,-0.00020003089904785387,52.234314414571585,0.1339829390247663,0.13821956524083892,0.7023999691009521
in100.floorssl.s0.d256vm4zonly,96,0.0026174621509013193,0.4355572760105133,0.0729132334707927,-0.00014110902945202453,0.00020250010573472088,0.0004913916960507803,0.0049999691009521285,52.234314414571585,0.1339829390247663,0.13821956524083892,0.7023999691009521
in100.floorssl.s0.d256vm4zonly,97,0.002604788838273121,0.4378746747970581,0.10686965345630739,-0.0002713799476623535,0.00010807794045317176,0.0007336559932802911,0.004399969100952195,52.234314414571585,0.1339829390247663,0.13821956524083892,0.7023999691009521
in100.floorssl.s0.d256vm4zonly,98,0.0025273938670305877,0.4771934151649475,0.09374265423542738,-0.0001603911320368634,0.00014596759737492415,0.0006273985004197624,0.002399969100952193,52.234314414571585,0.1339829390247663,0.13821956524083892,0.7023999691009521
in100.floorssl.s0.d256vm4zonly,99,0.002498595200053258,0.4402083456516266,0.11151482080308028,-0.00032879163821539215,4.7756883631316915e-05,0.0007750265306498139,0.000999969100952125,52.234314414571585,0.1339829390247663,0.13821956524083892,0.7023999691009521
in100.floorssl.s0.d256vm4zonly,100,0.002457023419685332,0.42184972763061523,0.06863218871662013,-0.00013792018095654113,9.749715422843752e-05,0.00046359930704686914,0.004399969100952195,52.234314414571585,0.1339829390247663,0.13821956524083892,0.7023999691009521
in100.floorssl.s0.d256vm4zonly,101,0.0023989849275398907,0.48004233837127686,0.08385957036678349,-0.00010415414969128234,0.00023323242373154973,0.0005530787482677657,0.001999969100952126,52.234314414571585,0.1339829390247663,0.13821956524083892,0.7023999691009521
in100.floorssl.s0.d256vm4zonly,102,0.0023687679082362175,0.43686994910240173,0.09585801633190982,-0.0001498088240623474,0.00021899565570729362,0.0006386042190187347,0.0029999691009521268,52.234314414571585,0.1339829390247663,0.13821956524083892,0.7023999691009521
in100.floorssl.s0.d256vm4zonly,103,0.0023372733590084358,0.46184012293815613,0.05220313472962346,-7.90407260259085e-05,0.00013361459535110587,0.00034724759533127925,0.0037999691009521497,52.234314414571585,0.1339829390247663,0.13821956524083892,0.7023999691009521
in100.floorssl.s0.d256vm4zonly,104,0.002256887999638591,0.46402624249458313,0.09472666740379765,-0.0002735927700996399,4.785579676924723e-05,0.0006571641968508568,0.0031999691009521047,52.234314414571585,0.1339829390247663,0.13821956524083892,0.7023999691009521
in100.floorssl.s0.d256vm4zonly,105,0.0022117048991596865,0.45342764258384705,0.07791420543897232,-0.00018637130657833678,8.733076705816356e-05,0.0005324916621973208,0.003999969100952128,52.234314414571585,0.1339829390247663,0.13821956524083892,0.7023999691009521
in100.floorssl.s0.d256vm4zonly,106,0.00220193384637991,0.48286330699920654,0.0983310405003337,-0.00019611914952596954,0.00010077459423349366,0.0006639020824131259,0.002799969100952149,52.234314414571585,0.1339829390247663,0.13821956524083892,0.7023999691009521
in100.floorssl.s0.d256vm4zonly,107,0.002075343039605604,0.4619905650615692,0.12343038321573374,-0.0003790011008580618,4.715612497899202e-05,0.0008609735064884494,0.001199969100952103,52.234314414571585,0.1339829390247663,0.13821956524083892,0.7023999691009521
in100.floorssl.s0.d256vm4zonly,108,0.002059591786868599,0.4726254343986511,0.06454370148454558,-0.00011340777079266173,8.443931608195787e-05,0.0004325949072658264,0.001999969100952126,52.234314414571585,0.1339829390247663,0.13821956524083892,0.7023999691009521
in100.floorssl.s0.d256vm4zonly,109,0.0020333239585283917,0.49124518036842346,0.01580501442239779,0.00010837117830911347,0.00023132290235464148,7.763269818666929e-05,0.001399969100952192,52.234314414571585,0.1339829390247663,0.13821956524083892,0.7023999691009521
in100.floorssl.s0.d256vm4zonly,110,0.001980906924916217,0.46029403805732727,0.06466813462034793,-0.00015974044799804688,0.0001521567499871146,0.0004430140767723856,0.004399969100952195,52.234314414571585,0.1339829390247663,0.13821956524083892,0.7023999691009521
in100.floorssl.s0.d256vm4zonly,111,0.001892752320214723,0.5042023658752441,0.0006363635264108325,0.00010840098063150116,0.00018003303631639045,-1.8499294285823087e-05,0.002199969100952104,52.234314414571585,0.1339829390247663,0.13821956524083892,0.7023999691009521
in100.floorssl.s0.d256vm4zonly,112,0.001840857061282571,0.4530292749404907,0.06533270954049897,-0.00021262715260189635,3.990950895982337e-05,0.00045821850536020836,0.0035999691009521717,52.234314414571585,0.1339829390247663,0.13821956524083892,0.7023999691009521
in100.floorssl.s0.d256vm4zonly,113,0.0018313291030118914,0.4728061556816101,0.08406869637581593,-0.00027056535085043243,6.582673621446933e-05,0.0005889939156128454,0.002799969100952149,52.234314414571585,0.1339829390247663,0.13821956524083892,0.7023999691009521
in100.floorssl.s0.d256vm4zonly,114,0.0018033668262229007,0.5132443308830261,0.018023968666909695,4.378706216812134e-05,0.00020904519008513311,0.00010511884048031161,0.0029999691009521268,52.234314414571585,0.1339829390247663,0.13821956524083892,0.7023999691009521
in100.floorssl.s0.d256vm4zonly,115,0.0017433051537953867,0.46337825059890747,0.05668733399911474,-0.00015128403902053833,5.988279495960924e-05,0.00039068092825722545,0.001799969100952148,52.234314414571585,0.1339829390247663,0.13821956524083892,0.7023999691009521
in100.floorssl.s0.d256vm4zonly,116,0.0017289765870182755,0.47976550459861755,0.0789035681237209,-0.00022605558236440948,3.4785568044093385e-05,0.000547010083810362,0.002199969100952104,52.234314414571585,0.1339829390247663,0.13821956524083892,0.7023999691009521
in100.floorssl.s0.d256vm4zonly,117,0.0017124737098223593,0.5164012312889099,0.09654597528347608,-0.00025778263807296753,8.837265830818897e-05,0.0006654071344250334,0.0031999691009521047,52.234314414571585,0.1339829390247663,0.13821956524083892,0.7023999691009521
in100.floorssl.s0.d256vm4zonly,118,0.0016952079324583295,0.4889308214187622,0.054434282592907834,-0.0001821244756380902,7.656514208626009e-05,0.00038281346890894907,0.002799969100952149,52.234314414571585,0.1339829390247663,0.13821956524083892,0.7023999691009521
in100.floorssl.s0.d256vm4zonly,119,0.0016166986635229778,0.5230183601379395,0.041096963380908846,-0.00011636316776275635,5.29877495229758e-05,0.0002846240512263676,0.001999969100952126,52.234314414571585,0.1339829390247663,0.13821956524083892,0.7023999691009521
in100.floorssl.s0.d256vm4zonly,120,0.0016001473303288547,0.48565396666526794,0.04708724468511605,-0.00011623402436575225,7.336043682834581e-05,0.0003225584327269382,0.002199969100952104,52.234314414571585,0.1339829390247663,0.13821956524083892,0.7023999691009521
in100.floorssl.s0.d256vm4zonly,121,0.0015522467912589938,0.4981580376625061,0.025806414965465763,4.3610731760651555e-05,0.00017855188975340885,0.00015447390978273745,0.000599969100952169,52.234314414571585,0.1339829390247663,0.13821956524083892,0.7023999691009521
in100.floorssl.s0.d256vm4zonly,122,0.0015346990218874504,0.48968037962913513,0.05211318161200751,-0.00012251238028210265,6.35330735167805e-05,0.0003557134834300535,0.0033999691009521937,52.234314414571585,0.1339829390247663,0.13821956524083892,0.7023999691009521
in100.floorssl.s0.d256vm4zonly,123,0.001487457040290969,0.4941091239452362,0.06395696192006284,-0.00020211189985275269,7.526338114710596e-06,0.00044731452620555556,0.001399969100952192,52.234314414571585,0.1339829390247663,0.13821956524083892,0.7023999691009521
in100.floorssl.s0.d256vm4zonly,124,0.0014771866645271008,0.4808814525604248,0.05172416279145864,-0.00012020021677017212,6.399425251155111e-05,0.00035276761661295897,0.002199969100952104,52.234314414571585,0.1339829390247663,0.13821956524083892,0.7023999691009521
in100.floorssl.s0.d256vm4zonly,125,0.0014092680915261467,0.499356746673584,0.04580259187982705,-0.0001218145092328482,5.595003242298002e-05,0.00031557736237430856,0.001199969100952103,52.234314414571585,0.1339829390247663,0.13821956524083892,0.7023999691009521
in100.floorssl.s0.d256vm4zonly,126,0.0013977025572700925,0.48148077726364136,0.06661834400514977,-0.00017060836156210235,4.3552766030574563e-05,0.0004576318014219427,0.001999969100952126,52.234314414571585,0.1339829390247663,0.13821956524083892,0.7023999691009521
in100.floorssl.s0.d256vm4zonly,127,0.0013526982675185308,0.521354079246521,0.03824495871157296,-9.34476653735028e-05,4.966626771987781e-05,0.00026178733926379705,0.001399969100952192,52.234314414571585,0.1339829390247663,0.13821956524083892,0.7023999691009521
in100.floorssl.s0.d256vm4zonly,128,0.0013415962930429632,0.5184404253959656,0.034162686802119424,-6.67845209439688e-05,7.018407078365763e-05,0.0002303752793984537,0.000799969100952147,52.234314414571585,0.1339829390247663,0.13821956524083892,0.7023999691009521
in100.floorssl.s0.d256vm4zonly,129,0.0013119365780375621,0.5278372168540955,0.05132428615381457,-0.000128877659638732,3.689008574833674e-05,0.0003520372204687261,0.001399969100952192,52.234314414571585,0.1339829390247663,0.13821956524083892,0.7023999691009521
in100.floorssl.s0.d256vm4zonly,130,0.001310042300001897,0.5014150738716125,0.032884314741245646,-6.0252845287323e-05,5.4432465093456894e-05,0.00022091640092947173,-0.00020003089904785387,52.234314414571585,0.1339829390247663,0.13821956524083892,0.7023999691009521
in100.floorssl.s0.d256vm4zonly,131,0.0012781434840552417,0.5501651763916016,-0.007324224230686127,9.91548101107187e-05,8.750402544283054e-05,-6.702472751785038e-05,-3.089904787589859e-08,52.234314414571585,0.1339829390247663,0.13821956524083892,0.7023999691009521
in100.floorssl.s0.d256vm4zonly,132,0.001242292551420586,0.5094506740570068,0.045718297428834376,-7.131695747375488e-05,8.622050000614556e-05,0.0003045468544611851,0.001399969100952192,52.234314414571585,0.1339829390247663,0.13821956524083892,0.7023999691009521
in100.floorssl.s0.d256vm4zonly,133,0.001219796545554053,0.5225296020507812,0.03844831685599104,-7.680555184683135e-05,6.739585332993236e-05,0.0002596168501683427,0.001999969100952126,52.234314414571585,0.1339829390247663,0.13821956524083892,0.7023999691009521
in100.floorssl.s0.d256vm4zonly,134,0.0011841831177933657,0.541508138179779,0.02664088011309218,-6.938229004543883e-05,4.214433528312855e-05,0.00018324853755757875,0.002199969100952104,52.234314414571585,0.1339829390247663,0.13821956524083892,0.7023999691009521
in100.floorssl.s0.d256vm4zonly,135,0.001173367870862639,0.5050508379936218,0.0494962495677953,-0.00012752413749694824,4.1214215606238946e-05,0.00034017136424396854,0.002799969100952149,52.234314414571585,0.1339829390247663,0.13821956524083892,0.7023999691009521
in100.floorssl.s0.d256vm4zonly,136,0.0011622238054085356,0.5585712790489197,-0.024515963136046537,0.00015413264433541962,0.0001211120249643427,-0.0001873986937278027,-3.089904787589859e-08,52.234314414571585,0.1339829390247663,0.13821956524083892,0.7023999691009521
in100.floorssl.s0.d256vm4zonly,137,0.001146394103482814,0.5196734666824341,0.03359246118403547,-5.636364221572876e-05,7.600439064020525e-05,0.00022459561881310597,0.00159996910095217,52.234314414571585,0.1339829390247663,0.13821956524083892,0.7023999691009521
in100.floorssl.s0.d256vm4zonly,138,0.001116958250972329,0.5009016990661621,0.048263816486176836,-0.00013613949219387633,4.615896308687861e-05,0.00033415203948122807,0.001799969100952148,52.234314414571585,0.1339829390247663,0.13821956524083892,0.7023999691009521
in100.floorssl.s0.d256vm4zonly,139,0.0011025023794969412,0.6074615120887756,0.04552882638905231,-2.800673246383667e-05,0.00010003151065510196,0.00029434377195097783,0.000799969100952147,52.234314414571585,0.1339829390247663,0.13821956524083892,0.7023999691009521
in100.floorssl.s0.d256vm4zonly,140,0.0010622532883830338,0.5277351140975952,0.05386306471226021,-0.00012421607971191406,7.017825984623194e-05,0.000367156857584372,0.00039996910095219107,52.234314414571585,0.1339829390247663,0.13821956524083892,0.7023999691009521
in100.floorssl.s0.d256vm4zonly,141,0.0010471178409987515,0.5367406606674194,0.019357218966781886,-4.8930446306882924e-05,5.895126777050175e-05,0.00013283990878104612,-0.0006000308990478098,52.234314414571585,0.1339829390247663,0.13821956524083892,0.7023999691009521
in100.floorssl.s0.d256vm4zonly,142,0.0010203399839381507,0.5388776659965515,0.047413213419801536,-7.388989130657775e-05,9.278847525431844e-05,0.0003158225719560037,0.001999969100952126,52.234314414571585,0.1339829390247663,0.13821956524083892,0.7023999691009521
in100.floorssl.s0.d256vm4zonly,143,0.0010040626367383476,0.5652956962585449,0.009370036369993784,4.110236962617808e-06,7.815012588080483e-05,5.8524845358842725e-05,0.00019996910095210207,52.234314414571585,0.1339829390247663,0.13821956524083892,0.7023999691009521
in100.floorssl.s0.d256vm4zonly,144,0.0009826603316428883,0.5669127106666565,0.040207506798275006,-7.331371307373047e-05,7.807480030197489e-05,0.00027003926861274286,0.001199969100952103,52.234314414571585,0.1339829390247663,0.13821956524083892,0.7023999691009521
in100.floorssl.s0.d256vm4zonly,145,0.0009531538113296713,0.5445382595062256,0.034865012689941466,-7.281700770062072e-05,4.616941159743537e-05,0.00023607991471813472,0.00019996910095210207,52.234314414571585,0.1339829390247663,0.13821956524083892,0.7023999691009521
in100.floorssl.s0.d256vm4zonly,146,0.0009318091931391953,0.5611839890480042,-0.015866663657725155,0.00011313458283740419,8.439146980715462e-05,-0.0001240651329201259,0.001399969100952192,52.234314414571585,0.1339829390247663,0.13821956524083892,0.7023999691009521
in100.floorssl.s0.d256vm4zonly,147,0.0009253721321785751,0.5380721688270569,0.025154811323353954,-5.910297234854034e-05,2.9704885690651217e-05,0.00017169447919129777,0.000999969100952125,52.234314414571585,0.1339829390247663,0.13821956524083892,0.7023999691009521
in100.floorssl.s0.d256vm4zonly,148,0.000911739837158718,0.5622364282608032,0.011588860035139703,-3.920992215475372e-05,7.5976007480049734e-06,8.159027555015852e-05,0.000799969100952147,52.234314414571585,0.1339829390247663,0.13821956524083892,0.7023999691009521
in100.floorssl.s0.d256vm4zonly,149,0.000903122345175011,0.5743415355682373,0.02812979675508842,-6.445000569027526e-05,3.70981900973677e-05,0.0001916587892378252,0.001199969100952103,52.234314414571585,0.1339829390247663,0.13821956524083892,0.7023999691009521
in100.floorssl.s0.d256vm4zonly,150,0.0008891995601096988,0.5840418338775635,0.02365136622679387,3.899137178964285e-07,9.877623990134365e-05,0.00014980086854782249,0.001799969100952148,52.234314414571585,0.1339829390247663,0.13821956524083892,0.7023999691009521
in100.floorssl.s0.d256vm4zonly,151,0.0008602214919444962,0.5418877005577087,0.030063273069778518,-3.695984681448272e-05,8.827028313324048e-05,0.00019819744008425788,0.001999969100952126,52.234314414571585,0.1339829390247663,0.13821956524083892,0.7023999691009521
in100.floorssl.s0.d256vm4zonly,152,0.0008450456781156016,0.5483563542366028,0.019366784716517316,-4.474818706512451e-05,1.0359515282193366e-05,0.00013203121199145684,0.002399969100952193,52.234314414571585,0.1339829390247663,0.13821956524083892,0.7023999691009521
in100.floorssl.s0.d256vm4zonly,153,0.0008236394726624602,0.5548789501190186,0.018230095619585995,-3.6088128884642634e-05,2.7023412258464496e-05,0.00012302779624212556,0.002399969100952193,52.234314414571585,0.1339829390247663,0.13821956524083892,0.7023999691009521
in100.floorssl.s0.d256vm4zonly,154,0.0008200134605699076,0.5476225018501282,0.02268413907740552,-5.810956160229308e-05,-3.2771520638574803e-06,0.0001558310056904988,0.001799969100952148,52.234314414571585,0.1339829390247663,0.13821956524083892,0.7023999691009521
in100.floorssl.s0.d256vm4zonly,155,0.0007860319305752219,0.5454872250556946,0.027815542359171275,-8.420149485272033e-05,1.0114586409593063e-05,0.0001937728224989943,0.000999969100952125,52.234314414571585,0.1339829390247663,0.13821956524083892,0.7023999691009521
in100.floorssl.s0.d256vm4zonly,156,0.0007795926828872496,0.566612720489502,0.028133815878156554,-4.563480615615845e-05,4.941572887084966e-05,0.00018777336831482527,0.00019996910095210207,52.234314414571585,0.1339829390247663,0.13821956524083892,0.7023999691009521
in100.floorssl.s0.d256vm4zonly,157,0.0007718924904984067,0.6853688359260559,0.002598584730108655,0.00010500848293304443,0.00015687710002201816,-5.359274461935737e-06,0.000799969100952147,52.234314414571585,0.1339829390247663,0.13821956524083892,0.7023999691009521
in100.floorssl.s0.d256vm4zonly,158,0.0007692095836802185,0.5690149664878845,0.01855901214985778,-1.6878048578916616e-05,5.5091033053122906e-05,0.00012111921510293833,0.000799969100952147,52.234314414571585,0.1339829390247663,0.13821956524083892,0.7023999691009521
in100.floorssl.s0.d256vm4zonly,159,0.0007377652323407271,0.5661675930023193,0.010311487660295882,-3.033628066381744e-05,1.0267713489220398e-05,7.16509357799322e-05,0.00039996910095219107,52.234314414571585,0.1339829390247663,0.13821956524083892,0.7023999691009521
in100.floorssl.s0.d256vm4zonly,160,0.0007145792745955788,0.5565219521522522,0.010046999024794445,8.779267470032659e-06,4.261952286324644e-05,6.184435394029908e-05,-0.0006000308990478098,52.234314414571585,0.1339829390247663,0.13821956524083892,0.7023999691009521
in100.floorssl.s0.d256vm4zonly,161,0.0007056506046615928,0.5728390216827393,0.023739156330442768,-2.4490058422088623e-05,6.990519443952903e-05,0.00015552870878765557,0.00019996910095210207,52.234314414571585,0.1339829390247663,0.13821956524083892,0.7023999691009521
in100.floorssl.s0.d256vm4zonly,162,0.0006874355483814235,0.615235447883606,0.018300854668765965,-3.545234600704772e-05,2.974393809554443e-05,0.00012334405334474274,0.001799969100952148,52.234314414571585,0.1339829390247663,0.13821956524083892,0.7023999691009521
in100.floorssl.s0.d256vm4zonly,163,0.0006777507092928012,0.5815625786781311,0.024778782352342432,-4.114210605621338e-05,2.525074136497385e-05,0.00016557822199614325,0.00039996910095219107,52.234314414571585,0.1339829390247663,0.13821956524083892,0.7023999691009521
in100.floorssl.s0.d256vm4zonly,164,0.000668866384292106,0.6322987675666809,0.005606304147512731,2.0603338877350774e-05,5.33877967460461e-05,3.1245339875363154e-05,-3.089904787589859e-08,52.234314414571585,0.1339829390247663,0.13821956524083892,0.7023999691009521
in100.floorssl.s0.d256vm4zonly,165,0.0006652278393017639,0.5816763043403625,0.022599491831712726,-2.4810433387756348e-05,4.4748686794521264e-05,0.00014837309281895417,0.001999969100952126,52.234314414571585,0.1339829390247663,0.13821956524083892,0.7023999691009521
in100.floorssl.s0.d256vm4zonly,166,0.0006543153233659514,0.608599066734314,0.016089980429221384,-1.198301712673766e-05,5.044808548856916e-05,0.00010445515456897203,-3.089904787589859e-08,52.234314414571585,0.1339829390247663,0.13821956524083892,0.7023999691009521
in100.floorssl.s0.d256vm4zonly,167,0.0006465785725912772,0.5742054581642151,0.011854278153194286,-1.9585092862456355e-05,2.7189058777410402e-05,7.919308744669395e-05,-0.00020003089904785387,52.234314414571585,0.1339829390247663,0.13821956524083892,0.7023999691009521
in100.floorssl.s0.d256vm4zonly,168,0.0006314524441440277,0.6107506155967712,0.013012888573470605,-5.674858887999568e-06,1.9756437083490175e-05,8.364400472116174e-05,0.001399969100952192,52.234314414571585,0.1339829390247663,0.13821956524083892,0.7023999691009521
in100.floorssl.s0.d256vm4zonly,169,0.0006190804229553186,0.5814264416694641,0.008673502266717037,2.9156605402536062e-06,3.2838761715253684e-05,5.435911660961468e-05,0.00019996910095210207,52.234314414571585,0.1339829390247663,0.13821956524083892,0.7023999691009521
in100.floorssl.s0.d256vm4zonly,170,0.0006062725205548078,0.5920803546905518,-0.01387503052811212,7.297595341998475e-05,3.4893101406335836e-05,-0.00010309658935542254,0.00019996910095210207,52.234314414571585,0.1339829390247663,0.13821956524083892,0.7023999691009521
in100.floorssl.s0.d256vm4zonly,171,0.0006001447224134501,0.5698990821838379,0.02028666813539104,-5.653252204260162e-05,1.1147582339582351e-05,0.00014031010683390743,0.001999969100952126,52.234314414571585,0.1339829390247663,0.13821956524083892,0.7023999691009521
in100.floorssl.s0.d256vm4zonly,172,0.0005841450097187753,0.591521143913269,0.010754958743689258,-4.442284504574401e-05,-5.2131053917825465e-06,7.73892779543095e-05,0.00039996910095219107,52.234314414571585,0.1339829390247663,0.13821956524083892,0.7023999691009521
in100.floorssl.s0.d256vm4zonly,173,0.0005802832418506943,0.5985282063484192,0.026592096323192038,-0.00010272612174352935,-1.7257323723929296e-05,0.00018987017184018962,0.001199969100952103,52.234314414571585,0.1339829390247663,0.13821956524083892,0.7023999691009521
in100.floorssl.s0.d256vm4zonly,174,0.0005733091153701638,0.598573625087738,0.019427124752823488,-5.1662325859069824e-05,-1.785248601893219e-06,0.00013385075437893912,0.00019996910095210207,52.234314414571585,0.1339829390247663,0.13821956524083892,0.7023999691009521
in100.floorssl.s0.d256vm4zonly,175,0.0005493975100098235,0.6108949780464172,0.01925960523473691,-4.910429318746856e-05,2.2107924692482683e-05,0.00013225745279649148,0.00039996910095219107,52.234314414571585,0.1339829390247663,0.13821956524083892,0.7023999691009521
in100.floorssl.s0.d256vm4zonly,176,0.0005430128248571517,0.5955392122268677,0.013180472835394141,-3.637870152792266e-05,1.732238045240586e-05,9.108804971807993e-05,0.001399969100952192,52.234314414571585,0.1339829390247663,0.13821956524083892,0.7023999691009521
in100.floorssl.s0.d256vm4zonly,177,0.0005415672026399435,0.6003096103668213,0.013205851737204455,-3.0097862084715876e-05,2.5066157440162273e-05,8.994335623307981e-05,-0.00020003089904785387,52.234314414571585,0.1339829390247663,0.13821956524083892,0.7023999691009521
in100.floorssl.s0.d256vm4zonly,178,0.0005283382351674452,0.6007199883460999,-0.01878530068987061,0.00013936062653857606,0.00011144024821890808,-0.00014801222585764107,0.001199969100952103,52.234314414571585,0.1339829390247663,0.13821956524083892,0.7023999691009521
in100.floorssl.s0.d256vm4zonly,179,0.0005213196783200921,0.6185098886489868,0.011796008368023081,-1.802047093710235e-05,4.945326764149716e-06,7.849860465630742e-05,0.00039996910095219107,52.234314414571585,0.1339829390247663,0.13821956524083892,0.7023999691009521
in100.floorssl.s0.d256vm4zonly,180,0.0005040285227783705,0.5818223357200623,-0.011439104036753633,5.2193800608307805e-05,2.3633426816604963e-05,-8.334005511223541e-05,0.001199969100952103,52.234314414571585,0.1339829390247663,0.13821956524083892,0.7023999691009521
in100.floorssl.s0.d256vm4zonly,181,0.0004996460649389404,0.6060745120048523,0.013762373238151326,-2.6588638623564753e-05,1.2601796896161144e-05,9.274068811787606e-05,0.000999969100952125,52.234314414571585,0.1339829390247663,0.13821956524083892,0.7023999691009521
in100.floorssl.s0.d256vm4zonly,182,0.0004915467187611926,0.5784244537353516,0.01199089768937256,-1.0567406813322133e-05,4.6174310115748574e-05,7.818446535395873e-05,0.00039996910095219107,52.234314414571585,0.1339829390247663,0.13821956524083892,0.7023999691009521
in100.floorssl.s0.d256vm4zonly,183,0.0004857887237216571,0.6467345356941223,0.007340457819033475,1.3741354147583928e-05,4.0720932515087016e-05,4.3661225620994504e-05,0.000999969100952125,52.234314414571585,0.1339829390247663,0.13821956524083892,0.7023999691009521
in100.floorssl.s0.d256vm4zonly,184,0.0004787633701691278,0.5737822651863098,0.007910312354994176,-2.260754505795104e-05,1.9216264058291577e-05,5.482788233773794e-05,0.000799969100952147,52.234314414571585,0.1339829390247663,0.13821956524083892,0.7023999691009521
in100.floorssl.s0.d256vm4zonly,185,0.0004666317710277046,0.6196134090423584,0.020831781688855244,-4.1673580805479116e-05,2.2012152446876376e-05,0.0001406760148243147,0.000999969100952125,52.234314414571585,0.1339829390247663,0.13821956524083892,0.7023999691009521
in100.floorssl.s0.d256vm4zonly,186,0.0004627033240086815,0.6279669404029846,0.008610721979472657,-2.095351616543395e-05,1.892392402944032e-05,5.892266989671047e-05,0.00019996910095210207,52.234314414571585,0.1339829390247663,0.13821956524083892,0.7023999691009521
in100.floorssl.s0.d256vm4zonly,187,0.0004559427315178774,0.639886736869812,0.011336875159720705,-1.8708407878875732e-05,2.6457935384582854e-05,7.573200848004502e-05,0.00039996910095219107,52.234314414571585,0.1339829390247663,0.13821956524083892,0.7023999691009521
in100.floorssl.s0.d256vm4zonly,188,0.0004488023256422034,0.6364685893058777,0.015963325499249947,-1.0319054126739502e-05,4.273031981488762e-05,0.00010330665700003516,0.001199969100952103,52.234314414571585,0.1339829390247663,0.13821956524083892,0.7023999691009521
in100.floorssl.s0.d256vm4zonly,189,0.00043280867104211784,0.621457040309906,0.010274251192996076,-8.026758829771108e-06,2.1923069912360704e-05,6.677774957297711e-05,0.00039996910095219107,52.234314414571585,0.1339829390247663,0.13821956524083892,0.7023999691009521
in100.floorssl.s0.d256vm4zonly,190,0.0004269833677041162,0.6215306520462036,0.01230784548383923,-2.3655593395233154e-05,2.4935594986369436e-05,8.2913491427139e-05,0.00039996910095219107,52.234314414571585,0.1339829390247663,0.13821956524083892,0.7023999691009521
in100.floorssl.s0.d256vm4zonly,191,0.0004258979054213852,0.6636561751365662,-0.008683204435136815,6.079425414401429e-05,4.736622546896996e-05,-6.766321908152628e-05,0.00039996910095219107,52.234314414571585,0.1339829390247663,0.13821956524083892,0.7023999691009521
in100.floorssl.s0.d256vm4zonly,192,0.00041820044778191666,0.614926815032959,0.008664232835457142,-5.587935447692871e-06,3.5072896186622016e-05,5.6067915831070625e-05,0.000799969100952147,52.234314414571585,0.1339829390247663,0.13821956524083892,0.7023999691009521
in100.floorssl.s0.d256vm4zonly,193,0.0004079323303063303,0.6530904173851013,0.004895406396933311,-2.682209014892578e-07,2.8895646979054668e-05,3.107860609952162e-05,0.00039996910095219107,52.234314414571585,0.1339829390247663,0.13821956524083892,0.7023999691009521
in100.floorssl.s0.d256vm4zonly,194,0.00040525381963353927,0.6103763580322266,0.008822293985446095,-1.2060006459563288e-05,1.9437443376485453e-05,5.841484282204101e-05,0.000799969100952147,52.234314414571585,0.1339829390247663,0.13821956524083892,0.7023999691009521
in100.floorssl.s0.d256vm4zonly,195,0.0003981464017906414,0.6337501406669617,0.006797724676758321,-1.5032788117735896e-05,1.0906589892861751e-05,4.6202789144633716e-05,-3.089904787589859e-08,52.234314414571585,0.1339829390247663,0.13821956524083892,0.7023999691009521
in100.floorssl.s0.d256vm4zonly,196,0.0003917463879524424,0.6388524770736694,0.0012676667233577632,1.4247993628174749e-05,2.4338320628258803e-05,5.071815794399637e-06,-0.0008000308990478988,52.234314414571585,0.1339829390247663,0.13821956524083892,0.7023999691009521
in100.floorssl.s0.d256vm4zonly,197,0.0003870282058528352,0.6681537628173828,-0.0036418759133880485,3.195802370706269e-05,1.8633827335634567e-05,-2.9721793985915124e-05,0.001199969100952103,52.234314414571585,0.1339829390247663,0.13821956524083892,0.7023999691009521
in100.floorssl.s0.d256vm4zonly,198,0.00038467816368655997,0.666815996170044,0.0021455649552137857,-1.2964010238647461e-05,2.9279997240672095e-07,1.6291409955904168e-05,0.000999969100952125,52.234314414571585,0.1339829390247663,0.13821956524083892,0.7023999691009521
in100.floorssl.s0.d256vm4zonly,199,0.0003704366711108696,0.6358915567398071,-0.003459269829122036,3.0959645907074895e-05,1.7466380817426908e-05,-2.8357073605045358e-05,0.00039996910095219107,52.234314414571585,0.1339829390247663,0.13821956524083892,0.7023999691009521
in100.floorssl.s0.d256vm4zonly,200,0.0003681905782983979,0.6936768293380737,-0.003835916807368278,4.1862328847230845e-05,2.78940527375926e-05,-3.301014698070537e-05,-0.0010000308990478768,52.234314414571585,0.1339829390247663,0.13821956524083892,0.7023999691009521
in100.floorssl.s0.d256vm4zonly,201,0.0003561738298348966,0.6541811227798462,0.004966918066052983,-4.003445307432241e-06,1.2169834078673558e-05,3.230818169924765e-05,0.000599969100952169,52.234314414571585,0.1339829390247663,0.13821956524083892,0.7023999691009521
in100.floorssl.s0.d256vm4zonly,202,0.00035369521780928234,0.6311912536621094,0.008693163639378554,-3.5740435123443604e-05,-9.956883666339955e-06,6.251869398876675e-05,0.00019996910095210207,52.234314414571585,0.1339829390247663,0.13821956524083892,0.7023999691009521
in100.floorssl.s0.d256vm4zonly,203,0.000343661011575442,0.6662635803222656,0.009119277303817341,-2.3881594340025014e-05,1.40971541356949e-06,6.275407856887183e-05,0.000599969100952169,52.234314414571585,0.1339829390247663,0.13821956524083892,0.7023999691009521
in100.floorssl.s0.d256vm4zonly,204,0.00033828638462736526,0.5982643961906433,0.01996269482409474,-7.169445355734161e-05,-1.0448959202324914e-06,0.00014140857351568892,-3.089904787589859e-08,52.234314414571585,0.1339829390247663,0.13821956524083892,0.7023999691009521
in100.floorssl.s0.d256vm4zonly,205,0.0003357615614868537,0.6377732157707214,0.01889103215707877,-5.4426491260528564e-05,-4.9745619580543465e-06,0.0001310280169228295,-3.089904787589859e-08,52.234314414571585,0.1339829390247663,0.13821956524083892,0.7023999691009521
in100.floorssl.s0.d256vm4zonly,206,0.00033204716524899995,0.6511454582214355,0.011922968964526603,-2.6633342107146296e-05,1.03259696086766e-05,8.109342576451128e-05,-3.089904787589859e-08,52.234314414571585,0.1339829390247663,0.13821956524083892,0.7023999691009521
in100.floorssl.s0.d256vm4zonly,207,0.0003262468954019527,0.6771489381790161,0.004147706501413495,-5.610287189483643e-06,8.193000952144702e-06,2.7450721934274558e-05,-0.00040003089904783184,52.234314414571585,0.1339829390247663,0.13821956524083892,0.7023999691009521
in100.floorssl.s0.d256vm4zonly,208,0.00032159705540585386,0.6780970692634583,0.010607566899928145,-3.0348698298154897e-05,8.153294153989687e-07,7.352981117941804e-05,-0.00040003089904783184,52.234314414571585,0.1339829390247663,0.13821956524083892,0.7023999691009521
in100.floorssl.s0.d256vm4zonly,209,0.0003090768420417353,0.6642025709152222,0.004530081262572594,6.201366583497014e-06,2.9202289313134955e-05,2.74187353525579e-05,-0.00020003089904785387,52.234314414571585,0.1339829390247663,0.13821956524083892,0.7023999691009521
in100.floorssl.s0.d256vm4zonly,210,0.0003035786626519861,0.6742396354675293,0.004486533749449961,-8.74946514767272e-06,9.467698673076841e-06,3.0250419558230934e-05,-0.0008000308990478988,52.234314414571585,0.1339829390247663,0.13821956524083892,0.7023999691009521
in100.floorssl.s0.d256vm4zonly,211,0.0002996217982372447,0.6441364288330078,0.011334997264270896,-2.4206936359405518e-05,1.613098784614131e-05,7.68630213995869e-05,-0.00040003089904783184,52.234314414571585,0.1339829390247663,0.13821956524083892,0.7023999691009521
in100.floorssl.s0.d256vm4zonly,212,0.00029471546297929924,0.6569869518280029,-0.003926236217886014,3.555913766223329e-05,3.3563805387160084e-05,-3.2272344316908175e-05,-0.00020003089904785387,52.234314414571585,0.1339829390247663,0.13821956524083892,0.7023999691009521
in100.floorssl.s0.d256vm4zonly,213,0.00028965339326216986,0.6685524582862854,0.011942640277581518,-2.0263095696776423e-05,9.694081829408896e-06,7.989397855789893e-05,-0.00040003089904783184,52.234314414571585,0.1339829390247663,0.13821956524083892,0.7023999691009521
in100.floorssl.s0.d256vm4zonly,214,0.00028607106515930904,0.6566314101219177,0.006022606128865959,-1.560648282369903e-05,3.287765253712216e-06,4.141000485097246e-05,0.000999969100952125,52.234314414571585,0.1339829390247663,0.13821956524083892,0.7023999691009521
in100.floorssl.s0.d256vm4zonly,215,0.0002823554203823103,0.6428995132446289,0.008757281176755782,-3.6748747030912465e-05,-7.105154285647064e-06,6.313460126344816e-05,0.000799969100952147,52.234314414571585,0.1339829390247663,0.13821956524083892,0.7023999691009521
in100.floorssl.s0.d256vm4zonly,216,0.0002806405881542702,0.6543811559677124,0.0070082425139972315,-1.2372930844634089e-05,9.086114160589132e-06,4.698399648733753e-05,0.001199969100952103,52.234314414571585,0.1339829390247663,0.13821956524083892,0.7023999691009521
in100.floorssl.s0.d256vm4zonly,217,0.00027372371083692217,0.6588417887687683,0.009186354807198427,-1.3920168081937856e-05,1.9169543692576507e-05,6.110859518559941e-05,0.001199969100952103,52.234314414571585,0.1339829390247663,0.13821956524083892,0.7023999691009521
in100.floorssl.s0.d256vm4zonly,218,0.0002721903429802892,0.6673833131790161,0.0020198476213550975,5.011757214845591e-06,1.731997566123411e-05,1.1758314225007727e-05,0.000599969100952169,52.234314414571585,0.1339829390247663,0.13821956524083892,0.7023999691009521
in100.floorssl.s0.d256vm4zonly,219,0.00026381127079083667,0.623440146446228,0.004970280859410536,-2.876420815786651e-05,-6.778120297590284e-06,3.74762160138542e-05,0.000799969100952147,52.234314414571585,0.1339829390247663,0.13821956524083892,0.7023999691009521
in100.floorssl.s0.d256vm4zonly,220,0.0002615155106787951,0.6664279699325562,0.024114312777349767,-6.911903619766235e-05,-3.4150299746960044e-06,0.00016718261828030379,0.000599969100952169,52.234314414571585,0.1339829390247663,0.13821956524083892,0.7023999691009521
in100.floorssl.s0.d256vm4zonly,221,0.0002572605695382117,0.6500164866447449,-0.008400331435794328,2.589573462802308e-05,5.686959586886919e-06,-5.861667637258039e-05,0.00039996910095219107,52.234314414571585,0.1339829390247663,0.13821956524083892,0.7023999691009521
in100.floorssl.s0.d256vm4zonly,222,0.0002531105012830777,0.6741926670074463,0.007665558090636182,-3.065168857574463e-05,2.3678928789960807e-07,5.494888134294218e-05,-0.00040003089904783184,52.234314414571585,0.1339829390247663,0.13821956524083892,0.7023999691009521
in100.floorssl.s0.d256vm4zonly,223,0.00024725466986109246,0.6688603162765503,0.0040369977889795905,4.939734935760498e-06,2.622276699473791e-05,2.4556238802819763e-05,0.00019996910095210207,52.234314414571585,0.1339829390247663,0.13821956524083892,0.7023999691009521
in100.floorssl.s0.d256vm4zonly,224,0.0002451031425056596,0.6789997220039368,0.007993960829388413,-2.19071904818402e-05,-8.190275403441305e-07,5.521239972872127e-05,-3.089904787589859e-08,52.234314414571585,0.1339829390247663,0.13821956524083892,0.7023999691009521
in100.floorssl.s0.d256vm4zonly,225,0.00024067308005988383,0.6644489765167236,0.00988467011118388,-9.012718995421443e-06,1.830231476931954e-05,6.4513861180171e-05,0.000799969100952147,52.234314414571585,0.1339829390247663,0.13821956524083892,0.7023999691009521
in100.floorssl.s0.d256vm4zonly,226,0.00023894532908702202,0.6948319673538208,0.00502461087445738,-1.7384688059507436e-05,-1.7474465721645238e-07,3.545518785053048e-05,0.000999969100952125,52.234314414571585,0.1339829390247663,0.13821956524083892,0.7023999691009521
in100.floorssl.s0.d256vm4zonly,227,0.00023536580840120182,0.6697819232940674,0.005541348510988087,-1.7578403155027456e-05,1.2849301349038278e-06,3.877008957203776e-05,-0.00040003089904783184,52.234314414571585,0.1339829390247663,0.13821956524083892,0.7023999691009521
in100.floorssl.s0.d256vm4zonly,228,0.0002326600210024568,0.661649763584137,0.0014063052490911332,-3.3279260000518285e-07,2.154709516313802e-05,8.981120699413925e-06,-3.089904787589859e-08,52.234314414571585,0.1339829390247663,0.13821956524083892,0.7023999691009521
in100.floorssl.s0.d256vm4zonly,229,0.00022951915805591612,0.7084341645240784,0.0073824307118215415,-9.457270304380483e-06,2.0361972494609137e-05,4.8749234333345104e-05,0.000799969100952147,52.234314414571585,0.1339829390247663,0.13821956524083892,0.7023999691009521
in100.floorssl.s0.d256vm4zonly,230,0.00022697613408230214,0.6455770134925842,0.009155444073414287,-2.5801360607147217e-05,9.292256028442525e-06,6.338231116181925e-05,0.000599969100952169,52.234314414571585,0.1339829390247663,0.13821956524083892,0.7023999691009521
in100.floorssl.s0.d256vm4zonly,231,0.00022352982331014728,0.6645309925079346,0.0006448897697026723,-1.0033448537283274e-06,4.7441202973286245e-06,4.2953072300622175e-06,-0.00020003089904785387,52.234314414571585,0.1339829390247663,0.13821956524083892,0.7023999691009521
in100.floorssl.s0.d256vm4zonly,232,0.00021667189068448785,0.6512728929519653,0.0027225667519985564,-3.7178397178649902e-06,9.804835450738514e-06,1.8026057634623616e-05,-0.00020003089904785387,52.234314414571585,0.1339829390247663,0.13821956524083892,0.7023999691009521
in100.floorssl.s0.d256vm4zonly,233,0.00021230967839707426,0.6865203976631165,0.005773021441441983,-1.3207395871489558e-05,2.0225022326070263e-06,3.9329683308164665e-05,0.000599969100952169,52.234314414571585,0.1339829390247663,0.13821956524083892,0.7023999691009521
in100.floorssl.s0.d256vm4zonly,234,0.0002109292569854568,0.6953812837600708,0.001355894020150572,-1.8154581387930246e-06,6.887009053324622e-06,8.969841870098971e-06,-3.089904787589859e-08,52.234314414571585,0.1339829390247663,0.13821956524083892,0.7023999691009521
in100.floorssl.s0.d256vm4zonly,235,0.00020822535610719113,0.6918566226959229,0.009848931260151517,-2.8950472672789607e-05,4.858975642840768e-06,6.843160179859087e-05,-3.089904787589859e-08,52.234314414571585,0.1339829390247663,0.13821956524083892,0.7023999691009521
in100.floorssl.s0.d256vm4zonly,236,0.00020667267316581205,0.6756569147109985,0.006789415351555306,-2.4259090423583984e-05,-5.1489847111008125e-06,4.8067893012981866e-05,-0.0006000308990478098,52.234314414571585,0.1339829390247663,0.13821956524083892,0.7023999691009521
in100.floorssl.s0.d256vm4zonly,237,0.00020275873498361768,0.653890073299408,0.006172357911211179,-2.3824473222106013e-05,-1.1821334349459978e-06,4.4067177648265954e-05,-3.089904787589859e-08,52.234314414571585,0.1339829390247663,0.13821956524083892,0.7023999691009521
in100.floorssl.s0.d256vm4zonly,238,0.00019668749307502682,0.6952276229858398,0.009937150247594673,-2.4393200874328613e-05,6.765304292055685e-07,6.804339186483599e-05,0.000799969100952147,52.234314414571585,0.1339829390247663,0.13821956524083892,0.7023999691009521
in100.floorssl.s0.d256vm4zonly,239,0.00019581029234254938,0.6843714118003845,0.00242418738730521,-3.3626953760967915e-06,8.041291793436933e-06,1.606136752624332e-05,0.00019996910095210207,52.234314414571585,0.1339829390247663,0.13821956524083892,0.7023999691009521
in100.floorssl.s0.d256vm4zonly,240,0.0001924456229024225,0.6900445818901062,0.0031964935550945484,-3.854433695493764e-06,6.241100197784677e-06,2.1057788214873252e-05,0.00039996910095219107,52.234314414571585,0.1339829390247663,0.13821956524083892,0.7023999691009521
in100.floorssl.s0.d256vm4zonly,241,0.00018993563416080312,0.6661701202392578,0.005996551823180596,-1.3237198193877253e-05,7.432311176669426e-06,4.075242030382453e-05,-0.00040003089904783184,52.234314414571585,0.1339829390247663,0.13821956524083892,0.7023999691009521
in100.floorssl.s0.d256vm4zonly,242,0.00018914740773546748,0.6491624116897583,0.0029518652940652146,-4.221995672515355e-08,1.0327070284948947e-05,1.8715146442638275e-05,-3.089904787589859e-08,52.234314414571585,0.1339829390247663,0.13821956524083892,0.7023999691009521
in100.floorssl.s0.d256vm4zonly,243,0.00018064196828782383,0.7066349387168884,0.004220283299630978,-5.605320135770864e-06,8.147287844345596e-06,2.7909618504962097e-05,0.00039996910095219107,52.234314414571585,0.1339829390247663,0.13821956524083892,0.7023999691009521
in100.floorssl.s0.d256vm4zonly,244,0.00017935507287368437,0.6731215715408325,0.003014571485714157,1.043081283569336e-06,1.4937551944094185e-05,1.888693548551812e-05,-3.089904787589859e-08,52.234314414571585,0.1339829390247663,0.13821956524083892,0.7023999691009521
in100.floorssl.s0.d256vm4zonly,245,0.00017767393442409666,0.6942935585975647,0.002677710763911989,-9.623666604369197e-06,3.383786335575678e-07,1.8969372804433782e-05,0.001199969100952103,52.234314414571585,0.1339829390247663,0.13821956524083892,0.7023999691009521
in100.floorssl.s0.d256vm4zonly,246,0.00017412258651083585,0.7047366499900818,0.004538407821087276,-1.3855596383421931e-05,2.4699179310139208e-06,3.164050305742849e-05,0.00019996910095210207,52.234314414571585,0.1339829390247663,0.13821956524083892,0.7023999691009521
in100.floorssl.s0.d256vm4zonly,247,0.00017255709797876043,0.6657127737998962,0.00394771142539696,-1.033147176107696e-05,5.602381278224655e-06,2.7164662225354075e-05,-3.089904787589859e-08,52.234314414571585,0.1339829390247663,0.13821956524083892,0.7023999691009521
in100.floorssl.s0.d256vm4zonly,248,0.00016950669418733938,0.7002391815185547,0.0022780420068002627,-4.783272743225098e-06,7.035161041946125e-06,1.5430502869340224e-05,-3.089904787589859e-08,52.234314414571585,0.1339829390247663,0.13821956524083892,0.7023999691009521
in100.floorssl.s0.d256vm4zonly,249,0.00016869392044997333,0.6800097823143005,-0.0024899552377064538,2.4609267711639404e-05,2.0398185486852904e-05,-2.0894418369110657e-05,0.00039996910095219107,52.234314414571585,0.1339829390247663,0.13821956524083892,0.7023999691009521
in100.floorssl.s0.d256vm4zonly,250,0.0001654176187493384,0.6862461566925049,0.001316493442175215,-1.0530153910504048e-06,5.796343218428257e-06,8.5616752028006e-06,-3.089904787589859e-08,52.234314414571585,0.1339829390247663,0.13821956524083892,0.7023999691009521
in100.floorssl.s0.d256vm4zonly,251,0.0001622602486430065,0.6658002138137817,0.005556739314585002,-1.5400350093841553e-05,5.038265729534475e-06,3.8414897323590935e-05,-0.00020003089904785387,52.234314414571585,0.1339829390247663,0.13821956524083892,0.7023999691009521
in100.floorssl.s0.d256vm4zonly,252,0.0001613997563555022,0.7234522104263306,0.006501207524514996,-1.3115505377470082e-05,7.426164257279266e-06,4.3925197090566304e-05,0.00039996910095219107,52.234314414571585,0.1339829390247663,0.13821956524083892,0.7023999691009521
in100.floorssl.s0.d256vm4zonly,253,0.00015937937549041518,0.7048284411430359,-0.005047823013320851,3.202011187869447e-05,1.8938124538431245e-05,-3.8644376951446624e-05,-0.00020003089904785387,52.234314414571585,0.1339829390247663,0.13821956524083892,0.7023999691009521
in100.floorssl.s0.d256vm4zonly,254,0.00015646118765775578,0.7028224468231201,0.0028401288727337715,-2.8138359387808176e-06,5.770391151682652e-06,1.8583160275864596e-05,0.000799969100952147,52.234314414571585,0.1339829390247663,0.13821956524083892,0.7023999691009521
in100.floorssl.s0.d256vm4zonly,255,0.00015157118530474288,0.6637845039367676,-0.005845147231433145,2.8342008590698242e-05,1.4570929011553657e-05,-4.2932605280154856e-05,0.001199969100952103,52.234314414571585,0.1339829390247663,0.13821956524083892,0.7023999691009521
in100.floorssl.s0.d256vm4zonly,256,0.00014979922449824234,0.6596249341964722,0.0032606020814327508,-3.511706988035268e-06,8.715473664266948e-06,2.139281413587879e-05,0.000799969100952147,52.234314414571585,0.1339829390247663,0.13821956524083892,0.7023999691009521
in100.floorssl.s0.d256vm4zonly,257,0.00014710138470685704,0.704169511795044,0.0012361113361194498,-1.0505318641662598e-06,2.6533658296079565e-06,8.051766674677108e-06,0.000799969100952147,52.234314414571585,0.1339829390247663,0.13821956524083892,0.7023999691009521
in100.floorssl.s0.d256vm4zonly,258,0.00014590901989510052,0.6681897640228271,-0.00343342788003298,1.7153720060975042e-05,1.8885857656886218e-05,-2.5323636869634125e-05,0.00019996910095210207,52.234314414571585,0.1339829390247663,0.13821956524083892,0.7023999691009521
in100.floorssl.s0.d256vm4zonly,259,0.0001445467999675927,0.6501564979553223,0.001987411013935514,-4.239380359649658e-06,4.48690960733189e-06,1.3475682444419324e-05,0.000999969100952125,52.234314414571585,0.1339829390247663,0.13821956524083892,0.7023999691009521
in100.floorssl.s0.d256vm4zonly,260,0.00014173943375088503,0.6934009790420532,0.003647474465978462,-1.2906889120756215e-05,3.707735068414486e-07,2.5797341122568707e-05,-3.089904787589859e-08,52.234314414571585,0.1339829390247663,0.13821956524083892,0.7023999691009521
in100.floorssl.s0.d256vm4zonly,261,0.00013759543352342925,0.711425244808197,0.004847853418119996,-1.8956760565458364e-05,2.8977643465322167e-07,3.466181980144034e-05,-3.089904787589859e-08,52.234314414571585,0.1339829390247663,0.13821956524083892,0.7023999691009521
in100.floorssl.s0.d256vm4zonly,262,0.00013652817630206717,0.6937058568000793,-0.0016328368661007175,1.0234614213289195e-05,6.145257449713393e-06,-1.2474855591249057e-05,0.00039996910095219107,52.234314414571585,0.1339829390247663,0.13821956524083892,0.7023999691009521
in100.floorssl.s0.d256vm4zonly,263,0.00013460970094040324,0.6866642832756042,0.0036260140800479235,-5.255142847715444e-06,4.9331005437247555e-06,2.4070866701197957e-05,0.00039996910095219107,52.234314414571585,0.1339829390247663,0.13821956524083892,0.7023999691009521
in100.floorssl.s0.d256vm4zonly,264,0.0001319388036704233,0.7308506369590759,0.00499437558917748,-3.7476420402526855e-06,1.3497242891569172e-05,3.2429012979062755e-05,-0.00020003089904785387,52.234314414571585,0.1339829390247663,0.13821956524083892,0.7023999691009521
in100.floorssl.s0.d256vm4zonly,265,0.00012951512167076938,0.6893212795257568,0.0035114870633563555,-2.9578804969787598e-06,1.058198745859662e-05,2.286758899655572e-05,-0.0006000308990478098,52.234314414571585,0.1339829390247663,0.13821956524083892,0.7023999691009521
in100.floorssl.s0.d256vm4zonly,266,0.00012792523997511078,0.6769706606864929,0.0013618122691028134,-3.4794211387634277e-06,1.2002083330797664e-06,9.353214717733316e-06,-0.0006000308990478098,52.234314414571585,0.1339829390247663,0.13821956524083892,0.7023999691009521
in100.floorssl.s0.d256vm4zonly,267,0.00012551477165260205,0.675808310508728,0.001814626263609398,7.847944895333914e-07,1.2740241290026821e-05,1.133640687167592e-05,-3.089904787589859e-08,52.234314414571585,0.1339829390247663,0.13821956524083892,0.7023999691009521
in100.floorssl.s0.d256vm4zonly,268,0.0001236891054413603,0.706498920917511,-0.001691786360041192,1.1116266250610352e-05,9.653621656974254e-06,-1.3031685000386428e-05,0.000599969100952169,52.234314414571585,0.1339829390247663,0.13821956524083892,0.7023999691009521
in100.floorssl.s0.d256vm4zonly,269,0.00012244625610513394,0.7050173878669739,0.0024034997649948764,-4.939734935760498e-06,5.422788498077313e-06,1.6258067622898498e-05,-0.0006000308990478098,52.234314414571585,0.1339829390247663,0.13821956524083892,0.7023999691009521
in100.floorssl.s0.d256vm4zonly,270,0.00012033390197077762,0.6877349019050598,0.0005393181346349252,-6.670753161130971e-06,-2.1038997644606816e-06,4.804301890481977e-06,-0.00020003089904785387,52.234314414571585,0.1339829390247663,0.13821956524083892,0.7023999691009521
in100.floorssl.s0.d256vm4zonly,271,0.000117681882370734,0.689627468585968,0.0027912089912760507,-9.278456370054311e-06,-7.53219961679985e-08,1.961687173773763e-05,-3.089904787589859e-08,52.234314414571585,0.1339829390247663,0.13821956524083892,0.7023999691009521
in100.floorssl.s0.d256vm4zonly,272,0.00011629573011258134,0.6970939040184021,0.008247225113009904,-2.829482158026031e-05,-3.2842605647565026e-06,5.814509037288529e-05,-0.00020003089904785387,52.234314414571585,0.1339829390247663,0.13821956524083892,0.7023999691009521
in100.floorssl.s0.d256vm4zonly,273,0.00011337115918469159,0.6923719048500061,0.0004094776039806902,-4.9198667208538716e-06,-7.622543300445095e-07,3.617549001411202e-06,-0.00020003089904785387,52.234314414571585,0.1339829390247663,0.13821956524083892,0.7023999691009521
in100.floorssl.s0.d256vm4zonly,274,0.00011064569465305228,0.6870322227478027,0.005409884334952153,-1.3979772726713247e-05,6.894747729913053e-06,3.7188978963154096e-05,0.000599969100952169,52.234314414571585,0.1339829390247663,0.13821956524083892,0.7023999691009521
in100.floorssl.s0.d256vm4zonly,275,0.00010910800145666225,0.6942740678787231,0.004477784255179529,-2.002219359081847e-05,-4.265320385554716e-06,3.253810015818592e-05,-0.0010000308990478768,52.234314414571585,0.1339829390247663,0.13821956524083892,0.7023999691009521
in100.floorssl.s0.d256vm4zonly,276,0.00010812035780989533,0.6697673797607422,0.00902487946326147,-3.3892691135406494e-05,-3.3198960372460284e-07,6.423675369138238e-05,0.000799969100952147,52.234314414571585,0.1339829390247663,0.13821956524083892,0.7023999691009521
in100.floorssl.s0.d256vm4zonly,277,0.00010743459793526814,0.6740269660949707,0.0025175134320321035,-1.0753671328245229e-05,-4.7665008645614293e-07,1.818906116352048e-05,0.000599969100952169,52.234314414571585,0.1339829390247663,0.13821956524083892,0.7023999691009521
in100.floorssl.s0.d256vm4zonly,278,0.00010514730627872668,0.7330064177513123,0.0017522417512338961,1.7931063969744976e-06,1.0381472787618362e-05,1.0731482011472337e-05,-3.089904787589859e-08,52.234314414571585,0.1339829390247663,0.13821956524083892,0.7023999691009521
in100.floorssl.s0.d256vm4zonly,279,0.00010413801223861427,0.6937989592552185,0.002000387346789978,-4.482765992491755e-06,5.876526241094249e-06,1.3608504888129591e-05,-0.00020003089904785387,52.234314414571585,0.1339829390247663,0.13821956524083892,0.7023999691009521
in100.floorssl.s0.d256vm4zonly,280,0.00010025443828254043,0.744773805141449,0.002546789562281049,2.409021059579519e-07,1.0017090571856624e-05,1.608927739676913e-05,-0.00020003089904785387,52.234314414571585,0.1339829390247663,0.13821956524083892,0.7023999691009521
in100.floorssl.s0.d256vm4zonly,281,9.978299043375235e-05,0.6814124584197998,0.0009140808356846719,4.688898722321477e-06,1.0989583728276964e-05,4.818028882080938e-06,-0.00040003089904783184,52.234314414571585,0.1339829390247663,0.13821956524083892,0.7023999691009521
in100.floorssl.s0.d256vm4zonly,282,9.808493525897796e-05,0.6956686973571777,-0.00357934644544855,1.726299524307251e-05,1.1724853909655941e-05,-2.6271056333515563e-05,-0.0006000308990478098,52.234314414571585,0.1339829390247663,0.13821956524083892,0.7023999691009521
in100.floorssl.s0.d256vm4zonly,283,9.695925765823263e-05,0.7051906585693359,0.006260456954898075,-2.241382996243102e-05,-1.7509405164928271e-06,4.4332259681034714e-05,-3.089904787589859e-08,52.234314414571585,0.1339829390247663,0.13821956524083892,0.7023999691009521
in100.floorssl.s0.d256vm4zonly,284,9.624551069843082e-05,0.7166888117790222,0.005108220128441587,-9.467204411833796e-06,2.2397618318625856e-06,3.433931833429771e-05,0.00019996910095210207,52.234314414571585,0.1339829390247663,0.13821956524083892,0.7023999691009521
in100.floorssl.s0.d256vm4zonly,285,9.209225875980602e-05,0.6881435513496399,0.0013814027639966753,-7.0060292879925434e-06,-3.7709219933290683e-06,1.0210396227117169e-05,-3.089904787589859e-08,52.234314414571585,0.1339829390247663,0.13821956524083892,0.7023999691009521
in100.floorssl.s0.d256vm4zonly,286,9.102073149544773e-05,0.7136974930763245,0.0006341568496708305,-3.779927889524526e-06,4.7140702588710504e-07,4.804426390669914e-06,0.00019996910095210207,52.234314414571585,0.1339829390247663,0.13821956524083892,0.7023999691009521
in100.floorssl.s0.d256vm4zonly,287,9.07121941294795e-05,0.6836579442024231,-0.0008856428421992746,1.2842317422212535e-05,8.792271079138825e-06,-8.281817830468885e-06,-0.00040003089904783184,52.234314414571585,0.1339829390247663,0.13821956524083892,0.7023999691009521
in100.floorssl.s0.d256vm4zonly,288,8.861725663703155e-05,0.6901697516441345,0.0006393361422709631,5.314747492379812e-07,3.695719119262142e-06,3.9410885329105305e-06,-0.0006000308990478098,52.234314414571585,0.1339829390247663,0.13821956524083892,0.7023999691009521
in100.floorssl.s0.d256vm4zonly,289,8.786164963110805e-05,0.7022227644920349,0.0073640014881632965,-2.9722849528013295e-05,-9.29775772229302e-06,5.284480958606119e-05,0.00019996910095210207,52.234314414571585,0.1339829390247663,0.13821956524083892,0.7023999691009521
in100.floorssl.s0.d256vm4zonly,290,8.63673862873741e-05,0.7191706895828247,0.003165684456099882,-9.797513484954834e-06,1.4451019216266126e-06,2.209786374146594e-05,0.00039996910095219107,52.234314414571585,0.1339829390247663,0.13821956524083892,0.7023999691009521
in100.floorssl.s0.d256vm4zonly,291,8.474443447015868e-05,0.7033593058586121,0.002934964528577666,-5.799035231290883e-06,4.488609778086072e-06,1.9804644386334225e-05,0.00019996910095210207,52.234314414571585,0.1339829390247663,0.13821956524083892,0.7023999691009521
in100.floorssl.s0.d256vm4zonly,292,8.294690028132422e-05,0.7338938117027283,0.0020883869630949903,-5.235274632781062e-06,1.0774795660695169e-06,1.432258536787634e-05,0.000599969100952169,52.234314414571585,0.1339829390247663,0.13821956524083892,0.7023999691009521
in100.floorssl.s0.d256vm4zonly,293,8.120293786618151e-05,0.6893824934959412,0.0009888942155455993,-1.4528632164001465e-06,8.637356316010258e-07,6.568746064916642e-06,0.000799969100952147,52.234314414571585,0.1339829390247663,0.13821956524083892,0.7023999691009521
in100.floorssl.s0.d256vm4zonly,294,7.998359926640985e-05,0.7279388904571533,0.0016381928421722591,8.394320805682476e-07,7.2210577852505065e-06,1.0206967490045127e-05,0.000599969100952169,52.234314414571585,0.1339829390247663,0.13821956524083892,0.7023999691009521
in100.floorssl.s0.d256vm4zonly,295,7.939609340647184e-05,0.7154842615127563,0.0012067625481790856,-7.169942061124868e-06,-2.9257278827132804e-06,9.137748084808717e-06,0.00019996910095210207,52.234314414571585,0.1339829390247663,0.13821956524083892,0.7023999691009521
in100.floorssl.s0.d256vm4zonly,296,7.897913506988177e-05,0.7358632683753967,-0.004920931415824725,1.9381443659455266e-05,6.0286734628878236e-06,-3.5213198782357846e-05,0.00019996910095210207,52.234314414571585,0.1339829390247663,0.13821956524083892,0.7023999691009521
in100.floorssl.s0.d256vm4zonly,297,7.690292704221178e-05,0.6849263906478882,8.166462357905857e-05,2.103547255188909e-06,2.34706538615459e-06,8.028056786013593e-08,-3.089904787589859e-08,52.234314414571585,0.1339829390247663,0.13821956524083892,0.7023999691009521
in100.floorssl.s0.d256vm4zonly,298,7.578207484445647e-05,0.6924323439598083,0.0009234477798116814,-4.4405460357666016e-06,-4.076181701895276e-06,6.775017045546061e-06,0.00019996910095210207,52.234314414571585,0.1339829390247663,0.13821956524083892,0.7023999691009521
in100.floorssl.s0.d256vm4zonly,299,7.534473988456874e-05,0.7238235473632812,0.0024860264776691565,-4.895031452178955e-06,3.940142706798655e-06,1.6771758614086973e-05,0.00019996910095210207,52.234314414571585,0.1339829390247663,0.13821956524083892,0.7023999691009521
in100.floorssl.s0.d256vm4zonly,300,7.379933299336676e-05,0.7284671664237976,0.0024344834523333247,-9.899338086455378e-06,-1.3841369689016059e-06,1.7485308881959316e-05,0.00039996910095219107,52.234314414571585,0.1339829390247663,0.13821956524083892,0.7023999691009521
in100.floorssl.s0.d256vm4zonly,301,7.142289009506866e-05,0.685146152973175,0.0031588131549256104,-7.318953673063344e-06,3.070371748598033e-06,2.1539130769354653e-05,-0.00020003089904785387,52.234314414571585,0.1339829390247663,0.13821956524083892,0.7023999691009521
in100.floorssl.s0.d256vm4zonly,302,7.016071341086812e-05,0.705636739730835,0.0002929313228108299,-7.251898447857563e-07,5.011991474346278e-07,2.007082064159338e-06,0.00039996910095219107,52.234314414571585,0.1339829390247663,0.13821956524083892,0.7023999691009521
in100.floorssl.s0.d256vm4zonly,303,6.926710833765338e-05,0.713428795337677,-0.0005069058140634297,2.9727816581726074e-06,6.607373386563475e-06,-3.830247480685056e-06,-0.00020003089904785387,52.234314414571585,0.1339829390247663,0.13821956524083892,0.7023999691009521
in100.floorssl.s0.d256vm4zonly,304,6.841155529948648e-05,0.7271102070808411,0.0007811438041329666,4.38590844470399e-06,5.973171999185123e-06,4.038567852637787e-06,0.00019996910095210207,52.234314414571585,0.1339829390247663,0.13821956524083892,0.7023999691009521
in100.floorssl.s0.d256vm4zonly,305,6.701534468048951e-05,0.7322964072227478,0.0009531796083948052,-7.82310962677002e-07,4.129860780244243e-06,6.20303807330469e-06,0.00019996910095210207,52.234314414571585,0.1339829390247663,0.13821956524083892,0.7023999691009521
in100.floorssl.s0.d256vm4zonly,306,6.638251850093025e-05,0.7277111411094666,0.0014969331975933642,-3.2708048820495605e-06,3.140188670536226e-06,1.0166131797995082e-05,-0.00040003089904783184,52.234314414571585,0.1339829390247663,0.13821956524083892,0.7023999691009521
in100.floorssl.s0.d256vm4zonly,307,6.529237409579857e-05,0.723980724811554,-0.0008313295967923295,9.452303250612193e-06,9.459040261783347e-06,-7.232985699712202e-06,-0.00040003089904783184,52.234314414571585,0.1339829390247663,0.13821956524083892,0.7023999691009521
in100.floorssl.s0.d256vm4zonly,308,6.258095273425741e-05,0.7152193188667297,0.0005558959892653093,1.817941665649414e-06,3.147418027760196e-06,3.1449144653472594e-06,0.00019996910095210207,52.234314414571585,0.1339829390247663,0.13821956524083892,0.7023999691009521
in100.floorssl.s0.d256vm4zonly,309,6.239691127767699e-05,0.7221387028694153,0.0022646097810579136,-3.4620364507131907e-06,3.3441659555988323e-06,1.5070751436252472e-05,-3.089904787589859e-08,52.234314414571585,0.1339829390247663,0.13821956524083892,0.7023999691009521
in100.floorssl.s0.d256vm4zonly,310,6.168909350079336e-05,0.758446455001831,0.0010837072043159424,1.125037670135498e-06,6.063567521891189e-06,6.63375138615363e-06,-0.00020003089904785387,52.234314414571585,0.1339829390247663,0.13821956524083892,0.7023999691009521
in100.floorssl.s0.d256vm4zonly,311,5.93822280092354e-05,0.7209967970848083,-0.001113577899189977,7.24693139392274e-06,6.5102137826733575e-06,-8.563227179403388e-06,0.00039996910095219107,52.234314414571585,0.1339829390247663,0.13821956524083892,0.7023999691009521
in100.floorssl.s0.d256vm4zonly,312,5.87619012389627e-05,0.7967102527618408,8.182501040465695e-05,2.312163511902776e-06,6.344386910633881e-06,3.793439296018164e-08,0.00039996910095219107,52.234314414571585,0.1339829390247663,0.13821956524083892,0.7023999691009521
in100.floorssl.s0.d256vm4zonly,313,5.8113947604101074e-05,0.6756325364112854,0.000914113031271313,1.3783574104309082e-06,4.361547527198528e-06,5.5063555653434015e-06,-3.089904787589859e-08,52.234314414571585,0.1339829390247663,0.13821956524083892,0.7023999691009521
in100.floorssl.s0.d256vm4zonly,314,5.7284347864615994e-05,0.7120488882064819,0.0009423230691822937,-5.65995772680572e-06,-1.8241946644070861e-06,7.148096848041963e-06,0.00019996910095210207,52.234314414571585,0.1339829390247663,0.13821956524083892,0.7023999691009521
in100.floorssl.s0.d256vm4zonly,315,5.669391242720477e-05,0.7483178973197937,0.0007041828348448576,3.3502777417315777e-06,3.235595215506093e-06,3.7661199297489567e-06,-3.089904787589859e-08,52.234314414571585,0.1339829390247663,0.13821956524083892,0.7023999691009521
in100.floorssl.s0.d256vm4zonly,316,5.4702353181945304e-05,0.7134838104248047,0.00044832940594119464,8.071462313241629e-07,1.2524964021487506e-06,2.673352405280216e-06,0.00019996910095210207,52.234314414571585,0.1339829390247663,0.13821956524083892,0.7023999691009521
in100.floorssl.s0.d256vm4zonly,317,5.4396237641438075e-05,0.7167244553565979,-0.001584272099925954,7.040798664093018e-06,2.685700325522067e-06,-1.1503233815657321e-05,-3.089904787589859e-08,52.234314414571585,0.1339829390247663,0.13821956524083892,0.7023999691009521
in100.floorssl.s0.d256vm4zonly,318,5.351909833866308e-05,0.7018722295761108,-0.0006564514936613364,3.5290916760577495e-06,4.072539968008604e-06,-4.893572247366418e-06,-0.00020003089904785387,52.234314414571585,0.1339829390247663,0.13821956524083892,0.7023999691009521
in100.floorssl.s0.d256vm4zonly,319,5.274746501561528e-05,0.7268742918968201,-0.0006552815522624655,5.972882111848765e-06,6.272658712530577e-06,-5.394119680146581e-06,-3.089904787589859e-08,52.234314414571585,0.1339829390247663,0.13821956524083892,0.7023999691009521
in100.floorssl.s0.d256vm4zonly,320,5.220705403486481e-05,0.7294519543647766,-0.0013443380996633891,3.6085645357675222e-06,3.148361275573386e-07,-9.269322030658333e-06,0.00019996910095210207,52.234314414571585,0.1339829390247663,0.13821956524083892,0.7023999691009521
in100.floorssl.s0.d256vm4zonly,321,5.114041037469071e-05,0.7846561670303345,0.0015734518876087122,-1.045564810453481e-06,2.6926731809540083e-06,1.0188507055697293e-05,0.00039996910095219107,52.234314414571585,0.1339829390247663,0.13821956524083892,0.7023999691009521
in100.floorssl.s0.d256vm4zonly,322,5.043200132284745e-05,0.7368062138557434,0.0006670936434716168,2.7939677238464355e-06,4.903235635955738e-06,3.646714208660473e-06,-3.089904787589859e-08,52.234314414571585,0.1339829390247663,0.13821956524083892,0.7023999691009521
in100.floorssl.s0.d256vm4zonly,323,4.9614366093829733e-05,0.7232438325881958,-0.0013745919500891546,9.581446647644043e-06,9.528857492585585e-06,-1.0702556401342989e-05,-0.00020003089904785387,52.234314414571585,0.1339829390247663,0.13821956524083892,0.7023999691009521
in100.floorssl.s0.d256vm4zonly,324,4.900250047208219e-05,0.7296468615531921,-0.0017852120668564453,1.0172526041657415e-05,2.797604257809283e-06,-1.342757237660086e-05,-0.00020003089904785387,52.234314414571585,0.1339829390247663,0.13821956524083892,0.7023999691009521
in100.floorssl.s0.d256vm4zonly,325,4.805591752351018e-05,0.7103824615478516,3.4180999499255904e-05,-1.2169281643492624e-07,1.6723784320438195e-06,2.4190446057392734e-07,0.000599969100952169,52.234314414571585,0.1339829390247663,0.13821956524083892,0.7023999691009521
in100.floorssl.s0.d256vm4zonly,326,4.686894511003486e-05,0.7798151969909668,0.0027795478895882297,-6.002684434264216e-06,2.9449427862704436e-06,1.886207819412622e-05,-3.089904787589859e-08,52.234314414571585,0.1339829390247663,0.13821956524083892,0.7023999691009521
in100.floorssl.s0.d256vm4zonly,327,4.5685150402298675e-05,0.7046108245849609,0.0013407704275394394,-2.761681874602351e-06,2.0172647073324335e-06,9.070681831591099e-06,-3.089904787589859e-08,52.234314414571585,0.1339829390247663,0.13821956524083892,0.7023999691009521
in100.floorssl.s0.d256vm4zonly,328,4.536382994258971e-05,0.7226869463920593,0.0009310491821423739,4.112720489501953e-06,8.640206116072857e-06,5.04532287765036e-06,-0.00020003089904785387,52.234314414571585,0.1339829390247663,0.13821956524083892,0.7023999691009521
in100.floorssl.s0.d256vm4zonly,329,4.5049553640097026e-05,0.7479248046875,-0.0012778058608517995,6.273388862609863e-06,1.2886333354555912e-06,-9.401603393854874e-06,0.00019996910095210207,52.234314414571585,0.1339829390247663,0.13821956524083892,0.7023999691009521
in100.floorssl.s0.d256vm4zonly,330,4.383312946950312e-05,0.7564215660095215,2.59954562409348e-05,1.1747082074298199e-06,3.8041333568494817e-06,-7.943582358560519e-08,-0.00040003089904783184,52.234314414571585,0.1339829390247663,0.13821956524083892,0.7023999691009521
in100.floorssl.s0.d256vm4zonly,331,4.348635820364104e-05,0.696740984916687,0.00021135573521746664,-1.6788641611920063e-06,1.234623747459196e-06,1.6883553846658295e-06,0.000599969100952169,52.234314414571585,0.1339829390247663,0.13821956524083892,0.7023999691009521
in100.floorssl.s0.d256vm4zonly,332,4.258076803889578e-05,0.7792614102363586,0.003675287607350697,-7.713834444700307e-06,1.7987080004611133e-06,2.4894178562329117e-05,-3.089904787589859e-08,52.234314414571585,0.1339829390247663,0.13821956524083892,0.7023999691009521
in100.floorssl.s0.d256vm4zonly,333,4.231859960706749e-05,0.7134026885032654,0.0003191234560091516,-2.376735210418701e-06,-4.8148293135541476e-06,2.516352160364388e-06,-0.00040003089904783184,52.234314414571585,0.1339829390247663,0.13821956524083892,0.7023999691009521
in100.floorssl.s0.d256vm4zonly,334,4.174270754955523e-05,0.7658063769340515,0.0006884936634961036,-2.729396025358266e-06,-4.986903374692986e-07,4.930404645941966e-06,-3.089904787589859e-08,52.234314414571585,0.1339829390247663,0.13821956524083892,0.7023999691009521
in100.floorssl.s0.d256vm4zonly,335,4.101187611249061e-05,0.7399498224258423,0.0017871019558697299,-5.46872615814209e-06,-7.284702838172841e-08,1.246182619679681e-05,-3.089904787589859e-08,52.234314414571585,0.1339829390247663,0.13821956524083892,0.7023999691009521
in100.floorssl.s0.d256vm4zonly,336,4.009306504057184e-05,0.7348942160606384,0.0015237329052268933,-5.590418974577016e-06,-2.022015524211218e-06,1.0818115637467596e-05,-0.00020003089904785387,52.234314414571585,0.1339829390247663,0.13821956524083892,0.7023999691009521
in100.floorssl.s0.d256vm4zonly,337,3.927689837031236e-05,0.7261136174201965,0.000693673956654095,-3.3254424731121723e-06,-4.887493448013647e-07,5.087125917457858e-06,-3.089904787589859e-08,52.234314414571585,0.1339829390247663,0.13821956524083892,0.7023999691009521
in100.floorssl.s0.d256vm4zonly,338,3.7832768945019827e-05,0.7648647427558899,0.00011976347055764336,-3.9239724478057347e-07,-1.1668844341061746e-06,8.405202800432221e-07,-3.089904787589859e-08,52.234314414571585,0.1339829390247663,0.13821956524083892,0.7023999691009521
in100.floorssl.s0.d256vm4zonly,339,3.741380934937936e-05,0.7584980726242065,0.00040355135352854177,-1.3907750448516332e-07,9.057116540367449e-07,2.586268033455408e-06,-0.00040003089904783184,52.234314414571585,0.1339829390247663,0.13821956524083892,0.7023999691009521
in100.floorssl.s0.d256vm4zonly,340,3.6711214389885864e-05,0.7307919859886169,0.0011063103171906619,-4.7485033671246235e-06,-1.2764644491680688e-06,7.997853153585144e-06,0.000599969100952169,52.234314414571585,0.1339829390247663,0.13821956524083892,0.7023999691009521
in100.floorssl.s0.d256vm4zonly,341,3.60017998023314e-05,0.7370449900627136,0.0019461471777049155,-6.3925981521606445e-06,-2.555133501530582e-06,1.3661751565918756e-05,-0.00040003089904783184,52.234314414571585,0.1339829390247663,0.13821956524083892,0.7023999691009521
in100.floorssl.s0.d256vm4zonly,342,3.558134747073523e-05,0.755184531211853,0.00037007893836715766,-2.880891164153132e-06,-1.1024406064152892e-06,2.9440568349303753e-06,0.00039996910095219107,52.234314414571585,0.1339829390247663,0.13821956524083892,0.7023999691009521
in100.floorssl.s0.d256vm4zonly,343,3.516433979623748e-05,0.6896834373474121,-1.0840875084738855e-05,8.468826611651714e-07,2.8421447177684467e-06,-2.4473147258730066e-07,0.00039996910095219107,52.234314414571585,0.1339829390247663,0.13821956524083892,0.7023999691009521
in100.floorssl.s0.d256vm4zonly,344,3.49279413672125e-05,0.7331572771072388,-0.0014964936464707534,1.0795891284942627e-05,6.285206176487312e-06,-1.1727496074864785e-05,-0.00020003089904785387,52.234314414571585,0.1339829390247663,0.13821956524083892,0.7023999691009521
in100.floorssl.s0.d256vm4zonly,345,3.427918184840173e-05,0.6752263307571411,-0.0018443297046175644,9.392698605836802e-06,4.838680759150504e-06,-1.3640115455570978e-05,-0.00020003089904785387,52.234314414571585,0.1339829390247663,0.13821956524083892,0.7023999691009521
in100.floorssl.s0.d256vm4zonly,346,3.3190589057429874e-05,0.7188549041748047,0.00013381159023850842,-7.972121238708496e-07,1.3594712095221784e-06,1.0136891502310341e-06,0.00039996910095219107,52.234314414571585,0.1339829390247663,0.13821956524083892,0.7023999691009521
in100.floorssl.s0.d256vm4zonly,347,3.224394235059737e-05,0.7163560390472412,0.0010281391850597288,-7.078051567077637e-06,-3.949803898034565e-06,7.98668743001718e-06,-3.089904787589859e-08,52.234314414571585,0.1339829390247663,0.13821956524083892,0.7023999691009521
in100.floorssl.s0.d256vm4zonly,348,3.1176938436151204e-05,0.7791915535926819,0.0007524762832389342,-2.3518999417715403e-06,2.4425674224892724e-07,5.257405585101793e-06,-0.00040003089904783184,52.234314414571585,0.1339829390247663,0.13821956524083892,0.7023999691009521
in100.floorssl.s0.d256vm4zonly,349,3.085809661682971e-05,0.7610601782798767,-0.0017471963406450186,1.0577340920747691e-05,5.303861994293557e-06,-1.3270805594711721e-05,-3.089904787589859e-08,52.234314414571585,0.1339829390247663,0.13821956524083892,0.7023999691009521
in100.floorssl.s0.d256vm4zonly,350,3.0169039098243024e-05,0.7008755803108215,-0.00024894169150257994,1.2690822283334402e-06,3.683196857229287e-07,-1.841366214172524e-06,0.00039996910095219107,52.234314414571585,0.1339829390247663,0.13821956524083892,0.7023999691009521
in100.floorssl.s0.d256vm4zonly,351,2.9747434249265654e-05,0.7484695911407471,0.0008297198882374346,1.8055240313119558e-06,5.174526760437503e-06,4.882754752910667e-06,-3.089904787589859e-08,52.234314414571585,0.1339829390247663,0.13821956524083892,0.7023999691009521
in100.floorssl.s0.d256vm4zonly,352,2.9384146313573255e-05,0.6871209740638733,-0.00028487034666113686,2.4388233820504812e-06,8.346373316370226e-07,-2.3121910873724616e-06,-3.089904787589859e-08,52.234314414571585,0.1339829390247663,0.13821956524083892,0.7023999691009521
in100.floorssl.s0.d256vm4zonly,353,2.9161633239518094e-05,0.7670806050300598,-0.0006751960784043831,4.137555758149114e-06,2.9706648235483524e-06,-5.138833379436658e-06,-3.089904787589859e-08,52.234314414571585,0.1339829390247663,0.13821956524083892,0.7023999691009521
in100.floorssl.s0.d256vm4zonly,354,2.799945702270338e-05,0.7549216151237488,0.0006669716863214603,-1.944601535797119e-06,1.0360181181001682e-06,4.63089110708248e-06,-0.00040003089904783184,52.234314414571585,0.1339829390247663,0.13821956524083892,0.7023999691009521
in100.floorssl.s0.d256vm4zonly,355,2.7398328866810138e-05,0.6977984309196472,0.00046015454088887964,-1.7335017522268625e-06,-1.6800903515912236e-06,3.276384020034495e-06,-0.00020003089904785387,52.234314414571585,0.1339829390247663,0.13821956524083892,0.7023999691009521
in100.floorssl.s0.d256vm4zonly,356,2.7144880791607214e-05,0.7260889410972595,0.000556237604101284,1.1896093686236675e-06,2.2897831560564352e-06,3.277683249758301e-06,-3.089904787589859e-08,52.234314414571585,0.1339829390247663,0.13821956524083892,0.7023999691009521
in100.floorssl.s0.d256vm4zonly,357,2.6139839504832507e-05,0.7539684176445007,-0.0010879147932314481,4.025797049195257e-06,1.5932222537373697e-06,-7.731057898918703e-06,-0.00020003089904785387,52.234314414571585,0.1339829390247663,0.13821956524083892,0.7023999691009521
in100.floorssl.s0.d256vm4zonly,358,2.596494718225204e-05,0.7177015542984009,0.0029707430446848093,-7.85539547604186e-06,3.553503166442429e-07,2.0458808721757205e-05,-0.00020003089904785387,52.234314414571585,0.1339829390247663,0.13821956524083892,0.7023999691009521
in100.floorssl.s0.d256vm4zonly,359,2.5493510170649573e-05,0.7477295994758606,0.0010939083484018397,-1.4826655387878418e-06,2.2941683686661385e-06,7.2404295188288614e-06,-3.089904787589859e-08,52.234314414571585,0.1339829390247663,0.13821956524083892,0.7023999691009521
in100.floorssl.s0.d256vm4zonly,360,2.4758127685123182e-05,0.7453658580780029,-4.188245105041233e-05,-7.475415865765278e-07,2.903171003321159e-07,-1.1003223709948884e-07,-3.089904787589859e-08,52.234314414571585,0.1339829390247663,0.13821956524083892,0.7023999691009521
in100.floorssl.s0.d256vm4zonly,361,2.4250866645493938e-05,0.7043207883834839,0.0006777769850998538,-3.3055742581777903e-06,-1.606704076950738e-06,4.982254884489112e-06,-3.089904787589859e-08,52.234314414571585,0.1339829390247663,0.13821956524083892,0.7023999691009521
in100.floorssl.s0.d256vm4zonly,362,2.37716235144007e-05,0.7741689085960388,-1.0383318453932588e-06,2.1805365880145366e-06,2.2592085828776476e-06,-4.5982212881767737e-07,-3.089904787589859e-08,52.234314414571585,0.1339829390247663,0.13821956524083892,0.7023999691009521
in100.floorssl.s0.d256vm4zonly,363,2.3354555421389257e-05,0.7363011837005615,-0.000778611065811674,1.924733320862737e-06,1.6801540252409097e-06,-5.3342352264729165e-06,-3.089904787589859e-08,52.234314414571585,0.1339829390247663,0.13821956524083892,0.7023999691009521
in100.floorssl.s0.d256vm4zonly,364,2.290657450038022e-05,0.7488487362861633,-0.000895919635453879,4.303952058137828e-06,3.3862874846135593e-06,-6.572175303920513e-06,0.00019996910095210207,52.234314414571585,0.1339829390247663,0.13821956524083892,0.7023999691009521
in100.floorssl.s0.d256vm4zonly,365,2.242232790961702e-05,0.7491154670715332,0.0012151659999233289,-3.896653652191162e-06,-7.923529601328028e-07,8.51062255841084e-06,-3.089904787589859e-08,52.234314414571585,0.1339829390247663,0.13821956524083892,0.7023999691009521
in100.floorssl.s0.d256vm4zonly,366,2.2056416160942116e-05,0.7535645365715027,0.000829877080512631,-3.5216410954885813e-06,-2.2207874850188603e-07,5.991045047171184e-06,0.00039996910095219107,52.234314414571585,0.1339829390247663,0.13821956524083892,0.7023999691009521
in100.floorssl.s0.d256vm4zonly,367,2.1263383708735548e-05,0.7208138108253479,0.0005305358833638252,-1.0604659716473286e-06,2.4538078680080844e-07,3.582504228383243e-06,-3.089904787589859e-08,52.234314414571585,0.1339829390247663,0.13821956524083892,0.7023999691009521
in100.floorssl.s0.d256vm4zonly,368,2.0656655199144797e-05,0.7519054412841797,-0.00043468441555916115,1.9272168477191265e-06,1.988848336104132e-06,-3.1552416233648906e-06,0.00019996910095210207,52.234314414571585,0.1339829390247663,0.13821956524083892,0.7023999691009521
in100.floorssl.s0.d256vm4zonly,369,2.0035269534355278e-05,0.7493265867233276,0.00016980720197068422,1.9843379656381277e-06,2.100819360834061e-06,6.636306508212009e-07,-3.089904787589859e-08,52.234314414571585,0.1339829390247663,0.13821956524083892,0.7023999691009521
in100.floorssl.s0.d256vm4zonly,370,1.9907936583963404e-05,0.7672812342643738,8.043679156344297e-05,8.692344027894094e-08,1.027899817901412e-06,4.916711199287604e-07,-3.089904787589859e-08,52.234314414571585,0.1339829390247663,0.13821956524083892,0.7023999691009521
in100.floorssl.s0.d256vm4zonly,371,1.9245420463881095e-05,0.7445285320281982,-0.0012889274649126037,6.034970283508301e-06,2.4453426528125988e-06,-9.422525286517658e-06,-0.00020003089904785387,52.234314414571585,0.1339829390247663,0.13821956524083892,0.7023999691009521
in100.floorssl.s0.d256vm4zonly,372,1.906186988896797e-05,0.7277863621711731,0.00012166456879469933,2.5480985641479492e-06,4.02871642604663e-06,2.413620778796144e-07,0.00019996910095210207,52.234314414571585,0.1339829390247663,0.13821956524083892,0.7023999691009521
in100.floorssl.s0.d256vm4zonly,373,1.8055022493694166e-05,0.7673348188400269,0.0002157920855268003,-1.1672576268606516e-06,8.795141074879886e-07,1.6101276025803912e-06,-0.00020003089904785387,52.234314414571585,0.1339829390247663,0.13821956524083892,0.7023999691009521
in100.floorssl.s0.d256vm4zonly,374,1.7245118910913758e-05,0.7122096419334412,-2.871946399807257e-05,-2.0836790402822825e-06,-2.54687923401109e-06,2.5111032014857315e-07,-0.00040003089904783184,52.234314414571585,0.1339829390247663,0.13821956524083892,0.7023999691009521
in100.floorssl.s0.d256vm4zonly,375,1.6864675797956837e-05,0.8045834302902222,0.0008871203213161039,-1.3659397761212055e-06,2.6907979644719138e-06,5.905723358512471e-06,-0.00020003089904785387,52.234314414571585,0.1339829390247663,0.13821956524083892,0.7023999691009521
in100.floorssl.s0.d256vm4zonly,376,1.6560129799468998e-05,0.7129217982292175,0.0010304517708519256,-2.1929542223797505e-06,8.559668182861468e-07,6.985935800674081e-06,0.00019996910095210207,52.234314414571585,0.1339829390247663,0.13821956524083892,0.7023999691009521
in100.floorssl.s0.d256vm4zonly,377,1.5765683905392976e-05,0.7292184233665466,0.00027949406792515674,-1.862645149230957e-07,5.323041533389361e-07,1.809908390437709e-06,-0.00020003089904785387,52.234314414571585,0.1339829390247663,0.13821956524083892,0.7023999691009521
in100.floorssl.s0.d256vm4zonly,378,1.4850649860895975e-05,0.7383285760879517,0.00030001385311351214,-8.692344029836985e-07,2.284467485458297e-07,2.081905839890208e-06,-3.089904787589859e-08,52.234314414571585,0.1339829390247663,0.13821956524083892,0.7023999691009521
in100.floorssl.s0.d256vm4zonly,379,1.4370542097521093e-05,0.7291658520698547,0.0009925290536472176,-2.731879552297922e-07,2.9389258797418716e-06,6.3465755296698845e-06,-3.089904787589859e-08,52.234314414571585,0.1339829390247663,0.13821956524083892,0.7023999691009521
in100.floorssl.s0.d256vm4zonly,380,1.3432107682233243e-05,0.7321151494979858,0.0014243107594609228,-3.2087167104177805e-06,1.4381237027627503e-06,9.693008032718442e-06,-3.089904787589859e-08,52.234314414571585,0.1339829390247663,0.13821956524083892,0.7023999691009521
in100.floorssl.s0.d256vm4zonly,381,1.096286706185834e-05,0.7559645771980286,0.0002806875343850379,-2.2798776626586914e-06,6.608693339793525e-08,2.2526458917648817e-06,-0.00020003089904785387,52.234314414571585,0.1339829390247663,0.13821956524083892,0.7023999691009521
in100.floorssl.s0.d256vm4zonly,382,7.271848647944229e-06,0.7005400657653809,-0.00032772759157495557,1.959502696990967e-06,1.4792290735921032e-06,-2.4841525984586887e-06,-3.089904787589859e-08,52.234314414571585,0.1339829390247663,0.13821956524083892,0.7023999691009521
in100.floorssl.s0.d256vm4zonly,383,5.218695714499215e-10,0.9972604513168335,2.1482496492808423e-07,-9.934107481068821e-09,-1.0602356770306187e-08,3.426259109762242e-09,-3.089904787589859e-08,52.234314414571585,0.1339829390247663,0.13821956524083892,0.7023999691009521
