run_id,space,arm,epochs,ep,val_acc
in100.simclr.s0.ext,student.h.gap,raw,30,0,0.3312
in100.simclr.s0.ext,student.h.gap,raw,30,1,0.3684
in100.simclr.s0.ext,student.h.gap,raw,30,2,0.3898
in100.simclr.s0.ext,student.h.gap,raw,30,3,0.4044
in100.simclr.s0.ext,student.h.gap,raw,30,4,0.4242
in100.simclr.s0.ext,student.h.gap,raw,30,5,0.4332
in100.simclr.s0.ext,student.h.gap,raw,30,6,0.4408
in100.simclr.s0.ext,student.h.gap,raw,30,7,0.4486
in100.simclr.s0.ext,student.h.gap,raw,30,8,0.4542
in100.simclr.s0.ext,student.h.gap,raw,30,9,0.4598
in100.simclr.s0.ext,student.h.gap,raw,30,10,0.462
in100.simclr.s0.ext,student.h.gap,raw,30,11,0.4688
in100.simclr.s0.ext,student.h.gap,raw,30,12,0.4726
in100.simclr.s0.ext,student.h.gap,raw,30,13,0.4754
in100.simclr.s0.ext,student.h.gap,raw,30,14,0.481
in100.simclr.s0.ext,student.h.gap,raw,30,15,0.482
in100.simclr.s0.ext,student.h.gap,raw,30,16,0.4848
in100.simclr.s0.ext,student.h.gap,raw,30,17,0.4902
in100.simclr.s0.ext,student.h.gap,raw,30,18,0.49
in100.simclr.s0.ext,student.h.gap,raw,30,19,0.491
in100.simclr.s0.ext,student.h.gap,raw,30,20,0.4924
in100.simclr.s0.ext,student.h.gap,raw,30,21,0.4964
in100.simclr.s0.ext,student.h.gap,raw,30,22,0.5012
in100.simclr.s0.ext,student.h.gap,raw,30,23,0.5034
in100.simclr.s0.ext,student.h.gap,raw,30,24,0.506
in100.simclr.s0.ext,student.h.gap,raw,30,25,0.5056
in100.simclr.s0.ext,student.h.gap,raw,30,26,0.5064
in100.simclr.s0.ext,student.h.gap,raw,30,27,0.5088
in100.simclr.s0.ext,student.h.gap,raw,30,28,0.511
in100.simclr.s0.ext,student.h.gap,raw,30,29,0.5116
in100.simclr.s0.ext,student.h.gap,raw,300,0,0.3312
in100.simclr.s0.ext,student.h.gap,raw,300,1,0.3684
in100.simclr.s0.ext,student.h.gap,raw,300,2,0.3898
in100.simclr.s0.ext,student.h.gap,raw,300,3,0.4044
in100.simclr.s0.ext,student.h.gap,raw,300,4,0.4242
in100.simclr.s0.ext,student.h.gap,raw,300,5,0.4332
in100.simclr.s0.ext,student.h.gap,raw,300,6,0.4408
in100.simclr.s0.ext,student.h.gap,raw,300,7,0.4486
in100.simclr.s0.ext,student.h.gap,raw,300,8,0.4542
in100.simclr.s0.ext,student.h.gap,raw,300,9,0.4598
in100.simclr.s0.ext,student.h.gap,raw,300,10,0.462
in100.simclr.s0.ext,student.h.gap,raw,300,11,0.4688
in100.simclr.s0.ext,student.h.gap,raw,300,12,0.4726
in100.simclr.s0.ext,student.h.gap,raw,300,13,0.4754
in100.simclr.s0.ext,student.h.gap,raw,300,14,0.481
in100.simclr.s0.ext,student.h.gap,raw,300,15,0.482
in100.simclr.s0.ext,student.h.gap,raw,300,16,0.4848
in100.simclr.s0.ext,student.h.gap,raw,300,17,0.4902
in100.simclr.s0.ext,student.h.gap,raw,300,18,0.49
in100.simclr.s0.ext,student.h.gap,raw,300,19,0.491
in100.simclr.s0.ext,student.h.gap,raw,300,20,0.4924
in100.simclr.s0.ext,student.h.gap,raw,300,21,0.4964
in100.simclr.s0.ext,student.h.gap,raw,300,22,0.5012
in100.simclr.s0.ext,student.h.gap,raw,300,23,0.5034
in100.simclr.s0.ext,student.h.gap,raw,300,24,0.506
in100.simclr.s0.ext,student.h.gap,raw,300,25,0.5056
in100.simclr.s0.ext,student.h.gap,raw,300,26,0.5064
in100.simclr.s0.ext,student.h.gap,raw,300,27,0.5088
in100.simclr.s0.ext,student.h.gap,raw,300,28,0.511
in100.simclr.s0.ext,student.h.gap,raw,300,29,0.5116
in100.simclr.s0.ext,student.h.gap,raw,300,30,0.5116
in100.simclr.s0.ext,student.h.gap,raw,300,31,0.5122
in100.simclr.s0.ext,student.h.gap,raw,300,32,0.5138
in100.simclr.s0.ext,student.h.gap,raw,300,33,0.5126
in100.simclr.s0.ext,student.h.gap,raw,300,34,0.5158
in100.simclr.s0.ext,student.h.gap,raw,300,35,0.5132
in100.simclr.s0.ext,student.h.gap,raw,300,36,0.5188
in100.simclr.s0.ext,student.h.gap,raw,300,37,0.5174
in100.simclr.s0.ext,student.h.gap,raw,300,38,0.5182
in100.simclr.s0.ext,student.h.gap,raw,300,39,0.5204
in100.simclr.s0.ext,student.h.gap,raw,300,40,0.522
in100.simclr.s0.ext,student.h.gap,raw,300,41,0.521
in100.simclr.s0.ext,student.h.gap,raw,300,42,0.5212
in100.simclr.s0.ext,student.h.gap,raw,300,43,0.524
in100.simclr.s0.ext,student.h.gap,raw,300,44,0.5202
in100.simclr.s0.ext,student.h.gap,raw,300,45,0.5228
in100.simclr.s0.ext,student.h.gap,raw,300,46,0.523
in100.simclr.s0.ext,student.h.gap,raw,300,47,0.5234
in100.simclr.s0.ext,student.h.gap,raw,300,48,0.5234
in100.simclr.s0.ext,student.h.gap,raw,300,49,0.5254
in100.simclr.s0.ext,student.h.gap,raw,300,50,0.5244
in100.simclr.s0.ext,student.h.gap,raw,300,51,0.5238
in100.simclr.s0.ext,student.h.gap,raw,300,52,0.5254
in100.simclr.s0.ext,student.h.gap,raw,300,53,0.5272
in100.simclr.s0.ext,student.h.gap,raw,300,54,0.5252
in100.simclr.s0.ext,student.h.gap,raw,300,55,0.5248
in100.simclr.s0.ext,student.h.gap,raw,300,56,0.524
in100.simclr.s0.ext,student.h.gap,raw,300,57,0.5254
in100.simclr.s0.ext,student.h.gap,raw,300,58,0.5262
in100.simclr.s0.ext,student.h.gap,raw,300,59,0.5242
in100.simclr.s0.ext,student.h.gap,raw,300,60,0.5262
in100.simclr.s0.ext,student.h.gap,raw,300,61,0.529
in100.simclr.s0.ext,student.h.gap,raw,300,62,0.5288
in100.simclr.s0.ext,student.h.gap,raw,300,63,0.527
in100.simclr.s0.ext,student.h.gap,raw,300,64,0.5274
in100.simclr.s0.ext,student.h.gap,raw,300,65,0.529
in100.simclr.s0.ext,student.h.gap,raw,300,66,0.5292
in100.simclr.s0.ext,student.h.gap,raw,300,67,0.5292
in100.simclr.s0.ext,student.h.gap,raw,300,68,0.5282
in100.simclr.s0.ext,student.h.gap,raw,300,69,0.5282
in100.simclr.s0.ext,student.h.gap,raw,300,70,0.5278
in100.simclr.s0.ext,student.h.gap,raw,300,71,0.534
in100.simclr.s0.ext,student.h.gap,raw,300,72,0.5324
in100.simclr.s0.ext,student.h.gap,raw,300,73,0.5322
in100.simclr.s0.ext,student.h.gap,raw,300,74,0.5276
in100.simclr.s0.ext,student.h.gap,raw,300,75,0.5304
in100.simclr.s0.ext,student.h.gap,raw,300,76,0.533
in100.simclr.s0.ext,student.h.gap,raw,300,77,0.5322
in100.simclr.s0.ext,student.h.gap,raw,300,78,0.5352
in100.simclr.s0.ext,student.h.gap,raw,300,79,0.53
in100.simclr.s0.ext,student.h.gap,raw,300,80,0.5304
in100.simclr.s0.ext,student.h.gap,raw,300,81,0.5308
in100.simclr.s0.ext,student.h.gap,raw,300,82,0.5368
in100.simclr.s0.ext,student.h.gap,raw,300,83,0.5352
in100.simclr.s0.ext,student.h.gap,raw,300,84,0.5336
in100.simclr.s0.ext,student.h.gap,raw,300,85,0.535
in100.simclr.s0.ext,student.h.gap,raw,300,86,0.5338
in100.simclr.s0.ext,student.h.gap,raw,300,87,0.536
in100.simclr.s0.ext,student.h.gap,raw,300,88,0.5348
in100.simclr.s0.ext,student.h.gap,raw,300,89,0.5358
in100.simclr.s0.ext,student.h.gap,raw,300,90,0.5346
in100.simclr.s0.ext,student.h.gap,raw,300,91,0.5346
in100.simclr.s0.ext,student.h.gap,raw,300,92,0.5374
in100.simclr.s0.ext,student.h.gap,raw,300,93,0.5368
in100.simclr.s0.ext,student.h.gap,raw,300,94,0.537
in100.simclr.s0.ext,student.h.gap,raw,300,95,0.5358
in100.simclr.s0.ext,student.h.gap,raw,300,96,0.5362
in100.simclr.s0.ext,student.h.gap,raw,300,97,0.5392
in100.simclr.s0.ext,student.h.gap,raw,300,98,0.5392
in100.simclr.s0.ext,student.h.gap,raw,300,99,0.5402
in100.simclr.s0.ext,student.h.gap,raw,300,100,0.538
in100.simclr.s0.ext,student.h.gap,raw,300,101,0.5404
in100.simclr.s0.ext,student.h.gap,raw,300,102,0.5384
in100.simclr.s0.ext,student.h.gap,raw,300,103,0.5408
in100.simclr.s0.ext,student.h.gap,raw,300,104,0.5406
in100.simclr.s0.ext,student.h.gap,raw,300,105,0.5398
in100.simclr.s0.ext,student.h.gap,raw,300,106,0.5416
in100.simclr.s0.ext,student.h.gap,raw,300,107,0.5424
in100.simclr.s0.ext,student.h.gap,raw,300,108,0.5394
in100.simclr.s0.ext,student.h.gap,raw,300,109,0.5406
in100.simclr.s0.ext,student.h.gap,raw,300,110,0.5412
in100.simclr.s0.ext,student.h.gap,raw,300,111,0.5392
in100.simclr.s0.ext,student.h.gap,raw,300,112,0.5416
in100.simclr.s0.ext,student.h.gap,raw,300,113,0.54
in100.simclr.s0.ext,student.h.gap,raw,300,114,0.5408
in100.simclr.s0.ext,student.h.gap,raw,300,115,0.5418
in100.simclr.s0.ext,student.h.gap,raw,300,116,0.5404
in100.simclr.s0.ext,student.h.gap,raw,300,117,0.5394
in100.simclr.s0.ext,student.h.gap,raw,300,118,0.5416
in100.simclr.s0.ext,student.h.gap,raw,300,119,0.5406
in100.simclr.s0.ext,student.h.gap,raw,300,120,0.5426
in100.simclr.s0.ext,student.h.gap,raw,300,121,0.5406
in100.simclr.s0.ext,student.h.gap,raw,300,122,0.546
in100.simclr.s0.ext,student.h.gap,raw,300,123,0.5438
in100.simclr.s0.ext,student.h.gap,raw,300,124,0.5442
in100.simclr.s0.ext,student.h.gap,raw,300,125,0.5454
in100.simclr.s0.ext,student.h.gap,raw,300,126,0.54
in100.simclr.s0.ext,student.h.gap,raw,300,127,0.5424
in100.simclr.s0.ext,student.h.gap,raw,300,128,0.541
in100.simclr.s0.ext,student.h.gap,raw,300,129,0.5428
in100.simclr.s0.ext,student.h.gap,raw,300,130,0.5442
in100.simclr.s0.ext,student.h.gap,raw,300,131,0.5456
in100.simclr.s0.ext,student.h.gap,raw,300,132,0.5452
in100.simclr.s0.ext,student.h.gap,raw,300,133,0.5434
in100.simclr.s0.ext,student.h.gap,raw,300,134,0.543
in100.simclr.s0.ext,student.h.gap,raw,300,135,0.5436
in100.simclr.s0.ext,student.h.gap,raw,300,136,0.5466
in100.simclr.s0.ext,student.h.gap,raw,300,137,0.5466
in100.simclr.s0.ext,student.h.gap,raw,300,138,0.5454
in100.simclr.s0.ext,student.h.gap,raw,300,139,0.5452
in100.simclr.s0.ext,student.h.gap,raw,300,140,0.547
in100.simclr.s0.ext,student.h.gap,raw,300,141,0.5456
in100.simclr.s0.ext,student.h.gap,raw,300,142,0.5464
in100.simclr.s0.ext,student.h.gap,raw,300,143,0.5462
in100.simclr.s0.ext,student.h.gap,raw,300,144,0.546
in100.simclr.s0.ext,student.h.gap,raw,300,145,0.543
in100.simclr.s0.ext,student.h.gap,raw,300,146,0.5462
in100.simclr.s0.ext,student.h.gap,raw,300,147,0.5446
in100.simclr.s0.ext,student.h.gap,raw,300,148,0.5474
in100.simclr.s0.ext,student.h.gap,raw,300,149,0.5466
in100.simclr.s0.ext,student.h.gap,raw,300,150,0.5496
in100.simclr.s0.ext,student.h.gap,raw,300,151,0.5424
in100.simclr.s0.ext,student.h.gap,raw,300,152,0.5464
in100.simclr.s0.ext,student.h.gap,raw,300,153,0.5462
in100.simclr.s0.ext,student.h.gap,raw,300,154,0.5456
in100.simclr.s0.ext,student.h.gap,raw,300,155,0.5438
in100.simclr.s0.ext,student.h.gap,raw,300,156,0.5478
in100.simclr.s0.ext,student.h.gap,raw,300,157,0.5506
in100.simclr.s0.ext,student.h.gap,raw,300,158,0.5484
in100.simclr.s0.ext,student.h.gap,raw,300,159,0.545
in100.simclr.s0.ext,student.h.gap,raw,300,160,0.5488
in100.simclr.s0.ext,student.h.gap,raw,300,161,0.5468
in100.simclr.s0.ext,student.h.gap,raw,300,162,0.547
in100.simclr.s0.ext,student.h.gap,raw,300,163,0.5492
in100.simclr.s0.ext,student.h.gap,raw,300,164,0.5466
in100.simclr.s0.ext,student.h.gap,raw,300,165,0.5486
in100.simclr.s0.ext,student.h.gap,raw,300,166,0.5486
in100.simclr.s0.ext,student.h.gap,raw,300,167,0.5496
in100.simclr.s0.ext,student.h.gap,raw,300,168,0.5504
in100.simclr.s0.ext,student.h.gap,raw,300,169,0.5498
in100.simclr.s0.ext,student.h.gap,raw,300,170,0.5472
in100.simclr.s0.ext,student.h.gap,raw,300,171,0.55
in100.simclr.s0.ext,student.h.gap,raw,300,172,0.5496
in100.simclr.s0.ext,student.h.gap,raw,300,173,0.5478
in100.simclr.s0.ext,student.h.gap,raw,300,174,0.5508
in100.simclr.s0.ext,student.h.gap,raw,300,175,0.5508
in100.simclr.s0.ext,student.h.gap,raw,300,176,0.547
in100.simclr.s0.ext,student.h.gap,raw,300,177,0.551
in100.simclr.s0.ext,student.h.gap,raw,300,178,0.5502
in100.simclr.s0.ext,student.h.gap,raw,300,179,0.5506
in100.simclr.s0.ext,student.h.gap,raw,300,180,0.5494
in100.simclr.s0.ext,student.h.gap,raw,300,181,0.549
in100.simclr.s0.ext,student.h.gap,raw,300,182,0.551
in100.simclr.s0.ext,student.h.gap,raw,300,183,0.5512
in100.simclr.s0.ext,student.h.gap,raw,300,184,0.5492
in100.simclr.s0.ext,student.h.gap,raw,300,185,0.5526
in100.simclr.s0.ext,student.h.gap,raw,300,186,0.5526
in100.simclr.s0.ext,student.h.gap,raw,300,187,0.5504
in100.simclr.s0.ext,student.h.gap,raw,300,188,0.551
in100.simclr.s0.ext,student.h.gap,raw,300,189,0.5504
in100.simclr.s0.ext,student.h.gap,raw,300,190,0.5518
in100.simclr.s0.ext,student.h.gap,raw,300,191,0.5488
in100.simclr.s0.ext,student.h.gap,raw,300,192,0.5518
in100.simclr.s0.ext,student.h.gap,raw,300,193,0.552
in100.simclr.s0.ext,student.h.gap,raw,300,194,0.5528
in100.simclr.s0.ext,student.h.gap,raw,300,195,0.554
in100.simclr.s0.ext,student.h.gap,raw,300,196,0.5528
in100.simclr.s0.ext,student.h.gap,raw,300,197,0.5508
in100.simclr.s0.ext,student.h.gap,raw,300,198,0.5528
in100.simclr.s0.ext,student.h.gap,raw,300,199,0.5516
in100.simclr.s0.ext,student.h.gap,raw,300,200,0.5508
in100.simclr.s0.ext,student.h.gap,raw,300,201,0.5512
in100.simclr.s0.ext,student.h.gap,raw,300,202,0.5516
in100.simclr.s0.ext,student.h.gap,raw,300,203,0.5536
in100.simclr.s0.ext,student.h.gap,raw,300,204,0.5524
in100.simclr.s0.ext,student.h.gap,raw,300,205,0.554
in100.simclr.s0.ext,student.h.gap,raw,300,206,0.5518
in100.simclr.s0.ext,student.h.gap,raw,300,207,0.551
in100.simclr.s0.ext,student.h.gap,raw,300,208,0.5512
in100.simclr.s0.ext,student.h.gap,raw,300,209,0.5516
in100.simclr.s0.ext,student.h.gap,raw,300,210,0.5534
in100.simclr.s0.ext,student.h.gap,raw,300,211,0.5534
in100.simclr.s0.ext,student.h.gap,raw,300,212,0.5534
in100.simclr.s0.ext,student.h.gap,raw,300,213,0.5538
in100.simclr.s0.ext,student.h.gap,raw,300,214,0.5564
in100.simclr.s0.ext,student.h.gap,raw,300,215,0.5542
in100.simclr.s0.ext,student.h.gap,raw,300,216,0.5508
in100.simclr.s0.ext,student.h.gap,raw,300,217,0.5542
in100.simclr.s0.ext,student.h.gap,raw,300,218,0.5534
in100.simclr.s0.ext,student.h.gap,raw,300,219,0.5532
in100.simclr.s0.ext,student.h.gap,raw,300,220,0.5536
in100.simclr.s0.ext,student.h.gap,raw,300,221,0.553
in100.simclr.s0.ext,student.h.gap,raw,300,222,0.555
in100.simclr.s0.ext,student.h.gap,raw,300,223,0.5502
in100.simclr.s0.ext,student.h.gap,raw,300,224,0.5544
in100.simclr.s0.ext,student.h.gap,raw,300,225,0.5548
in100.simclr.s0.ext,student.h.gap,raw,300,226,0.5554
in100.simclr.s0.ext,student.h.gap,raw,300,227,0.5542
in100.simclr.s0.ext,student.h.gap,raw,300,228,0.5548
in100.simclr.s0.ext,student.h.gap,raw,300,229,0.5544
in100.simclr.s0.ext,student.h.gap,raw,300,230,0.5556
in100.simclr.s0.ext,student.h.gap,raw,300,231,0.5534
in100.simclr.s0.ext,student.h.gap,raw,300,232,0.5522
in100.simclr.s0.ext,student.h.gap,raw,300,233,0.5548
in100.simclr.s0.ext,student.h.gap,raw,300,234,0.5502
in100.simclr.s0.ext,student.h.gap,raw,300,235,0.552
in100.simclr.s0.ext,student.h.gap,raw,300,236,0.5564
in100.simclr.s0.ext,student.h.gap,raw,300,237,0.55
in100.simclr.s0.ext,student.h.gap,raw,300,238,0.5528
in100.simclr.s0.ext,student.h.gap,raw,300,239,0.5536
in100.simclr.s0.ext,student.h.gap,raw,300,240,0.553
in100.simclr.s0.ext,student.h.gap,raw,300,241,0.556
in100.simclr.s0.ext,student.h.gap,raw,300,242,0.556
in100.simclr.s0.ext,student.h.gap,raw,300,243,0.5556
in100.simclr.s0.ext,student.h.gap,raw,300,244,0.5538
in100.simclr.s0.ext,student.h.gap,raw,300,245,0.5512
in100.simclr.s0.ext,student.h.gap,raw,300,246,0.5536
in100.simclr.s0.ext,student.h.gap,raw,300,247,0.554
in100.simclr.s0.ext,student.h.gap,raw,300,248,0.5532
in100.simclr.s0.ext,student.h.gap,raw,300,249,0.553
in100.simclr.s0.ext,student.h.gap,raw,300,250,0.5538
in100.simclr.s0.ext,student.h.gap,raw,300,251,0.5526
in100.simclr.s0.ext,student.h.gap,raw,300,252,0.5544
in100.simclr.s0.ext,student.h.gap,raw,300,253,0.5524
in100.simclr.s0.ext,student.h.gap,raw,300,254,0.5542
in100.simclr.s0.ext,student.h.gap,raw,300,255,0.555
in100.simclr.s0.ext,student.h.gap,raw,300,256,0.553
in100.simclr.s0.ext,student.h.gap,raw,300,257,0.554
in100.simclr.s0.ext,student.h.gap,raw,300,258,0.5564
in100.simclr.s0.ext,student.h.gap,raw,300,259,0.554
in100.simclr.s0.ext,student.h.gap,raw,300,260,0.5568
in100.simclr.s0.ext,student.h.gap,raw,300,261,0.553
in100.simclr.s0.ext,student.h.gap,raw,300,262,0.5546
in100.simclr.s0.ext,student.h.gap,raw,300,263,0.5572
in100.simclr.s0.ext,student.h.gap,raw,300,264,0.5546
in100.simclr.s0.ext,student.h.gap,raw,300,265,0.5546
in100.simclr.s0.ext,student.h.gap,raw,300,266,0.5528
in100.simclr.s0.ext,student.h.gap,raw,300,267,0.5584
in100.simclr.s0.ext,student.h.gap,raw,300,268,0.557
in100.simclr.s0.ext,student.h.gap,raw,300,269,0.5538
in100.simclr.s0.ext,student.h.gap,raw,300,270,0.5542
in100.simclr.s0.ext,student.h.gap,raw,300,271,0.555
in100.simclr.s0.ext,student.h.gap,raw,300,272,0.5564
in100.simclr.s0.ext,student.h.gap,raw,300,273,0.5566
in100.simclr.s0.ext,student.h.gap,raw,300,274,0.553
in100.simclr.s0.ext,student.h.gap,raw,300,275,0.5564
in100.simclr.s0.ext,student.h.gap,raw,300,276,0.5564
in100.simclr.s0.ext,student.h.gap,raw,300,277,0.5534
in100.simclr.s0.ext,student.h.gap,raw,300,278,0.5552
in100.simclr.s0.ext,student.h.gap,raw,300,279,0.5552
in100.simclr.s0.ext,student.h.gap,raw,300,280,0.5538
in100.simclr.s0.ext,student.h.gap,raw,300,281,0.5568
in100.simclr.s0.ext,student.h.gap,raw,300,282,0.5546
in100.simclr.s0.ext,student.h.gap,raw,300,283,0.5556
in100.simclr.s0.ext,student.h.gap,raw,300,284,0.5564
in100.simclr.s0.ext,student.h.gap,raw,300,285,0.5538
in100.simclr.s0.ext,student.h.gap,raw,300,286,0.5554
in100.simclr.s0.ext,student.h.gap,raw,300,287,0.5548
in100.simclr.s0.ext,student.h.gap,raw,300,288,0.5542
in100.simclr.s0.ext,student.h.gap,raw,300,289,0.5558
in100.simclr.s0.ext,student.h.gap,raw,300,290,0.5544
in100.simclr.s0.ext,student.h.gap,raw,300,291,0.5554
in100.simclr.s0.ext,student.h.gap,raw,300,292,0.5558
in100.simclr.s0.ext,student.h.gap,raw,300,293,0.5562
in100.simclr.s0.ext,student.h.gap,raw,300,294,0.5576
in100.simclr.s0.ext,student.h.gap,raw,300,295,0.5562
in100.simclr.s0.ext,student.h.gap,raw,300,296,0.5548
in100.simclr.s0.ext,student.h.gap,raw,300,297,0.555
in100.simclr.s0.ext,student.h.gap,raw,300,298,0.5562
in100.simclr.s0.ext,student.h.gap,raw,300,299,0.557
in100.simclr.s0.ext,student.h.gap,std,30,0,0.449
in100.simclr.s0.ext,student.h.gap,std,30,1,0.4918
in100.simclr.s0.ext,student.h.gap,std,30,2,0.4984
in100.simclr.s0.ext,student.h.gap,std,30,3,0.5126
in100.simclr.s0.ext,student.h.gap,std,30,4,0.52
in100.simclr.s0.ext,student.h.gap,std,30,5,0.524
in100.simclr.s0.ext,student.h.gap,std,30,6,0.5244
in100.simclr.s0.ext,student.h.gap,std,30,7,0.5322
in100.simclr.s0.ext,student.h.gap,std,30,8,0.5336
in100.simclr.s0.ext,student.h.gap,std,30,9,0.5388
in100.simclr.s0.ext,student.h.gap,std,30,10,0.5384
in100.simclr.s0.ext,student.h.gap,std,30,11,0.5406
in100.simclr.s0.ext,student.h.gap,std,30,12,0.5396
in100.simclr.s0.ext,student.h.gap,std,30,13,0.5426
in100.simclr.s0.ext,student.h.gap,std,30,14,0.5438
in100.simclr.s0.ext,student.h.gap,std,30,15,0.5408
in100.simclr.s0.ext,student.h.gap,std,30,16,0.544
in100.simclr.s0.ext,student.h.gap,std,30,17,0.5432
in100.simclr.s0.ext,student.h.gap,std,30,18,0.5456
in100.simclr.s0.ext,student.h.gap,std,30,19,0.549
in100.simclr.s0.ext,student.h.gap,std,30,20,0.5456
in100.simclr.s0.ext,student.h.gap,std,30,21,0.5486
in100.simclr.s0.ext,student.h.gap,std,30,22,0.5506
in100.simclr.s0.ext,student.h.gap,std,30,23,0.5496
in100.simclr.s0.ext,student.h.gap,std,30,24,0.5492
in100.simclr.s0.ext,student.h.gap,std,30,25,0.5502
in100.simclr.s0.ext,student.h.gap,std,30,26,0.548
in100.simclr.s0.ext,student.h.gap,std,30,27,0.5516
in100.simclr.s0.ext,student.h.gap,std,30,28,0.5518
in100.simclr.s0.ext,student.h.gap,std,30,29,0.5526
in100.simclr.s0.ext,student.h.gap,std,300,0,0.449
in100.simclr.s0.ext,student.h.gap,std,300,1,0.4918
in100.simclr.s0.ext,student.h.gap,std,300,2,0.4984
in100.simclr.s0.ext,student.h.gap,std,300,3,0.5126
in100.simclr.s0.ext,student.h.gap,std,300,4,0.52
in100.simclr.s0.ext,student.h.gap,std,300,5,0.524
in100.simclr.s0.ext,student.h.gap,std,300,6,0.5244
in100.simclr.s0.ext,student.h.gap,std,300,7,0.5322
in100.simclr.s0.ext,student.h.gap,std,300,8,0.5336
in100.simclr.s0.ext,student.h.gap,std,300,9,0.5388
in100.simclr.s0.ext,student.h.gap,std,300,10,0.5384
in100.simclr.s0.ext,student.h.gap,std,300,11,0.5406
in100.simclr.s0.ext,student.h.gap,std,300,12,0.5396
in100.simclr.s0.ext,student.h.gap,std,300,13,0.5426
in100.simclr.s0.ext,student.h.gap,std,300,14,0.5438
in100.simclr.s0.ext,student.h.gap,std,300,15,0.5408
in100.simclr.s0.ext,student.h.gap,std,300,16,0.544
in100.simclr.s0.ext,student.h.gap,std,300,17,0.5432
in100.simclr.s0.ext,student.h.gap,std,300,18,0.5456
in100.simclr.s0.ext,student.h.gap,std,300,19,0.549
in100.simclr.s0.ext,student.h.gap,std,300,20,0.5456
in100.simclr.s0.ext,student.h.gap,std,300,21,0.5486
in100.simclr.s0.ext,student.h.gap,std,300,22,0.5506
in100.simclr.s0.ext,student.h.gap,std,300,23,0.5496
in100.simclr.s0.ext,student.h.gap,std,300,24,0.5492
in100.simclr.s0.ext,student.h.gap,std,300,25,0.5502
in100.simclr.s0.ext,student.h.gap,std,300,26,0.548
in100.simclr.s0.ext,student.h.gap,std,300,27,0.5516
in100.simclr.s0.ext,student.h.gap,std,300,28,0.5518
in100.simclr.s0.ext,student.h.gap,std,300,29,0.5526
in100.simclr.s0.ext,student.h.gap,std,300,30,0.5532
in100.simclr.s0.ext,student.h.gap,std,300,31,0.5568
in100.simclr.s0.ext,student.h.gap,std,300,32,0.5508
in100.simclr.s0.ext,student.h.gap,std,300,33,0.557
in100.simclr.s0.ext,student.h.gap,std,300,34,0.5546
in100.simclr.s0.ext,student.h.gap,std,300,35,0.556
in100.simclr.s0.ext,student.h.gap,std,300,36,0.5564
in100.simclr.s0.ext,student.h.gap,std,300,37,0.5588
in100.simclr.s0.ext,student.h.gap,std,300,38,0.555
in100.simclr.s0.ext,student.h.gap,std,300,39,0.5552
in100.simclr.s0.ext,student.h.gap,std,300,40,0.5552
in100.simclr.s0.ext,student.h.gap,std,300,41,0.5576
in100.simclr.s0.ext,student.h.gap,std,300,42,0.5572
in100.simclr.s0.ext,student.h.gap,std,300,43,0.5558
in100.simclr.s0.ext,student.h.gap,std,300,44,0.5612
in100.simclr.s0.ext,student.h.gap,std,300,45,0.5588
in100.simclr.s0.ext,student.h.gap,std,300,46,0.5594
in100.simclr.s0.ext,student.h.gap,std,300,47,0.5538
in100.simclr.s0.ext,student.h.gap,std,300,48,0.557
in100.simclr.s0.ext,student.h.gap,std,300,49,0.558
in100.simclr.s0.ext,student.h.gap,std,300,50,0.5564
in100.simclr.s0.ext,student.h.gap,std,300,51,0.558
in100.simclr.s0.ext,student.h.gap,std,300,52,0.5608
in100.simclr.s0.ext,student.h.gap,std,300,53,0.5572
in100.simclr.s0.ext,student.h.gap,std,300,54,0.5586
in100.simclr.s0.ext,student.h.gap,std,300,55,0.5566
in100.simclr.s0.ext,student.h.gap,std,300,56,0.5598
in100.simclr.s0.ext,student.h.gap,std,300,57,0.5602
in100.simclr.s0.ext,student.h.gap,std,300,58,0.558
in100.simclr.s0.ext,student.h.gap,std,300,59,0.5586
in100.simclr.s0.ext,student.h.gap,std,300,60,0.5618
in100.simclr.s0.ext,student.h.gap,std,300,61,0.5608
in100.simclr.s0.ext,student.h.gap,std,300,62,0.5546
in100.simclr.s0.ext,student.h.gap,std,300,63,0.5584
in100.simclr.s0.ext,student.h.gap,std,300,64,0.5574
in100.simclr.s0.ext,student.h.gap,std,300,65,0.5576
in100.simclr.s0.ext,student.h.gap,std,300,66,0.5568
in100.simclr.s0.ext,student.h.gap,std,300,67,0.5558
in100.simclr.s0.ext,student.h.gap,std,300,68,0.5594
in100.simclr.s0.ext,student.h.gap,std,300,69,0.5544
in100.simclr.s0.ext,student.h.gap,std,300,70,0.5548
in100.simclr.s0.ext,student.h.gap,std,300,71,0.5582
in100.simclr.s0.ext,student.h.gap,std,300,72,0.5592
in100.simclr.s0.ext,student.h.gap,std,300,73,0.5542
in100.simclr.s0.ext,student.h.gap,std,300,74,0.5612
in100.simclr.s0.ext,student.h.gap,std,300,75,0.5608
in100.simclr.s0.ext,student.h.gap,std,300,76,0.5572
in100.simclr.s0.ext,student.h.gap,std,300,77,0.5546
in100.simclr.s0.ext,student.h.gap,std,300,78,0.558
in100.simclr.s0.ext,student.h.gap,std,300,79,0.5604
in100.simclr.s0.ext,student.h.gap,std,300,80,0.5604
in100.simclr.s0.ext,student.h.gap,std,300,81,0.5598
in100.simclr.s0.ext,student.h.gap,std,300,82,0.5612
in100.simclr.s0.ext,student.h.gap,std,300,83,0.5552
in100.simclr.s0.ext,student.h.gap,std,300,84,0.5562
in100.simclr.s0.ext,student.h.gap,std,300,85,0.5538
in100.simclr.s0.ext,student.h.gap,std,300,86,0.5604
in100.simclr.s0.ext,student.h.gap,std,300,87,0.558
in100.simclr.s0.ext,student.h.gap,std,300,88,0.5612
in100.simclr.s0.ext,student.h.gap,std,300,89,0.556
in100.simclr.s0.ext,student.h.gap,std,300,90,0.5618
in100.simclr.s0.ext,student.h.gap,std,300,91,0.5584
in100.simclr.s0.ext,student.h.gap,std,300,92,0.5578
in100.simclr.s0.ext,student.h.gap,std,300,93,0.5566
in100.simclr.s0.ext,student.h.gap,std,300,94,0.5582
in100.simclr.s0.ext,student.h.gap,std,300,95,0.5626
in100.simclr.s0.ext,student.h.gap,std,300,96,0.5566
in100.simclr.s0.ext,student.h.gap,std,300,97,0.5604
in100.simclr.s0.ext,student.h.gap,std,300,98,0.559
in100.simclr.s0.ext,student.h.gap,std,300,99,0.5572
in100.simclr.s0.ext,student.h.gap,std,300,100,0.5606
in100.simclr.s0.ext,student.h.gap,std,300,101,0.5612
in100.simclr.s0.ext,student.h.gap,std,300,102,0.5554
in100.simclr.s0.ext,student.h.gap,std,300,103,0.5586
in100.simclr.s0.ext,student.h.gap,std,300,104,0.5596
in100.simclr.s0.ext,student.h.gap,std,300,105,0.5586
in100.simclr.s0.ext,student.h.gap,std,300,106,0.5576
in100.simclr.s0.ext,student.h.gap,std,300,107,0.5572
in100.simclr.s0.ext,student.h.gap,std,300,108,0.5624
in100.simclr.s0.ext,student.h.gap,std,300,109,0.5572
in100.simclr.s0.ext,student.h.gap,std,300,110,0.552
in100.simclr.s0.ext,student.h.gap,std,300,111,0.5592
in100.simclr.s0.ext,student.h.gap,std,300,112,0.5574
in100.simclr.s0.ext,student.h.gap,std,300,113,0.5568
in100.simclr.s0.ext,student.h.gap,std,300,114,0.5564
in100.simclr.s0.ext,student.h.gap,std,300,115,0.5566
in100.simclr.s0.ext,student.h.gap,std,300,116,0.5602
in100.simclr.s0.ext,student.h.gap,std,300,117,0.5554
in100.simclr.s0.ext,student.h.gap,std,300,118,0.5562
in100.simclr.s0.ext,student.h.gap,std,300,119,0.5618
in100.simclr.s0.ext,student.h.gap,std,300,120,0.5568
in100.simclr.s0.ext,student.h.gap,std,300,121,0.5596
in100.simclr.s0.ext,student.h.gap,std,300,122,0.5598
in100.simclr.s0.ext,student.h.gap,std,300,123,0.5608
in100.simclr.s0.ext,student.h.gap,std,300,124,0.5602
in100.simclr.s0.ext,student.h.gap,std,300,125,0.5606
in100.simclr.s0.ext,student.h.gap,std,300,126,0.5604
in100.simclr.s0.ext,student.h.gap,std,300,127,0.5556
in100.simclr.s0.ext,student.h.gap,std,300,128,0.5546
in100.simclr.s0.ext,student.h.gap,std,300,129,0.555
in100.simclr.s0.ext,student.h.gap,std,300,130,0.5574
in100.simclr.s0.ext,student.h.gap,std,300,131,0.5616
in100.simclr.s0.ext,student.h.gap,std,300,132,0.557
in100.simclr.s0.ext,student.h.gap,std,300,133,0.5612
in100.simclr.s0.ext,student.h.gap,std,300,134,0.5612
in100.simclr.s0.ext,student.h.gap,std,300,135,0.5578
in100.simclr.s0.ext,student.h.gap,std,300,136,0.5588
in100.simclr.s0.ext,student.h.gap,std,300,137,0.5538
in100.simclr.s0.ext,student.h.gap,std,300,138,0.555
in100.simclr.s0.ext,student.h.gap,std,300,139,0.561
in100.simclr.s0.ext,student.h.gap,std,300,140,0.5602
in100.simclr.s0.ext,student.h.gap,std,300,141,0.5558
in100.simclr.s0.ext,student.h.gap,std,300,142,0.5568
in100.simclr.s0.ext,student.h.gap,std,300,143,0.561
in100.simclr.s0.ext,student.h.gap,std,300,144,0.5536
in100.simclr.s0.ext,student.h.gap,std,300,145,0.5602
in100.simclr.s0.ext,student.h.gap,std,300,146,0.556
in100.simclr.s0.ext,student.h.gap,std,300,147,0.5584
in100.simclr.s0.ext,student.h.gap,std,300,148,0.559
in100.simclr.s0.ext,student.h.gap,std,300,149,0.564
in100.simclr.s0.ext,student.h.gap,std,300,150,0.5568
in100.simclr.s0.ext,student.h.gap,std,300,151,0.5558
in100.simclr.s0.ext,student.h.gap,std,300,152,0.556
in100.simclr.s0.ext,student.h.gap,std,300,153,0.558
in100.simclr.s0.ext,student.h.gap,std,300,154,0.5568
in100.simclr.s0.ext,student.h.gap,std,300,155,0.5526
in100.simclr.s0.ext,student.h.gap,std,300,156,0.5596
in100.simclr.s0.ext,student.h.gap,std,300,157,0.562
in100.simclr.s0.ext,student.h.gap,std,300,158,0.5554
in100.simclr.s0.ext,student.h.gap,std,300,159,0.5584
in100.simclr.s0.ext,student.h.gap,std,300,160,0.5588
in100.simclr.s0.ext,student.h.gap,std,300,161,0.5624
in100.simclr.s0.ext,student.h.gap,std,300,162,0.5606
in100.simclr.s0.ext,student.h.gap,std,300,163,0.562
in100.simclr.s0.ext,student.h.gap,std,300,164,0.5594
in100.simclr.s0.ext,student.h.gap,std,300,165,0.56
in100.simclr.s0.ext,student.h.gap,std,300,166,0.5612
in100.simclr.s0.ext,student.h.gap,std,300,167,0.5556
in100.simclr.s0.ext,student.h.gap,std,300,168,0.5608
in100.simclr.s0.ext,student.h.gap,std,300,169,0.5562
in100.simclr.s0.ext,student.h.gap,std,300,170,0.5566
in100.simclr.s0.ext,student.h.gap,std,300,171,0.5576
in100.simclr.s0.ext,student.h.gap,std,300,172,0.563
in100.simclr.s0.ext,student.h.gap,std,300,173,0.5578
in100.simclr.s0.ext,student.h.gap,std,300,174,0.5538
in100.simclr.s0.ext,student.h.gap,std,300,175,0.5632
in100.simclr.s0.ext,student.h.gap,std,300,176,0.5504
in100.simclr.s0.ext,student.h.gap,std,300,177,0.5566
in100.simclr.s0.ext,student.h.gap,std,300,178,0.5618
in100.simclr.s0.ext,student.h.gap,std,300,179,0.5544
in100.simclr.s0.ext,student.h.gap,std,300,180,0.556
in100.simclr.s0.ext,student.h.gap,std,300,181,0.558
in100.simclr.s0.ext,student.h.gap,std,300,182,0.5586
in100.simclr.s0.ext,student.h.gap,std,300,183,0.5608
in100.simclr.s0.ext,student.h.gap,std,300,184,0.556
in100.simclr.s0.ext,student.h.gap,std,300,185,0.5556
in100.simclr.s0.ext,student.h.gap,std,300,186,0.5582
in100.simclr.s0.ext,student.h.gap,std,300,187,0.5584
in100.simclr.s0.ext,student.h.gap,std,300,188,0.5582
in100.simclr.s0.ext,student.h.gap,std,300,189,0.5536
in100.simclr.s0.ext,student.h.gap,std,300,190,0.5586
in100.simclr.s0.ext,student.h.gap,std,300,191,0.558
in100.simclr.s0.ext,student.h.gap,std,300,192,0.558
in100.simclr.s0.ext,student.h.gap,std,300,193,0.5574
in100.simclr.s0.ext,student.h.gap,std,300,194,0.5548
in100.simclr.s0.ext,student.h.gap,std,300,195,0.5546
in100.simclr.s0.ext,student.h.gap,std,300,196,0.5566
in100.simclr.s0.ext,student.h.gap,std,300,197,0.555
in100.simclr.s0.ext,student.h.gap,std,300,198,0.5588
in100.simclr.s0.ext,student.h.gap,std,300,199,0.5566
in100.simclr.s0.ext,student.h.gap,std,300,200,0.5574
in100.simclr.s0.ext,student.h.gap,std,300,201,0.5596
in100.simclr.s0.ext,student.h.gap,std,300,202,0.5562
in100.simclr.s0.ext,student.h.gap,std,300,203,0.5622
in100.simclr.s0.ext,student.h.gap,std,300,204,0.5568
in100.simclr.s0.ext,student.h.gap,std,300,205,0.558
in100.simclr.s0.ext,student.h.gap,std,300,206,0.556
in100.simclr.s0.ext,student.h.gap,std,300,207,0.554
in100.simclr.s0.ext,student.h.gap,std,300,208,0.5558
in100.simclr.s0.ext,student.h.gap,std,300,209,0.5532
in100.simclr.s0.ext,student.h.gap,std,300,210,0.5596
in100.simclr.s0.ext,student.h.gap,std,300,211,0.5584
in100.simclr.s0.ext,student.h.gap,std,300,212,0.5562
in100.simclr.s0.ext,student.h.gap,std,300,213,0.554
in100.simclr.s0.ext,student.h.gap,std,300,214,0.5594
in100.simclr.s0.ext,student.h.gap,std,300,215,0.557
in100.simclr.s0.ext,student.h.gap,std,300,216,0.561
in100.simclr.s0.ext,student.h.gap,std,300,217,0.5574
in100.simclr.s0.ext,student.h.gap,std,300,218,0.5576
in100.simclr.s0.ext,student.h.gap,std,300,219,0.5592
in100.simclr.s0.ext,student.h.gap,std,300,220,0.5548
in100.simclr.s0.ext,student.h.gap,std,300,221,0.5568
in100.simclr.s0.ext,student.h.gap,std,300,222,0.5582
in100.simclr.s0.ext,student.h.gap,std,300,223,0.5564
in100.simclr.s0.ext,student.h.gap,std,300,224,0.5574
in100.simclr.s0.ext,student.h.gap,std,300,225,0.5524
in100.simclr.s0.ext,student.h.gap,std,300,226,0.5592
in100.simclr.s0.ext,student.h.gap,std,300,227,0.5568
in100.simclr.s0.ext,student.h.gap,std,300,228,0.5552
in100.simclr.s0.ext,student.h.gap,std,300,229,0.5538
in100.simclr.s0.ext,student.h.gap,std,300,230,0.553
in100.simclr.s0.ext,student.h.gap,std,300,231,0.5554
in100.simclr.s0.ext,student.h.gap,std,300,232,0.5564
in100.simclr.s0.ext,student.h.gap,std,300,233,0.5552
in100.simclr.s0.ext,student.h.gap,std,300,234,0.5576
in100.simclr.s0.ext,student.h.gap,std,300,235,0.5558
in100.simclr.s0.ext,student.h.gap,std,300,236,0.5534
in100.simclr.s0.ext,student.h.gap,std,300,237,0.5564
in100.simclr.s0.ext,student.h.gap,std,300,238,0.5554
in100.simclr.s0.ext,student.h.gap,std,300,239,0.5544
in100.simclr.s0.ext,student.h.gap,std,300,240,0.556
in100.simclr.s0.ext,student.h.gap,std,300,241,0.5574
in100.simclr.s0.ext,student.h.gap,std,300,242,0.5538
in100.simclr.s0.ext,student.h.gap,std,300,243,0.5566
in100.simclr.s0.ext,student.h.gap,std,300,244,0.56
in100.simclr.s0.ext,student.h.gap,std,300,245,0.5576
in100.simclr.s0.ext,student.h.gap,std,300,246,0.5534
in100.simclr.s0.ext,student.h.gap,std,300,247,0.558
in100.simclr.s0.ext,student.h.gap,std,300,248,0.5578
in100.simclr.s0.ext,student.h.gap,std,300,249,0.5578
in100.simclr.s0.ext,student.h.gap,std,300,250,0.5544
in100.simclr.s0.ext,student.h.gap,std,300,251,0.5548
in100.simclr.s0.ext,student.h.gap,std,300,252,0.5544
in100.simclr.s0.ext,student.h.gap,std,300,253,0.5552
in100.simclr.s0.ext,student.h.gap,std,300,254,0.5544
in100.simclr.s0.ext,student.h.gap,std,300,255,0.5518
in100.simclr.s0.ext,student.h.gap,std,300,256,0.5552
in100.simclr.s0.ext,student.h.gap,std,300,257,0.5542
in100.simclr.s0.ext,student.h.gap,std,300,258,0.5594
in100.simclr.s0.ext,student.h.gap,std,300,259,0.5518
in100.simclr.s0.ext,student.h.gap,std,300,260,0.555
in100.simclr.s0.ext,student.h.gap,std,300,261,0.5586
in100.simclr.s0.ext,student.h.gap,std,300,262,0.5532
in100.simclr.s0.ext,student.h.gap,std,300,263,0.558
in100.simclr.s0.ext,student.h.gap,std,300,264,0.5572
in100.simclr.s0.ext,student.h.gap,std,300,265,0.559
in100.simclr.s0.ext,student.h.gap,std,300,266,0.5562
in100.simclr.s0.ext,student.h.gap,std,300,267,0.5558
in100.simclr.s0.ext,student.h.gap,std,300,268,0.5582
in100.simclr.s0.ext,student.h.gap,std,300,269,0.5564
in100.simclr.s0.ext,student.h.gap,std,300,270,0.5562
in100.simclr.s0.ext,student.h.gap,std,300,271,0.5584
in100.simclr.s0.ext,student.h.gap,std,300,272,0.5596
in100.simclr.s0.ext,student.h.gap,std,300,273,0.557
in100.simclr.s0.ext,student.h.gap,std,300,274,0.5532
in100.simclr.s0.ext,student.h.gap,std,300,275,0.5576
in100.simclr.s0.ext,student.h.gap,std,300,276,0.5582
in100.simclr.s0.ext,student.h.gap,std,300,277,0.5546
in100.simclr.s0.ext,student.h.gap,std,300,278,0.5544
in100.simclr.s0.ext,student.h.gap,std,300,279,0.5592
in100.simclr.s0.ext,student.h.gap,std,300,280,0.557
in100.simclr.s0.ext,student.h.gap,std,300,281,0.5558
in100.simclr.s0.ext,student.h.gap,std,300,282,0.553
in100.simclr.s0.ext,student.h.gap,std,300,283,0.5558
in100.simclr.s0.ext,student.h.gap,std,300,284,0.557
in100.simclr.s0.ext,student.h.gap,std,300,285,0.5548
in100.simclr.s0.ext,student.h.gap,std,300,286,0.5562
in100.simclr.s0.ext,student.h.gap,std,300,287,0.5552
in100.simclr.s0.ext,student.h.gap,std,300,288,0.5564
in100.simclr.s0.ext,student.h.gap,std,300,289,0.5552
in100.simclr.s0.ext,student.h.gap,std,300,290,0.5558
in100.simclr.s0.ext,student.h.gap,std,300,291,0.554
in100.simclr.s0.ext,student.h.gap,std,300,292,0.5584
in100.simclr.s0.ext,student.h.gap,std,300,293,0.5556
in100.simclr.s0.ext,student.h.gap,std,300,294,0.5526
in100.simclr.s0.ext,student.h.gap,std,300,295,0.555
in100.simclr.s0.ext,student.h.gap,std,300,296,0.5568
in100.simclr.s0.ext,student.h.gap,std,300,297,0.5576
in100.simclr.s0.ext,student.h.gap,std,300,298,0.5574
in100.simclr.s0.ext,student.h.gap,std,300,299,0.5534
in100.simclr.s0.ext,student.h.gap,bn,30,0,0.4476
in100.simclr.s0.ext,student.h.gap,bn,30,1,0.4902
in100.simclr.s0.ext,student.h.gap,bn,30,2,0.499
in100.simclr.s0.ext,student.h.gap,bn,30,3,0.513
in100.simclr.s0.ext,student.h.gap,bn,30,4,0.5202
in100.simclr.s0.ext,student.h.gap,bn,30,5,0.5232
in100.simclr.s0.ext,student.h.gap,bn,30,6,0.5246
in100.simclr.s0.ext,student.h.gap,bn,30,7,0.532
in100.simclr.s0.ext,student.h.gap,bn,30,8,0.534
in100.simclr.s0.ext,student.h.gap,bn,30,9,0.5392
in100.simclr.s0.ext,student.h.gap,bn,30,10,0.539
in100.simclr.s0.ext,student.h.gap,bn,30,11,0.5384
in100.simclr.s0.ext,student.h.gap,bn,30,12,0.5378
in100.simclr.s0.ext,student.h.gap,bn,30,13,0.5416
in100.simclr.s0.ext,student.h.gap,bn,30,14,0.5454
in100.simclr.s0.ext,student.h.gap,bn,30,15,0.543
in100.simclr.s0.ext,student.h.gap,bn,30,16,0.5464
in100.simclr.s0.ext,student.h.gap,bn,30,17,0.544
in100.simclr.s0.ext,student.h.gap,bn,30,18,0.5462
in100.simclr.s0.ext,student.h.gap,bn,30,19,0.5474
in100.simclr.s0.ext,student.h.gap,bn,30,20,0.5474
in100.simclr.s0.ext,student.h.gap,bn,30,21,0.5488
in100.simclr.s0.ext,student.h.gap,bn,30,22,0.551
in100.simclr.s0.ext,student.h.gap,bn,30,23,0.5502
in100.simclr.s0.ext,student.h.gap,bn,30,24,0.5526
in100.simclr.s0.ext,student.h.gap,bn,30,25,0.55
in100.simclr.s0.ext,student.h.gap,bn,30,26,0.5484
in100.simclr.s0.ext,student.h.gap,bn,30,27,0.552
in100.simclr.s0.ext,student.h.gap,bn,30,28,0.5514
in100.simclr.s0.ext,student.h.gap,bn,30,29,0.5532
in100.simclr.s0.ext,student.h.gap,house,30,0,0.412
in100.simclr.s0.ext,student.h.gap,house,30,1,0.4648
in100.simclr.s0.ext,student.h.gap,house,30,2,0.4762
in100.simclr.s0.ext,student.h.gap,house,30,3,0.4962
in100.simclr.s0.ext,student.h.gap,house,30,4,0.5072
in100.simclr.s0.ext,student.h.gap,house,30,5,0.5112
in100.simclr.s0.ext,student.h.gap,house,30,6,0.5162
in100.simclr.s0.ext,student.h.gap,house,30,7,0.518
in100.simclr.s0.ext,student.h.gap,house,30,8,0.525
in100.simclr.s0.ext,student.h.gap,house,30,9,0.5228
in100.simclr.s0.ext,student.h.gap,house,30,10,0.5274
in100.simclr.s0.ext,student.h.gap,house,30,11,0.5308
in100.simclr.s0.ext,student.h.gap,house,30,12,0.5322
in100.simclr.s0.ext,student.h.gap,house,30,13,0.5324
in100.simclr.s0.ext,student.h.gap,house,30,14,0.5364
in100.simclr.s0.ext,student.h.gap,house,30,15,0.5376
in100.simclr.s0.ext,student.h.gap,house,30,16,0.5378
in100.simclr.s0.ext,student.h.gap,house,30,17,0.5434
in100.simclr.s0.ext,student.h.gap,house,30,18,0.5438
in100.simclr.s0.ext,student.h.gap,house,30,19,0.5464
in100.simclr.s0.ext,student.h.gap,house,30,20,0.5414
in100.simclr.s0.ext,student.h.gap,house,30,21,0.5402
in100.simclr.s0.ext,student.h.gap,house,30,22,0.5458
in100.simclr.s0.ext,student.h.gap,house,30,23,0.5446
in100.simclr.s0.ext,student.h.gap,house,30,24,0.5474
in100.simclr.s0.ext,student.h.gap,house,30,25,0.5416
in100.simclr.s0.ext,student.h.gap,house,30,26,0.5422
in100.simclr.s0.ext,student.h.gap,house,30,27,0.55
in100.simclr.s0.ext,student.h.gap,house,30,28,0.549
in100.simclr.s0.ext,student.h.gap,house,30,29,0.544
in100.simclr.s0.ext,student.h.gap,house,300,0,0.412
in100.simclr.s0.ext,student.h.gap,house,300,1,0.4648
in100.simclr.s0.ext,student.h.gap,house,300,2,0.4762
in100.simclr.s0.ext,student.h.gap,house,300,3,0.4962
in100.simclr.s0.ext,student.h.gap,house,300,4,0.5072
in100.simclr.s0.ext,student.h.gap,house,300,5,0.5112
in100.simclr.s0.ext,student.h.gap,house,300,6,0.5162
in100.simclr.s0.ext,student.h.gap,house,300,7,0.518
in100.simclr.s0.ext,student.h.gap,house,300,8,0.525
in100.simclr.s0.ext,student.h.gap,house,300,9,0.5228
in100.simclr.s0.ext,student.h.gap,house,300,10,0.5274
in100.simclr.s0.ext,student.h.gap,house,300,11,0.5308
in100.simclr.s0.ext,student.h.gap,house,300,12,0.5322
in100.simclr.s0.ext,student.h.gap,house,300,13,0.5324
in100.simclr.s0.ext,student.h.gap,house,300,14,0.5364
in100.simclr.s0.ext,student.h.gap,house,300,15,0.5376
in100.simclr.s0.ext,student.h.gap,house,300,16,0.5378
in100.simclr.s0.ext,student.h.gap,house,300,17,0.5434
in100.simclr.s0.ext,student.h.gap,house,300,18,0.5438
in100.simclr.s0.ext,student.h.gap,house,300,19,0.5464
in100.simclr.s0.ext,student.h.gap,house,300,20,0.5414
in100.simclr.s0.ext,student.h.gap,house,300,21,0.5402
in100.simclr.s0.ext,student.h.gap,house,300,22,0.5458
in100.simclr.s0.ext,student.h.gap,house,300,23,0.5446
in100.simclr.s0.ext,student.h.gap,house,300,24,0.5474
in100.simclr.s0.ext,student.h.gap,house,300,25,0.5416
in100.simclr.s0.ext,student.h.gap,house,300,26,0.5422
in100.simclr.s0.ext,student.h.gap,house,300,27,0.55
in100.simclr.s0.ext,student.h.gap,house,300,28,0.549
in100.simclr.s0.ext,student.h.gap,house,300,29,0.544
in100.simclr.s0.ext,student.h.gap,house,300,30,0.5446
in100.simclr.s0.ext,student.h.gap,house,300,31,0.5532
in100.simclr.s0.ext,student.h.gap,house,300,32,0.5474
in100.simclr.s0.ext,student.h.gap,house,300,33,0.5504
in100.simclr.s0.ext,student.h.gap,house,300,34,0.5508
in100.simclr.s0.ext,student.h.gap,house,300,35,0.554
in100.simclr.s0.ext,student.h.gap,house,300,36,0.5496
in100.simclr.s0.ext,student.h.gap,house,300,37,0.5512
in100.simclr.s0.ext,student.h.gap,house,300,38,0.5482
in100.simclr.s0.ext,student.h.gap,house,300,39,0.5486
in100.simclr.s0.ext,student.h.gap,house,300,40,0.551
in100.simclr.s0.ext,student.h.gap,house,300,41,0.5498
in100.simclr.s0.ext,student.h.gap,house,300,42,0.5474
in100.simclr.s0.ext,student.h.gap,house,300,43,0.5534
in100.simclr.s0.ext,student.h.gap,house,300,44,0.5514
in100.simclr.s0.ext,student.h.gap,house,300,45,0.5526
in100.simclr.s0.ext,student.h.gap,house,300,46,0.5538
in100.simclr.s0.ext,student.h.gap,house,300,47,0.5498
in100.simclr.s0.ext,student.h.gap,house,300,48,0.5552
in100.simclr.s0.ext,student.h.gap,house,300,49,0.5536
in100.simclr.s0.ext,student.h.gap,house,300,50,0.5494
in100.simclr.s0.ext,student.h.gap,house,300,51,0.5536
in100.simclr.s0.ext,student.h.gap,house,300,52,0.556
in100.simclr.s0.ext,student.h.gap,house,300,53,0.554
in100.simclr.s0.ext,student.h.gap,house,300,54,0.5546
in100.simclr.s0.ext,student.h.gap,house,300,55,0.5524
in100.simclr.s0.ext,student.h.gap,house,300,56,0.5558
in100.simclr.s0.ext,student.h.gap,house,300,57,0.5538
in100.simclr.s0.ext,student.h.gap,house,300,58,0.5526
in100.simclr.s0.ext,student.h.gap,house,300,59,0.5552
in100.simclr.s0.ext,student.h.gap,house,300,60,0.5578
in100.simclr.s0.ext,student.h.gap,house,300,61,0.5562
in100.simclr.s0.ext,student.h.gap,house,300,62,0.5544
in100.simclr.s0.ext,student.h.gap,house,300,63,0.5564
in100.simclr.s0.ext,student.h.gap,house,300,64,0.5524
in100.simclr.s0.ext,student.h.gap,house,300,65,0.56
in100.simclr.s0.ext,student.h.gap,house,300,66,0.5522
in100.simclr.s0.ext,student.h.gap,house,300,67,0.5554
in100.simclr.s0.ext,student.h.gap,house,300,68,0.5562
in100.simclr.s0.ext,student.h.gap,house,300,69,0.5472
in100.simclr.s0.ext,student.h.gap,house,300,70,0.5552
in100.simclr.s0.ext,student.h.gap,house,300,71,0.551
in100.simclr.s0.ext,student.h.gap,house,300,72,0.5532
in100.simclr.s0.ext,student.h.gap,house,300,73,0.5478
in100.simclr.s0.ext,student.h.gap,house,300,74,0.56
in100.simclr.s0.ext,student.h.gap,house,300,75,0.5554
in100.simclr.s0.ext,student.h.gap,house,300,76,0.5594
in100.simclr.s0.ext,student.h.gap,house,300,77,0.5532
in100.simclr.s0.ext,student.h.gap,house,300,78,0.5536
in100.simclr.s0.ext,student.h.gap,house,300,79,0.557
in100.simclr.s0.ext,student.h.gap,house,300,80,0.5546
in100.simclr.s0.ext,student.h.gap,house,300,81,0.557
in100.simclr.s0.ext,student.h.gap,house,300,82,0.5588
in100.simclr.s0.ext,student.h.gap,house,300,83,0.5526
in100.simclr.s0.ext,student.h.gap,house,300,84,0.5518
in100.simclr.s0.ext,student.h.gap,house,300,85,0.5492
in100.simclr.s0.ext,student.h.gap,house,300,86,0.557
in100.simclr.s0.ext,student.h.gap,house,300,87,0.552
in100.simclr.s0.ext,student.h.gap,house,300,88,0.553
in100.simclr.s0.ext,student.h.gap,house,300,89,0.5532
in100.simclr.s0.ext,student.h.gap,house,300,90,0.5522
in100.simclr.s0.ext,student.h.gap,house,300,91,0.555
in100.simclr.s0.ext,student.h.gap,house,300,92,0.5526
in100.simclr.s0.ext,student.h.gap,house,300,93,0.5536
in100.simclr.s0.ext,student.h.gap,house,300,94,0.5476
in100.simclr.s0.ext,student.h.gap,house,300,95,0.5586
in100.simclr.s0.ext,student.h.gap,house,300,96,0.5544
in100.simclr.s0.ext,student.h.gap,house,300,97,0.5546
in100.simclr.s0.ext,student.h.gap,house,300,98,0.554
in100.simclr.s0.ext,student.h.gap,house,300,99,0.5564
in100.simclr.s0.ext,student.h.gap,house,300,100,0.553
in100.simclr.s0.ext,student.h.gap,house,300,101,0.5544
in100.simclr.s0.ext,student.h.gap,house,300,102,0.551
in100.simclr.s0.ext,student.h.gap,house,300,103,0.5516
in100.simclr.s0.ext,student.h.gap,house,300,104,0.5548
in100.simclr.s0.ext,student.h.gap,house,300,105,0.5558
in100.simclr.s0.ext,student.h.gap,house,300,106,0.5504
in100.simclr.s0.ext,student.h.gap,house,300,107,0.554
in100.simclr.s0.ext,student.h.gap,house,300,108,0.5554
in100.simclr.s0.ext,student.h.gap,house,300,109,0.5562
in100.simclr.s0.ext,student.h.gap,house,300,110,0.5526
in100.simclr.s0.ext,student.h.gap,house,300,111,0.5558
in100.simclr.s0.ext,student.h.gap,house,300,112,0.5568
in100.simclr.s0.ext,student.h.gap,house,300,113,0.5564
in100.simclr.s0.ext,student.h.gap,house,300,114,0.5564
in100.simclr.s0.ext,student.h.gap,house,300,115,0.5492
in100.simclr.s0.ext,student.h.gap,house,300,116,0.5512
in100.simclr.s0.ext,student.h.gap,house,300,117,0.5484
in100.simclr.s0.ext,student.h.gap,house,300,118,0.5552
in100.simclr.s0.ext,student.h.gap,house,300,119,0.5578
in100.simclr.s0.ext,student.h.gap,house,300,120,0.5496
in100.simclr.s0.ext,student.h.gap,house,300,121,0.557
in100.simclr.s0.ext,student.h.gap,house,300,122,0.555
in100.simclr.s0.ext,student.h.gap,house,300,123,0.5588
in100.simclr.s0.ext,student.h.gap,house,300,124,0.5514
in100.simclr.s0.ext,student.h.gap,house,300,125,0.5574
in100.simclr.s0.ext,student.h.gap,house,300,126,0.554
in100.simclr.s0.ext,student.h.gap,house,300,127,0.5494
in100.simclr.s0.ext,student.h.gap,house,300,128,0.5522
in100.simclr.s0.ext,student.h.gap,house,300,129,0.5562
in100.simclr.s0.ext,student.h.gap,house,300,130,0.5498
in100.simclr.s0.ext,student.h.gap,house,300,131,0.5538
in100.simclr.s0.ext,student.h.gap,house,300,132,0.5534
in100.simclr.s0.ext,student.h.gap,house,300,133,0.5536
in100.simclr.s0.ext,student.h.gap,house,300,134,0.555
in100.simclr.s0.ext,student.h.gap,house,300,135,0.5514
in100.simclr.s0.ext,student.h.gap,house,300,136,0.5528
in100.simclr.s0.ext,student.h.gap,house,300,137,0.5564
in100.simclr.s0.ext,student.h.gap,house,300,138,0.5508
in100.simclr.s0.ext,student.h.gap,house,300,139,0.5544
in100.simclr.s0.ext,student.h.gap,house,300,140,0.5542
in100.simclr.s0.ext,student.h.gap,house,300,141,0.5528
in100.simclr.s0.ext,student.h.gap,house,300,142,0.5544
in100.simclr.s0.ext,student.h.gap,house,300,143,0.5568
in100.simclr.s0.ext,student.h.gap,house,300,144,0.556
in100.simclr.s0.ext,student.h.gap,house,300,145,0.5558
in100.simclr.s0.ext,student.h.gap,house,300,146,0.5532
in100.simclr.s0.ext,student.h.gap,house,300,147,0.5568
in100.simclr.s0.ext,student.h.gap,house,300,148,0.5544
in100.simclr.s0.ext,student.h.gap,house,300,149,0.5558
in100.simclr.s0.ext,student.h.gap,house,300,150,0.5542
in100.simclr.s0.ext,student.h.gap,house,300,151,0.5542
in100.simclr.s0.ext,student.h.gap,house,300,152,0.552
in100.simclr.s0.ext,student.h.gap,house,300,153,0.5548
in100.simclr.s0.ext,student.h.gap,house,300,154,0.5558
in100.simclr.s0.ext,student.h.gap,house,300,155,0.5504
in100.simclr.s0.ext,student.h.gap,house,300,156,0.5532
in100.simclr.s0.ext,student.h.gap,house,300,157,0.5558
in100.simclr.s0.ext,student.h.gap,house,300,158,0.5512
in100.simclr.s0.ext,student.h.gap,house,300,159,0.5524
in100.simclr.s0.ext,student.h.gap,house,300,160,0.555
in100.simclr.s0.ext,student.h.gap,house,300,161,0.5548
in100.simclr.s0.ext,student.h.gap,house,300,162,0.555
in100.simclr.s0.ext,student.h.gap,house,300,163,0.556
in100.simclr.s0.ext,student.h.gap,house,300,164,0.556
in100.simclr.s0.ext,student.h.gap,house,300,165,0.555
in100.simclr.s0.ext,student.h.gap,house,300,166,0.555
in100.simclr.s0.ext,student.h.gap,house,300,167,0.5516
in100.simclr.s0.ext,student.h.gap,house,300,168,0.5536
in100.simclr.s0.ext,student.h.gap,house,300,169,0.5558
in100.simclr.s0.ext,student.h.gap,house,300,170,0.554
in100.simclr.s0.ext,student.h.gap,house,300,171,0.555
in100.simclr.s0.ext,student.h.gap,house,300,172,0.5562
in100.simclr.s0.ext,student.h.gap,house,300,173,0.5586
in100.simclr.s0.ext,student.h.gap,house,300,174,0.5546
in100.simclr.s0.ext,student.h.gap,house,300,175,0.5574
in100.simclr.s0.ext,student.h.gap,house,300,176,0.5482
in100.simclr.s0.ext,student.h.gap,house,300,177,0.5558
in100.simclr.s0.ext,student.h.gap,house,300,178,0.5592
in100.simclr.s0.ext,student.h.gap,house,300,179,0.5492
in100.simclr.s0.ext,student.h.gap,house,300,180,0.5542
in100.simclr.s0.ext,student.h.gap,house,300,181,0.554
in100.simclr.s0.ext,student.h.gap,house,300,182,0.5538
in100.simclr.s0.ext,student.h.gap,house,300,183,0.5516
in100.simclr.s0.ext,student.h.gap,house,300,184,0.553
in100.simclr.s0.ext,student.h.gap,house,300,185,0.5514
in100.simclr.s0.ext,student.h.gap,house,300,186,0.551
in100.simclr.s0.ext,student.h.gap,house,300,187,0.5536
in100.simclr.s0.ext,student.h.gap,house,300,188,0.5538
in100.simclr.s0.ext,student.h.gap,house,300,189,0.5516
in100.simclr.s0.ext,student.h.gap,house,300,190,0.5524
in100.simclr.s0.ext,student.h.gap,house,300,191,0.551
in100.simclr.s0.ext,student.h.gap,house,300,192,0.5518
in100.simclr.s0.ext,student.h.gap,house,300,193,0.5532
in100.simclr.s0.ext,student.h.gap,house,300,194,0.552
in100.simclr.s0.ext,student.h.gap,house,300,195,0.554
in100.simclr.s0.ext,student.h.gap,house,300,196,0.5538
in100.simclr.s0.ext,student.h.gap,house,300,197,0.5516
in100.simclr.s0.ext,student.h.gap,house,300,198,0.5572
in100.simclr.s0.ext,student.h.gap,house,300,199,0.5536
in100.simclr.s0.ext,student.h.gap,house,300,200,0.5562
in100.simclr.s0.ext,student.h.gap,house,300,201,0.5562
in100.simclr.s0.ext,student.h.gap,house,300,202,0.5528
in100.simclr.s0.ext,student.h.gap,house,300,203,0.5544
in100.simclr.s0.ext,student.h.gap,house,300,204,0.5488
in100.simclr.s0.ext,student.h.gap,house,300,205,0.55
in100.simclr.s0.ext,student.h.gap,house,300,206,0.5522
in100.simclr.s0.ext,student.h.gap,house,300,207,0.5472
in100.simclr.s0.ext,student.h.gap,house,300,208,0.5538
in100.simclr.s0.ext,student.h.gap,house,300,209,0.549
in100.simclr.s0.ext,student.h.gap,house,300,210,0.5554
in100.simclr.s0.ext,student.h.gap,house,300,211,0.5588
in100.simclr.s0.ext,student.h.gap,house,300,212,0.5496
in100.simclr.s0.ext,student.h.gap,house,300,213,0.5518
in100.simclr.s0.ext,student.h.gap,house,300,214,0.5552
in100.simclr.s0.ext,student.h.gap,house,300,215,0.5562
in100.simclr.s0.ext,student.h.gap,house,300,216,0.5552
in100.simclr.s0.ext,student.h.gap,house,300,217,0.555
in100.simclr.s0.ext,student.h.gap,house,300,218,0.5552
in100.simclr.s0.ext,student.h.gap,house,300,219,0.554
in100.simclr.s0.ext,student.h.gap,house,300,220,0.553
in100.simclr.s0.ext,student.h.gap,house,300,221,0.5498
in100.simclr.s0.ext,student.h.gap,house,300,222,0.5552
in100.simclr.s0.ext,student.h.gap,house,300,223,0.554
in100.simclr.s0.ext,student.h.gap,house,300,224,0.553
in100.simclr.s0.ext,student.h.gap,house,300,225,0.5486
in100.simclr.s0.ext,student.h.gap,house,300,226,0.556
in100.simclr.s0.ext,student.h.gap,house,300,227,0.555
in100.simclr.s0.ext,student.h.gap,house,300,228,0.5474
in100.simclr.s0.ext,student.h.gap,house,300,229,0.554
in100.simclr.s0.ext,student.h.gap,house,300,230,0.552
in100.simclr.s0.ext,student.h.gap,house,300,231,0.5518
in100.simclr.s0.ext,student.h.gap,house,300,232,0.5494
in100.simclr.s0.ext,student.h.gap,house,300,233,0.5512
in100.simclr.s0.ext,student.h.gap,house,300,234,0.5496
in100.simclr.s0.ext,student.h.gap,house,300,235,0.552
in100.simclr.s0.ext,student.h.gap,house,300,236,0.5468
in100.simclr.s0.ext,student.h.gap,house,300,237,0.5522
in100.simclr.s0.ext,student.h.gap,house,300,238,0.5532
in100.simclr.s0.ext,student.h.gap,house,300,239,0.5496
in100.simclr.s0.ext,student.h.gap,house,300,240,0.5554
in100.simclr.s0.ext,student.h.gap,house,300,241,0.5498
in100.simclr.s0.ext,student.h.gap,house,300,242,0.551
in100.simclr.s0.ext,student.h.gap,house,300,243,0.5502
in100.simclr.s0.ext,student.h.gap,house,300,244,0.5532
in100.simclr.s0.ext,student.h.gap,house,300,245,0.55
in100.simclr.s0.ext,student.h.gap,house,300,246,0.548
in100.simclr.s0.ext,student.h.gap,house,300,247,0.553
in100.simclr.s0.ext,student.h.gap,house,300,248,0.5506
in100.simclr.s0.ext,student.h.gap,house,300,249,0.556
in100.simclr.s0.ext,student.h.gap,house,300,250,0.5554
in100.simclr.s0.ext,student.h.gap,house,300,251,0.5492
in100.simclr.s0.ext,student.h.gap,house,300,252,0.551
in100.simclr.s0.ext,student.h.gap,house,300,253,0.5484
in100.simclr.s0.ext,student.h.gap,house,300,254,0.5532
in100.simclr.s0.ext,student.h.gap,house,300,255,0.549
in100.simclr.s0.ext,student.h.gap,house,300,256,0.5522
in100.simclr.s0.ext,student.h.gap,house,300,257,0.5526
in100.simclr.s0.ext,student.h.gap,house,300,258,0.5534
in100.simclr.s0.ext,student.h.gap,house,300,259,0.5508
in100.simclr.s0.ext,student.h.gap,house,300,260,0.553
in100.simclr.s0.ext,student.h.gap,house,300,261,0.5544
in100.simclr.s0.ext,student.h.gap,house,300,262,0.5484
in100.simclr.s0.ext,student.h.gap,house,300,263,0.5504
in100.simclr.s0.ext,student.h.gap,house,300,264,0.557
in100.simclr.s0.ext,student.h.gap,house,300,265,0.5536
in100.simclr.s0.ext,student.h.gap,house,300,266,0.5526
in100.simclr.s0.ext,student.h.gap,house,300,267,0.5494
in100.simclr.s0.ext,student.h.gap,house,300,268,0.5486
in100.simclr.s0.ext,student.h.gap,house,300,269,0.549
in100.simclr.s0.ext,student.h.gap,house,300,270,0.5522
in100.simclr.s0.ext,student.h.gap,house,300,271,0.553
in100.simclr.s0.ext,student.h.gap,house,300,272,0.551
in100.simclr.s0.ext,student.h.gap,house,300,273,0.5506
in100.simclr.s0.ext,student.h.gap,house,300,274,0.546
in100.simclr.s0.ext,student.h.gap,house,300,275,0.5516
in100.simclr.s0.ext,student.h.gap,house,300,276,0.5534
in100.simclr.s0.ext,student.h.gap,house,300,277,0.552
in100.simclr.s0.ext,student.h.gap,house,300,278,0.5496
in100.simclr.s0.ext,student.h.gap,house,300,279,0.5528
in100.simclr.s0.ext,student.h.gap,house,300,280,0.55
in100.simclr.s0.ext,student.h.gap,house,300,281,0.5492
in100.simclr.s0.ext,student.h.gap,house,300,282,0.5464
in100.simclr.s0.ext,student.h.gap,house,300,283,0.555
in100.simclr.s0.ext,student.h.gap,house,300,284,0.5548
in100.simclr.s0.ext,student.h.gap,house,300,285,0.5522
in100.simclr.s0.ext,student.h.gap,house,300,286,0.551
in100.simclr.s0.ext,student.h.gap,house,300,287,0.549
in100.simclr.s0.ext,student.h.gap,house,300,288,0.5554
in100.simclr.s0.ext,student.h.gap,house,300,289,0.554
in100.simclr.s0.ext,student.h.gap,house,300,290,0.5516
in100.simclr.s0.ext,student.h.gap,house,300,291,0.5474
in100.simclr.s0.ext,student.h.gap,house,300,292,0.5502
in100.simclr.s0.ext,student.h.gap,house,300,293,0.5508
in100.simclr.s0.ext,student.h.gap,house,300,294,0.5476
in100.simclr.s0.ext,student.h.gap,house,300,295,0.5522
in100.simclr.s0.ext,student.h.gap,house,300,296,0.551
in100.simclr.s0.ext,student.h.gap,house,300,297,0.5538
in100.simclr.s0.ext,student.h.gap,house,300,298,0.5534
in100.simclr.s0.ext,student.h.gap,house,300,299,0.5484
in100.byol.s0.ext,student.h.gap,raw,30,0,0.3322
in100.byol.s0.ext,student.h.gap,raw,30,1,0.3788
in100.byol.s0.ext,student.h.gap,raw,30,2,0.3966
in100.byol.s0.ext,student.h.gap,raw,30,3,0.4134
in100.byol.s0.ext,student.h.gap,raw,30,4,0.4244
in100.byol.s0.ext,student.h.gap,raw,30,5,0.433
in100.byol.s0.ext,student.h.gap,raw,30,6,0.4342
in100.byol.s0.ext,student.h.gap,raw,30,7,0.4436
in100.byol.s0.ext,student.h.gap,raw,30,8,0.4504
in100.byol.s0.ext,student.h.gap,raw,30,9,0.4562
in100.byol.s0.ext,student.h.gap,raw,30,10,0.462
in100.byol.s0.ext,student.h.gap,raw,30,11,0.4608
in100.byol.s0.ext,student.h.gap,raw,30,12,0.4668
in100.byol.s0.ext,student.h.gap,raw,30,13,0.4726
in100.byol.s0.ext,student.h.gap,raw,30,14,0.4802
in100.byol.s0.ext,student.h.gap,raw,30,15,0.4808
in100.byol.s0.ext,student.h.gap,raw,30,16,0.483
in100.byol.s0.ext,student.h.gap,raw,30,17,0.4844
in100.byol.s0.ext,student.h.gap,raw,30,18,0.489
in100.byol.s0.ext,student.h.gap,raw,30,19,0.4902
in100.byol.s0.ext,student.h.gap,raw,30,20,0.4894
in100.byol.s0.ext,student.h.gap,raw,30,21,0.4962
in100.byol.s0.ext,student.h.gap,raw,30,22,0.494
in100.byol.s0.ext,student.h.gap,raw,30,23,0.4984
in100.byol.s0.ext,student.h.gap,raw,30,24,0.4992
in100.byol.s0.ext,student.h.gap,raw,30,25,0.5018
in100.byol.s0.ext,student.h.gap,raw,30,26,0.5058
in100.byol.s0.ext,student.h.gap,raw,30,27,0.507
in100.byol.s0.ext,student.h.gap,raw,30,28,0.5052
in100.byol.s0.ext,student.h.gap,raw,30,29,0.508
in100.byol.s0.ext,student.h.gap,raw,300,0,0.3322
in100.byol.s0.ext,student.h.gap,raw,300,1,0.3788
in100.byol.s0.ext,student.h.gap,raw,300,2,0.3966
in100.byol.s0.ext,student.h.gap,raw,300,3,0.4134
in100.byol.s0.ext,student.h.gap,raw,300,4,0.4244
in100.byol.s0.ext,student.h.gap,raw,300,5,0.433
in100.byol.s0.ext,student.h.gap,raw,300,6,0.4342
in100.byol.s0.ext,student.h.gap,raw,300,7,0.4436
in100.byol.s0.ext,student.h.gap,raw,300,8,0.4504
in100.byol.s0.ext,student.h.gap,raw,300,9,0.4562
in100.byol.s0.ext,student.h.gap,raw,300,10,0.462
in100.byol.s0.ext,student.h.gap,raw,300,11,0.4608
in100.byol.s0.ext,student.h.gap,raw,300,12,0.4668
in100.byol.s0.ext,student.h.gap,raw,300,13,0.4726
in100.byol.s0.ext,student.h.gap,raw,300,14,0.4802
in100.byol.s0.ext,student.h.gap,raw,300,15,0.4808
in100.byol.s0.ext,student.h.gap,raw,300,16,0.483
in100.byol.s0.ext,student.h.gap,raw,300,17,0.4844
in100.byol.s0.ext,student.h.gap,raw,300,18,0.489
in100.byol.s0.ext,student.h.gap,raw,300,19,0.4902
in100.byol.s0.ext,student.h.gap,raw,300,20,0.4894
in100.byol.s0.ext,student.h.gap,raw,300,21,0.4962
in100.byol.s0.ext,student.h.gap,raw,300,22,0.494
in100.byol.s0.ext,student.h.gap,raw,300,23,0.4984
in100.byol.s0.ext,student.h.gap,raw,300,24,0.4992
in100.byol.s0.ext,student.h.gap,raw,300,25,0.5018
in100.byol.s0.ext,student.h.gap,raw,300,26,0.5058
in100.byol.s0.ext,student.h.gap,raw,300,27,0.507
in100.byol.s0.ext,student.h.gap,raw,300,28,0.5052
in100.byol.s0.ext,student.h.gap,raw,300,29,0.508
in100.byol.s0.ext,student.h.gap,raw,300,30,0.5094
in100.byol.s0.ext,student.h.gap,raw,300,31,0.5114
in100.byol.s0.ext,student.h.gap,raw,300,32,0.5118
in100.byol.s0.ext,student.h.gap,raw,300,33,0.515
in100.byol.s0.ext,student.h.gap,raw,300,34,0.5142
in100.byol.s0.ext,student.h.gap,raw,300,35,0.5136
in100.byol.s0.ext,student.h.gap,raw,300,36,0.5174
in100.byol.s0.ext,student.h.gap,raw,300,37,0.519
in100.byol.s0.ext,student.h.gap,raw,300,38,0.5198
in100.byol.s0.ext,student.h.gap,raw,300,39,0.5166
in100.byol.s0.ext,student.h.gap,raw,300,40,0.5196
in100.byol.s0.ext,student.h.gap,raw,300,41,0.519
in100.byol.s0.ext,student.h.gap,raw,300,42,0.5216
in100.byol.s0.ext,student.h.gap,raw,300,43,0.5206
in100.byol.s0.ext,student.h.gap,raw,300,44,0.5218
in100.byol.s0.ext,student.h.gap,raw,300,45,0.524
in100.byol.s0.ext,student.h.gap,raw,300,46,0.526
in100.byol.s0.ext,student.h.gap,raw,300,47,0.5282
in100.byol.s0.ext,student.h.gap,raw,300,48,0.5248
in100.byol.s0.ext,student.h.gap,raw,300,49,0.5302
in100.byol.s0.ext,student.h.gap,raw,300,50,0.5232
in100.byol.s0.ext,student.h.gap,raw,300,51,0.5278
in100.byol.s0.ext,student.h.gap,raw,300,52,0.5286
in100.byol.s0.ext,student.h.gap,raw,300,53,0.5282
in100.byol.s0.ext,student.h.gap,raw,300,54,0.5266
in100.byol.s0.ext,student.h.gap,raw,300,55,0.5268
in100.byol.s0.ext,student.h.gap,raw,300,56,0.5258
in100.byol.s0.ext,student.h.gap,raw,300,57,0.5274
in100.byol.s0.ext,student.h.gap,raw,300,58,0.5306
in100.byol.s0.ext,student.h.gap,raw,300,59,0.5276
in100.byol.s0.ext,student.h.gap,raw,300,60,0.5276
in100.byol.s0.ext,student.h.gap,raw,300,61,0.527
in100.byol.s0.ext,student.h.gap,raw,300,62,0.5338
in100.byol.s0.ext,student.h.gap,raw,300,63,0.5318
in100.byol.s0.ext,student.h.gap,raw,300,64,0.5288
in100.byol.s0.ext,student.h.gap,raw,300,65,0.5358
in100.byol.s0.ext,student.h.gap,raw,300,66,0.534
in100.byol.s0.ext,student.h.gap,raw,300,67,0.5294
in100.byol.s0.ext,student.h.gap,raw,300,68,0.5326
in100.byol.s0.ext,student.h.gap,raw,300,69,0.533
in100.byol.s0.ext,student.h.gap,raw,300,70,0.5342
in100.byol.s0.ext,student.h.gap,raw,300,71,0.531
in100.byol.s0.ext,student.h.gap,raw,300,72,0.5338
in100.byol.s0.ext,student.h.gap,raw,300,73,0.5326
in100.byol.s0.ext,student.h.gap,raw,300,74,0.5326
in100.byol.s0.ext,student.h.gap,raw,300,75,0.5376
in100.byol.s0.ext,student.h.gap,raw,300,76,0.5374
in100.byol.s0.ext,student.h.gap,raw,300,77,0.5316
in100.byol.s0.ext,student.h.gap,raw,300,78,0.533
in100.byol.s0.ext,student.h.gap,raw,300,79,0.5374
in100.byol.s0.ext,student.h.gap,raw,300,80,0.5354
in100.byol.s0.ext,student.h.gap,raw,300,81,0.5352
in100.byol.s0.ext,student.h.gap,raw,300,82,0.5388
in100.byol.s0.ext,student.h.gap,raw,300,83,0.5356
in100.byol.s0.ext,student.h.gap,raw,300,84,0.5362
in100.byol.s0.ext,student.h.gap,raw,300,85,0.5368
in100.byol.s0.ext,student.h.gap,raw,300,86,0.5354
in100.byol.s0.ext,student.h.gap,raw,300,87,0.535
in100.byol.s0.ext,student.h.gap,raw,300,88,0.538
in100.byol.s0.ext,student.h.gap,raw,300,89,0.536
in100.byol.s0.ext,student.h.gap,raw,300,90,0.5368
in100.byol.s0.ext,student.h.gap,raw,300,91,0.542
in100.byol.s0.ext,student.h.gap,raw,300,92,0.537
in100.byol.s0.ext,student.h.gap,raw,300,93,0.5402
in100.byol.s0.ext,student.h.gap,raw,300,94,0.5388
in100.byol.s0.ext,student.h.gap,raw,300,95,0.539
in100.byol.s0.ext,student.h.gap,raw,300,96,0.5382
in100.byol.s0.ext,student.h.gap,raw,300,97,0.5386
in100.byol.s0.ext,student.h.gap,raw,300,98,0.5414
in100.byol.s0.ext,student.h.gap,raw,300,99,0.5358
in100.byol.s0.ext,student.h.gap,raw,300,100,0.5404
in100.byol.s0.ext,student.h.gap,raw,300,101,0.5404
in100.byol.s0.ext,student.h.gap,raw,300,102,0.5414
in100.byol.s0.ext,student.h.gap,raw,300,103,0.5416
in100.byol.s0.ext,student.h.gap,raw,300,104,0.5432
in100.byol.s0.ext,student.h.gap,raw,300,105,0.538
in100.byol.s0.ext,student.h.gap,raw,300,106,0.5422
in100.byol.s0.ext,student.h.gap,raw,300,107,0.54
in100.byol.s0.ext,student.h.gap,raw,300,108,0.5388
in100.byol.s0.ext,student.h.gap,raw,300,109,0.5424
in100.byol.s0.ext,student.h.gap,raw,300,110,0.5402
in100.byol.s0.ext,student.h.gap,raw,300,111,0.5436
in100.byol.s0.ext,student.h.gap,raw,300,112,0.5398
in100.byol.s0.ext,student.h.gap,raw,300,113,0.5444
in100.byol.s0.ext,student.h.gap,raw,300,114,0.5442
in100.byol.s0.ext,student.h.gap,raw,300,115,0.5446
in100.byol.s0.ext,student.h.gap,raw,300,116,0.5406
in100.byol.s0.ext,student.h.gap,raw,300,117,0.5402
in100.byol.s0.ext,student.h.gap,raw,300,118,0.543
in100.byol.s0.ext,student.h.gap,raw,300,119,0.5448
in100.byol.s0.ext,student.h.gap,raw,300,120,0.542
in100.byol.s0.ext,student.h.gap,raw,300,121,0.5448
in100.byol.s0.ext,student.h.gap,raw,300,122,0.545
in100.byol.s0.ext,student.h.gap,raw,300,123,0.5418
in100.byol.s0.ext,student.h.gap,raw,300,124,0.5456
in100.byol.s0.ext,student.h.gap,raw,300,125,0.5472
in100.byol.s0.ext,student.h.gap,raw,300,126,0.5422
in100.byol.s0.ext,student.h.gap,raw,300,127,0.5448
in100.byol.s0.ext,student.h.gap,raw,300,128,0.5428
in100.byol.s0.ext,student.h.gap,raw,300,129,0.5414
in100.byol.s0.ext,student.h.gap,raw,300,130,0.5428
in100.byol.s0.ext,student.h.gap,raw,300,131,0.5432
in100.byol.s0.ext,student.h.gap,raw,300,132,0.5454
in100.byol.s0.ext,student.h.gap,raw,300,133,0.5456
in100.byol.s0.ext,student.h.gap,raw,300,134,0.5448
in100.byol.s0.ext,student.h.gap,raw,300,135,0.5462
in100.byol.s0.ext,student.h.gap,raw,300,136,0.546
in100.byol.s0.ext,student.h.gap,raw,300,137,0.5466
in100.byol.s0.ext,student.h.gap,raw,300,138,0.5454
in100.byol.s0.ext,student.h.gap,raw,300,139,0.5452
in100.byol.s0.ext,student.h.gap,raw,300,140,0.547
in100.byol.s0.ext,student.h.gap,raw,300,141,0.5448
in100.byol.s0.ext,student.h.gap,raw,300,142,0.5482
in100.byol.s0.ext,student.h.gap,raw,300,143,0.5488
in100.byol.s0.ext,student.h.gap,raw,300,144,0.5436
in100.byol.s0.ext,student.h.gap,raw,300,145,0.5506
in100.byol.s0.ext,student.h.gap,raw,300,146,0.5474
in100.byol.s0.ext,student.h.gap,raw,300,147,0.5438
in100.byol.s0.ext,student.h.gap,raw,300,148,0.5438
in100.byol.s0.ext,student.h.gap,raw,300,149,0.5464
in100.byol.s0.ext,student.h.gap,raw,300,150,0.5466
in100.byol.s0.ext,student.h.gap,raw,300,151,0.5496
in100.byol.s0.ext,student.h.gap,raw,300,152,0.5444
in100.byol.s0.ext,student.h.gap,raw,300,153,0.549
in100.byol.s0.ext,student.h.gap,raw,300,154,0.5462
in100.byol.s0.ext,student.h.gap,raw,300,155,0.547
in100.byol.s0.ext,student.h.gap,raw,300,156,0.548
in100.byol.s0.ext,student.h.gap,raw,300,157,0.548
in100.byol.s0.ext,student.h.gap,raw,300,158,0.549
in100.byol.s0.ext,student.h.gap,raw,300,159,0.5424
in100.byol.s0.ext,student.h.gap,raw,300,160,0.5456
in100.byol.s0.ext,student.h.gap,raw,300,161,0.5488
in100.byol.s0.ext,student.h.gap,raw,300,162,0.5462
in100.byol.s0.ext,student.h.gap,raw,300,163,0.5484
in100.byol.s0.ext,student.h.gap,raw,300,164,0.5492
in100.byol.s0.ext,student.h.gap,raw,300,165,0.548
in100.byol.s0.ext,student.h.gap,raw,300,166,0.5502
in100.byol.s0.ext,student.h.gap,raw,300,167,0.5476
in100.byol.s0.ext,student.h.gap,raw,300,168,0.549
in100.byol.s0.ext,student.h.gap,raw,300,169,0.552
in100.byol.s0.ext,student.h.gap,raw,300,170,0.551
in100.byol.s0.ext,student.h.gap,raw,300,171,0.5496
in100.byol.s0.ext,student.h.gap,raw,300,172,0.5496
in100.byol.s0.ext,student.h.gap,raw,300,173,0.5506
in100.byol.s0.ext,student.h.gap,raw,300,174,0.5504
in100.byol.s0.ext,student.h.gap,raw,300,175,0.5484
in100.byol.s0.ext,student.h.gap,raw,300,176,0.5462
in100.byol.s0.ext,student.h.gap,raw,300,177,0.549
in100.byol.s0.ext,student.h.gap,raw,300,178,0.5504
in100.byol.s0.ext,student.h.gap,raw,300,179,0.5478
in100.byol.s0.ext,student.h.gap,raw,300,180,0.551
in100.byol.s0.ext,student.h.gap,raw,300,181,0.5506
in100.byol.s0.ext,student.h.gap,raw,300,182,0.5498
in100.byol.s0.ext,student.h.gap,raw,300,183,0.5502
in100.byol.s0.ext,student.h.gap,raw,300,184,0.5502
in100.byol.s0.ext,student.h.gap,raw,300,185,0.5528
in100.byol.s0.ext,student.h.gap,raw,300,186,0.5478
in100.byol.s0.ext,student.h.gap,raw,300,187,0.5484
in100.byol.s0.ext,student.h.gap,raw,300,188,0.5494
in100.byol.s0.ext,student.h.gap,raw,300,189,0.5534
in100.byol.s0.ext,student.h.gap,raw,300,190,0.5486
in100.byol.s0.ext,student.h.gap,raw,300,191,0.5498
in100.byol.s0.ext,student.h.gap,raw,300,192,0.5506
in100.byol.s0.ext,student.h.gap,raw,300,193,0.5536
in100.byol.s0.ext,student.h.gap,raw,300,194,0.5516
in100.byol.s0.ext,student.h.gap,raw,300,195,0.552
in100.byol.s0.ext,student.h.gap,raw,300,196,0.5498
in100.byol.s0.ext,student.h.gap,raw,300,197,0.5524
in100.byol.s0.ext,student.h.gap,raw,300,198,0.5516
in100.byol.s0.ext,student.h.gap,raw,300,199,0.55
in100.byol.s0.ext,student.h.gap,raw,300,200,0.552
in100.byol.s0.ext,student.h.gap,raw,300,201,0.5528
in100.byol.s0.ext,student.h.gap,raw,300,202,0.5522
in100.byol.s0.ext,student.h.gap,raw,300,203,0.5528
in100.byol.s0.ext,student.h.gap,raw,300,204,0.5516
in100.byol.s0.ext,student.h.gap,raw,300,205,0.5512
in100.byol.s0.ext,student.h.gap,raw,300,206,0.5484
in100.byol.s0.ext,student.h.gap,raw,300,207,0.5508
in100.byol.s0.ext,student.h.gap,raw,300,208,0.5544
in100.byol.s0.ext,student.h.gap,raw,300,209,0.55
in100.byol.s0.ext,student.h.gap,raw,300,210,0.5536
in100.byol.s0.ext,student.h.gap,raw,300,211,0.5506
in100.byol.s0.ext,student.h.gap,raw,300,212,0.5518
in100.byol.s0.ext,student.h.gap,raw,300,213,0.551
in100.byol.s0.ext,student.h.gap,raw,300,214,0.5556
in100.byol.s0.ext,student.h.gap,raw,300,215,0.554
in100.byol.s0.ext,student.h.gap,raw,300,216,0.5554
in100.byol.s0.ext,student.h.gap,raw,300,217,0.5558
in100.byol.s0.ext,student.h.gap,raw,300,218,0.5542
in100.byol.s0.ext,student.h.gap,raw,300,219,0.5552
in100.byol.s0.ext,student.h.gap,raw,300,220,0.5538
in100.byol.s0.ext,student.h.gap,raw,300,221,0.5528
in100.byol.s0.ext,student.h.gap,raw,300,222,0.558
in100.byol.s0.ext,student.h.gap,raw,300,223,0.5564
in100.byol.s0.ext,student.h.gap,raw,300,224,0.5546
in100.byol.s0.ext,student.h.gap,raw,300,225,0.553
in100.byol.s0.ext,student.h.gap,raw,300,226,0.5522
in100.byol.s0.ext,student.h.gap,raw,300,227,0.553
in100.byol.s0.ext,student.h.gap,raw,300,228,0.5524
in100.byol.s0.ext,student.h.gap,raw,300,229,0.5532
in100.byol.s0.ext,student.h.gap,raw,300,230,0.5558
in100.byol.s0.ext,student.h.gap,raw,300,231,0.5564
in100.byol.s0.ext,student.h.gap,raw,300,232,0.55
in100.byol.s0.ext,student.h.gap,raw,300,233,0.5512
in100.byol.s0.ext,student.h.gap,raw,300,234,0.5494
in100.byol.s0.ext,student.h.gap,raw,300,235,0.5548
in100.byol.s0.ext,student.h.gap,raw,300,236,0.5508
in100.byol.s0.ext,student.h.gap,raw,300,237,0.5532
in100.byol.s0.ext,student.h.gap,raw,300,238,0.5556
in100.byol.s0.ext,student.h.gap,raw,300,239,0.5556
in100.byol.s0.ext,student.h.gap,raw,300,240,0.554
in100.byol.s0.ext,student.h.gap,raw,300,241,0.5528
in100.byol.s0.ext,student.h.gap,raw,300,242,0.5518
in100.byol.s0.ext,student.h.gap,raw,300,243,0.5522
in100.byol.s0.ext,student.h.gap,raw,300,244,0.556
in100.byol.s0.ext,student.h.gap,raw,300,245,0.5576
in100.byol.s0.ext,student.h.gap,raw,300,246,0.556
in100.byol.s0.ext,student.h.gap,raw,300,247,0.5538
in100.byol.s0.ext,student.h.gap,raw,300,248,0.5548
in100.byol.s0.ext,student.h.gap,raw,300,249,0.558
in100.byol.s0.ext,student.h.gap,raw,300,250,0.5568
in100.byol.s0.ext,student.h.gap,raw,300,251,0.556
in100.byol.s0.ext,student.h.gap,raw,300,252,0.554
in100.byol.s0.ext,student.h.gap,raw,300,253,0.5566
in100.byol.s0.ext,student.h.gap,raw,300,254,0.5576
in100.byol.s0.ext,student.h.gap,raw,300,255,0.557
in100.byol.s0.ext,student.h.gap,raw,300,256,0.5576
in100.byol.s0.ext,student.h.gap,raw,300,257,0.5582
in100.byol.s0.ext,student.h.gap,raw,300,258,0.5556
in100.byol.s0.ext,student.h.gap,raw,300,259,0.5576
in100.byol.s0.ext,student.h.gap,raw,300,260,0.5564
in100.byol.s0.ext,student.h.gap,raw,300,261,0.554
in100.byol.s0.ext,student.h.gap,raw,300,262,0.553
in100.byol.s0.ext,student.h.gap,raw,300,263,0.5586
in100.byol.s0.ext,student.h.gap,raw,300,264,0.5558
in100.byol.s0.ext,student.h.gap,raw,300,265,0.5604
in100.byol.s0.ext,student.h.gap,raw,300,266,0.5554
in100.byol.s0.ext,student.h.gap,raw,300,267,0.5548
in100.byol.s0.ext,student.h.gap,raw,300,268,0.5548
in100.byol.s0.ext,student.h.gap,raw,300,269,0.555
in100.byol.s0.ext,student.h.gap,raw,300,270,0.5524
in100.byol.s0.ext,student.h.gap,raw,300,271,0.5564
in100.byol.s0.ext,student.h.gap,raw,300,272,0.56
in100.byol.s0.ext,student.h.gap,raw,300,273,0.5548
in100.byol.s0.ext,student.h.gap,raw,300,274,0.5576
in100.byol.s0.ext,student.h.gap,raw,300,275,0.5608
in100.byol.s0.ext,student.h.gap,raw,300,276,0.555
in100.byol.s0.ext,student.h.gap,raw,300,277,0.5568
in100.byol.s0.ext,student.h.gap,raw,300,278,0.5584
in100.byol.s0.ext,student.h.gap,raw,300,279,0.5562
in100.byol.s0.ext,student.h.gap,raw,300,280,0.555
in100.byol.s0.ext,student.h.gap,raw,300,281,0.5552
in100.byol.s0.ext,student.h.gap,raw,300,282,0.5582
in100.byol.s0.ext,student.h.gap,raw,300,283,0.5572
in100.byol.s0.ext,student.h.gap,raw,300,284,0.5548
in100.byol.s0.ext,student.h.gap,raw,300,285,0.557
in100.byol.s0.ext,student.h.gap,raw,300,286,0.5582
in100.byol.s0.ext,student.h.gap,raw,300,287,0.558
in100.byol.s0.ext,student.h.gap,raw,300,288,0.5566
in100.byol.s0.ext,student.h.gap,raw,300,289,0.559
in100.byol.s0.ext,student.h.gap,raw,300,290,0.5586
in100.byol.s0.ext,student.h.gap,raw,300,291,0.5554
in100.byol.s0.ext,student.h.gap,raw,300,292,0.5574
in100.byol.s0.ext,student.h.gap,raw,300,293,0.5554
in100.byol.s0.ext,student.h.gap,raw,300,294,0.5556
in100.byol.s0.ext,student.h.gap,raw,300,295,0.558
in100.byol.s0.ext,student.h.gap,raw,300,296,0.5578
in100.byol.s0.ext,student.h.gap,raw,300,297,0.5572
in100.byol.s0.ext,student.h.gap,raw,300,298,0.5582
in100.byol.s0.ext,student.h.gap,raw,300,299,0.5576
in100.byol.s0.ext,student.h.gap,std,30,0,0.4634
in100.byol.s0.ext,student.h.gap,std,30,1,0.4988
in100.byol.s0.ext,student.h.gap,std,30,2,0.5098
in100.byol.s0.ext,student.h.gap,std,30,3,0.5224
in100.byol.s0.ext,student.h.gap,std,30,4,0.5198
in100.byol.s0.ext,student.h.gap,std,30,5,0.525
in100.byol.s0.ext,student.h.gap,std,30,6,0.5342
in100.byol.s0.ext,student.h.gap,std,30,7,0.5332
in100.byol.s0.ext,student.h.gap,std,30,8,0.5372
in100.byol.s0.ext,student.h.gap,std,30,9,0.539
in100.byol.s0.ext,student.h.gap,std,30,10,0.5418
in100.byol.s0.ext,student.h.gap,std,30,11,0.542
in100.byol.s0.ext,student.h.gap,std,30,12,0.5434
in100.byol.s0.ext,student.h.gap,std,30,13,0.5434
in100.byol.s0.ext,student.h.gap,std,30,14,0.553
in100.byol.s0.ext,student.h.gap,std,30,15,0.5504
in100.byol.s0.ext,student.h.gap,std,30,16,0.5526
in100.byol.s0.ext,student.h.gap,std,30,17,0.5466
in100.byol.s0.ext,student.h.gap,std,30,18,0.5528
in100.byol.s0.ext,student.h.gap,std,30,19,0.5526
in100.byol.s0.ext,student.h.gap,std,30,20,0.5496
in100.byol.s0.ext,student.h.gap,std,30,21,0.5554
in100.byol.s0.ext,student.h.gap,std,30,22,0.5558
in100.byol.s0.ext,student.h.gap,std,30,23,0.5532
in100.byol.s0.ext,student.h.gap,std,30,24,0.5496
in100.byol.s0.ext,student.h.gap,std,30,25,0.5506
in100.byol.s0.ext,student.h.gap,std,30,26,0.557
in100.byol.s0.ext,student.h.gap,std,30,27,0.558
in100.byol.s0.ext,student.h.gap,std,30,28,0.5522
in100.byol.s0.ext,student.h.gap,std,30,29,0.5566
in100.byol.s0.ext,student.h.gap,std,300,0,0.4634
in100.byol.s0.ext,student.h.gap,std,300,1,0.4988
in100.byol.s0.ext,student.h.gap,std,300,2,0.5098
in100.byol.s0.ext,student.h.gap,std,300,3,0.5224
in100.byol.s0.ext,student.h.gap,std,300,4,0.5198
in100.byol.s0.ext,student.h.gap,std,300,5,0.525
in100.byol.s0.ext,student.h.gap,std,300,6,0.5342
in100.byol.s0.ext,student.h.gap,std,300,7,0.5332
in100.byol.s0.ext,student.h.gap,std,300,8,0.5372
in100.byol.s0.ext,student.h.gap,std,300,9,0.539
in100.byol.s0.ext,student.h.gap,std,300,10,0.5418
in100.byol.s0.ext,student.h.gap,std,300,11,0.542
in100.byol.s0.ext,student.h.gap,std,300,12,0.5434
in100.byol.s0.ext,student.h.gap,std,300,13,0.5434
in100.byol.s0.ext,student.h.gap,std,300,14,0.553
in100.byol.s0.ext,student.h.gap,std,300,15,0.5504
in100.byol.s0.ext,student.h.gap,std,300,16,0.5526
in100.byol.s0.ext,student.h.gap,std,300,17,0.5466
in100.byol.s0.ext,student.h.gap,std,300,18,0.5528
in100.byol.s0.ext,student.h.gap,std,300,19,0.5526
in100.byol.s0.ext,student.h.gap,std,300,20,0.5496
in100.byol.s0.ext,student.h.gap,std,300,21,0.5554
in100.byol.s0.ext,student.h.gap,std,300,22,0.5558
in100.byol.s0.ext,student.h.gap,std,300,23,0.5532
in100.byol.s0.ext,student.h.gap,std,300,24,0.5496
in100.byol.s0.ext,student.h.gap,std,300,25,0.5506
in100.byol.s0.ext,student.h.gap,std,300,26,0.557
in100.byol.s0.ext,student.h.gap,std,300,27,0.558
in100.byol.s0.ext,student.h.gap,std,300,28,0.5522
in100.byol.s0.ext,student.h.gap,std,300,29,0.5566
in100.byol.s0.ext,student.h.gap,std,300,30,0.557
in100.byol.s0.ext,student.h.gap,std,300,31,0.559
in100.byol.s0.ext,student.h.gap,std,300,32,0.5546
in100.byol.s0.ext,student.h.gap,std,300,33,0.5574
in100.byol.s0.ext,student.h.gap,std,300,34,0.5536
in100.byol.s0.ext,student.h.gap,std,300,35,0.5586
in100.byol.s0.ext,student.h.gap,std,300,36,0.56
in100.byol.s0.ext,student.h.gap,std,300,37,0.5602
in100.byol.s0.ext,student.h.gap,std,300,38,0.5586
in100.byol.s0.ext,student.h.gap,std,300,39,0.561
in100.byol.s0.ext,student.h.gap,std,300,40,0.5602
in100.byol.s0.ext,student.h.gap,std,300,41,0.5568
in100.byol.s0.ext,student.h.gap,std,300,42,0.5568
in100.byol.s0.ext,student.h.gap,std,300,43,0.5574
in100.byol.s0.ext,student.h.gap,std,300,44,0.5588
in100.byol.s0.ext,student.h.gap,std,300,45,0.557
in100.byol.s0.ext,student.h.gap,std,300,46,0.5606
in100.byol.s0.ext,student.h.gap,std,300,47,0.5552
in100.byol.s0.ext,student.h.gap,std,300,48,0.5558
in100.byol.s0.ext,student.h.gap,std,300,49,0.5592
in100.byol.s0.ext,student.h.gap,std,300,50,0.5602
in100.byol.s0.ext,student.h.gap,std,300,51,0.56
in100.byol.s0.ext,student.h.gap,std,300,52,0.5574
in100.byol.s0.ext,student.h.gap,std,300,53,0.5566
in100.byol.s0.ext,student.h.gap,std,300,54,0.5564
in100.byol.s0.ext,student.h.gap,std,300,55,0.5632
in100.byol.s0.ext,student.h.gap,std,300,56,0.5626
in100.byol.s0.ext,student.h.gap,std,300,57,0.5608
in100.byol.s0.ext,student.h.gap,std,300,58,0.5606
in100.byol.s0.ext,student.h.gap,std,300,59,0.5562
in100.byol.s0.ext,student.h.gap,std,300,60,0.563
in100.byol.s0.ext,student.h.gap,std,300,61,0.5556
in100.byol.s0.ext,student.h.gap,std,300,62,0.5596
in100.byol.s0.ext,student.h.gap,std,300,63,0.559
in100.byol.s0.ext,student.h.gap,std,300,64,0.558
in100.byol.s0.ext,student.h.gap,std,300,65,0.5592
in100.byol.s0.ext,student.h.gap,std,300,66,0.558
in100.byol.s0.ext,student.h.gap,std,300,67,0.5596
in100.byol.s0.ext,student.h.gap,std,300,68,0.5578
in100.byol.s0.ext,student.h.gap,std,300,69,0.56
in100.byol.s0.ext,student.h.gap,std,300,70,0.5572
in100.byol.s0.ext,student.h.gap,std,300,71,0.5602
in100.byol.s0.ext,student.h.gap,std,300,72,0.5606
in100.byol.s0.ext,student.h.gap,std,300,73,0.5562
in100.byol.s0.ext,student.h.gap,std,300,74,0.5584
in100.byol.s0.ext,student.h.gap,std,300,75,0.5584
in100.byol.s0.ext,student.h.gap,std,300,76,0.561
in100.byol.s0.ext,student.h.gap,std,300,77,0.5646
in100.byol.s0.ext,student.h.gap,std,300,78,0.5598
in100.byol.s0.ext,student.h.gap,std,300,79,0.5594
in100.byol.s0.ext,student.h.gap,std,300,80,0.5546
in100.byol.s0.ext,student.h.gap,std,300,81,0.556
in100.byol.s0.ext,student.h.gap,std,300,82,0.5578
in100.byol.s0.ext,student.h.gap,std,300,83,0.5582
in100.byol.s0.ext,student.h.gap,std,300,84,0.5614
in100.byol.s0.ext,student.h.gap,std,300,85,0.56
in100.byol.s0.ext,student.h.gap,std,300,86,0.5646
in100.byol.s0.ext,student.h.gap,std,300,87,0.5622
in100.byol.s0.ext,student.h.gap,std,300,88,0.5596
in100.byol.s0.ext,student.h.gap,std,300,89,0.5584
in100.byol.s0.ext,student.h.gap,std,300,90,0.5618
in100.byol.s0.ext,student.h.gap,std,300,91,0.562
in100.byol.s0.ext,student.h.gap,std,300,92,0.5604
in100.byol.s0.ext,student.h.gap,std,300,93,0.555
in100.byol.s0.ext,student.h.gap,std,300,94,0.5588
in100.byol.s0.ext,student.h.gap,std,300,95,0.5598
in100.byol.s0.ext,student.h.gap,std,300,96,0.563
in100.byol.s0.ext,student.h.gap,std,300,97,0.5612
in100.byol.s0.ext,student.h.gap,std,300,98,0.5566
in100.byol.s0.ext,student.h.gap,std,300,99,0.5592
in100.byol.s0.ext,student.h.gap,std,300,100,0.56
in100.byol.s0.ext,student.h.gap,std,300,101,0.56
in100.byol.s0.ext,student.h.gap,std,300,102,0.5596
in100.byol.s0.ext,student.h.gap,std,300,103,0.5624
in100.byol.s0.ext,student.h.gap,std,300,104,0.5586
in100.byol.s0.ext,student.h.gap,std,300,105,0.5556
in100.byol.s0.ext,student.h.gap,std,300,106,0.557
in100.byol.s0.ext,student.h.gap,std,300,107,0.5576
in100.byol.s0.ext,student.h.gap,std,300,108,0.5614
in100.byol.s0.ext,student.h.gap,std,300,109,0.5584
in100.byol.s0.ext,student.h.gap,std,300,110,0.559
in100.byol.s0.ext,student.h.gap,std,300,111,0.5576
in100.byol.s0.ext,student.h.gap,std,300,112,0.5584
in100.byol.s0.ext,student.h.gap,std,300,113,0.5618
in100.byol.s0.ext,student.h.gap,std,300,114,0.5606
in100.byol.s0.ext,student.h.gap,std,300,115,0.557
in100.byol.s0.ext,student.h.gap,std,300,116,0.556
in100.byol.s0.ext,student.h.gap,std,300,117,0.5618
in100.byol.s0.ext,student.h.gap,std,300,118,0.5612
in100.byol.s0.ext,student.h.gap,std,300,119,0.5596
in100.byol.s0.ext,student.h.gap,std,300,120,0.561
in100.byol.s0.ext,student.h.gap,std,300,121,0.5564
in100.byol.s0.ext,student.h.gap,std,300,122,0.558
in100.byol.s0.ext,student.h.gap,std,300,123,0.5584
in100.byol.s0.ext,student.h.gap,std,300,124,0.5526
in100.byol.s0.ext,student.h.gap,std,300,125,0.561
in100.byol.s0.ext,student.h.gap,std,300,126,0.5612
in100.byol.s0.ext,student.h.gap,std,300,127,0.5574
in100.byol.s0.ext,student.h.gap,std,300,128,0.5612
in100.byol.s0.ext,student.h.gap,std,300,129,0.5596
in100.byol.s0.ext,student.h.gap,std,300,130,0.5576
in100.byol.s0.ext,student.h.gap,std,300,131,0.5578
in100.byol.s0.ext,student.h.gap,std,300,132,0.5598
in100.byol.s0.ext,student.h.gap,std,300,133,0.557
in100.byol.s0.ext,student.h.gap,std,300,134,0.5584
in100.byol.s0.ext,student.h.gap,std,300,135,0.5588
in100.byol.s0.ext,student.h.gap,std,300,136,0.5594
in100.byol.s0.ext,student.h.gap,std,300,137,0.5564
in100.byol.s0.ext,student.h.gap,std,300,138,0.5582
in100.byol.s0.ext,student.h.gap,std,300,139,0.561
in100.byol.s0.ext,student.h.gap,std,300,140,0.556
in100.byol.s0.ext,student.h.gap,std,300,141,0.5568
in100.byol.s0.ext,student.h.gap,std,300,142,0.5558
in100.byol.s0.ext,student.h.gap,std,300,143,0.5596
in100.byol.s0.ext,student.h.gap,std,300,144,0.5614
in100.byol.s0.ext,student.h.gap,std,300,145,0.5626
in100.byol.s0.ext,student.h.gap,std,300,146,0.5556
in100.byol.s0.ext,student.h.gap,std,300,147,0.5552
in100.byol.s0.ext,student.h.gap,std,300,148,0.56
in100.byol.s0.ext,student.h.gap,std,300,149,0.5576
in100.byol.s0.ext,student.h.gap,std,300,150,0.5522
in100.byol.s0.ext,student.h.gap,std,300,151,0.5594
in100.byol.s0.ext,student.h.gap,std,300,152,0.5576
in100.byol.s0.ext,student.h.gap,std,300,153,0.5562
in100.byol.s0.ext,student.h.gap,std,300,154,0.558
in100.byol.s0.ext,student.h.gap,std,300,155,0.5576
in100.byol.s0.ext,student.h.gap,std,300,156,0.5568
in100.byol.s0.ext,student.h.gap,std,300,157,0.5612
in100.byol.s0.ext,student.h.gap,std,300,158,0.5594
in100.byol.s0.ext,student.h.gap,std,300,159,0.558
in100.byol.s0.ext,student.h.gap,std,300,160,0.557
in100.byol.s0.ext,student.h.gap,std,300,161,0.5556
in100.byol.s0.ext,student.h.gap,std,300,162,0.561
in100.byol.s0.ext,student.h.gap,std,300,163,0.5578
in100.byol.s0.ext,student.h.gap,std,300,164,0.5568
in100.byol.s0.ext,student.h.gap,std,300,165,0.5568
in100.byol.s0.ext,student.h.gap,std,300,166,0.5538
in100.byol.s0.ext,student.h.gap,std,300,167,0.5596
in100.byol.s0.ext,student.h.gap,std,300,168,0.5566
in100.byol.s0.ext,student.h.gap,std,300,169,0.5526
in100.byol.s0.ext,student.h.gap,std,300,170,0.555
in100.byol.s0.ext,student.h.gap,std,300,171,0.5576
in100.byol.s0.ext,student.h.gap,std,300,172,0.5556
in100.byol.s0.ext,student.h.gap,std,300,173,0.5556
in100.byol.s0.ext,student.h.gap,std,300,174,0.5556
in100.byol.s0.ext,student.h.gap,std,300,175,0.559
in100.byol.s0.ext,student.h.gap,std,300,176,0.5516
in100.byol.s0.ext,student.h.gap,std,300,177,0.5516
in100.byol.s0.ext,student.h.gap,std,300,178,0.5562
in100.byol.s0.ext,student.h.gap,std,300,179,0.556
in100.byol.s0.ext,student.h.gap,std,300,180,0.5608
in100.byol.s0.ext,student.h.gap,std,300,181,0.5534
in100.byol.s0.ext,student.h.gap,std,300,182,0.5572
in100.byol.s0.ext,student.h.gap,std,300,183,0.5576
in100.byol.s0.ext,student.h.gap,std,300,184,0.5556
in100.byol.s0.ext,student.h.gap,std,300,185,0.5566
in100.byol.s0.ext,student.h.gap,std,300,186,0.5508
in100.byol.s0.ext,student.h.gap,std,300,187,0.5594
in100.byol.s0.ext,student.h.gap,std,300,188,0.5548
in100.byol.s0.ext,student.h.gap,std,300,189,0.5546
in100.byol.s0.ext,student.h.gap,std,300,190,0.5592
in100.byol.s0.ext,student.h.gap,std,300,191,0.5558
in100.byol.s0.ext,student.h.gap,std,300,192,0.5554
in100.byol.s0.ext,student.h.gap,std,300,193,0.5604
in100.byol.s0.ext,student.h.gap,std,300,194,0.5542
in100.byol.s0.ext,student.h.gap,std,300,195,0.5602
in100.byol.s0.ext,student.h.gap,std,300,196,0.559
in100.byol.s0.ext,student.h.gap,std,300,197,0.5506
in100.byol.s0.ext,student.h.gap,std,300,198,0.558
in100.byol.s0.ext,student.h.gap,std,300,199,0.555
in100.byol.s0.ext,student.h.gap,std,300,200,0.5532
in100.byol.s0.ext,student.h.gap,std,300,201,0.5556
in100.byol.s0.ext,student.h.gap,std,300,202,0.5566
in100.byol.s0.ext,student.h.gap,std,300,203,0.5562
in100.byol.s0.ext,student.h.gap,std,300,204,0.5548
in100.byol.s0.ext,student.h.gap,std,300,205,0.5548
in100.byol.s0.ext,student.h.gap,std,300,206,0.5572
in100.byol.s0.ext,student.h.gap,std,300,207,0.557
in100.byol.s0.ext,student.h.gap,std,300,208,0.5524
in100.byol.s0.ext,student.h.gap,std,300,209,0.5562
in100.byol.s0.ext,student.h.gap,std,300,210,0.556
in100.byol.s0.ext,student.h.gap,std,300,211,0.5596
in100.byol.s0.ext,student.h.gap,std,300,212,0.554
in100.byol.s0.ext,student.h.gap,std,300,213,0.558
in100.byol.s0.ext,student.h.gap,std,300,214,0.5532
in100.byol.s0.ext,student.h.gap,std,300,215,0.5566
in100.byol.s0.ext,student.h.gap,std,300,216,0.5558
in100.byol.s0.ext,student.h.gap,std,300,217,0.5552
in100.byol.s0.ext,student.h.gap,std,300,218,0.5584
in100.byol.s0.ext,student.h.gap,std,300,219,0.5578
in100.byol.s0.ext,student.h.gap,std,300,220,0.5552
in100.byol.s0.ext,student.h.gap,std,300,221,0.5544
in100.byol.s0.ext,student.h.gap,std,300,222,0.5608
in100.byol.s0.ext,student.h.gap,std,300,223,0.5538
in100.byol.s0.ext,student.h.gap,std,300,224,0.5584
in100.byol.s0.ext,student.h.gap,std,300,225,0.5564
in100.byol.s0.ext,student.h.gap,std,300,226,0.5568
in100.byol.s0.ext,student.h.gap,std,300,227,0.554
in100.byol.s0.ext,student.h.gap,std,300,228,0.5586
in100.byol.s0.ext,student.h.gap,std,300,229,0.5518
in100.byol.s0.ext,student.h.gap,std,300,230,0.555
in100.byol.s0.ext,student.h.gap,std,300,231,0.5558
in100.byol.s0.ext,student.h.gap,std,300,232,0.556
in100.byol.s0.ext,student.h.gap,std,300,233,0.5522
in100.byol.s0.ext,student.h.gap,std,300,234,0.5514
in100.byol.s0.ext,student.h.gap,std,300,235,0.5548
in100.byol.s0.ext,student.h.gap,std,300,236,0.5566
in100.byol.s0.ext,student.h.gap,std,300,237,0.5552
in100.byol.s0.ext,student.h.gap,std,300,238,0.5576
in100.byol.s0.ext,student.h.gap,std,300,239,0.5548
in100.byol.s0.ext,student.h.gap,std,300,240,0.5554
in100.byol.s0.ext,student.h.gap,std,300,241,0.556
in100.byol.s0.ext,student.h.gap,std,300,242,0.5534
in100.byol.s0.ext,student.h.gap,std,300,243,0.5534
in100.byol.s0.ext,student.h.gap,std,300,244,0.5506
in100.byol.s0.ext,student.h.gap,std,300,245,0.5486
in100.byol.s0.ext,student.h.gap,std,300,246,0.5574
in100.byol.s0.ext,student.h.gap,std,300,247,0.55
in100.byol.s0.ext,student.h.gap,std,300,248,0.5552
in100.byol.s0.ext,student.h.gap,std,300,249,0.5574
in100.byol.s0.ext,student.h.gap,std,300,250,0.5566
in100.byol.s0.ext,student.h.gap,std,300,251,0.5546
in100.byol.s0.ext,student.h.gap,std,300,252,0.5554
in100.byol.s0.ext,student.h.gap,std,300,253,0.554
in100.byol.s0.ext,student.h.gap,std,300,254,0.5556
in100.byol.s0.ext,student.h.gap,std,300,255,0.5528
in100.byol.s0.ext,student.h.gap,std,300,256,0.5542
in100.byol.s0.ext,student.h.gap,std,300,257,0.554
in100.byol.s0.ext,student.h.gap,std,300,258,0.5566
in100.byol.s0.ext,student.h.gap,std,300,259,0.5524
in100.byol.s0.ext,student.h.gap,std,300,260,0.5536
in100.byol.s0.ext,student.h.gap,std,300,261,0.5556
in100.byol.s0.ext,student.h.gap,std,300,262,0.5524
in100.byol.s0.ext,student.h.gap,std,300,263,0.5558
in100.byol.s0.ext,student.h.gap,std,300,264,0.552
in100.byol.s0.ext,student.h.gap,std,300,265,0.554
in100.byol.s0.ext,student.h.gap,std,300,266,0.5536
in100.byol.s0.ext,student.h.gap,std,300,267,0.5534
in100.byol.s0.ext,student.h.gap,std,300,268,0.553
in100.byol.s0.ext,student.h.gap,std,300,269,0.5506
in100.byol.s0.ext,student.h.gap,std,300,270,0.5498
in100.byol.s0.ext,student.h.gap,std,300,271,0.554
in100.byol.s0.ext,student.h.gap,std,300,272,0.5564
in100.byol.s0.ext,student.h.gap,std,300,273,0.5572
in100.byol.s0.ext,student.h.gap,std,300,274,0.5528
in100.byol.s0.ext,student.h.gap,std,300,275,0.5536
in100.byol.s0.ext,student.h.gap,std,300,276,0.5538
in100.byol.s0.ext,student.h.gap,std,300,277,0.556
in100.byol.s0.ext,student.h.gap,std,300,278,0.5524
in100.byol.s0.ext,student.h.gap,std,300,279,0.5558
in100.byol.s0.ext,student.h.gap,std,300,280,0.5562
in100.byol.s0.ext,student.h.gap,std,300,281,0.5552
in100.byol.s0.ext,student.h.gap,std,300,282,0.5544
in100.byol.s0.ext,student.h.gap,std,300,283,0.553
in100.byol.s0.ext,student.h.gap,std,300,284,0.5518
in100.byol.s0.ext,student.h.gap,std,300,285,0.5528
in100.byol.s0.ext,student.h.gap,std,300,286,0.554
in100.byol.s0.ext,student.h.gap,std,300,287,0.55
in100.byol.s0.ext,student.h.gap,std,300,288,0.5538
in100.byol.s0.ext,student.h.gap,std,300,289,0.5542
in100.byol.s0.ext,student.h.gap,std,300,290,0.5558
in100.byol.s0.ext,student.h.gap,std,300,291,0.5518
in100.byol.s0.ext,student.h.gap,std,300,292,0.5498
in100.byol.s0.ext,student.h.gap,std,300,293,0.551
in100.byol.s0.ext,student.h.gap,std,300,294,0.5526
in100.byol.s0.ext,student.h.gap,std,300,295,0.557
in100.byol.s0.ext,student.h.gap,std,300,296,0.5532
in100.byol.s0.ext,student.h.gap,std,300,297,0.5536
in100.byol.s0.ext,student.h.gap,std,300,298,0.551
in100.byol.s0.ext,student.h.gap,std,300,299,0.5548
in100.byol.s0.ext,student.h.gap,bn,30,0,0.4626
in100.byol.s0.ext,student.h.gap,bn,30,1,0.499
in100.byol.s0.ext,student.h.gap,bn,30,2,0.5104
in100.byol.s0.ext,student.h.gap,bn,30,3,0.5264
in100.byol.s0.ext,student.h.gap,bn,30,4,0.52
in100.byol.s0.ext,student.h.gap,bn,30,5,0.5252
in100.byol.s0.ext,student.h.gap,bn,30,6,0.5336
in100.byol.s0.ext,student.h.gap,bn,30,7,0.533
in100.byol.s0.ext,student.h.gap,bn,30,8,0.5372
in100.byol.s0.ext,student.h.gap,bn,30,9,0.5394
in100.byol.s0.ext,student.h.gap,bn,30,10,0.542
in100.byol.s0.ext,student.h.gap,bn,30,11,0.5404
in100.byol.s0.ext,student.h.gap,bn,30,12,0.542
in100.byol.s0.ext,student.h.gap,bn,30,13,0.5448
in100.byol.s0.ext,student.h.gap,bn,30,14,0.551
in100.byol.s0.ext,student.h.gap,bn,30,15,0.551
in100.byol.s0.ext,student.h.gap,bn,30,16,0.5524
in100.byol.s0.ext,student.h.gap,bn,30,17,0.5464
in100.byol.s0.ext,student.h.gap,bn,30,18,0.5514
in100.byol.s0.ext,student.h.gap,bn,30,19,0.552
in100.byol.s0.ext,student.h.gap,bn,30,20,0.5512
in100.byol.s0.ext,student.h.gap,bn,30,21,0.5522
in100.byol.s0.ext,student.h.gap,bn,30,22,0.5572
in100.byol.s0.ext,student.h.gap,bn,30,23,0.5526
in100.byol.s0.ext,student.h.gap,bn,30,24,0.5506
in100.byol.s0.ext,student.h.gap,bn,30,25,0.552
in100.byol.s0.ext,student.h.gap,bn,30,26,0.5538
in100.byol.s0.ext,student.h.gap,bn,30,27,0.5584
in100.byol.s0.ext,student.h.gap,bn,30,28,0.5508
in100.byol.s0.ext,student.h.gap,bn,30,29,0.5568
in100.byol.s0.ext,student.h.gap,house,30,0,0.4084
in100.byol.s0.ext,student.h.gap,house,30,1,0.46
in100.byol.s0.ext,student.h.gap,house,30,2,0.4782
in100.byol.s0.ext,student.h.gap,house,30,3,0.494
in100.byol.s0.ext,student.h.gap,house,30,4,0.5004
in100.byol.s0.ext,student.h.gap,house,30,5,0.5064
in100.byol.s0.ext,student.h.gap,house,30,6,0.5124
in100.byol.s0.ext,student.h.gap,house,30,7,0.5178
in100.byol.s0.ext,student.h.gap,house,30,8,0.5174
in100.byol.s0.ext,student.h.gap,house,30,9,0.521
in100.byol.s0.ext,student.h.gap,house,30,10,0.5302
in100.byol.s0.ext,student.h.gap,house,30,11,0.533
in100.byol.s0.ext,student.h.gap,house,30,12,0.5332
in100.byol.s0.ext,student.h.gap,house,30,13,0.5272
in100.byol.s0.ext,student.h.gap,house,30,14,0.534
in100.byol.s0.ext,student.h.gap,house,30,15,0.5374
in100.byol.s0.ext,student.h.gap,house,30,16,0.543
in100.byol.s0.ext,student.h.gap,house,30,17,0.5406
in100.byol.s0.ext,student.h.gap,house,30,18,0.5382
in100.byol.s0.ext,student.h.gap,house,30,19,0.5424
in100.byol.s0.ext,student.h.gap,house,30,20,0.542
in100.byol.s0.ext,student.h.gap,house,30,21,0.5388
in100.byol.s0.ext,student.h.gap,house,30,22,0.5438
in100.byol.s0.ext,student.h.gap,house,30,23,0.5432
in100.byol.s0.ext,student.h.gap,house,30,24,0.5454
in100.byol.s0.ext,student.h.gap,house,30,25,0.5426
in100.byol.s0.ext,student.h.gap,house,30,26,0.545
in100.byol.s0.ext,student.h.gap,house,30,27,0.5476
in100.byol.s0.ext,student.h.gap,house,30,28,0.543
in100.byol.s0.ext,student.h.gap,house,30,29,0.5486
in100.byol.s0.ext,student.h.gap,house,300,0,0.4084
in100.byol.s0.ext,student.h.gap,house,300,1,0.46
in100.byol.s0.ext,student.h.gap,house,300,2,0.4782
in100.byol.s0.ext,student.h.gap,house,300,3,0.494
in100.byol.s0.ext,student.h.gap,house,300,4,0.5004
in100.byol.s0.ext,student.h.gap,house,300,5,0.5064
in100.byol.s0.ext,student.h.gap,house,300,6,0.5124
in100.byol.s0.ext,student.h.gap,house,300,7,0.5178
in100.byol.s0.ext,student.h.gap,house,300,8,0.5174
in100.byol.s0.ext,student.h.gap,house,300,9,0.521
in100.byol.s0.ext,student.h.gap,house,300,10,0.5302
in100.byol.s0.ext,student.h.gap,house,300,11,0.533
in100.byol.s0.ext,student.h.gap,house,300,12,0.5332
in100.byol.s0.ext,student.h.gap,house,300,13,0.5272
in100.byol.s0.ext,student.h.gap,house,300,14,0.534
in100.byol.s0.ext,student.h.gap,house,300,15,0.5374
in100.byol.s0.ext,student.h.gap,house,300,16,0.543
in100.byol.s0.ext,student.h.gap,house,300,17,0.5406
in100.byol.s0.ext,student.h.gap,house,300,18,0.5382
in100.byol.s0.ext,student.h.gap,house,300,19,0.5424
in100.byol.s0.ext,student.h.gap,house,300,20,0.542
in100.byol.s0.ext,student.h.gap,house,300,21,0.5388
in100.byol.s0.ext,student.h.gap,house,300,22,0.5438
in100.byol.s0.ext,student.h.gap,house,300,23,0.5432
in100.byol.s0.ext,student.h.gap,house,300,24,0.5454
in100.byol.s0.ext,student.h.gap,house,300,25,0.5426
in100.byol.s0.ext,student.h.gap,house,300,26,0.545
in100.byol.s0.ext,student.h.gap,house,300,27,0.5476
in100.byol.s0.ext,student.h.gap,house,300,28,0.543
in100.byol.s0.ext,student.h.gap,house,300,29,0.5486
in100.byol.s0.ext,student.h.gap,house,300,30,0.5518
in100.byol.s0.ext,student.h.gap,house,300,31,0.549
in100.byol.s0.ext,student.h.gap,house,300,32,0.5492
in100.byol.s0.ext,student.h.gap,house,300,33,0.5474
in100.byol.s0.ext,student.h.gap,house,300,34,0.551
in100.byol.s0.ext,student.h.gap,house,300,35,0.552
in100.byol.s0.ext,student.h.gap,house,300,36,0.5506
in100.byol.s0.ext,student.h.gap,house,300,37,0.5498
in100.byol.s0.ext,student.h.gap,house,300,38,0.5534
in100.byol.s0.ext,student.h.gap,house,300,39,0.5544
in100.byol.s0.ext,student.h.gap,house,300,40,0.5532
in100.byol.s0.ext,student.h.gap,house,300,41,0.5502
in100.byol.s0.ext,student.h.gap,house,300,42,0.5522
in100.byol.s0.ext,student.h.gap,house,300,43,0.553
in100.byol.s0.ext,student.h.gap,house,300,44,0.5606
in100.byol.s0.ext,student.h.gap,house,300,45,0.5542
in100.byol.s0.ext,student.h.gap,house,300,46,0.5562
in100.byol.s0.ext,student.h.gap,house,300,47,0.5528
in100.byol.s0.ext,student.h.gap,house,300,48,0.5546
in100.byol.s0.ext,student.h.gap,house,300,49,0.5526
in100.byol.s0.ext,student.h.gap,house,300,50,0.5582
in100.byol.s0.ext,student.h.gap,house,300,51,0.559
in100.byol.s0.ext,student.h.gap,house,300,52,0.5596
in100.byol.s0.ext,student.h.gap,house,300,53,0.5602
in100.byol.s0.ext,student.h.gap,house,300,54,0.5592
in100.byol.s0.ext,student.h.gap,house,300,55,0.5552
in100.byol.s0.ext,student.h.gap,house,300,56,0.557
in100.byol.s0.ext,student.h.gap,house,300,57,0.5494
in100.byol.s0.ext,student.h.gap,house,300,58,0.557
in100.byol.s0.ext,student.h.gap,house,300,59,0.5556
in100.byol.s0.ext,student.h.gap,house,300,60,0.5564
in100.byol.s0.ext,student.h.gap,house,300,61,0.554
in100.byol.s0.ext,student.h.gap,house,300,62,0.558
in100.byol.s0.ext,student.h.gap,house,300,63,0.557
in100.byol.s0.ext,student.h.gap,house,300,64,0.5592
in100.byol.s0.ext,student.h.gap,house,300,65,0.557
in100.byol.s0.ext,student.h.gap,house,300,66,0.5522
in100.byol.s0.ext,student.h.gap,house,300,67,0.5544
in100.byol.s0.ext,student.h.gap,house,300,68,0.5546
in100.byol.s0.ext,student.h.gap,house,300,69,0.5566
in100.byol.s0.ext,student.h.gap,house,300,70,0.5544
in100.byol.s0.ext,student.h.gap,house,300,71,0.5528
in100.byol.s0.ext,student.h.gap,house,300,72,0.5526
in100.byol.s0.ext,student.h.gap,house,300,73,0.5554
in100.byol.s0.ext,student.h.gap,house,300,74,0.5554
in100.byol.s0.ext,student.h.gap,house,300,75,0.5552
in100.byol.s0.ext,student.h.gap,house,300,76,0.5598
in100.byol.s0.ext,student.h.gap,house,300,77,0.5612
in100.byol.s0.ext,student.h.gap,house,300,78,0.5536
in100.byol.s0.ext,student.h.gap,house,300,79,0.5584
in100.byol.s0.ext,student.h.gap,house,300,80,0.5554
in100.byol.s0.ext,student.h.gap,house,300,81,0.5546
in100.byol.s0.ext,student.h.gap,house,300,82,0.5598
in100.byol.s0.ext,student.h.gap,house,300,83,0.557
in100.byol.s0.ext,student.h.gap,house,300,84,0.5542
in100.byol.s0.ext,student.h.gap,house,300,85,0.5588
in100.byol.s0.ext,student.h.gap,house,300,86,0.5576
in100.byol.s0.ext,student.h.gap,house,300,87,0.5548
in100.byol.s0.ext,student.h.gap,house,300,88,0.5538
in100.byol.s0.ext,student.h.gap,house,300,89,0.5564
in100.byol.s0.ext,student.h.gap,house,300,90,0.5592
in100.byol.s0.ext,student.h.gap,house,300,91,0.5562
in100.byol.s0.ext,student.h.gap,house,300,92,0.5578
in100.byol.s0.ext,student.h.gap,house,300,93,0.5586
in100.byol.s0.ext,student.h.gap,house,300,94,0.5532
in100.byol.s0.ext,student.h.gap,house,300,95,0.5552
in100.byol.s0.ext,student.h.gap,house,300,96,0.5606
in100.byol.s0.ext,student.h.gap,house,300,97,0.5568
in100.byol.s0.ext,student.h.gap,house,300,98,0.561
in100.byol.s0.ext,student.h.gap,house,300,99,0.553
in100.byol.s0.ext,student.h.gap,house,300,100,0.5556
in100.byol.s0.ext,student.h.gap,house,300,101,0.555
in100.byol.s0.ext,student.h.gap,house,300,102,0.5588
in100.byol.s0.ext,student.h.gap,house,300,103,0.5564
in100.byol.s0.ext,student.h.gap,house,300,104,0.5562
in100.byol.s0.ext,student.h.gap,house,300,105,0.5578
in100.byol.s0.ext,student.h.gap,house,300,106,0.5556
in100.byol.s0.ext,student.h.gap,house,300,107,0.5556
in100.byol.s0.ext,student.h.gap,house,300,108,0.5568
in100.byol.s0.ext,student.h.gap,house,300,109,0.5554
in100.byol.s0.ext,student.h.gap,house,300,110,0.557
in100.byol.s0.ext,student.h.gap,house,300,111,0.557
in100.byol.s0.ext,student.h.gap,house,300,112,0.5536
in100.byol.s0.ext,student.h.gap,house,300,113,0.5544
in100.byol.s0.ext,student.h.gap,house,300,114,0.562
in100.byol.s0.ext,student.h.gap,house,300,115,0.5578
in100.byol.s0.ext,student.h.gap,house,300,116,0.5546
in100.byol.s0.ext,student.h.gap,house,300,117,0.5582
in100.byol.s0.ext,student.h.gap,house,300,118,0.5534
in100.byol.s0.ext,student.h.gap,house,300,119,0.5546
in100.byol.s0.ext,student.h.gap,house,300,120,0.5548
in100.byol.s0.ext,student.h.gap,house,300,121,0.5544
in100.byol.s0.ext,student.h.gap,house,300,122,0.554
in100.byol.s0.ext,student.h.gap,house,300,123,0.5554
in100.byol.s0.ext,student.h.gap,house,300,124,0.5552
in100.byol.s0.ext,student.h.gap,house,300,125,0.5546
in100.byol.s0.ext,student.h.gap,house,300,126,0.558
in100.byol.s0.ext,student.h.gap,house,300,127,0.5544
in100.byol.s0.ext,student.h.gap,house,300,128,0.5578
in100.byol.s0.ext,student.h.gap,house,300,129,0.5562
in100.byol.s0.ext,student.h.gap,house,300,130,0.5522
in100.byol.s0.ext,student.h.gap,house,300,131,0.556
in100.byol.s0.ext,student.h.gap,house,300,132,0.5582
in100.byol.s0.ext,student.h.gap,house,300,133,0.5584
in100.byol.s0.ext,student.h.gap,house,300,134,0.556
in100.byol.s0.ext,student.h.gap,house,300,135,0.5594
in100.byol.s0.ext,student.h.gap,house,300,136,0.5574
in100.byol.s0.ext,student.h.gap,house,300,137,0.5568
in100.byol.s0.ext,student.h.gap,house,300,138,0.5538
in100.byol.s0.ext,student.h.gap,house,300,139,0.556
in100.byol.s0.ext,student.h.gap,house,300,140,0.5564
in100.byol.s0.ext,student.h.gap,house,300,141,0.5542
in100.byol.s0.ext,student.h.gap,house,300,142,0.5574
in100.byol.s0.ext,student.h.gap,house,300,143,0.5576
in100.byol.s0.ext,student.h.gap,house,300,144,0.5542
in100.byol.s0.ext,student.h.gap,house,300,145,0.5568
in100.byol.s0.ext,student.h.gap,house,300,146,0.5554
in100.byol.s0.ext,student.h.gap,house,300,147,0.5508
in100.byol.s0.ext,student.h.gap,house,300,148,0.5534
in100.byol.s0.ext,student.h.gap,house,300,149,0.555
in100.byol.s0.ext,student.h.gap,house,300,150,0.5566
in100.byol.s0.ext,student.h.gap,house,300,151,0.5574
in100.byol.s0.ext,student.h.gap,house,300,152,0.5544
in100.byol.s0.ext,student.h.gap,house,300,153,0.5564
in100.byol.s0.ext,student.h.gap,house,300,154,0.5598
in100.byol.s0.ext,student.h.gap,house,300,155,0.5526
in100.byol.s0.ext,student.h.gap,house,300,156,0.5532
in100.byol.s0.ext,student.h.gap,house,300,157,0.5586
in100.byol.s0.ext,student.h.gap,house,300,158,0.5612
in100.byol.s0.ext,student.h.gap,house,300,159,0.5534
in100.byol.s0.ext,student.h.gap,house,300,160,0.5532
in100.byol.s0.ext,student.h.gap,house,300,161,0.5558
in100.byol.s0.ext,student.h.gap,house,300,162,0.5576
in100.byol.s0.ext,student.h.gap,house,300,163,0.5544
in100.byol.s0.ext,student.h.gap,house,300,164,0.5534
in100.byol.s0.ext,student.h.gap,house,300,165,0.5548
in100.byol.s0.ext,student.h.gap,house,300,166,0.5532
in100.byol.s0.ext,student.h.gap,house,300,167,0.5574
in100.byol.s0.ext,student.h.gap,house,300,168,0.5568
in100.byol.s0.ext,student.h.gap,house,300,169,0.5542
in100.byol.s0.ext,student.h.gap,house,300,170,0.5544
in100.byol.s0.ext,student.h.gap,house,300,171,0.5496
in100.byol.s0.ext,student.h.gap,house,300,172,0.5572
in100.byol.s0.ext,student.h.gap,house,300,173,0.5598
in100.byol.s0.ext,student.h.gap,house,300,174,0.556
in100.byol.s0.ext,student.h.gap,house,300,175,0.5504
in100.byol.s0.ext,student.h.gap,house,300,176,0.5516
in100.byol.s0.ext,student.h.gap,house,300,177,0.5526
in100.byol.s0.ext,student.h.gap,house,300,178,0.5586
in100.byol.s0.ext,student.h.gap,house,300,179,0.5532
in100.byol.s0.ext,student.h.gap,house,300,180,0.555
in100.byol.s0.ext,student.h.gap,house,300,181,0.5552
in100.byol.s0.ext,student.h.gap,house,300,182,0.556
in100.byol.s0.ext,student.h.gap,house,300,183,0.5544
in100.byol.s0.ext,student.h.gap,house,300,184,0.555
in100.byol.s0.ext,student.h.gap,house,300,185,0.5572
in100.byol.s0.ext,student.h.gap,house,300,186,0.5512
in100.byol.s0.ext,student.h.gap,house,300,187,0.558
in100.byol.s0.ext,student.h.gap,house,300,188,0.556
in100.byol.s0.ext,student.h.gap,house,300,189,0.553
in100.byol.s0.ext,student.h.gap,house,300,190,0.5562
in100.byol.s0.ext,student.h.gap,house,300,191,0.5584
in100.byol.s0.ext,student.h.gap,house,300,192,0.5534
in100.byol.s0.ext,student.h.gap,house,300,193,0.5564
in100.byol.s0.ext,student.h.gap,house,300,194,0.556
in100.byol.s0.ext,student.h.gap,house,300,195,0.5576
in100.byol.s0.ext,student.h.gap,house,300,196,0.5572
in100.byol.s0.ext,student.h.gap,house,300,197,0.55
in100.byol.s0.ext,student.h.gap,house,300,198,0.5544
in100.byol.s0.ext,student.h.gap,house,300,199,0.5556
in100.byol.s0.ext,student.h.gap,house,300,200,0.5544
in100.byol.s0.ext,student.h.gap,house,300,201,0.5538
in100.byol.s0.ext,student.h.gap,house,300,202,0.5534
in100.byol.s0.ext,student.h.gap,house,300,203,0.5554
in100.byol.s0.ext,student.h.gap,house,300,204,0.5546
in100.byol.s0.ext,student.h.gap,house,300,205,0.5516
in100.byol.s0.ext,student.h.gap,house,300,206,0.5572
in100.byol.s0.ext,student.h.gap,house,300,207,0.5536
in100.byol.s0.ext,student.h.gap,house,300,208,0.5576
in100.byol.s0.ext,student.h.gap,house,300,209,0.5488
in100.byol.s0.ext,student.h.gap,house,300,210,0.5514
in100.byol.s0.ext,student.h.gap,house,300,211,0.554
in100.byol.s0.ext,student.h.gap,house,300,212,0.554
in100.byol.s0.ext,student.h.gap,house,300,213,0.5532
in100.byol.s0.ext,student.h.gap,house,300,214,0.553
in100.byol.s0.ext,student.h.gap,house,300,215,0.5576
in100.byol.s0.ext,student.h.gap,house,300,216,0.5564
in100.byol.s0.ext,student.h.gap,house,300,217,0.5514
in100.byol.s0.ext,student.h.gap,house,300,218,0.554
in100.byol.s0.ext,student.h.gap,house,300,219,0.5588
in100.byol.s0.ext,student.h.gap,house,300,220,0.5548
in100.byol.s0.ext,student.h.gap,house,300,221,0.5506
in100.byol.s0.ext,student.h.gap,house,300,222,0.557
in100.byol.s0.ext,student.h.gap,house,300,223,0.5536
in100.byol.s0.ext,student.h.gap,house,300,224,0.5544
in100.byol.s0.ext,student.h.gap,house,300,225,0.5522
in100.byol.s0.ext,student.h.gap,house,300,226,0.5514
in100.byol.s0.ext,student.h.gap,house,300,227,0.5558
in100.byol.s0.ext,student.h.gap,house,300,228,0.55
in100.byol.s0.ext,student.h.gap,house,300,229,0.5544
in100.byol.s0.ext,student.h.gap,house,300,230,0.5532
in100.byol.s0.ext,student.h.gap,house,300,231,0.5508
in100.byol.s0.ext,student.h.gap,house,300,232,0.5524
in100.byol.s0.ext,student.h.gap,house,300,233,0.5478
in100.byol.s0.ext,student.h.gap,house,300,234,0.5506
in100.byol.s0.ext,student.h.gap,house,300,235,0.5566
in100.byol.s0.ext,student.h.gap,house,300,236,0.5522
in100.byol.s0.ext,student.h.gap,house,300,237,0.554
in100.byol.s0.ext,student.h.gap,house,300,238,0.5534
in100.byol.s0.ext,student.h.gap,house,300,239,0.5508
in100.byol.s0.ext,student.h.gap,house,300,240,0.549
in100.byol.s0.ext,student.h.gap,house,300,241,0.555
in100.byol.s0.ext,student.h.gap,house,300,242,0.5508
in100.byol.s0.ext,student.h.gap,house,300,243,0.5498
in100.byol.s0.ext,student.h.gap,house,300,244,0.5518
in100.byol.s0.ext,student.h.gap,house,300,245,0.5516
in100.byol.s0.ext,student.h.gap,house,300,246,0.5532
in100.byol.s0.ext,student.h.gap,house,300,247,0.5504
in100.byol.s0.ext,student.h.gap,house,300,248,0.5496
in100.byol.s0.ext,student.h.gap,house,300,249,0.553
in100.byol.s0.ext,student.h.gap,house,300,250,0.5516
in100.byol.s0.ext,student.h.gap,house,300,251,0.55
in100.byol.s0.ext,student.h.gap,house,300,252,0.5496
in100.byol.s0.ext,student.h.gap,house,300,253,0.5532
in100.byol.s0.ext,student.h.gap,house,300,254,0.5512
in100.byol.s0.ext,student.h.gap,house,300,255,0.5476
in100.byol.s0.ext,student.h.gap,house,300,256,0.553
in100.byol.s0.ext,student.h.gap,house,300,257,0.5512
in100.byol.s0.ext,student.h.gap,house,300,258,0.5532
in100.byol.s0.ext,student.h.gap,house,300,259,0.5496
in100.byol.s0.ext,student.h.gap,house,300,260,0.5514
in100.byol.s0.ext,student.h.gap,house,300,261,0.5544
in100.byol.s0.ext,student.h.gap,house,300,262,0.5512
in100.byol.s0.ext,student.h.gap,house,300,263,0.5518
in100.byol.s0.ext,student.h.gap,house,300,264,0.5528
in100.byol.s0.ext,student.h.gap,house,300,265,0.5524
in100.byol.s0.ext,student.h.gap,house,300,266,0.5526
in100.byol.s0.ext,student.h.gap,house,300,267,0.5498
in100.byol.s0.ext,student.h.gap,house,300,268,0.5472
in100.byol.s0.ext,student.h.gap,house,300,269,0.5462
in100.byol.s0.ext,student.h.gap,house,300,270,0.5516
in100.byol.s0.ext,student.h.gap,house,300,271,0.5516
in100.byol.s0.ext,student.h.gap,house,300,272,0.55
in100.byol.s0.ext,student.h.gap,house,300,273,0.553
in100.byol.s0.ext,student.h.gap,house,300,274,0.5502
in100.byol.s0.ext,student.h.gap,house,300,275,0.553
in100.byol.s0.ext,student.h.gap,house,300,276,0.5568
in100.byol.s0.ext,student.h.gap,house,300,277,0.5542
in100.byol.s0.ext,student.h.gap,house,300,278,0.549
in100.byol.s0.ext,student.h.gap,house,300,279,0.5546
in100.byol.s0.ext,student.h.gap,house,300,280,0.5522
in100.byol.s0.ext,student.h.gap,house,300,281,0.5536
in100.byol.s0.ext,student.h.gap,house,300,282,0.551
in100.byol.s0.ext,student.h.gap,house,300,283,0.549
in100.byol.s0.ext,student.h.gap,house,300,284,0.5526
in100.byol.s0.ext,student.h.gap,house,300,285,0.5526
in100.byol.s0.ext,student.h.gap,house,300,286,0.5516
in100.byol.s0.ext,student.h.gap,house,300,287,0.5524
in100.byol.s0.ext,student.h.gap,house,300,288,0.5524
in100.byol.s0.ext,student.h.gap,house,300,289,0.5554
in100.byol.s0.ext,student.h.gap,house,300,290,0.552
in100.byol.s0.ext,student.h.gap,house,300,291,0.549
in100.byol.s0.ext,student.h.gap,house,300,292,0.5474
in100.byol.s0.ext,student.h.gap,house,300,293,0.549
in100.byol.s0.ext,student.h.gap,house,300,294,0.5468
in100.byol.s0.ext,student.h.gap,house,300,295,0.5518
in100.byol.s0.ext,student.h.gap,house,300,296,0.5488
in100.byol.s0.ext,student.h.gap,house,300,297,0.5462
in100.byol.s0.ext,student.h.gap,house,300,298,0.5446
in100.byol.s0.ext,student.h.gap,house,300,299,0.5456
in100.vicreg.s0.ext,student.h.gap,raw,30,0,0.2988
in100.vicreg.s0.ext,student.h.gap,raw,30,1,0.3494
in100.vicreg.s0.ext,student.h.gap,raw,30,2,0.3796
in100.vicreg.s0.ext,student.h.gap,raw,30,3,0.398
in100.vicreg.s0.ext,student.h.gap,raw,30,4,0.4176
in100.vicreg.s0.ext,student.h.gap,raw,30,5,0.4226
in100.vicreg.s0.ext,student.h.gap,raw,30,6,0.4334
in100.vicreg.s0.ext,student.h.gap,raw,30,7,0.4428
in100.vicreg.s0.ext,student.h.gap,raw,30,8,0.453
in100.vicreg.s0.ext,student.h.gap,raw,30,9,0.4564
in100.vicreg.s0.ext,student.h.gap,raw,30,10,0.4634
in100.vicreg.s0.ext,student.h.gap,raw,30,11,0.4664
in100.vicreg.s0.ext,student.h.gap,raw,30,12,0.4746
in100.vicreg.s0.ext,student.h.gap,raw,30,13,0.4778
in100.vicreg.s0.ext,student.h.gap,raw,30,14,0.4816
in100.vicreg.s0.ext,student.h.gap,raw,30,15,0.4846
in100.vicreg.s0.ext,student.h.gap,raw,30,16,0.4886
in100.vicreg.s0.ext,student.h.gap,raw,30,17,0.4884
in100.vicreg.s0.ext,student.h.gap,raw,30,18,0.4928
in100.vicreg.s0.ext,student.h.gap,raw,30,19,0.4968
in100.vicreg.s0.ext,student.h.gap,raw,30,20,0.4932
in100.vicreg.s0.ext,student.h.gap,raw,30,21,0.4954
in100.vicreg.s0.ext,student.h.gap,raw,30,22,0.5032
in100.vicreg.s0.ext,student.h.gap,raw,30,23,0.5006
in100.vicreg.s0.ext,student.h.gap,raw,30,24,0.5036
in100.vicreg.s0.ext,student.h.gap,raw,30,25,0.504
in100.vicreg.s0.ext,student.h.gap,raw,30,26,0.505
in100.vicreg.s0.ext,student.h.gap,raw,30,27,0.5086
in100.vicreg.s0.ext,student.h.gap,raw,30,28,0.5144
in100.vicreg.s0.ext,student.h.gap,raw,30,29,0.5124
in100.vicreg.s0.ext,student.h.gap,raw,300,0,0.2988
in100.vicreg.s0.ext,student.h.gap,raw,300,1,0.3494
in100.vicreg.s0.ext,student.h.gap,raw,300,2,0.3796
in100.vicreg.s0.ext,student.h.gap,raw,300,3,0.398
in100.vicreg.s0.ext,student.h.gap,raw,300,4,0.4176
in100.vicreg.s0.ext,student.h.gap,raw,300,5,0.4226
in100.vicreg.s0.ext,student.h.gap,raw,300,6,0.4334
in100.vicreg.s0.ext,student.h.gap,raw,300,7,0.4428
in100.vicreg.s0.ext,student.h.gap,raw,300,8,0.453
in100.vicreg.s0.ext,student.h.gap,raw,300,9,0.4564
in100.vicreg.s0.ext,student.h.gap,raw,300,10,0.4634
in100.vicreg.s0.ext,student.h.gap,raw,300,11,0.4664
in100.vicreg.s0.ext,student.h.gap,raw,300,12,0.4746
in100.vicreg.s0.ext,student.h.gap,raw,300,13,0.4778
in100.vicreg.s0.ext,student.h.gap,raw,300,14,0.4816
in100.vicreg.s0.ext,student.h.gap,raw,300,15,0.4846
in100.vicreg.s0.ext,student.h.gap,raw,300,16,0.4886
in100.vicreg.s0.ext,student.h.gap,raw,300,17,0.4884
in100.vicreg.s0.ext,student.h.gap,raw,300,18,0.4928
in100.vicreg.s0.ext,student.h.gap,raw,300,19,0.4968
in100.vicreg.s0.ext,student.h.gap,raw,300,20,0.4932
in100.vicreg.s0.ext,student.h.gap,raw,300,21,0.4954
in100.vicreg.s0.ext,student.h.gap,raw,300,22,0.5032
in100.vicreg.s0.ext,student.h.gap,raw,300,23,0.5006
in100.vicreg.s0.ext,student.h.gap,raw,300,24,0.5036
in100.vicreg.s0.ext,student.h.gap,raw,300,25,0.504
in100.vicreg.s0.ext,student.h.gap,raw,300,26,0.505
in100.vicreg.s0.ext,student.h.gap,raw,300,27,0.5086
in100.vicreg.s0.ext,student.h.gap,raw,300,28,0.5144
in100.vicreg.s0.ext,student.h.gap,raw,300,29,0.5124
in100.vicreg.s0.ext,student.h.gap,raw,300,30,0.5124
in100.vicreg.s0.ext,student.h.gap,raw,300,31,0.512
in100.vicreg.s0.ext,student.h.gap,raw,300,32,0.516
in100.vicreg.s0.ext,student.h.gap,raw,300,33,0.5182
in100.vicreg.s0.ext,student.h.gap,raw,300,34,0.5194
in100.vicreg.s0.ext,student.h.gap,raw,300,35,0.5192
in100.vicreg.s0.ext,student.h.gap,raw,300,36,0.519
in100.vicreg.s0.ext,student.h.gap,raw,300,37,0.5236
in100.vicreg.s0.ext,student.h.gap,raw,300,38,0.5258
in100.vicreg.s0.ext,student.h.gap,raw,300,39,0.5212
in100.vicreg.s0.ext,student.h.gap,raw,300,40,0.5242
in100.vicreg.s0.ext,student.h.gap,raw,300,41,0.5264
in100.vicreg.s0.ext,student.h.gap,raw,300,42,0.5286
in100.vicreg.s0.ext,student.h.gap,raw,300,43,0.5312
in100.vicreg.s0.ext,student.h.gap,raw,300,44,0.5304
in100.vicreg.s0.ext,student.h.gap,raw,300,45,0.5314
in100.vicreg.s0.ext,student.h.gap,raw,300,46,0.5326
in100.vicreg.s0.ext,student.h.gap,raw,300,47,0.5322
in100.vicreg.s0.ext,student.h.gap,raw,300,48,0.5316
in100.vicreg.s0.ext,student.h.gap,raw,300,49,0.5334
in100.vicreg.s0.ext,student.h.gap,raw,300,50,0.5332
in100.vicreg.s0.ext,student.h.gap,raw,300,51,0.5354
in100.vicreg.s0.ext,student.h.gap,raw,300,52,0.5344
in100.vicreg.s0.ext,student.h.gap,raw,300,53,0.5346
in100.vicreg.s0.ext,student.h.gap,raw,300,54,0.5344
in100.vicreg.s0.ext,student.h.gap,raw,300,55,0.536
in100.vicreg.s0.ext,student.h.gap,raw,300,56,0.538
in100.vicreg.s0.ext,student.h.gap,raw,300,57,0.5382
in100.vicreg.s0.ext,student.h.gap,raw,300,58,0.54
in100.vicreg.s0.ext,student.h.gap,raw,300,59,0.5388
in100.vicreg.s0.ext,student.h.gap,raw,300,60,0.5416
in100.vicreg.s0.ext,student.h.gap,raw,300,61,0.5396
in100.vicreg.s0.ext,student.h.gap,raw,300,62,0.542
in100.vicreg.s0.ext,student.h.gap,raw,300,63,0.5438
in100.vicreg.s0.ext,student.h.gap,raw,300,64,0.5414
in100.vicreg.s0.ext,student.h.gap,raw,300,65,0.544
in100.vicreg.s0.ext,student.h.gap,raw,300,66,0.5446
in100.vicreg.s0.ext,student.h.gap,raw,300,67,0.5442
in100.vicreg.s0.ext,student.h.gap,raw,300,68,0.5434
in100.vicreg.s0.ext,student.h.gap,raw,300,69,0.5422
in100.vicreg.s0.ext,student.h.gap,raw,300,70,0.5454
in100.vicreg.s0.ext,student.h.gap,raw,300,71,0.5462
in100.vicreg.s0.ext,student.h.gap,raw,300,72,0.544
in100.vicreg.s0.ext,student.h.gap,raw,300,73,0.5506
in100.vicreg.s0.ext,student.h.gap,raw,300,74,0.5476
in100.vicreg.s0.ext,student.h.gap,raw,300,75,0.5474
in100.vicreg.s0.ext,student.h.gap,raw,300,76,0.5472
in100.vicreg.s0.ext,student.h.gap,raw,300,77,0.5492
in100.vicreg.s0.ext,student.h.gap,raw,300,78,0.5494
in100.vicreg.s0.ext,student.h.gap,raw,300,79,0.5496
in100.vicreg.s0.ext,student.h.gap,raw,300,80,0.5484
in100.vicreg.s0.ext,student.h.gap,raw,300,81,0.5482
in100.vicreg.s0.ext,student.h.gap,raw,300,82,0.5516
in100.vicreg.s0.ext,student.h.gap,raw,300,83,0.5522
in100.vicreg.s0.ext,student.h.gap,raw,300,84,0.5526
in100.vicreg.s0.ext,student.h.gap,raw,300,85,0.5474
in100.vicreg.s0.ext,student.h.gap,raw,300,86,0.5462
in100.vicreg.s0.ext,student.h.gap,raw,300,87,0.5544
in100.vicreg.s0.ext,student.h.gap,raw,300,88,0.551
in100.vicreg.s0.ext,student.h.gap,raw,300,89,0.5534
in100.vicreg.s0.ext,student.h.gap,raw,300,90,0.551
in100.vicreg.s0.ext,student.h.gap,raw,300,91,0.5548
in100.vicreg.s0.ext,student.h.gap,raw,300,92,0.5542
in100.vicreg.s0.ext,student.h.gap,raw,300,93,0.5544
in100.vicreg.s0.ext,student.h.gap,raw,300,94,0.5504
in100.vicreg.s0.ext,student.h.gap,raw,300,95,0.554
in100.vicreg.s0.ext,student.h.gap,raw,300,96,0.5514
in100.vicreg.s0.ext,student.h.gap,raw,300,97,0.5548
in100.vicreg.s0.ext,student.h.gap,raw,300,98,0.556
in100.vicreg.s0.ext,student.h.gap,raw,300,99,0.5542
in100.vicreg.s0.ext,student.h.gap,raw,300,100,0.557
in100.vicreg.s0.ext,student.h.gap,raw,300,101,0.557
in100.vicreg.s0.ext,student.h.gap,raw,300,102,0.5534
in100.vicreg.s0.ext,student.h.gap,raw,300,103,0.5592
in100.vicreg.s0.ext,student.h.gap,raw,300,104,0.556
in100.vicreg.s0.ext,student.h.gap,raw,300,105,0.558
in100.vicreg.s0.ext,student.h.gap,raw,300,106,0.5554
in100.vicreg.s0.ext,student.h.gap,raw,300,107,0.5574
in100.vicreg.s0.ext,student.h.gap,raw,300,108,0.5568
in100.vicreg.s0.ext,student.h.gap,raw,300,109,0.557
in100.vicreg.s0.ext,student.h.gap,raw,300,110,0.5566
in100.vicreg.s0.ext,student.h.gap,raw,300,111,0.5546
in100.vicreg.s0.ext,student.h.gap,raw,300,112,0.5566
in100.vicreg.s0.ext,student.h.gap,raw,300,113,0.5584
in100.vicreg.s0.ext,student.h.gap,raw,300,114,0.5574
in100.vicreg.s0.ext,student.h.gap,raw,300,115,0.559
in100.vicreg.s0.ext,student.h.gap,raw,300,116,0.5638
in100.vicreg.s0.ext,student.h.gap,raw,300,117,0.559
in100.vicreg.s0.ext,student.h.gap,raw,300,118,0.5618
in100.vicreg.s0.ext,student.h.gap,raw,300,119,0.5618
in100.vicreg.s0.ext,student.h.gap,raw,300,120,0.5634
in100.vicreg.s0.ext,student.h.gap,raw,300,121,0.5594
in100.vicreg.s0.ext,student.h.gap,raw,300,122,0.5606
in100.vicreg.s0.ext,student.h.gap,raw,300,123,0.5608
in100.vicreg.s0.ext,student.h.gap,raw,300,124,0.5606
in100.vicreg.s0.ext,student.h.gap,raw,300,125,0.5614
in100.vicreg.s0.ext,student.h.gap,raw,300,126,0.561
in100.vicreg.s0.ext,student.h.gap,raw,300,127,0.5644
in100.vicreg.s0.ext,student.h.gap,raw,300,128,0.558
in100.vicreg.s0.ext,student.h.gap,raw,300,129,0.5608
in100.vicreg.s0.ext,student.h.gap,raw,300,130,0.5636
in100.vicreg.s0.ext,student.h.gap,raw,300,131,0.5618
in100.vicreg.s0.ext,student.h.gap,raw,300,132,0.562
in100.vicreg.s0.ext,student.h.gap,raw,300,133,0.562
in100.vicreg.s0.ext,student.h.gap,raw,300,134,0.561
in100.vicreg.s0.ext,student.h.gap,raw,300,135,0.5596
in100.vicreg.s0.ext,student.h.gap,raw,300,136,0.562
in100.vicreg.s0.ext,student.h.gap,raw,300,137,0.5626
in100.vicreg.s0.ext,student.h.gap,raw,300,138,0.5642
in100.vicreg.s0.ext,student.h.gap,raw,300,139,0.5644
in100.vicreg.s0.ext,student.h.gap,raw,300,140,0.5628
in100.vicreg.s0.ext,student.h.gap,raw,300,141,0.5606
in100.vicreg.s0.ext,student.h.gap,raw,300,142,0.563
in100.vicreg.s0.ext,student.h.gap,raw,300,143,0.5626
in100.vicreg.s0.ext,student.h.gap,raw,300,144,0.5628
in100.vicreg.s0.ext,student.h.gap,raw,300,145,0.566
in100.vicreg.s0.ext,student.h.gap,raw,300,146,0.5648
in100.vicreg.s0.ext,student.h.gap,raw,300,147,0.5652
in100.vicreg.s0.ext,student.h.gap,raw,300,148,0.5652
in100.vicreg.s0.ext,student.h.gap,raw,300,149,0.5648
in100.vicreg.s0.ext,student.h.gap,raw,300,150,0.5656
in100.vicreg.s0.ext,student.h.gap,raw,300,151,0.564
in100.vicreg.s0.ext,student.h.gap,raw,300,152,0.5632
in100.vicreg.s0.ext,student.h.gap,raw,300,153,0.5638
in100.vicreg.s0.ext,student.h.gap,raw,300,154,0.564
in100.vicreg.s0.ext,student.h.gap,raw,300,155,0.5624
in100.vicreg.s0.ext,student.h.gap,raw,300,156,0.5658
in100.vicreg.s0.ext,student.h.gap,raw,300,157,0.5646
in100.vicreg.s0.ext,student.h.gap,raw,300,158,0.5684
in100.vicreg.s0.ext,student.h.gap,raw,300,159,0.5678
in100.vicreg.s0.ext,student.h.gap,raw,300,160,0.5674
in100.vicreg.s0.ext,student.h.gap,raw,300,161,0.5654
in100.vicreg.s0.ext,student.h.gap,raw,300,162,0.57
in100.vicreg.s0.ext,student.h.gap,raw,300,163,0.5696
in100.vicreg.s0.ext,student.h.gap,raw,300,164,0.5654
in100.vicreg.s0.ext,student.h.gap,raw,300,165,0.5644
in100.vicreg.s0.ext,student.h.gap,raw,300,166,0.5676
in100.vicreg.s0.ext,student.h.gap,raw,300,167,0.5602
in100.vicreg.s0.ext,student.h.gap,raw,300,168,0.5668
in100.vicreg.s0.ext,student.h.gap,raw,300,169,0.5666
in100.vicreg.s0.ext,student.h.gap,raw,300,170,0.5702
in100.vicreg.s0.ext,student.h.gap,raw,300,171,0.5668
in100.vicreg.s0.ext,student.h.gap,raw,300,172,0.5668
in100.vicreg.s0.ext,student.h.gap,raw,300,173,0.5648
in100.vicreg.s0.ext,student.h.gap,raw,300,174,0.5698
in100.vicreg.s0.ext,student.h.gap,raw,300,175,0.5688
in100.vicreg.s0.ext,student.h.gap,raw,300,176,0.5664
in100.vicreg.s0.ext,student.h.gap,raw,300,177,0.5692
in100.vicreg.s0.ext,student.h.gap,raw,300,178,0.567
in100.vicreg.s0.ext,student.h.gap,raw,300,179,0.569
in100.vicreg.s0.ext,student.h.gap,raw,300,180,0.5704
in100.vicreg.s0.ext,student.h.gap,raw,300,181,0.5692
in100.vicreg.s0.ext,student.h.gap,raw,300,182,0.571
in100.vicreg.s0.ext,student.h.gap,raw,300,183,0.5654
in100.vicreg.s0.ext,student.h.gap,raw,300,184,0.5704
in100.vicreg.s0.ext,student.h.gap,raw,300,185,0.5686
in100.vicreg.s0.ext,student.h.gap,raw,300,186,0.5712
in100.vicreg.s0.ext,student.h.gap,raw,300,187,0.5694
in100.vicreg.s0.ext,student.h.gap,raw,300,188,0.5664
in100.vicreg.s0.ext,student.h.gap,raw,300,189,0.5682
in100.vicreg.s0.ext,student.h.gap,raw,300,190,0.5742
in100.vicreg.s0.ext,student.h.gap,raw,300,191,0.5722
in100.vicreg.s0.ext,student.h.gap,raw,300,192,0.5732
in100.vicreg.s0.ext,student.h.gap,raw,300,193,0.5714
in100.vicreg.s0.ext,student.h.gap,raw,300,194,0.5722
in100.vicreg.s0.ext,student.h.gap,raw,300,195,0.5708
in100.vicreg.s0.ext,student.h.gap,raw,300,196,0.5736
in100.vicreg.s0.ext,student.h.gap,raw,300,197,0.5702
in100.vicreg.s0.ext,student.h.gap,raw,300,198,0.5704
in100.vicreg.s0.ext,student.h.gap,raw,300,199,0.5708
in100.vicreg.s0.ext,student.h.gap,raw,300,200,0.5728
in100.vicreg.s0.ext,student.h.gap,raw,300,201,0.569
in100.vicreg.s0.ext,student.h.gap,raw,300,202,0.573
in100.vicreg.s0.ext,student.h.gap,raw,300,203,0.5704
in100.vicreg.s0.ext,student.h.gap,raw,300,204,0.5718
in100.vicreg.s0.ext,student.h.gap,raw,300,205,0.5696
in100.vicreg.s0.ext,student.h.gap,raw,300,206,0.5706
in100.vicreg.s0.ext,student.h.gap,raw,300,207,0.572
in100.vicreg.s0.ext,student.h.gap,raw,300,208,0.5704
in100.vicreg.s0.ext,student.h.gap,raw,300,209,0.571
in100.vicreg.s0.ext,student.h.gap,raw,300,210,0.5736
in100.vicreg.s0.ext,student.h.gap,raw,300,211,0.574
in100.vicreg.s0.ext,student.h.gap,raw,300,212,0.571
in100.vicreg.s0.ext,student.h.gap,raw,300,213,0.5728
in100.vicreg.s0.ext,student.h.gap,raw,300,214,0.5704
in100.vicreg.s0.ext,student.h.gap,raw,300,215,0.5756
in100.vicreg.s0.ext,student.h.gap,raw,300,216,0.5722
in100.vicreg.s0.ext,student.h.gap,raw,300,217,0.5736
in100.vicreg.s0.ext,student.h.gap,raw,300,218,0.5734
in100.vicreg.s0.ext,student.h.gap,raw,300,219,0.5726
in100.vicreg.s0.ext,student.h.gap,raw,300,220,0.5712
in100.vicreg.s0.ext,student.h.gap,raw,300,221,0.572
in100.vicreg.s0.ext,student.h.gap,raw,300,222,0.5732
in100.vicreg.s0.ext,student.h.gap,raw,300,223,0.5736
in100.vicreg.s0.ext,student.h.gap,raw,300,224,0.5778
in100.vicreg.s0.ext,student.h.gap,raw,300,225,0.5694
in100.vicreg.s0.ext,student.h.gap,raw,300,226,0.5734
in100.vicreg.s0.ext,student.h.gap,raw,300,227,0.5744
in100.vicreg.s0.ext,student.h.gap,raw,300,228,0.5704
in100.vicreg.s0.ext,student.h.gap,raw,300,229,0.5742
in100.vicreg.s0.ext,student.h.gap,raw,300,230,0.576
in100.vicreg.s0.ext,student.h.gap,raw,300,231,0.5738
in100.vicreg.s0.ext,student.h.gap,raw,300,232,0.5716
in100.vicreg.s0.ext,student.h.gap,raw,300,233,0.5762
in100.vicreg.s0.ext,student.h.gap,raw,300,234,0.5726
in100.vicreg.s0.ext,student.h.gap,raw,300,235,0.5754
in100.vicreg.s0.ext,student.h.gap,raw,300,236,0.573
in100.vicreg.s0.ext,student.h.gap,raw,300,237,0.5734
in100.vicreg.s0.ext,student.h.gap,raw,300,238,0.5766
in100.vicreg.s0.ext,student.h.gap,raw,300,239,0.5728
in100.vicreg.s0.ext,student.h.gap,raw,300,240,0.5708
in100.vicreg.s0.ext,student.h.gap,raw,300,241,0.575
in100.vicreg.s0.ext,student.h.gap,raw,300,242,0.5712
in100.vicreg.s0.ext,student.h.gap,raw,300,243,0.571
in100.vicreg.s0.ext,student.h.gap,raw,300,244,0.5746
in100.vicreg.s0.ext,student.h.gap,raw,300,245,0.573
in100.vicreg.s0.ext,student.h.gap,raw,300,246,0.5728
in100.vicreg.s0.ext,student.h.gap,raw,300,247,0.5782
in100.vicreg.s0.ext,student.h.gap,raw,300,248,0.579
in100.vicreg.s0.ext,student.h.gap,raw,300,249,0.5744
in100.vicreg.s0.ext,student.h.gap,raw,300,250,0.576
in100.vicreg.s0.ext,student.h.gap,raw,300,251,0.5746
in100.vicreg.s0.ext,student.h.gap,raw,300,252,0.5744
in100.vicreg.s0.ext,student.h.gap,raw,300,253,0.5764
in100.vicreg.s0.ext,student.h.gap,raw,300,254,0.5746
in100.vicreg.s0.ext,student.h.gap,raw,300,255,0.5764
in100.vicreg.s0.ext,student.h.gap,raw,300,256,0.574
in100.vicreg.s0.ext,student.h.gap,raw,300,257,0.5788
in100.vicreg.s0.ext,student.h.gap,raw,300,258,0.5772
in100.vicreg.s0.ext,student.h.gap,raw,300,259,0.5742
in100.vicreg.s0.ext,student.h.gap,raw,300,260,0.5774
in100.vicreg.s0.ext,student.h.gap,raw,300,261,0.5762
in100.vicreg.s0.ext,student.h.gap,raw,300,262,0.576
in100.vicreg.s0.ext,student.h.gap,raw,300,263,0.5778
in100.vicreg.s0.ext,student.h.gap,raw,300,264,0.5738
in100.vicreg.s0.ext,student.h.gap,raw,300,265,0.5752
in100.vicreg.s0.ext,student.h.gap,raw,300,266,0.574
in100.vicreg.s0.ext,student.h.gap,raw,300,267,0.5764
in100.vicreg.s0.ext,student.h.gap,raw,300,268,0.5756
in100.vicreg.s0.ext,student.h.gap,raw,300,269,0.5716
in100.vicreg.s0.ext,student.h.gap,raw,300,270,0.577
in100.vicreg.s0.ext,student.h.gap,raw,300,271,0.58
in100.vicreg.s0.ext,student.h.gap,raw,300,272,0.5774
in100.vicreg.s0.ext,student.h.gap,raw,300,273,0.5764
in100.vicreg.s0.ext,student.h.gap,raw,300,274,0.5766
in100.vicreg.s0.ext,student.h.gap,raw,300,275,0.575
in100.vicreg.s0.ext,student.h.gap,raw,300,276,0.5764
in100.vicreg.s0.ext,student.h.gap,raw,300,277,0.5752
in100.vicreg.s0.ext,student.h.gap,raw,300,278,0.5766
in100.vicreg.s0.ext,student.h.gap,raw,300,279,0.5782
in100.vicreg.s0.ext,student.h.gap,raw,300,280,0.5766
in100.vicreg.s0.ext,student.h.gap,raw,300,281,0.578
in100.vicreg.s0.ext,student.h.gap,raw,300,282,0.5772
in100.vicreg.s0.ext,student.h.gap,raw,300,283,0.5742
in100.vicreg.s0.ext,student.h.gap,raw,300,284,0.574
in100.vicreg.s0.ext,student.h.gap,raw,300,285,0.5782
in100.vicreg.s0.ext,student.h.gap,raw,300,286,0.5762
in100.vicreg.s0.ext,student.h.gap,raw,300,287,0.576
in100.vicreg.s0.ext,student.h.gap,raw,300,288,0.5742
in100.vicreg.s0.ext,student.h.gap,raw,300,289,0.579
in100.vicreg.s0.ext,student.h.gap,raw,300,290,0.5796
in100.vicreg.s0.ext,student.h.gap,raw,300,291,0.5802
in100.vicreg.s0.ext,student.h.gap,raw,300,292,0.5804
in100.vicreg.s0.ext,student.h.gap,raw,300,293,0.5776
in100.vicreg.s0.ext,student.h.gap,raw,300,294,0.5794
in100.vicreg.s0.ext,student.h.gap,raw,300,295,0.5798
in100.vicreg.s0.ext,student.h.gap,raw,300,296,0.582
in100.vicreg.s0.ext,student.h.gap,raw,300,297,0.5772
in100.vicreg.s0.ext,student.h.gap,raw,300,298,0.578
in100.vicreg.s0.ext,student.h.gap,raw,300,299,0.578
in100.vicreg.s0.ext,student.h.gap,std,30,0,0.4738
in100.vicreg.s0.ext,student.h.gap,std,30,1,0.5158
in100.vicreg.s0.ext,student.h.gap,std,30,2,0.533
in100.vicreg.s0.ext,student.h.gap,std,30,3,0.5438
in100.vicreg.s0.ext,student.h.gap,std,30,4,0.5462
in100.vicreg.s0.ext,student.h.gap,std,30,5,0.5498
in100.vicreg.s0.ext,student.h.gap,std,30,6,0.5608
in100.vicreg.s0.ext,student.h.gap,std,30,7,0.5598
in100.vicreg.s0.ext,student.h.gap,std,30,8,0.566
in100.vicreg.s0.ext,student.h.gap,std,30,9,0.564
in100.vicreg.s0.ext,student.h.gap,std,30,10,0.5668
in100.vicreg.s0.ext,student.h.gap,std,30,11,0.567
in100.vicreg.s0.ext,student.h.gap,std,30,12,0.5722
in100.vicreg.s0.ext,student.h.gap,std,30,13,0.5746
in100.vicreg.s0.ext,student.h.gap,std,30,14,0.578
in100.vicreg.s0.ext,student.h.gap,std,30,15,0.5726
in100.vicreg.s0.ext,student.h.gap,std,30,16,0.5784
in100.vicreg.s0.ext,student.h.gap,std,30,17,0.578
in100.vicreg.s0.ext,student.h.gap,std,30,18,0.5766
in100.vicreg.s0.ext,student.h.gap,std,30,19,0.5814
in100.vicreg.s0.ext,student.h.gap,std,30,20,0.5806
in100.vicreg.s0.ext,student.h.gap,std,30,21,0.578
in100.vicreg.s0.ext,student.h.gap,std,30,22,0.579
in100.vicreg.s0.ext,student.h.gap,std,30,23,0.5806
in100.vicreg.s0.ext,student.h.gap,std,30,24,0.5766
in100.vicreg.s0.ext,student.h.gap,std,30,25,0.58
in100.vicreg.s0.ext,student.h.gap,std,30,26,0.581
in100.vicreg.s0.ext,student.h.gap,std,30,27,0.5788
in100.vicreg.s0.ext,student.h.gap,std,30,28,0.5796
in100.vicreg.s0.ext,student.h.gap,std,30,29,0.582
in100.vicreg.s0.ext,student.h.gap,std,300,0,0.4738
in100.vicreg.s0.ext,student.h.gap,std,300,1,0.5158
in100.vicreg.s0.ext,student.h.gap,std,300,2,0.533
in100.vicreg.s0.ext,student.h.gap,std,300,3,0.5438
in100.vicreg.s0.ext,student.h.gap,std,300,4,0.5462
in100.vicreg.s0.ext,student.h.gap,std,300,5,0.5498
in100.vicreg.s0.ext,student.h.gap,std,300,6,0.5608
in100.vicreg.s0.ext,student.h.gap,std,300,7,0.5598
in100.vicreg.s0.ext,student.h.gap,std,300,8,0.566
in100.vicreg.s0.ext,student.h.gap,std,300,9,0.564
in100.vicreg.s0.ext,student.h.gap,std,300,10,0.5668
in100.vicreg.s0.ext,student.h.gap,std,300,11,0.567
in100.vicreg.s0.ext,student.h.gap,std,300,12,0.5722
in100.vicreg.s0.ext,student.h.gap,std,300,13,0.5746
in100.vicreg.s0.ext,student.h.gap,std,300,14,0.578
in100.vicreg.s0.ext,student.h.gap,std,300,15,0.5726
in100.vicreg.s0.ext,student.h.gap,std,300,16,0.5784
in100.vicreg.s0.ext,student.h.gap,std,300,17,0.578
in100.vicreg.s0.ext,student.h.gap,std,300,18,0.5766
in100.vicreg.s0.ext,student.h.gap,std,300,19,0.5814
in100.vicreg.s0.ext,student.h.gap,std,300,20,0.5806
in100.vicreg.s0.ext,student.h.gap,std,300,21,0.578
in100.vicreg.s0.ext,student.h.gap,std,300,22,0.579
in100.vicreg.s0.ext,student.h.gap,std,300,23,0.5806
in100.vicreg.s0.ext,student.h.gap,std,300,24,0.5766
in100.vicreg.s0.ext,student.h.gap,std,300,25,0.58
in100.vicreg.s0.ext,student.h.gap,std,300,26,0.581
in100.vicreg.s0.ext,student.h.gap,std,300,27,0.5788
in100.vicreg.s0.ext,student.h.gap,std,300,28,0.5796
in100.vicreg.s0.ext,student.h.gap,std,300,29,0.582
in100.vicreg.s0.ext,student.h.gap,std,300,30,0.5824
in100.vicreg.s0.ext,student.h.gap,std,300,31,0.5836
in100.vicreg.s0.ext,student.h.gap,std,300,32,0.5812
in100.vicreg.s0.ext,student.h.gap,std,300,33,0.5828
in100.vicreg.s0.ext,student.h.gap,std,300,34,0.5818
in100.vicreg.s0.ext,student.h.gap,std,300,35,0.5842
in100.vicreg.s0.ext,student.h.gap,std,300,36,0.5886
in100.vicreg.s0.ext,student.h.gap,std,300,37,0.5838
in100.vicreg.s0.ext,student.h.gap,std,300,38,0.5814
in100.vicreg.s0.ext,student.h.gap,std,300,39,0.5844
in100.vicreg.s0.ext,student.h.gap,std,300,40,0.5792
in100.vicreg.s0.ext,student.h.gap,std,300,41,0.586
in100.vicreg.s0.ext,student.h.gap,std,300,42,0.5832
in100.vicreg.s0.ext,student.h.gap,std,300,43,0.5868
in100.vicreg.s0.ext,student.h.gap,std,300,44,0.5862
in100.vicreg.s0.ext,student.h.gap,std,300,45,0.5854
in100.vicreg.s0.ext,student.h.gap,std,300,46,0.5866
in100.vicreg.s0.ext,student.h.gap,std,300,47,0.584
in100.vicreg.s0.ext,student.h.gap,std,300,48,0.5834
in100.vicreg.s0.ext,student.h.gap,std,300,49,0.5852
in100.vicreg.s0.ext,student.h.gap,std,300,50,0.5838
in100.vicreg.s0.ext,student.h.gap,std,300,51,0.5852
in100.vicreg.s0.ext,student.h.gap,std,300,52,0.5842
in100.vicreg.s0.ext,student.h.gap,std,300,53,0.5844
in100.vicreg.s0.ext,student.h.gap,std,300,54,0.5846
in100.vicreg.s0.ext,student.h.gap,std,300,55,0.5894
in100.vicreg.s0.ext,student.h.gap,std,300,56,0.5834
in100.vicreg.s0.ext,student.h.gap,std,300,57,0.584
in100.vicreg.s0.ext,student.h.gap,std,300,58,0.5854
in100.vicreg.s0.ext,student.h.gap,std,300,59,0.5852
in100.vicreg.s0.ext,student.h.gap,std,300,60,0.5868
in100.vicreg.s0.ext,student.h.gap,std,300,61,0.5864
in100.vicreg.s0.ext,student.h.gap,std,300,62,0.581
in100.vicreg.s0.ext,student.h.gap,std,300,63,0.5854
in100.vicreg.s0.ext,student.h.gap,std,300,64,0.5852
in100.vicreg.s0.ext,student.h.gap,std,300,65,0.5846
in100.vicreg.s0.ext,student.h.gap,std,300,66,0.5888
in100.vicreg.s0.ext,student.h.gap,std,300,67,0.586
in100.vicreg.s0.ext,student.h.gap,std,300,68,0.5876
in100.vicreg.s0.ext,student.h.gap,std,300,69,0.5858
in100.vicreg.s0.ext,student.h.gap,std,300,70,0.5886
in100.vicreg.s0.ext,student.h.gap,std,300,71,0.588
in100.vicreg.s0.ext,student.h.gap,std,300,72,0.5872
in100.vicreg.s0.ext,student.h.gap,std,300,73,0.588
in100.vicreg.s0.ext,student.h.gap,std,300,74,0.5856
in100.vicreg.s0.ext,student.h.gap,std,300,75,0.5852
in100.vicreg.s0.ext,student.h.gap,std,300,76,0.5842
in100.vicreg.s0.ext,student.h.gap,std,300,77,0.5866
in100.vicreg.s0.ext,student.h.gap,std,300,78,0.5872
in100.vicreg.s0.ext,student.h.gap,std,300,79,0.5868
in100.vicreg.s0.ext,student.h.gap,std,300,80,0.5844
in100.vicreg.s0.ext,student.h.gap,std,300,81,0.5892
in100.vicreg.s0.ext,student.h.gap,std,300,82,0.5892
in100.vicreg.s0.ext,student.h.gap,std,300,83,0.5862
in100.vicreg.s0.ext,student.h.gap,std,300,84,0.5832
in100.vicreg.s0.ext,student.h.gap,std,300,85,0.5868
in100.vicreg.s0.ext,student.h.gap,std,300,86,0.5832
in100.vicreg.s0.ext,student.h.gap,std,300,87,0.584
in100.vicreg.s0.ext,student.h.gap,std,300,88,0.5874
in100.vicreg.s0.ext,student.h.gap,std,300,89,0.5908
in100.vicreg.s0.ext,student.h.gap,std,300,90,0.5874
in100.vicreg.s0.ext,student.h.gap,std,300,91,0.583
in100.vicreg.s0.ext,student.h.gap,std,300,92,0.5858
in100.vicreg.s0.ext,student.h.gap,std,300,93,0.5868
in100.vicreg.s0.ext,student.h.gap,std,300,94,0.5828
in100.vicreg.s0.ext,student.h.gap,std,300,95,0.5848
in100.vicreg.s0.ext,student.h.gap,std,300,96,0.5864
in100.vicreg.s0.ext,student.h.gap,std,300,97,0.5908
in100.vicreg.s0.ext,student.h.gap,std,300,98,0.5852
in100.vicreg.s0.ext,student.h.gap,std,300,99,0.5862
in100.vicreg.s0.ext,student.h.gap,std,300,100,0.5846
in100.vicreg.s0.ext,student.h.gap,std,300,101,0.585
in100.vicreg.s0.ext,student.h.gap,std,300,102,0.5886
in100.vicreg.s0.ext,student.h.gap,std,300,103,0.5878
in100.vicreg.s0.ext,student.h.gap,std,300,104,0.587
in100.vicreg.s0.ext,student.h.gap,std,300,105,0.5866
in100.vicreg.s0.ext,student.h.gap,std,300,106,0.5874
in100.vicreg.s0.ext,student.h.gap,std,300,107,0.5848
in100.vicreg.s0.ext,student.h.gap,std,300,108,0.592
in100.vicreg.s0.ext,student.h.gap,std,300,109,0.579
in100.vicreg.s0.ext,student.h.gap,std,300,110,0.583
in100.vicreg.s0.ext,student.h.gap,std,300,111,0.5866
in100.vicreg.s0.ext,student.h.gap,std,300,112,0.5874
in100.vicreg.s0.ext,student.h.gap,std,300,113,0.5836
in100.vicreg.s0.ext,student.h.gap,std,300,114,0.5868
in100.vicreg.s0.ext,student.h.gap,std,300,115,0.5794
in100.vicreg.s0.ext,student.h.gap,std,300,116,0.5856
in100.vicreg.s0.ext,student.h.gap,std,300,117,0.5874
in100.vicreg.s0.ext,student.h.gap,std,300,118,0.5862
in100.vicreg.s0.ext,student.h.gap,std,300,119,0.5832
in100.vicreg.s0.ext,student.h.gap,std,300,120,0.5882
in100.vicreg.s0.ext,student.h.gap,std,300,121,0.588
in100.vicreg.s0.ext,student.h.gap,std,300,122,0.5854
in100.vicreg.s0.ext,student.h.gap,std,300,123,0.5866
in100.vicreg.s0.ext,student.h.gap,std,300,124,0.5804
in100.vicreg.s0.ext,student.h.gap,std,300,125,0.5878
in100.vicreg.s0.ext,student.h.gap,std,300,126,0.5844
in100.vicreg.s0.ext,student.h.gap,std,300,127,0.587
in100.vicreg.s0.ext,student.h.gap,std,300,128,0.587
in100.vicreg.s0.ext,student.h.gap,std,300,129,0.5876
in100.vicreg.s0.ext,student.h.gap,std,300,130,0.585
in100.vicreg.s0.ext,student.h.gap,std,300,131,0.5822
in100.vicreg.s0.ext,student.h.gap,std,300,132,0.5868
in100.vicreg.s0.ext,student.h.gap,std,300,133,0.5848
in100.vicreg.s0.ext,student.h.gap,std,300,134,0.591
in100.vicreg.s0.ext,student.h.gap,std,300,135,0.5872
in100.vicreg.s0.ext,student.h.gap,std,300,136,0.585
in100.vicreg.s0.ext,student.h.gap,std,300,137,0.584
in100.vicreg.s0.ext,student.h.gap,std,300,138,0.5854
in100.vicreg.s0.ext,student.h.gap,std,300,139,0.5826
in100.vicreg.s0.ext,student.h.gap,std,300,140,0.5836
in100.vicreg.s0.ext,student.h.gap,std,300,141,0.5808
in100.vicreg.s0.ext,student.h.gap,std,300,142,0.5836
in100.vicreg.s0.ext,student.h.gap,std,300,143,0.5844
in100.vicreg.s0.ext,student.h.gap,std,300,144,0.5838
in100.vicreg.s0.ext,student.h.gap,std,300,145,0.5822
in100.vicreg.s0.ext,student.h.gap,std,300,146,0.5828
in100.vicreg.s0.ext,student.h.gap,std,300,147,0.5826
in100.vicreg.s0.ext,student.h.gap,std,300,148,0.5878
in100.vicreg.s0.ext,student.h.gap,std,300,149,0.588
in100.vicreg.s0.ext,student.h.gap,std,300,150,0.5842
in100.vicreg.s0.ext,student.h.gap,std,300,151,0.5876
in100.vicreg.s0.ext,student.h.gap,std,300,152,0.5842
in100.vicreg.s0.ext,student.h.gap,std,300,153,0.5848
in100.vicreg.s0.ext,student.h.gap,std,300,154,0.5842
in100.vicreg.s0.ext,student.h.gap,std,300,155,0.586
in100.vicreg.s0.ext,student.h.gap,std,300,156,0.5842
in100.vicreg.s0.ext,student.h.gap,std,300,157,0.5836
in100.vicreg.s0.ext,student.h.gap,std,300,158,0.5842
in100.vicreg.s0.ext,student.h.gap,std,300,159,0.5828
in100.vicreg.s0.ext,student.h.gap,std,300,160,0.585
in100.vicreg.s0.ext,student.h.gap,std,300,161,0.583
in100.vicreg.s0.ext,student.h.gap,std,300,162,0.5834
in100.vicreg.s0.ext,student.h.gap,std,300,163,0.583
in100.vicreg.s0.ext,student.h.gap,std,300,164,0.5872
in100.vicreg.s0.ext,student.h.gap,std,300,165,0.5886
in100.vicreg.s0.ext,student.h.gap,std,300,166,0.582
in100.vicreg.s0.ext,student.h.gap,std,300,167,0.5816
in100.vicreg.s0.ext,student.h.gap,std,300,168,0.5856
in100.vicreg.s0.ext,student.h.gap,std,300,169,0.5768
in100.vicreg.s0.ext,student.h.gap,std,300,170,0.5818
in100.vicreg.s0.ext,student.h.gap,std,300,171,0.5808
in100.vicreg.s0.ext,student.h.gap,std,300,172,0.5834
in100.vicreg.s0.ext,student.h.gap,std,300,173,0.5848
in100.vicreg.s0.ext,student.h.gap,std,300,174,0.5818
in100.vicreg.s0.ext,student.h.gap,std,300,175,0.5828
in100.vicreg.s0.ext,student.h.gap,std,300,176,0.5842
in100.vicreg.s0.ext,student.h.gap,std,300,177,0.5844
in100.vicreg.s0.ext,student.h.gap,std,300,178,0.5836
in100.vicreg.s0.ext,student.h.gap,std,300,179,0.5834
in100.vicreg.s0.ext,student.h.gap,std,300,180,0.5898
in100.vicreg.s0.ext,student.h.gap,std,300,181,0.5824
in100.vicreg.s0.ext,student.h.gap,std,300,182,0.5814
in100.vicreg.s0.ext,student.h.gap,std,300,183,0.5858
in100.vicreg.s0.ext,student.h.gap,std,300,184,0.5824
in100.vicreg.s0.ext,student.h.gap,std,300,185,0.5832
in100.vicreg.s0.ext,student.h.gap,std,300,186,0.5832
in100.vicreg.s0.ext,student.h.gap,std,300,187,0.5822
in100.vicreg.s0.ext,student.h.gap,std,300,188,0.5838
in100.vicreg.s0.ext,student.h.gap,std,300,189,0.5836
in100.vicreg.s0.ext,student.h.gap,std,300,190,0.5808
in100.vicreg.s0.ext,student.h.gap,std,300,191,0.5864
in100.vicreg.s0.ext,student.h.gap,std,300,192,0.5834
in100.vicreg.s0.ext,student.h.gap,std,300,193,0.583
in100.vicreg.s0.ext,student.h.gap,std,300,194,0.5814
in100.vicreg.s0.ext,student.h.gap,std,300,195,0.5828
in100.vicreg.s0.ext,student.h.gap,std,300,196,0.5852
in100.vicreg.s0.ext,student.h.gap,std,300,197,0.5882
in100.vicreg.s0.ext,student.h.gap,std,300,198,0.585
in100.vicreg.s0.ext,student.h.gap,std,300,199,0.5824
in100.vicreg.s0.ext,student.h.gap,std,300,200,0.5856
in100.vicreg.s0.ext,student.h.gap,std,300,201,0.5816
in100.vicreg.s0.ext,student.h.gap,std,300,202,0.586
in100.vicreg.s0.ext,student.h.gap,std,300,203,0.5806
in100.vicreg.s0.ext,student.h.gap,std,300,204,0.5824
in100.vicreg.s0.ext,student.h.gap,std,300,205,0.584
in100.vicreg.s0.ext,student.h.gap,std,300,206,0.5784
in100.vicreg.s0.ext,student.h.gap,std,300,207,0.5804
in100.vicreg.s0.ext,student.h.gap,std,300,208,0.58
in100.vicreg.s0.ext,student.h.gap,std,300,209,0.5816
in100.vicreg.s0.ext,student.h.gap,std,300,210,0.5842
in100.vicreg.s0.ext,student.h.gap,std,300,211,0.5834
in100.vicreg.s0.ext,student.h.gap,std,300,212,0.5824
in100.vicreg.s0.ext,student.h.gap,std,300,213,0.5768
in100.vicreg.s0.ext,student.h.gap,std,300,214,0.5806
in100.vicreg.s0.ext,student.h.gap,std,300,215,0.5822
in100.vicreg.s0.ext,student.h.gap,std,300,216,0.5822
in100.vicreg.s0.ext,student.h.gap,std,300,217,0.5828
in100.vicreg.s0.ext,student.h.gap,std,300,218,0.5838
in100.vicreg.s0.ext,student.h.gap,std,300,219,0.584
in100.vicreg.s0.ext,student.h.gap,std,300,220,0.5818
in100.vicreg.s0.ext,student.h.gap,std,300,221,0.582
in100.vicreg.s0.ext,student.h.gap,std,300,222,0.5816
in100.vicreg.s0.ext,student.h.gap,std,300,223,0.581
in100.vicreg.s0.ext,student.h.gap,std,300,224,0.5794
in100.vicreg.s0.ext,student.h.gap,std,300,225,0.579
in100.vicreg.s0.ext,student.h.gap,std,300,226,0.5796
in100.vicreg.s0.ext,student.h.gap,std,300,227,0.5818
in100.vicreg.s0.ext,student.h.gap,std,300,228,0.5836
in100.vicreg.s0.ext,student.h.gap,std,300,229,0.5804
in100.vicreg.s0.ext,student.h.gap,std,300,230,0.5854
in100.vicreg.s0.ext,student.h.gap,std,300,231,0.5828
in100.vicreg.s0.ext,student.h.gap,std,300,232,0.583
in100.vicreg.s0.ext,student.h.gap,std,300,233,0.5784
in100.vicreg.s0.ext,student.h.gap,std,300,234,0.58
in100.vicreg.s0.ext,student.h.gap,std,300,235,0.5826
in100.vicreg.s0.ext,student.h.gap,std,300,236,0.5816
in100.vicreg.s0.ext,student.h.gap,std,300,237,0.583
in100.vicreg.s0.ext,student.h.gap,std,300,238,0.5798
in100.vicreg.s0.ext,student.h.gap,std,300,239,0.5814
in100.vicreg.s0.ext,student.h.gap,std,300,240,0.5812
in100.vicreg.s0.ext,student.h.gap,std,300,241,0.5788
in100.vicreg.s0.ext,student.h.gap,std,300,242,0.5764
in100.vicreg.s0.ext,student.h.gap,std,300,243,0.5832
in100.vicreg.s0.ext,student.h.gap,std,300,244,0.5808
in100.vicreg.s0.ext,student.h.gap,std,300,245,0.5792
in100.vicreg.s0.ext,student.h.gap,std,300,246,0.5814
in100.vicreg.s0.ext,student.h.gap,std,300,247,0.5778
in100.vicreg.s0.ext,student.h.gap,std,300,248,0.58
in100.vicreg.s0.ext,student.h.gap,std,300,249,0.5792
in100.vicreg.s0.ext,student.h.gap,std,300,250,0.581
in100.vicreg.s0.ext,student.h.gap,std,300,251,0.5788
in100.vicreg.s0.ext,student.h.gap,std,300,252,0.579
in100.vicreg.s0.ext,student.h.gap,std,300,253,0.5762
in100.vicreg.s0.ext,student.h.gap,std,300,254,0.5818
in100.vicreg.s0.ext,student.h.gap,std,300,255,0.5814
in100.vicreg.s0.ext,student.h.gap,std,300,256,0.5784
in100.vicreg.s0.ext,student.h.gap,std,300,257,0.5782
in100.vicreg.s0.ext,student.h.gap,std,300,258,0.5812
in100.vicreg.s0.ext,student.h.gap,std,300,259,0.5756
in100.vicreg.s0.ext,student.h.gap,std,300,260,0.5768
in100.vicreg.s0.ext,student.h.gap,std,300,261,0.5832
in100.vicreg.s0.ext,student.h.gap,std,300,262,0.5794
in100.vicreg.s0.ext,student.h.gap,std,300,263,0.5802
in100.vicreg.s0.ext,student.h.gap,std,300,264,0.5798
in100.vicreg.s0.ext,student.h.gap,std,300,265,0.579
in100.vicreg.s0.ext,student.h.gap,std,300,266,0.5832
in100.vicreg.s0.ext,student.h.gap,std,300,267,0.5794
in100.vicreg.s0.ext,student.h.gap,std,300,268,0.5758
in100.vicreg.s0.ext,student.h.gap,std,300,269,0.5822
in100.vicreg.s0.ext,student.h.gap,std,300,270,0.5774
in100.vicreg.s0.ext,student.h.gap,std,300,271,0.5784
in100.vicreg.s0.ext,student.h.gap,std,300,272,0.5782
in100.vicreg.s0.ext,student.h.gap,std,300,273,0.5842
in100.vicreg.s0.ext,student.h.gap,std,300,274,0.5806
in100.vicreg.s0.ext,student.h.gap,std,300,275,0.578
in100.vicreg.s0.ext,student.h.gap,std,300,276,0.5776
in100.vicreg.s0.ext,student.h.gap,std,300,277,0.5796
in100.vicreg.s0.ext,student.h.gap,std,300,278,0.5762
in100.vicreg.s0.ext,student.h.gap,std,300,279,0.5804
in100.vicreg.s0.ext,student.h.gap,std,300,280,0.5812
in100.vicreg.s0.ext,student.h.gap,std,300,281,0.5802
in100.vicreg.s0.ext,student.h.gap,std,300,282,0.5788
in100.vicreg.s0.ext,student.h.gap,std,300,283,0.5772
in100.vicreg.s0.ext,student.h.gap,std,300,284,0.5808
in100.vicreg.s0.ext,student.h.gap,std,300,285,0.578
in100.vicreg.s0.ext,student.h.gap,std,300,286,0.5762
in100.vicreg.s0.ext,student.h.gap,std,300,287,0.5748
in100.vicreg.s0.ext,student.h.gap,std,300,288,0.5784
in100.vicreg.s0.ext,student.h.gap,std,300,289,0.5752
in100.vicreg.s0.ext,student.h.gap,std,300,290,0.576
in100.vicreg.s0.ext,student.h.gap,std,300,291,0.576
in100.vicreg.s0.ext,student.h.gap,std,300,292,0.575
in100.vicreg.s0.ext,student.h.gap,std,300,293,0.5762
in100.vicreg.s0.ext,student.h.gap,std,300,294,0.5752
in100.vicreg.s0.ext,student.h.gap,std,300,295,0.5774
in100.vicreg.s0.ext,student.h.gap,std,300,296,0.5788
in100.vicreg.s0.ext,student.h.gap,std,300,297,0.5724
in100.vicreg.s0.ext,student.h.gap,std,300,298,0.5756
in100.vicreg.s0.ext,student.h.gap,std,300,299,0.5754
in100.vicreg.s0.ext,student.h.gap,bn,30,0,0.4702
in100.vicreg.s0.ext,student.h.gap,bn,30,1,0.5146
in100.vicreg.s0.ext,student.h.gap,bn,30,2,0.5344
in100.vicreg.s0.ext,student.h.gap,bn,30,3,0.5454
in100.vicreg.s0.ext,student.h.gap,bn,30,4,0.5454
in100.vicreg.s0.ext,student.h.gap,bn,30,5,0.5506
in100.vicreg.s0.ext,student.h.gap,bn,30,6,0.5596
in100.vicreg.s0.ext,student.h.gap,bn,30,7,0.5598
in100.vicreg.s0.ext,student.h.gap,bn,30,8,0.5636
in100.vicreg.s0.ext,student.h.gap,bn,30,9,0.5632
in100.vicreg.s0.ext,student.h.gap,bn,30,10,0.5668
in100.vicreg.s0.ext,student.h.gap,bn,30,11,0.568
in100.vicreg.s0.ext,student.h.gap,bn,30,12,0.571
in100.vicreg.s0.ext,student.h.gap,bn,30,13,0.5768
in100.vicreg.s0.ext,student.h.gap,bn,30,14,0.5786
in100.vicreg.s0.ext,student.h.gap,bn,30,15,0.5738
in100.vicreg.s0.ext,student.h.gap,bn,30,16,0.5798
in100.vicreg.s0.ext,student.h.gap,bn,30,17,0.579
in100.vicreg.s0.ext,student.h.gap,bn,30,18,0.5776
in100.vicreg.s0.ext,student.h.gap,bn,30,19,0.58
in100.vicreg.s0.ext,student.h.gap,bn,30,20,0.5812
in100.vicreg.s0.ext,student.h.gap,bn,30,21,0.5776
in100.vicreg.s0.ext,student.h.gap,bn,30,22,0.5792
in100.vicreg.s0.ext,student.h.gap,bn,30,23,0.581
in100.vicreg.s0.ext,student.h.gap,bn,30,24,0.5766
in100.vicreg.s0.ext,student.h.gap,bn,30,25,0.5808
in100.vicreg.s0.ext,student.h.gap,bn,30,26,0.5792
in100.vicreg.s0.ext,student.h.gap,bn,30,27,0.578
in100.vicreg.s0.ext,student.h.gap,bn,30,28,0.5796
in100.vicreg.s0.ext,student.h.gap,bn,30,29,0.584
in100.vicreg.s0.ext,student.h.gap,house,30,0,0.3886
in100.vicreg.s0.ext,student.h.gap,house,30,1,0.4484
in100.vicreg.s0.ext,student.h.gap,house,30,2,0.4736
in100.vicreg.s0.ext,student.h.gap,house,30,3,0.4922
in100.vicreg.s0.ext,student.h.gap,house,30,4,0.5026
in100.vicreg.s0.ext,student.h.gap,house,30,5,0.5064
in100.vicreg.s0.ext,student.h.gap,house,30,6,0.5216
in100.vicreg.s0.ext,student.h.gap,house,30,7,0.5244
in100.vicreg.s0.ext,student.h.gap,house,30,8,0.5334
in100.vicreg.s0.ext,student.h.gap,house,30,9,0.5334
in100.vicreg.s0.ext,student.h.gap,house,30,10,0.5406
in100.vicreg.s0.ext,student.h.gap,house,30,11,0.5458
in100.vicreg.s0.ext,student.h.gap,house,30,12,0.5458
in100.vicreg.s0.ext,student.h.gap,house,30,13,0.5566
in100.vicreg.s0.ext,student.h.gap,house,30,14,0.5584
in100.vicreg.s0.ext,student.h.gap,house,30,15,0.548
in100.vicreg.s0.ext,student.h.gap,house,30,16,0.5548
in100.vicreg.s0.ext,student.h.gap,house,30,17,0.5618
in100.vicreg.s0.ext,student.h.gap,house,30,18,0.5546
in100.vicreg.s0.ext,student.h.gap,house,30,19,0.564
in100.vicreg.s0.ext,student.h.gap,house,30,20,0.5658
in100.vicreg.s0.ext,student.h.gap,house,30,21,0.5562
in100.vicreg.s0.ext,student.h.gap,house,30,22,0.5644
in100.vicreg.s0.ext,student.h.gap,house,30,23,0.5596
in100.vicreg.s0.ext,student.h.gap,house,30,24,0.5646
in100.vicreg.s0.ext,student.h.gap,house,30,25,0.5646
in100.vicreg.s0.ext,student.h.gap,house,30,26,0.5636
in100.vicreg.s0.ext,student.h.gap,house,30,27,0.5696
in100.vicreg.s0.ext,student.h.gap,house,30,28,0.5692
in100.vicreg.s0.ext,student.h.gap,house,30,29,0.5642
in100.vicreg.s0.ext,student.h.gap,house,300,0,0.3886
in100.vicreg.s0.ext,student.h.gap,house,300,1,0.4484
in100.vicreg.s0.ext,student.h.gap,house,300,2,0.4736
in100.vicreg.s0.ext,student.h.gap,house,300,3,0.4922
in100.vicreg.s0.ext,student.h.gap,house,300,4,0.5026
in100.vicreg.s0.ext,student.h.gap,house,300,5,0.5064
in100.vicreg.s0.ext,student.h.gap,house,300,6,0.5216
in100.vicreg.s0.ext,student.h.gap,house,300,7,0.5244
in100.vicreg.s0.ext,student.h.gap,house,300,8,0.5334
in100.vicreg.s0.ext,student.h.gap,house,300,9,0.5334
in100.vicreg.s0.ext,student.h.gap,house,300,10,0.5406
in100.vicreg.s0.ext,student.h.gap,house,300,11,0.5458
in100.vicreg.s0.ext,student.h.gap,house,300,12,0.5458
in100.vicreg.s0.ext,student.h.gap,house,300,13,0.5566
in100.vicreg.s0.ext,student.h.gap,house,300,14,0.5584
in100.vicreg.s0.ext,student.h.gap,house,300,15,0.548
in100.vicreg.s0.ext,student.h.gap,house,300,16,0.5548
in100.vicreg.s0.ext,student.h.gap,house,300,17,0.5618
in100.vicreg.s0.ext,student.h.gap,house,300,18,0.5546
in100.vicreg.s0.ext,student.h.gap,house,300,19,0.564
in100.vicreg.s0.ext,student.h.gap,house,300,20,0.5658
in100.vicreg.s0.ext,student.h.gap,house,300,21,0.5562
in100.vicreg.s0.ext,student.h.gap,house,300,22,0.5644
in100.vicreg.s0.ext,student.h.gap,house,300,23,0.5596
in100.vicreg.s0.ext,student.h.gap,house,300,24,0.5646
in100.vicreg.s0.ext,student.h.gap,house,300,25,0.5646
in100.vicreg.s0.ext,student.h.gap,house,300,26,0.5636
in100.vicreg.s0.ext,student.h.gap,house,300,27,0.5696
in100.vicreg.s0.ext,student.h.gap,house,300,28,0.5692
in100.vicreg.s0.ext,student.h.gap,house,300,29,0.5642
in100.vicreg.s0.ext,student.h.gap,house,300,30,0.5702
in100.vicreg.s0.ext,student.h.gap,house,300,31,0.568
in100.vicreg.s0.ext,student.h.gap,house,300,32,0.5722
in100.vicreg.s0.ext,student.h.gap,house,300,33,0.5684
in100.vicreg.s0.ext,student.h.gap,house,300,34,0.5714
in100.vicreg.s0.ext,student.h.gap,house,300,35,0.5736
in100.vicreg.s0.ext,student.h.gap,house,300,36,0.5732
in100.vicreg.s0.ext,student.h.gap,house,300,37,0.5792
in100.vicreg.s0.ext,student.h.gap,house,300,38,0.5722
in100.vicreg.s0.ext,student.h.gap,house,300,39,0.573
in100.vicreg.s0.ext,student.h.gap,house,300,40,0.5706
in100.vicreg.s0.ext,student.h.gap,house,300,41,0.5754
in100.vicreg.s0.ext,student.h.gap,house,300,42,0.578
in100.vicreg.s0.ext,student.h.gap,house,300,43,0.5718
in100.vicreg.s0.ext,student.h.gap,house,300,44,0.5804
in100.vicreg.s0.ext,student.h.gap,house,300,45,0.5752
in100.vicreg.s0.ext,student.h.gap,house,300,46,0.5812
in100.vicreg.s0.ext,student.h.gap,house,300,47,0.5728
in100.vicreg.s0.ext,student.h.gap,house,300,48,0.5776
in100.vicreg.s0.ext,student.h.gap,house,300,49,0.5808
in100.vicreg.s0.ext,student.h.gap,house,300,50,0.5762
in100.vicreg.s0.ext,student.h.gap,house,300,51,0.5768
in100.vicreg.s0.ext,student.h.gap,house,300,52,0.5766
in100.vicreg.s0.ext,student.h.gap,house,300,53,0.5796
in100.vicreg.s0.ext,student.h.gap,house,300,54,0.5756
in100.vicreg.s0.ext,student.h.gap,house,300,55,0.5782
in100.vicreg.s0.ext,student.h.gap,house,300,56,0.5766
in100.vicreg.s0.ext,student.h.gap,house,300,57,0.5768
in100.vicreg.s0.ext,student.h.gap,house,300,58,0.5782
in100.vicreg.s0.ext,student.h.gap,house,300,59,0.5726
in100.vicreg.s0.ext,student.h.gap,house,300,60,0.5792
in100.vicreg.s0.ext,student.h.gap,house,300,61,0.5814
in100.vicreg.s0.ext,student.h.gap,house,300,62,0.5748
in100.vicreg.s0.ext,student.h.gap,house,300,63,0.5776
in100.vicreg.s0.ext,student.h.gap,house,300,64,0.576
in100.vicreg.s0.ext,student.h.gap,house,300,65,0.5844
in100.vicreg.s0.ext,student.h.gap,house,300,66,0.5792
in100.vicreg.s0.ext,student.h.gap,house,300,67,0.5792
in100.vicreg.s0.ext,student.h.gap,house,300,68,0.5858
in100.vicreg.s0.ext,student.h.gap,house,300,69,0.5754
in100.vicreg.s0.ext,student.h.gap,house,300,70,0.5794
in100.vicreg.s0.ext,student.h.gap,house,300,71,0.577
in100.vicreg.s0.ext,student.h.gap,house,300,72,0.5734
in100.vicreg.s0.ext,student.h.gap,house,300,73,0.5762
in100.vicreg.s0.ext,student.h.gap,house,300,74,0.5794
in100.vicreg.s0.ext,student.h.gap,house,300,75,0.583
in100.vicreg.s0.ext,student.h.gap,house,300,76,0.5806
in100.vicreg.s0.ext,student.h.gap,house,300,77,0.583
in100.vicreg.s0.ext,student.h.gap,house,300,78,0.5798
in100.vicreg.s0.ext,student.h.gap,house,300,79,0.581
in100.vicreg.s0.ext,student.h.gap,house,300,80,0.5792
in100.vicreg.s0.ext,student.h.gap,house,300,81,0.578
in100.vicreg.s0.ext,student.h.gap,house,300,82,0.578
in100.vicreg.s0.ext,student.h.gap,house,300,83,0.5774
in100.vicreg.s0.ext,student.h.gap,house,300,84,0.5776
in100.vicreg.s0.ext,student.h.gap,house,300,85,0.5798
in100.vicreg.s0.ext,student.h.gap,house,300,86,0.579
in100.vicreg.s0.ext,student.h.gap,house,300,87,0.5784
in100.vicreg.s0.ext,student.h.gap,house,300,88,0.5798
in100.vicreg.s0.ext,student.h.gap,house,300,89,0.5844
in100.vicreg.s0.ext,student.h.gap,house,300,90,0.5822
in100.vicreg.s0.ext,student.h.gap,house,300,91,0.5816
in100.vicreg.s0.ext,student.h.gap,house,300,92,0.5814
in100.vicreg.s0.ext,student.h.gap,house,300,93,0.58
in100.vicreg.s0.ext,student.h.gap,house,300,94,0.576
in100.vicreg.s0.ext,student.h.gap,house,300,95,0.5802
in100.vicreg.s0.ext,student.h.gap,house,300,96,0.5808
in100.vicreg.s0.ext,student.h.gap,house,300,97,0.5846
in100.vicreg.s0.ext,student.h.gap,house,300,98,0.5778
in100.vicreg.s0.ext,student.h.gap,house,300,99,0.5806
in100.vicreg.s0.ext,student.h.gap,house,300,100,0.5792
in100.vicreg.s0.ext,student.h.gap,house,300,101,0.5802
in100.vicreg.s0.ext,student.h.gap,house,300,102,0.582
in100.vicreg.s0.ext,student.h.gap,house,300,103,0.5788
in100.vicreg.s0.ext,student.h.gap,house,300,104,0.5854
in100.vicreg.s0.ext,student.h.gap,house,300,105,0.586
in100.vicreg.s0.ext,student.h.gap,house,300,106,0.5806
in100.vicreg.s0.ext,student.h.gap,house,300,107,0.5794
in100.vicreg.s0.ext,student.h.gap,house,300,108,0.5848
in100.vicreg.s0.ext,student.h.gap,house,300,109,0.5774
in100.vicreg.s0.ext,student.h.gap,house,300,110,0.5768
in100.vicreg.s0.ext,student.h.gap,house,300,111,0.5832
in100.vicreg.s0.ext,student.h.gap,house,300,112,0.5796
in100.vicreg.s0.ext,student.h.gap,house,300,113,0.5794
in100.vicreg.s0.ext,student.h.gap,house,300,114,0.5854
in100.vicreg.s0.ext,student.h.gap,house,300,115,0.5764
in100.vicreg.s0.ext,student.h.gap,house,300,116,0.5816
in100.vicreg.s0.ext,student.h.gap,house,300,117,0.5844
in100.vicreg.s0.ext,student.h.gap,house,300,118,0.5804
in100.vicreg.s0.ext,student.h.gap,house,300,119,0.5794
in100.vicreg.s0.ext,student.h.gap,house,300,120,0.5802
in100.vicreg.s0.ext,student.h.gap,house,300,121,0.5838
in100.vicreg.s0.ext,student.h.gap,house,300,122,0.5804
in100.vicreg.s0.ext,student.h.gap,house,300,123,0.5802
in100.vicreg.s0.ext,student.h.gap,house,300,124,0.5774
in100.vicreg.s0.ext,student.h.gap,house,300,125,0.5794
in100.vicreg.s0.ext,student.h.gap,house,300,126,0.5766
in100.vicreg.s0.ext,student.h.gap,house,300,127,0.581
in100.vicreg.s0.ext,student.h.gap,house,300,128,0.5796
in100.vicreg.s0.ext,student.h.gap,house,300,129,0.5848
in100.vicreg.s0.ext,student.h.gap,house,300,130,0.5814
in100.vicreg.s0.ext,student.h.gap,house,300,131,0.5776
in100.vicreg.s0.ext,student.h.gap,house,300,132,0.5832
in100.vicreg.s0.ext,student.h.gap,house,300,133,0.5814
in100.vicreg.s0.ext,student.h.gap,house,300,134,0.5844
in100.vicreg.s0.ext,student.h.gap,house,300,135,0.5848
in100.vicreg.s0.ext,student.h.gap,house,300,136,0.5818
in100.vicreg.s0.ext,student.h.gap,house,300,137,0.58
in100.vicreg.s0.ext,student.h.gap,house,300,138,0.578
in100.vicreg.s0.ext,student.h.gap,house,300,139,0.5802
in100.vicreg.s0.ext,student.h.gap,house,300,140,0.5796
in100.vicreg.s0.ext,student.h.gap,house,300,141,0.5802
in100.vicreg.s0.ext,student.h.gap,house,300,142,0.5804
in100.vicreg.s0.ext,student.h.gap,house,300,143,0.5836
in100.vicreg.s0.ext,student.h.gap,house,300,144,0.579
in100.vicreg.s0.ext,student.h.gap,house,300,145,0.578
in100.vicreg.s0.ext,student.h.gap,house,300,146,0.5816
in100.vicreg.s0.ext,student.h.gap,house,300,147,0.5792
in100.vicreg.s0.ext,student.h.gap,house,300,148,0.5824
in100.vicreg.s0.ext,student.h.gap,house,300,149,0.5844
in100.vicreg.s0.ext,student.h.gap,house,300,150,0.5832
in100.vicreg.s0.ext,student.h.gap,house,300,151,0.5824
in100.vicreg.s0.ext,student.h.gap,house,300,152,0.581
in100.vicreg.s0.ext,student.h.gap,house,300,153,0.5832
in100.vicreg.s0.ext,student.h.gap,house,300,154,0.5778
in100.vicreg.s0.ext,student.h.gap,house,300,155,0.5738
in100.vicreg.s0.ext,student.h.gap,house,300,156,0.5802
in100.vicreg.s0.ext,student.h.gap,house,300,157,0.5812
in100.vicreg.s0.ext,student.h.gap,house,300,158,0.5786
in100.vicreg.s0.ext,student.h.gap,house,300,159,0.5776
in100.vicreg.s0.ext,student.h.gap,house,300,160,0.5844
in100.vicreg.s0.ext,student.h.gap,house,300,161,0.5814
in100.vicreg.s0.ext,student.h.gap,house,300,162,0.5808
in100.vicreg.s0.ext,student.h.gap,house,300,163,0.5778
in100.vicreg.s0.ext,student.h.gap,house,300,164,0.5808
in100.vicreg.s0.ext,student.h.gap,house,300,165,0.5804
in100.vicreg.s0.ext,student.h.gap,house,300,166,0.5828
in100.vicreg.s0.ext,student.h.gap,house,300,167,0.5772
in100.vicreg.s0.ext,student.h.gap,house,300,168,0.5778
in100.vicreg.s0.ext,student.h.gap,house,300,169,0.576
in100.vicreg.s0.ext,student.h.gap,house,300,170,0.577
in100.vicreg.s0.ext,student.h.gap,house,300,171,0.5816
in100.vicreg.s0.ext,student.h.gap,house,300,172,0.5806
in100.vicreg.s0.ext,student.h.gap,house,300,173,0.5866
in100.vicreg.s0.ext,student.h.gap,house,300,174,0.5748
in100.vicreg.s0.ext,student.h.gap,house,300,175,0.5788
in100.vicreg.s0.ext,student.h.gap,house,300,176,0.5818
in100.vicreg.s0.ext,student.h.gap,house,300,177,0.5772
in100.vicreg.s0.ext,student.h.gap,house,300,178,0.579
in100.vicreg.s0.ext,student.h.gap,house,300,179,0.5816
in100.vicreg.s0.ext,student.h.gap,house,300,180,0.5842
in100.vicreg.s0.ext,student.h.gap,house,300,181,0.582
in100.vicreg.s0.ext,student.h.gap,house,300,182,0.5834
in100.vicreg.s0.ext,student.h.gap,house,300,183,0.581
in100.vicreg.s0.ext,student.h.gap,house,300,184,0.5808
in100.vicreg.s0.ext,student.h.gap,house,300,185,0.5834
in100.vicreg.s0.ext,student.h.gap,house,300,186,0.5774
in100.vicreg.s0.ext,student.h.gap,house,300,187,0.5784
in100.vicreg.s0.ext,student.h.gap,house,300,188,0.585
in100.vicreg.s0.ext,student.h.gap,house,300,189,0.5776
in100.vicreg.s0.ext,student.h.gap,house,300,190,0.5814
in100.vicreg.s0.ext,student.h.gap,house,300,191,0.5812
in100.vicreg.s0.ext,student.h.gap,house,300,192,0.584
in100.vicreg.s0.ext,student.h.gap,house,300,193,0.5826
in100.vicreg.s0.ext,student.h.gap,house,300,194,0.579
in100.vicreg.s0.ext,student.h.gap,house,300,195,0.5802
in100.vicreg.s0.ext,student.h.gap,house,300,196,0.583
in100.vicreg.s0.ext,student.h.gap,house,300,197,0.5768
in100.vicreg.s0.ext,student.h.gap,house,300,198,0.578
in100.vicreg.s0.ext,student.h.gap,house,300,199,0.5778
in100.vicreg.s0.ext,student.h.gap,house,300,200,0.5822
in100.vicreg.s0.ext,student.h.gap,house,300,201,0.5792
in100.vicreg.s0.ext,student.h.gap,house,300,202,0.5838
in100.vicreg.s0.ext,student.h.gap,house,300,203,0.5774
in100.vicreg.s0.ext,student.h.gap,house,300,204,0.5794
in100.vicreg.s0.ext,student.h.gap,house,300,205,0.5788
in100.vicreg.s0.ext,student.h.gap,house,300,206,0.5818
in100.vicreg.s0.ext,student.h.gap,house,300,207,0.5788
in100.vicreg.s0.ext,student.h.gap,house,300,208,0.5794
in100.vicreg.s0.ext,student.h.gap,house,300,209,0.5806
in100.vicreg.s0.ext,student.h.gap,house,300,210,0.578
in100.vicreg.s0.ext,student.h.gap,house,300,211,0.5778
in100.vicreg.s0.ext,student.h.gap,house,300,212,0.5798
in100.vicreg.s0.ext,student.h.gap,house,300,213,0.5752
in100.vicreg.s0.ext,student.h.gap,house,300,214,0.5766
in100.vicreg.s0.ext,student.h.gap,house,300,215,0.5804
in100.vicreg.s0.ext,student.h.gap,house,300,216,0.5842
in100.vicreg.s0.ext,student.h.gap,house,300,217,0.5802
in100.vicreg.s0.ext,student.h.gap,house,300,218,0.5824
in100.vicreg.s0.ext,student.h.gap,house,300,219,0.5778
in100.vicreg.s0.ext,student.h.gap,house,300,220,0.578
in100.vicreg.s0.ext,student.h.gap,house,300,221,0.579
in100.vicreg.s0.ext,student.h.gap,house,300,222,0.5818
in100.vicreg.s0.ext,student.h.gap,house,300,223,0.5806
in100.vicreg.s0.ext,student.h.gap,house,300,224,0.5804
in100.vicreg.s0.ext,student.h.gap,house,300,225,0.58
in100.vicreg.s0.ext,student.h.gap,house,300,226,0.5806
in100.vicreg.s0.ext,student.h.gap,house,300,227,0.5794
in100.vicreg.s0.ext,student.h.gap,house,300,228,0.5786
in100.vicreg.s0.ext,student.h.gap,house,300,229,0.5784
in100.vicreg.s0.ext,student.h.gap,house,300,230,0.5792
in100.vicreg.s0.ext,student.h.gap,house,300,231,0.5832
in100.vicreg.s0.ext,student.h.gap,house,300,232,0.5762
in100.vicreg.s0.ext,student.h.gap,house,300,233,0.5788
in100.vicreg.s0.ext,student.h.gap,house,300,234,0.5818
in100.vicreg.s0.ext,student.h.gap,house,300,235,0.5822
in100.vicreg.s0.ext,student.h.gap,house,300,236,0.5748
in100.vicreg.s0.ext,student.h.gap,house,300,237,0.5786
in100.vicreg.s0.ext,student.h.gap,house,300,238,0.5802
in100.vicreg.s0.ext,student.h.gap,house,300,239,0.5796
in100.vicreg.s0.ext,student.h.gap,house,300,240,0.5814
in100.vicreg.s0.ext,student.h.gap,house,300,241,0.5748
in100.vicreg.s0.ext,student.h.gap,house,300,242,0.5754
in100.vicreg.s0.ext,student.h.gap,house,300,243,0.5794
in100.vicreg.s0.ext,student.h.gap,house,300,244,0.579
in100.vicreg.s0.ext,student.h.gap,house,300,245,0.5806
in100.vicreg.s0.ext,student.h.gap,house,300,246,0.5826
in100.vicreg.s0.ext,student.h.gap,house,300,247,0.579
in100.vicreg.s0.ext,student.h.gap,house,300,248,0.578
in100.vicreg.s0.ext,student.h.gap,house,300,249,0.5824
in100.vicreg.s0.ext,student.h.gap,house,300,250,0.5802
in100.vicreg.s0.ext,student.h.gap,house,300,251,0.5784
in100.vicreg.s0.ext,student.h.gap,house,300,252,0.5774
in100.vicreg.s0.ext,student.h.gap,house,300,253,0.5772
in100.vicreg.s0.ext,student.h.gap,house,300,254,0.5788
in100.vicreg.s0.ext,student.h.gap,house,300,255,0.5778
in100.vicreg.s0.ext,student.h.gap,house,300,256,0.5796
in100.vicreg.s0.ext,student.h.gap,house,300,257,0.5794
in100.vicreg.s0.ext,student.h.gap,house,300,258,0.579
in100.vicreg.s0.ext,student.h.gap,house,300,259,0.5786
in100.vicreg.s0.ext,student.h.gap,house,300,260,0.5782
in100.vicreg.s0.ext,student.h.gap,house,300,261,0.5758
in100.vicreg.s0.ext,student.h.gap,house,300,262,0.5768
in100.vicreg.s0.ext,student.h.gap,house,300,263,0.5796
in100.vicreg.s0.ext,student.h.gap,house,300,264,0.5756
in100.vicreg.s0.ext,student.h.gap,house,300,265,0.5754
in100.vicreg.s0.ext,student.h.gap,house,300,266,0.5788
in100.vicreg.s0.ext,student.h.gap,house,300,267,0.5762
in100.vicreg.s0.ext,student.h.gap,house,300,268,0.5796
in100.vicreg.s0.ext,student.h.gap,house,300,269,0.58
in100.vicreg.s0.ext,student.h.gap,house,300,270,0.5788
in100.vicreg.s0.ext,student.h.gap,house,300,271,0.5764
in100.vicreg.s0.ext,student.h.gap,house,300,272,0.5796
in100.vicreg.s0.ext,student.h.gap,house,300,273,0.5762
in100.vicreg.s0.ext,student.h.gap,house,300,274,0.5822
in100.vicreg.s0.ext,student.h.gap,house,300,275,0.5818
in100.vicreg.s0.ext,student.h.gap,house,300,276,0.575
in100.vicreg.s0.ext,student.h.gap,house,300,277,0.5788
in100.vicreg.s0.ext,student.h.gap,house,300,278,0.5766
in100.vicreg.s0.ext,student.h.gap,house,300,279,0.5764
in100.vicreg.s0.ext,student.h.gap,house,300,280,0.5824
in100.vicreg.s0.ext,student.h.gap,house,300,281,0.5778
in100.vicreg.s0.ext,student.h.gap,house,300,282,0.5766
in100.vicreg.s0.ext,student.h.gap,house,300,283,0.5816
in100.vicreg.s0.ext,student.h.gap,house,300,284,0.5786
in100.vicreg.s0.ext,student.h.gap,house,300,285,0.576
in100.vicreg.s0.ext,student.h.gap,house,300,286,0.5758
in100.vicreg.s0.ext,student.h.gap,house,300,287,0.5716
in100.vicreg.s0.ext,student.h.gap,house,300,288,0.576
in100.vicreg.s0.ext,student.h.gap,house,300,289,0.579
in100.vicreg.s0.ext,student.h.gap,house,300,290,0.5796
in100.vicreg.s0.ext,student.h.gap,house,300,291,0.5756
in100.vicreg.s0.ext,student.h.gap,house,300,292,0.5772
in100.vicreg.s0.ext,student.h.gap,house,300,293,0.5748
in100.vicreg.s0.ext,student.h.gap,house,300,294,0.5772
in100.vicreg.s0.ext,student.h.gap,house,300,295,0.5802
in100.vicreg.s0.ext,student.h.gap,house,300,296,0.5764
in100.vicreg.s0.ext,student.h.gap,house,300,297,0.5746
in100.vicreg.s0.ext,student.h.gap,house,300,298,0.5766
in100.vicreg.s0.ext,student.h.gap,house,300,299,0.5716
in100.mae.s0.ext,student.h.gap,raw,30,0,0.2188
in100.mae.s0.ext,student.h.gap,raw,30,1,0.255
in100.mae.s0.ext,student.h.gap,raw,30,2,0.2766
in100.mae.s0.ext,student.h.gap,raw,30,3,0.2918
in100.mae.s0.ext,student.h.gap,raw,30,4,0.3006
in100.mae.s0.ext,student.h.gap,raw,30,5,0.314
in100.mae.s0.ext,student.h.gap,raw,30,6,0.315
in100.mae.s0.ext,student.h.gap,raw,30,7,0.3216
in100.mae.s0.ext,student.h.gap,raw,30,8,0.3262
in100.mae.s0.ext,student.h.gap,raw,30,9,0.331
in100.mae.s0.ext,student.h.gap,raw,30,10,0.334
in100.mae.s0.ext,student.h.gap,raw,30,11,0.3404
in100.mae.s0.ext,student.h.gap,raw,30,12,0.3434
in100.mae.s0.ext,student.h.gap,raw,30,13,0.3462
in100.mae.s0.ext,student.h.gap,raw,30,14,0.3492
in100.mae.s0.ext,student.h.gap,raw,30,15,0.3508
in100.mae.s0.ext,student.h.gap,raw,30,16,0.3532
in100.mae.s0.ext,student.h.gap,raw,30,17,0.3566
in100.mae.s0.ext,student.h.gap,raw,30,18,0.357
in100.mae.s0.ext,student.h.gap,raw,30,19,0.3626
in100.mae.s0.ext,student.h.gap,raw,30,20,0.3628
in100.mae.s0.ext,student.h.gap,raw,30,21,0.3638
in100.mae.s0.ext,student.h.gap,raw,30,22,0.3698
in100.mae.s0.ext,student.h.gap,raw,30,23,0.3698
in100.mae.s0.ext,student.h.gap,raw,30,24,0.3728
in100.mae.s0.ext,student.h.gap,raw,30,25,0.3728
in100.mae.s0.ext,student.h.gap,raw,30,26,0.3762
in100.mae.s0.ext,student.h.gap,raw,30,27,0.3746
in100.mae.s0.ext,student.h.gap,raw,30,28,0.3772
in100.mae.s0.ext,student.h.gap,raw,30,29,0.3732
in100.mae.s0.ext,student.h.gap,raw,300,0,0.2188
in100.mae.s0.ext,student.h.gap,raw,300,1,0.255
in100.mae.s0.ext,student.h.gap,raw,300,2,0.2766
in100.mae.s0.ext,student.h.gap,raw,300,3,0.2918
in100.mae.s0.ext,student.h.gap,raw,300,4,0.3006
in100.mae.s0.ext,student.h.gap,raw,300,5,0.314
in100.mae.s0.ext,student.h.gap,raw,300,6,0.315
in100.mae.s0.ext,student.h.gap,raw,300,7,0.3216
in100.mae.s0.ext,student.h.gap,raw,300,8,0.3262
in100.mae.s0.ext,student.h.gap,raw,300,9,0.331
in100.mae.s0.ext,student.h.gap,raw,300,10,0.334
in100.mae.s0.ext,student.h.gap,raw,300,11,0.3404
in100.mae.s0.ext,student.h.gap,raw,300,12,0.3434
in100.mae.s0.ext,student.h.gap,raw,300,13,0.3462
in100.mae.s0.ext,student.h.gap,raw,300,14,0.3492
in100.mae.s0.ext,student.h.gap,raw,300,15,0.3508
in100.mae.s0.ext,student.h.gap,raw,300,16,0.3532
in100.mae.s0.ext,student.h.gap,raw,300,17,0.3566
in100.mae.s0.ext,student.h.gap,raw,300,18,0.357
in100.mae.s0.ext,student.h.gap,raw,300,19,0.3626
in100.mae.s0.ext,student.h.gap,raw,300,20,0.3628
in100.mae.s0.ext,student.h.gap,raw,300,21,0.3638
in100.mae.s0.ext,student.h.gap,raw,300,22,0.3698
in100.mae.s0.ext,student.h.gap,raw,300,23,0.3698
in100.mae.s0.ext,student.h.gap,raw,300,24,0.3728
in100.mae.s0.ext,student.h.gap,raw,300,25,0.3728
in100.mae.s0.ext,student.h.gap,raw,300,26,0.3762
in100.mae.s0.ext,student.h.gap,raw,300,27,0.3746
in100.mae.s0.ext,student.h.gap,raw,300,28,0.3772
in100.mae.s0.ext,student.h.gap,raw,300,29,0.3732
in100.mae.s0.ext,student.h.gap,raw,300,30,0.3766
in100.mae.s0.ext,student.h.gap,raw,300,31,0.3786
in100.mae.s0.ext,student.h.gap,raw,300,32,0.3784
in100.mae.s0.ext,student.h.gap,raw,300,33,0.3786
in100.mae.s0.ext,student.h.gap,raw,300,34,0.3792
in100.mae.s0.ext,student.h.gap,raw,300,35,0.381
in100.mae.s0.ext,student.h.gap,raw,300,36,0.3812
in100.mae.s0.ext,student.h.gap,raw,300,37,0.3804
in100.mae.s0.ext,student.h.gap,raw,300,38,0.3852
in100.mae.s0.ext,student.h.gap,raw,300,39,0.3836
in100.mae.s0.ext,student.h.gap,raw,300,40,0.3838
in100.mae.s0.ext,student.h.gap,raw,300,41,0.383
in100.mae.s0.ext,student.h.gap,raw,300,42,0.3856
in100.mae.s0.ext,student.h.gap,raw,300,43,0.387
in100.mae.s0.ext,student.h.gap,raw,300,44,0.384
in100.mae.s0.ext,student.h.gap,raw,300,45,0.3882
in100.mae.s0.ext,student.h.gap,raw,300,46,0.3854
in100.mae.s0.ext,student.h.gap,raw,300,47,0.3856
in100.mae.s0.ext,student.h.gap,raw,300,48,0.3868
in100.mae.s0.ext,student.h.gap,raw,300,49,0.3896
in100.mae.s0.ext,student.h.gap,raw,300,50,0.3878
in100.mae.s0.ext,student.h.gap,raw,300,51,0.3882
in100.mae.s0.ext,student.h.gap,raw,300,52,0.3898
in100.mae.s0.ext,student.h.gap,raw,300,53,0.3896
in100.mae.s0.ext,student.h.gap,raw,300,54,0.3862
in100.mae.s0.ext,student.h.gap,raw,300,55,0.3918
in100.mae.s0.ext,student.h.gap,raw,300,56,0.39
in100.mae.s0.ext,student.h.gap,raw,300,57,0.3916
in100.mae.s0.ext,student.h.gap,raw,300,58,0.3938
in100.mae.s0.ext,student.h.gap,raw,300,59,0.3918
in100.mae.s0.ext,student.h.gap,raw,300,60,0.3942
in100.mae.s0.ext,student.h.gap,raw,300,61,0.397
in100.mae.s0.ext,student.h.gap,raw,300,62,0.3922
in100.mae.s0.ext,student.h.gap,raw,300,63,0.3948
in100.mae.s0.ext,student.h.gap,raw,300,64,0.395
in100.mae.s0.ext,student.h.gap,raw,300,65,0.3936
in100.mae.s0.ext,student.h.gap,raw,300,66,0.3958
in100.mae.s0.ext,student.h.gap,raw,300,67,0.395
in100.mae.s0.ext,student.h.gap,raw,300,68,0.3954
in100.mae.s0.ext,student.h.gap,raw,300,69,0.3972
in100.mae.s0.ext,student.h.gap,raw,300,70,0.3952
in100.mae.s0.ext,student.h.gap,raw,300,71,0.3984
in100.mae.s0.ext,student.h.gap,raw,300,72,0.3962
in100.mae.s0.ext,student.h.gap,raw,300,73,0.3976
in100.mae.s0.ext,student.h.gap,raw,300,74,0.397
in100.mae.s0.ext,student.h.gap,raw,300,75,0.3994
in100.mae.s0.ext,student.h.gap,raw,300,76,0.3982
in100.mae.s0.ext,student.h.gap,raw,300,77,0.4006
in100.mae.s0.ext,student.h.gap,raw,300,78,0.399
in100.mae.s0.ext,student.h.gap,raw,300,79,0.396
in100.mae.s0.ext,student.h.gap,raw,300,80,0.3994
in100.mae.s0.ext,student.h.gap,raw,300,81,0.3994
in100.mae.s0.ext,student.h.gap,raw,300,82,0.401
in100.mae.s0.ext,student.h.gap,raw,300,83,0.3996
in100.mae.s0.ext,student.h.gap,raw,300,84,0.3992
in100.mae.s0.ext,student.h.gap,raw,300,85,0.4014
in100.mae.s0.ext,student.h.gap,raw,300,86,0.4014
in100.mae.s0.ext,student.h.gap,raw,300,87,0.4026
in100.mae.s0.ext,student.h.gap,raw,300,88,0.4018
in100.mae.s0.ext,student.h.gap,raw,300,89,0.4042
in100.mae.s0.ext,student.h.gap,raw,300,90,0.403
in100.mae.s0.ext,student.h.gap,raw,300,91,0.4046
in100.mae.s0.ext,student.h.gap,raw,300,92,0.4044
in100.mae.s0.ext,student.h.gap,raw,300,93,0.405
in100.mae.s0.ext,student.h.gap,raw,300,94,0.4044
in100.mae.s0.ext,student.h.gap,raw,300,95,0.4038
in100.mae.s0.ext,student.h.gap,raw,300,96,0.4042
in100.mae.s0.ext,student.h.gap,raw,300,97,0.4064
in100.mae.s0.ext,student.h.gap,raw,300,98,0.408
in100.mae.s0.ext,student.h.gap,raw,300,99,0.4072
in100.mae.s0.ext,student.h.gap,raw,300,100,0.4064
in100.mae.s0.ext,student.h.gap,raw,300,101,0.4086
in100.mae.s0.ext,student.h.gap,raw,300,102,0.4064
in100.mae.s0.ext,student.h.gap,raw,300,103,0.4096
in100.mae.s0.ext,student.h.gap,raw,300,104,0.4066
in100.mae.s0.ext,student.h.gap,raw,300,105,0.4062
in100.mae.s0.ext,student.h.gap,raw,300,106,0.4062
in100.mae.s0.ext,student.h.gap,raw,300,107,0.4078
in100.mae.s0.ext,student.h.gap,raw,300,108,0.4058
in100.mae.s0.ext,student.h.gap,raw,300,109,0.4094
in100.mae.s0.ext,student.h.gap,raw,300,110,0.4086
in100.mae.s0.ext,student.h.gap,raw,300,111,0.4054
in100.mae.s0.ext,student.h.gap,raw,300,112,0.4092
in100.mae.s0.ext,student.h.gap,raw,300,113,0.4078
in100.mae.s0.ext,student.h.gap,raw,300,114,0.4074
in100.mae.s0.ext,student.h.gap,raw,300,115,0.4092
in100.mae.s0.ext,student.h.gap,raw,300,116,0.4072
in100.mae.s0.ext,student.h.gap,raw,300,117,0.409
in100.mae.s0.ext,student.h.gap,raw,300,118,0.4084
in100.mae.s0.ext,student.h.gap,raw,300,119,0.4082
in100.mae.s0.ext,student.h.gap,raw,300,120,0.4088
in100.mae.s0.ext,student.h.gap,raw,300,121,0.4104
in100.mae.s0.ext,student.h.gap,raw,300,122,0.407
in100.mae.s0.ext,student.h.gap,raw,300,123,0.4094
in100.mae.s0.ext,student.h.gap,raw,300,124,0.407
in100.mae.s0.ext,student.h.gap,raw,300,125,0.4062
in100.mae.s0.ext,student.h.gap,raw,300,126,0.4074
in100.mae.s0.ext,student.h.gap,raw,300,127,0.4088
in100.mae.s0.ext,student.h.gap,raw,300,128,0.4074
in100.mae.s0.ext,student.h.gap,raw,300,129,0.4108
in100.mae.s0.ext,student.h.gap,raw,300,130,0.4086
in100.mae.s0.ext,student.h.gap,raw,300,131,0.4108
in100.mae.s0.ext,student.h.gap,raw,300,132,0.4084
in100.mae.s0.ext,student.h.gap,raw,300,133,0.4096
in100.mae.s0.ext,student.h.gap,raw,300,134,0.407
in100.mae.s0.ext,student.h.gap,raw,300,135,0.4112
in100.mae.s0.ext,student.h.gap,raw,300,136,0.4102
in100.mae.s0.ext,student.h.gap,raw,300,137,0.4098
in100.mae.s0.ext,student.h.gap,raw,300,138,0.4092
in100.mae.s0.ext,student.h.gap,raw,300,139,0.4128
in100.mae.s0.ext,student.h.gap,raw,300,140,0.4066
in100.mae.s0.ext,student.h.gap,raw,300,141,0.4112
in100.mae.s0.ext,student.h.gap,raw,300,142,0.4096
in100.mae.s0.ext,student.h.gap,raw,300,143,0.409
in100.mae.s0.ext,student.h.gap,raw,300,144,0.4098
in100.mae.s0.ext,student.h.gap,raw,300,145,0.407
in100.mae.s0.ext,student.h.gap,raw,300,146,0.4084
in100.mae.s0.ext,student.h.gap,raw,300,147,0.4118
in100.mae.s0.ext,student.h.gap,raw,300,148,0.4098
in100.mae.s0.ext,student.h.gap,raw,300,149,0.4092
in100.mae.s0.ext,student.h.gap,raw,300,150,0.4114
in100.mae.s0.ext,student.h.gap,raw,300,151,0.411
in100.mae.s0.ext,student.h.gap,raw,300,152,0.4098
in100.mae.s0.ext,student.h.gap,raw,300,153,0.4072
in100.mae.s0.ext,student.h.gap,raw,300,154,0.4102
in100.mae.s0.ext,student.h.gap,raw,300,155,0.413
in100.mae.s0.ext,student.h.gap,raw,300,156,0.409
in100.mae.s0.ext,student.h.gap,raw,300,157,0.412
in100.mae.s0.ext,student.h.gap,raw,300,158,0.4122
in100.mae.s0.ext,student.h.gap,raw,300,159,0.4104
in100.mae.s0.ext,student.h.gap,raw,300,160,0.4118
in100.mae.s0.ext,student.h.gap,raw,300,161,0.4108
in100.mae.s0.ext,student.h.gap,raw,300,162,0.4114
in100.mae.s0.ext,student.h.gap,raw,300,163,0.4136
in100.mae.s0.ext,student.h.gap,raw,300,164,0.4128
in100.mae.s0.ext,student.h.gap,raw,300,165,0.4146
in100.mae.s0.ext,student.h.gap,raw,300,166,0.412
in100.mae.s0.ext,student.h.gap,raw,300,167,0.4108
in100.mae.s0.ext,student.h.gap,raw,300,168,0.4122
in100.mae.s0.ext,student.h.gap,raw,300,169,0.4128
in100.mae.s0.ext,student.h.gap,raw,300,170,0.4126
in100.mae.s0.ext,student.h.gap,raw,300,171,0.4146
in100.mae.s0.ext,student.h.gap,raw,300,172,0.4116
in100.mae.s0.ext,student.h.gap,raw,300,173,0.4132
in100.mae.s0.ext,student.h.gap,raw,300,174,0.4144
in100.mae.s0.ext,student.h.gap,raw,300,175,0.4138
in100.mae.s0.ext,student.h.gap,raw,300,176,0.4126
in100.mae.s0.ext,student.h.gap,raw,300,177,0.4108
in100.mae.s0.ext,student.h.gap,raw,300,178,0.412
in100.mae.s0.ext,student.h.gap,raw,300,179,0.4132
in100.mae.s0.ext,student.h.gap,raw,300,180,0.4122
in100.mae.s0.ext,student.h.gap,raw,300,181,0.4152
in100.mae.s0.ext,student.h.gap,raw,300,182,0.4118
in100.mae.s0.ext,student.h.gap,raw,300,183,0.4154
in100.mae.s0.ext,student.h.gap,raw,300,184,0.4122
in100.mae.s0.ext,student.h.gap,raw,300,185,0.416
in100.mae.s0.ext,student.h.gap,raw,300,186,0.4116
in100.mae.s0.ext,student.h.gap,raw,300,187,0.414
in100.mae.s0.ext,student.h.gap,raw,300,188,0.4146
in100.mae.s0.ext,student.h.gap,raw,300,189,0.4118
in100.mae.s0.ext,student.h.gap,raw,300,190,0.4152
in100.mae.s0.ext,student.h.gap,raw,300,191,0.4144
in100.mae.s0.ext,student.h.gap,raw,300,192,0.4122
in100.mae.s0.ext,student.h.gap,raw,300,193,0.4144
in100.mae.s0.ext,student.h.gap,raw,300,194,0.4174
in100.mae.s0.ext,student.h.gap,raw,300,195,0.4156
in100.mae.s0.ext,student.h.gap,raw,300,196,0.4154
in100.mae.s0.ext,student.h.gap,raw,300,197,0.4138
in100.mae.s0.ext,student.h.gap,raw,300,198,0.4144
in100.mae.s0.ext,student.h.gap,raw,300,199,0.4178
in100.mae.s0.ext,student.h.gap,raw,300,200,0.4182
in100.mae.s0.ext,student.h.gap,raw,300,201,0.419
in100.mae.s0.ext,student.h.gap,raw,300,202,0.4138
in100.mae.s0.ext,student.h.gap,raw,300,203,0.4164
in100.mae.s0.ext,student.h.gap,raw,300,204,0.4172
in100.mae.s0.ext,student.h.gap,raw,300,205,0.4158
in100.mae.s0.ext,student.h.gap,raw,300,206,0.418
in100.mae.s0.ext,student.h.gap,raw,300,207,0.4168
in100.mae.s0.ext,student.h.gap,raw,300,208,0.4168
in100.mae.s0.ext,student.h.gap,raw,300,209,0.4184
in100.mae.s0.ext,student.h.gap,raw,300,210,0.4176
in100.mae.s0.ext,student.h.gap,raw,300,211,0.416
in100.mae.s0.ext,student.h.gap,raw,300,212,0.4136
in100.mae.s0.ext,student.h.gap,raw,300,213,0.4156
in100.mae.s0.ext,student.h.gap,raw,300,214,0.4182
in100.mae.s0.ext,student.h.gap,raw,300,215,0.4182
in100.mae.s0.ext,student.h.gap,raw,300,216,0.4184
in100.mae.s0.ext,student.h.gap,raw,300,217,0.4204
in100.mae.s0.ext,student.h.gap,raw,300,218,0.417
in100.mae.s0.ext,student.h.gap,raw,300,219,0.4186
in100.mae.s0.ext,student.h.gap,raw,300,220,0.4186
in100.mae.s0.ext,student.h.gap,raw,300,221,0.4216
in100.mae.s0.ext,student.h.gap,raw,300,222,0.4186
in100.mae.s0.ext,student.h.gap,raw,300,223,0.4154
in100.mae.s0.ext,student.h.gap,raw,300,224,0.4186
in100.mae.s0.ext,student.h.gap,raw,300,225,0.4168
in100.mae.s0.ext,student.h.gap,raw,300,226,0.4174
in100.mae.s0.ext,student.h.gap,raw,300,227,0.4162
in100.mae.s0.ext,student.h.gap,raw,300,228,0.4172
in100.mae.s0.ext,student.h.gap,raw,300,229,0.4166
in100.mae.s0.ext,student.h.gap,raw,300,230,0.4192
in100.mae.s0.ext,student.h.gap,raw,300,231,0.4192
in100.mae.s0.ext,student.h.gap,raw,300,232,0.4184
in100.mae.s0.ext,student.h.gap,raw,300,233,0.4172
in100.mae.s0.ext,student.h.gap,raw,300,234,0.4184
in100.mae.s0.ext,student.h.gap,raw,300,235,0.4188
in100.mae.s0.ext,student.h.gap,raw,300,236,0.417
in100.mae.s0.ext,student.h.gap,raw,300,237,0.4172
in100.mae.s0.ext,student.h.gap,raw,300,238,0.4174
in100.mae.s0.ext,student.h.gap,raw,300,239,0.419
in100.mae.s0.ext,student.h.gap,raw,300,240,0.419
in100.mae.s0.ext,student.h.gap,raw,300,241,0.4146
in100.mae.s0.ext,student.h.gap,raw,300,242,0.4188
in100.mae.s0.ext,student.h.gap,raw,300,243,0.416
in100.mae.s0.ext,student.h.gap,raw,300,244,0.4178
in100.mae.s0.ext,student.h.gap,raw,300,245,0.4196
in100.mae.s0.ext,student.h.gap,raw,300,246,0.4188
in100.mae.s0.ext,student.h.gap,raw,300,247,0.4192
in100.mae.s0.ext,student.h.gap,raw,300,248,0.4174
in100.mae.s0.ext,student.h.gap,raw,300,249,0.42
in100.mae.s0.ext,student.h.gap,raw,300,250,0.4186
in100.mae.s0.ext,student.h.gap,raw,300,251,0.4214
in100.mae.s0.ext,student.h.gap,raw,300,252,0.4188
in100.mae.s0.ext,student.h.gap,raw,300,253,0.4204
in100.mae.s0.ext,student.h.gap,raw,300,254,0.4214
in100.mae.s0.ext,student.h.gap,raw,300,255,0.4204
in100.mae.s0.ext,student.h.gap,raw,300,256,0.422
in100.mae.s0.ext,student.h.gap,raw,300,257,0.4204
in100.mae.s0.ext,student.h.gap,raw,300,258,0.4202
in100.mae.s0.ext,student.h.gap,raw,300,259,0.4192
in100.mae.s0.ext,student.h.gap,raw,300,260,0.418
in100.mae.s0.ext,student.h.gap,raw,300,261,0.4186
in100.mae.s0.ext,student.h.gap,raw,300,262,0.4172
in100.mae.s0.ext,student.h.gap,raw,300,263,0.421
in100.mae.s0.ext,student.h.gap,raw,300,264,0.4206
in100.mae.s0.ext,student.h.gap,raw,300,265,0.4194
in100.mae.s0.ext,student.h.gap,raw,300,266,0.42
in100.mae.s0.ext,student.h.gap,raw,300,267,0.42
in100.mae.s0.ext,student.h.gap,raw,300,268,0.418
in100.mae.s0.ext,student.h.gap,raw,300,269,0.42
in100.mae.s0.ext,student.h.gap,raw,300,270,0.4184
in100.mae.s0.ext,student.h.gap,raw,300,271,0.4228
in100.mae.s0.ext,student.h.gap,raw,300,272,0.4196
in100.mae.s0.ext,student.h.gap,raw,300,273,0.4212
in100.mae.s0.ext,student.h.gap,raw,300,274,0.4186
in100.mae.s0.ext,student.h.gap,raw,300,275,0.419
in100.mae.s0.ext,student.h.gap,raw,300,276,0.4184
in100.mae.s0.ext,student.h.gap,raw,300,277,0.4226
in100.mae.s0.ext,student.h.gap,raw,300,278,0.4218
in100.mae.s0.ext,student.h.gap,raw,300,279,0.4218
in100.mae.s0.ext,student.h.gap,raw,300,280,0.4222
in100.mae.s0.ext,student.h.gap,raw,300,281,0.4204
in100.mae.s0.ext,student.h.gap,raw,300,282,0.4232
in100.mae.s0.ext,student.h.gap,raw,300,283,0.423
in100.mae.s0.ext,student.h.gap,raw,300,284,0.4192
in100.mae.s0.ext,student.h.gap,raw,300,285,0.4222
in100.mae.s0.ext,student.h.gap,raw,300,286,0.4206
in100.mae.s0.ext,student.h.gap,raw,300,287,0.421
in100.mae.s0.ext,student.h.gap,raw,300,288,0.4232
in100.mae.s0.ext,student.h.gap,raw,300,289,0.4192
in100.mae.s0.ext,student.h.gap,raw,300,290,0.4238
in100.mae.s0.ext,student.h.gap,raw,300,291,0.4204
in100.mae.s0.ext,student.h.gap,raw,300,292,0.4188
in100.mae.s0.ext,student.h.gap,raw,300,293,0.422
in100.mae.s0.ext,student.h.gap,raw,300,294,0.4226
in100.mae.s0.ext,student.h.gap,raw,300,295,0.4194
in100.mae.s0.ext,student.h.gap,raw,300,296,0.4218
in100.mae.s0.ext,student.h.gap,raw,300,297,0.424
in100.mae.s0.ext,student.h.gap,raw,300,298,0.421
in100.mae.s0.ext,student.h.gap,raw,300,299,0.4214
in100.mae.s0.ext,student.h.gap,std,30,0,0.3338
in100.mae.s0.ext,student.h.gap,std,30,1,0.3584
in100.mae.s0.ext,student.h.gap,std,30,2,0.3718
in100.mae.s0.ext,student.h.gap,std,30,3,0.387
in100.mae.s0.ext,student.h.gap,std,30,4,0.3838
in100.mae.s0.ext,student.h.gap,std,30,5,0.3922
in100.mae.s0.ext,student.h.gap,std,30,6,0.3968
in100.mae.s0.ext,student.h.gap,std,30,7,0.3974
in100.mae.s0.ext,student.h.gap,std,30,8,0.4036
in100.mae.s0.ext,student.h.gap,std,30,9,0.4018
in100.mae.s0.ext,student.h.gap,std,30,10,0.4046
in100.mae.s0.ext,student.h.gap,std,30,11,0.4044
in100.mae.s0.ext,student.h.gap,std,30,12,0.4046
in100.mae.s0.ext,student.h.gap,std,30,13,0.4056
in100.mae.s0.ext,student.h.gap,std,30,14,0.4146
in100.mae.s0.ext,student.h.gap,std,30,15,0.4122
in100.mae.s0.ext,student.h.gap,std,30,16,0.4156
in100.mae.s0.ext,student.h.gap,std,30,17,0.4164
in100.mae.s0.ext,student.h.gap,std,30,18,0.4192
in100.mae.s0.ext,student.h.gap,std,30,19,0.4158
in100.mae.s0.ext,student.h.gap,std,30,20,0.4176
in100.mae.s0.ext,student.h.gap,std,30,21,0.4198
in100.mae.s0.ext,student.h.gap,std,30,22,0.4196
in100.mae.s0.ext,student.h.gap,std,30,23,0.416
in100.mae.s0.ext,student.h.gap,std,30,24,0.4148
in100.mae.s0.ext,student.h.gap,std,30,25,0.4218
in100.mae.s0.ext,student.h.gap,std,30,26,0.4182
in100.mae.s0.ext,student.h.gap,std,30,27,0.4142
in100.mae.s0.ext,student.h.gap,std,30,28,0.4208
in100.mae.s0.ext,student.h.gap,std,30,29,0.4196
in100.mae.s0.ext,student.h.gap,std,300,0,0.3338
in100.mae.s0.ext,student.h.gap,std,300,1,0.3584
in100.mae.s0.ext,student.h.gap,std,300,2,0.3718
in100.mae.s0.ext,student.h.gap,std,300,3,0.387
in100.mae.s0.ext,student.h.gap,std,300,4,0.3838
in100.mae.s0.ext,student.h.gap,std,300,5,0.3922
in100.mae.s0.ext,student.h.gap,std,300,6,0.3968
in100.mae.s0.ext,student.h.gap,std,300,7,0.3974
in100.mae.s0.ext,student.h.gap,std,300,8,0.4036
in100.mae.s0.ext,student.h.gap,std,300,9,0.4018
in100.mae.s0.ext,student.h.gap,std,300,10,0.4046
in100.mae.s0.ext,student.h.gap,std,300,11,0.4044
in100.mae.s0.ext,student.h.gap,std,300,12,0.4046
in100.mae.s0.ext,student.h.gap,std,300,13,0.4056
in100.mae.s0.ext,student.h.gap,std,300,14,0.4146
in100.mae.s0.ext,student.h.gap,std,300,15,0.4122
in100.mae.s0.ext,student.h.gap,std,300,16,0.4156
in100.mae.s0.ext,student.h.gap,std,300,17,0.4164
in100.mae.s0.ext,student.h.gap,std,300,18,0.4192
in100.mae.s0.ext,student.h.gap,std,300,19,0.4158
in100.mae.s0.ext,student.h.gap,std,300,20,0.4176
in100.mae.s0.ext,student.h.gap,std,300,21,0.4198
in100.mae.s0.ext,student.h.gap,std,300,22,0.4196
in100.mae.s0.ext,student.h.gap,std,300,23,0.416
in100.mae.s0.ext,student.h.gap,std,300,24,0.4148
in100.mae.s0.ext,student.h.gap,std,300,25,0.4218
in100.mae.s0.ext,student.h.gap,std,300,26,0.4182
in100.mae.s0.ext,student.h.gap,std,300,27,0.4142
in100.mae.s0.ext,student.h.gap,std,300,28,0.4208
in100.mae.s0.ext,student.h.gap,std,300,29,0.4196
in100.mae.s0.ext,student.h.gap,std,300,30,0.4234
in100.mae.s0.ext,student.h.gap,std,300,31,0.4202
in100.mae.s0.ext,student.h.gap,std,300,32,0.4238
in100.mae.s0.ext,student.h.gap,std,300,33,0.426
in100.mae.s0.ext,student.h.gap,std,300,34,0.422
in100.mae.s0.ext,student.h.gap,std,300,35,0.4248
in100.mae.s0.ext,student.h.gap,std,300,36,0.4234
in100.mae.s0.ext,student.h.gap,std,300,37,0.4254
in100.mae.s0.ext,student.h.gap,std,300,38,0.4238
in100.mae.s0.ext,student.h.gap,std,300,39,0.4242
in100.mae.s0.ext,student.h.gap,std,300,40,0.4234
in100.mae.s0.ext,student.h.gap,std,300,41,0.423
in100.mae.s0.ext,student.h.gap,std,300,42,0.4246
in100.mae.s0.ext,student.h.gap,std,300,43,0.4278
in100.mae.s0.ext,student.h.gap,std,300,44,0.424
in100.mae.s0.ext,student.h.gap,std,300,45,0.4224
in100.mae.s0.ext,student.h.gap,std,300,46,0.4292
in100.mae.s0.ext,student.h.gap,std,300,47,0.427
in100.mae.s0.ext,student.h.gap,std,300,48,0.4226
in100.mae.s0.ext,student.h.gap,std,300,49,0.4258
in100.mae.s0.ext,student.h.gap,std,300,50,0.424
in100.mae.s0.ext,student.h.gap,std,300,51,0.421
in100.mae.s0.ext,student.h.gap,std,300,52,0.4286
in100.mae.s0.ext,student.h.gap,std,300,53,0.4222
in100.mae.s0.ext,student.h.gap,std,300,54,0.4244
in100.mae.s0.ext,student.h.gap,std,300,55,0.4292
in100.mae.s0.ext,student.h.gap,std,300,56,0.4284
in100.mae.s0.ext,student.h.gap,std,300,57,0.4222
in100.mae.s0.ext,student.h.gap,std,300,58,0.4266
in100.mae.s0.ext,student.h.gap,std,300,59,0.4226
in100.mae.s0.ext,student.h.gap,std,300,60,0.4288
in100.mae.s0.ext,student.h.gap,std,300,61,0.4264
in100.mae.s0.ext,student.h.gap,std,300,62,0.4256
in100.mae.s0.ext,student.h.gap,std,300,63,0.426
in100.mae.s0.ext,student.h.gap,std,300,64,0.4276
in100.mae.s0.ext,student.h.gap,std,300,65,0.4276
in100.mae.s0.ext,student.h.gap,std,300,66,0.4252
in100.mae.s0.ext,student.h.gap,std,300,67,0.4292
in100.mae.s0.ext,student.h.gap,std,300,68,0.4262
in100.mae.s0.ext,student.h.gap,std,300,69,0.4248
in100.mae.s0.ext,student.h.gap,std,300,70,0.4254
in100.mae.s0.ext,student.h.gap,std,300,71,0.4274
in100.mae.s0.ext,student.h.gap,std,300,72,0.425
in100.mae.s0.ext,student.h.gap,std,300,73,0.4242
in100.mae.s0.ext,student.h.gap,std,300,74,0.423
in100.mae.s0.ext,student.h.gap,std,300,75,0.4278
in100.mae.s0.ext,student.h.gap,std,300,76,0.4264
in100.mae.s0.ext,student.h.gap,std,300,77,0.4298
in100.mae.s0.ext,student.h.gap,std,300,78,0.4262
in100.mae.s0.ext,student.h.gap,std,300,79,0.429
in100.mae.s0.ext,student.h.gap,std,300,80,0.4276
in100.mae.s0.ext,student.h.gap,std,300,81,0.4256
in100.mae.s0.ext,student.h.gap,std,300,82,0.426
in100.mae.s0.ext,student.h.gap,std,300,83,0.4304
in100.mae.s0.ext,student.h.gap,std,300,84,0.4232
in100.mae.s0.ext,student.h.gap,std,300,85,0.4228
in100.mae.s0.ext,student.h.gap,std,300,86,0.4316
in100.mae.s0.ext,student.h.gap,std,300,87,0.4268
in100.mae.s0.ext,student.h.gap,std,300,88,0.4266
in100.mae.s0.ext,student.h.gap,std,300,89,0.4288
in100.mae.s0.ext,student.h.gap,std,300,90,0.428
in100.mae.s0.ext,student.h.gap,std,300,91,0.4328
in100.mae.s0.ext,student.h.gap,std,300,92,0.4288
in100.mae.s0.ext,student.h.gap,std,300,93,0.426
in100.mae.s0.ext,student.h.gap,std,300,94,0.4256
in100.mae.s0.ext,student.h.gap,std,300,95,0.4258
in100.mae.s0.ext,student.h.gap,std,300,96,0.4282
in100.mae.s0.ext,student.h.gap,std,300,97,0.4248
in100.mae.s0.ext,student.h.gap,std,300,98,0.4286
in100.mae.s0.ext,student.h.gap,std,300,99,0.4256
in100.mae.s0.ext,student.h.gap,std,300,100,0.4296
in100.mae.s0.ext,student.h.gap,std,300,101,0.4292
in100.mae.s0.ext,student.h.gap,std,300,102,0.427
in100.mae.s0.ext,student.h.gap,std,300,103,0.4254
in100.mae.s0.ext,student.h.gap,std,300,104,0.4302
in100.mae.s0.ext,student.h.gap,std,300,105,0.4266
in100.mae.s0.ext,student.h.gap,std,300,106,0.4232
in100.mae.s0.ext,student.h.gap,std,300,107,0.4242
in100.mae.s0.ext,student.h.gap,std,300,108,0.4268
in100.mae.s0.ext,student.h.gap,std,300,109,0.4242
in100.mae.s0.ext,student.h.gap,std,300,110,0.424
in100.mae.s0.ext,student.h.gap,std,300,111,0.4242
in100.mae.s0.ext,student.h.gap,std,300,112,0.4206
in100.mae.s0.ext,student.h.gap,std,300,113,0.4252
in100.mae.s0.ext,student.h.gap,std,300,114,0.4222
in100.mae.s0.ext,student.h.gap,std,300,115,0.4264
in100.mae.s0.ext,student.h.gap,std,300,116,0.428
in100.mae.s0.ext,student.h.gap,std,300,117,0.4272
in100.mae.s0.ext,student.h.gap,std,300,118,0.428
in100.mae.s0.ext,student.h.gap,std,300,119,0.4248
in100.mae.s0.ext,student.h.gap,std,300,120,0.4296
in100.mae.s0.ext,student.h.gap,std,300,121,0.4242
in100.mae.s0.ext,student.h.gap,std,300,122,0.425
in100.mae.s0.ext,student.h.gap,std,300,123,0.4226
in100.mae.s0.ext,student.h.gap,std,300,124,0.4246
in100.mae.s0.ext,student.h.gap,std,300,125,0.4268
in100.mae.s0.ext,student.h.gap,std,300,126,0.4256
in100.mae.s0.ext,student.h.gap,std,300,127,0.4264
in100.mae.s0.ext,student.h.gap,std,300,128,0.4212
in100.mae.s0.ext,student.h.gap,std,300,129,0.4262
in100.mae.s0.ext,student.h.gap,std,300,130,0.4278
in100.mae.s0.ext,student.h.gap,std,300,131,0.425
in100.mae.s0.ext,student.h.gap,std,300,132,0.4302
in100.mae.s0.ext,student.h.gap,std,300,133,0.4248
in100.mae.s0.ext,student.h.gap,std,300,134,0.4256
in100.mae.s0.ext,student.h.gap,std,300,135,0.4286
in100.mae.s0.ext,student.h.gap,std,300,136,0.4232
in100.mae.s0.ext,student.h.gap,std,300,137,0.4256
in100.mae.s0.ext,student.h.gap,std,300,138,0.427
in100.mae.s0.ext,student.h.gap,std,300,139,0.4254
in100.mae.s0.ext,student.h.gap,std,300,140,0.4246
in100.mae.s0.ext,student.h.gap,std,300,141,0.4234
in100.mae.s0.ext,student.h.gap,std,300,142,0.4272
in100.mae.s0.ext,student.h.gap,std,300,143,0.4256
in100.mae.s0.ext,student.h.gap,std,300,144,0.4276
in100.mae.s0.ext,student.h.gap,std,300,145,0.4278
in100.mae.s0.ext,student.h.gap,std,300,146,0.4248
in100.mae.s0.ext,student.h.gap,std,300,147,0.4276
in100.mae.s0.ext,student.h.gap,std,300,148,0.4252
in100.mae.s0.ext,student.h.gap,std,300,149,0.427
in100.mae.s0.ext,student.h.gap,std,300,150,0.4244
in100.mae.s0.ext,student.h.gap,std,300,151,0.4278
in100.mae.s0.ext,student.h.gap,std,300,152,0.4224
in100.mae.s0.ext,student.h.gap,std,300,153,0.4246
in100.mae.s0.ext,student.h.gap,std,300,154,0.4248
in100.mae.s0.ext,student.h.gap,std,300,155,0.4224
in100.mae.s0.ext,student.h.gap,std,300,156,0.4234
in100.mae.s0.ext,student.h.gap,std,300,157,0.4284
in100.mae.s0.ext,student.h.gap,std,300,158,0.4248
in100.mae.s0.ext,student.h.gap,std,300,159,0.4262
in100.mae.s0.ext,student.h.gap,std,300,160,0.4268
in100.mae.s0.ext,student.h.gap,std,300,161,0.4226
in100.mae.s0.ext,student.h.gap,std,300,162,0.4254
in100.mae.s0.ext,student.h.gap,std,300,163,0.4242
in100.mae.s0.ext,student.h.gap,std,300,164,0.4226
in100.mae.s0.ext,student.h.gap,std,300,165,0.4288
in100.mae.s0.ext,student.h.gap,std,300,166,0.4216
in100.mae.s0.ext,student.h.gap,std,300,167,0.4288
in100.mae.s0.ext,student.h.gap,std,300,168,0.4268
in100.mae.s0.ext,student.h.gap,std,300,169,0.4268
in100.mae.s0.ext,student.h.gap,std,300,170,0.4244
in100.mae.s0.ext,student.h.gap,std,300,171,0.4268
in100.mae.s0.ext,student.h.gap,std,300,172,0.4248
in100.mae.s0.ext,student.h.gap,std,300,173,0.4254
in100.mae.s0.ext,student.h.gap,std,300,174,0.4256
in100.mae.s0.ext,student.h.gap,std,300,175,0.4258
in100.mae.s0.ext,student.h.gap,std,300,176,0.4254
in100.mae.s0.ext,student.h.gap,std,300,177,0.4228
in100.mae.s0.ext,student.h.gap,std,300,178,0.4218
in100.mae.s0.ext,student.h.gap,std,300,179,0.4274
in100.mae.s0.ext,student.h.gap,std,300,180,0.4248
in100.mae.s0.ext,student.h.gap,std,300,181,0.4254
in100.mae.s0.ext,student.h.gap,std,300,182,0.4302
in100.mae.s0.ext,student.h.gap,std,300,183,0.4278
in100.mae.s0.ext,student.h.gap,std,300,184,0.4262
in100.mae.s0.ext,student.h.gap,std,300,185,0.427
in100.mae.s0.ext,student.h.gap,std,300,186,0.4262
in100.mae.s0.ext,student.h.gap,std,300,187,0.4248
in100.mae.s0.ext,student.h.gap,std,300,188,0.4266
in100.mae.s0.ext,student.h.gap,std,300,189,0.418
in100.mae.s0.ext,student.h.gap,std,300,190,0.4248
in100.mae.s0.ext,student.h.gap,std,300,191,0.4242
in100.mae.s0.ext,student.h.gap,std,300,192,0.4238
in100.mae.s0.ext,student.h.gap,std,300,193,0.4264
in100.mae.s0.ext,student.h.gap,std,300,194,0.4254
in100.mae.s0.ext,student.h.gap,std,300,195,0.4274
in100.mae.s0.ext,student.h.gap,std,300,196,0.4276
in100.mae.s0.ext,student.h.gap,std,300,197,0.425
in100.mae.s0.ext,student.h.gap,std,300,198,0.4276
in100.mae.s0.ext,student.h.gap,std,300,199,0.4278
in100.mae.s0.ext,student.h.gap,std,300,200,0.428
in100.mae.s0.ext,student.h.gap,std,300,201,0.4244
in100.mae.s0.ext,student.h.gap,std,300,202,0.419
in100.mae.s0.ext,student.h.gap,std,300,203,0.4234
in100.mae.s0.ext,student.h.gap,std,300,204,0.4286
in100.mae.s0.ext,student.h.gap,std,300,205,0.4246
in100.mae.s0.ext,student.h.gap,std,300,206,0.4252
in100.mae.s0.ext,student.h.gap,std,300,207,0.4232
in100.mae.s0.ext,student.h.gap,std,300,208,0.4274
in100.mae.s0.ext,student.h.gap,std,300,209,0.4204
in100.mae.s0.ext,student.h.gap,std,300,210,0.4278
in100.mae.s0.ext,student.h.gap,std,300,211,0.4276
in100.mae.s0.ext,student.h.gap,std,300,212,0.4236
in100.mae.s0.ext,student.h.gap,std,300,213,0.4262
in100.mae.s0.ext,student.h.gap,std,300,214,0.42
in100.mae.s0.ext,student.h.gap,std,300,215,0.422
in100.mae.s0.ext,student.h.gap,std,300,216,0.4238
in100.mae.s0.ext,student.h.gap,std,300,217,0.425
in100.mae.s0.ext,student.h.gap,std,300,218,0.4264
in100.mae.s0.ext,student.h.gap,std,300,219,0.4242
in100.mae.s0.ext,student.h.gap,std,300,220,0.4258
in100.mae.s0.ext,student.h.gap,std,300,221,0.4302
in100.mae.s0.ext,student.h.gap,std,300,222,0.4264
in100.mae.s0.ext,student.h.gap,std,300,223,0.426
in100.mae.s0.ext,student.h.gap,std,300,224,0.424
in100.mae.s0.ext,student.h.gap,std,300,225,0.4238
in100.mae.s0.ext,student.h.gap,std,300,226,0.4244
in100.mae.s0.ext,student.h.gap,std,300,227,0.4208
in100.mae.s0.ext,student.h.gap,std,300,228,0.4256
in100.mae.s0.ext,student.h.gap,std,300,229,0.4248
in100.mae.s0.ext,student.h.gap,std,300,230,0.4248
in100.mae.s0.ext,student.h.gap,std,300,231,0.4228
in100.mae.s0.ext,student.h.gap,std,300,232,0.427
in100.mae.s0.ext,student.h.gap,std,300,233,0.4274
in100.mae.s0.ext,student.h.gap,std,300,234,0.4228
in100.mae.s0.ext,student.h.gap,std,300,235,0.4248
in100.mae.s0.ext,student.h.gap,std,300,236,0.419
in100.mae.s0.ext,student.h.gap,std,300,237,0.426
in100.mae.s0.ext,student.h.gap,std,300,238,0.4204
in100.mae.s0.ext,student.h.gap,std,300,239,0.424
in100.mae.s0.ext,student.h.gap,std,300,240,0.423
in100.mae.s0.ext,student.h.gap,std,300,241,0.4226
in100.mae.s0.ext,student.h.gap,std,300,242,0.4224
in100.mae.s0.ext,student.h.gap,std,300,243,0.4236
in100.mae.s0.ext,student.h.gap,std,300,244,0.4224
in100.mae.s0.ext,student.h.gap,std,300,245,0.4256
in100.mae.s0.ext,student.h.gap,std,300,246,0.4244
in100.mae.s0.ext,student.h.gap,std,300,247,0.4238
in100.mae.s0.ext,student.h.gap,std,300,248,0.4232
in100.mae.s0.ext,student.h.gap,std,300,249,0.427
in100.mae.s0.ext,student.h.gap,std,300,250,0.4232
in100.mae.s0.ext,student.h.gap,std,300,251,0.4244
in100.mae.s0.ext,student.h.gap,std,300,252,0.4262
in100.mae.s0.ext,student.h.gap,std,300,253,0.4252
in100.mae.s0.ext,student.h.gap,std,300,254,0.427
in100.mae.s0.ext,student.h.gap,std,300,255,0.4214
in100.mae.s0.ext,student.h.gap,std,300,256,0.4262
in100.mae.s0.ext,student.h.gap,std,300,257,0.425
in100.mae.s0.ext,student.h.gap,std,300,258,0.4272
in100.mae.s0.ext,student.h.gap,std,300,259,0.4234
in100.mae.s0.ext,student.h.gap,std,300,260,0.4224
in100.mae.s0.ext,student.h.gap,std,300,261,0.427
in100.mae.s0.ext,student.h.gap,std,300,262,0.4254
in100.mae.s0.ext,student.h.gap,std,300,263,0.4234
in100.mae.s0.ext,student.h.gap,std,300,264,0.4248
in100.mae.s0.ext,student.h.gap,std,300,265,0.4234
in100.mae.s0.ext,student.h.gap,std,300,266,0.4242
in100.mae.s0.ext,student.h.gap,std,300,267,0.4204
in100.mae.s0.ext,student.h.gap,std,300,268,0.4262
in100.mae.s0.ext,student.h.gap,std,300,269,0.4264
in100.mae.s0.ext,student.h.gap,std,300,270,0.424
in100.mae.s0.ext,student.h.gap,std,300,271,0.4218
in100.mae.s0.ext,student.h.gap,std,300,272,0.4254
in100.mae.s0.ext,student.h.gap,std,300,273,0.4202
in100.mae.s0.ext,student.h.gap,std,300,274,0.4278
in100.mae.s0.ext,student.h.gap,std,300,275,0.4226
in100.mae.s0.ext,student.h.gap,std,300,276,0.4232
in100.mae.s0.ext,student.h.gap,std,300,277,0.4242
in100.mae.s0.ext,student.h.gap,std,300,278,0.4206
in100.mae.s0.ext,student.h.gap,std,300,279,0.425
in100.mae.s0.ext,student.h.gap,std,300,280,0.4244
in100.mae.s0.ext,student.h.gap,std,300,281,0.4294
in100.mae.s0.ext,student.h.gap,std,300,282,0.4216
in100.mae.s0.ext,student.h.gap,std,300,283,0.4236
in100.mae.s0.ext,student.h.gap,std,300,284,0.4238
in100.mae.s0.ext,student.h.gap,std,300,285,0.4274
in100.mae.s0.ext,student.h.gap,std,300,286,0.423
in100.mae.s0.ext,student.h.gap,std,300,287,0.4216
in100.mae.s0.ext,student.h.gap,std,300,288,0.4266
in100.mae.s0.ext,student.h.gap,std,300,289,0.421
in100.mae.s0.ext,student.h.gap,std,300,290,0.4204
in100.mae.s0.ext,student.h.gap,std,300,291,0.4264
in100.mae.s0.ext,student.h.gap,std,300,292,0.4172
in100.mae.s0.ext,student.h.gap,std,300,293,0.4256
in100.mae.s0.ext,student.h.gap,std,300,294,0.424
in100.mae.s0.ext,student.h.gap,std,300,295,0.4218
in100.mae.s0.ext,student.h.gap,std,300,296,0.4244
in100.mae.s0.ext,student.h.gap,std,300,297,0.4268
in100.mae.s0.ext,student.h.gap,std,300,298,0.424
in100.mae.s0.ext,student.h.gap,std,300,299,0.421
in100.mae.s0.ext,student.h.gap,bn,30,0,0.3328
in100.mae.s0.ext,student.h.gap,bn,30,1,0.3572
in100.mae.s0.ext,student.h.gap,bn,30,2,0.372
in100.mae.s0.ext,student.h.gap,bn,30,3,0.387
in100.mae.s0.ext,student.h.gap,bn,30,4,0.384
in100.mae.s0.ext,student.h.gap,bn,30,5,0.3902
in100.mae.s0.ext,student.h.gap,bn,30,6,0.3976
in100.mae.s0.ext,student.h.gap,bn,30,7,0.397
in100.mae.s0.ext,student.h.gap,bn,30,8,0.4052
in100.mae.s0.ext,student.h.gap,bn,30,9,0.4006
in100.mae.s0.ext,student.h.gap,bn,30,10,0.4048
in100.mae.s0.ext,student.h.gap,bn,30,11,0.4042
in100.mae.s0.ext,student.h.gap,bn,30,12,0.4052
in100.mae.s0.ext,student.h.gap,bn,30,13,0.4064
in100.mae.s0.ext,student.h.gap,bn,30,14,0.4138
in100.mae.s0.ext,student.h.gap,bn,30,15,0.411
in100.mae.s0.ext,student.h.gap,bn,30,16,0.415
in100.mae.s0.ext,student.h.gap,bn,30,17,0.4172
in100.mae.s0.ext,student.h.gap,bn,30,18,0.4176
in100.mae.s0.ext,student.h.gap,bn,30,19,0.4146
in100.mae.s0.ext,student.h.gap,bn,30,20,0.4188
in100.mae.s0.ext,student.h.gap,bn,30,21,0.418
in100.mae.s0.ext,student.h.gap,bn,30,22,0.4196
in100.mae.s0.ext,student.h.gap,bn,30,23,0.4154
in100.mae.s0.ext,student.h.gap,bn,30,24,0.4146
in100.mae.s0.ext,student.h.gap,bn,30,25,0.4194
in100.mae.s0.ext,student.h.gap,bn,30,26,0.416
in100.mae.s0.ext,student.h.gap,bn,30,27,0.4178
in100.mae.s0.ext,student.h.gap,bn,30,28,0.419
in100.mae.s0.ext,student.h.gap,bn,30,29,0.418
in100.mae.s0.ext,student.h.gap,house,30,0,0.2948
in100.mae.s0.ext,student.h.gap,house,30,1,0.334
in100.mae.s0.ext,student.h.gap,house,30,2,0.3572
in100.mae.s0.ext,student.h.gap,house,30,3,0.369
in100.mae.s0.ext,student.h.gap,house,30,4,0.3714
in100.mae.s0.ext,student.h.gap,house,30,5,0.3774
in100.mae.s0.ext,student.h.gap,house,30,6,0.3826
in100.mae.s0.ext,student.h.gap,house,30,7,0.3872
in100.mae.s0.ext,student.h.gap,house,30,8,0.3928
in100.mae.s0.ext,student.h.gap,house,30,9,0.3998
in100.mae.s0.ext,student.h.gap,house,30,10,0.397
in100.mae.s0.ext,student.h.gap,house,30,11,0.397
in100.mae.s0.ext,student.h.gap,house,30,12,0.4024
in100.mae.s0.ext,student.h.gap,house,30,13,0.402
in100.mae.s0.ext,student.h.gap,house,30,14,0.4058
in100.mae.s0.ext,student.h.gap,house,30,15,0.4062
in100.mae.s0.ext,student.h.gap,house,30,16,0.4062
in100.mae.s0.ext,student.h.gap,house,30,17,0.4106
in100.mae.s0.ext,student.h.gap,house,30,18,0.4094
in100.mae.s0.ext,student.h.gap,house,30,19,0.4138
in100.mae.s0.ext,student.h.gap,house,30,20,0.4068
in100.mae.s0.ext,student.h.gap,house,30,21,0.4172
in100.mae.s0.ext,student.h.gap,house,30,22,0.4152
in100.mae.s0.ext,student.h.gap,house,30,23,0.4144
in100.mae.s0.ext,student.h.gap,house,30,24,0.413
in100.mae.s0.ext,student.h.gap,house,30,25,0.4164
in100.mae.s0.ext,student.h.gap,house,30,26,0.4196
in100.mae.s0.ext,student.h.gap,house,30,27,0.4174
in100.mae.s0.ext,student.h.gap,house,30,28,0.4202
in100.mae.s0.ext,student.h.gap,house,30,29,0.4212
in100.mae.s0.ext,student.h.gap,house,300,0,0.2948
in100.mae.s0.ext,student.h.gap,house,300,1,0.334
in100.mae.s0.ext,student.h.gap,house,300,2,0.3572
in100.mae.s0.ext,student.h.gap,house,300,3,0.369
in100.mae.s0.ext,student.h.gap,house,300,4,0.3714
in100.mae.s0.ext,student.h.gap,house,300,5,0.3774
in100.mae.s0.ext,student.h.gap,house,300,6,0.3826
in100.mae.s0.ext,student.h.gap,house,300,7,0.3872
in100.mae.s0.ext,student.h.gap,house,300,8,0.3928
in100.mae.s0.ext,student.h.gap,house,300,9,0.3998
in100.mae.s0.ext,student.h.gap,house,300,10,0.397
in100.mae.s0.ext,student.h.gap,house,300,11,0.397
in100.mae.s0.ext,student.h.gap,house,300,12,0.4024
in100.mae.s0.ext,student.h.gap,house,300,13,0.402
in100.mae.s0.ext,student.h.gap,house,300,14,0.4058
in100.mae.s0.ext,student.h.gap,house,300,15,0.4062
in100.mae.s0.ext,student.h.gap,house,300,16,0.4062
in100.mae.s0.ext,student.h.gap,house,300,17,0.4106
in100.mae.s0.ext,student.h.gap,house,300,18,0.4094
in100.mae.s0.ext,student.h.gap,house,300,19,0.4138
in100.mae.s0.ext,student.h.gap,house,300,20,0.4068
in100.mae.s0.ext,student.h.gap,house,300,21,0.4172
in100.mae.s0.ext,student.h.gap,house,300,22,0.4152
in100.mae.s0.ext,student.h.gap,house,300,23,0.4144
in100.mae.s0.ext,student.h.gap,house,300,24,0.413
in100.mae.s0.ext,student.h.gap,house,300,25,0.4164
in100.mae.s0.ext,student.h.gap,house,300,26,0.4196
in100.mae.s0.ext,student.h.gap,house,300,27,0.4174
in100.mae.s0.ext,student.h.gap,house,300,28,0.4202
in100.mae.s0.ext,student.h.gap,house,300,29,0.4212
in100.mae.s0.ext,student.h.gap,house,300,30,0.4236
in100.mae.s0.ext,student.h.gap,house,300,31,0.4186
in100.mae.s0.ext,student.h.gap,house,300,32,0.4188
in100.mae.s0.ext,student.h.gap,house,300,33,0.4202
in100.mae.s0.ext,student.h.gap,house,300,34,0.419
in100.mae.s0.ext,student.h.gap,house,300,35,0.422
in100.mae.s0.ext,student.h.gap,house,300,36,0.4246
in100.mae.s0.ext,student.h.gap,house,300,37,0.4256
in100.mae.s0.ext,student.h.gap,house,300,38,0.4258
in100.mae.s0.ext,student.h.gap,house,300,39,0.4194
in100.mae.s0.ext,student.h.gap,house,300,40,0.4228
in100.mae.s0.ext,student.h.gap,house,300,41,0.4206
in100.mae.s0.ext,student.h.gap,house,300,42,0.4206
in100.mae.s0.ext,student.h.gap,house,300,43,0.4244
in100.mae.s0.ext,student.h.gap,house,300,44,0.421
in100.mae.s0.ext,student.h.gap,house,300,45,0.4206
in100.mae.s0.ext,student.h.gap,house,300,46,0.4262
in100.mae.s0.ext,student.h.gap,house,300,47,0.4198
in100.mae.s0.ext,student.h.gap,house,300,48,0.4264
in100.mae.s0.ext,student.h.gap,house,300,49,0.426
in100.mae.s0.ext,student.h.gap,house,300,50,0.4214
in100.mae.s0.ext,student.h.gap,house,300,51,0.421
in100.mae.s0.ext,student.h.gap,house,300,52,0.4242
in100.mae.s0.ext,student.h.gap,house,300,53,0.4258
in100.mae.s0.ext,student.h.gap,house,300,54,0.4236
in100.mae.s0.ext,student.h.gap,house,300,55,0.43
in100.mae.s0.ext,student.h.gap,house,300,56,0.4282
in100.mae.s0.ext,student.h.gap,house,300,57,0.4216
in100.mae.s0.ext,student.h.gap,house,300,58,0.4228
in100.mae.s0.ext,student.h.gap,house,300,59,0.4224
in100.mae.s0.ext,student.h.gap,house,300,60,0.4268
in100.mae.s0.ext,student.h.gap,house,300,61,0.4268
in100.mae.s0.ext,student.h.gap,house,300,62,0.427
in100.mae.s0.ext,student.h.gap,house,300,63,0.4306
in100.mae.s0.ext,student.h.gap,house,300,64,0.4274
in100.mae.s0.ext,student.h.gap,house,300,65,0.425
in100.mae.s0.ext,student.h.gap,house,300,66,0.4252
in100.mae.s0.ext,student.h.gap,house,300,67,0.4288
in100.mae.s0.ext,student.h.gap,house,300,68,0.4246
in100.mae.s0.ext,student.h.gap,house,300,69,0.4248
in100.mae.s0.ext,student.h.gap,house,300,70,0.422
in100.mae.s0.ext,student.h.gap,house,300,71,0.4256
in100.mae.s0.ext,student.h.gap,house,300,72,0.4222
in100.mae.s0.ext,student.h.gap,house,300,73,0.42
in100.mae.s0.ext,student.h.gap,house,300,74,0.4234
in100.mae.s0.ext,student.h.gap,house,300,75,0.4268
in100.mae.s0.ext,student.h.gap,house,300,76,0.4248
in100.mae.s0.ext,student.h.gap,house,300,77,0.428
in100.mae.s0.ext,student.h.gap,house,300,78,0.4256
in100.mae.s0.ext,student.h.gap,house,300,79,0.4254
in100.mae.s0.ext,student.h.gap,house,300,80,0.424
in100.mae.s0.ext,student.h.gap,house,300,81,0.4258
in100.mae.s0.ext,student.h.gap,house,300,82,0.4208
in100.mae.s0.ext,student.h.gap,house,300,83,0.4288
in100.mae.s0.ext,student.h.gap,house,300,84,0.424
in100.mae.s0.ext,student.h.gap,house,300,85,0.4218
in100.mae.s0.ext,student.h.gap,house,300,86,0.43
in100.mae.s0.ext,student.h.gap,house,300,87,0.4264
in100.mae.s0.ext,student.h.gap,house,300,88,0.4256
in100.mae.s0.ext,student.h.gap,house,300,89,0.4256
in100.mae.s0.ext,student.h.gap,house,300,90,0.427
in100.mae.s0.ext,student.h.gap,house,300,91,0.4278
in100.mae.s0.ext,student.h.gap,house,300,92,0.4238
in100.mae.s0.ext,student.h.gap,house,300,93,0.4222
in100.mae.s0.ext,student.h.gap,house,300,94,0.4226
in100.mae.s0.ext,student.h.gap,house,300,95,0.4232
in100.mae.s0.ext,student.h.gap,house,300,96,0.4276
in100.mae.s0.ext,student.h.gap,house,300,97,0.4236
in100.mae.s0.ext,student.h.gap,house,300,98,0.4222
in100.mae.s0.ext,student.h.gap,house,300,99,0.4214
in100.mae.s0.ext,student.h.gap,house,300,100,0.4284
in100.mae.s0.ext,student.h.gap,house,300,101,0.4276
in100.mae.s0.ext,student.h.gap,house,300,102,0.4252
in100.mae.s0.ext,student.h.gap,house,300,103,0.4262
in100.mae.s0.ext,student.h.gap,house,300,104,0.426
in100.mae.s0.ext,student.h.gap,house,300,105,0.425
in100.mae.s0.ext,student.h.gap,house,300,106,0.4202
in100.mae.s0.ext,student.h.gap,house,300,107,0.4224
in100.mae.s0.ext,student.h.gap,house,300,108,0.4244
in100.mae.s0.ext,student.h.gap,house,300,109,0.424
in100.mae.s0.ext,student.h.gap,house,300,110,0.4206
in100.mae.s0.ext,student.h.gap,house,300,111,0.4228
in100.mae.s0.ext,student.h.gap,house,300,112,0.4174
in100.mae.s0.ext,student.h.gap,house,300,113,0.426
in100.mae.s0.ext,student.h.gap,house,300,114,0.4238
in100.mae.s0.ext,student.h.gap,house,300,115,0.421
in100.mae.s0.ext,student.h.gap,house,300,116,0.4228
in100.mae.s0.ext,student.h.gap,house,300,117,0.4232
in100.mae.s0.ext,student.h.gap,house,300,118,0.4248
in100.mae.s0.ext,student.h.gap,house,300,119,0.4266
in100.mae.s0.ext,student.h.gap,house,300,120,0.4226
in100.mae.s0.ext,student.h.gap,house,300,121,0.4212
in100.mae.s0.ext,student.h.gap,house,300,122,0.423
in100.mae.s0.ext,student.h.gap,house,300,123,0.4234
in100.mae.s0.ext,student.h.gap,house,300,124,0.4236
in100.mae.s0.ext,student.h.gap,house,300,125,0.4214
in100.mae.s0.ext,student.h.gap,house,300,126,0.425
in100.mae.s0.ext,student.h.gap,house,300,127,0.426
in100.mae.s0.ext,student.h.gap,house,300,128,0.4244
in100.mae.s0.ext,student.h.gap,house,300,129,0.4258
in100.mae.s0.ext,student.h.gap,house,300,130,0.4248
in100.mae.s0.ext,student.h.gap,house,300,131,0.4216
in100.mae.s0.ext,student.h.gap,house,300,132,0.4204
in100.mae.s0.ext,student.h.gap,house,300,133,0.4224
in100.mae.s0.ext,student.h.gap,house,300,134,0.4232
in100.mae.s0.ext,student.h.gap,house,300,135,0.4278
in100.mae.s0.ext,student.h.gap,house,300,136,0.4226
in100.mae.s0.ext,student.h.gap,house,300,137,0.4212
in100.mae.s0.ext,student.h.gap,house,300,138,0.4212
in100.mae.s0.ext,student.h.gap,house,300,139,0.4224
in100.mae.s0.ext,student.h.gap,house,300,140,0.419
in100.mae.s0.ext,student.h.gap,house,300,141,0.4196
in100.mae.s0.ext,student.h.gap,house,300,142,0.425
in100.mae.s0.ext,student.h.gap,house,300,143,0.4232
in100.mae.s0.ext,student.h.gap,house,300,144,0.4268
in100.mae.s0.ext,student.h.gap,house,300,145,0.4268
in100.mae.s0.ext,student.h.gap,house,300,146,0.4218
in100.mae.s0.ext,student.h.gap,house,300,147,0.4202
in100.mae.s0.ext,student.h.gap,house,300,148,0.4232
in100.mae.s0.ext,student.h.gap,house,300,149,0.419
in100.mae.s0.ext,student.h.gap,house,300,150,0.4208
in100.mae.s0.ext,student.h.gap,house,300,151,0.4212
in100.mae.s0.ext,student.h.gap,house,300,152,0.4254
in100.mae.s0.ext,student.h.gap,house,300,153,0.4228
in100.mae.s0.ext,student.h.gap,house,300,154,0.4188
in100.mae.s0.ext,student.h.gap,house,300,155,0.4194
in100.mae.s0.ext,student.h.gap,house,300,156,0.4204
in100.mae.s0.ext,student.h.gap,house,300,157,0.4236
in100.mae.s0.ext,student.h.gap,house,300,158,0.4232
in100.mae.s0.ext,student.h.gap,house,300,159,0.4254
in100.mae.s0.ext,student.h.gap,house,300,160,0.4208
in100.mae.s0.ext,student.h.gap,house,300,161,0.419
in100.mae.s0.ext,student.h.gap,house,300,162,0.4242
in100.mae.s0.ext,student.h.gap,house,300,163,0.423
in100.mae.s0.ext,student.h.gap,house,300,164,0.4202
in100.mae.s0.ext,student.h.gap,house,300,165,0.4236
in100.mae.s0.ext,student.h.gap,house,300,166,0.421
in100.mae.s0.ext,student.h.gap,house,300,167,0.4234
in100.mae.s0.ext,student.h.gap,house,300,168,0.4246
in100.mae.s0.ext,student.h.gap,house,300,169,0.42
in100.mae.s0.ext,student.h.gap,house,300,170,0.4224
in100.mae.s0.ext,student.h.gap,house,300,171,0.4206
in100.mae.s0.ext,student.h.gap,house,300,172,0.4202
in100.mae.s0.ext,student.h.gap,house,300,173,0.4248
in100.mae.s0.ext,student.h.gap,house,300,174,0.42
in100.mae.s0.ext,student.h.gap,house,300,175,0.422
in100.mae.s0.ext,student.h.gap,house,300,176,0.4214
in100.mae.s0.ext,student.h.gap,house,300,177,0.42
in100.mae.s0.ext,student.h.gap,house,300,178,0.422
in100.mae.s0.ext,student.h.gap,house,300,179,0.4268
in100.mae.s0.ext,student.h.gap,house,300,180,0.4234
in100.mae.s0.ext,student.h.gap,house,300,181,0.4206
in100.mae.s0.ext,student.h.gap,house,300,182,0.425
in100.mae.s0.ext,student.h.gap,house,300,183,0.4244
in100.mae.s0.ext,student.h.gap,house,300,184,0.4232
in100.mae.s0.ext,student.h.gap,house,300,185,0.423
in100.mae.s0.ext,student.h.gap,house,300,186,0.4202
in100.mae.s0.ext,student.h.gap,house,300,187,0.4208
in100.mae.s0.ext,student.h.gap,house,300,188,0.4258
in100.mae.s0.ext,student.h.gap,house,300,189,0.4146
in100.mae.s0.ext,student.h.gap,house,300,190,0.4232
in100.mae.s0.ext,student.h.gap,house,300,191,0.419
in100.mae.s0.ext,student.h.gap,house,300,192,0.4208
in100.mae.s0.ext,student.h.gap,house,300,193,0.4222
in100.mae.s0.ext,student.h.gap,house,300,194,0.4216
in100.mae.s0.ext,student.h.gap,house,300,195,0.4218
in100.mae.s0.ext,student.h.gap,house,300,196,0.425
in100.mae.s0.ext,student.h.gap,house,300,197,0.4164
in100.mae.s0.ext,student.h.gap,house,300,198,0.4214
in100.mae.s0.ext,student.h.gap,house,300,199,0.4228
in100.mae.s0.ext,student.h.gap,house,300,200,0.4214
in100.mae.s0.ext,student.h.gap,house,300,201,0.4206
in100.mae.s0.ext,student.h.gap,house,300,202,0.417
in100.mae.s0.ext,student.h.gap,house,300,203,0.4202
in100.mae.s0.ext,student.h.gap,house,300,204,0.4258
in100.mae.s0.ext,student.h.gap,house,300,205,0.4206
in100.mae.s0.ext,student.h.gap,house,300,206,0.4232
in100.mae.s0.ext,student.h.gap,house,300,207,0.4174
in100.mae.s0.ext,student.h.gap,house,300,208,0.4192
in100.mae.s0.ext,student.h.gap,house,300,209,0.42
in100.mae.s0.ext,student.h.gap,house,300,210,0.4202
in100.mae.s0.ext,student.h.gap,house,300,211,0.4234
in100.mae.s0.ext,student.h.gap,house,300,212,0.4204
in100.mae.s0.ext,student.h.gap,house,300,213,0.4192
in100.mae.s0.ext,student.h.gap,house,300,214,0.4194
in100.mae.s0.ext,student.h.gap,house,300,215,0.4208
in100.mae.s0.ext,student.h.gap,house,300,216,0.4194
in100.mae.s0.ext,student.h.gap,house,300,217,0.4218
in100.mae.s0.ext,student.h.gap,house,300,218,0.4242
in100.mae.s0.ext,student.h.gap,house,300,219,0.4216
in100.mae.s0.ext,student.h.gap,house,300,220,0.4184
in100.mae.s0.ext,student.h.gap,house,300,221,0.4254
in100.mae.s0.ext,student.h.gap,house,300,222,0.42
in100.mae.s0.ext,student.h.gap,house,300,223,0.4204
in100.mae.s0.ext,student.h.gap,house,300,224,0.4212
in100.mae.s0.ext,student.h.gap,house,300,225,0.4196
in100.mae.s0.ext,student.h.gap,house,300,226,0.4216
in100.mae.s0.ext,student.h.gap,house,300,227,0.4164
in100.mae.s0.ext,student.h.gap,house,300,228,0.4224
in100.mae.s0.ext,student.h.gap,house,300,229,0.4226
in100.mae.s0.ext,student.h.gap,house,300,230,0.4216
in100.mae.s0.ext,student.h.gap,house,300,231,0.4204
in100.mae.s0.ext,student.h.gap,house,300,232,0.423
in100.mae.s0.ext,student.h.gap,house,300,233,0.4248
in100.mae.s0.ext,student.h.gap,house,300,234,0.4168
in100.mae.s0.ext,student.h.gap,house,300,235,0.421
in100.mae.s0.ext,student.h.gap,house,300,236,0.416
in100.mae.s0.ext,student.h.gap,house,300,237,0.4202
in100.mae.s0.ext,student.h.gap,house,300,238,0.4174
in100.mae.s0.ext,student.h.gap,house,300,239,0.4174
in100.mae.s0.ext,student.h.gap,house,300,240,0.4216
in100.mae.s0.ext,student.h.gap,house,300,241,0.4166
in100.mae.s0.ext,student.h.gap,house,300,242,0.4198
in100.mae.s0.ext,student.h.gap,house,300,243,0.419
in100.mae.s0.ext,student.h.gap,house,300,244,0.422
in100.mae.s0.ext,student.h.gap,house,300,245,0.4206
in100.mae.s0.ext,student.h.gap,house,300,246,0.4176
in100.mae.s0.ext,student.h.gap,house,300,247,0.4176
in100.mae.s0.ext,student.h.gap,house,300,248,0.4176
in100.mae.s0.ext,student.h.gap,house,300,249,0.4214
in100.mae.s0.ext,student.h.gap,house,300,250,0.4228
in100.mae.s0.ext,student.h.gap,house,300,251,0.4186
in100.mae.s0.ext,student.h.gap,house,300,252,0.4204
in100.mae.s0.ext,student.h.gap,house,300,253,0.4228
in100.mae.s0.ext,student.h.gap,house,300,254,0.4234
in100.mae.s0.ext,student.h.gap,house,300,255,0.4188
in100.mae.s0.ext,student.h.gap,house,300,256,0.4204
in100.mae.s0.ext,student.h.gap,house,300,257,0.42
in100.mae.s0.ext,student.h.gap,house,300,258,0.4216
in100.mae.s0.ext,student.h.gap,house,300,259,0.4208
in100.mae.s0.ext,student.h.gap,house,300,260,0.4194
in100.mae.s0.ext,student.h.gap,house,300,261,0.4214
in100.mae.s0.ext,student.h.gap,house,300,262,0.418
in100.mae.s0.ext,student.h.gap,house,300,263,0.4196
in100.mae.s0.ext,student.h.gap,house,300,264,0.4204
in100.mae.s0.ext,student.h.gap,house,300,265,0.4222
in100.mae.s0.ext,student.h.gap,house,300,266,0.4182
in100.mae.s0.ext,student.h.gap,house,300,267,0.4178
in100.mae.s0.ext,student.h.gap,house,300,268,0.417
in100.mae.s0.ext,student.h.gap,house,300,269,0.4204
in100.mae.s0.ext,student.h.gap,house,300,270,0.4166
in100.mae.s0.ext,student.h.gap,house,300,271,0.4194
in100.mae.s0.ext,student.h.gap,house,300,272,0.4214
in100.mae.s0.ext,student.h.gap,house,300,273,0.4184
in100.mae.s0.ext,student.h.gap,house,300,274,0.4222
in100.mae.s0.ext,student.h.gap,house,300,275,0.4194
in100.mae.s0.ext,student.h.gap,house,300,276,0.4202
in100.mae.s0.ext,student.h.gap,house,300,277,0.421
in100.mae.s0.ext,student.h.gap,house,300,278,0.4178
in100.mae.s0.ext,student.h.gap,house,300,279,0.424
in100.mae.s0.ext,student.h.gap,house,300,280,0.4188
in100.mae.s0.ext,student.h.gap,house,300,281,0.4196
in100.mae.s0.ext,student.h.gap,house,300,282,0.4154
in100.mae.s0.ext,student.h.gap,house,300,283,0.4212
in100.mae.s0.ext,student.h.gap,house,300,284,0.4196
in100.mae.s0.ext,student.h.gap,house,300,285,0.4276
in100.mae.s0.ext,student.h.gap,house,300,286,0.4194
in100.mae.s0.ext,student.h.gap,house,300,287,0.4128
in100.mae.s0.ext,student.h.gap,house,300,288,0.4208
in100.mae.s0.ext,student.h.gap,house,300,289,0.4182
in100.mae.s0.ext,student.h.gap,house,300,290,0.4194
in100.mae.s0.ext,student.h.gap,house,300,291,0.4186
in100.mae.s0.ext,student.h.gap,house,300,292,0.4162
in100.mae.s0.ext,student.h.gap,house,300,293,0.422
in100.mae.s0.ext,student.h.gap,house,300,294,0.4174
in100.mae.s0.ext,student.h.gap,house,300,295,0.417
in100.mae.s0.ext,student.h.gap,house,300,296,0.4166
in100.mae.s0.ext,student.h.gap,house,300,297,0.4184
in100.mae.s0.ext,student.h.gap,house,300,298,0.42
in100.mae.s0.ext,student.h.gap,house,300,299,0.4144
in100.dino.s0.ext,teacher.h.cls,raw,30,0,0.5862
in100.dino.s0.ext,teacher.h.cls,raw,30,1,0.6268
in100.dino.s0.ext,teacher.h.cls,raw,30,2,0.6428
in100.dino.s0.ext,teacher.h.cls,raw,30,3,0.6506
in100.dino.s0.ext,teacher.h.cls,raw,30,4,0.6548
in100.dino.s0.ext,teacher.h.cls,raw,30,5,0.6596
in100.dino.s0.ext,teacher.h.cls,raw,30,6,0.6652
in100.dino.s0.ext,teacher.h.cls,raw,30,7,0.6714
in100.dino.s0.ext,teacher.h.cls,raw,30,8,0.6716
in100.dino.s0.ext,teacher.h.cls,raw,30,9,0.6734
in100.dino.s0.ext,teacher.h.cls,raw,30,10,0.6734
in100.dino.s0.ext,teacher.h.cls,raw,30,11,0.6812
in100.dino.s0.ext,teacher.h.cls,raw,30,12,0.6764
in100.dino.s0.ext,teacher.h.cls,raw,30,13,0.6818
in100.dino.s0.ext,teacher.h.cls,raw,30,14,0.6782
in100.dino.s0.ext,teacher.h.cls,raw,30,15,0.6816
in100.dino.s0.ext,teacher.h.cls,raw,30,16,0.683
in100.dino.s0.ext,teacher.h.cls,raw,30,17,0.6818
in100.dino.s0.ext,teacher.h.cls,raw,30,18,0.683
in100.dino.s0.ext,teacher.h.cls,raw,30,19,0.6852
in100.dino.s0.ext,teacher.h.cls,raw,30,20,0.6824
in100.dino.s0.ext,teacher.h.cls,raw,30,21,0.6852
in100.dino.s0.ext,teacher.h.cls,raw,30,22,0.6838
in100.dino.s0.ext,teacher.h.cls,raw,30,23,0.6806
in100.dino.s0.ext,teacher.h.cls,raw,30,24,0.6822
in100.dino.s0.ext,teacher.h.cls,raw,30,25,0.6846
in100.dino.s0.ext,teacher.h.cls,raw,30,26,0.6818
in100.dino.s0.ext,teacher.h.cls,raw,30,27,0.6834
in100.dino.s0.ext,teacher.h.cls,raw,30,28,0.6816
in100.dino.s0.ext,teacher.h.cls,raw,30,29,0.6834
in100.dino.s0.ext,teacher.h.cls,raw,300,0,0.5862
in100.dino.s0.ext,teacher.h.cls,raw,300,1,0.6268
in100.dino.s0.ext,teacher.h.cls,raw,300,2,0.6428
in100.dino.s0.ext,teacher.h.cls,raw,300,3,0.6506
in100.dino.s0.ext,teacher.h.cls,raw,300,4,0.6548
in100.dino.s0.ext,teacher.h.cls,raw,300,5,0.6596
in100.dino.s0.ext,teacher.h.cls,raw,300,6,0.6652
in100.dino.s0.ext,teacher.h.cls,raw,300,7,0.6714
in100.dino.s0.ext,teacher.h.cls,raw,300,8,0.6716
in100.dino.s0.ext,teacher.h.cls,raw,300,9,0.6734
in100.dino.s0.ext,teacher.h.cls,raw,300,10,0.6734
in100.dino.s0.ext,teacher.h.cls,raw,300,11,0.6812
in100.dino.s0.ext,teacher.h.cls,raw,300,12,0.6764
in100.dino.s0.ext,teacher.h.cls,raw,300,13,0.6818
in100.dino.s0.ext,teacher.h.cls,raw,300,14,0.6782
in100.dino.s0.ext,teacher.h.cls,raw,300,15,0.6816
in100.dino.s0.ext,teacher.h.cls,raw,300,16,0.683
in100.dino.s0.ext,teacher.h.cls,raw,300,17,0.6818
in100.dino.s0.ext,teacher.h.cls,raw,300,18,0.683
in100.dino.s0.ext,teacher.h.cls,raw,300,19,0.6852
in100.dino.s0.ext,teacher.h.cls,raw,300,20,0.6824
in100.dino.s0.ext,teacher.h.cls,raw,300,21,0.6852
in100.dino.s0.ext,teacher.h.cls,raw,300,22,0.6838
in100.dino.s0.ext,teacher.h.cls,raw,300,23,0.6806
in100.dino.s0.ext,teacher.h.cls,raw,300,24,0.6822
in100.dino.s0.ext,teacher.h.cls,raw,300,25,0.6846
in100.dino.s0.ext,teacher.h.cls,raw,300,26,0.6818
in100.dino.s0.ext,teacher.h.cls,raw,300,27,0.6834
in100.dino.s0.ext,teacher.h.cls,raw,300,28,0.6816
in100.dino.s0.ext,teacher.h.cls,raw,300,29,0.6834
in100.dino.s0.ext,teacher.h.cls,raw,300,30,0.6848
in100.dino.s0.ext,teacher.h.cls,raw,300,31,0.6858
in100.dino.s0.ext,teacher.h.cls,raw,300,32,0.6846
in100.dino.s0.ext,teacher.h.cls,raw,300,33,0.6862
in100.dino.s0.ext,teacher.h.cls,raw,300,34,0.6838
in100.dino.s0.ext,teacher.h.cls,raw,300,35,0.6842
in100.dino.s0.ext,teacher.h.cls,raw,300,36,0.6858
in100.dino.s0.ext,teacher.h.cls,raw,300,37,0.6864
in100.dino.s0.ext,teacher.h.cls,raw,300,38,0.6832
in100.dino.s0.ext,teacher.h.cls,raw,300,39,0.6838
in100.dino.s0.ext,teacher.h.cls,raw,300,40,0.6844
in100.dino.s0.ext,teacher.h.cls,raw,300,41,0.682
in100.dino.s0.ext,teacher.h.cls,raw,300,42,0.6848
in100.dino.s0.ext,teacher.h.cls,raw,300,43,0.6828
in100.dino.s0.ext,teacher.h.cls,raw,300,44,0.6846
in100.dino.s0.ext,teacher.h.cls,raw,300,45,0.6842
in100.dino.s0.ext,teacher.h.cls,raw,300,46,0.6852
in100.dino.s0.ext,teacher.h.cls,raw,300,47,0.6838
in100.dino.s0.ext,teacher.h.cls,raw,300,48,0.6836
in100.dino.s0.ext,teacher.h.cls,raw,300,49,0.6834
in100.dino.s0.ext,teacher.h.cls,raw,300,50,0.6806
in100.dino.s0.ext,teacher.h.cls,raw,300,51,0.6852
in100.dino.s0.ext,teacher.h.cls,raw,300,52,0.6836
in100.dino.s0.ext,teacher.h.cls,raw,300,53,0.6842
in100.dino.s0.ext,teacher.h.cls,raw,300,54,0.6822
in100.dino.s0.ext,teacher.h.cls,raw,300,55,0.6832
in100.dino.s0.ext,teacher.h.cls,raw,300,56,0.684
in100.dino.s0.ext,teacher.h.cls,raw,300,57,0.6828
in100.dino.s0.ext,teacher.h.cls,raw,300,58,0.682
in100.dino.s0.ext,teacher.h.cls,raw,300,59,0.6846
in100.dino.s0.ext,teacher.h.cls,raw,300,60,0.6824
in100.dino.s0.ext,teacher.h.cls,raw,300,61,0.6852
in100.dino.s0.ext,teacher.h.cls,raw,300,62,0.683
in100.dino.s0.ext,teacher.h.cls,raw,300,63,0.685
in100.dino.s0.ext,teacher.h.cls,raw,300,64,0.6836
in100.dino.s0.ext,teacher.h.cls,raw,300,65,0.6854
in100.dino.s0.ext,teacher.h.cls,raw,300,66,0.6824
in100.dino.s0.ext,teacher.h.cls,raw,300,67,0.684
in100.dino.s0.ext,teacher.h.cls,raw,300,68,0.6802
in100.dino.s0.ext,teacher.h.cls,raw,300,69,0.6816
in100.dino.s0.ext,teacher.h.cls,raw,300,70,0.6834
in100.dino.s0.ext,teacher.h.cls,raw,300,71,0.6818
in100.dino.s0.ext,teacher.h.cls,raw,300,72,0.6816
in100.dino.s0.ext,teacher.h.cls,raw,300,73,0.6848
in100.dino.s0.ext,teacher.h.cls,raw,300,74,0.6818
in100.dino.s0.ext,teacher.h.cls,raw,300,75,0.685
in100.dino.s0.ext,teacher.h.cls,raw,300,76,0.6836
in100.dino.s0.ext,teacher.h.cls,raw,300,77,0.6836
in100.dino.s0.ext,teacher.h.cls,raw,300,78,0.6836
in100.dino.s0.ext,teacher.h.cls,raw,300,79,0.6818
in100.dino.s0.ext,teacher.h.cls,raw,300,80,0.6798
in100.dino.s0.ext,teacher.h.cls,raw,300,81,0.6818
in100.dino.s0.ext,teacher.h.cls,raw,300,82,0.6832
in100.dino.s0.ext,teacher.h.cls,raw,300,83,0.6828
in100.dino.s0.ext,teacher.h.cls,raw,300,84,0.6846
in100.dino.s0.ext,teacher.h.cls,raw,300,85,0.6832
in100.dino.s0.ext,teacher.h.cls,raw,300,86,0.6814
in100.dino.s0.ext,teacher.h.cls,raw,300,87,0.6828
in100.dino.s0.ext,teacher.h.cls,raw,300,88,0.6826
in100.dino.s0.ext,teacher.h.cls,raw,300,89,0.6816
in100.dino.s0.ext,teacher.h.cls,raw,300,90,0.682
in100.dino.s0.ext,teacher.h.cls,raw,300,91,0.6826
in100.dino.s0.ext,teacher.h.cls,raw,300,92,0.6824
in100.dino.s0.ext,teacher.h.cls,raw,300,93,0.6814
in100.dino.s0.ext,teacher.h.cls,raw,300,94,0.6816
in100.dino.s0.ext,teacher.h.cls,raw,300,95,0.6844
in100.dino.s0.ext,teacher.h.cls,raw,300,96,0.6792
in100.dino.s0.ext,teacher.h.cls,raw,300,97,0.684
in100.dino.s0.ext,teacher.h.cls,raw,300,98,0.6804
in100.dino.s0.ext,teacher.h.cls,raw,300,99,0.6804
in100.dino.s0.ext,teacher.h.cls,raw,300,100,0.6802
in100.dino.s0.ext,teacher.h.cls,raw,300,101,0.6842
in100.dino.s0.ext,teacher.h.cls,raw,300,102,0.6798
in100.dino.s0.ext,teacher.h.cls,raw,300,103,0.6838
in100.dino.s0.ext,teacher.h.cls,raw,300,104,0.6844
in100.dino.s0.ext,teacher.h.cls,raw,300,105,0.68
in100.dino.s0.ext,teacher.h.cls,raw,300,106,0.6792
in100.dino.s0.ext,teacher.h.cls,raw,300,107,0.6808
in100.dino.s0.ext,teacher.h.cls,raw,300,108,0.6816
in100.dino.s0.ext,teacher.h.cls,raw,300,109,0.6814
in100.dino.s0.ext,teacher.h.cls,raw,300,110,0.681
in100.dino.s0.ext,teacher.h.cls,raw,300,111,0.6808
in100.dino.s0.ext,teacher.h.cls,raw,300,112,0.679
in100.dino.s0.ext,teacher.h.cls,raw,300,113,0.6792
in100.dino.s0.ext,teacher.h.cls,raw,300,114,0.6808
in100.dino.s0.ext,teacher.h.cls,raw,300,115,0.679
in100.dino.s0.ext,teacher.h.cls,raw,300,116,0.6798
in100.dino.s0.ext,teacher.h.cls,raw,300,117,0.6814
in100.dino.s0.ext,teacher.h.cls,raw,300,118,0.682
in100.dino.s0.ext,teacher.h.cls,raw,300,119,0.6786
in100.dino.s0.ext,teacher.h.cls,raw,300,120,0.681
in100.dino.s0.ext,teacher.h.cls,raw,300,121,0.6836
in100.dino.s0.ext,teacher.h.cls,raw,300,122,0.6804
in100.dino.s0.ext,teacher.h.cls,raw,300,123,0.6782
in100.dino.s0.ext,teacher.h.cls,raw,300,124,0.682
in100.dino.s0.ext,teacher.h.cls,raw,300,125,0.6798
in100.dino.s0.ext,teacher.h.cls,raw,300,126,0.6786
in100.dino.s0.ext,teacher.h.cls,raw,300,127,0.6802
in100.dino.s0.ext,teacher.h.cls,raw,300,128,0.6804
in100.dino.s0.ext,teacher.h.cls,raw,300,129,0.6816
in100.dino.s0.ext,teacher.h.cls,raw,300,130,0.6824
in100.dino.s0.ext,teacher.h.cls,raw,300,131,0.6794
in100.dino.s0.ext,teacher.h.cls,raw,300,132,0.6794
in100.dino.s0.ext,teacher.h.cls,raw,300,133,0.6802
in100.dino.s0.ext,teacher.h.cls,raw,300,134,0.678
in100.dino.s0.ext,teacher.h.cls,raw,300,135,0.6808
in100.dino.s0.ext,teacher.h.cls,raw,300,136,0.682
in100.dino.s0.ext,teacher.h.cls,raw,300,137,0.6804
in100.dino.s0.ext,teacher.h.cls,raw,300,138,0.6766
in100.dino.s0.ext,teacher.h.cls,raw,300,139,0.6782
in100.dino.s0.ext,teacher.h.cls,raw,300,140,0.677
in100.dino.s0.ext,teacher.h.cls,raw,300,141,0.6766
in100.dino.s0.ext,teacher.h.cls,raw,300,142,0.681
in100.dino.s0.ext,teacher.h.cls,raw,300,143,0.679
in100.dino.s0.ext,teacher.h.cls,raw,300,144,0.6752
in100.dino.s0.ext,teacher.h.cls,raw,300,145,0.68
in100.dino.s0.ext,teacher.h.cls,raw,300,146,0.677
in100.dino.s0.ext,teacher.h.cls,raw,300,147,0.6812
in100.dino.s0.ext,teacher.h.cls,raw,300,148,0.6786
in100.dino.s0.ext,teacher.h.cls,raw,300,149,0.678
in100.dino.s0.ext,teacher.h.cls,raw,300,150,0.6798
in100.dino.s0.ext,teacher.h.cls,raw,300,151,0.678
in100.dino.s0.ext,teacher.h.cls,raw,300,152,0.679
in100.dino.s0.ext,teacher.h.cls,raw,300,153,0.6778
in100.dino.s0.ext,teacher.h.cls,raw,300,154,0.6784
in100.dino.s0.ext,teacher.h.cls,raw,300,155,0.6792
in100.dino.s0.ext,teacher.h.cls,raw,300,156,0.679
in100.dino.s0.ext,teacher.h.cls,raw,300,157,0.678
in100.dino.s0.ext,teacher.h.cls,raw,300,158,0.6804
in100.dino.s0.ext,teacher.h.cls,raw,300,159,0.6808
in100.dino.s0.ext,teacher.h.cls,raw,300,160,0.6812
in100.dino.s0.ext,teacher.h.cls,raw,300,161,0.6782
in100.dino.s0.ext,teacher.h.cls,raw,300,162,0.6792
in100.dino.s0.ext,teacher.h.cls,raw,300,163,0.6786
in100.dino.s0.ext,teacher.h.cls,raw,300,164,0.6784
in100.dino.s0.ext,teacher.h.cls,raw,300,165,0.6796
in100.dino.s0.ext,teacher.h.cls,raw,300,166,0.6818
in100.dino.s0.ext,teacher.h.cls,raw,300,167,0.6786
in100.dino.s0.ext,teacher.h.cls,raw,300,168,0.677
in100.dino.s0.ext,teacher.h.cls,raw,300,169,0.6752
in100.dino.s0.ext,teacher.h.cls,raw,300,170,0.6774
in100.dino.s0.ext,teacher.h.cls,raw,300,171,0.6796
in100.dino.s0.ext,teacher.h.cls,raw,300,172,0.6776
in100.dino.s0.ext,teacher.h.cls,raw,300,173,0.6794
in100.dino.s0.ext,teacher.h.cls,raw,300,174,0.6818
in100.dino.s0.ext,teacher.h.cls,raw,300,175,0.678
in100.dino.s0.ext,teacher.h.cls,raw,300,176,0.6772
in100.dino.s0.ext,teacher.h.cls,raw,300,177,0.6792
in100.dino.s0.ext,teacher.h.cls,raw,300,178,0.6786
in100.dino.s0.ext,teacher.h.cls,raw,300,179,0.677
in100.dino.s0.ext,teacher.h.cls,raw,300,180,0.6784
in100.dino.s0.ext,teacher.h.cls,raw,300,181,0.6768
in100.dino.s0.ext,teacher.h.cls,raw,300,182,0.6798
in100.dino.s0.ext,teacher.h.cls,raw,300,183,0.6768
in100.dino.s0.ext,teacher.h.cls,raw,300,184,0.6794
in100.dino.s0.ext,teacher.h.cls,raw,300,185,0.6796
in100.dino.s0.ext,teacher.h.cls,raw,300,186,0.6774
in100.dino.s0.ext,teacher.h.cls,raw,300,187,0.677
in100.dino.s0.ext,teacher.h.cls,raw,300,188,0.6776
in100.dino.s0.ext,teacher.h.cls,raw,300,189,0.6794
in100.dino.s0.ext,teacher.h.cls,raw,300,190,0.6802
in100.dino.s0.ext,teacher.h.cls,raw,300,191,0.6776
in100.dino.s0.ext,teacher.h.cls,raw,300,192,0.6762
in100.dino.s0.ext,teacher.h.cls,raw,300,193,0.6764
in100.dino.s0.ext,teacher.h.cls,raw,300,194,0.6784
in100.dino.s0.ext,teacher.h.cls,raw,300,195,0.676
in100.dino.s0.ext,teacher.h.cls,raw,300,196,0.6802
in100.dino.s0.ext,teacher.h.cls,raw,300,197,0.679
in100.dino.s0.ext,teacher.h.cls,raw,300,198,0.677
in100.dino.s0.ext,teacher.h.cls,raw,300,199,0.6772
in100.dino.s0.ext,teacher.h.cls,raw,300,200,0.6782
in100.dino.s0.ext,teacher.h.cls,raw,300,201,0.6776
in100.dino.s0.ext,teacher.h.cls,raw,300,202,0.6776
in100.dino.s0.ext,teacher.h.cls,raw,300,203,0.6764
in100.dino.s0.ext,teacher.h.cls,raw,300,204,0.6764
in100.dino.s0.ext,teacher.h.cls,raw,300,205,0.6776
in100.dino.s0.ext,teacher.h.cls,raw,300,206,0.679
in100.dino.s0.ext,teacher.h.cls,raw,300,207,0.68
in100.dino.s0.ext,teacher.h.cls,raw,300,208,0.6784
in100.dino.s0.ext,teacher.h.cls,raw,300,209,0.676
in100.dino.s0.ext,teacher.h.cls,raw,300,210,0.677
in100.dino.s0.ext,teacher.h.cls,raw,300,211,0.6776
in100.dino.s0.ext,teacher.h.cls,raw,300,212,0.6776
in100.dino.s0.ext,teacher.h.cls,raw,300,213,0.6772
in100.dino.s0.ext,teacher.h.cls,raw,300,214,0.6762
in100.dino.s0.ext,teacher.h.cls,raw,300,215,0.6764
in100.dino.s0.ext,teacher.h.cls,raw,300,216,0.6766
in100.dino.s0.ext,teacher.h.cls,raw,300,217,0.6788
in100.dino.s0.ext,teacher.h.cls,raw,300,218,0.6784
in100.dino.s0.ext,teacher.h.cls,raw,300,219,0.6756
in100.dino.s0.ext,teacher.h.cls,raw,300,220,0.6766
in100.dino.s0.ext,teacher.h.cls,raw,300,221,0.6782
in100.dino.s0.ext,teacher.h.cls,raw,300,222,0.6796
in100.dino.s0.ext,teacher.h.cls,raw,300,223,0.6786
in100.dino.s0.ext,teacher.h.cls,raw,300,224,0.6776
in100.dino.s0.ext,teacher.h.cls,raw,300,225,0.6766
in100.dino.s0.ext,teacher.h.cls,raw,300,226,0.6766
in100.dino.s0.ext,teacher.h.cls,raw,300,227,0.6792
in100.dino.s0.ext,teacher.h.cls,raw,300,228,0.6776
in100.dino.s0.ext,teacher.h.cls,raw,300,229,0.6746
in100.dino.s0.ext,teacher.h.cls,raw,300,230,0.6774
in100.dino.s0.ext,teacher.h.cls,raw,300,231,0.6764
in100.dino.s0.ext,teacher.h.cls,raw,300,232,0.6758
in100.dino.s0.ext,teacher.h.cls,raw,300,233,0.6772
in100.dino.s0.ext,teacher.h.cls,raw,300,234,0.6774
in100.dino.s0.ext,teacher.h.cls,raw,300,235,0.6768
in100.dino.s0.ext,teacher.h.cls,raw,300,236,0.6766
in100.dino.s0.ext,teacher.h.cls,raw,300,237,0.6784
in100.dino.s0.ext,teacher.h.cls,raw,300,238,0.677
in100.dino.s0.ext,teacher.h.cls,raw,300,239,0.6778
in100.dino.s0.ext,teacher.h.cls,raw,300,240,0.6758
in100.dino.s0.ext,teacher.h.cls,raw,300,241,0.676
in100.dino.s0.ext,teacher.h.cls,raw,300,242,0.6754
in100.dino.s0.ext,teacher.h.cls,raw,300,243,0.6744
in100.dino.s0.ext,teacher.h.cls,raw,300,244,0.6782
in100.dino.s0.ext,teacher.h.cls,raw,300,245,0.6762
in100.dino.s0.ext,teacher.h.cls,raw,300,246,0.6766
in100.dino.s0.ext,teacher.h.cls,raw,300,247,0.6772
in100.dino.s0.ext,teacher.h.cls,raw,300,248,0.678
in100.dino.s0.ext,teacher.h.cls,raw,300,249,0.6784
in100.dino.s0.ext,teacher.h.cls,raw,300,250,0.6774
in100.dino.s0.ext,teacher.h.cls,raw,300,251,0.6768
in100.dino.s0.ext,teacher.h.cls,raw,300,252,0.6778
in100.dino.s0.ext,teacher.h.cls,raw,300,253,0.676
in100.dino.s0.ext,teacher.h.cls,raw,300,254,0.6756
in100.dino.s0.ext,teacher.h.cls,raw,300,255,0.6748
in100.dino.s0.ext,teacher.h.cls,raw,300,256,0.6784
in100.dino.s0.ext,teacher.h.cls,raw,300,257,0.6752
in100.dino.s0.ext,teacher.h.cls,raw,300,258,0.6786
in100.dino.s0.ext,teacher.h.cls,raw,300,259,0.6754
in100.dino.s0.ext,teacher.h.cls,raw,300,260,0.6752
in100.dino.s0.ext,teacher.h.cls,raw,300,261,0.6768
in100.dino.s0.ext,teacher.h.cls,raw,300,262,0.674
in100.dino.s0.ext,teacher.h.cls,raw,300,263,0.6762
in100.dino.s0.ext,teacher.h.cls,raw,300,264,0.6768
in100.dino.s0.ext,teacher.h.cls,raw,300,265,0.6758
in100.dino.s0.ext,teacher.h.cls,raw,300,266,0.6768
in100.dino.s0.ext,teacher.h.cls,raw,300,267,0.675
in100.dino.s0.ext,teacher.h.cls,raw,300,268,0.6758
in100.dino.s0.ext,teacher.h.cls,raw,300,269,0.6746
in100.dino.s0.ext,teacher.h.cls,raw,300,270,0.675
in100.dino.s0.ext,teacher.h.cls,raw,300,271,0.6756
in100.dino.s0.ext,teacher.h.cls,raw,300,272,0.6758
in100.dino.s0.ext,teacher.h.cls,raw,300,273,0.6756
in100.dino.s0.ext,teacher.h.cls,raw,300,274,0.675
in100.dino.s0.ext,teacher.h.cls,raw,300,275,0.6744
in100.dino.s0.ext,teacher.h.cls,raw,300,276,0.674
in100.dino.s0.ext,teacher.h.cls,raw,300,277,0.6768
in100.dino.s0.ext,teacher.h.cls,raw,300,278,0.6742
in100.dino.s0.ext,teacher.h.cls,raw,300,279,0.6742
in100.dino.s0.ext,teacher.h.cls,raw,300,280,0.6736
in100.dino.s0.ext,teacher.h.cls,raw,300,281,0.6748
in100.dino.s0.ext,teacher.h.cls,raw,300,282,0.6762
in100.dino.s0.ext,teacher.h.cls,raw,300,283,0.6724
in100.dino.s0.ext,teacher.h.cls,raw,300,284,0.6758
in100.dino.s0.ext,teacher.h.cls,raw,300,285,0.6746
in100.dino.s0.ext,teacher.h.cls,raw,300,286,0.6724
in100.dino.s0.ext,teacher.h.cls,raw,300,287,0.6726
in100.dino.s0.ext,teacher.h.cls,raw,300,288,0.6744
in100.dino.s0.ext,teacher.h.cls,raw,300,289,0.6726
in100.dino.s0.ext,teacher.h.cls,raw,300,290,0.6724
in100.dino.s0.ext,teacher.h.cls,raw,300,291,0.6726
in100.dino.s0.ext,teacher.h.cls,raw,300,292,0.6746
in100.dino.s0.ext,teacher.h.cls,raw,300,293,0.673
in100.dino.s0.ext,teacher.h.cls,raw,300,294,0.677
in100.dino.s0.ext,teacher.h.cls,raw,300,295,0.6732
in100.dino.s0.ext,teacher.h.cls,raw,300,296,0.6712
in100.dino.s0.ext,teacher.h.cls,raw,300,297,0.6744
in100.dino.s0.ext,teacher.h.cls,raw,300,298,0.6748
in100.dino.s0.ext,teacher.h.cls,raw,300,299,0.6742
in100.dino.s0.ext,teacher.h.cls,std,30,0,0.6342
in100.dino.s0.ext,teacher.h.cls,std,30,1,0.6572
in100.dino.s0.ext,teacher.h.cls,std,30,2,0.6666
in100.dino.s0.ext,teacher.h.cls,std,30,3,0.6734
in100.dino.s0.ext,teacher.h.cls,std,30,4,0.6754
in100.dino.s0.ext,teacher.h.cls,std,30,5,0.6724
in100.dino.s0.ext,teacher.h.cls,std,30,6,0.6802
in100.dino.s0.ext,teacher.h.cls,std,30,7,0.6836
in100.dino.s0.ext,teacher.h.cls,std,30,8,0.681
in100.dino.s0.ext,teacher.h.cls,std,30,9,0.685
in100.dino.s0.ext,teacher.h.cls,std,30,10,0.6838
in100.dino.s0.ext,teacher.h.cls,std,30,11,0.6806
in100.dino.s0.ext,teacher.h.cls,std,30,12,0.6774
in100.dino.s0.ext,teacher.h.cls,std,30,13,0.6866
in100.dino.s0.ext,teacher.h.cls,std,30,14,0.6832
in100.dino.s0.ext,teacher.h.cls,std,30,15,0.681
in100.dino.s0.ext,teacher.h.cls,std,30,16,0.6804
in100.dino.s0.ext,teacher.h.cls,std,30,17,0.6802
in100.dino.s0.ext,teacher.h.cls,std,30,18,0.6856
in100.dino.s0.ext,teacher.h.cls,std,30,19,0.685
in100.dino.s0.ext,teacher.h.cls,std,30,20,0.6832
in100.dino.s0.ext,teacher.h.cls,std,30,21,0.681
in100.dino.s0.ext,teacher.h.cls,std,30,22,0.6868
in100.dino.s0.ext,teacher.h.cls,std,30,23,0.6828
in100.dino.s0.ext,teacher.h.cls,std,30,24,0.6798
in100.dino.s0.ext,teacher.h.cls,std,30,25,0.6822
in100.dino.s0.ext,teacher.h.cls,std,30,26,0.6782
in100.dino.s0.ext,teacher.h.cls,std,30,27,0.6818
in100.dino.s0.ext,teacher.h.cls,std,30,28,0.6826
in100.dino.s0.ext,teacher.h.cls,std,30,29,0.6818
in100.dino.s0.ext,teacher.h.cls,std,300,0,0.6342
in100.dino.s0.ext,teacher.h.cls,std,300,1,0.6572
in100.dino.s0.ext,teacher.h.cls,std,300,2,0.6666
in100.dino.s0.ext,teacher.h.cls,std,300,3,0.6734
in100.dino.s0.ext,teacher.h.cls,std,300,4,0.6754
in100.dino.s0.ext,teacher.h.cls,std,300,5,0.6724
in100.dino.s0.ext,teacher.h.cls,std,300,6,0.6802
in100.dino.s0.ext,teacher.h.cls,std,300,7,0.6836
in100.dino.s0.ext,teacher.h.cls,std,300,8,0.681
in100.dino.s0.ext,teacher.h.cls,std,300,9,0.685
in100.dino.s0.ext,teacher.h.cls,std,300,10,0.6838
in100.dino.s0.ext,teacher.h.cls,std,300,11,0.6806
in100.dino.s0.ext,teacher.h.cls,std,300,12,0.6774
in100.dino.s0.ext,teacher.h.cls,std,300,13,0.6866
in100.dino.s0.ext,teacher.h.cls,std,300,14,0.6832
in100.dino.s0.ext,teacher.h.cls,std,300,15,0.681
in100.dino.s0.ext,teacher.h.cls,std,300,16,0.6804
in100.dino.s0.ext,teacher.h.cls,std,300,17,0.6802
in100.dino.s0.ext,teacher.h.cls,std,300,18,0.6856
in100.dino.s0.ext,teacher.h.cls,std,300,19,0.685
in100.dino.s0.ext,teacher.h.cls,std,300,20,0.6832
in100.dino.s0.ext,teacher.h.cls,std,300,21,0.681
in100.dino.s0.ext,teacher.h.cls,std,300,22,0.6868
in100.dino.s0.ext,teacher.h.cls,std,300,23,0.6828
in100.dino.s0.ext,teacher.h.cls,std,300,24,0.6798
in100.dino.s0.ext,teacher.h.cls,std,300,25,0.6822
in100.dino.s0.ext,teacher.h.cls,std,300,26,0.6782
in100.dino.s0.ext,teacher.h.cls,std,300,27,0.6818
in100.dino.s0.ext,teacher.h.cls,std,300,28,0.6826
in100.dino.s0.ext,teacher.h.cls,std,300,29,0.6818
in100.dino.s0.ext,teacher.h.cls,std,300,30,0.6796
in100.dino.s0.ext,teacher.h.cls,std,300,31,0.6822
in100.dino.s0.ext,teacher.h.cls,std,300,32,0.6836
in100.dino.s0.ext,teacher.h.cls,std,300,33,0.6796
in100.dino.s0.ext,teacher.h.cls,std,300,34,0.6832
in100.dino.s0.ext,teacher.h.cls,std,300,35,0.6804
in100.dino.s0.ext,teacher.h.cls,std,300,36,0.6808
in100.dino.s0.ext,teacher.h.cls,std,300,37,0.6786
in100.dino.s0.ext,teacher.h.cls,std,300,38,0.6812
in100.dino.s0.ext,teacher.h.cls,std,300,39,0.6812
in100.dino.s0.ext,teacher.h.cls,std,300,40,0.6796
in100.dino.s0.ext,teacher.h.cls,std,300,41,0.6816
in100.dino.s0.ext,teacher.h.cls,std,300,42,0.6798
in100.dino.s0.ext,teacher.h.cls,std,300,43,0.6794
in100.dino.s0.ext,teacher.h.cls,std,300,44,0.6778
in100.dino.s0.ext,teacher.h.cls,std,300,45,0.6788
in100.dino.s0.ext,teacher.h.cls,std,300,46,0.6802
in100.dino.s0.ext,teacher.h.cls,std,300,47,0.6802
in100.dino.s0.ext,teacher.h.cls,std,300,48,0.6784
in100.dino.s0.ext,teacher.h.cls,std,300,49,0.6752
in100.dino.s0.ext,teacher.h.cls,std,300,50,0.6788
in100.dino.s0.ext,teacher.h.cls,std,300,51,0.6778
in100.dino.s0.ext,teacher.h.cls,std,300,52,0.68
in100.dino.s0.ext,teacher.h.cls,std,300,53,0.6766
in100.dino.s0.ext,teacher.h.cls,std,300,54,0.6726
in100.dino.s0.ext,teacher.h.cls,std,300,55,0.6764
in100.dino.s0.ext,teacher.h.cls,std,300,56,0.6774
in100.dino.s0.ext,teacher.h.cls,std,300,57,0.675
in100.dino.s0.ext,teacher.h.cls,std,300,58,0.6774
in100.dino.s0.ext,teacher.h.cls,std,300,59,0.6768
in100.dino.s0.ext,teacher.h.cls,std,300,60,0.6758
in100.dino.s0.ext,teacher.h.cls,std,300,61,0.6778
in100.dino.s0.ext,teacher.h.cls,std,300,62,0.6774
in100.dino.s0.ext,teacher.h.cls,std,300,63,0.6734
in100.dino.s0.ext,teacher.h.cls,std,300,64,0.6768
in100.dino.s0.ext,teacher.h.cls,std,300,65,0.675
in100.dino.s0.ext,teacher.h.cls,std,300,66,0.679
in100.dino.s0.ext,teacher.h.cls,std,300,67,0.6776
in100.dino.s0.ext,teacher.h.cls,std,300,68,0.6764
in100.dino.s0.ext,teacher.h.cls,std,300,69,0.675
in100.dino.s0.ext,teacher.h.cls,std,300,70,0.6764
in100.dino.s0.ext,teacher.h.cls,std,300,71,0.6748
in100.dino.s0.ext,teacher.h.cls,std,300,72,0.6718
in100.dino.s0.ext,teacher.h.cls,std,300,73,0.675
in100.dino.s0.ext,teacher.h.cls,std,300,74,0.6754
in100.dino.s0.ext,teacher.h.cls,std,300,75,0.6784
in100.dino.s0.ext,teacher.h.cls,std,300,76,0.675
in100.dino.s0.ext,teacher.h.cls,std,300,77,0.6736
in100.dino.s0.ext,teacher.h.cls,std,300,78,0.676
in100.dino.s0.ext,teacher.h.cls,std,300,79,0.6726
in100.dino.s0.ext,teacher.h.cls,std,300,80,0.6754
in100.dino.s0.ext,teacher.h.cls,std,300,81,0.6732
in100.dino.s0.ext,teacher.h.cls,std,300,82,0.6764
in100.dino.s0.ext,teacher.h.cls,std,300,83,0.6738
in100.dino.s0.ext,teacher.h.cls,std,300,84,0.6738
in100.dino.s0.ext,teacher.h.cls,std,300,85,0.672
in100.dino.s0.ext,teacher.h.cls,std,300,86,0.676
in100.dino.s0.ext,teacher.h.cls,std,300,87,0.6716
in100.dino.s0.ext,teacher.h.cls,std,300,88,0.6718
in100.dino.s0.ext,teacher.h.cls,std,300,89,0.6734
in100.dino.s0.ext,teacher.h.cls,std,300,90,0.6726
in100.dino.s0.ext,teacher.h.cls,std,300,91,0.6728
in100.dino.s0.ext,teacher.h.cls,std,300,92,0.6756
in100.dino.s0.ext,teacher.h.cls,std,300,93,0.672
in100.dino.s0.ext,teacher.h.cls,std,300,94,0.6716
in100.dino.s0.ext,teacher.h.cls,std,300,95,0.6704
in100.dino.s0.ext,teacher.h.cls,std,300,96,0.6702
in100.dino.s0.ext,teacher.h.cls,std,300,97,0.6736
in100.dino.s0.ext,teacher.h.cls,std,300,98,0.6686
in100.dino.s0.ext,teacher.h.cls,std,300,99,0.6726
in100.dino.s0.ext,teacher.h.cls,std,300,100,0.6736
in100.dino.s0.ext,teacher.h.cls,std,300,101,0.6706
in100.dino.s0.ext,teacher.h.cls,std,300,102,0.673
in100.dino.s0.ext,teacher.h.cls,std,300,103,0.6708
in100.dino.s0.ext,teacher.h.cls,std,300,104,0.6716
in100.dino.s0.ext,teacher.h.cls,std,300,105,0.6706
in100.dino.s0.ext,teacher.h.cls,std,300,106,0.6716
in100.dino.s0.ext,teacher.h.cls,std,300,107,0.6672
in100.dino.s0.ext,teacher.h.cls,std,300,108,0.6726
in100.dino.s0.ext,teacher.h.cls,std,300,109,0.6706
in100.dino.s0.ext,teacher.h.cls,std,300,110,0.675
in100.dino.s0.ext,teacher.h.cls,std,300,111,0.6756
in100.dino.s0.ext,teacher.h.cls,std,300,112,0.669
in100.dino.s0.ext,teacher.h.cls,std,300,113,0.6732
in100.dino.s0.ext,teacher.h.cls,std,300,114,0.6704
in100.dino.s0.ext,teacher.h.cls,std,300,115,0.669
in100.dino.s0.ext,teacher.h.cls,std,300,116,0.6726
in100.dino.s0.ext,teacher.h.cls,std,300,117,0.6706
in100.dino.s0.ext,teacher.h.cls,std,300,118,0.6704
in100.dino.s0.ext,teacher.h.cls,std,300,119,0.6712
in100.dino.s0.ext,teacher.h.cls,std,300,120,0.6704
in100.dino.s0.ext,teacher.h.cls,std,300,121,0.6732
in100.dino.s0.ext,teacher.h.cls,std,300,122,0.6718
in100.dino.s0.ext,teacher.h.cls,std,300,123,0.6716
in100.dino.s0.ext,teacher.h.cls,std,300,124,0.6672
in100.dino.s0.ext,teacher.h.cls,std,300,125,0.6706
in100.dino.s0.ext,teacher.h.cls,std,300,126,0.6724
in100.dino.s0.ext,teacher.h.cls,std,300,127,0.6692
in100.dino.s0.ext,teacher.h.cls,std,300,128,0.672
in100.dino.s0.ext,teacher.h.cls,std,300,129,0.6678
in100.dino.s0.ext,teacher.h.cls,std,300,130,0.6692
in100.dino.s0.ext,teacher.h.cls,std,300,131,0.6672
in100.dino.s0.ext,teacher.h.cls,std,300,132,0.6696
in100.dino.s0.ext,teacher.h.cls,std,300,133,0.6698
in100.dino.s0.ext,teacher.h.cls,std,300,134,0.6692
in100.dino.s0.ext,teacher.h.cls,std,300,135,0.6684
in100.dino.s0.ext,teacher.h.cls,std,300,136,0.6688
in100.dino.s0.ext,teacher.h.cls,std,300,137,0.6662
in100.dino.s0.ext,teacher.h.cls,std,300,138,0.6702
in100.dino.s0.ext,teacher.h.cls,std,300,139,0.6678
in100.dino.s0.ext,teacher.h.cls,std,300,140,0.6712
in100.dino.s0.ext,teacher.h.cls,std,300,141,0.6678
in100.dino.s0.ext,teacher.h.cls,std,300,142,0.6694
in100.dino.s0.ext,teacher.h.cls,std,300,143,0.6668
in100.dino.s0.ext,teacher.h.cls,std,300,144,0.6692
in100.dino.s0.ext,teacher.h.cls,std,300,145,0.669
in100.dino.s0.ext,teacher.h.cls,std,300,146,0.6682
in100.dino.s0.ext,teacher.h.cls,std,300,147,0.6718
in100.dino.s0.ext,teacher.h.cls,std,300,148,0.6686
in100.dino.s0.ext,teacher.h.cls,std,300,149,0.6672
in100.dino.s0.ext,teacher.h.cls,std,300,150,0.667
in100.dino.s0.ext,teacher.h.cls,std,300,151,0.6678
in100.dino.s0.ext,teacher.h.cls,std,300,152,0.6714
in100.dino.s0.ext,teacher.h.cls,std,300,153,0.6682
in100.dino.s0.ext,teacher.h.cls,std,300,154,0.6672
in100.dino.s0.ext,teacher.h.cls,std,300,155,0.668
in100.dino.s0.ext,teacher.h.cls,std,300,156,0.6678
in100.dino.s0.ext,teacher.h.cls,std,300,157,0.667
in100.dino.s0.ext,teacher.h.cls,std,300,158,0.664
in100.dino.s0.ext,teacher.h.cls,std,300,159,0.665
in100.dino.s0.ext,teacher.h.cls,std,300,160,0.6702
in100.dino.s0.ext,teacher.h.cls,std,300,161,0.6674
in100.dino.s0.ext,teacher.h.cls,std,300,162,0.6638
in100.dino.s0.ext,teacher.h.cls,std,300,163,0.6664
in100.dino.s0.ext,teacher.h.cls,std,300,164,0.668
in100.dino.s0.ext,teacher.h.cls,std,300,165,0.6666
in100.dino.s0.ext,teacher.h.cls,std,300,166,0.6662
in100.dino.s0.ext,teacher.h.cls,std,300,167,0.6656
in100.dino.s0.ext,teacher.h.cls,std,300,168,0.6688
in100.dino.s0.ext,teacher.h.cls,std,300,169,0.6652
in100.dino.s0.ext,teacher.h.cls,std,300,170,0.6646
in100.dino.s0.ext,teacher.h.cls,std,300,171,0.6672
in100.dino.s0.ext,teacher.h.cls,std,300,172,0.667
in100.dino.s0.ext,teacher.h.cls,std,300,173,0.6672
in100.dino.s0.ext,teacher.h.cls,std,300,174,0.6668
in100.dino.s0.ext,teacher.h.cls,std,300,175,0.6684
in100.dino.s0.ext,teacher.h.cls,std,300,176,0.6644
in100.dino.s0.ext,teacher.h.cls,std,300,177,0.6652
in100.dino.s0.ext,teacher.h.cls,std,300,178,0.6624
in100.dino.s0.ext,teacher.h.cls,std,300,179,0.6652
in100.dino.s0.ext,teacher.h.cls,std,300,180,0.6642
in100.dino.s0.ext,teacher.h.cls,std,300,181,0.6616
in100.dino.s0.ext,teacher.h.cls,std,300,182,0.6652
in100.dino.s0.ext,teacher.h.cls,std,300,183,0.6638
in100.dino.s0.ext,teacher.h.cls,std,300,184,0.6634
in100.dino.s0.ext,teacher.h.cls,std,300,185,0.664
in100.dino.s0.ext,teacher.h.cls,std,300,186,0.6636
in100.dino.s0.ext,teacher.h.cls,std,300,187,0.6646
in100.dino.s0.ext,teacher.h.cls,std,300,188,0.6678
in100.dino.s0.ext,teacher.h.cls,std,300,189,0.6652
in100.dino.s0.ext,teacher.h.cls,std,300,190,0.663
in100.dino.s0.ext,teacher.h.cls,std,300,191,0.6596
in100.dino.s0.ext,teacher.h.cls,std,300,192,0.6644
in100.dino.s0.ext,teacher.h.cls,std,300,193,0.6658
in100.dino.s0.ext,teacher.h.cls,std,300,194,0.6626
in100.dino.s0.ext,teacher.h.cls,std,300,195,0.6628
in100.dino.s0.ext,teacher.h.cls,std,300,196,0.6634
in100.dino.s0.ext,teacher.h.cls,std,300,197,0.6658
in100.dino.s0.ext,teacher.h.cls,std,300,198,0.6666
in100.dino.s0.ext,teacher.h.cls,std,300,199,0.6636
in100.dino.s0.ext,teacher.h.cls,std,300,200,0.6652
in100.dino.s0.ext,teacher.h.cls,std,300,201,0.667
in100.dino.s0.ext,teacher.h.cls,std,300,202,0.6618
in100.dino.s0.ext,teacher.h.cls,std,300,203,0.6638
in100.dino.s0.ext,teacher.h.cls,std,300,204,0.663
in100.dino.s0.ext,teacher.h.cls,std,300,205,0.664
in100.dino.s0.ext,teacher.h.cls,std,300,206,0.6666
in100.dino.s0.ext,teacher.h.cls,std,300,207,0.664
in100.dino.s0.ext,teacher.h.cls,std,300,208,0.6656
in100.dino.s0.ext,teacher.h.cls,std,300,209,0.6654
in100.dino.s0.ext,teacher.h.cls,std,300,210,0.6624
in100.dino.s0.ext,teacher.h.cls,std,300,211,0.663
in100.dino.s0.ext,teacher.h.cls,std,300,212,0.6626
in100.dino.s0.ext,teacher.h.cls,std,300,213,0.6648
in100.dino.s0.ext,teacher.h.cls,std,300,214,0.6624
in100.dino.s0.ext,teacher.h.cls,std,300,215,0.6606
in100.dino.s0.ext,teacher.h.cls,std,300,216,0.6648
in100.dino.s0.ext,teacher.h.cls,std,300,217,0.6632
in100.dino.s0.ext,teacher.h.cls,std,300,218,0.6642
in100.dino.s0.ext,teacher.h.cls,std,300,219,0.6634
in100.dino.s0.ext,teacher.h.cls,std,300,220,0.6606
in100.dino.s0.ext,teacher.h.cls,std,300,221,0.6626
in100.dino.s0.ext,teacher.h.cls,std,300,222,0.6612
in100.dino.s0.ext,teacher.h.cls,std,300,223,0.6628
in100.dino.s0.ext,teacher.h.cls,std,300,224,0.6642
in100.dino.s0.ext,teacher.h.cls,std,300,225,0.6602
in100.dino.s0.ext,teacher.h.cls,std,300,226,0.6636
in100.dino.s0.ext,teacher.h.cls,std,300,227,0.661
in100.dino.s0.ext,teacher.h.cls,std,300,228,0.6616
in100.dino.s0.ext,teacher.h.cls,std,300,229,0.6618
in100.dino.s0.ext,teacher.h.cls,std,300,230,0.6634
in100.dino.s0.ext,teacher.h.cls,std,300,231,0.6608
in100.dino.s0.ext,teacher.h.cls,std,300,232,0.66
in100.dino.s0.ext,teacher.h.cls,std,300,233,0.6642
in100.dino.s0.ext,teacher.h.cls,std,300,234,0.6612
in100.dino.s0.ext,teacher.h.cls,std,300,235,0.663
in100.dino.s0.ext,teacher.h.cls,std,300,236,0.6626
in100.dino.s0.ext,teacher.h.cls,std,300,237,0.6624
in100.dino.s0.ext,teacher.h.cls,std,300,238,0.6606
in100.dino.s0.ext,teacher.h.cls,std,300,239,0.6618
in100.dino.s0.ext,teacher.h.cls,std,300,240,0.6644
in100.dino.s0.ext,teacher.h.cls,std,300,241,0.6588
in100.dino.s0.ext,teacher.h.cls,std,300,242,0.6598
in100.dino.s0.ext,teacher.h.cls,std,300,243,0.6588
in100.dino.s0.ext,teacher.h.cls,std,300,244,0.6602
in100.dino.s0.ext,teacher.h.cls,std,300,245,0.6608
in100.dino.s0.ext,teacher.h.cls,std,300,246,0.6608
in100.dino.s0.ext,teacher.h.cls,std,300,247,0.6612
in100.dino.s0.ext,teacher.h.cls,std,300,248,0.6598
in100.dino.s0.ext,teacher.h.cls,std,300,249,0.6628
in100.dino.s0.ext,teacher.h.cls,std,300,250,0.6612
in100.dino.s0.ext,teacher.h.cls,std,300,251,0.6618
in100.dino.s0.ext,teacher.h.cls,std,300,252,0.6626
in100.dino.s0.ext,teacher.h.cls,std,300,253,0.659
in100.dino.s0.ext,teacher.h.cls,std,300,254,0.6606
in100.dino.s0.ext,teacher.h.cls,std,300,255,0.66
in100.dino.s0.ext,teacher.h.cls,std,300,256,0.6606
in100.dino.s0.ext,teacher.h.cls,std,300,257,0.6626
in100.dino.s0.ext,teacher.h.cls,std,300,258,0.6624
in100.dino.s0.ext,teacher.h.cls,std,300,259,0.6582
in100.dino.s0.ext,teacher.h.cls,std,300,260,0.6574
in100.dino.s0.ext,teacher.h.cls,std,300,261,0.6586
in100.dino.s0.ext,teacher.h.cls,std,300,262,0.6572
in100.dino.s0.ext,teacher.h.cls,std,300,263,0.66
in100.dino.s0.ext,teacher.h.cls,std,300,264,0.6606
in100.dino.s0.ext,teacher.h.cls,std,300,265,0.66
in100.dino.s0.ext,teacher.h.cls,std,300,266,0.6626
in100.dino.s0.ext,teacher.h.cls,std,300,267,0.6594
in100.dino.s0.ext,teacher.h.cls,std,300,268,0.6606
in100.dino.s0.ext,teacher.h.cls,std,300,269,0.6606
in100.dino.s0.ext,teacher.h.cls,std,300,270,0.6596
in100.dino.s0.ext,teacher.h.cls,std,300,271,0.6606
in100.dino.s0.ext,teacher.h.cls,std,300,272,0.6592
in100.dino.s0.ext,teacher.h.cls,std,300,273,0.6594
in100.dino.s0.ext,teacher.h.cls,std,300,274,0.6598
in100.dino.s0.ext,teacher.h.cls,std,300,275,0.6562
in100.dino.s0.ext,teacher.h.cls,std,300,276,0.6594
in100.dino.s0.ext,teacher.h.cls,std,300,277,0.6606
in100.dino.s0.ext,teacher.h.cls,std,300,278,0.662
in100.dino.s0.ext,teacher.h.cls,std,300,279,0.6616
in100.dino.s0.ext,teacher.h.cls,std,300,280,0.6596
in100.dino.s0.ext,teacher.h.cls,std,300,281,0.6602
in100.dino.s0.ext,teacher.h.cls,std,300,282,0.6618
in100.dino.s0.ext,teacher.h.cls,std,300,283,0.6594
in100.dino.s0.ext,teacher.h.cls,std,300,284,0.6586
in100.dino.s0.ext,teacher.h.cls,std,300,285,0.6606
in100.dino.s0.ext,teacher.h.cls,std,300,286,0.6552
in100.dino.s0.ext,teacher.h.cls,std,300,287,0.6558
in100.dino.s0.ext,teacher.h.cls,std,300,288,0.6574
in100.dino.s0.ext,teacher.h.cls,std,300,289,0.6608
in100.dino.s0.ext,teacher.h.cls,std,300,290,0.662
in100.dino.s0.ext,teacher.h.cls,std,300,291,0.6568
in100.dino.s0.ext,teacher.h.cls,std,300,292,0.6554
in100.dino.s0.ext,teacher.h.cls,std,300,293,0.6578
in100.dino.s0.ext,teacher.h.cls,std,300,294,0.6596
in100.dino.s0.ext,teacher.h.cls,std,300,295,0.661
in100.dino.s0.ext,teacher.h.cls,std,300,296,0.6608
in100.dino.s0.ext,teacher.h.cls,std,300,297,0.6592
in100.dino.s0.ext,teacher.h.cls,std,300,298,0.6594
in100.dino.s0.ext,teacher.h.cls,std,300,299,0.662
in100.dino.s0.ext,teacher.h.cls,bn,30,0,0.6336
in100.dino.s0.ext,teacher.h.cls,bn,30,1,0.6576
in100.dino.s0.ext,teacher.h.cls,bn,30,2,0.6674
in100.dino.s0.ext,teacher.h.cls,bn,30,3,0.6748
in100.dino.s0.ext,teacher.h.cls,bn,30,4,0.6744
in100.dino.s0.ext,teacher.h.cls,bn,30,5,0.6724
in100.dino.s0.ext,teacher.h.cls,bn,30,6,0.6788
in100.dino.s0.ext,teacher.h.cls,bn,30,7,0.685
in100.dino.s0.ext,teacher.h.cls,bn,30,8,0.6812
in100.dino.s0.ext,teacher.h.cls,bn,30,9,0.6836
in100.dino.s0.ext,teacher.h.cls,bn,30,10,0.6834
in100.dino.s0.ext,teacher.h.cls,bn,30,11,0.6818
in100.dino.s0.ext,teacher.h.cls,bn,30,12,0.6748
in100.dino.s0.ext,teacher.h.cls,bn,30,13,0.6852
in100.dino.s0.ext,teacher.h.cls,bn,30,14,0.685
in100.dino.s0.ext,teacher.h.cls,bn,30,15,0.6822
in100.dino.s0.ext,teacher.h.cls,bn,30,16,0.683
in100.dino.s0.ext,teacher.h.cls,bn,30,17,0.6804
in100.dino.s0.ext,teacher.h.cls,bn,30,18,0.6854
in100.dino.s0.ext,teacher.h.cls,bn,30,19,0.685
in100.dino.s0.ext,teacher.h.cls,bn,30,20,0.6846
in100.dino.s0.ext,teacher.h.cls,bn,30,21,0.683
in100.dino.s0.ext,teacher.h.cls,bn,30,22,0.6864
in100.dino.s0.ext,teacher.h.cls,bn,30,23,0.685
in100.dino.s0.ext,teacher.h.cls,bn,30,24,0.6816
in100.dino.s0.ext,teacher.h.cls,bn,30,25,0.6834
in100.dino.s0.ext,teacher.h.cls,bn,30,26,0.6798
in100.dino.s0.ext,teacher.h.cls,bn,30,27,0.6804
in100.dino.s0.ext,teacher.h.cls,bn,30,28,0.684
in100.dino.s0.ext,teacher.h.cls,bn,30,29,0.6824
in100.dino.s0.ext,teacher.h.cls,house,30,0,0.634
in100.dino.s0.ext,teacher.h.cls,house,30,1,0.6554
in100.dino.s0.ext,teacher.h.cls,house,30,2,0.6678
in100.dino.s0.ext,teacher.h.cls,house,30,3,0.676
in100.dino.s0.ext,teacher.h.cls,house,30,4,0.6776
in100.dino.s0.ext,teacher.h.cls,house,30,5,0.67
in100.dino.s0.ext,teacher.h.cls,house,30,6,0.6784
in100.dino.s0.ext,teacher.h.cls,house,30,7,0.6838
in100.dino.s0.ext,teacher.h.cls,house,30,8,0.6802
in100.dino.s0.ext,teacher.h.cls,house,30,9,0.6792
in100.dino.s0.ext,teacher.h.cls,house,30,10,0.681
in100.dino.s0.ext,teacher.h.cls,house,30,11,0.678
in100.dino.s0.ext,teacher.h.cls,house,30,12,0.6768
in100.dino.s0.ext,teacher.h.cls,house,30,13,0.6826
in100.dino.s0.ext,teacher.h.cls,house,30,14,0.6794
in100.dino.s0.ext,teacher.h.cls,house,30,15,0.6778
in100.dino.s0.ext,teacher.h.cls,house,30,16,0.6778
in100.dino.s0.ext,teacher.h.cls,house,30,17,0.6814
in100.dino.s0.ext,teacher.h.cls,house,30,18,0.6792
in100.dino.s0.ext,teacher.h.cls,house,30,19,0.6794
in100.dino.s0.ext,teacher.h.cls,house,30,20,0.6782
in100.dino.s0.ext,teacher.h.cls,house,30,21,0.6748
in100.dino.s0.ext,teacher.h.cls,house,30,22,0.6818
in100.dino.s0.ext,teacher.h.cls,house,30,23,0.6796
in100.dino.s0.ext,teacher.h.cls,house,30,24,0.6754
in100.dino.s0.ext,teacher.h.cls,house,30,25,0.6778
in100.dino.s0.ext,teacher.h.cls,house,30,26,0.6756
in100.dino.s0.ext,teacher.h.cls,house,30,27,0.6774
in100.dino.s0.ext,teacher.h.cls,house,30,28,0.6794
in100.dino.s0.ext,teacher.h.cls,house,30,29,0.678
in100.dino.s0.ext,teacher.h.cls,house,300,0,0.634
in100.dino.s0.ext,teacher.h.cls,house,300,1,0.6554
in100.dino.s0.ext,teacher.h.cls,house,300,2,0.6678
in100.dino.s0.ext,teacher.h.cls,house,300,3,0.676
in100.dino.s0.ext,teacher.h.cls,house,300,4,0.6776
in100.dino.s0.ext,teacher.h.cls,house,300,5,0.67
in100.dino.s0.ext,teacher.h.cls,house,300,6,0.6784
in100.dino.s0.ext,teacher.h.cls,house,300,7,0.6838
in100.dino.s0.ext,teacher.h.cls,house,300,8,0.6802
in100.dino.s0.ext,teacher.h.cls,house,300,9,0.6792
in100.dino.s0.ext,teacher.h.cls,house,300,10,0.681
in100.dino.s0.ext,teacher.h.cls,house,300,11,0.678
in100.dino.s0.ext,teacher.h.cls,house,300,12,0.6768
in100.dino.s0.ext,teacher.h.cls,house,300,13,0.6826
in100.dino.s0.ext,teacher.h.cls,house,300,14,0.6794
in100.dino.s0.ext,teacher.h.cls,house,300,15,0.6778
in100.dino.s0.ext,teacher.h.cls,house,300,16,0.6778
in100.dino.s0.ext,teacher.h.cls,house,300,17,0.6814
in100.dino.s0.ext,teacher.h.cls,house,300,18,0.6792
in100.dino.s0.ext,teacher.h.cls,house,300,19,0.6794
in100.dino.s0.ext,teacher.h.cls,house,300,20,0.6782
in100.dino.s0.ext,teacher.h.cls,house,300,21,0.6748
in100.dino.s0.ext,teacher.h.cls,house,300,22,0.6818
in100.dino.s0.ext,teacher.h.cls,house,300,23,0.6796
in100.dino.s0.ext,teacher.h.cls,house,300,24,0.6754
in100.dino.s0.ext,teacher.h.cls,house,300,25,0.6778
in100.dino.s0.ext,teacher.h.cls,house,300,26,0.6756
in100.dino.s0.ext,teacher.h.cls,house,300,27,0.6774
in100.dino.s0.ext,teacher.h.cls,house,300,28,0.6794
in100.dino.s0.ext,teacher.h.cls,house,300,29,0.678
in100.dino.s0.ext,teacher.h.cls,house,300,30,0.6778
in100.dino.s0.ext,teacher.h.cls,house,300,31,0.678
in100.dino.s0.ext,teacher.h.cls,house,300,32,0.6794
in100.dino.s0.ext,teacher.h.cls,house,300,33,0.68
in100.dino.s0.ext,teacher.h.cls,house,300,34,0.68
in100.dino.s0.ext,teacher.h.cls,house,300,35,0.6752
in100.dino.s0.ext,teacher.h.cls,house,300,36,0.6764
in100.dino.s0.ext,teacher.h.cls,house,300,37,0.6784
in100.dino.s0.ext,teacher.h.cls,house,300,38,0.682
in100.dino.s0.ext,teacher.h.cls,house,300,39,0.6756
in100.dino.s0.ext,teacher.h.cls,house,300,40,0.677
in100.dino.s0.ext,teacher.h.cls,house,300,41,0.6794
in100.dino.s0.ext,teacher.h.cls,house,300,42,0.677
in100.dino.s0.ext,teacher.h.cls,house,300,43,0.675
in100.dino.s0.ext,teacher.h.cls,house,300,44,0.6756
in100.dino.s0.ext,teacher.h.cls,house,300,45,0.674
in100.dino.s0.ext,teacher.h.cls,house,300,46,0.6782
in100.dino.s0.ext,teacher.h.cls,house,300,47,0.6732
in100.dino.s0.ext,teacher.h.cls,house,300,48,0.6702
in100.dino.s0.ext,teacher.h.cls,house,300,49,0.6712
in100.dino.s0.ext,teacher.h.cls,house,300,50,0.6734
in100.dino.s0.ext,teacher.h.cls,house,300,51,0.6752
in100.dino.s0.ext,teacher.h.cls,house,300,52,0.6772
in100.dino.s0.ext,teacher.h.cls,house,300,53,0.6756
in100.dino.s0.ext,teacher.h.cls,house,300,54,0.6702
in100.dino.s0.ext,teacher.h.cls,house,300,55,0.6774
in100.dino.s0.ext,teacher.h.cls,house,300,56,0.673
in100.dino.s0.ext,teacher.h.cls,house,300,57,0.6722
in100.dino.s0.ext,teacher.h.cls,house,300,58,0.6746
in100.dino.s0.ext,teacher.h.cls,house,300,59,0.6722
in100.dino.s0.ext,teacher.h.cls,house,300,60,0.6736
in100.dino.s0.ext,teacher.h.cls,house,300,61,0.6748
in100.dino.s0.ext,teacher.h.cls,house,300,62,0.6756
in100.dino.s0.ext,teacher.h.cls,house,300,63,0.6714
in100.dino.s0.ext,teacher.h.cls,house,300,64,0.672
in100.dino.s0.ext,teacher.h.cls,house,300,65,0.672
in100.dino.s0.ext,teacher.h.cls,house,300,66,0.6734
in100.dino.s0.ext,teacher.h.cls,house,300,67,0.6736
in100.dino.s0.ext,teacher.h.cls,house,300,68,0.6702
in100.dino.s0.ext,teacher.h.cls,house,300,69,0.666
in100.dino.s0.ext,teacher.h.cls,house,300,70,0.6746
in100.dino.s0.ext,teacher.h.cls,house,300,71,0.667
in100.dino.s0.ext,teacher.h.cls,house,300,72,0.668
in100.dino.s0.ext,teacher.h.cls,house,300,73,0.6702
in100.dino.s0.ext,teacher.h.cls,house,300,74,0.669
in100.dino.s0.ext,teacher.h.cls,house,300,75,0.6696
in100.dino.s0.ext,teacher.h.cls,house,300,76,0.672
in100.dino.s0.ext,teacher.h.cls,house,300,77,0.669
in100.dino.s0.ext,teacher.h.cls,house,300,78,0.6718
in100.dino.s0.ext,teacher.h.cls,house,300,79,0.6684
in100.dino.s0.ext,teacher.h.cls,house,300,80,0.6692
in100.dino.s0.ext,teacher.h.cls,house,300,81,0.6704
in100.dino.s0.ext,teacher.h.cls,house,300,82,0.671
in100.dino.s0.ext,teacher.h.cls,house,300,83,0.6696
in100.dino.s0.ext,teacher.h.cls,house,300,84,0.668
in100.dino.s0.ext,teacher.h.cls,house,300,85,0.664
in100.dino.s0.ext,teacher.h.cls,house,300,86,0.6662
in100.dino.s0.ext,teacher.h.cls,house,300,87,0.6644
in100.dino.s0.ext,teacher.h.cls,house,300,88,0.6676
in100.dino.s0.ext,teacher.h.cls,house,300,89,0.6668
in100.dino.s0.ext,teacher.h.cls,house,300,90,0.6682
in100.dino.s0.ext,teacher.h.cls,house,300,91,0.6676
in100.dino.s0.ext,teacher.h.cls,house,300,92,0.67
in100.dino.s0.ext,teacher.h.cls,house,300,93,0.665
in100.dino.s0.ext,teacher.h.cls,house,300,94,0.6666
in100.dino.s0.ext,teacher.h.cls,house,300,95,0.6636
in100.dino.s0.ext,teacher.h.cls,house,300,96,0.6668
in100.dino.s0.ext,teacher.h.cls,house,300,97,0.6674
in100.dino.s0.ext,teacher.h.cls,house,300,98,0.665
in100.dino.s0.ext,teacher.h.cls,house,300,99,0.6664
in100.dino.s0.ext,teacher.h.cls,house,300,100,0.6652
in100.dino.s0.ext,teacher.h.cls,house,300,101,0.6602
in100.dino.s0.ext,teacher.h.cls,house,300,102,0.6652
in100.dino.s0.ext,teacher.h.cls,house,300,103,0.666
in100.dino.s0.ext,teacher.h.cls,house,300,104,0.6672
in100.dino.s0.ext,teacher.h.cls,house,300,105,0.6586
in100.dino.s0.ext,teacher.h.cls,house,300,106,0.6636
in100.dino.s0.ext,teacher.h.cls,house,300,107,0.6594
in100.dino.s0.ext,teacher.h.cls,house,300,108,0.665
in100.dino.s0.ext,teacher.h.cls,house,300,109,0.6648
in100.dino.s0.ext,teacher.h.cls,house,300,110,0.6656
in100.dino.s0.ext,teacher.h.cls,house,300,111,0.67
in100.dino.s0.ext,teacher.h.cls,house,300,112,0.6614
in100.dino.s0.ext,teacher.h.cls,house,300,113,0.666
in100.dino.s0.ext,teacher.h.cls,house,300,114,0.665
in100.dino.s0.ext,teacher.h.cls,house,300,115,0.6614
in100.dino.s0.ext,teacher.h.cls,house,300,116,0.666
in100.dino.s0.ext,teacher.h.cls,house,300,117,0.6606
in100.dino.s0.ext,teacher.h.cls,house,300,118,0.6644
in100.dino.s0.ext,teacher.h.cls,house,300,119,0.662
in100.dino.s0.ext,teacher.h.cls,house,300,120,0.662
in100.dino.s0.ext,teacher.h.cls,house,300,121,0.665
in100.dino.s0.ext,teacher.h.cls,house,300,122,0.6656
in100.dino.s0.ext,teacher.h.cls,house,300,123,0.6654
in100.dino.s0.ext,teacher.h.cls,house,300,124,0.6606
in100.dino.s0.ext,teacher.h.cls,house,300,125,0.6644
in100.dino.s0.ext,teacher.h.cls,house,300,126,0.6626
in100.dino.s0.ext,teacher.h.cls,house,300,127,0.66
in100.dino.s0.ext,teacher.h.cls,house,300,128,0.6616
in100.dino.s0.ext,teacher.h.cls,house,300,129,0.6622
in100.dino.s0.ext,teacher.h.cls,house,300,130,0.6626
in100.dino.s0.ext,teacher.h.cls,house,300,131,0.6602
in100.dino.s0.ext,teacher.h.cls,house,300,132,0.6608
in100.dino.s0.ext,teacher.h.cls,house,300,133,0.6574
in100.dino.s0.ext,teacher.h.cls,house,300,134,0.6586
in100.dino.s0.ext,teacher.h.cls,house,300,135,0.6578
in100.dino.s0.ext,teacher.h.cls,house,300,136,0.6582
in100.dino.s0.ext,teacher.h.cls,house,300,137,0.6592
in100.dino.s0.ext,teacher.h.cls,house,300,138,0.6598
in100.dino.s0.ext,teacher.h.cls,house,300,139,0.6592
in100.dino.s0.ext,teacher.h.cls,house,300,140,0.6626
in100.dino.s0.ext,teacher.h.cls,house,300,141,0.6568
in100.dino.s0.ext,teacher.h.cls,house,300,142,0.6608
in100.dino.s0.ext,teacher.h.cls,house,300,143,0.6544
in100.dino.s0.ext,teacher.h.cls,house,300,144,0.6622
in100.dino.s0.ext,teacher.h.cls,house,300,145,0.6586
in100.dino.s0.ext,teacher.h.cls,house,300,146,0.6606
in100.dino.s0.ext,teacher.h.cls,house,300,147,0.6636
in100.dino.s0.ext,teacher.h.cls,house,300,148,0.6592
in100.dino.s0.ext,teacher.h.cls,house,300,149,0.6564
in100.dino.s0.ext,teacher.h.cls,house,300,150,0.6616
in100.dino.s0.ext,teacher.h.cls,house,300,151,0.6578
in100.dino.s0.ext,teacher.h.cls,house,300,152,0.6582
in100.dino.s0.ext,teacher.h.cls,house,300,153,0.6592
in100.dino.s0.ext,teacher.h.cls,house,300,154,0.658
in100.dino.s0.ext,teacher.h.cls,house,300,155,0.6566
in100.dino.s0.ext,teacher.h.cls,house,300,156,0.6604
in100.dino.s0.ext,teacher.h.cls,house,300,157,0.66
in100.dino.s0.ext,teacher.h.cls,house,300,158,0.6554
in100.dino.s0.ext,teacher.h.cls,house,300,159,0.6556
in100.dino.s0.ext,teacher.h.cls,house,300,160,0.661
in100.dino.s0.ext,teacher.h.cls,house,300,161,0.658
in100.dino.s0.ext,teacher.h.cls,house,300,162,0.659
in100.dino.s0.ext,teacher.h.cls,house,300,163,0.6532
in100.dino.s0.ext,teacher.h.cls,house,300,164,0.6588
in100.dino.s0.ext,teacher.h.cls,house,300,165,0.6554
in100.dino.s0.ext,teacher.h.cls,house,300,166,0.6554
in100.dino.s0.ext,teacher.h.cls,house,300,167,0.6556
in100.dino.s0.ext,teacher.h.cls,house,300,168,0.6574
in100.dino.s0.ext,teacher.h.cls,house,300,169,0.6532
in100.dino.s0.ext,teacher.h.cls,house,300,170,0.6532
in100.dino.s0.ext,teacher.h.cls,house,300,171,0.6562
in100.dino.s0.ext,teacher.h.cls,house,300,172,0.6554
in100.dino.s0.ext,teacher.h.cls,house,300,173,0.6568
in100.dino.s0.ext,teacher.h.cls,house,300,174,0.652
in100.dino.s0.ext,teacher.h.cls,house,300,175,0.6544
in100.dino.s0.ext,teacher.h.cls,house,300,176,0.654
in100.dino.s0.ext,teacher.h.cls,house,300,177,0.6568
in100.dino.s0.ext,teacher.h.cls,house,300,178,0.6528
in100.dino.s0.ext,teacher.h.cls,house,300,179,0.6538
in100.dino.s0.ext,teacher.h.cls,house,300,180,0.6546
in100.dino.s0.ext,teacher.h.cls,house,300,181,0.6518
in100.dino.s0.ext,teacher.h.cls,house,300,182,0.657
in100.dino.s0.ext,teacher.h.cls,house,300,183,0.6512
in100.dino.s0.ext,teacher.h.cls,house,300,184,0.6558
in100.dino.s0.ext,teacher.h.cls,house,300,185,0.6552
in100.dino.s0.ext,teacher.h.cls,house,300,186,0.655
in100.dino.s0.ext,teacher.h.cls,house,300,187,0.6536
in100.dino.s0.ext,teacher.h.cls,house,300,188,0.6602
in100.dino.s0.ext,teacher.h.cls,house,300,189,0.6552
in100.dino.s0.ext,teacher.h.cls,house,300,190,0.6528
in100.dino.s0.ext,teacher.h.cls,house,300,191,0.6512
in100.dino.s0.ext,teacher.h.cls,house,300,192,0.655
in100.dino.s0.ext,teacher.h.cls,house,300,193,0.6548
in100.dino.s0.ext,teacher.h.cls,house,300,194,0.652
in100.dino.s0.ext,teacher.h.cls,house,300,195,0.652
in100.dino.s0.ext,teacher.h.cls,house,300,196,0.6544
in100.dino.s0.ext,teacher.h.cls,house,300,197,0.6576
in100.dino.s0.ext,teacher.h.cls,house,300,198,0.6536
in100.dino.s0.ext,teacher.h.cls,house,300,199,0.6512
in100.dino.s0.ext,teacher.h.cls,house,300,200,0.656
in100.dino.s0.ext,teacher.h.cls,house,300,201,0.6528
in100.dino.s0.ext,teacher.h.cls,house,300,202,0.6534
in100.dino.s0.ext,teacher.h.cls,house,300,203,0.6548
in100.dino.s0.ext,teacher.h.cls,house,300,204,0.6514
in100.dino.s0.ext,teacher.h.cls,house,300,205,0.6526
in100.dino.s0.ext,teacher.h.cls,house,300,206,0.6566
in100.dino.s0.ext,teacher.h.cls,house,300,207,0.6558
in100.dino.s0.ext,teacher.h.cls,house,300,208,0.6516
in100.dino.s0.ext,teacher.h.cls,house,300,209,0.6518
in100.dino.s0.ext,teacher.h.cls,house,300,210,0.6532
in100.dino.s0.ext,teacher.h.cls,house,300,211,0.6484
in100.dino.s0.ext,teacher.h.cls,house,300,212,0.6524
in100.dino.s0.ext,teacher.h.cls,house,300,213,0.6524
in100.dino.s0.ext,teacher.h.cls,house,300,214,0.651
in100.dino.s0.ext,teacher.h.cls,house,300,215,0.6512
in100.dino.s0.ext,teacher.h.cls,house,300,216,0.6512
in100.dino.s0.ext,teacher.h.cls,house,300,217,0.6502
in100.dino.s0.ext,teacher.h.cls,house,300,218,0.6524
in100.dino.s0.ext,teacher.h.cls,house,300,219,0.65
in100.dino.s0.ext,teacher.h.cls,house,300,220,0.6506
in100.dino.s0.ext,teacher.h.cls,house,300,221,0.6516
in100.dino.s0.ext,teacher.h.cls,house,300,222,0.6496
in100.dino.s0.ext,teacher.h.cls,house,300,223,0.653
in100.dino.s0.ext,teacher.h.cls,house,300,224,0.6542
in100.dino.s0.ext,teacher.h.cls,house,300,225,0.6506
in100.dino.s0.ext,teacher.h.cls,house,300,226,0.6494
in100.dino.s0.ext,teacher.h.cls,house,300,227,0.6506
in100.dino.s0.ext,teacher.h.cls,house,300,228,0.6488
in100.dino.s0.ext,teacher.h.cls,house,300,229,0.6538
in100.dino.s0.ext,teacher.h.cls,house,300,230,0.6544
in100.dino.s0.ext,teacher.h.cls,house,300,231,0.6524
in100.dino.s0.ext,teacher.h.cls,house,300,232,0.6496
in100.dino.s0.ext,teacher.h.cls,house,300,233,0.6522
in100.dino.s0.ext,teacher.h.cls,house,300,234,0.6466
in100.dino.s0.ext,teacher.h.cls,house,300,235,0.6516
in100.dino.s0.ext,teacher.h.cls,house,300,236,0.65
in100.dino.s0.ext,teacher.h.cls,house,300,237,0.6482
in100.dino.s0.ext,teacher.h.cls,house,300,238,0.653
in100.dino.s0.ext,teacher.h.cls,house,300,239,0.6524
in100.dino.s0.ext,teacher.h.cls,house,300,240,0.6536
in100.dino.s0.ext,teacher.h.cls,house,300,241,0.648
in100.dino.s0.ext,teacher.h.cls,house,300,242,0.6452
in100.dino.s0.ext,teacher.h.cls,house,300,243,0.647
in100.dino.s0.ext,teacher.h.cls,house,300,244,0.6456
in100.dino.s0.ext,teacher.h.cls,house,300,245,0.6518
in100.dino.s0.ext,teacher.h.cls,house,300,246,0.6488
in100.dino.s0.ext,teacher.h.cls,house,300,247,0.6488
in100.dino.s0.ext,teacher.h.cls,house,300,248,0.6476
in100.dino.s0.ext,teacher.h.cls,house,300,249,0.65
in100.dino.s0.ext,teacher.h.cls,house,300,250,0.6526
in100.dino.s0.ext,teacher.h.cls,house,300,251,0.6524
in100.dino.s0.ext,teacher.h.cls,house,300,252,0.652
in100.dino.s0.ext,teacher.h.cls,house,300,253,0.6472
in100.dino.s0.ext,teacher.h.cls,house,300,254,0.6512
in100.dino.s0.ext,teacher.h.cls,house,300,255,0.6482
in100.dino.s0.ext,teacher.h.cls,house,300,256,0.65
in100.dino.s0.ext,teacher.h.cls,house,300,257,0.6542
in100.dino.s0.ext,teacher.h.cls,house,300,258,0.6526
in100.dino.s0.ext,teacher.h.cls,house,300,259,0.6458
in100.dino.s0.ext,teacher.h.cls,house,300,260,0.649
in100.dino.s0.ext,teacher.h.cls,house,300,261,0.6498
in100.dino.s0.ext,teacher.h.cls,house,300,262,0.6488
in100.dino.s0.ext,teacher.h.cls,house,300,263,0.6494
in100.dino.s0.ext,teacher.h.cls,house,300,264,0.6478
in100.dino.s0.ext,teacher.h.cls,house,300,265,0.6466
in100.dino.s0.ext,teacher.h.cls,house,300,266,0.6504
in100.dino.s0.ext,teacher.h.cls,house,300,267,0.6484
in100.dino.s0.ext,teacher.h.cls,house,300,268,0.6486
in100.dino.s0.ext,teacher.h.cls,house,300,269,0.6486
in100.dino.s0.ext,teacher.h.cls,house,300,270,0.6474
in100.dino.s0.ext,teacher.h.cls,house,300,271,0.647
in100.dino.s0.ext,teacher.h.cls,house,300,272,0.6496
in100.dino.s0.ext,teacher.h.cls,house,300,273,0.6478
in100.dino.s0.ext,teacher.h.cls,house,300,274,0.6474
in100.dino.s0.ext,teacher.h.cls,house,300,275,0.651
in100.dino.s0.ext,teacher.h.cls,house,300,276,0.6482
in100.dino.s0.ext,teacher.h.cls,house,300,277,0.65
in100.dino.s0.ext,teacher.h.cls,house,300,278,0.6512
in100.dino.s0.ext,teacher.h.cls,house,300,279,0.6492
in100.dino.s0.ext,teacher.h.cls,house,300,280,0.6502
in100.dino.s0.ext,teacher.h.cls,house,300,281,0.6496
in100.dino.s0.ext,teacher.h.cls,house,300,282,0.6452
in100.dino.s0.ext,teacher.h.cls,house,300,283,0.6482
in100.dino.s0.ext,teacher.h.cls,house,300,284,0.6466
in100.dino.s0.ext,teacher.h.cls,house,300,285,0.6502
in100.dino.s0.ext,teacher.h.cls,house,300,286,0.643
in100.dino.s0.ext,teacher.h.cls,house,300,287,0.6442
in100.dino.s0.ext,teacher.h.cls,house,300,288,0.6488
in100.dino.s0.ext,teacher.h.cls,house,300,289,0.6466
in100.dino.s0.ext,teacher.h.cls,house,300,290,0.6506
in100.dino.s0.ext,teacher.h.cls,house,300,291,0.647
in100.dino.s0.ext,teacher.h.cls,house,300,292,0.6464
in100.dino.s0.ext,teacher.h.cls,house,300,293,0.6462
in100.dino.s0.ext,teacher.h.cls,house,300,294,0.6458
in100.dino.s0.ext,teacher.h.cls,house,300,295,0.6458
in100.dino.s0.ext,teacher.h.cls,house,300,296,0.6448
in100.dino.s0.ext,teacher.h.cls,house,300,297,0.6456
in100.dino.s0.ext,teacher.h.cls,house,300,298,0.646
in100.dino.s0.ext,teacher.h.cls,house,300,299,0.6492
in100.lejepa.s0.ext,student.z.embed,raw,30,0,0.4968
in100.lejepa.s0.ext,student.z.embed,raw,30,1,0.531
in100.lejepa.s0.ext,student.z.embed,raw,30,2,0.5408
in100.lejepa.s0.ext,student.z.embed,raw,30,3,0.5502
in100.lejepa.s0.ext,student.z.embed,raw,30,4,0.5554
in100.lejepa.s0.ext,student.z.embed,raw,30,5,0.561
in100.lejepa.s0.ext,student.z.embed,raw,30,6,0.5632
in100.lejepa.s0.ext,student.z.embed,raw,30,7,0.568
in100.lejepa.s0.ext,student.z.embed,raw,30,8,0.5726
in100.lejepa.s0.ext,student.z.embed,raw,30,9,0.5756
in100.lejepa.s0.ext,student.z.embed,raw,30,10,0.5704
in100.lejepa.s0.ext,student.z.embed,raw,30,11,0.5772
in100.lejepa.s0.ext,student.z.embed,raw,30,12,0.5752
in100.lejepa.s0.ext,student.z.embed,raw,30,13,0.578
in100.lejepa.s0.ext,student.z.embed,raw,30,14,0.5814
in100.lejepa.s0.ext,student.z.embed,raw,30,15,0.5784
in100.lejepa.s0.ext,student.z.embed,raw,30,16,0.5868
in100.lejepa.s0.ext,student.z.embed,raw,30,17,0.5826
in100.lejepa.s0.ext,student.z.embed,raw,30,18,0.5824
in100.lejepa.s0.ext,student.z.embed,raw,30,19,0.5862
in100.lejepa.s0.ext,student.z.embed,raw,30,20,0.5814
in100.lejepa.s0.ext,student.z.embed,raw,30,21,0.585
in100.lejepa.s0.ext,student.z.embed,raw,30,22,0.5864
in100.lejepa.s0.ext,student.z.embed,raw,30,23,0.586
in100.lejepa.s0.ext,student.z.embed,raw,30,24,0.5858
in100.lejepa.s0.ext,student.z.embed,raw,30,25,0.5836
in100.lejepa.s0.ext,student.z.embed,raw,30,26,0.5856
in100.lejepa.s0.ext,student.z.embed,raw,30,27,0.5866
in100.lejepa.s0.ext,student.z.embed,raw,30,28,0.588
in100.lejepa.s0.ext,student.z.embed,raw,30,29,0.5804
in100.lejepa.s0.ext,student.z.embed,raw,300,0,0.4968
in100.lejepa.s0.ext,student.z.embed,raw,300,1,0.531
in100.lejepa.s0.ext,student.z.embed,raw,300,2,0.5408
in100.lejepa.s0.ext,student.z.embed,raw,300,3,0.5502
in100.lejepa.s0.ext,student.z.embed,raw,300,4,0.5554
in100.lejepa.s0.ext,student.z.embed,raw,300,5,0.561
in100.lejepa.s0.ext,student.z.embed,raw,300,6,0.5632
in100.lejepa.s0.ext,student.z.embed,raw,300,7,0.568
in100.lejepa.s0.ext,student.z.embed,raw,300,8,0.5726
in100.lejepa.s0.ext,student.z.embed,raw,300,9,0.5756
in100.lejepa.s0.ext,student.z.embed,raw,300,10,0.5704
in100.lejepa.s0.ext,student.z.embed,raw,300,11,0.5772
in100.lejepa.s0.ext,student.z.embed,raw,300,12,0.5752
in100.lejepa.s0.ext,student.z.embed,raw,300,13,0.578
in100.lejepa.s0.ext,student.z.embed,raw,300,14,0.5814
in100.lejepa.s0.ext,student.z.embed,raw,300,15,0.5784
in100.lejepa.s0.ext,student.z.embed,raw,300,16,0.5868
in100.lejepa.s0.ext,student.z.embed,raw,300,17,0.5826
in100.lejepa.s0.ext,student.z.embed,raw,300,18,0.5824
in100.lejepa.s0.ext,student.z.embed,raw,300,19,0.5862
in100.lejepa.s0.ext,student.z.embed,raw,300,20,0.5814
in100.lejepa.s0.ext,student.z.embed,raw,300,21,0.585
in100.lejepa.s0.ext,student.z.embed,raw,300,22,0.5864
in100.lejepa.s0.ext,student.z.embed,raw,300,23,0.586
in100.lejepa.s0.ext,student.z.embed,raw,300,24,0.5858
in100.lejepa.s0.ext,student.z.embed,raw,300,25,0.5836
in100.lejepa.s0.ext,student.z.embed,raw,300,26,0.5856
in100.lejepa.s0.ext,student.z.embed,raw,300,27,0.5866
in100.lejepa.s0.ext,student.z.embed,raw,300,28,0.588
in100.lejepa.s0.ext,student.z.embed,raw,300,29,0.5804
in100.lejepa.s0.ext,student.z.embed,raw,300,30,0.5864
in100.lejepa.s0.ext,student.z.embed,raw,300,31,0.5804
in100.lejepa.s0.ext,student.z.embed,raw,300,32,0.5862
in100.lejepa.s0.ext,student.z.embed,raw,300,33,0.5864
in100.lejepa.s0.ext,student.z.embed,raw,300,34,0.588
in100.lejepa.s0.ext,student.z.embed,raw,300,35,0.5886
in100.lejepa.s0.ext,student.z.embed,raw,300,36,0.5864
in100.lejepa.s0.ext,student.z.embed,raw,300,37,0.5874
in100.lejepa.s0.ext,student.z.embed,raw,300,38,0.5858
in100.lejepa.s0.ext,student.z.embed,raw,300,39,0.5852
in100.lejepa.s0.ext,student.z.embed,raw,300,40,0.5874
in100.lejepa.s0.ext,student.z.embed,raw,300,41,0.584
in100.lejepa.s0.ext,student.z.embed,raw,300,42,0.5852
in100.lejepa.s0.ext,student.z.embed,raw,300,43,0.5904
in100.lejepa.s0.ext,student.z.embed,raw,300,44,0.5848
in100.lejepa.s0.ext,student.z.embed,raw,300,45,0.5902
in100.lejepa.s0.ext,student.z.embed,raw,300,46,0.5874
in100.lejepa.s0.ext,student.z.embed,raw,300,47,0.5904
in100.lejepa.s0.ext,student.z.embed,raw,300,48,0.5852
in100.lejepa.s0.ext,student.z.embed,raw,300,49,0.587
in100.lejepa.s0.ext,student.z.embed,raw,300,50,0.585
in100.lejepa.s0.ext,student.z.embed,raw,300,51,0.5878
in100.lejepa.s0.ext,student.z.embed,raw,300,52,0.588
in100.lejepa.s0.ext,student.z.embed,raw,300,53,0.5914
in100.lejepa.s0.ext,student.z.embed,raw,300,54,0.5902
in100.lejepa.s0.ext,student.z.embed,raw,300,55,0.593
in100.lejepa.s0.ext,student.z.embed,raw,300,56,0.5936
in100.lejepa.s0.ext,student.z.embed,raw,300,57,0.5922
in100.lejepa.s0.ext,student.z.embed,raw,300,58,0.5874
in100.lejepa.s0.ext,student.z.embed,raw,300,59,0.59
in100.lejepa.s0.ext,student.z.embed,raw,300,60,0.5898
in100.lejepa.s0.ext,student.z.embed,raw,300,61,0.5868
in100.lejepa.s0.ext,student.z.embed,raw,300,62,0.5924
in100.lejepa.s0.ext,student.z.embed,raw,300,63,0.592
in100.lejepa.s0.ext,student.z.embed,raw,300,64,0.5876
in100.lejepa.s0.ext,student.z.embed,raw,300,65,0.594
in100.lejepa.s0.ext,student.z.embed,raw,300,66,0.5926
in100.lejepa.s0.ext,student.z.embed,raw,300,67,0.5862
in100.lejepa.s0.ext,student.z.embed,raw,300,68,0.5908
in100.lejepa.s0.ext,student.z.embed,raw,300,69,0.588
in100.lejepa.s0.ext,student.z.embed,raw,300,70,0.587
in100.lejepa.s0.ext,student.z.embed,raw,300,71,0.588
in100.lejepa.s0.ext,student.z.embed,raw,300,72,0.5908
in100.lejepa.s0.ext,student.z.embed,raw,300,73,0.588
in100.lejepa.s0.ext,student.z.embed,raw,300,74,0.5904
in100.lejepa.s0.ext,student.z.embed,raw,300,75,0.584
in100.lejepa.s0.ext,student.z.embed,raw,300,76,0.5922
in100.lejepa.s0.ext,student.z.embed,raw,300,77,0.5846
in100.lejepa.s0.ext,student.z.embed,raw,300,78,0.5964
in100.lejepa.s0.ext,student.z.embed,raw,300,79,0.5918
in100.lejepa.s0.ext,student.z.embed,raw,300,80,0.5966
in100.lejepa.s0.ext,student.z.embed,raw,300,81,0.5862
in100.lejepa.s0.ext,student.z.embed,raw,300,82,0.5906
in100.lejepa.s0.ext,student.z.embed,raw,300,83,0.5924
in100.lejepa.s0.ext,student.z.embed,raw,300,84,0.5892
in100.lejepa.s0.ext,student.z.embed,raw,300,85,0.5896
in100.lejepa.s0.ext,student.z.embed,raw,300,86,0.5904
in100.lejepa.s0.ext,student.z.embed,raw,300,87,0.589
in100.lejepa.s0.ext,student.z.embed,raw,300,88,0.5978
in100.lejepa.s0.ext,student.z.embed,raw,300,89,0.5918
in100.lejepa.s0.ext,student.z.embed,raw,300,90,0.5944
in100.lejepa.s0.ext,student.z.embed,raw,300,91,0.594
in100.lejepa.s0.ext,student.z.embed,raw,300,92,0.593
in100.lejepa.s0.ext,student.z.embed,raw,300,93,0.59
in100.lejepa.s0.ext,student.z.embed,raw,300,94,0.5946
in100.lejepa.s0.ext,student.z.embed,raw,300,95,0.5892
in100.lejepa.s0.ext,student.z.embed,raw,300,96,0.5922
in100.lejepa.s0.ext,student.z.embed,raw,300,97,0.5942
in100.lejepa.s0.ext,student.z.embed,raw,300,98,0.5952
in100.lejepa.s0.ext,student.z.embed,raw,300,99,0.5902
in100.lejepa.s0.ext,student.z.embed,raw,300,100,0.5908
in100.lejepa.s0.ext,student.z.embed,raw,300,101,0.594
in100.lejepa.s0.ext,student.z.embed,raw,300,102,0.5906
in100.lejepa.s0.ext,student.z.embed,raw,300,103,0.5942
in100.lejepa.s0.ext,student.z.embed,raw,300,104,0.5912
in100.lejepa.s0.ext,student.z.embed,raw,300,105,0.5982
in100.lejepa.s0.ext,student.z.embed,raw,300,106,0.5908
in100.lejepa.s0.ext,student.z.embed,raw,300,107,0.5858
in100.lejepa.s0.ext,student.z.embed,raw,300,108,0.5928
in100.lejepa.s0.ext,student.z.embed,raw,300,109,0.5914
in100.lejepa.s0.ext,student.z.embed,raw,300,110,0.588
in100.lejepa.s0.ext,student.z.embed,raw,300,111,0.591
in100.lejepa.s0.ext,student.z.embed,raw,300,112,0.5918
in100.lejepa.s0.ext,student.z.embed,raw,300,113,0.5936
in100.lejepa.s0.ext,student.z.embed,raw,300,114,0.596
in100.lejepa.s0.ext,student.z.embed,raw,300,115,0.5894
in100.lejepa.s0.ext,student.z.embed,raw,300,116,0.5928
in100.lejepa.s0.ext,student.z.embed,raw,300,117,0.5912
in100.lejepa.s0.ext,student.z.embed,raw,300,118,0.591
in100.lejepa.s0.ext,student.z.embed,raw,300,119,0.5942
in100.lejepa.s0.ext,student.z.embed,raw,300,120,0.5948
in100.lejepa.s0.ext,student.z.embed,raw,300,121,0.5904
in100.lejepa.s0.ext,student.z.embed,raw,300,122,0.5914
in100.lejepa.s0.ext,student.z.embed,raw,300,123,0.5972
in100.lejepa.s0.ext,student.z.embed,raw,300,124,0.591
in100.lejepa.s0.ext,student.z.embed,raw,300,125,0.593
in100.lejepa.s0.ext,student.z.embed,raw,300,126,0.594
in100.lejepa.s0.ext,student.z.embed,raw,300,127,0.5938
in100.lejepa.s0.ext,student.z.embed,raw,300,128,0.5876
in100.lejepa.s0.ext,student.z.embed,raw,300,129,0.592
in100.lejepa.s0.ext,student.z.embed,raw,300,130,0.5908
in100.lejepa.s0.ext,student.z.embed,raw,300,131,0.5926
in100.lejepa.s0.ext,student.z.embed,raw,300,132,0.5936
in100.lejepa.s0.ext,student.z.embed,raw,300,133,0.5924
in100.lejepa.s0.ext,student.z.embed,raw,300,134,0.5916
in100.lejepa.s0.ext,student.z.embed,raw,300,135,0.5932
in100.lejepa.s0.ext,student.z.embed,raw,300,136,0.5934
in100.lejepa.s0.ext,student.z.embed,raw,300,137,0.59
in100.lejepa.s0.ext,student.z.embed,raw,300,138,0.5892
in100.lejepa.s0.ext,student.z.embed,raw,300,139,0.595
in100.lejepa.s0.ext,student.z.embed,raw,300,140,0.5926
in100.lejepa.s0.ext,student.z.embed,raw,300,141,0.5996
in100.lejepa.s0.ext,student.z.embed,raw,300,142,0.5904
in100.lejepa.s0.ext,student.z.embed,raw,300,143,0.5964
in100.lejepa.s0.ext,student.z.embed,raw,300,144,0.595
in100.lejepa.s0.ext,student.z.embed,raw,300,145,0.5952
in100.lejepa.s0.ext,student.z.embed,raw,300,146,0.595
in100.lejepa.s0.ext,student.z.embed,raw,300,147,0.5922
in100.lejepa.s0.ext,student.z.embed,raw,300,148,0.5954
in100.lejepa.s0.ext,student.z.embed,raw,300,149,0.5988
in100.lejepa.s0.ext,student.z.embed,raw,300,150,0.5964
in100.lejepa.s0.ext,student.z.embed,raw,300,151,0.592
in100.lejepa.s0.ext,student.z.embed,raw,300,152,0.5882
in100.lejepa.s0.ext,student.z.embed,raw,300,153,0.5944
in100.lejepa.s0.ext,student.z.embed,raw,300,154,0.5944
in100.lejepa.s0.ext,student.z.embed,raw,300,155,0.5898
in100.lejepa.s0.ext,student.z.embed,raw,300,156,0.5924
in100.lejepa.s0.ext,student.z.embed,raw,300,157,0.5936
in100.lejepa.s0.ext,student.z.embed,raw,300,158,0.5926
in100.lejepa.s0.ext,student.z.embed,raw,300,159,0.5914
in100.lejepa.s0.ext,student.z.embed,raw,300,160,0.595
in100.lejepa.s0.ext,student.z.embed,raw,300,161,0.5946
in100.lejepa.s0.ext,student.z.embed,raw,300,162,0.601
in100.lejepa.s0.ext,student.z.embed,raw,300,163,0.5936
in100.lejepa.s0.ext,student.z.embed,raw,300,164,0.597
in100.lejepa.s0.ext,student.z.embed,raw,300,165,0.5944
in100.lejepa.s0.ext,student.z.embed,raw,300,166,0.5944
in100.lejepa.s0.ext,student.z.embed,raw,300,167,0.5906
in100.lejepa.s0.ext,student.z.embed,raw,300,168,0.5976
in100.lejepa.s0.ext,student.z.embed,raw,300,169,0.5916
in100.lejepa.s0.ext,student.z.embed,raw,300,170,0.5942
in100.lejepa.s0.ext,student.z.embed,raw,300,171,0.595
in100.lejepa.s0.ext,student.z.embed,raw,300,172,0.597
in100.lejepa.s0.ext,student.z.embed,raw,300,173,0.5946
in100.lejepa.s0.ext,student.z.embed,raw,300,174,0.5954
in100.lejepa.s0.ext,student.z.embed,raw,300,175,0.5962
in100.lejepa.s0.ext,student.z.embed,raw,300,176,0.59
in100.lejepa.s0.ext,student.z.embed,raw,300,177,0.5934
in100.lejepa.s0.ext,student.z.embed,raw,300,178,0.597
in100.lejepa.s0.ext,student.z.embed,raw,300,179,0.5934
in100.lejepa.s0.ext,student.z.embed,raw,300,180,0.5952
in100.lejepa.s0.ext,student.z.embed,raw,300,181,0.5918
in100.lejepa.s0.ext,student.z.embed,raw,300,182,0.595
in100.lejepa.s0.ext,student.z.embed,raw,300,183,0.5944
in100.lejepa.s0.ext,student.z.embed,raw,300,184,0.595
in100.lejepa.s0.ext,student.z.embed,raw,300,185,0.5926
in100.lejepa.s0.ext,student.z.embed,raw,300,186,0.5916
in100.lejepa.s0.ext,student.z.embed,raw,300,187,0.593
in100.lejepa.s0.ext,student.z.embed,raw,300,188,0.5964
in100.lejepa.s0.ext,student.z.embed,raw,300,189,0.595
in100.lejepa.s0.ext,student.z.embed,raw,300,190,0.5948
in100.lejepa.s0.ext,student.z.embed,raw,300,191,0.5958
in100.lejepa.s0.ext,student.z.embed,raw,300,192,0.5946
in100.lejepa.s0.ext,student.z.embed,raw,300,193,0.5946
in100.lejepa.s0.ext,student.z.embed,raw,300,194,0.5962
in100.lejepa.s0.ext,student.z.embed,raw,300,195,0.5966
in100.lejepa.s0.ext,student.z.embed,raw,300,196,0.5972
in100.lejepa.s0.ext,student.z.embed,raw,300,197,0.5968
in100.lejepa.s0.ext,student.z.embed,raw,300,198,0.5982
in100.lejepa.s0.ext,student.z.embed,raw,300,199,0.5924
in100.lejepa.s0.ext,student.z.embed,raw,300,200,0.5922
in100.lejepa.s0.ext,student.z.embed,raw,300,201,0.5966
in100.lejepa.s0.ext,student.z.embed,raw,300,202,0.596
in100.lejepa.s0.ext,student.z.embed,raw,300,203,0.5924
in100.lejepa.s0.ext,student.z.embed,raw,300,204,0.594
in100.lejepa.s0.ext,student.z.embed,raw,300,205,0.5924
in100.lejepa.s0.ext,student.z.embed,raw,300,206,0.5992
in100.lejepa.s0.ext,student.z.embed,raw,300,207,0.598
in100.lejepa.s0.ext,student.z.embed,raw,300,208,0.5934
in100.lejepa.s0.ext,student.z.embed,raw,300,209,0.5916
in100.lejepa.s0.ext,student.z.embed,raw,300,210,0.5932
in100.lejepa.s0.ext,student.z.embed,raw,300,211,0.595
in100.lejepa.s0.ext,student.z.embed,raw,300,212,0.5946
in100.lejepa.s0.ext,student.z.embed,raw,300,213,0.591
in100.lejepa.s0.ext,student.z.embed,raw,300,214,0.5952
in100.lejepa.s0.ext,student.z.embed,raw,300,215,0.5932
in100.lejepa.s0.ext,student.z.embed,raw,300,216,0.5964
in100.lejepa.s0.ext,student.z.embed,raw,300,217,0.5998
in100.lejepa.s0.ext,student.z.embed,raw,300,218,0.5962
in100.lejepa.s0.ext,student.z.embed,raw,300,219,0.599
in100.lejepa.s0.ext,student.z.embed,raw,300,220,0.5972
in100.lejepa.s0.ext,student.z.embed,raw,300,221,0.5928
in100.lejepa.s0.ext,student.z.embed,raw,300,222,0.5962
in100.lejepa.s0.ext,student.z.embed,raw,300,223,0.5972
in100.lejepa.s0.ext,student.z.embed,raw,300,224,0.594
in100.lejepa.s0.ext,student.z.embed,raw,300,225,0.6
in100.lejepa.s0.ext,student.z.embed,raw,300,226,0.596
in100.lejepa.s0.ext,student.z.embed,raw,300,227,0.596
in100.lejepa.s0.ext,student.z.embed,raw,300,228,0.5966
in100.lejepa.s0.ext,student.z.embed,raw,300,229,0.5964
in100.lejepa.s0.ext,student.z.embed,raw,300,230,0.5928
in100.lejepa.s0.ext,student.z.embed,raw,300,231,0.5984
in100.lejepa.s0.ext,student.z.embed,raw,300,232,0.5956
in100.lejepa.s0.ext,student.z.embed,raw,300,233,0.5928
in100.lejepa.s0.ext,student.z.embed,raw,300,234,0.5966
in100.lejepa.s0.ext,student.z.embed,raw,300,235,0.5976
in100.lejepa.s0.ext,student.z.embed,raw,300,236,0.5962
in100.lejepa.s0.ext,student.z.embed,raw,300,237,0.5942
in100.lejepa.s0.ext,student.z.embed,raw,300,238,0.5974
in100.lejepa.s0.ext,student.z.embed,raw,300,239,0.5966
in100.lejepa.s0.ext,student.z.embed,raw,300,240,0.5976
in100.lejepa.s0.ext,student.z.embed,raw,300,241,0.5904
in100.lejepa.s0.ext,student.z.embed,raw,300,242,0.5972
in100.lejepa.s0.ext,student.z.embed,raw,300,243,0.5936
in100.lejepa.s0.ext,student.z.embed,raw,300,244,0.5966
in100.lejepa.s0.ext,student.z.embed,raw,300,245,0.596
in100.lejepa.s0.ext,student.z.embed,raw,300,246,0.5962
in100.lejepa.s0.ext,student.z.embed,raw,300,247,0.5942
in100.lejepa.s0.ext,student.z.embed,raw,300,248,0.5966
in100.lejepa.s0.ext,student.z.embed,raw,300,249,0.5984
in100.lejepa.s0.ext,student.z.embed,raw,300,250,0.6002
in100.lejepa.s0.ext,student.z.embed,raw,300,251,0.5998
in100.lejepa.s0.ext,student.z.embed,raw,300,252,0.598
in100.lejepa.s0.ext,student.z.embed,raw,300,253,0.5958
in100.lejepa.s0.ext,student.z.embed,raw,300,254,0.594
in100.lejepa.s0.ext,student.z.embed,raw,300,255,0.5966
in100.lejepa.s0.ext,student.z.embed,raw,300,256,0.5932
in100.lejepa.s0.ext,student.z.embed,raw,300,257,0.594
in100.lejepa.s0.ext,student.z.embed,raw,300,258,0.597
in100.lejepa.s0.ext,student.z.embed,raw,300,259,0.593
in100.lejepa.s0.ext,student.z.embed,raw,300,260,0.5992
in100.lejepa.s0.ext,student.z.embed,raw,300,261,0.5944
in100.lejepa.s0.ext,student.z.embed,raw,300,262,0.594
in100.lejepa.s0.ext,student.z.embed,raw,300,263,0.5946
in100.lejepa.s0.ext,student.z.embed,raw,300,264,0.593
in100.lejepa.s0.ext,student.z.embed,raw,300,265,0.5966
in100.lejepa.s0.ext,student.z.embed,raw,300,266,0.5974
in100.lejepa.s0.ext,student.z.embed,raw,300,267,0.5954
in100.lejepa.s0.ext,student.z.embed,raw,300,268,0.5972
in100.lejepa.s0.ext,student.z.embed,raw,300,269,0.5948
in100.lejepa.s0.ext,student.z.embed,raw,300,270,0.6022
in100.lejepa.s0.ext,student.z.embed,raw,300,271,0.5962
in100.lejepa.s0.ext,student.z.embed,raw,300,272,0.5954
in100.lejepa.s0.ext,student.z.embed,raw,300,273,0.5938
in100.lejepa.s0.ext,student.z.embed,raw,300,274,0.5904
in100.lejepa.s0.ext,student.z.embed,raw,300,275,0.5984
in100.lejepa.s0.ext,student.z.embed,raw,300,276,0.5962
in100.lejepa.s0.ext,student.z.embed,raw,300,277,0.5958
in100.lejepa.s0.ext,student.z.embed,raw,300,278,0.5958
in100.lejepa.s0.ext,student.z.embed,raw,300,279,0.5972
in100.lejepa.s0.ext,student.z.embed,raw,300,280,0.5966
in100.lejepa.s0.ext,student.z.embed,raw,300,281,0.602
in100.lejepa.s0.ext,student.z.embed,raw,300,282,0.5962
in100.lejepa.s0.ext,student.z.embed,raw,300,283,0.5944
in100.lejepa.s0.ext,student.z.embed,raw,300,284,0.596
in100.lejepa.s0.ext,student.z.embed,raw,300,285,0.5964
in100.lejepa.s0.ext,student.z.embed,raw,300,286,0.596
in100.lejepa.s0.ext,student.z.embed,raw,300,287,0.5942
in100.lejepa.s0.ext,student.z.embed,raw,300,288,0.5956
in100.lejepa.s0.ext,student.z.embed,raw,300,289,0.5976
in100.lejepa.s0.ext,student.z.embed,raw,300,290,0.5958
in100.lejepa.s0.ext,student.z.embed,raw,300,291,0.599
in100.lejepa.s0.ext,student.z.embed,raw,300,292,0.5942
in100.lejepa.s0.ext,student.z.embed,raw,300,293,0.5988
in100.lejepa.s0.ext,student.z.embed,raw,300,294,0.5942
in100.lejepa.s0.ext,student.z.embed,raw,300,295,0.5954
in100.lejepa.s0.ext,student.z.embed,raw,300,296,0.5938
in100.lejepa.s0.ext,student.z.embed,raw,300,297,0.595
in100.lejepa.s0.ext,student.z.embed,raw,300,298,0.5994
in100.lejepa.s0.ext,student.z.embed,raw,300,299,0.5942
in100.lejepa.s0.ext,student.z.embed,std,30,0,0.558
in100.lejepa.s0.ext,student.z.embed,std,30,1,0.5812
in100.lejepa.s0.ext,student.z.embed,std,30,2,0.5792
in100.lejepa.s0.ext,student.z.embed,std,30,3,0.5766
in100.lejepa.s0.ext,student.z.embed,std,30,4,0.5758
in100.lejepa.s0.ext,student.z.embed,std,30,5,0.5758
in100.lejepa.s0.ext,student.z.embed,std,30,6,0.5798
in100.lejepa.s0.ext,student.z.embed,std,30,7,0.584
in100.lejepa.s0.ext,student.z.embed,std,30,8,0.5876
in100.lejepa.s0.ext,student.z.embed,std,30,9,0.5888
in100.lejepa.s0.ext,student.z.embed,std,30,10,0.58
in100.lejepa.s0.ext,student.z.embed,std,30,11,0.5844
in100.lejepa.s0.ext,student.z.embed,std,30,12,0.5844
in100.lejepa.s0.ext,student.z.embed,std,30,13,0.5912
in100.lejepa.s0.ext,student.z.embed,std,30,14,0.5924
in100.lejepa.s0.ext,student.z.embed,std,30,15,0.5864
in100.lejepa.s0.ext,student.z.embed,std,30,16,0.5918
in100.lejepa.s0.ext,student.z.embed,std,30,17,0.5904
in100.lejepa.s0.ext,student.z.embed,std,30,18,0.5912
in100.lejepa.s0.ext,student.z.embed,std,30,19,0.591
in100.lejepa.s0.ext,student.z.embed,std,30,20,0.5884
in100.lejepa.s0.ext,student.z.embed,std,30,21,0.592
in100.lejepa.s0.ext,student.z.embed,std,30,22,0.591
in100.lejepa.s0.ext,student.z.embed,std,30,23,0.5906
in100.lejepa.s0.ext,student.z.embed,std,30,24,0.5928
in100.lejepa.s0.ext,student.z.embed,std,30,25,0.591
in100.lejepa.s0.ext,student.z.embed,std,30,26,0.5894
in100.lejepa.s0.ext,student.z.embed,std,30,27,0.5956
in100.lejepa.s0.ext,student.z.embed,std,30,28,0.5938
in100.lejepa.s0.ext,student.z.embed,std,30,29,0.5848
in100.lejepa.s0.ext,student.z.embed,std,300,0,0.558
in100.lejepa.s0.ext,student.z.embed,std,300,1,0.5812
in100.lejepa.s0.ext,student.z.embed,std,300,2,0.5792
in100.lejepa.s0.ext,student.z.embed,std,300,3,0.5766
in100.lejepa.s0.ext,student.z.embed,std,300,4,0.5758
in100.lejepa.s0.ext,student.z.embed,std,300,5,0.5758
in100.lejepa.s0.ext,student.z.embed,std,300,6,0.5798
in100.lejepa.s0.ext,student.z.embed,std,300,7,0.584
in100.lejepa.s0.ext,student.z.embed,std,300,8,0.5876
in100.lejepa.s0.ext,student.z.embed,std,300,9,0.5888
in100.lejepa.s0.ext,student.z.embed,std,300,10,0.58
in100.lejepa.s0.ext,student.z.embed,std,300,11,0.5844
in100.lejepa.s0.ext,student.z.embed,std,300,12,0.5844
in100.lejepa.s0.ext,student.z.embed,std,300,13,0.5912
in100.lejepa.s0.ext,student.z.embed,std,300,14,0.5924
in100.lejepa.s0.ext,student.z.embed,std,300,15,0.5864
in100.lejepa.s0.ext,student.z.embed,std,300,16,0.5918
in100.lejepa.s0.ext,student.z.embed,std,300,17,0.5904
in100.lejepa.s0.ext,student.z.embed,std,300,18,0.5912
in100.lejepa.s0.ext,student.z.embed,std,300,19,0.591
in100.lejepa.s0.ext,student.z.embed,std,300,20,0.5884
in100.lejepa.s0.ext,student.z.embed,std,300,21,0.592
in100.lejepa.s0.ext,student.z.embed,std,300,22,0.591
in100.lejepa.s0.ext,student.z.embed,std,300,23,0.5906
in100.lejepa.s0.ext,student.z.embed,std,300,24,0.5928
in100.lejepa.s0.ext,student.z.embed,std,300,25,0.591
in100.lejepa.s0.ext,student.z.embed,std,300,26,0.5894
in100.lejepa.s0.ext,student.z.embed,std,300,27,0.5956
in100.lejepa.s0.ext,student.z.embed,std,300,28,0.5938
in100.lejepa.s0.ext,student.z.embed,std,300,29,0.5848
in100.lejepa.s0.ext,student.z.embed,std,300,30,0.5904
in100.lejepa.s0.ext,student.z.embed,std,300,31,0.5876
in100.lejepa.s0.ext,student.z.embed,std,300,32,0.5936
in100.lejepa.s0.ext,student.z.embed,std,300,33,0.5924
in100.lejepa.s0.ext,student.z.embed,std,300,34,0.5924
in100.lejepa.s0.ext,student.z.embed,std,300,35,0.5932
in100.lejepa.s0.ext,student.z.embed,std,300,36,0.5926
in100.lejepa.s0.ext,student.z.embed,std,300,37,0.59
in100.lejepa.s0.ext,student.z.embed,std,300,38,0.5856
in100.lejepa.s0.ext,student.z.embed,std,300,39,0.5926
in100.lejepa.s0.ext,student.z.embed,std,300,40,0.5934
in100.lejepa.s0.ext,student.z.embed,std,300,41,0.5928
in100.lejepa.s0.ext,student.z.embed,std,300,42,0.5944
in100.lejepa.s0.ext,student.z.embed,std,300,43,0.5908
in100.lejepa.s0.ext,student.z.embed,std,300,44,0.5888
in100.lejepa.s0.ext,student.z.embed,std,300,45,0.5924
in100.lejepa.s0.ext,student.z.embed,std,300,46,0.5936
in100.lejepa.s0.ext,student.z.embed,std,300,47,0.5936
in100.lejepa.s0.ext,student.z.embed,std,300,48,0.59
in100.lejepa.s0.ext,student.z.embed,std,300,49,0.594
in100.lejepa.s0.ext,student.z.embed,std,300,50,0.5878
in100.lejepa.s0.ext,student.z.embed,std,300,51,0.5952
in100.lejepa.s0.ext,student.z.embed,std,300,52,0.592
in100.lejepa.s0.ext,student.z.embed,std,300,53,0.5976
in100.lejepa.s0.ext,student.z.embed,std,300,54,0.5932
in100.lejepa.s0.ext,student.z.embed,std,300,55,0.5998
in100.lejepa.s0.ext,student.z.embed,std,300,56,0.5936
in100.lejepa.s0.ext,student.z.embed,std,300,57,0.5936
in100.lejepa.s0.ext,student.z.embed,std,300,58,0.5996
in100.lejepa.s0.ext,student.z.embed,std,300,59,0.5976
in100.lejepa.s0.ext,student.z.embed,std,300,60,0.594
in100.lejepa.s0.ext,student.z.embed,std,300,61,0.5952
in100.lejepa.s0.ext,student.z.embed,std,300,62,0.5936
in100.lejepa.s0.ext,student.z.embed,std,300,63,0.5978
in100.lejepa.s0.ext,student.z.embed,std,300,64,0.5978
in100.lejepa.s0.ext,student.z.embed,std,300,65,0.5992
in100.lejepa.s0.ext,student.z.embed,std,300,66,0.598
in100.lejepa.s0.ext,student.z.embed,std,300,67,0.5964
in100.lejepa.s0.ext,student.z.embed,std,300,68,0.5936
in100.lejepa.s0.ext,student.z.embed,std,300,69,0.5954
in100.lejepa.s0.ext,student.z.embed,std,300,70,0.5966
in100.lejepa.s0.ext,student.z.embed,std,300,71,0.599
in100.lejepa.s0.ext,student.z.embed,std,300,72,0.5926
in100.lejepa.s0.ext,student.z.embed,std,300,73,0.594
in100.lejepa.s0.ext,student.z.embed,std,300,74,0.5966
in100.lejepa.s0.ext,student.z.embed,std,300,75,0.5918
in100.lejepa.s0.ext,student.z.embed,std,300,76,0.596
in100.lejepa.s0.ext,student.z.embed,std,300,77,0.596
in100.lejepa.s0.ext,student.z.embed,std,300,78,0.5986
in100.lejepa.s0.ext,student.z.embed,std,300,79,0.5974
in100.lejepa.s0.ext,student.z.embed,std,300,80,0.5998
in100.lejepa.s0.ext,student.z.embed,std,300,81,0.5928
in100.lejepa.s0.ext,student.z.embed,std,300,82,0.6032
in100.lejepa.s0.ext,student.z.embed,std,300,83,0.5944
in100.lejepa.s0.ext,student.z.embed,std,300,84,0.5956
in100.lejepa.s0.ext,student.z.embed,std,300,85,0.596
in100.lejepa.s0.ext,student.z.embed,std,300,86,0.5926
in100.lejepa.s0.ext,student.z.embed,std,300,87,0.5998
in100.lejepa.s0.ext,student.z.embed,std,300,88,0.5902
in100.lejepa.s0.ext,student.z.embed,std,300,89,0.5928
in100.lejepa.s0.ext,student.z.embed,std,300,90,0.5982
in100.lejepa.s0.ext,student.z.embed,std,300,91,0.599
in100.lejepa.s0.ext,student.z.embed,std,300,92,0.5942
in100.lejepa.s0.ext,student.z.embed,std,300,93,0.5974
in100.lejepa.s0.ext,student.z.embed,std,300,94,0.5874
in100.lejepa.s0.ext,student.z.embed,std,300,95,0.5978
in100.lejepa.s0.ext,student.z.embed,std,300,96,0.6008
in100.lejepa.s0.ext,student.z.embed,std,300,97,0.598
in100.lejepa.s0.ext,student.z.embed,std,300,98,0.5992
in100.lejepa.s0.ext,student.z.embed,std,300,99,0.598
in100.lejepa.s0.ext,student.z.embed,std,300,100,0.5984
in100.lejepa.s0.ext,student.z.embed,std,300,101,0.599
in100.lejepa.s0.ext,student.z.embed,std,300,102,0.5948
in100.lejepa.s0.ext,student.z.embed,std,300,103,0.596
in100.lejepa.s0.ext,student.z.embed,std,300,104,0.6024
in100.lejepa.s0.ext,student.z.embed,std,300,105,0.596
in100.lejepa.s0.ext,student.z.embed,std,300,106,0.594
in100.lejepa.s0.ext,student.z.embed,std,300,107,0.596
in100.lejepa.s0.ext,student.z.embed,std,300,108,0.601
in100.lejepa.s0.ext,student.z.embed,std,300,109,0.5996
in100.lejepa.s0.ext,student.z.embed,std,300,110,0.5918
in100.lejepa.s0.ext,student.z.embed,std,300,111,0.5982
in100.lejepa.s0.ext,student.z.embed,std,300,112,0.5996
in100.lejepa.s0.ext,student.z.embed,std,300,113,0.5972
in100.lejepa.s0.ext,student.z.embed,std,300,114,0.6006
in100.lejepa.s0.ext,student.z.embed,std,300,115,0.5978
in100.lejepa.s0.ext,student.z.embed,std,300,116,0.5968
in100.lejepa.s0.ext,student.z.embed,std,300,117,0.5998
in100.lejepa.s0.ext,student.z.embed,std,300,118,0.5958
in100.lejepa.s0.ext,student.z.embed,std,300,119,0.596
in100.lejepa.s0.ext,student.z.embed,std,300,120,0.6026
in100.lejepa.s0.ext,student.z.embed,std,300,121,0.6042
in100.lejepa.s0.ext,student.z.embed,std,300,122,0.597
in100.lejepa.s0.ext,student.z.embed,std,300,123,0.6016
in100.lejepa.s0.ext,student.z.embed,std,300,124,0.5984
in100.lejepa.s0.ext,student.z.embed,std,300,125,0.593
in100.lejepa.s0.ext,student.z.embed,std,300,126,0.6044
in100.lejepa.s0.ext,student.z.embed,std,300,127,0.5958
in100.lejepa.s0.ext,student.z.embed,std,300,128,0.5984
in100.lejepa.s0.ext,student.z.embed,std,300,129,0.6022
in100.lejepa.s0.ext,student.z.embed,std,300,130,0.6022
in100.lejepa.s0.ext,student.z.embed,std,300,131,0.595
in100.lejepa.s0.ext,student.z.embed,std,300,132,0.6018
in100.lejepa.s0.ext,student.z.embed,std,300,133,0.5964
in100.lejepa.s0.ext,student.z.embed,std,300,134,0.6006
in100.lejepa.s0.ext,student.z.embed,std,300,135,0.6054
in100.lejepa.s0.ext,student.z.embed,std,300,136,0.5958
in100.lejepa.s0.ext,student.z.embed,std,300,137,0.5976
in100.lejepa.s0.ext,student.z.embed,std,300,138,0.596
in100.lejepa.s0.ext,student.z.embed,std,300,139,0.5994
in100.lejepa.s0.ext,student.z.embed,std,300,140,0.6014
in100.lejepa.s0.ext,student.z.embed,std,300,141,0.5962
in100.lejepa.s0.ext,student.z.embed,std,300,142,0.595
in100.lejepa.s0.ext,student.z.embed,std,300,143,0.5996
in100.lejepa.s0.ext,student.z.embed,std,300,144,0.5952
in100.lejepa.s0.ext,student.z.embed,std,300,145,0.5978
in100.lejepa.s0.ext,student.z.embed,std,300,146,0.6004
in100.lejepa.s0.ext,student.z.embed,std,300,147,0.5966
in100.lejepa.s0.ext,student.z.embed,std,300,148,0.603
in100.lejepa.s0.ext,student.z.embed,std,300,149,0.6026
in100.lejepa.s0.ext,student.z.embed,std,300,150,0.6026
in100.lejepa.s0.ext,student.z.embed,std,300,151,0.6004
in100.lejepa.s0.ext,student.z.embed,std,300,152,0.592
in100.lejepa.s0.ext,student.z.embed,std,300,153,0.6004
in100.lejepa.s0.ext,student.z.embed,std,300,154,0.6034
in100.lejepa.s0.ext,student.z.embed,std,300,155,0.599
in100.lejepa.s0.ext,student.z.embed,std,300,156,0.6002
in100.lejepa.s0.ext,student.z.embed,std,300,157,0.601
in100.lejepa.s0.ext,student.z.embed,std,300,158,0.6012
in100.lejepa.s0.ext,student.z.embed,std,300,159,0.6014
in100.lejepa.s0.ext,student.z.embed,std,300,160,0.5986
in100.lejepa.s0.ext,student.z.embed,std,300,161,0.5988
in100.lejepa.s0.ext,student.z.embed,std,300,162,0.6004
in100.lejepa.s0.ext,student.z.embed,std,300,163,0.5968
in100.lejepa.s0.ext,student.z.embed,std,300,164,0.598
in100.lejepa.s0.ext,student.z.embed,std,300,165,0.6074
in100.lejepa.s0.ext,student.z.embed,std,300,166,0.593
in100.lejepa.s0.ext,student.z.embed,std,300,167,0.5946
in100.lejepa.s0.ext,student.z.embed,std,300,168,0.6022
in100.lejepa.s0.ext,student.z.embed,std,300,169,0.5982
in100.lejepa.s0.ext,student.z.embed,std,300,170,0.6026
in100.lejepa.s0.ext,student.z.embed,std,300,171,0.5946
in100.lejepa.s0.ext,student.z.embed,std,300,172,0.6048
in100.lejepa.s0.ext,student.z.embed,std,300,173,0.599
in100.lejepa.s0.ext,student.z.embed,std,300,174,0.6018
in100.lejepa.s0.ext,student.z.embed,std,300,175,0.602
in100.lejepa.s0.ext,student.z.embed,std,300,176,0.597
in100.lejepa.s0.ext,student.z.embed,std,300,177,0.599
in100.lejepa.s0.ext,student.z.embed,std,300,178,0.6004
in100.lejepa.s0.ext,student.z.embed,std,300,179,0.5982
in100.lejepa.s0.ext,student.z.embed,std,300,180,0.6006
in100.lejepa.s0.ext,student.z.embed,std,300,181,0.5988
in100.lejepa.s0.ext,student.z.embed,std,300,182,0.6012
in100.lejepa.s0.ext,student.z.embed,std,300,183,0.5964
in100.lejepa.s0.ext,student.z.embed,std,300,184,0.599
in100.lejepa.s0.ext,student.z.embed,std,300,185,0.597
in100.lejepa.s0.ext,student.z.embed,std,300,186,0.5952
in100.lejepa.s0.ext,student.z.embed,std,300,187,0.6028
in100.lejepa.s0.ext,student.z.embed,std,300,188,0.6058
in100.lejepa.s0.ext,student.z.embed,std,300,189,0.597
in100.lejepa.s0.ext,student.z.embed,std,300,190,0.6004
in100.lejepa.s0.ext,student.z.embed,std,300,191,0.5978
in100.lejepa.s0.ext,student.z.embed,std,300,192,0.5988
in100.lejepa.s0.ext,student.z.embed,std,300,193,0.6002
in100.lejepa.s0.ext,student.z.embed,std,300,194,0.6
in100.lejepa.s0.ext,student.z.embed,std,300,195,0.5998
in100.lejepa.s0.ext,student.z.embed,std,300,196,0.6014
in100.lejepa.s0.ext,student.z.embed,std,300,197,0.6002
in100.lejepa.s0.ext,student.z.embed,std,300,198,0.602
in100.lejepa.s0.ext,student.z.embed,std,300,199,0.6026
in100.lejepa.s0.ext,student.z.embed,std,300,200,0.6024
in100.lejepa.s0.ext,student.z.embed,std,300,201,0.6014
in100.lejepa.s0.ext,student.z.embed,std,300,202,0.5992
in100.lejepa.s0.ext,student.z.embed,std,300,203,0.6032
in100.lejepa.s0.ext,student.z.embed,std,300,204,0.6024
in100.lejepa.s0.ext,student.z.embed,std,300,205,0.5992
in100.lejepa.s0.ext,student.z.embed,std,300,206,0.5974
in100.lejepa.s0.ext,student.z.embed,std,300,207,0.5956
in100.lejepa.s0.ext,student.z.embed,std,300,208,0.597
in100.lejepa.s0.ext,student.z.embed,std,300,209,0.5974
in100.lejepa.s0.ext,student.z.embed,std,300,210,0.5972
in100.lejepa.s0.ext,student.z.embed,std,300,211,0.597
in100.lejepa.s0.ext,student.z.embed,std,300,212,0.5976
in100.lejepa.s0.ext,student.z.embed,std,300,213,0.601
in100.lejepa.s0.ext,student.z.embed,std,300,214,0.599
in100.lejepa.s0.ext,student.z.embed,std,300,215,0.6016
in100.lejepa.s0.ext,student.z.embed,std,300,216,0.6014
in100.lejepa.s0.ext,student.z.embed,std,300,217,0.6054
in100.lejepa.s0.ext,student.z.embed,std,300,218,0.6016
in100.lejepa.s0.ext,student.z.embed,std,300,219,0.6034
in100.lejepa.s0.ext,student.z.embed,std,300,220,0.6024
in100.lejepa.s0.ext,student.z.embed,std,300,221,0.6
in100.lejepa.s0.ext,student.z.embed,std,300,222,0.6012
in100.lejepa.s0.ext,student.z.embed,std,300,223,0.5998
in100.lejepa.s0.ext,student.z.embed,std,300,224,0.604
in100.lejepa.s0.ext,student.z.embed,std,300,225,0.603
in100.lejepa.s0.ext,student.z.embed,std,300,226,0.6006
in100.lejepa.s0.ext,student.z.embed,std,300,227,0.6024
in100.lejepa.s0.ext,student.z.embed,std,300,228,0.6006
in100.lejepa.s0.ext,student.z.embed,std,300,229,0.6036
in100.lejepa.s0.ext,student.z.embed,std,300,230,0.5978
in100.lejepa.s0.ext,student.z.embed,std,300,231,0.604
in100.lejepa.s0.ext,student.z.embed,std,300,232,0.6028
in100.lejepa.s0.ext,student.z.embed,std,300,233,0.5988
in100.lejepa.s0.ext,student.z.embed,std,300,234,0.5974
in100.lejepa.s0.ext,student.z.embed,std,300,235,0.604
in100.lejepa.s0.ext,student.z.embed,std,300,236,0.6014
in100.lejepa.s0.ext,student.z.embed,std,300,237,0.5994
in100.lejepa.s0.ext,student.z.embed,std,300,238,0.6036
in100.lejepa.s0.ext,student.z.embed,std,300,239,0.5992
in100.lejepa.s0.ext,student.z.embed,std,300,240,0.601
in100.lejepa.s0.ext,student.z.embed,std,300,241,0.5988
in100.lejepa.s0.ext,student.z.embed,std,300,242,0.5968
in100.lejepa.s0.ext,student.z.embed,std,300,243,0.6038
in100.lejepa.s0.ext,student.z.embed,std,300,244,0.6034
in100.lejepa.s0.ext,student.z.embed,std,300,245,0.603
in100.lejepa.s0.ext,student.z.embed,std,300,246,0.6004
in100.lejepa.s0.ext,student.z.embed,std,300,247,0.6044
in100.lejepa.s0.ext,student.z.embed,std,300,248,0.6046
in100.lejepa.s0.ext,student.z.embed,std,300,249,0.6026
in100.lejepa.s0.ext,student.z.embed,std,300,250,0.6062
in100.lejepa.s0.ext,student.z.embed,std,300,251,0.606
in100.lejepa.s0.ext,student.z.embed,std,300,252,0.5996
in100.lejepa.s0.ext,student.z.embed,std,300,253,0.6026
in100.lejepa.s0.ext,student.z.embed,std,300,254,0.601
in100.lejepa.s0.ext,student.z.embed,std,300,255,0.6
in100.lejepa.s0.ext,student.z.embed,std,300,256,0.601
in100.lejepa.s0.ext,student.z.embed,std,300,257,0.6016
in100.lejepa.s0.ext,student.z.embed,std,300,258,0.6028
in100.lejepa.s0.ext,student.z.embed,std,300,259,0.6018
in100.lejepa.s0.ext,student.z.embed,std,300,260,0.606
in100.lejepa.s0.ext,student.z.embed,std,300,261,0.6024
in100.lejepa.s0.ext,student.z.embed,std,300,262,0.6064
in100.lejepa.s0.ext,student.z.embed,std,300,263,0.5972
in100.lejepa.s0.ext,student.z.embed,std,300,264,0.5998
in100.lejepa.s0.ext,student.z.embed,std,300,265,0.6048
in100.lejepa.s0.ext,student.z.embed,std,300,266,0.6036
in100.lejepa.s0.ext,student.z.embed,std,300,267,0.6044
in100.lejepa.s0.ext,student.z.embed,std,300,268,0.6036
in100.lejepa.s0.ext,student.z.embed,std,300,269,0.6044
in100.lejepa.s0.ext,student.z.embed,std,300,270,0.6092
in100.lejepa.s0.ext,student.z.embed,std,300,271,0.605
in100.lejepa.s0.ext,student.z.embed,std,300,272,0.6004
in100.lejepa.s0.ext,student.z.embed,std,300,273,0.6004
in100.lejepa.s0.ext,student.z.embed,std,300,274,0.5978
in100.lejepa.s0.ext,student.z.embed,std,300,275,0.6056
in100.lejepa.s0.ext,student.z.embed,std,300,276,0.6004
in100.lejepa.s0.ext,student.z.embed,std,300,277,0.5962
in100.lejepa.s0.ext,student.z.embed,std,300,278,0.6052
in100.lejepa.s0.ext,student.z.embed,std,300,279,0.6044
in100.lejepa.s0.ext,student.z.embed,std,300,280,0.6014
in100.lejepa.s0.ext,student.z.embed,std,300,281,0.6118
in100.lejepa.s0.ext,student.z.embed,std,300,282,0.5988
in100.lejepa.s0.ext,student.z.embed,std,300,283,0.5974
in100.lejepa.s0.ext,student.z.embed,std,300,284,0.6034
in100.lejepa.s0.ext,student.z.embed,std,300,285,0.5984
in100.lejepa.s0.ext,student.z.embed,std,300,286,0.5956
in100.lejepa.s0.ext,student.z.embed,std,300,287,0.5964
in100.lejepa.s0.ext,student.z.embed,std,300,288,0.6034
in100.lejepa.s0.ext,student.z.embed,std,300,289,0.6054
in100.lejepa.s0.ext,student.z.embed,std,300,290,0.6074
in100.lejepa.s0.ext,student.z.embed,std,300,291,0.6018
in100.lejepa.s0.ext,student.z.embed,std,300,292,0.6018
in100.lejepa.s0.ext,student.z.embed,std,300,293,0.5984
in100.lejepa.s0.ext,student.z.embed,std,300,294,0.601
in100.lejepa.s0.ext,student.z.embed,std,300,295,0.6064
in100.lejepa.s0.ext,student.z.embed,std,300,296,0.6002
in100.lejepa.s0.ext,student.z.embed,std,300,297,0.6056
in100.lejepa.s0.ext,student.z.embed,std,300,298,0.6004
in100.lejepa.s0.ext,student.z.embed,std,300,299,0.6006
in100.lejepa.s0.ext,student.z.embed,bn,30,0,0.5574
in100.lejepa.s0.ext,student.z.embed,bn,30,1,0.5796
in100.lejepa.s0.ext,student.z.embed,bn,30,2,0.5762
in100.lejepa.s0.ext,student.z.embed,bn,30,3,0.5764
in100.lejepa.s0.ext,student.z.embed,bn,30,4,0.5746
in100.lejepa.s0.ext,student.z.embed,bn,30,5,0.5772
in100.lejepa.s0.ext,student.z.embed,bn,30,6,0.5814
in100.lejepa.s0.ext,student.z.embed,bn,30,7,0.584
in100.lejepa.s0.ext,student.z.embed,bn,30,8,0.585
in100.lejepa.s0.ext,student.z.embed,bn,30,9,0.589
in100.lejepa.s0.ext,student.z.embed,bn,30,10,0.5792
in100.lejepa.s0.ext,student.z.embed,bn,30,11,0.5842
in100.lejepa.s0.ext,student.z.embed,bn,30,12,0.5844
in100.lejepa.s0.ext,student.z.embed,bn,30,13,0.59
in100.lejepa.s0.ext,student.z.embed,bn,30,14,0.594
in100.lejepa.s0.ext,student.z.embed,bn,30,15,0.5872
in100.lejepa.s0.ext,student.z.embed,bn,30,16,0.5918
in100.lejepa.s0.ext,student.z.embed,bn,30,17,0.5904
in100.lejepa.s0.ext,student.z.embed,bn,30,18,0.5926
in100.lejepa.s0.ext,student.z.embed,bn,30,19,0.5886
in100.lejepa.s0.ext,student.z.embed,bn,30,20,0.5872
in100.lejepa.s0.ext,student.z.embed,bn,30,21,0.5908
in100.lejepa.s0.ext,student.z.embed,bn,30,22,0.5924
in100.lejepa.s0.ext,student.z.embed,bn,30,23,0.5896
in100.lejepa.s0.ext,student.z.embed,bn,30,24,0.5918
in100.lejepa.s0.ext,student.z.embed,bn,30,25,0.5908
in100.lejepa.s0.ext,student.z.embed,bn,30,26,0.589
in100.lejepa.s0.ext,student.z.embed,bn,30,27,0.5942
in100.lejepa.s0.ext,student.z.embed,bn,30,28,0.595
in100.lejepa.s0.ext,student.z.embed,bn,30,29,0.5872
in100.lejepa.s0.ext,student.z.embed,house,30,0,0.5282
in100.lejepa.s0.ext,student.z.embed,house,30,1,0.5548
in100.lejepa.s0.ext,student.z.embed,house,30,2,0.5636
in100.lejepa.s0.ext,student.z.embed,house,30,3,0.5626
in100.lejepa.s0.ext,student.z.embed,house,30,4,0.5696
in100.lejepa.s0.ext,student.z.embed,house,30,5,0.5742
in100.lejepa.s0.ext,student.z.embed,house,30,6,0.5708
in100.lejepa.s0.ext,student.z.embed,house,30,7,0.5798
in100.lejepa.s0.ext,student.z.embed,house,30,8,0.5764
in100.lejepa.s0.ext,student.z.embed,house,30,9,0.5776
in100.lejepa.s0.ext,student.z.embed,house,30,10,0.5796
in100.lejepa.s0.ext,student.z.embed,house,30,11,0.5774
in100.lejepa.s0.ext,student.z.embed,house,30,12,0.5816
in100.lejepa.s0.ext,student.z.embed,house,30,13,0.582
in100.lejepa.s0.ext,student.z.embed,house,30,14,0.5888
in100.lejepa.s0.ext,student.z.embed,house,30,15,0.581
in100.lejepa.s0.ext,student.z.embed,house,30,16,0.5912
in100.lejepa.s0.ext,student.z.embed,house,30,17,0.5846
in100.lejepa.s0.ext,student.z.embed,house,30,18,0.5844
in100.lejepa.s0.ext,student.z.embed,house,30,19,0.5934
in100.lejepa.s0.ext,student.z.embed,house,30,20,0.5832
in100.lejepa.s0.ext,student.z.embed,house,30,21,0.5872
in100.lejepa.s0.ext,student.z.embed,house,30,22,0.5884
in100.lejepa.s0.ext,student.z.embed,house,30,23,0.5872
in100.lejepa.s0.ext,student.z.embed,house,30,24,0.5872
in100.lejepa.s0.ext,student.z.embed,house,30,25,0.5876
in100.lejepa.s0.ext,student.z.embed,house,30,26,0.5862
in100.lejepa.s0.ext,student.z.embed,house,30,27,0.5934
in100.lejepa.s0.ext,student.z.embed,house,30,28,0.5908
in100.lejepa.s0.ext,student.z.embed,house,30,29,0.5862
in100.lejepa.s0.ext,student.z.embed,house,300,0,0.5282
in100.lejepa.s0.ext,student.z.embed,house,300,1,0.5548
in100.lejepa.s0.ext,student.z.embed,house,300,2,0.5636
in100.lejepa.s0.ext,student.z.embed,house,300,3,0.5626
in100.lejepa.s0.ext,student.z.embed,house,300,4,0.5696
in100.lejepa.s0.ext,student.z.embed,house,300,5,0.5742
in100.lejepa.s0.ext,student.z.embed,house,300,6,0.5708
in100.lejepa.s0.ext,student.z.embed,house,300,7,0.5798
in100.lejepa.s0.ext,student.z.embed,house,300,8,0.5764
in100.lejepa.s0.ext,student.z.embed,house,300,9,0.5776
in100.lejepa.s0.ext,student.z.embed,house,300,10,0.5796
in100.lejepa.s0.ext,student.z.embed,house,300,11,0.5774
in100.lejepa.s0.ext,student.z.embed,house,300,12,0.5816
in100.lejepa.s0.ext,student.z.embed,house,300,13,0.582
in100.lejepa.s0.ext,student.z.embed,house,300,14,0.5888
in100.lejepa.s0.ext,student.z.embed,house,300,15,0.581
in100.lejepa.s0.ext,student.z.embed,house,300,16,0.5912
in100.lejepa.s0.ext,student.z.embed,house,300,17,0.5846
in100.lejepa.s0.ext,student.z.embed,house,300,18,0.5844
in100.lejepa.s0.ext,student.z.embed,house,300,19,0.5934
in100.lejepa.s0.ext,student.z.embed,house,300,20,0.5832
in100.lejepa.s0.ext,student.z.embed,house,300,21,0.5872
in100.lejepa.s0.ext,student.z.embed,house,300,22,0.5884
in100.lejepa.s0.ext,student.z.embed,house,300,23,0.5872
in100.lejepa.s0.ext,student.z.embed,house,300,24,0.5872
in100.lejepa.s0.ext,student.z.embed,house,300,25,0.5876
in100.lejepa.s0.ext,student.z.embed,house,300,26,0.5862
in100.lejepa.s0.ext,student.z.embed,house,300,27,0.5934
in100.lejepa.s0.ext,student.z.embed,house,300,28,0.5908
in100.lejepa.s0.ext,student.z.embed,house,300,29,0.5862
in100.lejepa.s0.ext,student.z.embed,house,300,30,0.588
in100.lejepa.s0.ext,student.z.embed,house,300,31,0.5892
in100.lejepa.s0.ext,student.z.embed,house,300,32,0.595
in100.lejepa.s0.ext,student.z.embed,house,300,33,0.5932
in100.lejepa.s0.ext,student.z.embed,house,300,34,0.5906
in100.lejepa.s0.ext,student.z.embed,house,300,35,0.5922
in100.lejepa.s0.ext,student.z.embed,house,300,36,0.5918
in100.lejepa.s0.ext,student.z.embed,house,300,37,0.5928
in100.lejepa.s0.ext,student.z.embed,house,300,38,0.5894
in100.lejepa.s0.ext,student.z.embed,house,300,39,0.5918
in100.lejepa.s0.ext,student.z.embed,house,300,40,0.5948
in100.lejepa.s0.ext,student.z.embed,house,300,41,0.5918
in100.lejepa.s0.ext,student.z.embed,house,300,42,0.589
in100.lejepa.s0.ext,student.z.embed,house,300,43,0.5906
in100.lejepa.s0.ext,student.z.embed,house,300,44,0.5896
in100.lejepa.s0.ext,student.z.embed,house,300,45,0.594
in100.lejepa.s0.ext,student.z.embed,house,300,46,0.5912
in100.lejepa.s0.ext,student.z.embed,house,300,47,0.592
in100.lejepa.s0.ext,student.z.embed,house,300,48,0.589
in100.lejepa.s0.ext,student.z.embed,house,300,49,0.592
in100.lejepa.s0.ext,student.z.embed,house,300,50,0.5898
in100.lejepa.s0.ext,student.z.embed,house,300,51,0.5934
in100.lejepa.s0.ext,student.z.embed,house,300,52,0.592
in100.lejepa.s0.ext,student.z.embed,house,300,53,0.5954
in100.lejepa.s0.ext,student.z.embed,house,300,54,0.594
in100.lejepa.s0.ext,student.z.embed,house,300,55,0.593
in100.lejepa.s0.ext,student.z.embed,house,300,56,0.597
in100.lejepa.s0.ext,student.z.embed,house,300,57,0.5946
in100.lejepa.s0.ext,student.z.embed,house,300,58,0.5978
in100.lejepa.s0.ext,student.z.embed,house,300,59,0.5938
in100.lejepa.s0.ext,student.z.embed,house,300,60,0.5954
in100.lejepa.s0.ext,student.z.embed,house,300,61,0.5956
in100.lejepa.s0.ext,student.z.embed,house,300,62,0.5934
in100.lejepa.s0.ext,student.z.embed,house,300,63,0.5964
in100.lejepa.s0.ext,student.z.embed,house,300,64,0.594
in100.lejepa.s0.ext,student.z.embed,house,300,65,0.5984
in100.lejepa.s0.ext,student.z.embed,house,300,66,0.599
in100.lejepa.s0.ext,student.z.embed,house,300,67,0.5948
in100.lejepa.s0.ext,student.z.embed,house,300,68,0.5948
in100.lejepa.s0.ext,student.z.embed,house,300,69,0.5968
in100.lejepa.s0.ext,student.z.embed,house,300,70,0.5944
in100.lejepa.s0.ext,student.z.embed,house,300,71,0.5978
in100.lejepa.s0.ext,student.z.embed,house,300,72,0.5946
in100.lejepa.s0.ext,student.z.embed,house,300,73,0.5938
in100.lejepa.s0.ext,student.z.embed,house,300,74,0.5962
in100.lejepa.s0.ext,student.z.embed,house,300,75,0.597
in100.lejepa.s0.ext,student.z.embed,house,300,76,0.5964
in100.lejepa.s0.ext,student.z.embed,house,300,77,0.5962
in100.lejepa.s0.ext,student.z.embed,house,300,78,0.5978
in100.lejepa.s0.ext,student.z.embed,house,300,79,0.5952
in100.lejepa.s0.ext,student.z.embed,house,300,80,0.5986
in100.lejepa.s0.ext,student.z.embed,house,300,81,0.5934
in100.lejepa.s0.ext,student.z.embed,house,300,82,0.5994
in100.lejepa.s0.ext,student.z.embed,house,300,83,0.5962
in100.lejepa.s0.ext,student.z.embed,house,300,84,0.5942
in100.lejepa.s0.ext,student.z.embed,house,300,85,0.5964
in100.lejepa.s0.ext,student.z.embed,house,300,86,0.5966
in100.lejepa.s0.ext,student.z.embed,house,300,87,0.5976
in100.lejepa.s0.ext,student.z.embed,house,300,88,0.5956
in100.lejepa.s0.ext,student.z.embed,house,300,89,0.5954
in100.lejepa.s0.ext,student.z.embed,house,300,90,0.5956
in100.lejepa.s0.ext,student.z.embed,house,300,91,0.5996
in100.lejepa.s0.ext,student.z.embed,house,300,92,0.5968
in100.lejepa.s0.ext,student.z.embed,house,300,93,0.5974
in100.lejepa.s0.ext,student.z.embed,house,300,94,0.5978
in100.lejepa.s0.ext,student.z.embed,house,300,95,0.6008
in100.lejepa.s0.ext,student.z.embed,house,300,96,0.5978
in100.lejepa.s0.ext,student.z.embed,house,300,97,0.5982
in100.lejepa.s0.ext,student.z.embed,house,300,98,0.6004
in100.lejepa.s0.ext,student.z.embed,house,300,99,0.6016
in100.lejepa.s0.ext,student.z.embed,house,300,100,0.6
in100.lejepa.s0.ext,student.z.embed,house,300,101,0.6032
in100.lejepa.s0.ext,student.z.embed,house,300,102,0.5928
in100.lejepa.s0.ext,student.z.embed,house,300,103,0.5974
in100.lejepa.s0.ext,student.z.embed,house,300,104,0.602
in100.lejepa.s0.ext,student.z.embed,house,300,105,0.5972
in100.lejepa.s0.ext,student.z.embed,house,300,106,0.5956
in100.lejepa.s0.ext,student.z.embed,house,300,107,0.5944
in100.lejepa.s0.ext,student.z.embed,house,300,108,0.5984
in100.lejepa.s0.ext,student.z.embed,house,300,109,0.6016
in100.lejepa.s0.ext,student.z.embed,house,300,110,0.5964
in100.lejepa.s0.ext,student.z.embed,house,300,111,0.5976
in100.lejepa.s0.ext,student.z.embed,house,300,112,0.6002
in100.lejepa.s0.ext,student.z.embed,house,300,113,0.6008
in100.lejepa.s0.ext,student.z.embed,house,300,114,0.599
in100.lejepa.s0.ext,student.z.embed,house,300,115,0.5954
in100.lejepa.s0.ext,student.z.embed,house,300,116,0.5956
in100.lejepa.s0.ext,student.z.embed,house,300,117,0.598
in100.lejepa.s0.ext,student.z.embed,house,300,118,0.596
in100.lejepa.s0.ext,student.z.embed,house,300,119,0.5984
in100.lejepa.s0.ext,student.z.embed,house,300,120,0.6024
in100.lejepa.s0.ext,student.z.embed,house,300,121,0.5984
in100.lejepa.s0.ext,student.z.embed,house,300,122,0.5962
in100.lejepa.s0.ext,student.z.embed,house,300,123,0.6012
in100.lejepa.s0.ext,student.z.embed,house,300,124,0.5956
in100.lejepa.s0.ext,student.z.embed,house,300,125,0.5966
in100.lejepa.s0.ext,student.z.embed,house,300,126,0.597
in100.lejepa.s0.ext,student.z.embed,house,300,127,0.6006
in100.lejepa.s0.ext,student.z.embed,house,300,128,0.6
in100.lejepa.s0.ext,student.z.embed,house,300,129,0.596
in100.lejepa.s0.ext,student.z.embed,house,300,130,0.6026
in100.lejepa.s0.ext,student.z.embed,house,300,131,0.5956
in100.lejepa.s0.ext,student.z.embed,house,300,132,0.6014
in100.lejepa.s0.ext,student.z.embed,house,300,133,0.599
in100.lejepa.s0.ext,student.z.embed,house,300,134,0.6004
in100.lejepa.s0.ext,student.z.embed,house,300,135,0.6026
in100.lejepa.s0.ext,student.z.embed,house,300,136,0.5978
in100.lejepa.s0.ext,student.z.embed,house,300,137,0.5976
in100.lejepa.s0.ext,student.z.embed,house,300,138,0.5952
in100.lejepa.s0.ext,student.z.embed,house,300,139,0.6004
in100.lejepa.s0.ext,student.z.embed,house,300,140,0.6
in100.lejepa.s0.ext,student.z.embed,house,300,141,0.5966
in100.lejepa.s0.ext,student.z.embed,house,300,142,0.5994
in100.lejepa.s0.ext,student.z.embed,house,300,143,0.5972
in100.lejepa.s0.ext,student.z.embed,house,300,144,0.5992
in100.lejepa.s0.ext,student.z.embed,house,300,145,0.6008
in100.lejepa.s0.ext,student.z.embed,house,300,146,0.6012
in100.lejepa.s0.ext,student.z.embed,house,300,147,0.5986
in100.lejepa.s0.ext,student.z.embed,house,300,148,0.603
in100.lejepa.s0.ext,student.z.embed,house,300,149,0.6022
in100.lejepa.s0.ext,student.z.embed,house,300,150,0.5982
in100.lejepa.s0.ext,student.z.embed,house,300,151,0.5962
in100.lejepa.s0.ext,student.z.embed,house,300,152,0.5978
in100.lejepa.s0.ext,student.z.embed,house,300,153,0.6036
in100.lejepa.s0.ext,student.z.embed,house,300,154,0.6012
in100.lejepa.s0.ext,student.z.embed,house,300,155,0.5962
in100.lejepa.s0.ext,student.z.embed,house,300,156,0.5962
in100.lejepa.s0.ext,student.z.embed,house,300,157,0.5996
in100.lejepa.s0.ext,student.z.embed,house,300,158,0.5984
in100.lejepa.s0.ext,student.z.embed,house,300,159,0.5984
in100.lejepa.s0.ext,student.z.embed,house,300,160,0.5974
in100.lejepa.s0.ext,student.z.embed,house,300,161,0.598
in100.lejepa.s0.ext,student.z.embed,house,300,162,0.6036
in100.lejepa.s0.ext,student.z.embed,house,300,163,0.599
in100.lejepa.s0.ext,student.z.embed,house,300,164,0.5984
in100.lejepa.s0.ext,student.z.embed,house,300,165,0.6008
in100.lejepa.s0.ext,student.z.embed,house,300,166,0.5994
in100.lejepa.s0.ext,student.z.embed,house,300,167,0.6
in100.lejepa.s0.ext,student.z.embed,house,300,168,0.6006
in100.lejepa.s0.ext,student.z.embed,house,300,169,0.5962
in100.lejepa.s0.ext,student.z.embed,house,300,170,0.6
in100.lejepa.s0.ext,student.z.embed,house,300,171,0.597
in100.lejepa.s0.ext,student.z.embed,house,300,172,0.5984
in100.lejepa.s0.ext,student.z.embed,house,300,173,0.5992
in100.lejepa.s0.ext,student.z.embed,house,300,174,0.6018
in100.lejepa.s0.ext,student.z.embed,house,300,175,0.6002
in100.lejepa.s0.ext,student.z.embed,house,300,176,0.5966
in100.lejepa.s0.ext,student.z.embed,house,300,177,0.6008
in100.lejepa.s0.ext,student.z.embed,house,300,178,0.6002
in100.lejepa.s0.ext,student.z.embed,house,300,179,0.5944
in100.lejepa.s0.ext,student.z.embed,house,300,180,0.5978
in100.lejepa.s0.ext,student.z.embed,house,300,181,0.601
in100.lejepa.s0.ext,student.z.embed,house,300,182,0.6034
in100.lejepa.s0.ext,student.z.embed,house,300,183,0.6006
in100.lejepa.s0.ext,student.z.embed,house,300,184,0.599
in100.lejepa.s0.ext,student.z.embed,house,300,185,0.602
in100.lejepa.s0.ext,student.z.embed,house,300,186,0.5976
in100.lejepa.s0.ext,student.z.embed,house,300,187,0.5986
in100.lejepa.s0.ext,student.z.embed,house,300,188,0.6002
in100.lejepa.s0.ext,student.z.embed,house,300,189,0.597
in100.lejepa.s0.ext,student.z.embed,house,300,190,0.6006
in100.lejepa.s0.ext,student.z.embed,house,300,191,0.5976
in100.lejepa.s0.ext,student.z.embed,house,300,192,0.603
in100.lejepa.s0.ext,student.z.embed,house,300,193,0.6
in100.lejepa.s0.ext,student.z.embed,house,300,194,0.6
in100.lejepa.s0.ext,student.z.embed,house,300,195,0.6006
in100.lejepa.s0.ext,student.z.embed,house,300,196,0.6002
in100.lejepa.s0.ext,student.z.embed,house,300,197,0.6046
in100.lejepa.s0.ext,student.z.embed,house,300,198,0.596
in100.lejepa.s0.ext,student.z.embed,house,300,199,0.6018
in100.lejepa.s0.ext,student.z.embed,house,300,200,0.5986
in100.lejepa.s0.ext,student.z.embed,house,300,201,0.6026
in100.lejepa.s0.ext,student.z.embed,house,300,202,0.5982
in100.lejepa.s0.ext,student.z.embed,house,300,203,0.5968
in100.lejepa.s0.ext,student.z.embed,house,300,204,0.5996
in100.lejepa.s0.ext,student.z.embed,house,300,205,0.599
in100.lejepa.s0.ext,student.z.embed,house,300,206,0.5976
in100.lejepa.s0.ext,student.z.embed,house,300,207,0.599
in100.lejepa.s0.ext,student.z.embed,house,300,208,0.6002
in100.lejepa.s0.ext,student.z.embed,house,300,209,0.5992
in100.lejepa.s0.ext,student.z.embed,house,300,210,0.5988
in100.lejepa.s0.ext,student.z.embed,house,300,211,0.5982
in100.lejepa.s0.ext,student.z.embed,house,300,212,0.6014
in100.lejepa.s0.ext,student.z.embed,house,300,213,0.6006
in100.lejepa.s0.ext,student.z.embed,house,300,214,0.601
in100.lejepa.s0.ext,student.z.embed,house,300,215,0.6012
in100.lejepa.s0.ext,student.z.embed,house,300,216,0.6044
in100.lejepa.s0.ext,student.z.embed,house,300,217,0.606
in100.lejepa.s0.ext,student.z.embed,house,300,218,0.6022
in100.lejepa.s0.ext,student.z.embed,house,300,219,0.6002
in100.lejepa.s0.ext,student.z.embed,house,300,220,0.5996
in100.lejepa.s0.ext,student.z.embed,house,300,221,0.5998
in100.lejepa.s0.ext,student.z.embed,house,300,222,0.6052
in100.lejepa.s0.ext,student.z.embed,house,300,223,0.6014
in100.lejepa.s0.ext,student.z.embed,house,300,224,0.6038
in100.lejepa.s0.ext,student.z.embed,house,300,225,0.6022
in100.lejepa.s0.ext,student.z.embed,house,300,226,0.6028
in100.lejepa.s0.ext,student.z.embed,house,300,227,0.6016
in100.lejepa.s0.ext,student.z.embed,house,300,228,0.6014
in100.lejepa.s0.ext,student.z.embed,house,300,229,0.6048
in100.lejepa.s0.ext,student.z.embed,house,300,230,0.6004
in100.lejepa.s0.ext,student.z.embed,house,300,231,0.605
in100.lejepa.s0.ext,student.z.embed,house,300,232,0.6048
in100.lejepa.s0.ext,student.z.embed,house,300,233,0.6
in100.lejepa.s0.ext,student.z.embed,house,300,234,0.5992
in100.lejepa.s0.ext,student.z.embed,house,300,235,0.6052
in100.lejepa.s0.ext,student.z.embed,house,300,236,0.5974
in100.lejepa.s0.ext,student.z.embed,house,300,237,0.6004
in100.lejepa.s0.ext,student.z.embed,house,300,238,0.6002
in100.lejepa.s0.ext,student.z.embed,house,300,239,0.6
in100.lejepa.s0.ext,student.z.embed,house,300,240,0.605
in100.lejepa.s0.ext,student.z.embed,house,300,241,0.6012
in100.lejepa.s0.ext,student.z.embed,house,300,242,0.6028
in100.lejepa.s0.ext,student.z.embed,house,300,243,0.6006
in100.lejepa.s0.ext,student.z.embed,house,300,244,0.5974
in100.lejepa.s0.ext,student.z.embed,house,300,245,0.603
in100.lejepa.s0.ext,student.z.embed,house,300,246,0.6008
in100.lejepa.s0.ext,student.z.embed,house,300,247,0.6028
in100.lejepa.s0.ext,student.z.embed,house,300,248,0.601
in100.lejepa.s0.ext,student.z.embed,house,300,249,0.6036
in100.lejepa.s0.ext,student.z.embed,house,300,250,0.6004
in100.lejepa.s0.ext,student.z.embed,house,300,251,0.6032
in100.lejepa.s0.ext,student.z.embed,house,300,252,0.6
in100.lejepa.s0.ext,student.z.embed,house,300,253,0.6018
in100.lejepa.s0.ext,student.z.embed,house,300,254,0.6006
in100.lejepa.s0.ext,student.z.embed,house,300,255,0.6042
in100.lejepa.s0.ext,student.z.embed,house,300,256,0.6016
in100.lejepa.s0.ext,student.z.embed,house,300,257,0.6034
in100.lejepa.s0.ext,student.z.embed,house,300,258,0.6002
in100.lejepa.s0.ext,student.z.embed,house,300,259,0.6048
in100.lejepa.s0.ext,student.z.embed,house,300,260,0.603
in100.lejepa.s0.ext,student.z.embed,house,300,261,0.6042
in100.lejepa.s0.ext,student.z.embed,house,300,262,0.6026
in100.lejepa.s0.ext,student.z.embed,house,300,263,0.6022
in100.lejepa.s0.ext,student.z.embed,house,300,264,0.5976
in100.lejepa.s0.ext,student.z.embed,house,300,265,0.6022
in100.lejepa.s0.ext,student.z.embed,house,300,266,0.6026
in100.lejepa.s0.ext,student.z.embed,house,300,267,0.6052
in100.lejepa.s0.ext,student.z.embed,house,300,268,0.6018
in100.lejepa.s0.ext,student.z.embed,house,300,269,0.6032
in100.lejepa.s0.ext,student.z.embed,house,300,270,0.6052
in100.lejepa.s0.ext,student.z.embed,house,300,271,0.602
in100.lejepa.s0.ext,student.z.embed,house,300,272,0.604
in100.lejepa.s0.ext,student.z.embed,house,300,273,0.6038
in100.lejepa.s0.ext,student.z.embed,house,300,274,0.5996
in100.lejepa.s0.ext,student.z.embed,house,300,275,0.6082
in100.lejepa.s0.ext,student.z.embed,house,300,276,0.5998
in100.lejepa.s0.ext,student.z.embed,house,300,277,0.6022
in100.lejepa.s0.ext,student.z.embed,house,300,278,0.6008
in100.lejepa.s0.ext,student.z.embed,house,300,279,0.6012
in100.lejepa.s0.ext,student.z.embed,house,300,280,0.6018
in100.lejepa.s0.ext,student.z.embed,house,300,281,0.6084
in100.lejepa.s0.ext,student.z.embed,house,300,282,0.5984
in100.lejepa.s0.ext,student.z.embed,house,300,283,0.5994
in100.lejepa.s0.ext,student.z.embed,house,300,284,0.6016
in100.lejepa.s0.ext,student.z.embed,house,300,285,0.601
in100.lejepa.s0.ext,student.z.embed,house,300,286,0.6028
in100.lejepa.s0.ext,student.z.embed,house,300,287,0.601
in100.lejepa.s0.ext,student.z.embed,house,300,288,0.6014
in100.lejepa.s0.ext,student.z.embed,house,300,289,0.6048
in100.lejepa.s0.ext,student.z.embed,house,300,290,0.6032
in100.lejepa.s0.ext,student.z.embed,house,300,291,0.6024
in100.lejepa.s0.ext,student.z.embed,house,300,292,0.5978
in100.lejepa.s0.ext,student.z.embed,house,300,293,0.5996
in100.lejepa.s0.ext,student.z.embed,house,300,294,0.6056
in100.lejepa.s0.ext,student.z.embed,house,300,295,0.6034
in100.lejepa.s0.ext,student.z.embed,house,300,296,0.6032
in100.lejepa.s0.ext,student.z.embed,house,300,297,0.603
in100.lejepa.s0.ext,student.z.embed,house,300,298,0.601
in100.lejepa.s0.ext,student.z.embed,house,300,299,0.6014
