method,role,store,branch,tap,target,kind,d2,s,lam_a,anorm2,probe_err,lam_max,r
SimCLR,control,in100.simclr.s0.ext,student,h.cls,lum_mean,attr,0.17602875817491082,0.22191700941286147,0.48348136934888075,0.7935585894351339,0.38288073924147953,9.423254415463353,128
SimCLR,control,in100.simclr.s0.ext,student,h.cls,lum_std,attr,0.31506687881165985,0.17750112739466112,0.45253422948940597,0.6684867066404392,0.4760639729339294,9.423254415463353,128
SimCLR,control,in100.simclr.s0.ext,student,h.cls,sat_mean,attr,0.22495339673849676,0.2048947179565812,0.5655997775495366,0.7158207646845173,0.41023546283553014,9.423254415463353,128
SimCLR,control,in100.simclr.s0.ext,student,h.cls,opp_rg,attr,0.33449699992377424,0.1942678509010424,0.589778617734925,0.6219555400468996,0.49802276180408,9.423254415463353,128
SimCLR,control,in100.simclr.s0.ext,student,h.cls,opp_yb,attr,0.2374527630850877,0.20423939435302932,0.5212488433748744,0.7119729141479305,0.4214916923114338,9.423254415463353,128
SimCLR,control,in100.simclr.s0.ext,student,h.cls,hue_cos,attr,0.2366869046145437,0.2372380819782662,0.644177080116176,0.7252363602666224,0.47176073156757004,9.423254415463353,128
SimCLR,control,in100.simclr.s0.ext,student,h.cls,hue_sin,attr,0.315830087881966,0.19399819576818836,0.5686905604438907,0.6606220796211691,0.5129908776904476,9.423254415463353,128
SimCLR,control,in100.simclr.s0.ext,student,h.cls,hf_energy,attr,0.1698899961558715,0.16398098972530836,0.33508634585136854,0.7978258757521838,0.3198886700347208,9.423254415463353,128
SimCLR,control,in100.simclr.s0.ext,student,h.cls,edge_y,attr,0.45925008479787566,0.2108150746881765,0.8971873603588192,0.5102033443003182,0.6552237358961206,9.423254415463353,128
SimCLR,control,in100.simclr.s0.ext,student,h.cls,edge_x,attr,0.8903405406385576,0.007244615229546334,0.8807814020462066,0.017895382809408226,0.8813529228101735,9.423254415463353,128
SimCLR,control,in100.simclr.s0.ext,student,h.cls,class_0,class,0.8199655463418069,0.05241529231615099,0.5885020735646902,0.16429301874702007,0.8415803118093831,9.423254415463353,128
SimCLR,control,in100.simclr.s0.ext,student,h.cls,class_1,class,0.6907092661179374,0.0963188918277383,0.6069519695298394,0.28922977474544687,0.7831950181509386,9.423254415463353,128
SimCLR,control,in100.simclr.s0.ext,student,h.cls,class_2,class,0.9611022709615512,0.037286463653018416,0.5383636966558454,0.12724231524305163,0.9874371991089987,9.423254415463353,128
SimCLR,control,in100.simclr.s0.ext,student,h.cls,class_3,class,0.768425554570021,0.06206994432287976,0.5593554356686817,0.20498710481749724,0.8184991371825487,9.423254415463353,128
SimCLR,control,in100.simclr.s0.ext,student,h.cls,class_4,class,0.8552957126777304,0.05153357312305091,0.6804400761778132,0.14860822740189647,0.8862934485009577,9.423254415463353,128
SimCLR,control,in100.simclr.s0.ext,student,h.cls,class_5,class,0.5768061382733944,0.10197763356203561,0.5380497721239332,0.3301095052243091,0.6542270845862197,9.423254415463353,128
SimCLR,control,in100.simclr.s0.ext,student,h.cls,class_6,class,1.1136091712242748,0.09292259271478635,0.7587978664761041,0.2448363796252864,1.2130921725099975,9.423254415463353,128
SimCLR,control,in100.simclr.s0.ext,student,h.cls,class_7,class,1.1058246980501185,0.036817462227206624,0.4933142290457008,0.1286618846125222,1.1284006897443641,9.423254415463353,128
SimCLR,control,in100.simclr.s0.ext,student,h.cls,class_8,class,1.1215430321983613,0.03834720569040621,0.5324131961238653,0.12597426906512907,1.1558630144989297,9.423254415463353,128
SimCLR,control,in100.simclr.s0.ext,student,h.cls,class_9,class,1.167402369206795,0.04962045721974014,0.5898136236020247,0.15268729099172582,1.2350929018274102,9.423254415463353,128
SimCLR,control,in100.simclr.s0.ext,student,h.cls,class_10,class,0.7906950616898507,0.04347102269829363,0.751971707262354,0.11897941976498938,0.8181390364559841,9.423254415463353,128
SimCLR,control,in100.simclr.s0.ext,student,h.cls,class_11,class,1.4370507416272593,0.039720618880078495,0.591852066993343,0.1214556248242329,1.5263808565343124,9.423254415463353,128
SimCLR,control,in100.simclr.s0.ext,student,h.cls,class_12,class,0.9582059330105173,0.08030332282133679,0.4289276429184985,0.29520047857461396,1.057397631894066,9.423254415463353,128
SimCLR,control,in100.simclr.s0.ext,student,h.cls,class_13,class,1.4847774405969132,0.016214159530365826,0.5750426871312612,0.05459063737707521,1.4970287829766797,9.423254415463353,128
SimCLR,control,in100.simclr.s0.ext,student,h.cls,class_14,class,0.9907623519673816,0.0555210175492858,0.5375276392424162,0.1842092963682678,1.035493221678162,9.423254415463353,128
SimCLR,control,in100.simclr.s0.ext,student,h.cls,class_15,class,0.8706947969134342,0.05887333369768185,0.5094614606092829,0.19566755159549803,0.9200442414445582,9.423254415463353,128
SimCLR,control,in100.simclr.s0.ext,student,h.cls,class_16,class,0.7499577838199949,0.025934971472479695,0.5727359020793814,0.08965430516374481,0.7560385574476312,9.423254415463353,128
SimCLR,control,in100.simclr.s0.ext,student,h.cls,class_17,class,0.757508201764442,0.03129063857812302,0.5673694225285714,0.10191734077347042,0.7621510069234603,9.423254415463353,128
SimCLR,control,in100.simclr.s0.ext,student,h.cls,class_18,class,0.8217502872285543,0.035475342690695286,0.538698801176306,0.11957807620898711,0.8463575266713523,9.423254415463353,128
SimCLR,control,in100.simclr.s0.ext,student,h.cls,class_19,class,0.7333181373793289,0.028372666026593076,0.45821082930121176,0.1053698151162886,0.7415020564627868,9.423254415463353,128
SimCLR,control,in100.simclr.s0.ext,student,h.cls,class_20,class,1.1318289094360812,0.022583120441040088,0.4783202460829402,0.08526933647221048,1.1351841184095284,9.423254415463353,128
SimCLR,control,in100.simclr.s0.ext,student,h.cls,class_21,class,1.0575823092762493,0.018092844275853334,0.5958062574069846,0.059922236478811716,1.0584768257939434,9.423254415463353,128
SimCLR,control,in100.simclr.s0.ext,student,h.cls,class_22,class,0.8252733792367937,0.02886522621303145,0.5697907777022482,0.09097661474706419,0.8277344066652129,9.423254415463353,128
SimCLR,control,in100.simclr.s0.ext,student,h.cls,class_23,class,0.8260845108366324,0.038263005818388617,0.5538939046895761,0.12121426283086616,0.8515549468970889,9.423254415463353,128
SimCLR,control,in100.simclr.s0.ext,student,h.cls,class_24,class,0.8498104382514353,0.04878413461771617,0.5404379418416306,0.15879130097555633,0.87346567428134,9.423254415463353,128
SimCLR,control,in100.simclr.s0.ext,student,h.cls,class_25,class,0.6693422129254857,0.09981072150809353,0.5297352050335141,0.31248163191817036,0.7644109474408691,9.423254415463353,128
SimCLR,control,in100.simclr.s0.ext,student,h.cls,class_26,class,0.736827009552345,0.04558679825929401,0.5672313156755506,0.14153808971868712,0.7456035933625305,9.423254415463353,128
SimCLR,control,in100.simclr.s0.ext,student,h.cls,class_27,class,1.0191708698943829,0.035920895949277186,0.5718928371261854,0.1148226187392581,1.0460930668115498,9.423254415463353,128
SimCLR,control,in100.simclr.s0.ext,student,h.cls,class_28,class,0.6826819072944715,0.023764941379272174,0.6389630859794614,0.07412114481546522,0.6827177140669617,9.423254415463353,128
SimCLR,control,in100.simclr.s0.ext,student,h.cls,class_29,class,1.0829031905057702,0.016941927551661913,0.6167841797328195,0.05328677831608205,1.0908654712753483,9.423254415463353,128
SimCLR,control,in100.simclr.s0.ext,student,h.cls,class_30,class,0.7044933362679336,0.027982696028464767,0.6678986739025501,0.08180903135187562,0.7084814589703916,9.423254415463353,128
SimCLR,control,in100.simclr.s0.ext,student,h.cls,class_31,class,0.811483665301448,0.039631703113222366,0.5822382754144876,0.12421436469683797,0.830275732339164,9.423254415463353,128
SimCLR,control,in100.simclr.s0.ext,student,h.cls,class_32,class,0.8677084744195592,0.03729430641431721,0.48878053895742113,0.13422272903505275,0.8792808501730623,9.423254415463353,128
SimCLR,control,in100.simclr.s0.ext,student,h.cls,class_33,class,1.0633036821257962,0.04753536641620551,0.5975041762593286,0.14919557849716059,1.1171951963628963,9.423254415463353,128
SimCLR,control,in100.simclr.s0.ext,student,h.cls,class_34,class,0.8174108036347972,0.03173528992395814,0.5128977654732811,0.11320781184871283,0.8324258638640267,9.423254415463353,128
SimCLR,control,in100.simclr.s0.ext,student,h.cls,class_35,class,0.8266906935200413,0.06800728473079554,0.6592421338551562,0.19142077862209758,0.877054112376545,9.423254415463353,128
SimCLR,control,in100.simclr.s0.ext,student,h.cls,class_36,class,0.6022035004671485,0.05377439561171859,0.5349000146175166,0.17727466207390824,0.6259074744468652,9.423254415463353,128
SimCLR,control,in100.simclr.s0.ext,student,h.cls,class_37,class,1.0192519743815136,0.05625548102761033,0.64710397021248,0.1716052330947942,1.0701857767819332,9.423254415463353,128
SimCLR,control,in100.simclr.s0.ext,student,h.cls,class_38,class,0.8589877704196645,0.03724775629865062,0.6171286488699752,0.11264620380669396,0.8740835797963799,9.423254415463353,128
SimCLR,control,in100.simclr.s0.ext,student,h.cls,class_39,class,0.7092103228215717,0.08848256316287705,0.5959668334036605,0.26864738605238814,0.7704722463811847,9.423254415463353,128
SimCLR,control,in100.simclr.s0.ext,student,h.cls,class_40,class,0.6670352823338409,0.035911957254257325,0.4373262437449979,0.14115942638414303,0.679603452979224,9.423254415463353,128
SimCLR,control,in100.simclr.s0.ext,student,h.cls,class_41,class,0.9149403038768483,0.05153719076032186,0.6333401467182818,0.15817543818081226,0.9446656523239875,9.423254415463353,128
SimCLR,control,in100.simclr.s0.ext,student,h.cls,class_42,class,0.678204229739501,0.05566519895850533,0.5865145366717885,0.17153252350446752,0.7009196110986783,9.423254415463353,128
SimCLR,control,in100.simclr.s0.ext,student,h.cls,class_43,class,0.7901799438170016,0.04564283954067581,0.6910731827714813,0.13235785222385416,0.8087237035030137,9.423254415463353,128
SimCLR,control,in100.simclr.s0.ext,student,h.cls,class_44,class,0.7164463706067078,0.09406993940446985,0.4396367243304968,0.3550951023257907,0.7895622409210421,9.423254415463353,128
SimCLR,control,in100.simclr.s0.ext,student,h.cls,class_45,class,0.9137951221936608,0.03527956721307647,0.6075858068848083,0.1102378807203566,0.9223891667651469,9.423254415463353,128
SimCLR,control,in100.simclr.s0.ext,student,h.cls,class_46,class,0.9134981525384955,0.07046187659526001,0.6536167217315186,0.19936576598750624,0.9633574147027524,9.423254415463353,128
SimCLR,control,in100.simclr.s0.ext,student,h.cls,class_47,class,0.9201736732312101,0.06664694212318571,0.5184371555693954,0.22320860355877148,0.9653463737835749,9.423254415463353,128
SimCLR,control,in100.simclr.s0.ext,student,h.cls,class_48,class,0.6000611522984235,0.04403028780433343,0.6067657599134874,0.13526269529263502,0.6124337829738843,9.423254415463353,128
SimCLR,control,in100.simclr.s0.ext,student,h.cls,class_49,class,0.894671300264697,0.05253238837160494,0.6298128236936517,0.15254183266657959,0.9162647408389514,9.423254415463353,128
SimCLR,control,in100.simclr.s0.ext,student,h.cls,class_50,class,0.8079068782422202,0.07287410106623714,0.5666160482057574,0.22928586074241267,0.8706328105880222,9.423254415463353,128
SimCLR,control,in100.simclr.s0.ext,student,h.cls,class_51,class,0.888206965108013,0.023856255774481968,0.6623789758562486,0.070083983628088,0.8964877348991176,9.423254415463353,128
SimCLR,control,in100.simclr.s0.ext,student,h.cls,class_52,class,0.9482853172905885,0.04870403361072378,0.5458879018358147,0.1609993134527307,1.0013629197402925,9.423254415463353,128
SimCLR,control,in100.simclr.s0.ext,student,h.cls,class_53,class,0.8395354958523967,0.037534946607221745,0.5615421203550887,0.12135443480367626,0.8696776339463044,9.423254415463353,128
SimCLR,control,in100.simclr.s0.ext,student,h.cls,class_54,class,0.654453192171704,0.09207254556989856,0.528851907209782,0.2945547809636708,0.717187756384605,9.423254415463353,128
SimCLR,control,in100.simclr.s0.ext,student,h.cls,class_55,class,0.990228745254988,0.03398442543341052,0.7600970120666188,0.09069844026861695,1.0316524843826735,9.423254415463353,128
SimCLR,control,in100.simclr.s0.ext,student,h.cls,class_56,class,0.8335471770709896,0.03489643166371244,0.6803499585465757,0.10168610842664942,0.8535911874869054,9.423254415463353,128
SimCLR,control,in100.simclr.s0.ext,student,h.cls,class_57,class,1.124093639769661,0.0214108725339868,0.6561915050899169,0.06489605672630275,1.1316266324292295,9.423254415463353,128
SimCLR,control,in100.simclr.s0.ext,student,h.cls,class_58,class,0.6352254743237509,0.048230668829810835,0.5300853803426382,0.16003486263046782,0.6447406045456504,9.423254415463353,128
SimCLR,control,in100.simclr.s0.ext,student,h.cls,class_59,class,1.1981593952473861,0.03033694365604034,0.6445567467212933,0.09053059019684033,1.2158791000502982,9.423254415463353,128
SimCLR,control,in100.simclr.s0.ext,student,h.cls,class_60,class,0.7307962811321901,0.09523915810460992,0.6543424572946478,0.27089544196765825,0.8103946478755029,9.423254415463353,128
SimCLR,control,in100.simclr.s0.ext,student,h.cls,class_61,class,1.1523333579586599,0.02595771031947592,0.6742387186845107,0.07724577989414365,1.165081002449018,9.423254415463353,128
SimCLR,control,in100.simclr.s0.ext,student,h.cls,class_62,class,0.6933939144205641,0.07645501443016628,0.7486084304601968,0.20088710874518909,0.7327792774717139,9.423254415463353,128
SimCLR,control,in100.simclr.s0.ext,student,h.cls,class_63,class,1.1427137060093941,0.04380255419183137,0.613634392161635,0.13605930927151427,1.1781583417723576,9.423254415463353,128
SimCLR,control,in100.simclr.s0.ext,student,h.cls,class_64,class,1.364580922762114,0.03079015788258131,0.5425164452105649,0.10110155700108758,1.4073795565933496,9.423254415463353,128
SimCLR,control,in100.simclr.s0.ext,student,h.cls,class_65,class,0.9074553835546678,0.03826743740005177,0.6125649504676228,0.11494120642291264,0.9397428612244192,9.423254415463353,128
SimCLR,control,in100.simclr.s0.ext,student,h.cls,class_66,class,1.119625721625109,0.057125889381829935,0.6403751566113935,0.1654225885657736,1.1913954017776869,9.423254415463353,128
SimCLR,control,in100.simclr.s0.ext,student,h.cls,class_67,class,0.7688721638088527,0.03523465878344999,0.49246751614449236,0.13027381111848985,0.7912221421793987,9.423254415463353,128
SimCLR,control,in100.simclr.s0.ext,student,h.cls,class_68,class,0.8219820614222388,0.044369157327524326,0.6188655979753171,0.14005422838373197,0.8466313762199036,9.423254415463353,128
SimCLR,control,in100.simclr.s0.ext,student,h.cls,class_69,class,0.7428603621893172,0.06400541251728857,0.5939789042898973,0.1937456403833191,0.7732757347703044,9.423254415463353,128
SimCLR,control,in100.simclr.s0.ext,student,h.cls,class_70,class,1.0471728848309998,0.023933984397739104,0.632892764994424,0.0738186044763178,1.0517353244990557,9.423254415463353,128
SimCLR,control,in100.simclr.s0.ext,student,h.cls,class_71,class,0.7364479274555215,0.09744340678228096,0.4652502376587509,0.3484208781888863,0.8786791754261245,9.423254415463353,128
SimCLR,control,in100.simclr.s0.ext,student,h.cls,class_72,class,1.0841698924746972,0.03848491762196381,0.595927582047214,0.1245165957213777,1.1166475643279845,9.423254415463353,128
SimCLR,control,in100.simclr.s0.ext,student,h.cls,class_73,class,0.6678118421568825,0.03640542022382386,0.49847825093759845,0.12644505227732694,0.6708041012449562,9.423254415463353,128
SimCLR,control,in100.simclr.s0.ext,student,h.cls,class_74,class,0.7104765025992811,0.07608588663962357,0.39900553630156366,0.30337219150494127,0.7588347645887655,9.423254415463353,128
SimCLR,control,in100.simclr.s0.ext,student,h.cls,class_75,class,0.5724571801781544,0.11444234624459598,0.47227623168638766,0.3959196369179117,0.6429217237967428,9.423254415463353,128
SimCLR,control,in100.simclr.s0.ext,student,h.cls,class_76,class,0.8458040448822288,0.029378167845492825,0.669385988470666,0.0874812753077874,0.8547364791801753,9.423254415463353,128
SimCLR,control,in100.simclr.s0.ext,student,h.cls,class_77,class,0.968402093789195,0.02621044508474041,0.616595592863641,0.07971265530843709,0.9744634101459331,9.423254415463353,128
SimCLR,control,in100.simclr.s0.ext,student,h.cls,class_78,class,0.7495323955308302,0.04083458967008316,0.6684483713385413,0.11929519399769525,0.7684319218866498,9.423254415463353,128
SimCLR,control,in100.simclr.s0.ext,student,h.cls,class_79,class,0.7182591221902859,0.0696252910440444,0.5969142432005731,0.20398046430954572,0.7473667639309777,9.423254415463353,128
SimCLR,control,in100.simclr.s0.ext,student,h.cls,class_80,class,0.7011072353267477,0.02681081616387846,0.7398832942658609,0.07600565262214616,0.7062880552624738,9.423254415463353,128
SimCLR,control,in100.simclr.s0.ext,student,h.cls,class_81,class,1.293371335730293,0.033100519644480804,0.6796547556090634,0.09381774005889586,1.3317418093988016,9.423254415463353,128
SimCLR,control,in100.simclr.s0.ext,student,h.cls,class_82,class,0.9634340696347874,0.038054532676780675,0.6054683177748624,0.11457248410287973,0.9945253894356433,9.423254415463353,128
SimCLR,control,in100.simclr.s0.ext,student,h.cls,class_83,class,0.6141204563598064,0.09684429725796857,0.3564659063450368,0.4143188296533462,0.6816248223895814,9.423254415463353,128
SimCLR,control,in100.simclr.s0.ext,student,h.cls,class_84,class,1.1711663039430842,0.020421417988162605,0.6355910782612364,0.0620795027130446,1.1793722834562028,9.423254415463353,128
SimCLR,control,in100.simclr.s0.ext,student,h.cls,class_85,class,0.5231969865015405,0.11335116984391329,0.4509874481069357,0.41980029263503604,0.5979748096214375,9.423254415463353,128
SimCLR,control,in100.simclr.s0.ext,student,h.cls,class_86,class,0.7189358107014979,0.04881382743558986,0.5285215429701295,0.16278756957403032,0.7330269673855445,9.423254415463353,128
SimCLR,control,in100.simclr.s0.ext,student,h.cls,class_87,class,0.7877701066947692,0.0776184715084221,0.5968648036035901,0.23882771372114805,0.8457714453209368,9.423254415463353,128
SimCLR,control,in100.simclr.s0.ext,student,h.cls,class_88,class,1.0337145146781346,0.03965487887916136,0.6343059448956945,0.11738430544288181,1.041568769292217,9.423254415463353,128
SimCLR,control,in100.simclr.s0.ext,student,h.cls,class_89,class,0.903843924811732,0.03794388469883574,0.6559444700511886,0.10783729483899647,0.9196131301168318,9.423254415463353,128
SimCLR,control,in100.simclr.s0.ext,student,h.cls,class_90,class,0.9047989891604773,0.02959412732231538,0.6593823890722142,0.0898525174901633,0.9020532568868525,9.423254415463353,128
SimCLR,control,in100.simclr.s0.ext,student,h.cls,class_91,class,0.5711305373454392,0.08676435414060907,0.5011147869456458,0.3008078589079839,0.6478564602458926,9.423254415463353,128
SimCLR,control,in100.simclr.s0.ext,student,h.cls,class_92,class,0.6054892591547034,0.13009612361650394,0.4304328222435497,0.4803126542523475,0.6792436066588114,9.423254415463353,128
SimCLR,control,in100.simclr.s0.ext,student,h.cls,class_93,class,0.7924132785814856,0.09705812806976374,0.5588418276617574,0.30589779272068435,0.8752094381785346,9.423254415463353,128
SimCLR,control,in100.simclr.s0.ext,student,h.cls,class_94,class,1.0721885720769158,0.10261872162663568,0.5751501033343268,0.3131918834309067,1.217234771692821,9.423254415463353,128
SimCLR,control,in100.simclr.s0.ext,student,h.cls,class_95,class,0.8996300128867326,0.08541787488023973,0.779243119760526,0.22211545286617979,0.9993242133629076,9.423254415463353,128
SimCLR,control,in100.simclr.s0.ext,student,h.cls,class_96,class,0.5848736104553839,0.13694914994485818,0.46576705470363206,0.48666880271104557,0.7108163275275788,9.423254415463353,128
SimCLR,control,in100.simclr.s0.ext,student,h.cls,class_97,class,0.928780020319396,0.052913360583945204,0.7015608762284663,0.14768159699107164,0.969841145125631,9.423254415463353,128
SimCLR,control,in100.simclr.s0.ext,student,h.cls,class_98,class,0.5435738737023191,0.11118151725624373,0.5512990181012369,0.3540394752319208,0.5945637941105234,9.423254415463353,128
SimCLR,control,in100.simclr.s0.ext,student,h.cls,class_99,class,0.9986480432094345,0.07934767418700059,0.6853274585870428,0.2281682174371914,1.0899171440663127,9.423254415463353,128
SimCLR,control,in100.simclr.s0.ext,student,z.proj.tap1,lum_mean,attr,0.26063390767080563,0.17936430911773707,0.37145738802737627,0.8018976402831917,0.41463907604942796,4.60998484702914,1087
SimCLR,control,in100.simclr.s0.ext,student,z.proj.tap1,lum_std,attr,0.34603316545796314,0.16873254351242134,0.3664007350781286,0.7390997015503216,0.4735809292962279,4.60998484702914,1087
SimCLR,control,in100.simclr.s0.ext,student,z.proj.tap1,sat_mean,attr,0.3473165148545261,0.1692025988252023,0.35033019698901535,0.7454569718388313,0.46204304408168584,4.60998484702914,1087
SimCLR,control,in100.simclr.s0.ext,student,z.proj.tap1,opp_rg,attr,0.3952749690455175,0.1670856782024288,0.3891922258290219,0.7048446713318947,0.510813339865639,4.60998484702914,1087
SimCLR,control,in100.simclr.s0.ext,student,z.proj.tap1,opp_yb,attr,0.2882938323529194,0.18525526460011021,0.3954067621880875,0.782179179718092,0.4352287758450634,4.60998484702914,1087
SimCLR,control,in100.simclr.s0.ext,student,z.proj.tap1,hue_cos,attr,0.32795175340203603,0.19721344704296764,0.4679527738367866,0.7482028762854356,0.5086920724840078,4.60998484702914,1087
SimCLR,control,in100.simclr.s0.ext,student,z.proj.tap1,hue_sin,attr,0.4093691633451108,0.16663067669279272,0.4249431636442635,0.7060637502190923,0.5467985697323489,4.60998484702914,1087
SimCLR,control,in100.simclr.s0.ext,student,z.proj.tap1,hf_energy,attr,0.20061833190970765,0.13661923756648772,0.2493012589263337,0.8370922718545534,0.3105703121288588,4.60998484702914,1087
SimCLR,control,in100.simclr.s0.ext,student,z.proj.tap1,edge_y,attr,0.6534928640589325,0.17031679829071136,0.5591327143960727,0.5519667383788327,0.743072125293712,4.60998484702914,1087
SimCLR,control,in100.simclr.s0.ext,student,z.proj.tap1,edge_x,attr,1.0701905832202614,0.07937846140607738,0.7136412841743995,0.2054893701457131,0.9935390849910811,4.60998484702914,1087
SimCLR,control,in100.simclr.s0.ext,student,z.proj.tap1,class_0,class,0.6757322427739763,0.13858807991495842,0.4012684422202426,0.547437639282613,0.7130319082143447,4.60998484702914,1087
SimCLR,control,in100.simclr.s0.ext,student,z.proj.tap1,class_1,class,0.3319449142095717,0.1357958144443529,0.2618740992043431,0.7071935633270268,0.4346329884121146,4.60998484702914,1087
SimCLR,control,in100.simclr.s0.ext,student,z.proj.tap1,class_2,class,0.8236369831663304,0.13447778665565308,0.4919812475059194,0.45967119919346117,0.8662032918705207,4.60998484702914,1087
SimCLR,control,in100.simclr.s0.ext,student,z.proj.tap1,class_3,class,0.5316936865351135,0.13817155172269177,0.3396307231218352,0.6145937074379741,0.5911074517244232,4.60998484702914,1087
SimCLR,control,in100.simclr.s0.ext,student,z.proj.tap1,class_4,class,0.6306984600791704,0.1418807971764618,0.4119179245918674,0.5387200832952579,0.7098553299303565,4.60998484702914,1087
SimCLR,control,in100.simclr.s0.ext,student,z.proj.tap1,class_5,class,0.33238117948437645,0.10531857267541245,0.2045981794100504,0.7331356035119418,0.35872376507625514,4.60998484702914,1087
SimCLR,control,in100.simclr.s0.ext,student,z.proj.tap1,class_6,class,0.5246119483193838,0.14032854430014174,0.2473053584308572,0.7821522177530424,0.6727799971809826,4.60998484702914,1087
SimCLR,control,in100.simclr.s0.ext,student,z.proj.tap1,class_7,class,1.0275176306854443,0.12100604252720609,0.4945218356773881,0.41341311653657553,1.0532407905071222,4.60998484702914,1087
SimCLR,control,in100.simclr.s0.ext,student,z.proj.tap1,class_8,class,0.9356614531321015,0.127393987515459,0.434604171990578,0.47036082225935977,0.9910312993888541,4.60998484702914,1087
SimCLR,control,in100.simclr.s0.ext,student,z.proj.tap1,class_9,class,0.8388480096021438,0.11154178668849285,0.3353844753145143,0.5218717316035929,0.9127511058752541,4.60998484702914,1087
SimCLR,control,in100.simclr.s0.ext,student,z.proj.tap1,class_10,class,0.5792036403491955,0.12160270491803407,0.37577375606015706,0.500612010810204,0.6297713588246208,4.60998484702914,1087
SimCLR,control,in100.simclr.s0.ext,student,z.proj.tap1,class_11,class,1.0193724513251015,0.14355372546909764,0.46143425313299935,0.5026089056814336,1.1497506344010453,4.60998484702914,1087
SimCLR,control,in100.simclr.s0.ext,student,z.proj.tap1,class_12,class,0.6622902773807122,0.12141901615421666,0.26302831613389976,0.6858154242144294,0.727256821729772,4.60998484702914,1087
SimCLR,control,in100.simclr.s0.ext,student,z.proj.tap1,class_13,class,1.5611489968937982,0.09319676254120564,0.665427045283438,0.2560901193229519,1.528531313913559,4.60998484702914,1087
SimCLR,control,in100.simclr.s0.ext,student,z.proj.tap1,class_14,class,0.785559970408335,0.13451280628965687,0.33543887728998445,0.5950715182769893,0.8598814499768294,4.60998484702914,1087
SimCLR,control,in100.simclr.s0.ext,student,z.proj.tap1,class_15,class,0.5792544493987154,0.14628094211768528,0.34402875375645575,0.6271247127143877,0.6517067323111274,4.60998484702914,1087
SimCLR,control,in100.simclr.s0.ext,student,z.proj.tap1,class_16,class,0.7551503966062866,0.10852364865170328,0.5696742866754536,0.33475984339155446,0.7495436882948019,4.60998484702914,1087
SimCLR,control,in100.simclr.s0.ext,student,z.proj.tap1,class_17,class,0.7789586523119431,0.10041062431377287,0.5393824322651088,0.3252774882918565,0.7652318388272977,4.60998484702914,1087
SimCLR,control,in100.simclr.s0.ext,student,z.proj.tap1,class_18,class,0.7227791138687351,0.10527854670056111,0.4353502181437397,0.39306661032408236,0.7459566489327352,4.60998484702914,1087
SimCLR,control,in100.simclr.s0.ext,student,z.proj.tap1,class_19,class,0.7692793900551825,0.1019892497769731,0.5540351819611005,0.3231979159940111,0.7552080680210758,4.60998484702914,1087
SimCLR,control,in100.simclr.s0.ext,student,z.proj.tap1,class_20,class,1.1811595673210287,0.09018446914494638,0.5415049299357295,0.2889861644193172,1.1644923319419136,4.60998484702914,1087
SimCLR,control,in100.simclr.s0.ext,student,z.proj.tap1,class_21,class,1.17384613543547,0.08403893703304238,0.6235118763203832,0.24534191520332443,1.1319428725037295,4.60998484702914,1087
SimCLR,control,in100.simclr.s0.ext,student,z.proj.tap1,class_22,class,0.8436291672221687,0.11263427308667703,0.5542739226024683,0.35291809372694016,0.8391467503912594,4.60998484702914,1087
SimCLR,control,in100.simclr.s0.ext,student,z.proj.tap1,class_23,class,0.7163892511721195,0.13101860695600212,0.5064212314928993,0.4293437067157288,0.7620422729402497,4.60998484702914,1087
SimCLR,control,in100.simclr.s0.ext,student,z.proj.tap1,class_24,class,0.7679886230599169,0.12306691895120629,0.41644674794838266,0.4658064288606938,0.7897377161217027,4.60998484702914,1087
SimCLR,control,in100.simclr.s0.ext,student,z.proj.tap1,class_25,class,0.3881158598443641,0.13844438833906025,0.2715253923621502,0.7272403394717614,0.4786083332969793,4.60998484702914,1087
SimCLR,control,in100.simclr.s0.ext,student,z.proj.tap1,class_26,class,0.7441799044938648,0.11156343421811409,0.4263133494815527,0.4186226162840684,0.7266348905869267,4.60998484702914,1087
SimCLR,control,in100.simclr.s0.ext,student,z.proj.tap1,class_27,class,0.9745027135426533,0.11013388580577492,0.4915383016422358,0.3782534912544709,0.9948485831471565,4.60998484702914,1087
SimCLR,control,in100.simclr.s0.ext,student,z.proj.tap1,class_28,class,0.7622044161126047,0.10759335448259812,0.6059777428009009,0.3132875653034969,0.7390395770460507,4.60998484702914,1087
SimCLR,control,in100.simclr.s0.ext,student,z.proj.tap1,class_29,class,1.1846424737222532,0.08623157259522979,0.6935207639397879,0.2345612414357042,1.1497408523370938,4.60998484702914,1087
SimCLR,control,in100.simclr.s0.ext,student,z.proj.tap1,class_30,class,0.7698720569195822,0.12220572860202847,0.5947939114835709,0.3583626309127894,0.7393859133208677,4.60998484702914,1087
SimCLR,control,in100.simclr.s0.ext,student,z.proj.tap1,class_31,class,0.7021612489848345,0.1210243116653786,0.4668686731424435,0.423068920660489,0.7449815875325526,4.60998484702914,1087
SimCLR,control,in100.simclr.s0.ext,student,z.proj.tap1,class_32,class,0.8367235468358154,0.11641426360740868,0.46192556337670404,0.414480347567121,0.8492533178018133,4.60998484702914,1087
SimCLR,control,in100.simclr.s0.ext,student,z.proj.tap1,class_33,class,0.5152245565081166,0.15907728085301218,0.35474715566342657,0.6615295546582867,0.6546888832422092,4.60998484702914,1087
SimCLR,control,in100.simclr.s0.ext,student,z.proj.tap1,class_34,class,0.7516809714193585,0.11685014063338033,0.49737005526787637,0.3920093170421007,0.7822051747793235,4.60998484702914,1087
SimCLR,control,in100.simclr.s0.ext,student,z.proj.tap1,class_35,class,0.46962407992312255,0.14961769188357874,0.3428330391770153,0.6408682823489653,0.5688475754955877,4.60998484702914,1087
SimCLR,control,in100.simclr.s0.ext,student,z.proj.tap1,class_36,class,0.4474232177259635,0.13521493364240178,0.3814420736860942,0.5500729860503684,0.48707404321719977,4.60998484702914,1087
SimCLR,control,in100.simclr.s0.ext,student,z.proj.tap1,class_37,class,0.7103972952580964,0.14073788920439254,0.38723672766793005,0.5658277786314254,0.815148908798561,4.60998484702914,1087
SimCLR,control,in100.simclr.s0.ext,student,z.proj.tap1,class_38,class,0.7626537051875575,0.1377327403871351,0.475571013926591,0.4731799706403777,0.802906226050494,4.60998484702914,1087
SimCLR,control,in100.simclr.s0.ext,student,z.proj.tap1,class_39,class,0.3864962177774786,0.1366003749752166,0.2806610672250364,0.6947692164695529,0.46452819786783855,4.60998484702914,1087
SimCLR,control,in100.simclr.s0.ext,student,z.proj.tap1,class_40,class,0.636118643714252,0.10376359676942246,0.4842238927780714,0.3705790190959721,0.638012502620883,4.60998484702914,1087
SimCLR,control,in100.simclr.s0.ext,student,z.proj.tap1,class_41,class,0.704663192831195,0.13932923286449667,0.4314559466368497,0.5137702927305834,0.7666487284778984,4.60998484702914,1087
SimCLR,control,in100.simclr.s0.ext,student,z.proj.tap1,class_42,class,0.6152190977544753,0.1560364478122217,0.40448269498467593,0.597347994800771,0.6263682839697625,4.60998484702914,1087
SimCLR,control,in100.simclr.s0.ext,student,z.proj.tap1,class_43,class,0.7453970099099521,0.11484382239935685,0.4492238665042898,0.417572325733628,0.7641722473338689,4.60998484702914,1087
SimCLR,control,in100.simclr.s0.ext,student,z.proj.tap1,class_44,class,0.45828516620035914,0.09393961316936639,0.1734657601386376,0.7420761550094711,0.5150059473440944,4.60998484702914,1087
SimCLR,control,in100.simclr.s0.ext,student,z.proj.tap1,class_45,class,0.8956754883262301,0.12303843282352749,0.517552016392969,0.40146813804901227,0.9046923562257302,4.60998484702914,1087
SimCLR,control,in100.simclr.s0.ext,student,z.proj.tap1,class_46,class,0.6111251838331057,0.1513977206612836,0.32313628724843185,0.6744499268954383,0.6807774712126105,4.60998484702914,1087
SimCLR,control,in100.simclr.s0.ext,student,z.proj.tap1,class_47,class,0.5892915810493309,0.1461927348816447,0.3233066806257191,0.6782726817172744,0.6452107780736899,4.60998484702914,1087
SimCLR,control,in100.simclr.s0.ext,student,z.proj.tap1,class_48,class,0.582962577802917,0.14669857081040633,0.5465633267414893,0.4590545752157409,0.5839238018944997,4.60998484702914,1087
SimCLR,control,in100.simclr.s0.ext,student,z.proj.tap1,class_49,class,0.789889095524055,0.12446084629982389,0.4012410975628365,0.5086957672058183,0.8027925024087122,4.60998484702914,1087
SimCLR,control,in100.simclr.s0.ext,student,z.proj.tap1,class_50,class,0.49214468706594505,0.10329502191216089,0.23150151422921117,0.6358661570954395,0.5624400677967534,4.60998484702914,1087
SimCLR,control,in100.simclr.s0.ext,student,z.proj.tap1,class_51,class,0.9023924736325142,0.1363561195678522,0.5899390513669394,0.39698425240502466,0.9002378172709897,4.60998484702914,1087
SimCLR,control,in100.simclr.s0.ext,student,z.proj.tap1,class_52,class,0.645028524368493,0.1519871773481403,0.41531954373563734,0.5784997726702714,0.7072519583836921,4.60998484702914,1087
SimCLR,control,in100.simclr.s0.ext,student,z.proj.tap1,class_53,class,0.7220215541151648,0.1256489669789313,0.4905777601828685,0.4365200384742306,0.7502679589494511,4.60998484702914,1087
SimCLR,control,in100.simclr.s0.ext,student,z.proj.tap1,class_54,class,0.47713177757090314,0.09071315728538655,0.19937315171821265,0.6536672970278508,0.5084779491193896,4.60998484702914,1087
SimCLR,control,in100.simclr.s0.ext,student,z.proj.tap1,class_55,class,0.6956025414542342,0.13987457428530511,0.5235274152799714,0.4467670393561415,0.772057275857324,4.60998484702914,1087
SimCLR,control,in100.simclr.s0.ext,student,z.proj.tap1,class_56,class,0.5404486824675626,0.14350115037631017,0.47289009819612526,0.5005062710296714,0.5767491044424833,4.60998484702914,1087
SimCLR,control,in100.simclr.s0.ext,student,z.proj.tap1,class_57,class,1.0788839791205023,0.11525807922705973,0.7066926706582398,0.3119092484406878,1.0894527319953418,4.60998484702914,1087
SimCLR,control,in100.simclr.s0.ext,student,z.proj.tap1,class_58,class,0.4952171642179581,0.14741645382244167,0.3715793289505916,0.6107633431213103,0.5371092377226817,4.60998484702914,1087
SimCLR,control,in100.simclr.s0.ext,student,z.proj.tap1,class_59,class,1.1123604935568567,0.11620449261933537,0.5291440629844898,0.37931699658210205,1.1512591939058605,4.60998484702914,1087
SimCLR,control,in100.simclr.s0.ext,student,z.proj.tap1,class_60,class,0.5587300863023241,0.15264655156854923,0.3759310480084145,0.6365337140099065,0.6144736442856485,4.60998484702914,1087
SimCLR,control,in100.simclr.s0.ext,student,z.proj.tap1,class_61,class,0.9934966069379543,0.12627178477344012,0.542295681190991,0.4003496903786138,1.0260104795345866,4.60998484702914,1087
SimCLR,control,in100.simclr.s0.ext,student,z.proj.tap1,class_62,class,0.5075063193507809,0.13164083030870546,0.38220390733386245,0.5629544112115019,0.5473645320504856,4.60998484702914,1087
SimCLR,control,in100.simclr.s0.ext,student,z.proj.tap1,class_63,class,0.9248666950585164,0.1295594690065968,0.3988208507344655,0.5098031164153232,0.9964316198536568,4.60998484702914,1087
SimCLR,control,in100.simclr.s0.ext,student,z.proj.tap1,class_64,class,1.1634658874340738,0.10787145493176506,0.4933384258623201,0.36787472771995067,1.2246088797826664,4.60998484702914,1087
SimCLR,control,in100.simclr.s0.ext,student,z.proj.tap1,class_65,class,0.73001577933918,0.12517506781090287,0.5211568781756433,0.4116669699581322,0.7844860131783026,4.60998484702914,1087
SimCLR,control,in100.simclr.s0.ext,student,z.proj.tap1,class_66,class,0.7635084180612657,0.12137668234226288,0.3637049838377725,0.5207686715417242,0.8304985570983605,4.60998484702914,1087
SimCLR,control,in100.simclr.s0.ext,student,z.proj.tap1,class_67,class,0.7060867170450535,0.11541849129512606,0.4675030675674787,0.41682095365418326,0.7217629885726685,4.60998484702914,1087
SimCLR,control,in100.simclr.s0.ext,student,z.proj.tap1,class_68,class,0.4948932997911369,0.1413826490710779,0.36133184324595985,0.5855629470265045,0.5670341783399024,4.60998484702914,1087
SimCLR,control,in100.simclr.s0.ext,student,z.proj.tap1,class_69,class,0.5304926326106596,0.1382817790510518,0.3098128099558141,0.6451485255593183,0.5741734126420117,4.60998484702914,1087
SimCLR,control,in100.simclr.s0.ext,student,z.proj.tap1,class_70,class,1.0624101538691992,0.11347546473829595,0.6362950882475488,0.3224023673825506,1.0595462639693969,4.60998484702914,1087
SimCLR,control,in100.simclr.s0.ext,student,z.proj.tap1,class_71,class,0.42979614154920676,0.10616509253014082,0.2226530402138569,0.6792537784302737,0.5344141468932339,4.60998484702914,1087
SimCLR,control,in100.simclr.s0.ext,student,z.proj.tap1,class_72,class,0.8902579110404688,0.1419061447786626,0.5019483580391829,0.4667843730471606,0.96337538694344,4.60998484702914,1087
SimCLR,control,in100.simclr.s0.ext,student,z.proj.tap1,class_73,class,0.6770867640663698,0.12271165631950294,0.4704235797656841,0.4330200724974765,0.6719550039553022,4.60998484702914,1087
SimCLR,control,in100.simclr.s0.ext,student,z.proj.tap1,class_74,class,0.4765762107469577,0.10544665277750737,0.18832189716755987,0.7291655656162103,0.5173298530050705,4.60998484702914,1087
SimCLR,control,in100.simclr.s0.ext,student,z.proj.tap1,class_75,class,0.2711603888141531,0.11252829743881756,0.18773992986601817,0.7861449415379805,0.3372394534377593,4.60998484702914,1087
SimCLR,control,in100.simclr.s0.ext,student,z.proj.tap1,class_76,class,0.8579681185060745,0.12267174702126468,0.6530925388758836,0.3422704889938772,0.8537560892438916,4.60998484702914,1087
SimCLR,control,in100.simclr.s0.ext,student,z.proj.tap1,class_77,class,0.9583186532157608,0.10546679089605016,0.537240232444385,0.3359596518440807,0.9682614351427561,4.60998484702914,1087
SimCLR,control,in100.simclr.s0.ext,student,z.proj.tap1,class_78,class,0.7543597407776126,0.11905887814646036,0.4470563574180503,0.4344341176134765,0.7418846890015891,4.60998484702914,1087
SimCLR,control,in100.simclr.s0.ext,student,z.proj.tap1,class_79,class,0.4684895808928028,0.13840835045962485,0.32320134290501157,0.6301717901265451,0.5136046533624807,4.60998484702914,1087
SimCLR,control,in100.simclr.s0.ext,student,z.proj.tap1,class_80,class,0.764683045913371,0.1384452085049551,0.6422040109586044,0.3940886936224984,0.7479783977021859,4.60998484702914,1087
SimCLR,control,in100.simclr.s0.ext,student,z.proj.tap1,class_81,class,0.9864111162120329,0.14410956825262553,0.538185167829275,0.44796968504890367,1.0966679215461774,4.60998484702914,1087
SimCLR,control,in100.simclr.s0.ext,student,z.proj.tap1,class_82,class,0.7732778109685882,0.1550023601875319,0.5056864175639423,0.5014350505192927,0.818055638830144,4.60998484702914,1087
SimCLR,control,in100.simclr.s0.ext,student,z.proj.tap1,class_83,class,0.43838778949784735,0.1214091860085809,0.264940272037255,0.6942582225102005,0.5042734651844547,4.60998484702914,1087
SimCLR,control,in100.simclr.s0.ext,student,z.proj.tap1,class_84,class,1.1482392446084797,0.1055787540182531,0.657186387474948,0.29519277190692594,1.1541506641078707,4.60998484702914,1087
SimCLR,control,in100.simclr.s0.ext,student,z.proj.tap1,class_85,class,0.28247291055713825,0.1110768578283894,0.21224296371766943,0.7591207401749962,0.33877782223453007,4.60998484702914,1087
SimCLR,control,in100.simclr.s0.ext,student,z.proj.tap1,class_86,class,0.5316749620491797,0.14427241756295803,0.3678755833697886,0.5961501078892779,0.582121338858176,4.60998484702914,1087
SimCLR,control,in100.simclr.s0.ext,student,z.proj.tap1,class_87,class,0.44764707680469185,0.12662413796049646,0.27662850379129794,0.6797597960772848,0.512821312196488,4.60998484702914,1087
SimCLR,control,in100.simclr.s0.ext,student,z.proj.tap1,class_88,class,0.957326080784435,0.13706831539469036,0.48828870972273014,0.4634591683467742,0.987149960457381,4.60998484702914,1087
SimCLR,control,in100.simclr.s0.ext,student,z.proj.tap1,class_89,class,0.8532301058428464,0.1549207718021959,0.5489035823142367,0.4727534749735625,0.8635194671794421,4.60998484702914,1087
SimCLR,control,in100.simclr.s0.ext,student,z.proj.tap1,class_90,class,0.9443466636779468,0.11567873203207073,0.5642439845116117,0.35559535737230297,0.9239818695518089,4.60998484702914,1087
SimCLR,control,in100.simclr.s0.ext,student,z.proj.tap1,class_91,class,0.458015022150777,0.10548798165318689,0.2712323265197365,0.6071787681552882,0.48873745244166195,4.60998484702914,1087
SimCLR,control,in100.simclr.s0.ext,student,z.proj.tap1,class_92,class,0.35516668751877595,0.09790651761369908,0.16488831382657917,0.796902296543619,0.40947736097340537,4.60998484702914,1087
SimCLR,control,in100.simclr.s0.ext,student,z.proj.tap1,class_93,class,0.503356400083526,0.0999105062966085,0.19360325550015445,0.7122915580430433,0.5777147459612068,4.60998484702914,1087
SimCLR,control,in100.simclr.s0.ext,student,z.proj.tap1,class_94,class,0.6769392385868469,0.09967919841245455,0.19329734529978812,0.7168824784207968,0.7739914851203383,4.60998484702914,1087
SimCLR,control,in100.simclr.s0.ext,student,z.proj.tap1,class_95,class,0.45134330986122523,0.15467141765558307,0.2948539451086648,0.7256927844815838,0.5259344895360263,4.60998484702914,1087
SimCLR,control,in100.simclr.s0.ext,student,z.proj.tap1,class_96,class,0.25519825082967607,0.10020584556311155,0.14828748248140639,0.8619138599033824,0.34519867760946193,4.60998484702914,1087
SimCLR,control,in100.simclr.s0.ext,student,z.proj.tap1,class_97,class,0.5163516888437374,0.15898824241060658,0.3741896411880972,0.6268301019790378,0.6115376074755327,4.60998484702914,1087
SimCLR,control,in100.simclr.s0.ext,student,z.proj.tap1,class_98,class,0.2205795024404759,0.11696987985380917,0.21019864830769583,0.753704278233583,0.28408067641702267,4.60998484702914,1087
SimCLR,control,in100.simclr.s0.ext,student,z.proj.tap1,class_99,class,0.6105978851529699,0.15574778950141313,0.34246972601993675,0.6836782739983045,0.6821414878023029,4.60998484702914,1087
SimCLR,control,in100.simclr.s0.ext,student,z.proj.out,lum_mean,attr,0.3077560710272594,0.16321389053033508,0.33549060956632887,0.6800361192429418,0.45694702812727783,0.7805822166569659,101
SimCLR,control,in100.simclr.s0.ext,student,z.proj.out,lum_std,attr,0.46414181444956976,0.09615291662200083,0.23323623921989017,0.5271521288071668,0.5455966928153654,0.7805822166569659,101
SimCLR,control,in100.simclr.s0.ext,student,z.proj.out,sat_mean,attr,0.41638795572095416,0.1167033376640464,0.2785175630738681,0.5560835001392485,0.508110154516287,0.7805822166569659,101
SimCLR,control,in100.simclr.s0.ext,student,z.proj.out,opp_rg,attr,0.47049307009757785,0.0969669886769404,0.24690003408317568,0.5141568443922633,0.5466849164095043,0.7805822166569659,101
SimCLR,control,in100.simclr.s0.ext,student,z.proj.out,opp_yb,attr,0.3842748081710614,0.12250390817029165,0.27788967707566004,0.5978376713551405,0.4843672105759957,0.7805822166569659,101
SimCLR,control,in100.simclr.s0.ext,student,z.proj.out,hue_cos,attr,0.465276593440439,0.11420227701882624,0.280334688603328,0.5520428634392794,0.5678173765144665,0.7805822166569659,101
SimCLR,control,in100.simclr.s0.ext,student,z.proj.out,hue_sin,attr,0.5298415918667739,0.08881493144826537,0.23521895042332738,0.5030893646575714,0.6110353445120607,0.7805822166569659,101
SimCLR,control,in100.simclr.s0.ext,student,z.proj.out,hf_energy,attr,0.2918065940422018,0.10636669471994704,0.18997478796481004,0.7046059684224449,0.3802027669260543,0.7805822166569659,101
SimCLR,control,in100.simclr.s0.ext,student,z.proj.out,edge_y,attr,0.8007513431851315,0.037076800449145256,0.224324549755924,0.2086200207112992,0.8289662238659093,0.7805822166569659,101
SimCLR,control,in100.simclr.s0.ext,student,z.proj.out,edge_x,attr,0.8869100427597328,0.0032477648158263832,0.2634493022916329,0.015976168044979238,0.8830991224255386,0.7805822166569659,101
SimCLR,control,in100.simclr.s0.ext,student,z.proj.out,class_0,class,0.8021733132460981,0.03568487317100083,0.23240054338003457,0.1934975004752843,0.8164799614973667,0.7805822166569659,101
SimCLR,control,in100.simclr.s0.ext,student,z.proj.out,class_1,class,0.43461969408259254,0.09579374756841164,0.21653211053188368,0.5449874548383996,0.5183874438441699,0.7805822166569659,101
SimCLR,control,in100.simclr.s0.ext,student,z.proj.out,class_2,class,0.9302253474586316,0.025965768755838475,0.21776819597251393,0.15095919844614944,0.9491020252384753,0.7805822166569659,101
SimCLR,control,in100.simclr.s0.ext,student,z.proj.out,class_3,class,0.6013746866063698,0.06552745058443829,0.22968409113894045,0.35721196818083606,0.65654825053416,0.7805822166569659,101
SimCLR,control,in100.simclr.s0.ext,student,z.proj.out,class_4,class,0.8205704563875553,0.034501321816129644,0.24655575011295866,0.17963337658236755,0.843403257175555,0.7805822166569659,101
SimCLR,control,in100.simclr.s0.ext,student,z.proj.out,class_5,class,0.3145724038069954,0.062350296641379116,0.11943158995934165,0.5895711008014256,0.364604632178892,0.7805822166569659,101
SimCLR,control,in100.simclr.s0.ext,student,z.proj.out,class_6,class,0.7106245503606233,0.08494716223194854,0.1699316459339808,0.5913123848313812,0.814710272550825,0.7805822166569659,101
SimCLR,control,in100.simclr.s0.ext,student,z.proj.out,class_7,class,1.1111599099546567,0.018794752546419366,0.17408889976951197,0.1321226925240383,1.1226994617333326,0.7805822166569659,101
SimCLR,control,in100.simclr.s0.ext,student,z.proj.out,class_8,class,1.065458747042516,0.02991131104343108,0.23308781026517775,0.16198426372991756,1.096641645725033,0.7805822166569659,101
SimCLR,control,in100.simclr.s0.ext,student,z.proj.out,class_9,class,0.9577169010540342,0.04144955095071801,0.20852155092607455,0.2444416421760966,1.0299617232008642,0.7805822166569659,101
SimCLR,control,in100.simclr.s0.ext,student,z.proj.out,class_10,class,0.7187746500260882,0.046393897013725385,0.28139159503274724,0.21527049947246718,0.751537522571293,0.7805822166569659,101
SimCLR,control,in100.simclr.s0.ext,student,z.proj.out,class_11,class,1.36415155601505,0.02738235300424434,0.25757223968256643,0.1383417863926662,1.4307551059601018,0.7805822166569659,101
SimCLR,control,in100.simclr.s0.ext,student,z.proj.out,class_12,class,0.7327553983378176,0.062348340409472854,0.15317823170547437,0.47889140834209215,0.794528340370515,0.7805822166569659,101
SimCLR,control,in100.simclr.s0.ext,student,z.proj.out,class_13,class,1.4589139453893354,0.010043183327464011,0.23933172164332256,0.05370529569615205,1.4735252882033496,0.7805822166569659,101
SimCLR,control,in100.simclr.s0.ext,student,z.proj.out,class_14,class,0.9098867875367997,0.05485293277171277,0.22594244399792765,0.3015867808685575,0.951284485821132,0.7805822166569659,101
SimCLR,control,in100.simclr.s0.ext,student,z.proj.out,class_15,class,0.6709078747680631,0.0673539965302157,0.2457329528405067,0.34703077742348726,0.7370081631467362,0.7805822166569659,101
SimCLR,control,in100.simclr.s0.ext,student,z.proj.out,class_16,class,0.7288702223495284,0.018264392669996184,0.23619945912385915,0.09854569832828287,0.737653847755733,0.7805822166569659,101
SimCLR,control,in100.simclr.s0.ext,student,z.proj.out,class_17,class,0.7377500174060357,0.02508986019120792,0.2508154323308515,0.128630717579746,0.7456430977015841,0.7805822166569659,101
SimCLR,control,in100.simclr.s0.ext,student,z.proj.out,class_18,class,0.7636943862968582,0.03320419022159838,0.2403886835954821,0.17487873692052558,0.790377231699012,0.7805822166569659,101
SimCLR,control,in100.simclr.s0.ext,student,z.proj.out,class_19,class,0.7142542921113504,0.02363796732940817,0.2428582169189313,0.12353887349424575,0.7238484403441806,0.7805822166569659,101
SimCLR,control,in100.simclr.s0.ext,student,z.proj.out,class_20,class,1.1269154868396443,0.013607000841981113,0.2040162730814279,0.08263117728710159,1.1332206863342824,0.7805822166569659,101
SimCLR,control,in100.simclr.s0.ext,student,z.proj.out,class_21,class,1.0501939385891998,0.011165509886756199,0.2289099603895746,0.06171294562059114,1.0538497549053873,0.7805822166569659,101
SimCLR,control,in100.simclr.s0.ext,student,z.proj.out,class_22,class,0.8190543321346063,0.018583582065885763,0.24807423913839557,0.09661330046887996,0.8251843904160447,0.7805822166569659,101
SimCLR,control,in100.simclr.s0.ext,student,z.proj.out,class_23,class,0.8007203646571386,0.028512970959466494,0.27113637114181743,0.13600483587612636,0.8236276529823783,0.7805822166569659,101
SimCLR,control,in100.simclr.s0.ext,student,z.proj.out,class_24,class,0.7532265216857204,0.053205837024972856,0.27781427047278884,0.24869894028636724,0.7909961405165055,0.7805822166569659,101
SimCLR,control,in100.simclr.s0.ext,student,z.proj.out,class_25,class,0.4207242556885687,0.09469282075147759,0.20213017361983157,0.5688248215702505,0.4981614170364197,0.7805822166569659,101
SimCLR,control,in100.simclr.s0.ext,student,z.proj.out,class_26,class,0.6766890589893302,0.04398742330252357,0.2731053268109853,0.20865124635403934,0.6951041380878803,0.7805822166569659,101
SimCLR,control,in100.simclr.s0.ext,student,z.proj.out,class_27,class,0.9706527904603363,0.031586453794139276,0.2590222846222982,0.15617847329979515,0.9979215648111962,0.7805822166569659,101
SimCLR,control,in100.simclr.s0.ext,student,z.proj.out,class_28,class,0.6674532679301753,0.016150774521278978,0.26013871743213507,0.08140776311526979,0.6717749648651983,0.7805822166569659,101
SimCLR,control,in100.simclr.s0.ext,student,z.proj.out,class_29,class,1.0879000840416446,0.00922254569640217,0.25375209277902444,0.04732716049143653,1.092036314220273,0.7805822166569659,101
SimCLR,control,in100.simclr.s0.ext,student,z.proj.out,class_30,class,0.6855594693905135,0.017165039568192104,0.2685916968697896,0.08337767829570406,0.6931898085516534,0.7805822166569659,101
SimCLR,control,in100.simclr.s0.ext,student,z.proj.out,class_31,class,0.783637934952323,0.028280361834798363,0.26235786076601053,0.13907797384400566,0.8025608123566427,0.7805822166569659,101
SimCLR,control,in100.simclr.s0.ext,student,z.proj.out,class_32,class,0.8348352508341313,0.027569159029273056,0.21016472993996732,0.1631927833578561,0.8487574938705679,0.7805822166569659,101
SimCLR,control,in100.simclr.s0.ext,student,z.proj.out,class_33,class,0.7426904159459706,0.07108846106009574,0.2677534552529918,0.34263135488004903,0.8352837443727418,0.7805822166569659,101
SimCLR,control,in100.simclr.s0.ext,student,z.proj.out,class_34,class,0.8083128380896661,0.025582267977132343,0.2394389930985421,0.13738261767094803,0.819179522497227,0.7805822166569659,101
SimCLR,control,in100.simclr.s0.ext,student,z.proj.out,class_35,class,0.5590890731558587,0.08521390753570887,0.27857175589788086,0.39538689672384786,0.6415884170426593,0.7805822166569659,101
SimCLR,control,in100.simclr.s0.ext,student,z.proj.out,class_36,class,0.5445450331184228,0.04572122869739213,0.23526148736146837,0.24527652551090195,0.5697193387645132,0.7805822166569659,101
SimCLR,control,in100.simclr.s0.ext,student,z.proj.out,class_37,class,0.9768514625953477,0.03863282191461375,0.23148026196254748,0.21282141216446843,1.0118701652843913,0.7805822166569659,101
SimCLR,control,in100.simclr.s0.ext,student,z.proj.out,class_38,class,0.8503491865894756,0.024816378736185883,0.2744463056626007,0.11916528191697216,0.8634764148789588,0.7805822166569659,101
SimCLR,control,in100.simclr.s0.ext,student,z.proj.out,class_39,class,0.5132404216209755,0.0790259582322507,0.20787058620149776,0.4663387924089443,0.5702548506305414,0.7805822166569659,101
SimCLR,control,in100.simclr.s0.ext,student,z.proj.out,class_40,class,0.6377827934584138,0.021699283296507294,0.1760776199814529,0.14874314546128084,0.6500090008919172,0.7805822166569659,101
SimCLR,control,in100.simclr.s0.ext,student,z.proj.out,class_41,class,0.841123077097135,0.03979028539293236,0.25239161796158227,0.20267878910491818,0.8755832424663644,0.7805822166569659,101
SimCLR,control,in100.simclr.s0.ext,student,z.proj.out,class_42,class,0.6313466230789142,0.05063379541649928,0.23248443101477653,0.27286100195062024,0.6514948520740141,0.7805822166569659,101
SimCLR,control,in100.simclr.s0.ext,student,z.proj.out,class_43,class,0.7704363937984094,0.028987499312241424,0.21875957032812043,0.16473997113710936,0.7839671654591045,0.7805822166569659,101
SimCLR,control,in100.simclr.s0.ext,student,z.proj.out,class_44,class,0.46660029626138494,0.07375758542331742,0.13512419244758714,0.6292446837766759,0.535225331064114,0.7805822166569659,101
SimCLR,control,in100.simclr.s0.ext,student,z.proj.out,class_45,class,0.886979056857425,0.025052285796917657,0.24853125124286274,0.12937145605912903,0.8991695705746472,0.7805822166569659,101
SimCLR,control,in100.simclr.s0.ext,student,z.proj.out,class_46,class,0.7132579625743019,0.08716407725249348,0.26821161166087687,0.4156703852315716,0.7713830689741893,0.7805822166569659,101
SimCLR,control,in100.simclr.s0.ext,student,z.proj.out,class_47,class,0.6862903554801975,0.07660255797100682,0.21386598784933225,0.4430525750215184,0.7448540642230443,0.7805822166569659,101
SimCLR,control,in100.simclr.s0.ext,student,z.proj.out,class_48,class,0.5838016343347404,0.029692268596552777,0.2578908761288611,0.14731570862182677,0.5951802245270316,0.7805822166569659,101
SimCLR,control,in100.simclr.s0.ext,student,z.proj.out,class_49,class,0.8653570673999744,0.03162150074428991,0.26250206060928455,0.15631794627596124,0.8844817840290063,0.7805822166569659,101
SimCLR,control,in100.simclr.s0.ext,student,z.proj.out,class_50,class,0.5998859909763534,0.07497236512256596,0.18633551677584342,0.4855256624814357,0.6602264231218733,0.7805822166569659,101
SimCLR,control,in100.simclr.s0.ext,student,z.proj.out,class_51,class,0.8863507340934711,0.012460656972412675,0.27384413230965604,0.05976574677283042,0.8914753095403035,0.7805822166569659,101
SimCLR,control,in100.simclr.s0.ext,student,z.proj.out,class_52,class,0.7687801559056326,0.04933727734193943,0.23465048090207805,0.26477243491487146,0.8272400304188788,0.7805822166569659,101
SimCLR,control,in100.simclr.s0.ext,student,z.proj.out,class_53,class,0.7526979586406868,0.035839622282845124,0.24886536087172995,0.18509867918070377,0.7857871590059211,0.7805822166569659,101
SimCLR,control,in100.simclr.s0.ext,student,z.proj.out,class_54,class,0.48036577758867904,0.05778426278093783,0.12949233579241248,0.511156578267742,0.5222969291202547,0.7805822166569659,101
SimCLR,control,in100.simclr.s0.ext,student,z.proj.out,class_55,class,0.8701901500578211,0.029856587372479676,0.3094542996467802,0.12878883189806167,0.9210970223450986,0.7805822166569659,101
SimCLR,control,in100.simclr.s0.ext,student,z.proj.out,class_56,class,0.6697757997745107,0.03702602950610247,0.2813231976503907,0.17226732785102458,0.7123041022698691,0.7805822166569659,101
SimCLR,control,in100.simclr.s0.ext,student,z.proj.out,class_57,class,1.097148292385348,0.010619997607283256,0.2350229144769082,0.05780524087453216,1.1088199638742624,0.7805822166569659,101
SimCLR,control,in100.simclr.s0.ext,student,z.proj.out,class_58,class,0.6089925201130356,0.039226282455797776,0.2339023848812614,0.21487191219264132,0.6197441208807998,0.7805822166569659,101
SimCLR,control,in100.simclr.s0.ext,student,z.proj.out,class_59,class,1.1972724131976178,0.019868850610575476,0.2811562772941951,0.09391983650123283,1.2078879247740846,0.7805822166569659,101
SimCLR,control,in100.simclr.s0.ext,student,z.proj.out,class_60,class,0.5616914537554749,0.08487401391587628,0.26377197928675683,0.41304782739285295,0.6359659103041954,0.7805822166569659,101
SimCLR,control,in100.simclr.s0.ext,student,z.proj.out,class_61,class,1.0603116254673277,0.025770583257184503,0.28625841168994437,0.1187810508969682,1.0894168130377684,0.7805822166569659,101
SimCLR,control,in100.simclr.s0.ext,student,z.proj.out,class_62,class,0.5224536767707161,0.06727320927505279,0.2173806864756475,0.38167194714690206,0.5714596016686472,0.7805822166569659,101
SimCLR,control,in100.simclr.s0.ext,student,z.proj.out,class_63,class,1.076458200654939,0.04388507024579818,0.2920077715747087,0.19946758928122874,1.113450051324606,0.7805822166569659,101
SimCLR,control,in100.simclr.s0.ext,student,z.proj.out,class_64,class,1.2932253908205078,0.020352903204096665,0.22945227346729613,0.11251512675308707,1.3342259586104126,0.7805822166569659,101
SimCLR,control,in100.simclr.s0.ext,student,z.proj.out,class_65,class,0.8431298259731688,0.027269908745937033,0.2514024938180062,0.13842391231388518,0.8762805622930869,0.7805822166569659,101
SimCLR,control,in100.simclr.s0.ext,student,z.proj.out,class_66,class,0.8250566357644246,0.052175169806501234,0.25005319598078307,0.26524575279686397,0.9069061484351667,0.7805822166569659,101
SimCLR,control,in100.simclr.s0.ext,student,z.proj.out,class_67,class,0.7263050190692621,0.025760601502217612,0.19673935982803714,0.1621731011589511,0.7467413409074034,0.7805822166569659,101
SimCLR,control,in100.simclr.s0.ext,student,z.proj.out,class_68,class,0.7102575640222644,0.05455086105628301,0.28684905659372695,0.24942282785708805,0.7464894360402723,0.7805822166569659,101
SimCLR,control,in100.simclr.s0.ext,student,z.proj.out,class_69,class,0.6473309651001967,0.06293732237209229,0.2479130670137114,0.3210815629554179,0.6804908299144075,0.7805822166569659,101
SimCLR,control,in100.simclr.s0.ext,student,z.proj.out,class_70,class,1.0304422051968651,0.012809515082928533,0.2620991041078772,0.06379843813668622,1.0378706474815829,0.7805822166569659,101
SimCLR,control,in100.simclr.s0.ext,student,z.proj.out,class_71,class,0.49417026830653493,0.07394651079441165,0.16763937598520656,0.520208672515907,0.598464308798591,0.7805822166569659,101
SimCLR,control,in100.simclr.s0.ext,student,z.proj.out,class_72,class,1.0277817371836007,0.03299167585181085,0.26913911811364205,0.159827905824317,1.0607742241467877,0.7805822166569659,101
SimCLR,control,in100.simclr.s0.ext,student,z.proj.out,class_73,class,0.6600282427489386,0.021220412895963554,0.21576319593942003,0.1238704818826165,0.6649573586376165,0.7805822166569659,101
SimCLR,control,in100.simclr.s0.ext,student,z.proj.out,class_74,class,0.525792580269406,0.0856397532026664,0.18078238507719632,0.5698618973269767,0.5745285670478509,0.7805822166569659,101
SimCLR,control,in100.simclr.s0.ext,student,z.proj.out,class_75,class,0.32369668421620296,0.09261076165117398,0.16257309028705721,0.6674797175287694,0.3955584589291243,0.7805822166569659,101
SimCLR,control,in100.simclr.s0.ext,student,z.proj.out,class_76,class,0.8293554038242513,0.014322421681263284,0.2389645832240395,0.0769544494684676,0.8397202061720229,0.7805822166569659,101
SimCLR,control,in100.simclr.s0.ext,student,z.proj.out,class_77,class,0.9630889497541862,0.018553401933732113,0.2833504612538489,0.08635853114891007,0.9695244307653913,0.7805822166569659,101
SimCLR,control,in100.simclr.s0.ext,student,z.proj.out,class_78,class,0.7147032366756892,0.03050458113574017,0.2586221463266028,0.1518966965361394,0.7323357003067406,0.7805822166569659,101
SimCLR,control,in100.simclr.s0.ext,student,z.proj.out,class_79,class,0.5240445396549755,0.08097108686332956,0.2430952603283745,0.41755863310633856,0.5724001936104012,0.7805822166569659,101
SimCLR,control,in100.simclr.s0.ext,student,z.proj.out,class_80,class,0.6887431760346462,0.01687474034946985,0.316986061912132,0.07246497061742169,0.6963153068088953,0.7805822166569659,101
SimCLR,control,in100.simclr.s0.ext,student,z.proj.out,class_81,class,1.23194156262721,0.024444605683245087,0.2886223910955754,0.111198659556253,1.2719590168559316,0.7805822166569659,101
SimCLR,control,in100.simclr.s0.ext,student,z.proj.out,class_82,class,0.8635931749305009,0.03876306985222653,0.30088739609267795,0.17160427889431876,0.902566207538641,0.7805822166569659,101
SimCLR,control,in100.simclr.s0.ext,student,z.proj.out,class_83,class,0.5145724767599578,0.06670197960590579,0.15911858321056715,0.49916838827337917,0.558868703232716,0.7805822166569659,101
SimCLR,control,in100.simclr.s0.ext,student,z.proj.out,class_84,class,1.1449372344667628,0.013575189423882876,0.2550522660316585,0.06880412707828976,1.1571518121437148,0.7805822166569659,101
SimCLR,control,in100.simclr.s0.ext,student,z.proj.out,class_85,class,0.2910176178146935,0.07215444486161697,0.1318985239470777,0.6234963567076272,0.3512511062758999,0.7805822166569659,101
SimCLR,control,in100.simclr.s0.ext,student,z.proj.out,class_86,class,0.6335340537959596,0.0501529998629447,0.25467912156967154,0.2535936397655156,0.6584880683736027,0.7805822166569659,101
SimCLR,control,in100.simclr.s0.ext,student,z.proj.out,class_87,class,0.5024881976890787,0.07638912668777757,0.18820275929457225,0.4872631039697966,0.5724984556466793,0.7805822166569659,101
SimCLR,control,in100.simclr.s0.ext,student,z.proj.out,class_88,class,0.9878358104202496,0.03208041015010641,0.28949417469798616,0.14712610622272942,1.0054933206667542,0.7805822166569659,101
SimCLR,control,in100.simclr.s0.ext,student,z.proj.out,class_89,class,0.9070597837843308,0.028321118147049986,0.3103576048362286,0.12226668167202764,0.9140873424778376,0.7805822166569659,101
SimCLR,control,in100.simclr.s0.ext,student,z.proj.out,class_90,class,0.8731452218133376,0.02164750377053407,0.27041072781273,0.10537683252627007,0.8808230003216578,0.7805822166569659,101
SimCLR,control,in100.simclr.s0.ext,student,z.proj.out,class_91,class,0.4487234470077381,0.04957176843490372,0.13090430047603854,0.43579802474049156,0.48736026000914856,0.7805822166569659,101
SimCLR,control,in100.simclr.s0.ext,student,z.proj.out,class_92,class,0.37800924373051403,0.08102179703782195,0.13043604514885607,0.7099064589436923,0.4295453381336697,0.7805822166569659,101
SimCLR,control,in100.simclr.s0.ext,student,z.proj.out,class_93,class,0.6080509960924882,0.06166394636741007,0.12917014645049305,0.5465891329586346,0.6698176147264491,0.7805822166569659,101
SimCLR,control,in100.simclr.s0.ext,student,z.proj.out,class_94,class,0.7299782582850939,0.0774118662652804,0.15961454391506713,0.5707780029853426,0.8355123450959607,0.7805822166569659,101
SimCLR,control,in100.simclr.s0.ext,student,z.proj.out,class_95,class,0.5417631492924249,0.10745749587691286,0.2612150592471283,0.5231855358885755,0.6314766722881368,0.7805822166569659,101
SimCLR,control,in100.simclr.s0.ext,student,z.proj.out,class_96,class,0.2882681089802869,0.09140946708103398,0.1346399413258892,0.7778320908510888,0.3876211278378093,0.7805822166569659,101
SimCLR,control,in100.simclr.s0.ext,student,z.proj.out,class_97,class,0.6717574165697779,0.0693289977504224,0.3093025890840589,0.2982944492068035,0.7419992619140611,0.7805822166569659,101
SimCLR,control,in100.simclr.s0.ext,student,z.proj.out,class_98,class,0.2810740482702785,0.08831371866560526,0.1627333284074254,0.638012489629952,0.34248500093579465,0.7805822166569659,101
SimCLR,control,in100.simclr.s0.ext,student,z.proj.out,class_99,class,0.7337014858227036,0.0811758888863529,0.2518760585551967,0.4106572275497656,0.8207468346943786,0.7805822166569659,101
SimCLR,treated,in100.simclr.s0.e20f.ext,student,h.cls,lum_mean,attr,0.172815510050953,0.21471518067896625,0.5530430750701851,0.798619389623544,0.37860780972580677,29.653906013981768,352
SimCLR,treated,in100.simclr.s0.e20f.ext,student,h.cls,lum_std,attr,0.26182509263581694,0.19530349659387292,0.5821734890474164,0.7195134960045653,0.44631626631697435,29.653906013981768,352
SimCLR,treated,in100.simclr.s0.e20f.ext,student,h.cls,sat_mean,attr,0.229904589171925,0.19689108909672126,0.6284760397073486,0.7331224670365029,0.4076173659908333,29.653906013981768,352
SimCLR,treated,in100.simclr.s0.e20f.ext,student,h.cls,opp_rg,attr,0.2999321876300753,0.1934019669271419,0.6772000268182189,0.664818657308977,0.4740812096500821,29.653906013981768,352
SimCLR,treated,in100.simclr.s0.e20f.ext,student,h.cls,opp_yb,attr,0.22289213199067903,0.20696947616758113,0.6053808517680388,0.7418753354018528,0.40805925247503466,29.653906013981768,352
SimCLR,treated,in100.simclr.s0.e20f.ext,student,h.cls,hue_cos,attr,0.23424436945996568,0.23016347502195866,0.6496167909662547,0.7443239085103255,0.46267270895507656,29.653906013981768,352
SimCLR,treated,in100.simclr.s0.e20f.ext,student,h.cls,hue_sin,attr,0.2769925506983213,0.20319298468536637,0.6838905471105453,0.7063225408621542,0.48810890200318574,29.653906013981768,352
SimCLR,treated,in100.simclr.s0.e20f.ext,student,h.cls,hf_energy,attr,0.1630731019898585,0.1524230525274887,0.3553813557059882,0.8100632649323445,0.3052304802082447,29.653906013981768,352
SimCLR,treated,in100.simclr.s0.e20f.ext,student,h.cls,edge_y,attr,0.3782751682664394,0.24253204438766882,0.9195909355171821,0.6016971576651406,0.6025290524033068,29.653906013981768,352
SimCLR,treated,in100.simclr.s0.e20f.ext,student,h.cls,edge_x,attr,0.9602330812640486,0.0349816629163523,1.6023727337008853,0.0675132440727747,0.9128409810321946,29.653906013981768,352
SimCLR,treated,in100.simclr.s0.e20f.ext,student,h.cls,class_0,class,0.7036736977804512,0.12267192735160151,0.6801945982129498,0.3799883370114907,0.7450469301139818,29.653906013981768,352
SimCLR,treated,in100.simclr.s0.e20f.ext,student,h.cls,class_1,class,0.40647858648906315,0.1471594836031572,0.423406943117836,0.5770409070127369,0.5337825320403531,29.653906013981768,352
SimCLR,treated,in100.simclr.s0.e20f.ext,student,h.cls,class_2,class,0.8977507160911818,0.0808238928538052,0.7914275110755463,0.23662982232931742,0.9343922476809942,29.653906013981768,352
SimCLR,treated,in100.simclr.s0.e20f.ext,student,h.cls,class_3,class,0.5899088784892942,0.12509018729875215,0.5567264671753819,0.42376092177105545,0.6698734904431104,29.653906013981768,352
SimCLR,treated,in100.simclr.s0.e20f.ext,student,h.cls,class_4,class,0.7123453091796987,0.11556687726114644,0.7484928613045522,0.33370810523083244,0.7828555241742596,29.653906013981768,352
SimCLR,treated,in100.simclr.s0.e20f.ext,student,h.cls,class_5,class,0.34164278550190325,0.12176379789001486,0.30184831617823443,0.6097714342950823,0.42072314787324355,29.653906013981768,352
SimCLR,treated,in100.simclr.s0.e20f.ext,student,h.cls,class_6,class,0.628562045735014,0.1634010774929479,0.42689603958824124,0.6234713380262389,0.8178762645712263,29.653906013981768,352
SimCLR,treated,in100.simclr.s0.e20f.ext,student,h.cls,class_7,class,1.0536309732332259,0.06740789176961262,0.6901576909006016,0.23457496830260008,1.082151638456792,29.653906013981768,352
SimCLR,treated,in100.simclr.s0.e20f.ext,student,h.cls,class_8,class,1.0021826353984153,0.08566030185922385,0.6891988257288109,0.264162045393077,1.0606472843897743,29.653906013981768,352
SimCLR,treated,in100.simclr.s0.e20f.ext,student,h.cls,class_9,class,0.9410725947239847,0.09966532863644739,0.6558027456084199,0.31151209126722307,1.049178271379038,29.653906013981768,352
SimCLR,treated,in100.simclr.s0.e20f.ext,student,h.cls,class_10,class,0.694004727906983,0.11170776474555894,0.8051535911897566,0.300620848942213,0.7405613740670164,29.653906013981768,352
SimCLR,treated,in100.simclr.s0.e20f.ext,student,h.cls,class_11,class,1.242085748710086,0.09525077545848597,0.8479538334013753,0.25976621727631394,1.3640670449881502,29.653906013981768,352
SimCLR,treated,in100.simclr.s0.e20f.ext,student,h.cls,class_12,class,0.695908506178518,0.1006303682591504,0.3329889539111087,0.5320135482455015,0.7811703366942896,29.653906013981768,352
SimCLR,treated,in100.simclr.s0.e20f.ext,student,h.cls,class_13,class,1.4797625021401442,0.04555119343215191,1.0190799697333366,0.11700906430902537,1.485065672356098,29.653906013981768,352
SimCLR,treated,in100.simclr.s0.e20f.ext,student,h.cls,class_14,class,0.9107956955948558,0.09391344533059201,0.5363744590447147,0.3296062745717211,0.9587573492801174,29.653906013981768,352
SimCLR,treated,in100.simclr.s0.e20f.ext,student,h.cls,class_15,class,0.6986535522146291,0.11215822540425592,0.5610742756610947,0.38177027805284486,0.7751510771904033,29.653906013981768,352
SimCLR,treated,in100.simclr.s0.e20f.ext,student,h.cls,class_16,class,0.7506955281925293,0.04970246184239838,0.780042032839069,0.15163109378441267,0.7486376270941122,29.653906013981768,352
SimCLR,treated,in100.simclr.s0.e20f.ext,student,h.cls,class_17,class,0.7513253387309927,0.05902721229504373,0.7147651094211713,0.1804140907022219,0.7488112579066728,29.653906013981768,352
SimCLR,treated,in100.simclr.s0.e20f.ext,student,h.cls,class_18,class,0.7750522428338192,0.07331107119332461,0.6368637589399757,0.23760533716978818,0.7988918288639527,29.653906013981768,352
SimCLR,treated,in100.simclr.s0.e20f.ext,student,h.cls,class_19,class,0.7476491242932242,0.05404113995644038,0.6786931375261385,0.17948942414079566,0.7350166640896042,29.653906013981768,352
SimCLR,treated,in100.simclr.s0.e20f.ext,student,h.cls,class_20,class,1.1674056937290134,0.051474242471764034,0.8522980437470499,0.15331167626828981,1.1394184670945557,29.653906013981768,352
SimCLR,treated,in100.simclr.s0.e20f.ext,student,h.cls,class_21,class,1.0828186273780833,0.04658883184940396,0.972241684588004,0.1235419754470675,1.0651554807004269,29.653906013981768,352
SimCLR,treated,in100.simclr.s0.e20f.ext,student,h.cls,class_22,class,0.832648900249206,0.060242089864376305,0.829853041296576,0.16659426557722234,0.8230176069470537,29.653906013981768,352
SimCLR,treated,in100.simclr.s0.e20f.ext,student,h.cls,class_23,class,0.8194421674733001,0.07694957828796194,0.820319154062278,0.21334103995599057,0.8372584953746335,29.653906013981768,352
SimCLR,treated,in100.simclr.s0.e20f.ext,student,h.cls,class_24,class,0.7608258388923926,0.08888247899652585,0.5904192960373666,0.29888077377266253,0.7941258295855291,29.653906013981768,352
SimCLR,treated,in100.simclr.s0.e20f.ext,student,h.cls,class_25,class,0.41839592754528987,0.1392361016675745,0.36978690972042216,0.6040450746808588,0.5064169579827525,29.653906013981768,352
SimCLR,treated,in100.simclr.s0.e20f.ext,student,h.cls,class_26,class,0.7285741953870514,0.08887269924610751,0.6425545901739167,0.281414598977861,0.72468718954214,29.653906013981768,352
SimCLR,treated,in100.simclr.s0.e20f.ext,student,h.cls,class_27,class,0.9692489259155033,0.06518487009394873,0.6765645666645824,0.2056769306235114,0.9938460417569897,29.653906013981768,352
SimCLR,treated,in100.simclr.s0.e20f.ext,student,h.cls,class_28,class,0.7084521774406674,0.06064679680983584,0.9139150904848374,0.15998035158428348,0.6903443438314293,29.653906013981768,352
SimCLR,treated,in100.simclr.s0.e20f.ext,student,h.cls,class_29,class,1.102915140357985,0.04100205409559476,1.0550283949361372,0.1052003710607806,1.0932578885462212,29.653906013981768,352
SimCLR,treated,in100.simclr.s0.e20f.ext,student,h.cls,class_30,class,0.7116589378589692,0.062255096426984104,0.9162233012640216,0.16219379876636777,0.7029645369139002,29.653906013981768,352
SimCLR,treated,in100.simclr.s0.e20f.ext,student,h.cls,class_31,class,0.766493715001082,0.08056096883729497,0.7657224319581489,0.23193586103669656,0.7921848063752748,29.653906013981768,352
SimCLR,treated,in100.simclr.s0.e20f.ext,student,h.cls,class_32,class,0.870968592736665,0.07147231884885993,0.6747694424545164,0.2371911150660036,0.8650061100660863,29.653906013981768,352
SimCLR,treated,in100.simclr.s0.e20f.ext,student,h.cls,class_33,class,0.7515124773985508,0.13556200353641065,0.7050065102745667,0.39582401689736624,0.8923239698708537,29.653906013981768,352
SimCLR,treated,in100.simclr.s0.e20f.ext,student,h.cls,class_34,class,0.789282148691287,0.06625565975341528,0.7444595413568739,0.20429713940448146,0.8062933465317533,29.653906013981768,352
SimCLR,treated,in100.simclr.s0.e20f.ext,student,h.cls,class_35,class,0.6044711830454756,0.14412824044094602,0.636587919406329,0.4279695814077848,0.7026509881401511,29.653906013981768,352
SimCLR,treated,in100.simclr.s0.e20f.ext,student,h.cls,class_36,class,0.5336575846020268,0.11266977119345006,0.6508275456848942,0.3523434303201971,0.5622910527614,29.653906013981768,352
SimCLR,treated,in100.simclr.s0.e20f.ext,student,h.cls,class_37,class,0.8006668439092768,0.12170647383474126,0.6360880754427963,0.3790511740917543,0.9063735536338415,29.653906013981768,352
SimCLR,treated,in100.simclr.s0.e20f.ext,student,h.cls,class_38,class,0.8173377889056881,0.07829024355600069,0.8095894540027524,0.21495212777147757,0.8437200151708976,29.653906013981768,352
SimCLR,treated,in100.simclr.s0.e20f.ext,student,h.cls,class_39,class,0.5121686185792382,0.1325386374253719,0.4394382911166629,0.5161745835949999,0.5959897995830867,29.653906013981768,352
SimCLR,treated,in100.simclr.s0.e20f.ext,student,h.cls,class_40,class,0.6254957424916561,0.06360045799273548,0.5926370120307349,0.22993312029337817,0.6428134297976673,29.653906013981768,352
SimCLR,treated,in100.simclr.s0.e20f.ext,student,h.cls,class_41,class,0.8018537202095386,0.08723348665789195,0.6615620684835597,0.27589588672670967,0.8554543499853744,29.653906013981768,352
SimCLR,treated,in100.simclr.s0.e20f.ext,student,h.cls,class_42,class,0.6441971413559495,0.11263231954869445,0.6611108926981893,0.3509786438162411,0.6647956206816239,29.653906013981768,352
SimCLR,treated,in100.simclr.s0.e20f.ext,student,h.cls,class_43,class,0.7538620267618819,0.07839647980020409,0.6703866991102451,0.24847926721863242,0.7761351345594182,29.653906013981768,352
SimCLR,treated,in100.simclr.s0.e20f.ext,student,h.cls,class_44,class,0.519992314483873,0.11533676398310179,0.27307144536876976,0.6430884757403919,0.5980116205494953,29.653906013981768,352
SimCLR,treated,in100.simclr.s0.e20f.ext,student,h.cls,class_45,class,0.8961148809607037,0.06429160606406305,0.7204538175941361,0.1936067415180796,0.9031249513864951,29.653906013981768,352
SimCLR,treated,in100.simclr.s0.e20f.ext,student,h.cls,class_46,class,0.6867443297546075,0.13893839423770515,0.5265405229903507,0.47200136848965096,0.7722583704036414,29.653906013981768,352
SimCLR,treated,in100.simclr.s0.e20f.ext,student,h.cls,class_47,class,0.6715264975022481,0.13413286627756343,0.5056725360747555,0.47597604107745894,0.7606327550034702,29.653906013981768,352
SimCLR,treated,in100.simclr.s0.e20f.ext,student,h.cls,class_48,class,0.6078519230778414,0.07608521177955202,0.7879628923983113,0.22586166229859314,0.6055554209421078,29.653906013981768,352
SimCLR,treated,in100.simclr.s0.e20f.ext,student,h.cls,class_49,class,0.8472628382304991,0.09727899453366469,0.683278245868128,0.2979967636270246,0.8735176832168723,29.653906013981768,352
SimCLR,treated,in100.simclr.s0.e20f.ext,student,h.cls,class_50,class,0.5609438594319,0.1313481073812284,0.40733698876936697,0.5303712452767901,0.6445171743309216,29.653906013981768,352
SimCLR,treated,in100.simclr.s0.e20f.ext,student,h.cls,class_51,class,0.9046254786399499,0.06155744613744617,1.1750017218753341,0.14528398664856354,0.8976770556296857,29.653906013981768,352
SimCLR,treated,in100.simclr.s0.e20f.ext,student,h.cls,class_52,class,0.6847356008163183,0.11080026593439986,0.6191548695912797,0.36323309400651044,0.7790223365767653,29.653906013981768,352
SimCLR,treated,in100.simclr.s0.e20f.ext,student,h.cls,class_53,class,0.7719179550635195,0.07911287050610286,0.689118224935387,0.24777432970954905,0.8036038016723103,29.653906013981768,352
SimCLR,treated,in100.simclr.s0.e20f.ext,student,h.cls,class_54,class,0.5105510191581859,0.10798971454775011,0.33164652793797766,0.5289128574098663,0.5681401789375587,29.653906013981768,352
SimCLR,treated,in100.simclr.s0.e20f.ext,student,h.cls,class_55,class,0.8242016170609396,0.08682667687639097,1.0101321883208743,0.21501509064827853,0.9089235517697749,29.653906013981768,352
SimCLR,treated,in100.simclr.s0.e20f.ext,student,h.cls,class_56,class,0.6858322507220777,0.09684281732732723,0.8457922619164628,0.25602747317913127,0.7345675177876461,29.653906013981768,352
SimCLR,treated,in100.simclr.s0.e20f.ext,student,h.cls,class_57,class,1.0991732499268467,0.05297049546446749,1.0064827641712208,0.1353466874890265,1.1063961754220224,29.653906013981768,352
SimCLR,treated,in100.simclr.s0.e20f.ext,student,h.cls,class_58,class,0.5952464944327505,0.1158295676019995,0.6494015590124282,0.37292397508483716,0.6093204209249133,29.653906013981768,352
SimCLR,treated,in100.simclr.s0.e20f.ext,student,h.cls,class_59,class,1.1790860883628527,0.06664536290901027,0.8812337252761812,0.18389306607511616,1.188486221849645,29.653906013981768,352
SimCLR,treated,in100.simclr.s0.e20f.ext,student,h.cls,class_60,class,0.5637082882870796,0.14374183940931673,0.5258501504009113,0.47367394295542,0.6584636855135663,29.653906013981768,352
SimCLR,treated,in100.simclr.s0.e20f.ext,student,h.cls,class_61,class,1.0605965058141966,0.07939082518423157,0.941938327389717,0.20080249466049638,1.0932712411143675,29.653906013981768,352
SimCLR,treated,in100.simclr.s0.e20f.ext,student,h.cls,class_62,class,0.5325384218114608,0.12663170023971004,0.5151967345432514,0.43683235785699065,0.5995935791409349,29.653906013981768,352
SimCLR,treated,in100.simclr.s0.e20f.ext,student,h.cls,class_63,class,1.0087808484209118,0.09773789065753227,0.7068788210379656,0.3019483967478274,1.0749074675041772,29.653906013981768,352
SimCLR,treated,in100.simclr.s0.e20f.ext,student,h.cls,class_64,class,1.2561483329336207,0.06200820992839145,0.7853150988939087,0.1805424526811304,1.3202111516832915,29.653906013981768,352
SimCLR,treated,in100.simclr.s0.e20f.ext,student,h.cls,class_65,class,0.8055469371600269,0.07389334833262713,0.9001552739126956,0.1996352156358827,0.8625454919735849,29.653906013981768,352
SimCLR,treated,in100.simclr.s0.e20f.ext,student,h.cls,class_66,class,0.8575698016936957,0.10179755266190255,0.6109035521167371,0.3265122252555879,0.9734675600980254,29.653906013981768,352
SimCLR,treated,in100.simclr.s0.e20f.ext,student,h.cls,class_67,class,0.7416498645927766,0.06436586392260535,0.6824613763125189,0.21804835760295876,0.7553945871066103,29.653906013981768,352
SimCLR,treated,in100.simclr.s0.e20f.ext,student,h.cls,class_68,class,0.6794772545014414,0.1101236374155736,0.6470721090192786,0.3382038749794903,0.7383771199610087,29.653906013981768,352
SimCLR,treated,in100.simclr.s0.e20f.ext,student,h.cls,class_69,class,0.6229072558566611,0.12620873552736744,0.6250175049628606,0.4016961976508689,0.6763505194499858,29.653906013981768,352
SimCLR,treated,in100.simclr.s0.e20f.ext,student,h.cls,class_70,class,1.027149700848953,0.055619355802059664,1.0446665840578941,0.1429171155039939,1.0279326685124774,29.653906013981768,352
SimCLR,treated,in100.simclr.s0.e20f.ext,student,h.cls,class_71,class,0.4942243804234992,0.11555400129020729,0.32201071146974725,0.5620349080450507,0.612759881700853,29.653906013981768,352
SimCLR,treated,in100.simclr.s0.e20f.ext,student,h.cls,class_72,class,1.00541789318357,0.08427653014920128,0.776426200954013,0.242304346746544,1.0497480063217433,29.653906013981768,352
SimCLR,treated,in100.simclr.s0.e20f.ext,student,h.cls,class_73,class,0.6748655131105868,0.06964017519659586,0.7691179459281058,0.2134727245105188,0.6658455781412645,29.653906013981768,352
SimCLR,treated,in100.simclr.s0.e20f.ext,student,h.cls,class_74,class,0.5417369607741298,0.12703372558518208,0.35032873563796335,0.603240152468466,0.5987414513417025,29.653906013981768,352
SimCLR,treated,in100.simclr.s0.e20f.ext,student,h.cls,class_75,class,0.28940894816451335,0.12788536661270428,0.2424771009126115,0.7424922644905001,0.3826083898390969,29.653906013981768,352
SimCLR,treated,in100.simclr.s0.e20f.ext,student,h.cls,class_76,class,0.853986547152942,0.060402926119454525,1.0378377049413767,0.15803072000019422,0.8485204243365091,29.653906013981768,352
SimCLR,treated,in100.simclr.s0.e20f.ext,student,h.cls,class_77,class,0.970139424177372,0.05598399867247661,0.948183155855589,0.14632807352754845,0.9675917013288469,29.653906013981768,352
SimCLR,treated,in100.simclr.s0.e20f.ext,student,h.cls,class_78,class,0.7153980150048916,0.08161720836414728,0.7001587156760177,0.24461110506552772,0.7352141613904417,29.653906013981768,352
SimCLR,treated,in100.simclr.s0.e20f.ext,student,h.cls,class_79,class,0.5378443358706072,0.1352053378859066,0.569556060056466,0.4390598556689584,0.6113573615429712,29.653906013981768,352
SimCLR,treated,in100.simclr.s0.e20f.ext,student,h.cls,class_80,class,0.7135328448908713,0.06353494759414922,1.046887641516882,0.15617532146071278,0.7045237169361976,29.653906013981768,352
SimCLR,treated,in100.simclr.s0.e20f.ext,student,h.cls,class_81,class,1.2016138402485401,0.07020357034791105,0.9173661122021223,0.17965287532595267,1.2632539216212573,29.653906013981768,352
SimCLR,treated,in100.simclr.s0.e20f.ext,student,h.cls,class_82,class,0.8795121410380919,0.08503424547696743,0.7995528349224317,0.23579510870841897,0.9230872630532194,29.653906013981768,352
SimCLR,treated,in100.simclr.s0.e20f.ext,student,h.cls,class_83,class,0.47394541665914613,0.10554190897384619,0.30514844489168785,0.5664425293865413,0.5401591797051252,29.653906013981768,352
SimCLR,treated,in100.simclr.s0.e20f.ext,student,h.cls,class_84,class,1.147892441133435,0.05496897961642595,0.994152558168713,0.14190842771625367,1.1520722356707744,29.653906013981768,352
SimCLR,treated,in100.simclr.s0.e20f.ext,student,h.cls,class_85,class,0.29419614729647314,0.10301747107331707,0.23564421510347658,0.658042372677172,0.3675617698130155,29.653906013981768,352
SimCLR,treated,in100.simclr.s0.e20f.ext,student,h.cls,class_86,class,0.6253119062715253,0.11768790617300186,0.6383925436835532,0.37225348835213606,0.6587875988538314,29.653906013981768,352
SimCLR,treated,in100.simclr.s0.e20f.ext,student,h.cls,class_87,class,0.5234214922106663,0.13421178176734982,0.4676458130313411,0.5097058059834394,0.6233734298192218,29.653906013981768,352
SimCLR,treated,in100.simclr.s0.e20f.ext,student,h.cls,class_88,class,0.9984089317729172,0.07542622148476945,0.7355929828224532,0.22162574535626575,1.0122653781638293,29.653906013981768,352
SimCLR,treated,in100.simclr.s0.e20f.ext,student,h.cls,class_89,class,0.8887525742440081,0.08613976050417445,0.8857394574289782,0.22577635273368216,0.8991778437358166,29.653906013981768,352
SimCLR,treated,in100.simclr.s0.e20f.ext,student,h.cls,class_90,class,0.8931555521392606,0.06185418299597448,0.8576244999546008,0.16956169836738724,0.8877587756721627,29.653906013981768,352
SimCLR,treated,in100.simclr.s0.e20f.ext,student,h.cls,class_91,class,0.469329780048312,0.09562749544650173,0.3614560801300856,0.4613380672461153,0.516993217285815,29.653906013981768,352
SimCLR,treated,in100.simclr.s0.e20f.ext,student,h.cls,class_92,class,0.4007542717504624,0.09623116414621657,0.19766079293143382,0.7106399702353771,0.4693272726696819,29.653906013981768,352
SimCLR,treated,in100.simclr.s0.e20f.ext,student,h.cls,class_93,class,0.5596798591267116,0.10862497406285963,0.29541628708500073,0.5928537928612465,0.649942894731148,29.653906013981768,352
SimCLR,treated,in100.simclr.s0.e20f.ext,student,h.cls,class_94,class,0.7575977619948342,0.1314884153014403,0.37880902730159854,0.5570037598318065,0.9071909798887821,29.653906013981768,352
SimCLR,treated,in100.simclr.s0.e20f.ext,student,h.cls,class_95,class,0.5625508379046953,0.16754676998233559,0.6137306082439665,0.5113153361418066,0.7079466500522674,29.653906013981768,352
SimCLR,treated,in100.simclr.s0.e20f.ext,student,h.cls,class_96,class,0.27307391260003583,0.11401085783329527,0.19360782823173603,0.8014585724864719,0.38206282966089494,29.653906013981768,352
SimCLR,treated,in100.simclr.s0.e20f.ext,student,h.cls,class_97,class,0.7004206641483814,0.11964174727439224,0.652245849448512,0.35353565246616026,0.7870139164169746,29.653906013981768,352
SimCLR,treated,in100.simclr.s0.e20f.ext,student,h.cls,class_98,class,0.310981299254493,0.14580206733894427,0.36155054781664253,0.6478297685028225,0.4033465123573588,29.653906013981768,352
SimCLR,treated,in100.simclr.s0.e20f.ext,student,h.cls,class_99,class,0.7003991653997326,0.14132868668993798,0.516120342050193,0.49411729131444077,0.8287841964892776,29.653906013981768,352
SimCLR,treated,in100.simclr.s0.e20f.ext,student,z.proj.tap1,lum_mean,attr,0.2603897888252526,0.1816204033268196,0.37407621974658856,0.8078056680894597,0.41101791265805687,4.076460078337747,1283
SimCLR,treated,in100.simclr.s0.e20f.ext,student,z.proj.tap1,lum_std,attr,0.36077683137333755,0.17010841756051973,0.37071545478268353,0.7486305886824947,0.4802157605804571,4.076460078337747,1283
SimCLR,treated,in100.simclr.s0.e20f.ext,student,z.proj.tap1,sat_mean,attr,0.3566816998278408,0.1663366553324405,0.34934286851480406,0.7482719842175481,0.4702582672689404,4.076460078337747,1283
SimCLR,treated,in100.simclr.s0.e20f.ext,student,z.proj.tap1,opp_rg,attr,0.38856092087005933,0.1673739155703534,0.3895970673259953,0.7207359014503398,0.4974679745442316,4.076460078337747,1283
SimCLR,treated,in100.simclr.s0.e20f.ext,student,z.proj.tap1,opp_yb,attr,0.29305663475190397,0.1773818013348893,0.3805361822905208,0.7794592360799233,0.4302494040813771,4.076460078337747,1283
SimCLR,treated,in100.simclr.s0.e20f.ext,student,z.proj.tap1,hue_cos,attr,0.33631556753792685,0.19533640141421527,0.46684678692469433,0.7564563078363491,0.5060256720625435,4.076460078337747,1283
SimCLR,treated,in100.simclr.s0.e20f.ext,student,z.proj.tap1,hue_sin,attr,0.41785686410133277,0.16796448030593522,0.4203482381592695,0.7224027454941191,0.5452523191259864,4.076460078337747,1283
SimCLR,treated,in100.simclr.s0.e20f.ext,student,z.proj.tap1,hf_energy,attr,0.21615224383811601,0.13384290917485062,0.24711720807804938,0.8353616014184136,0.32017771772111536,4.076460078337747,1283
SimCLR,treated,in100.simclr.s0.e20f.ext,student,z.proj.tap1,edge_y,attr,0.5814797155338282,0.19036166145301164,0.5794814800151978,0.6085414149616626,0.6991609932394464,4.076460078337747,1283
SimCLR,treated,in100.simclr.s0.e20f.ext,student,z.proj.tap1,edge_x,attr,1.076843848279389,0.08826005107619246,0.7443460652881146,0.22375505347124566,1.003036707306498,4.076460078337747,1283
SimCLR,treated,in100.simclr.s0.e20f.ext,student,z.proj.tap1,class_0,class,0.6124865977170116,0.15870408318472784,0.3950023953201812,0.6328455613371986,0.6677410925105897,4.076460078337747,1283
SimCLR,treated,in100.simclr.s0.e20f.ext,student,z.proj.tap1,class_1,class,0.2802819066395468,0.1377713596342501,0.24447568862363026,0.7663428100972033,0.38371882269496854,4.076460078337747,1283
SimCLR,treated,in100.simclr.s0.e20f.ext,student,z.proj.tap1,class_2,class,0.7778539577112048,0.1473911872922975,0.4750143053280102,0.5199201834504876,0.8326071015999934,4.076460078337747,1283
SimCLR,treated,in100.simclr.s0.e20f.ext,student,z.proj.tap1,class_3,class,0.4503569564476974,0.14474331586667719,0.3305804381799576,0.6605217719455877,0.5266780093399623,4.076460078337747,1283
SimCLR,treated,in100.simclr.s0.e20f.ext,student,z.proj.tap1,class_4,class,0.5264950971716976,0.15286413102369767,0.3831167658457474,0.6203859901561076,0.6208952431894108,4.076460078337747,1283
SimCLR,treated,in100.simclr.s0.e20f.ext,student,z.proj.tap1,class_5,class,0.2846806544015583,0.10131789441475957,0.18468800103518265,0.7835856637523906,0.3104951942775873,4.076460078337747,1283
SimCLR,treated,in100.simclr.s0.e20f.ext,student,z.proj.tap1,class_6,class,0.4365544788164644,0.13378263718845565,0.21737110472839302,0.8509967120044639,0.5763786232396098,4.076460078337747,1283
SimCLR,treated,in100.simclr.s0.e20f.ext,student,z.proj.tap1,class_7,class,0.9037496621612708,0.13270315061121365,0.45637137642188036,0.48399058954343677,0.9628501463349878,4.076460078337747,1283
SimCLR,treated,in100.simclr.s0.e20f.ext,student,z.proj.tap1,class_8,class,0.8933374109008603,0.14774402088614116,0.4403046781401924,0.5448379500414232,0.9470231800115539,4.076460078337747,1283
SimCLR,treated,in100.simclr.s0.e20f.ext,student,z.proj.tap1,class_9,class,0.8220397312669007,0.12359032001912762,0.3385185524515809,0.5721213410491928,0.8982708593761459,4.076460078337747,1283
SimCLR,treated,in100.simclr.s0.e20f.ext,student,z.proj.tap1,class_10,class,0.5762423616680415,0.138573137849304,0.37156884053991224,0.5919253202653458,0.6140870794316994,4.076460078337747,1283
SimCLR,treated,in100.simclr.s0.e20f.ext,student,z.proj.tap1,class_11,class,0.9111073943613337,0.15155706411111153,0.45180090173390325,0.5446733430670414,1.057414626039794,4.076460078337747,1283
SimCLR,treated,in100.simclr.s0.e20f.ext,student,z.proj.tap1,class_12,class,0.616655409658471,0.1272868474431892,0.2553036733369994,0.7441170049333772,0.6778567177411842,4.076460078337747,1283
SimCLR,treated,in100.simclr.s0.e20f.ext,student,z.proj.tap1,class_13,class,1.595804479703308,0.1262057710819824,0.7008095559685155,0.33681613617859923,1.551134186002559,4.076460078337747,1283
SimCLR,treated,in100.simclr.s0.e20f.ext,student,z.proj.tap1,class_14,class,0.7697990147723065,0.1471759000820553,0.3548086202840067,0.6321159515889021,0.8382092961091158,4.076460078337747,1283
SimCLR,treated,in100.simclr.s0.e20f.ext,student,z.proj.tap1,class_15,class,0.5342972845267628,0.1560696010983933,0.33342333217815,0.6967682398308351,0.6112968387249412,4.076460078337747,1283
SimCLR,treated,in100.simclr.s0.e20f.ext,student,z.proj.tap1,class_16,class,0.7688492939391036,0.12016121368750611,0.5779318022090139,0.3716862793457287,0.7578691359160263,4.076460078337747,1283
SimCLR,treated,in100.simclr.s0.e20f.ext,student,z.proj.tap1,class_17,class,0.8143537060073628,0.12345842919582109,0.5345960367312638,0.39989367224071837,0.7843184459145965,4.076460078337747,1283
SimCLR,treated,in100.simclr.s0.e20f.ext,student,z.proj.tap1,class_18,class,0.7328559456829338,0.1171229085060818,0.43038409673839734,0.44933350396038413,0.7466933101982086,4.076460078337747,1283
SimCLR,treated,in100.simclr.s0.e20f.ext,student,z.proj.tap1,class_19,class,0.767110685095831,0.1185349975945273,0.550311449655943,0.38013452330479314,0.7512729294531799,4.076460078337747,1283
SimCLR,treated,in100.simclr.s0.e20f.ext,student,z.proj.tap1,class_20,class,1.2001448844165115,0.11459874610044771,0.5961620406108453,0.352426079113333,1.1671012331120305,4.076460078337747,1283
SimCLR,treated,in100.simclr.s0.e20f.ext,student,z.proj.tap1,class_21,class,1.23627719663792,0.11525204935326516,0.6362748878262903,0.33019908931977976,1.1731386870700495,4.076460078337747,1283
SimCLR,treated,in100.simclr.s0.e20f.ext,student,z.proj.tap1,class_22,class,0.8314301168546994,0.13244462773798943,0.5657401351571107,0.41030674618048885,0.8249432526331312,4.076460078337747,1283
SimCLR,treated,in100.simclr.s0.e20f.ext,student,z.proj.tap1,class_23,class,0.6939764058553088,0.14288560615447776,0.486451709190807,0.48351561005283933,0.7475116650343092,4.076460078337747,1283
SimCLR,treated,in100.simclr.s0.e20f.ext,student,z.proj.tap1,class_24,class,0.7492462075572778,0.13659775166134547,0.43859574625527803,0.5057957981201737,0.7670380520203864,4.076460078337747,1283
SimCLR,treated,in100.simclr.s0.e20f.ext,student,z.proj.tap1,class_25,class,0.36028213051040137,0.14258861371178422,0.2597686824657063,0.7738024241006058,0.44314911220565756,4.076460078337747,1283
SimCLR,treated,in100.simclr.s0.e20f.ext,student,z.proj.tap1,class_26,class,0.7864746158151419,0.1344558779943725,0.4344714596521968,0.5029706184448582,0.7535333331582506,4.076460078337747,1283
SimCLR,treated,in100.simclr.s0.e20f.ext,student,z.proj.tap1,class_27,class,0.9756973814381241,0.12376834788164842,0.4990265485073028,0.4248388540427945,0.9899350396093878,4.076460078337747,1283
SimCLR,treated,in100.simclr.s0.e20f.ext,student,z.proj.tap1,class_28,class,0.729030938275388,0.12858420278232585,0.5701444908519964,0.3892755806367312,0.7222533730816756,4.076460078337747,1283
SimCLR,treated,in100.simclr.s0.e20f.ext,student,z.proj.tap1,class_29,class,1.2054535102856965,0.11303952480411289,0.6899804320229681,0.30662430507042376,1.1636654203550476,4.076460078337747,1283
SimCLR,treated,in100.simclr.s0.e20f.ext,student,z.proj.tap1,class_30,class,0.7746113022727048,0.1440092933482809,0.5836768068027952,0.43231826941546425,0.7447843907566356,4.076460078337747,1283
SimCLR,treated,in100.simclr.s0.e20f.ext,student,z.proj.tap1,class_31,class,0.6879717002171263,0.14231937160246802,0.47150572158912124,0.49539614561119855,0.7333015646763941,4.076460078337747,1283
SimCLR,treated,in100.simclr.s0.e20f.ext,student,z.proj.tap1,class_32,class,0.8108769023961507,0.13938426883710311,0.4704692900644107,0.4949426928117726,0.8315463648148845,4.076460078337747,1283
SimCLR,treated,in100.simclr.s0.e20f.ext,student,z.proj.tap1,class_33,class,0.46252471277430196,0.16135456151394714,0.30689458425396615,0.7570838467619353,0.5917332074981153,4.076460078337747,1283
SimCLR,treated,in100.simclr.s0.e20f.ext,student,z.proj.tap1,class_34,class,0.6934943330038379,0.13114003668199142,0.48311528576554874,0.45247132881099494,0.7388539738180563,4.076460078337747,1283
SimCLR,treated,in100.simclr.s0.e20f.ext,student,z.proj.tap1,class_35,class,0.40462411372634455,0.15312801923535316,0.30757358316399575,0.7192022413559341,0.5042540804186104,4.076460078337747,1283
SimCLR,treated,in100.simclr.s0.e20f.ext,student,z.proj.tap1,class_36,class,0.43548859158735576,0.16104915737588774,0.4016966372270965,0.6311909960673103,0.4611373921284709,4.076460078337747,1283
SimCLR,treated,in100.simclr.s0.e20f.ext,student,z.proj.tap1,class_37,class,0.6147037899676819,0.136137342955286,0.3189911032286558,0.6390993195357467,0.7159430154806576,4.076460078337747,1283
SimCLR,treated,in100.simclr.s0.e20f.ext,student,z.proj.tap1,class_38,class,0.7209086112974087,0.15903353241777773,0.4830103355115636,0.5410605988489207,0.7639182982157221,4.076460078337747,1283
SimCLR,treated,in100.simclr.s0.e20f.ext,student,z.proj.tap1,class_39,class,0.3762577598587107,0.12587086766328684,0.24453164102348313,0.7236001268530636,0.4518120494569461,4.076460078337747,1283
SimCLR,treated,in100.simclr.s0.e20f.ext,student,z.proj.tap1,class_40,class,0.6251540984019403,0.1154060070305358,0.47803459887964544,0.41754142281900836,0.6274654117938896,4.076460078337747,1283
SimCLR,treated,in100.simclr.s0.e20f.ext,student,z.proj.tap1,class_41,class,0.633484973500926,0.153378815781489,0.3965166001348317,0.6020046309031916,0.7021578366393318,4.076460078337747,1283
SimCLR,treated,in100.simclr.s0.e20f.ext,student,z.proj.tap1,class_42,class,0.5800578658227095,0.15902518424969828,0.387462156042011,0.6371442328415835,0.5989628464197686,4.076460078337747,1283
SimCLR,treated,in100.simclr.s0.e20f.ext,student,z.proj.tap1,class_43,class,0.7460356789067591,0.13198095507200766,0.43714698829027016,0.4990716736166528,0.7526194807597515,4.076460078337747,1283
SimCLR,treated,in100.simclr.s0.e20f.ext,student,z.proj.tap1,class_44,class,0.4556739008808557,0.10058906966845556,0.1819193461622042,0.777937437890858,0.5040921894954924,4.076460078337747,1283
SimCLR,treated,in100.simclr.s0.e20f.ext,student,z.proj.tap1,class_45,class,0.9182363817441914,0.13293444562792855,0.513373770773809,0.44065865767604523,0.9172709351516638,4.076460078337747,1283
SimCLR,treated,in100.simclr.s0.e20f.ext,student,z.proj.tap1,class_46,class,0.5349936033905398,0.14999984703518232,0.2933197893072758,0.7387870561591215,0.616295707827569,4.076460078337747,1283
SimCLR,treated,in100.simclr.s0.e20f.ext,student,z.proj.tap1,class_47,class,0.5354973517220943,0.15626159357091618,0.31701154772891543,0.7309693925572395,0.5806473394725619,4.076460078337747,1283
SimCLR,treated,in100.simclr.s0.e20f.ext,student,z.proj.tap1,class_48,class,0.5565062649104585,0.16351016732539114,0.5391497517929218,0.5246282395485533,0.5671879249662322,4.076460078337747,1283
SimCLR,treated,in100.simclr.s0.e20f.ext,student,z.proj.tap1,class_49,class,0.7382564139099095,0.1327450880746354,0.37929972066097833,0.5760664714603221,0.7628598052188499,4.076460078337747,1283
SimCLR,treated,in100.simclr.s0.e20f.ext,student,z.proj.tap1,class_50,class,0.4495507993932563,0.11846405855697177,0.237723409502234,0.7098616077568767,0.515956327207964,4.076460078337747,1283
SimCLR,treated,in100.simclr.s0.e20f.ext,student,z.proj.tap1,class_51,class,0.9278635022892604,0.15423363829697173,0.6090154730463838,0.4453418502528348,0.9112178042145728,4.076460078337747,1283
SimCLR,treated,in100.simclr.s0.e20f.ext,student,z.proj.tap1,class_52,class,0.5854887158530246,0.15256942981669072,0.39028938066141416,0.6111414078604103,0.6512322681333323,4.076460078337747,1283
SimCLR,treated,in100.simclr.s0.e20f.ext,student,z.proj.tap1,class_53,class,0.7309134673955857,0.14187510621798755,0.48541349870039197,0.4989630051450727,0.750862227854126,4.076460078337747,1283
SimCLR,treated,in100.simclr.s0.e20f.ext,student,z.proj.tap1,class_54,class,0.4491534177942477,0.09230738222860593,0.19096671748283428,0.7149828983901966,0.48151098389218616,4.076460078337747,1283
SimCLR,treated,in100.simclr.s0.e20f.ext,student,z.proj.tap1,class_55,class,0.6863526414938161,0.16743965980486478,0.5296777509124637,0.5362109287866346,0.7225718755020625,4.076460078337747,1283
SimCLR,treated,in100.simclr.s0.e20f.ext,student,z.proj.tap1,class_56,class,0.5217585972551069,0.15250342498202998,0.4484888275939629,0.5602239722402848,0.5582401193823284,4.076460078337747,1283
SimCLR,treated,in100.simclr.s0.e20f.ext,student,z.proj.tap1,class_57,class,1.0649809563679833,0.143661739342868,0.6640326131218907,0.3998465036306634,1.077119584381561,4.076460078337747,1283
SimCLR,treated,in100.simclr.s0.e20f.ext,student,z.proj.tap1,class_58,class,0.4181643669068096,0.13995130003215983,0.312865237884025,0.6695901561078046,0.47832028658113357,4.076460078337747,1283
SimCLR,treated,in100.simclr.s0.e20f.ext,student,z.proj.tap1,class_59,class,1.1217204271689323,0.13194316337050752,0.5442067629813413,0.4235966129120467,1.14708300771331,4.076460078337747,1283
SimCLR,treated,in100.simclr.s0.e20f.ext,student,z.proj.tap1,class_60,class,0.4697952332334003,0.16607863751249266,0.36048267873956014,0.710514254567335,0.53373101594529,4.076460078337747,1283
SimCLR,treated,in100.simclr.s0.e20f.ext,student,z.proj.tap1,class_61,class,1.005097047731363,0.14463959935113363,0.5415460632213374,0.4631763356918189,1.0170039904601096,4.076460078337747,1283
SimCLR,treated,in100.simclr.s0.e20f.ext,student,z.proj.tap1,class_62,class,0.48156248884242286,0.14359814426979386,0.3449579592466574,0.6612107816759326,0.521952684564976,4.076460078337747,1283
SimCLR,treated,in100.simclr.s0.e20f.ext,student,z.proj.tap1,class_63,class,0.8854776624524274,0.13646110579267146,0.3961136100531554,0.5454840038884885,0.9573192594414768,4.076460078337747,1283
SimCLR,treated,in100.simclr.s0.e20f.ext,student,z.proj.tap1,class_64,class,1.1537250870780722,0.11996381514895266,0.518383614607582,0.400301771399806,1.2206962646865447,4.076460078337747,1283
SimCLR,treated,in100.simclr.s0.e20f.ext,student,z.proj.tap1,class_65,class,0.6861892756788385,0.14586303853536026,0.53827477598787,0.46777131550134593,0.7388496909256198,4.076460078337747,1283
SimCLR,treated,in100.simclr.s0.e20f.ext,student,z.proj.tap1,class_66,class,0.7131372631586758,0.1282260383793568,0.35041756117653955,0.5765004578148395,0.7761420678097448,4.076460078337747,1283
SimCLR,treated,in100.simclr.s0.e20f.ext,student,z.proj.tap1,class_67,class,0.7024056668562341,0.11933333816561344,0.47254604028852987,0.43265949641475504,0.7152094349373557,4.076460078337747,1283
SimCLR,treated,in100.simclr.s0.e20f.ext,student,z.proj.tap1,class_68,class,0.5043164046058316,0.15549058887914374,0.365839715526521,0.6577720689914205,0.5613837122913939,4.076460078337747,1283
SimCLR,treated,in100.simclr.s0.e20f.ext,student,z.proj.tap1,class_69,class,0.471119947378091,0.13834941522809008,0.2851633668751386,0.7051811110618883,0.5095619074351074,4.076460078337747,1283
SimCLR,treated,in100.simclr.s0.e20f.ext,student,z.proj.tap1,class_70,class,1.0626127240153496,0.1412651702145658,0.6175110931136455,0.4082905069379534,1.0530077976857455,4.076460078337747,1283
SimCLR,treated,in100.simclr.s0.e20f.ext,student,z.proj.tap1,class_71,class,0.43521757626411733,0.11351892879384227,0.22669298023531262,0.7158302888224322,0.5192590021017794,4.076460078337747,1283
SimCLR,treated,in100.simclr.s0.e20f.ext,student,z.proj.tap1,class_72,class,0.8721474152488204,0.14652874892617276,0.48220629992419495,0.5033209615898683,0.9367368439726873,4.076460078337747,1283
SimCLR,treated,in100.simclr.s0.e20f.ext,student,z.proj.tap1,class_73,class,0.6688086951511688,0.1374194717783829,0.4552256972223172,0.5011746828729469,0.6658261947951895,4.076460078337747,1283
SimCLR,treated,in100.simclr.s0.e20f.ext,student,z.proj.tap1,class_74,class,0.4766094049907607,0.10172649903796109,0.1810344316537224,0.7603315122526169,0.5091055225067004,4.076460078337747,1283
SimCLR,treated,in100.simclr.s0.e20f.ext,student,z.proj.tap1,class_75,class,0.2283978734717979,0.10407341276515542,0.16237097380124516,0.8357709693754668,0.28971024484847696,4.076460078337747,1283
SimCLR,treated,in100.simclr.s0.e20f.ext,student,z.proj.tap1,class_76,class,0.8581722764053952,0.1443160542971431,0.6317748337000799,0.41283843877100035,0.8520871122009023,4.076460078337747,1283
SimCLR,treated,in100.simclr.s0.e20f.ext,student,z.proj.tap1,class_77,class,0.9701326341797843,0.12070644799560089,0.5620687270813912,0.3737425176470549,0.9693834044459038,4.076460078337747,1283
SimCLR,treated,in100.simclr.s0.e20f.ext,student,z.proj.tap1,class_78,class,0.6630497384146882,0.13660852905685572,0.4280540667433584,0.516944327830195,0.6716025018201311,4.076460078337747,1283
SimCLR,treated,in100.simclr.s0.e20f.ext,student,z.proj.tap1,class_79,class,0.4074901447774159,0.13974035773048543,0.30097299619209467,0.6820529477842671,0.4590466434005566,4.076460078337747,1283
SimCLR,treated,in100.simclr.s0.e20f.ext,student,z.proj.tap1,class_80,class,0.7447511427765041,0.14341266521659257,0.6266182383214708,0.4089090941043384,0.7325105644077199,4.076460078337747,1283
SimCLR,treated,in100.simclr.s0.e20f.ext,student,z.proj.tap1,class_81,class,1.0075288208231203,0.16331501791136743,0.5671769436226335,0.4961373673551214,1.093443861029886,4.076460078337747,1283
SimCLR,treated,in100.simclr.s0.e20f.ext,student,z.proj.tap1,class_82,class,0.7701997710191869,0.16134817600680879,0.4606997813539612,0.5651704872969153,0.8083572522999636,4.076460078337747,1283
SimCLR,treated,in100.simclr.s0.e20f.ext,student,z.proj.tap1,class_83,class,0.38825609090470764,0.12527460461889744,0.25793762416812804,0.7242533941946628,0.45245689614795237,4.076460078337747,1283
SimCLR,treated,in100.simclr.s0.e20f.ext,student,z.proj.tap1,class_84,class,1.138858966651928,0.13703970701829762,0.677754457939501,0.37651124154933,1.14105484514887,4.076460078337747,1283
SimCLR,treated,in100.simclr.s0.e20f.ext,student,z.proj.tap1,class_85,class,0.25048973343791575,0.10127995289999456,0.18013637411026895,0.8002536880597357,0.30384580015912865,4.076460078337747,1283
SimCLR,treated,in100.simclr.s0.e20f.ext,student,z.proj.tap1,class_86,class,0.47693236337438566,0.14816654333842544,0.3409590884576501,0.6550352327913284,0.5330632678042168,4.076460078337747,1283
SimCLR,treated,in100.simclr.s0.e20f.ext,student,z.proj.tap1,class_87,class,0.4102595480167384,0.13353212083678984,0.2614974101209476,0.761633259030069,0.44559403498525646,4.076460078337747,1283
SimCLR,treated,in100.simclr.s0.e20f.ext,student,z.proj.tap1,class_88,class,0.9780035621282394,0.14914445193410902,0.4885386107377823,0.5092270030019476,0.9951881878125961,4.076460078337747,1283
SimCLR,treated,in100.simclr.s0.e20f.ext,student,z.proj.tap1,class_89,class,0.8001175877696329,0.17321802272514605,0.5040851900588738,0.5673527108214971,0.8222449224487591,4.076460078337747,1283
SimCLR,treated,in100.simclr.s0.e20f.ext,student,z.proj.tap1,class_90,class,0.9552820673861848,0.1340859894275347,0.5822035449983827,0.4068248244565099,0.9291310542710242,4.076460078337747,1283
SimCLR,treated,in100.simclr.s0.e20f.ext,student,z.proj.tap1,class_91,class,0.44849924468869073,0.10690840953364723,0.25869597427796864,0.6420548466176407,0.4797229784219896,4.076460078337747,1283
SimCLR,treated,in100.simclr.s0.e20f.ext,student,z.proj.tap1,class_92,class,0.33791215416471543,0.07742048602490982,0.12730944842465555,0.8292518643776694,0.38395781221225056,4.076460078337747,1283
SimCLR,treated,in100.simclr.s0.e20f.ext,student,z.proj.tap1,class_93,class,0.443908264647619,0.09807106981540167,0.17966581124609682,0.7703250187257686,0.5143727360718797,4.076460078337747,1283
SimCLR,treated,in100.simclr.s0.e20f.ext,student,z.proj.tap1,class_94,class,0.6140077557670662,0.09601281507427495,0.17936629077041466,0.7695100856652058,0.693997428092917,4.076460078337747,1283
SimCLR,treated,in100.simclr.s0.e20f.ext,student,z.proj.tap1,class_95,class,0.33707826659252954,0.13382898167161963,0.22081902357434555,0.8015253183500611,0.41387399300130984,4.076460078337747,1283
SimCLR,treated,in100.simclr.s0.e20f.ext,student,z.proj.tap1,class_96,class,0.23243145736790097,0.09352451670748951,0.13661769890419154,0.8856050143066349,0.3064864125974667,4.076460078337747,1283
SimCLR,treated,in100.simclr.s0.e20f.ext,student,z.proj.tap1,class_97,class,0.44697443474944876,0.16159936042461445,0.35243151877569195,0.6843069206694199,0.5372539535422196,4.076460078337747,1283
SimCLR,treated,in100.simclr.s0.e20f.ext,student,z.proj.tap1,class_98,class,0.18545670400880246,0.11684600616911234,0.19142668782024444,0.8258369629191686,0.24990127853480548,4.076460078337747,1283
SimCLR,treated,in100.simclr.s0.e20f.ext,student,z.proj.tap1,class_99,class,0.5608387102857452,0.16133631273996535,0.3273300983258703,0.7422304271150795,0.6406366432846612,4.076460078337747,1283
SimCLR,treated,in100.simclr.s0.e20f.ext,student,z.proj.out,lum_mean,attr,0.3101730668448419,0.1465458707266431,0.29268820126619727,0.6759249711136346,0.44420756698942016,0.7139589064827702,100
SimCLR,treated,in100.simclr.s0.e20f.ext,student,z.proj.out,lum_std,attr,0.47301897445486557,0.09091471473322314,0.22288203043376578,0.5156603026625632,0.5502556525519903,0.7139589064827702,100
SimCLR,treated,in100.simclr.s0.e20f.ext,student,z.proj.out,sat_mean,attr,0.41804160338061036,0.10697445332237031,0.2502944765729453,0.5526539438703499,0.505346119026391,0.7139589064827702,100
SimCLR,treated,in100.simclr.s0.e20f.ext,student,z.proj.out,opp_rg,attr,0.4721230987916324,0.08907430465158274,0.23033224538162334,0.5000398016002355,0.5455072419672113,0.7139589064827702,100
SimCLR,treated,in100.simclr.s0.e20f.ext,student,z.proj.out,opp_yb,attr,0.4056135002312923,0.1113881946293314,0.2581365224946719,0.5765581137962892,0.49830763664559236,0.7139589064827702,100
SimCLR,treated,in100.simclr.s0.e20f.ext,student,z.proj.out,hue_cos,attr,0.4823339547329201,0.10506204162186118,0.2639057026805615,0.5350718972130359,0.5792604763278054,0.7139589064827702,100
SimCLR,treated,in100.simclr.s0.e20f.ext,student,z.proj.out,hue_sin,attr,0.5474309468601607,0.08258452463855506,0.21954664328732149,0.4935447431925365,0.6218703445807535,0.7139589064827702,100
SimCLR,treated,in100.simclr.s0.e20f.ext,student,z.proj.out,hf_energy,attr,0.3085782372660235,0.09920283800340478,0.18266117138533144,0.6816866359827287,0.3912981929632096,0.7139589064827702,100
SimCLR,treated,in100.simclr.s0.e20f.ext,student,z.proj.out,edge_y,attr,0.796878942528495,0.035908820885196216,0.20694765752233238,0.2153590157460929,0.8240466938081483,0.7139589064827702,100
SimCLR,treated,in100.simclr.s0.e20f.ext,student,z.proj.out,edge_x,attr,0.8839253338544935,0.0025830835894739912,0.23459959230692135,0.013946314562571867,0.8809157771234937,0.7139589064827702,100
SimCLR,treated,in100.simclr.s0.e20f.ext,student,z.proj.out,class_0,class,0.7926785700953739,0.03753053334868046,0.21967277673865945,0.21328714888678618,0.806861085408462,0.7139589064827702,100
SimCLR,treated,in100.simclr.s0.e20f.ext,student,z.proj.out,class_1,class,0.3987092112185674,0.09662135275545909,0.20496803914413747,0.574846933025077,0.48455387544052975,0.7139589064827702,100
SimCLR,treated,in100.simclr.s0.e20f.ext,student,z.proj.out,class_2,class,0.8967710791389373,0.03209006291818533,0.22514105949507535,0.180550599017398,0.9216088723888747,0.7139589064827702,100
SimCLR,treated,in100.simclr.s0.e20f.ext,student,z.proj.out,class_3,class,0.6049723750310344,0.06794317669494988,0.23623675813157483,0.3623018179191126,0.6614746773407559,0.7139589064827702,100
SimCLR,treated,in100.simclr.s0.e20f.ext,student,z.proj.out,class_4,class,0.7603386997638576,0.049294801247178055,0.24553167809242876,0.2565614768154487,0.7928411972035129,0.7139589064827702,100
SimCLR,treated,in100.simclr.s0.e20f.ext,student,z.proj.out,class_5,class,0.28736940893993085,0.06526083585035623,0.11698985564746575,0.6285283991653798,0.33805692653920794,0.7139589064827702,100
SimCLR,treated,in100.simclr.s0.e20f.ext,student,z.proj.out,class_6,class,0.6159471192343035,0.08763011439755329,0.1579827537978843,0.6493311679920143,0.7207416735517485,0.7139589064827702,100
SimCLR,treated,in100.simclr.s0.e20f.ext,student,z.proj.out,class_7,class,1.0746413003949178,0.02012628274835783,0.15179664600569992,0.157751425978827,1.0888468589852565,0.7139589064827702,100
SimCLR,treated,in100.simclr.s0.e20f.ext,student,z.proj.out,class_8,class,1.019555131870309,0.03514482368004031,0.22537053992632666,0.19483519686036396,1.0563093355854978,0.7139589064827702,100
SimCLR,treated,in100.simclr.s0.e20f.ext,student,z.proj.out,class_9,class,0.9760815799832678,0.0401738117400629,0.2189059664360024,0.22826354192473985,1.0436950958773594,0.7139589064827702,100
SimCLR,treated,in100.simclr.s0.e20f.ext,student,z.proj.out,class_10,class,0.6615871530820072,0.054611533583032425,0.24994008228706777,0.277337100251445,0.7024759913849391,0.7139589064827702,100
SimCLR,treated,in100.simclr.s0.e20f.ext,student,z.proj.out,class_11,class,1.27844910416734,0.03377310678198412,0.24536830917117994,0.176704317931446,1.355402400609056,0.7139589064827702,100
SimCLR,treated,in100.simclr.s0.e20f.ext,student,z.proj.out,class_12,class,0.7882940360937403,0.054091309070661696,0.14263756924712995,0.4428182346664805,0.8433405652150832,0.7139589064827702,100
SimCLR,treated,in100.simclr.s0.e20f.ext,student,z.proj.out,class_13,class,1.4512593936139369,0.011729372756302012,0.2312795011925328,0.06430662871160933,1.4662344106167067,0.7139589064827702,100
SimCLR,treated,in100.simclr.s0.e20f.ext,student,z.proj.out,class_14,class,0.8858205556520518,0.05291512283666907,0.21487602888970808,0.30369706101191174,0.9282341510289751,0.7139589064827702,100
SimCLR,treated,in100.simclr.s0.e20f.ext,student,z.proj.out,class_15,class,0.6661820767828792,0.06795345676096567,0.2241444410700085,0.37668795234255814,0.7291714400936558,0.7139589064827702,100
SimCLR,treated,in100.simclr.s0.e20f.ext,student,z.proj.out,class_16,class,0.7293829684259288,0.01964356543970558,0.22361063877820547,0.1106082795130522,0.737909161425793,0.7139589064827702,100
SimCLR,treated,in100.simclr.s0.e20f.ext,student,z.proj.out,class_17,class,0.721620705797485,0.025580609549097032,0.23392770740765512,0.13774410273871765,0.7328495757433733,0.7139589064827702,100
SimCLR,treated,in100.simclr.s0.e20f.ext,student,z.proj.out,class_18,class,0.760727494572401,0.034918854096498836,0.22526326280628406,0.19299979388189056,0.7882278717487771,0.7139589064827702,100
SimCLR,treated,in100.simclr.s0.e20f.ext,student,z.proj.out,class_19,class,0.7036367983055184,0.02550224781078939,0.23050714543247167,0.13867173224142437,0.7150727623288974,0.7139589064827702,100
SimCLR,treated,in100.simclr.s0.e20f.ext,student,z.proj.out,class_20,class,1.122079780660733,0.01493108342051953,0.19864407384277005,0.09229628720721188,1.1293885961758752,0.7139589064827702,100
SimCLR,treated,in100.simclr.s0.e20f.ext,student,z.proj.out,class_21,class,1.0443621184079703,0.011441242348025864,0.21791114174355136,0.06572547413938998,1.0486939474309165,0.7139589064827702,100
SimCLR,treated,in100.simclr.s0.e20f.ext,student,z.proj.out,class_22,class,0.8040458924405994,0.018112874040082345,0.23656711860603488,0.09777592343772304,0.8120981295050359,0.7139589064827702,100
SimCLR,treated,in100.simclr.s0.e20f.ext,student,z.proj.out,class_23,class,0.7904319403046047,0.029638369933388746,0.25795316033441623,0.14704881888126153,0.8148684634384256,0.7139589064827702,100
SimCLR,treated,in100.simclr.s0.e20f.ext,student,z.proj.out,class_24,class,0.7273951150750895,0.051701491848919284,0.2579316344127949,0.25550290133944065,0.7691793124405444,0.7139589064827702,100
SimCLR,treated,in100.simclr.s0.e20f.ext,student,z.proj.out,class_25,class,0.3735732223012066,0.11200707109752843,0.21154698328181354,0.6463452558715088,0.4588532394699313,0.7139589064827702,100
SimCLR,treated,in100.simclr.s0.e20f.ext,student,z.proj.out,class_26,class,0.6765358473071855,0.046799092395826906,0.23889806342463782,0.2460415005057356,0.6942213673449259,0.7139589064827702,100
SimCLR,treated,in100.simclr.s0.e20f.ext,student,z.proj.out,class_27,class,0.955834933202337,0.030529795877335352,0.23581582313133084,0.16230674837906106,0.9831401500205631,0.7139589064827702,100
SimCLR,treated,in100.simclr.s0.e20f.ext,student,z.proj.out,class_28,class,0.6637922536400346,0.018680276333805666,0.24968553229467547,0.09698161970944556,0.6684509556171289,0.7139589064827702,100
SimCLR,treated,in100.simclr.s0.e20f.ext,student,z.proj.out,class_29,class,1.080167497695089,0.009440024804281012,0.23680542644420008,0.05110318643824147,1.0857332170731642,0.7139589064827702,100
SimCLR,treated,in100.simclr.s0.e20f.ext,student,z.proj.out,class_30,class,0.6787685364657957,0.02088271758305425,0.2629468342445582,0.10277581269326531,0.6869361399804648,0.7139589064827702,100
SimCLR,treated,in100.simclr.s0.e20f.ext,student,z.proj.out,class_31,class,0.7807175119741591,0.028964733682743705,0.2654315355529055,0.14145094604024536,0.8003150929591076,0.7139589064827702,100
SimCLR,treated,in100.simclr.s0.e20f.ext,student,z.proj.out,class_32,class,0.8215306185002755,0.027950739227076554,0.18840862763043392,0.18033916540678047,0.8379812422714418,0.7139589064827702,100
SimCLR,treated,in100.simclr.s0.e20f.ext,student,z.proj.out,class_33,class,0.6445964766489066,0.08621579869773954,0.24559506459277622,0.4438060720627614,0.7471833434259675,0.7139589064827702,100
SimCLR,treated,in100.simclr.s0.e20f.ext,student,z.proj.out,class_34,class,0.788948065959216,0.026338804204555522,0.2248927532805931,0.14855463014026407,0.8031516197848103,0.7139589064827702,100
SimCLR,treated,in100.simclr.s0.e20f.ext,student,z.proj.out,class_35,class,0.44933648032514595,0.09834491519039261,0.24092839242620515,0.5102806315491999,0.542314866696469,0.7139589064827702,100
SimCLR,treated,in100.simclr.s0.e20f.ext,student,z.proj.out,class_36,class,0.5249347438927175,0.05445316677833452,0.2409232676761632,0.28707676007612976,0.5507079077273348,0.7139589064827702,100
SimCLR,treated,in100.simclr.s0.e20f.ext,student,z.proj.out,class_37,class,0.9559057456768832,0.04190523869363097,0.22127579858365837,0.23782483676681573,0.9940486961299961,0.7139589064827702,100
SimCLR,treated,in100.simclr.s0.e20f.ext,student,z.proj.out,class_38,class,0.8195104215660991,0.030944976798658538,0.2689597300672697,0.1502901324463766,0.8377739999059346,0.7139589064827702,100
SimCLR,treated,in100.simclr.s0.e20f.ext,student,z.proj.out,class_39,class,0.5244843906124074,0.07897973874660627,0.200399290590025,0.48003584853641235,0.5805128580604162,0.7139589064827702,100
SimCLR,treated,in100.simclr.s0.e20f.ext,student,z.proj.out,class_40,class,0.6376674771116997,0.021726514236544946,0.17133652323504675,0.15266954810290645,0.6500066612713287,0.7139589064827702,100
SimCLR,treated,in100.simclr.s0.e20f.ext,student,z.proj.out,class_41,class,0.8037259991632932,0.04564681347795747,0.237092170598435,0.24315401771829342,0.8431444516287047,0.7139589064827702,100
SimCLR,treated,in100.simclr.s0.e20f.ext,student,z.proj.out,class_42,class,0.604762358812578,0.054381431161235935,0.21913327960144344,0.3071850790769441,0.6267348478524061,0.7139589064827702,100
SimCLR,treated,in100.simclr.s0.e20f.ext,student,z.proj.out,class_43,class,0.7412610464069151,0.033806808998407885,0.21293962923335902,0.19597109535597054,0.7582977899558186,0.7139589064827702,100
SimCLR,treated,in100.simclr.s0.e20f.ext,student,z.proj.out,class_44,class,0.44902710129744156,0.07824902840582583,0.14168518573601438,0.6381211265131935,0.5244087703193833,0.7139589064827702,100
SimCLR,treated,in100.simclr.s0.e20f.ext,student,z.proj.out,class_45,class,0.8893205754224035,0.024632102996539465,0.22776488171771528,0.13593539421294923,0.9010429396000204,0.7139589064827702,100
SimCLR,treated,in100.simclr.s0.e20f.ext,student,z.proj.out,class_46,class,0.6901737848482825,0.08081622596348524,0.23168878351983782,0.4327011236871947,0.7509136011792961,0.7139589064827702,100
SimCLR,treated,in100.simclr.s0.e20f.ext,student,z.proj.out,class_47,class,0.6026082650490469,0.08846021402521183,0.21708105943288591,0.5047480553664069,0.6648033512601406,0.7139589064827702,100
SimCLR,treated,in100.simclr.s0.e20f.ext,student,z.proj.out,class_48,class,0.570328001132928,0.03433110435691798,0.24792818812497486,0.1757887087725833,0.58367207798905,0.7139589064827702,100
SimCLR,treated,in100.simclr.s0.e20f.ext,student,z.proj.out,class_49,class,0.8431169816330525,0.03947580258640369,0.24481261893677717,0.20548564320071433,0.8633867285920253,0.7139589064827702,100
SimCLR,treated,in100.simclr.s0.e20f.ext,student,z.proj.out,class_50,class,0.5674093397982739,0.08082019641117219,0.18557670227681605,0.5246492519898902,0.6243883464509828,0.7139589064827702,100
SimCLR,treated,in100.simclr.s0.e20f.ext,student,z.proj.out,class_51,class,0.8876803016967894,0.012446246355706188,0.24769811586882248,0.06446972708328456,0.8924555453309906,0.7139589064827702,100
SimCLR,treated,in100.simclr.s0.e20f.ext,student,z.proj.out,class_52,class,0.7362784686775,0.05071553416891898,0.2225962634615997,0.28393224883811674,0.7961067392424346,0.7139589064827702,100
SimCLR,treated,in100.simclr.s0.e20f.ext,student,z.proj.out,class_53,class,0.7604124599403119,0.035676316533852497,0.23163617296703426,0.1943836750922037,0.7920019922106628,0.7139589064827702,100
SimCLR,treated,in100.simclr.s0.e20f.ext,student,z.proj.out,class_54,class,0.49154612517618096,0.055949871871054574,0.12564842830438117,0.5097514121309293,0.5366482893806619,0.7139589064827702,100
SimCLR,treated,in100.simclr.s0.e20f.ext,student,z.proj.out,class_55,class,0.8091624125147169,0.03608686404190295,0.2980898295611762,0.16023628362859516,0.8696284594312871,0.7139589064827702,100
SimCLR,treated,in100.simclr.s0.e20f.ext,student,z.proj.out,class_56,class,0.6613651675090411,0.040356126340422134,0.2696186551619616,0.1942700113303084,0.7061025659154868,0.7139589064827702,100
SimCLR,treated,in100.simclr.s0.e20f.ext,student,z.proj.out,class_57,class,1.0801216278181969,0.012816159745641997,0.22184027971911932,0.07256699973754582,1.0943410195152847,0.7139589064827702,100
SimCLR,treated,in100.simclr.s0.e20f.ext,student,z.proj.out,class_58,class,0.5893781577607551,0.04632933151292996,0.21360840795366726,0.27114798627654374,0.605156867610145,0.7139589064827702,100
SimCLR,treated,in100.simclr.s0.e20f.ext,student,z.proj.out,class_59,class,1.188117096712204,0.019216000270069485,0.272543630859974,0.0930675369060167,1.1997320764819905,0.7139589064827702,100
SimCLR,treated,in100.simclr.s0.e20f.ext,student,z.proj.out,class_60,class,0.513450378522662,0.10013683467599538,0.27366663174342537,0.47359340437637326,0.5924729490504205,0.7139589064827702,100
SimCLR,treated,in100.simclr.s0.e20f.ext,student,z.proj.out,class_61,class,1.0517812148214256,0.026380400203531672,0.26952804713828055,0.127514331170501,1.0802991597301517,0.7139589064827702,100
SimCLR,treated,in100.simclr.s0.e20f.ext,student,z.proj.out,class_62,class,0.493067277733193,0.07814335294581215,0.22016038780888053,0.43872924737434005,0.5468698074195306,0.7139589064827702,100
SimCLR,treated,in100.simclr.s0.e20f.ext,student,z.proj.out,class_63,class,1.0772664583600935,0.04014642690546264,0.27738714885716287,0.18958477338174204,1.110913031809721,0.7139589064827702,100
SimCLR,treated,in100.simclr.s0.e20f.ext,student,z.proj.out,class_64,class,1.277605689712682,0.01982654603096296,0.2098515938977128,0.11729547980367447,1.3187521069576817,0.7139589064827702,100
SimCLR,treated,in100.simclr.s0.e20f.ext,student,z.proj.out,class_65,class,0.8028660418072262,0.028064872096000688,0.24103134447253532,0.1468917222347862,0.8419580445051484,0.7139589064827702,100
SimCLR,treated,in100.simclr.s0.e20f.ext,student,z.proj.out,class_66,class,0.8013321403101581,0.05010038204437041,0.22368028116835936,0.27798493155925663,0.8811876315490217,0.7139589064827702,100
SimCLR,treated,in100.simclr.s0.e20f.ext,student,z.proj.out,class_67,class,0.728594359225745,0.024093847742534296,0.1875987608453091,0.15834413224043056,0.7482013640089621,0.7139589064827702,100
SimCLR,treated,in100.simclr.s0.e20f.ext,student,z.proj.out,class_68,class,0.6925338806921293,0.053066881128695106,0.25653111266104367,0.26460543957956606,0.7306861557254675,0.7139589064827702,100
SimCLR,treated,in100.simclr.s0.e20f.ext,student,z.proj.out,class_69,class,0.5806575056107968,0.06858863035011091,0.21859585386712152,0.3865479052361807,0.6219116933008323,0.7139589064827702,100
SimCLR,treated,in100.simclr.s0.e20f.ext,student,z.proj.out,class_70,class,1.0206572974421577,0.01365360431009859,0.2429065450776097,0.0724271265810007,1.029451901426436,0.7139589064827702,100
SimCLR,treated,in100.simclr.s0.e20f.ext,student,z.proj.out,class_71,class,0.5357114652007322,0.07236868296066552,0.17085042474284334,0.5010026240570491,0.6325182961031134,0.7139589064827702,100
SimCLR,treated,in100.simclr.s0.e20f.ext,student,z.proj.out,class_72,class,1.007036510690625,0.03264156830132194,0.25151563372642294,0.16623501250761108,1.0429833133139994,0.7139589064827702,100
SimCLR,treated,in100.simclr.s0.e20f.ext,student,z.proj.out,class_73,class,0.6473081109444082,0.02355863767285898,0.20466730046827125,0.14331443647798175,0.6542833720448048,0.7139589064827702,100
SimCLR,treated,in100.simclr.s0.e20f.ext,student,z.proj.out,class_74,class,0.5226102606417581,0.07799040755394937,0.1585913805866172,0.5779304395113709,0.5689989648724376,0.7139589064827702,100
SimCLR,treated,in100.simclr.s0.e20f.ext,student,z.proj.out,class_75,class,0.30546234198694355,0.08974407482979702,0.15279123719890847,0.6833274424885776,0.3743308425797255,0.7139589064827702,100
SimCLR,treated,in100.simclr.s0.e20f.ext,student,z.proj.out,class_76,class,0.8152823350923794,0.017302595281562815,0.23686324521425803,0.09324927664745272,0.8279122850713807,0.7139589064827702,100
SimCLR,treated,in100.simclr.s0.e20f.ext,student,z.proj.out,class_77,class,0.9511310301695386,0.018233201587568332,0.2584969986717128,0.09112741205021992,0.9597457027744576,0.7139589064827702,100
SimCLR,treated,in100.simclr.s0.e20f.ext,student,z.proj.out,class_78,class,0.6870047700817425,0.03689740994558388,0.24151488393646475,0.19329255784870839,0.706266463832365,0.7139589064827702,100
SimCLR,treated,in100.simclr.s0.e20f.ext,student,z.proj.out,class_79,class,0.4594118255484169,0.08521896163860694,0.2240869866586845,0.4693716803576375,0.5171678831837575,0.7139589064827702,100
SimCLR,treated,in100.simclr.s0.e20f.ext,student,z.proj.out,class_80,class,0.691665708864622,0.013505766291381137,0.27896162326169266,0.06415482798960097,0.6977483188269865,0.7139589064827702,100
SimCLR,treated,in100.simclr.s0.e20f.ext,student,z.proj.out,class_81,class,1.2132807593107964,0.025328459620377452,0.2816159232503671,0.11761439692969151,1.255132321236391,0.7139589064827702,100
SimCLR,treated,in100.simclr.s0.e20f.ext,student,z.proj.out,class_82,class,0.8589160903768593,0.04029079690208215,0.2778453391658535,0.18888680686099546,0.8962038162836423,0.7139589064827702,100
SimCLR,treated,in100.simclr.s0.e20f.ext,student,z.proj.out,class_83,class,0.4899241020123691,0.06946146362414574,0.17336454277132987,0.48199321503596665,0.5415115358774198,0.7139589064827702,100
SimCLR,treated,in100.simclr.s0.e20f.ext,student,z.proj.out,class_84,class,1.1334017951954525,0.016264036703152594,0.24969339513401376,0.08363600200293551,1.1475168815888903,0.7139589064827702,100
SimCLR,treated,in100.simclr.s0.e20f.ext,student,z.proj.out,class_85,class,0.3345443193491716,0.07357731347750883,0.1445803500860762,0.5887212975666531,0.3951618847112604,0.7139589064827702,100
SimCLR,treated,in100.simclr.s0.e20f.ext,student,z.proj.out,class_86,class,0.5984919288536058,0.051369214752495965,0.23362864094093766,0.2775854087977402,0.6289548637349053,0.7139589064827702,100
SimCLR,treated,in100.simclr.s0.e20f.ext,student,z.proj.out,class_87,class,0.45400944068839333,0.08314597277608775,0.17980776804186854,0.5524170423498603,0.5164982163686127,0.7139589064827702,100
SimCLR,treated,in100.simclr.s0.e20f.ext,student,z.proj.out,class_88,class,0.9852618247673485,0.031651839511617944,0.2791459072893595,0.1487661479147575,1.0029104283597234,0.7139589064827702,100
SimCLR,treated,in100.simclr.s0.e20f.ext,student,z.proj.out,class_89,class,0.8912643810838157,0.03314643554749762,0.28017279001981665,0.15463186803840004,0.9007420551227638,0.7139589064827702,100
SimCLR,treated,in100.simclr.s0.e20f.ext,student,z.proj.out,class_90,class,0.8674025439436035,0.020376911863024923,0.25071531841877076,0.10495139833664123,0.8760515201336326,0.7139589064827702,100
SimCLR,treated,in100.simclr.s0.e20f.ext,student,z.proj.out,class_91,class,0.4698437572136803,0.05120728049432955,0.13676901339476114,0.4316094311453947,0.5143223158386024,0.7139589064827702,100
SimCLR,treated,in100.simclr.s0.e20f.ext,student,z.proj.out,class_92,class,0.396340006843237,0.05707567181551317,0.08798034354204959,0.7130102120664396,0.4380439498102636,0.7139589064827702,100
SimCLR,treated,in100.simclr.s0.e20f.ext,student,z.proj.out,class_93,class,0.5468618013776726,0.063604425078813,0.12220784582995187,0.5917062078453386,0.609622113324581,0.7139589064827702,100
SimCLR,treated,in100.simclr.s0.e20f.ext,student,z.proj.out,class_94,class,0.652329917196049,0.06912471536516597,0.12605571915060307,0.6259870499611473,0.7485944867964717,0.7139589064827702,100
SimCLR,treated,in100.simclr.s0.e20f.ext,student,z.proj.out,class_95,class,0.43582373499767274,0.10397828005762018,0.2047930305760076,0.6150584042652473,0.526519319060166,0.7139589064827702,100
SimCLR,treated,in100.simclr.s0.e20f.ext,student,z.proj.out,class_96,class,0.27092020244948506,0.0789265412290314,0.11293338128236485,0.7840909359705591,0.3537383740943003,0.7139589064827702,100
SimCLR,treated,in100.simclr.s0.e20f.ext,student,z.proj.out,class_97,class,0.556272538700285,0.08452155429213437,0.27875292367897386,0.39311293651297513,0.6375998103622852,0.7139589064827702,100
SimCLR,treated,in100.simclr.s0.e20f.ext,student,z.proj.out,class_98,class,0.2411503922049792,0.09273758905816046,0.15289005518864518,0.7084561173034216,0.30316024676963704,0.7139589064827702,100
SimCLR,treated,in100.simclr.s0.e20f.ext,student,z.proj.out,class_99,class,0.7022205855379583,0.08645529212809859,0.24254464926738278,0.45142670577276417,0.7940201060237222,0.7139589064827702,100
